input_dim 72
hidden 64
M 64
branch_onehot 1
direction_largest 1
mean 72
1.0 0.1335172951221466 0.0 0.1335172951221466 0.1335172951221466 0.41934043169021606 1.0791301727294922 1.8212963342666626 0.015625 0.015625 0.015625 0.015625 0.015625 0.015625 0.015625 0.015625 0.015625 0.015625 0.015625 0.015625 0.015625 0.015625 0.015625 0.015625 0.015625 0.015625 0.015625 0.015625 0.015625 0.015625 0.015625 0.015625 0.015625 0.015625 0.015625 0.015625 0.015625 0.015625 0.015625 0.015625 0.015625 0.015625 0.015625 0.015625 0.015625 0.015625 0.015625 0.015625 0.015625 0.015625 0.015625 0.015625 0.015625 0.015625 0.015625 0.015625 0.015625 0.015625 0.015625 0.015625 0.015625 0.015625 0.015625 0.015625 0.015625 0.015625 0.015625 0.015625 0.015625 0.015625 0.015625 0.015625
std 72
1.0 0.11242315918207169 1.0 0.11242315918207169 0.11242315918207169 0.3304162323474884 0.34137678146362305 0.5519547462463379 0.12346067279577255 0.12346068024635315 0.12346068024635315 0.12346068024635315 0.12346068024635315 0.12346068769693375 0.12346068769693375 0.12346068769693375 0.12346068769693375 0.12346069514751434 0.12346069514751434 0.12346069514751434 0.12346069514751434 0.12346070259809494 0.12346070259809494 0.12346070259809494 0.12346070259809494 0.12346071004867554 0.12346071004867554 0.12346071004867554 0.12346071004867554 0.12346071004867554 0.12346071004867554 0.12346071004867554 0.12346071004867554 0.12346071749925613 0.12346071749925613 0.12346071749925613 0.12346071749925613 0.12346072494983673 0.12346072494983673 0.12346072494983673 0.12346072494983673 0.12346073240041733 0.12346073240041733 0.12346073240041733 0.12346073240041733 0.12346073985099792 0.12346073985099792 0.12346073985099792 0.12346073985099792 0.12346074730157852 0.12346074730157852 0.12346074730157852 0.12346074730157852 0.12346075475215912 0.12346075475215912 0.12346075475215912 0.12346075475215912 0.12346076220273972 0.12346076220273972 0.12346076220273972 0.12346076220273972 0.12346076965332031 0.12346076965332031 0.12346076965332031 0.12346076965332031 0.12346077710390091 0.12346077710390091 0.12346077710390091 0.12346077710390091 0.12346077710390091 0.12346077710390091 0.12346077710390091
W1 4608
5.5066349311094466e-39 -0.029307320713996887 1.8828728984700767e-39 -0.040179189294576645 -0.039997413754463196 -0.1017816886305809 0.020999843254685402 0.0003779541002586484 0.07833300530910492 0.07202301919460297 0.06266259402036667 -0.033716168254613876 0.038783878087997437 -0.04037890210747719 0.04066453501582146 -0.03838571533560753 -0.03503398224711418 -0.040566183626651764 0.051510438323020935 -0.041033413261175156 -0.035747867077589035 -0.041227586567401886 0.033367276191711426 -0.02656063623726368 0.0677105262875557 -0.0337885320186615 -0.04198339954018593 0.05350963771343231 0.057814206928014755 0.04777655750513077 -0.037146762013435364 0.04845469444990158 0.0725197046995163 0.006054543424397707 -0.029777254909276962 0.08851759135723114 -0.031026894226670265 -0.03673800826072693 -0.038993947207927704 0.04553964361548424 0.08019071072340012 -0.037923663854599 0.09430394321680069 0.08224482834339142 0.061393819749355316 -0.03362008556723595 -0.043657466769218445 0.04896354675292969 0.08463271707296371 -0.035459328442811966 0.041706282645463943 -0.03296899050474167 0.03873954340815544 0.02946879342198372 -0.03865816071629524 -0.03750200569629669 0.04086332768201828 0.05223681032657623 0.06530789285898209 0.011268286034464836 0.08215955644845963 -0.041037481278181076 0.08427129685878754 -0.03920663893222809 -0.0408165268599987 -0.0420709028840065 0.03515058010816574 0.05850595980882645 0.046021975576877594 -0.032057035714387894 0.03495541587471962 -0.015257096849381924 4.334440357910951e-40 0.019494667649269104 -6.316726974634088e-39 -0.03857056796550751 0.025391042232513428 -0.05455520749092102 0.04962100088596344 -0.0071333847008645535 -0.03220182657241821 0.07572483271360397 0.022137485444545746 -0.029191957786679268 0.09762654453516006 0.08077137172222137 0.02109997719526291 0.04577192664146423 0.028886424377560616 0.04170693829655647 -0.031180620193481445 -0.02918458916246891 -0.026758898049592972 0.05143515765666962 -0.028694169595837593 0.07591934502124786 -0.029484113678336143 -0.018043391406536102 0.029498223215341568 0.07226377725601196 -0.03085360862314701 -0.024126514792442322 -0.02660517953336239 -0.028557751327753067 -0.026165401563048363 0.065592460334301 0.06351124495267868 -0.028294764459133148 0.021976053714752197 -0.03050033375620842 0.05227239057421684 -0.028449341654777527 -0.030352160334587097 0.062296390533447266 -0.03220362216234207 0.030471719801425934 0.08845660835504532 -0.03047168254852295 0.04045410081744194 -0.02644464559853077 0.07284623384475708 -0.029434138908982277 -0.02808920480310917 -0.031314995139837265 0.06805726140737534 0.07776789367198944 0.037888817489147186 0.07827629148960114 -0.03278697654604912 -0.029032524675130844 0.08610270172357559 0.02954355999827385 0.07241570949554443 0.06755446642637253 -0.03069993667304516 -0.027766630053520203 0.030119355767965317 -0.03245769068598747 0.03196924924850464 -0.036020223051309586 0.0457986481487751 0.054559849202632904 0.07707037776708603 -0.030817436054348946 1.8736523545748194e-39 -0.00427259411662817 2.5103981728686233e-40 -0.024939795956015587 -0.006498051807284355 -0.13122107088565826 0.06938545405864716 0.10898374021053314 -0.0032696856651455164 -0.04959937557578087 0.03951047360897064 -0.03562135621905327 -0.033998988568782806 -0.014326289296150208 -0.062249358743429184 0.09943679720163345 0.04847261309623718 -0.019861392676830292 0.005970766302198172 -0.04287828132510185 0.010481198318302631 -0.021242035552859306 0.07594415545463562 -0.008943259716033936 0.044509366154670715 0.023989681154489517 -0.04474566504359245 0.07534056156873703 -0.011994097381830215 -0.009875178337097168 -0.03519432991743088 -0.021229475736618042 0.07378166913986206 0.05463572219014168 0.09887360036373138 0.011161149479448795 -0.0245140939950943 0.030375823378562927 -0.046896982938051224 0.011336307972669601 -0.03471165522933006 0.08428919315338135 -0.012592396698892117 -0.030184529721736908 0.06853476911783218 0.0332069955766201 0.026956485584378242 -0.004738595802336931 -0.03775334358215332 0.04685704782605171 -0.059116702526807785 -0.0038836151361465454 -0.016742242500185966 0.049127060920000076 0.015114585869014263 0.04219380021095276 -0.049358271062374115 0.03984220325946808 0.019001837819814682 0.050234124064445496 -0.05323909968137741 0.06197597086429596 -0.05980220064520836 -0.05976475775241852 -0.052883800119161606 0.05457860976457596 -0.015157545916736126 0.09558936953544617 0.10722335427999496 -0.045203499495983124 -0.042038701474666595 -0.045205216854810715 1.284821134671674e-39 -0.07001031190156937 -2.4458207344386784e-39 0.03247522562742233 -0.023300258442759514 0.016442865133285522 0.04643090441823006 0.019481251016259193 0.07285529375076294 0.056211087852716446 0.054625824093818665 -0.05272491276264191 0.11107269674539566 -0.0475604310631752 0.10701970756053925 0.0003712225297931582 -0.053449392318725586 0.06877768784761429 0.04284455627202988 0.05369456484913826 0.08742783218622208 -0.056874100118875504 0.09288226068019867 -0.0527869313955307 -0.049073051661252975 -0.03655257821083069 0.05228711664676666 0.06421986222267151 -0.04265407845377922 0.08986639976501465 -0.043534960597753525 0.10848118364810944 -0.05306470766663551 0.04742269963026047 -0.04928278923034668 0.05648370832204819 0.050287876278162 -0.047050509601831436 -0.05289578065276146 -0.03817643225193024 -0.05406302958726883 -0.04906770586967468 -0.05581054836511612 -0.0467459075152874 0.1041213870048523 0.1150563582777977 -0.01913430355489254 0.09592708945274353 0.054443277418613434 -0.029439708217978477 0.05619071051478386 0.07457391917705536 0.0899079293012619 0.10275371372699738 -0.04529539868235588 -0.04625208303332329 0.060049671679735184 0.09199117869138718 -0.04530847445130348 -0.0519251748919487 0.0888427123427391 -0.0451539009809494 -0.052595753222703934 -0.04615827649831772 -0.05595802515745163 -0.05574004352092743 0.11061372607946396 -0.05740027874708176 0.10429506748914719 0.08186573535203934 -0.04605503007769585 0.11257929354906082 -6.141724414618419e-39 -0.04179628938436508 1.0402735331700285e-39 0.027081234380602837 0.007621105760335922 0.09466478228569031 -0.039195265620946884 -0.04931862652301788 0.08381538838148117 -0.022910766303539276 -0.034415435045957565 -0.027305368334054947 0.04728884622454643 -0.03346613049507141 0.062077198177576065 0.064596027135849 -0.015616687014698982 0.0782041996717453 0.0371876135468483 0.11124558746814728 -0.025931045413017273 0.038302432745695114 -0.012789796106517315 0.05721824988722801 0.051773909479379654 0.06898821890354156 0.0062381550669670105 0.10191529244184494 -0.0318334735929966 -0.03254213184118271 0.04603186994791031 -0.02812933549284935 0.07526959478855133 0.05335265398025513 -0.03011593595147133 0.051173221319913864 -0.03295055404305458 -0.03159565478563309 -0.030982712283730507 0.023557089269161224 0.033698372542858124 0.06730145215988159 -0.02983434684574604 -0.028820034116506577 -0.03321573883295059 0.028838040307164192 -0.036885857582092285 -0.031933072954416275 -0.028134679421782494 0.03977463021874428 -0.034716155380010605 0.05953497067093849 -0.02758074179291725 0.08724755793809891 -0.030523113906383514 0.09115362167358398 -0.027340389788150787 -0.031200122088193893 -0.024737050756812096 -0.015588805079460144 0.01991966739296913 0.05358411371707916 -0.02982396073639393 0.05912019684910774 -0.0082411989569664 -0.029391150921583176 0.05262589827179909 -0.030694030225276947 -0.03161009028553963 0.08171435445547104 -0.028130002319812775 0.09734149277210236 -8.353728691195251e-40 -0.011527247726917267 3.500813506677975e-39 -0.000652752467431128 0.009032927453517914 0.005096984561532736 -0.012938778847455978 0.001632916391827166 0.00024318064970429987 0.019356029108166695 0.00024118258443195373 0.00024070996732916683 0.013151407241821289 0.015283012762665749 0.011219954118132591 0.002292060758918524 -0.00015698610513936728 0.0002705329388845712 0.0002762674121186137 0.010835391469299793 0.000261418434092775 0.0002350122667849064 0.000257661595242098 0.0002485298609826714 0.015919530764222145 0.00023044196132104844 0.003899065311998129 0.010543913580477238 0.00026532390620559454 0.01644083857536316 0.000314762961352244 0.00026831545983441174 0.019253792241215706 0.0002834532642737031 0.02543591894209385 0.0002687762607820332 0.017241163179278374 0.00025382277090102434 0.000264952948782593 0.023468729108572006 0.001450365991331637 0.0002431258762953803 0.012671731412410736 0.00026962070842273533 0.012673093006014824 0.011769267730414867 0.019206171855330467 0.00025086855748668313 0.0002791067527141422 0.016824642196297646 0.00023818807676434517 -7.87448589107953e-05 0.022401120513677597 0.0002742147189565003 0.016320062801241875 0.00023967128072399646 0.00024346796271856874 0.015285367146134377 0.00023939984384924173 0.002544043818488717 0.01504294853657484 0.006846318021416664 0.00024197342281695455 0.00023841101210564375 0.018448079004883766 0.0002563905145507306 0.01567072793841362 0.0111283790320158 0.00013168399163987488 0.0002648089430294931 0.00028254883363842964 0.00028067355742678046 -6.367693601080046e-39 -0.007763586938381195 6.934138797755909e-38 0.031305134296417236 -0.04059755802154541 -0.07520739734172821 -0.07346826791763306 -0.022281257435679436 -0.04203278198838234 0.09364031255245209 0.05659088119864464 -0.03329072520136833 -0.023477252572774887 0.038982488214969635 0.07464665174484253 -0.04457747936248779 -0.05200193077325821 0.04718242958188057 0.06370211392641068 -0.017591461539268494 0.027537375688552856 -0.048147182911634445 0.027064235880970955 -0.03816968947649002 -0.04915237054228783 -0.024825945496559143 0.059827983379364014 -0.02756546251475811 -0.0428851880133152 -0.03145086392760277 0.05200626328587532 0.08227361738681793 0.1028561145067215 -0.028439566493034363 0.10788276791572571 0.06801152229309082 0.07009035348892212 0.049099940806627274 0.05606374889612198 -0.03682373836636543 -0.039231352508068085 -0.040564779192209244 -0.049777112901210785 0.06149918958544731 -0.04073391854763031 0.08406399935483932 -0.04783116281032562 -0.04953891783952713 -0.04828156903386116 -0.04593248292803764 -0.03594403341412544 0.080452561378479 0.1045868992805481 0.07310271263122559 0.07738390564918518 0.07319678366184235 0.07612424343824387 -0.004586298484355211 0.07446517050266266 -0.04856294021010399 -0.004865203984081745 -0.014092555269598961 -0.02566649578511715 -0.048803575336933136 -0.046577733010053635 0.07293939590454102 0.06422178447246552 0.07809222489595413 0.04298023506999016 -0.0022862297482788563 0.08281368017196655 0.07708100974559784 -4.7773109284715593e-39 0.025675134733319283 3.80259153876111e-39 -0.04368109256029129 -0.04154496267437935 0.005334225483238697 -0.008043764159083366 0.14218838512897491 -0.05405561625957489 0.04885195568203926 -0.008106612600386143 -0.054914332926273346 -0.046468447893857956 0.06522105634212494 0.046539027243852615 -0.002206133445724845 -0.05297549068927765 0.047130029648542404 -0.026417698711156845 0.06046908348798752 -0.019195856526494026 0.0778127983212471 -0.022231802344322205 0.03798864781856537 -0.00156145088840276 0.008008886128664017 0.05015454813838005 0.08146478235721588 0.01175747998058796 -0.03351350873708725 -0.013882751576602459 -0.05476222559809685 -0.03950318694114685 -0.004876285791397095 -0.04701633378863335 0.05442950874567032 0.040514297783374786 0.009955257177352905 -0.04692676290869713 0.0753064975142479 0.059104014188051224 0.015059205703437328 -0.011140067130327225 0.02324940450489521 0.021575000137090683 -0.0372755229473114 -0.04256445914506912 -0.04593602195382118 0.04784352704882622 0.0239434614777565 0.08013199269771576 -0.007016823627054691 -0.023408424109220505 -0.011586637236177921 -0.0223846435546875 -0.03782815486192703 0.04854218289256096 0.0298403762280941 -0.04864613339304924 0.0661022737622261 -0.05230862274765968 0.0881255716085434 0.01962253823876381 -0.031664423644542694 0.050428356975317 -0.053139567375183105 0.04037441685795784 -0.017861414700746536 0.0042069596238434315 0.07604803144931793 0.00759111950173974 -0.036189161241054535 4.1239218883169696e-39 0.025410141795873642 3.308775361231509e-39 0.017513945698738098 -0.03221429884433746 0.14142334461212158 0.023618808016180992 -0.06400549411773682 -0.07433543354272842 0.05602726712822914 -0.06642300635576248 0.08469757437705994 -0.05936577916145325 -0.07428216189146042 -0.07635078579187393 -0.01633610762655735 0.051530517637729645 -0.05190259963274002 0.08649523556232452 -0.07300098240375519 0.0565110519528389 0.11527630686759949 0.07969944924116135 -0.029719660058617592 0.03560563176870346 0.07230673730373383 0.0674334317445755 -0.05638467147946358 0.07898653298616409 0.0763096809387207 0.06405292451381683 -0.07457976788282394 0.041646335273981094 0.10040290653705597 -0.025959424674510956 -0.07608065009117126 -0.012874508276581764 -0.07109524309635162 -0.0074824257753789425 0.07988807559013367 -0.06380043923854828 0.08968915045261383 -0.07393325120210648 0.05487069487571716 0.06731178611516953 0.04122745245695114 -0.07649429142475128 0.07584003359079361 -0.03634324297308922 0.031289972364902496 -0.07989079505205154 -0.03500382602214813 -0.07310190796852112 -0.07970936596393585 -0.08258739113807678 0.035031259059906006 0.04575065150856972 0.043698351830244064 -0.06502754986286163 0.1185816302895546 0.03329166769981384 -0.07811439782381058 0.0478743277490139 0.08587130904197693 0.1060229018330574 -0.06585972756147385 -0.026167307049036026 0.026765789836645126 -0.045627471059560776 0.029760664328932762 -0.05776805803179741 0.03789382800459862 -9.40921472049399e-40 -0.04593737795948982 3.5508622826298e-40 -0.050973981618881226 0.030659141018986702 0.02104007825255394 -0.04471111297607422 -0.02574075199663639 0.03260365128517151 -0.03300272300839424 -0.03244926780462265 -0.03496815636754036 -0.03339218720793724 -0.028788670897483826 0.09923840314149857 0.07149053364992142 0.03770427033305168 0.01624974049627781 -0.03350643441081047 0.020203279331326485 0.050399377942085266 -0.035149939358234406 -0.031932227313518524 0.09750130027532578 -0.03349795192480087 -0.03243011236190796 -0.035437777638435364 -0.0317983515560627 -0.03593635931611061 0.030490625649690628 0.04720279946923256 -0.034157734364271164 -0.034632403403520584 -0.030219215899705887 0.06631950289011002 -0.0196132343262434 0.02368421107530594 0.09048625081777573 0.09626507014036179 -0.035265736281871796 -0.03518785163760185 -0.03540877252817154 0.05409009009599686 -0.03303122520446777 -0.03595290333032608 -0.035104282200336456 0.08269522339105606 0.062222812324762344 -0.03536788746714592 0.05536741390824318 0.09116235375404358 0.03795284777879715 -0.03538228198885918 -0.03668589144945145 0.06084687262773514 0.07410823553800583 0.07727411389350891 0.05774945020675659 0.03781600669026375 -0.03516411781311035 0.05587288364768028 0.048144035041332245 0.042174920439720154 0.0400669127702713 0.047375135123729706 0.07921163737773895 0.07412006705999374 -0.03369315713644028 0.07161744683980942 -0.013301510363817215 -0.033846959471702576 -0.030716679990291595 1.595605311985025e-39 -0.048583339899778366 2.318703345545917e-39 0.0004206777084618807 -0.015171832405030727 -0.0446104072034359 -0.09494981169700623 -0.039876360446214676 -0.041120659559965134 -0.05011630058288574 -0.04452917352318764 0.09241640567779541 0.06104726344347 -0.030635889619588852 0.07169163227081299 0.07888283580541611 0.06418590992689133 0.06755620241165161 -0.05179125443100929 0.062248047441244125 -0.026996944099664688 -0.0023805084638297558 -0.049530260264873505 -0.050444066524505615 0.0040674819611012936 0.09703462570905685 0.08795485645532608 -0.03465226665139198 0.022343985736370087 0.08539135009050369 0.08128167688846588 -0.04005398228764534 0.06423038989305496 0.06263232976198196 0.0724017322063446 0.009819233790040016 -0.04851513355970383 0.07771776616573334 -0.0558398962020874 -0.024400657042860985 -0.01466099638491869 0.08878407627344131 -0.05441889539361 -0.05029301345348358 -0.048122674226760864 -0.04857811704277992 0.044703543186187744 0.05397346615791321 0.05025281757116318 0.08244477957487106 0.06841222196817398 0.060210514813661575 -0.04288021847605705 -0.05850846320390701 -0.028751693665981293 0.022290538996458054 -0.05123203620314598 0.05995669588446617 -0.05991169810295105 -0.057380955666303635 -0.040213387459516525 -0.03483142703771591 0.0862705186009407 -0.04456287622451782 0.0881282314658165 0.07464122027158737 -0.059343572705984116 0.07682143896818161 0.04856448620557785 -0.03874452784657478 -0.05073162913322449 0.10141650587320328 1.6712249823138493e-39 -0.009066709317266941 2.7006720835485042e-39 0.011611416935920715 -0.016041388735175133 0.019802328199148178 0.027210699394345284 0.022975539788603783 0.0641123428940773 -0.010385459288954735 -0.013494811952114105 -0.015751702710986137 -0.014920355752110481 0.06284523755311966 -0.011607994325459003 0.034245919436216354 0.017095617949962616 0.05759936571121216 -0.01425976399332285 -0.016932779923081398 0.04521434009075165 0.030784381553530693 0.0013076498871669173 0.06507701426744461 0.03557265177369118 -0.01204099040478468 0.03352225944399834 0.007849277928471565 -0.014310021884739399 -0.01598668098449707 0.0507972314953804 -0.017896369099617004 0.044813189655542374 -0.005814290139824152 -0.0030065150931477547 -0.009463523514568806 -0.016663480550050735 0.03017488121986389 0.03896094113588333 0.029050689190626144 0.038897350430488586 -0.013499931432306767 -0.0035647524055093527 0.03766489401459694 0.0002595165860839188 -0.009471905417740345 -0.009627534076571465 -0.013959859497845173 -0.007891655899584293 0.012105988338589668 0.020247237756848335 0.03562231734395027 -0.016328424215316772 0.014181653037667274 -0.009739936329424381 -0.011483491398394108 0.027946077287197113 0.04822153598070145 0.03445779159665108 0.030516566708683968 -0.0078067178837955 -0.01227171253412962 0.08381259441375732 -0.011529052630066872 -0.01909484900534153 -0.01580401137471199 -0.012353796511888504 0.03417398780584335 0.008585073053836823 -0.0076608057133853436 -0.015919862315058708 0.027037929743528366 5.438404307583007e-39 0.0010968876304104924 -6.8037384468209276e-40 -0.05259185656905174 0.04224356636404991 0.016178490594029427 0.035154446959495544 0.08265408128499985 -0.02984241396188736 0.0835556909441948 0.05393874645233154 0.09065462648868561 0.08493239432573318 0.03285159543156624 -0.023246077820658684 0.008785049431025982 0.06531822681427002 -0.030468681827187538 -0.0201791413128376 0.050402604043483734 0.08621179312467575 -0.018071865662932396 0.059206750243902206 0.10958318412303925 0.07536587119102478 -0.02368578314781189 0.0567818284034729 0.11038405448198318 0.02422122284770012 -0.018927965313196182 0.07056485116481781 -0.02732708677649498 -0.01991678960621357 -0.02458130195736885 0.06597863137722015 0.06458636373281479 -0.02713601104915142 0.010515101253986359 -0.02820758707821369 0.026018274948000908 0.0055396296083927155 -0.02772885002195835 -0.0038219369016587734 -0.023747868835926056 0.08748865872621536 0.010467279702425003 -0.011671570129692554 0.05223239213228226 -0.027901723980903625 -0.021891113370656967 -0.022560052573680878 -0.016830001026391983 0.08897627145051956 0.057952962815761566 0.03181033581495285 0.037161074578762054 -0.024895548820495605 -0.02921140380203724 -0.020592933520674706 0.03629465028643608 0.06331049650907516 -0.009484851732850075 -0.022997453808784485 -0.03247132524847984 -0.035493843257427216 0.03601813688874245 0.03423508256673813 0.07059615850448608 -0.029788460582494736 -0.008911878801882267 -0.023107612505555153 -0.020922444760799408 2.949434790830839e-39 -0.04522189870476723 -4.1882022514724776e-39 0.02799312397837639 0.004550578072667122 0.022699272260069847 0.06542552262544632 0.024150054901838303 0.06544583290815353 -0.022215967997908592 0.0008525095763616264 -0.030843567103147507 -0.02419157698750496 -0.019740089774131775 -0.02128291130065918 -0.004212564788758755 0.05267888680100441 -0.025540543720126152 -0.022883543744683266 0.04828663915395737 0.040560316294431686 0.056553617119789124 0.029004022479057312 -0.013216381892561913 0.0347745381295681 0.016756566241383553 0.07212419807910919 0.008300453424453735 0.03431463614106178 0.048517875373363495 0.015814397484064102 -0.029710058122873306 0.035301029682159424 -0.02019016072154045 0.05284537747502327 -0.020808173343539238 -0.02782270312309265 -0.021747995167970657 0.07218623906373978 -0.02402772195637226 0.060749348253011703 -0.02472621761262417 0.07930050045251846 -0.024840986356139183 0.003621970769017935 -0.00015613119467161596 0.0682540014386177 0.04220215976238251 -0.016894349828362465 -0.024950357154011726 -0.024401830509305 0.0210711769759655 0.0280156210064888 0.027674000710248947 0.047533661127090454 -0.023076508194208145 0.02745290845632553 0.03627319261431694 0.0378173403441906 0.08977063745260239 -0.024004364386200905 -0.020852837711572647 0.039890263229608536 0.038598041981458664 0.04510461166501045 0.037906259298324585 0.02630169503390789 -0.003937627654522657 0.06376587599515915 -0.017293399199843407 -0.022374043241143227 -5.450814205687493e-05 3.2701132563410943e-38 -0.0033110566437244415 3.4480209883330016e-39 -0.001623991527594626 -0.004765563178807497 0.0003761335974559188 -0.018143514171242714 -0.0026993469800800085 0.011942183598876 -0.00011937732779188082 0.009793354198336601 0.0009415895910933614 0.0004717088013421744 0.002544069429859519 -3.0225237424019724e-05 0.0011956129455938935 0.008960604667663574 0.01053132675588131 -0.00019940569472964853 0.005130838602781296 0.0036038942635059357 0.012704533524811268 0.0027783974073827267 -8.75815749168396e-06 0.00025228093727491796 0.0049018762074410915 0.012357541359961033 0.0022648517042398453 0.014678300358355045 -0.0005640573217533529 0.0027439789846539497 0.013129784725606441 -0.0004643603751901537 0.0015086181228980422 0.014617253094911575 -0.0005706486408598721 0.000981004792265594 0.00035952136386185884 -0.00047176433145068586 0.011285453103482723 0.0005798733909614384 0.0012678774073719978 0.006008691154420376 8.238736336352304e-05 6.509526428999379e-05 0.006696860771626234 0.01049444917589426 0.005559904035180807 -0.0003636473848018795 7.653134525753558e-05 0.0009269209112972021 0.0002980259305331856 0.008408349938690662 0.011524893343448639 0.0019676729571074247 0.00017859457875601947 0.001005840371362865 -0.00033595628337934613 -0.0005648477235808969 0.007959323935210705 0.00032663927413523197 0.0007280135178007185 -0.00026221651933155954 0.0009745936840772629 0.012300388887524605 0.009629964828491211 0.00012501768651418388 0.002234112238511443 0.0009113652049563825 -0.0010286865290254354 3.2683696190360934e-05 0.0017891343450173736 -2.8610128577319428e-39 -0.058874115347862244 5.3528928713945136e-39 -0.019382193684577942 -0.003491997253149748 0.0023219692520797253 -0.052142683416604996 -0.0156914833933115 0.056150659918785095 0.06895735114812851 -0.027115654200315475 0.05654723942279816 -0.022737538442015648 0.059178877621889114 -0.0291952695697546 -0.024595901370048523 0.02103433571755886 0.03901799023151398 -0.027460487559437752 0.05732181668281555 -0.030367501080036163 -0.0058787669986486435 -0.027036581188440323 0.06572955846786499 -0.014180218800902367 0.004678549710661173 -0.006105772219598293 0.04173911362886429 0.030666794627904892 -0.017204249277710915 0.036515213549137115 -0.010550297796726227 -0.029524382203817368 0.03690999746322632 0.05167420580983162 0.06282708793878555 0.04565991461277008 -0.021357690915465355 -0.029413511976599693 0.053118158131837845 0.07376228272914886 0.008342576213181019 0.0007587563013657928 -0.022163307294249535 0.04686979949474335 0.0018476000986993313 -0.025847896933555603 -0.02412736788392067 -0.027073262259364128 -0.03079485334455967 0.0679178237915039 0.04256382957100868 -0.02128022164106369 -0.025293774902820587 -0.020931286737322807 -0.010663269087672234 0.038163281977176666 0.0662107765674591 -0.029822515323758125 0.05648607015609741 -0.018652677536010742 0.048533257097005844 -0.020822161808609962 -0.027750739827752113 -0.022130031138658524 0.03879394382238388 0.0658191591501236 0.05681626871228218 0.0810718908905983 0.045862384140491486 -0.017700428143143654 -0.017338192090392113 2.9169751132032187e-39 -0.04782933369278908 -1.1328780619252412e-38 0.03524234890937805 -0.03938893601298332 -0.08844655752182007 -0.01426507905125618 0.007882634177803993 -0.033593811094760895 -0.03205827251076698 -0.032739199697971344 -0.03412241116166115 0.05742344632744789 -0.03871386498212814 0.0758858397603035 0.05971470847725868 0.04850506782531738 -0.03272853046655655 0.10142587125301361 -0.023501235991716385 0.013816212303936481 0.002513703890144825 -0.03798495605587959 -0.03502010554075241 0.051380354911088943 -0.033407971262931824 0.06677936017513275 -0.03334317356348038 0.10982769727706909 0.07850071787834167 -0.03359968215227127 -0.03633570671081543 -0.036301784217357635 0.07382126897573471 -0.03347191959619522 0.09690510481595993 -0.03618380427360535 -0.03697488084435463 -0.037294432520866394 0.06955667585134506 0.1003086119890213 0.06891553103923798 0.09689337760210037 0.06374611705541611 0.10813187062740326 0.08937588334083557 -0.031486641615629196 0.0647660493850708 -0.03284453973174095 -0.029673412442207336 -0.032863736152648926 -0.035141829401254654 -0.03727930784225464 0.07152131199836731 0.04157073050737381 0.08284436911344528 0.02504701539874077 0.10056620091199875 -0.02996482513844967 -0.03156328573822975 -0.030688051134347916 0.09174111485481262 0.03511814400553703 0.08350677788257599 -0.036242157220840454 0.09138309955596924 -0.03367370739579201 0.06029259040951729 -0.030658217146992683 -0.035176634788513184 -0.03523147478699684 -0.010307339020073414 6.278709747296955e-39 0.022542808204889297 -8.535098751432812e-40 -0.048420507460832596 0.0014823885867372155 0.011316509917378426 0.12924596667289734 0.04788561910390854 0.07272502034902573 -0.04184357076883316 0.0608462393283844 0.049107782542705536 -0.042874544858932495 0.006203100550919771 0.061820197850465775 0.012451589107513428 0.05778006091713905 -0.04264504089951515 -0.04510042443871498 -0.054056115448474884 0.06283693015575409 -0.040605369955301285 -0.031605128198862076 0.024381281808018684 0.043794699013233185 0.06835732609033585 0.04454095661640167 0.014026113785803318 -0.04413894563913345 0.0016701824497431517 0.043249670416116714 -0.047831472009420395 0.03779296576976776 -0.029568318277597427 0.07354613393545151 0.050902847200632095 -0.04379817098379135 -0.0037664235569536686 -0.050640612840652466 -0.03608259558677673 0.007662900257855654 -0.0496964193880558 0.06333933025598526 0.05635346844792366 0.0007555432966910303 0.06787378340959549 -0.026783961802721024 0.02683989703655243 -0.031094934791326523 -0.04840133339166641 0.07823022454977036 0.05412328243255615 -0.032251808792352676 0.04575703665614128 -0.0005108014447614551 0.03917108103632927 0.0736585259437561 0.01211765967309475 0.05980071425437927 0.018756940960884094 -0.052162010222673416 0.044616106897592545 -0.018901776522397995 0.055991288274526596 -0.06242431700229645 0.03784192353487015 -0.005152879748493433 -0.008879032917320728 0.051567304879426956 -0.0293747466057539 0.08859652280807495 0.04085500165820122 6.977994114755112e-39 0.003063544863834977 -4.118194781493274e-39 -0.005250237416476011 0.0014621125301346183 -0.01062700990587473 0.006900312379002571 0.02480078488588333 -0.002779601374641061 -0.00012521757162176073 0.0021897589322179556 0.02489723265171051 -0.00037518193130381405 0.013513380661606789 -0.00394586194306612 0.001219115685671568 0.01909004896879196 -0.0020156914833933115 -0.0016094967722892761 -0.0026597557589411736 0.012902725487947464 0.01812737248837948 0.00034924986539408565 0.012663250789046288 0.01036837324500084 0.012352239340543747 -0.00029255333356559277 -0.002741847187280655 -0.0007923138327896595 0.007182031869888306 0.0019454462453722954 0.015019715763628483 0.017628295347094536 -0.0006525404751300812 0.0056181540712714195 0.012065110728144646 -0.0002169117797166109 0.009815141558647156 -0.0016659731045365334 0.00025584324612282217 0.018370037898421288 0.0015318460064008832 0.0038422872312366962 0.015296131372451782 0.00023994875664357096 0.010404864326119423 -0.000225942610995844 0.0005330097628757358 -0.000766787095926702 0.016212156042456627 0.02595754899084568 -0.0011144562158733606 0.0030085635371506214 0.004137242212891579 0.003251454560086131 -8.13338192529045e-05 0.0024236594326794147 0.016409294679760933 0.016229696571826935 0.01296969037503004 0.009106751531362534 0.007491145748645067 0.017188843339681625 -0.004366889595985413 0.0002546253672335297 -0.0023897383362054825 0.01386436726897955 0.002808980643749237 0.0007159184897318482 -0.000131508510094136 0.016761861741542816 0.020115835592150688 -1.111005474455288e-39 0.006283035036176443 -5.2079859984971486e-39 -0.029809141531586647 0.014292862266302109 0.06759751588106155 0.10117556154727936 0.10312054306268692 -0.0886322483420372 -0.07485827803611755 -0.035036586225032806 0.0304843932390213 -0.0881265252828598 0.007267436012625694 -0.001386592397466302 0.003081817412748933 0.07084253430366516 0.07663260400295258 0.03175970911979675 0.05859928950667381 0.06646707653999329 0.07487557083368301 -0.043535634875297546 -0.05743591859936714 -0.025385690852999687 0.020023934543132782 -0.05340848118066788 -0.021548885852098465 0.061618685722351074 0.06185183301568031 0.06956875324249268 -0.00308698951266706 0.03245248273015022 0.055887021124362946 -0.050539691001176834 -0.06605018675327301 0.07300601154565811 0.09634900093078613 0.08971849083900452 0.022714031860232353 -0.007664849516004324 0.08378256112337112 -0.0048142969608306885 0.10009864717721939 -0.025845827534794807 -0.011292211711406708 0.09015996754169464 -0.08155038952827454 -0.01816525310277939 0.05106007680296898 0.018758447840809822 0.0748603567481041 0.11686942726373672 -0.07221885770559311 -0.02914424054324627 0.03846953809261322 -0.05862148106098175 0.06364039331674576 0.017607256770133972 -0.020157622173428535 -0.07233240455389023 0.013561166822910309 -0.05585245043039322 -0.06899462640285492 0.04895152151584625 0.07090471684932709 0.06506967544555664 0.06035826727747917 -0.07109003514051437 0.08845098316669464 0.07667000591754913 0.0945129543542862 5.066757534068636e-39 -0.03520151972770691 -2.9122205075137646e-40 0.010492798872292042 -0.015377024188637733 -0.03188953548669815 -0.025303639471530914 -0.002283870242536068 -0.0056343842297792435 -0.005574887618422508 0.0538068562746048 0.0601922869682312 -0.005789445247501135 -0.0053587197326123714 -0.007358365226536989 0.037641528993844986 0.059049591422080994 -0.005738607607781887 -0.003225378692150116 -0.005356454756110907 -0.005737791303545237 0.06395077705383301 0.06539466977119446 0.054542019963264465 0.00839985255151987 0.033037640154361725 -0.006595619022846222 -0.005849885288625956 -0.0058991871774196625 0.039361946284770966 -0.00567987933754921 0.03511357679963112 -0.005923612974584103 0.06638236343860626 -0.005728358868509531 -0.005320996977388859 -0.0056022945791482925 -0.005501043051481247 0.06328601390123367 -0.005577548407018185 0.04874240607023239 -0.005815097130835056 0.05072280019521713 0.051539260894060135 -0.006580048706382513 0.027102254331111908 0.05596347153186798 0.03984151780605316 0.0684472844004631 0.047737475484609604 -0.00485090771690011 -0.0058303955011069775 -0.005703869741410017 -0.006999855395406485 -0.005309605039656162 0.018613891676068306 0.049484726041555405 0.022700395435094833 -0.006609650794416666 -0.006782885175198317 -0.0053850081749260426 -0.005921250209212303 -0.005372138228267431 -0.005834731739014387 -0.00570251839235425 0.037448469549417496 -0.005835953634232283 0.06379177421331406 -0.005725672002881765 -0.005719399079680443 0.07544156908988953 0.05402231588959694 2.6483139677274718e-39 0.032880302518606186 4.447446671267962e-39 -0.02416970208287239 -0.031186919659376144 0.14200812578201294 -0.1162572130560875 -0.1355997920036316 0.09417625516653061 -0.06792359799146652 0.040740005671978 -0.05203088000416756 0.05934968218207359 -0.0250144861638546 -0.03746456652879715 0.09011108428239822 0.04843530431389809 0.06942327320575714 -0.03830084949731827 0.07236579060554504 0.08426051586866379 -0.04444439336657524 -0.01782899536192417 -0.01109682209789753 0.07768461108207703 -0.03574499487876892 -0.0588771216571331 0.09332796931266785 0.02990132011473179 -0.021126259118318558 0.013340698555111885 0.028187016025185585 0.08744490146636963 0.08200493454933167 0.06325998157262802 -0.01938595063984394 0.029554445296525955 0.03621313348412514 0.007365320809185505 0.07705987989902496 0.05051148310303688 -0.04241242632269859 -0.07040904462337494 0.029027458280324936 0.06572022289037704 -0.017626486718654633 0.03358805552124977 -0.07012858241796494 -0.06780927628278732 -0.071870818734169 -0.05597976967692375 -0.015934886410832405 0.07786335051059723 0.06932970881462097 -0.04830748960375786 -0.051960539072752 0.02085471898317337 -0.0051604975014925 -0.063725546002388 0.09021488577127457 -0.024474337697029114 -0.026195090264081955 -0.054071277379989624 -0.03346308320760727 -0.012216893956065178 0.0038843455258756876 0.0022964011877775192 0.018418217077851295 0.08221985399723053 -0.07466583698987961 0.06740191578865051 -0.021361513063311577 -3.872338367225949e-39 0.004089727532118559 -4.499919693563069e-40 0.002592560136690736 0.026502424851059914 -0.06514041125774384 -0.12964333593845367 0.015652528032660484 0.048419930040836334 -0.035853613168001175 0.05431276932358742 0.051176317036151886 -0.018777674064040184 -0.005305023863911629 0.05908236652612686 0.022356562316417694 0.01659519039094448 0.055353667587041855 -0.04397158324718475 -0.03560607135295868 0.05045962333679199 -0.03871907293796539 -0.029906732961535454 -0.024284008890390396 -0.03749028593301773 -0.03766268119215965 -0.03557857125997543 -0.011384311132133007 0.029778268188238144 0.05895920842885971 0.024770867079496384 0.08455174416303635 -0.04499129205942154 -0.004994959570467472 0.041601210832595825 -0.03470417112112045 -0.03953635320067406 0.043563324958086014 0.035267915576696396 -0.01787872239947319 0.0018891885410994291 0.057629041373729706 0.025506440550088882 0.05116817727684975 0.0530005544424057 0.043226953595876694 -0.0036232201382517815 0.05829799175262451 -0.04598495364189148 0.046042945235967636 0.021730788052082062 -0.01417066715657711 0.09446125477552414 0.05504491180181503 -0.021246271207928658 0.031253788620233536 -0.036080390214920044 0.047534652054309845 -0.03629858046770096 -0.015032647177577019 0.02310069277882576 -0.041852112859487534 0.05019324645400047 0.012536094523966312 -0.011925974860787392 -0.04320388659834862 -0.021330973133444786 -0.024197079241275787 -0.04282134026288986 0.053049229085445404 0.056665562093257904 -0.0068106441758573055 -5.4509347184509994e-39 0.047494854778051376 -4.671172378888205e-40 -0.07569880038499832 -0.0039556631818413734 0.01781279221177101 0.12891526520252228 0.05497640371322632 -0.03142630308866501 -0.006117197219282389 0.05878839269280434 0.02956477366387844 0.08370060473680496 0.06159046292304993 0.0812021940946579 0.10387036204338074 0.05243007838726044 -0.056974902749061584 -0.05653071776032448 -0.07109487056732178 -0.05217832699418068 0.05752560868859291 0.08697719126939774 0.009002258069813251 -0.00887386780232191 -0.058374352753162384 0.05320480838418007 -0.042704027146101 0.07547459751367569 -0.0681176409125328 0.08496885746717453 0.10376709699630737 -0.046943455934524536 -0.0037215761840343475 -0.04829655587673187 -0.04979085922241211 0.07624652981758118 0.08723525702953339 0.11514730751514435 0.017073392868041992 0.0016350888181477785 0.02287895232439041 -0.026235219091176987 -0.05590002238750458 -0.0037603320088237524 0.06766468286514282 -0.03520643711090088 0.02301708608865738 -0.039464320987463 -0.06023245304822922 0.03687579557299614 -0.052854593843221664 -0.04609059914946556 0.06172475963830948 0.09420892596244812 0.04061952978372574 -0.05226632207632065 -0.0660901591181755 0.05706341937184334 -0.014490270055830479 0.06377135962247849 -0.054604221135377884 -0.02565610781311989 0.09327924996614456 -0.0047665126621723175 0.07832670956850052 -0.04734497144818306 0.07517876476049423 -0.06040187552571297 0.04901505261659622 -0.0435873307287693 -0.016809862107038498 2.8558420663985842e-39 0.026020320132374763 1.6075667956765015e-39 0.0022369150537997484 0.026293637230992317 -0.06334900856018066 0.0003599036717787385 0.06457898765802383 -0.015629230067133904 -0.011535597033798695 0.05843084305524826 0.00749220373108983 -0.02175304852426052 -0.028806090354919434 -0.01999550685286522 -0.024560336023569107 0.08209895342588425 -0.013712644577026367 -0.016874564811587334 0.06301005929708481 0.06725470721721649 0.07307114452123642 0.030334733426570892 -0.022563062608242035 0.08539046347141266 -0.021887583658099174 -0.010207283310592175 -0.013710438273847103 0.05864237621426582 0.07559135556221008 0.05181591957807541 0.060782331973314285 0.0913902223110199 0.04597797989845276 0.04556227847933769 -0.02014092169702053 0.038544315844774246 -0.022306526079773903 -0.0179999191313982 0.05933007597923279 -0.00845449697226286 0.052121929824352264 -0.007295934949070215 0.035947855561971664 -0.019297219812870026 0.07212714105844498 0.06697618961334229 0.07300154864788055 -0.019685663282871246 -0.022061092779040337 0.05093087628483772 -0.018568439409136772 0.053645335137844086 0.05316148325800896 -0.02573462203145027 0.058483704924583435 -0.026314742863178253 -0.01914029009640217 -0.01715199463069439 -0.004422270692884922 0.04552829638123512 -0.014453132636845112 0.03783673048019409 0.051042623817920685 -0.027380434796214104 0.05426541343331337 -0.026130061596632004 -0.02496853657066822 -0.027216775342822075 -0.017529387027025223 -0.023133249953389168 -0.01739691197872162 9.825806740953115e-40 0.01306072436273098 4.1048053746666504e-39 0.015852367505431175 0.01406645867973566 -0.0015605716034770012 -0.001100031309761107 -0.003226803382858634 0.0016512603033334017 -0.0009727310389280319 -0.0015495228581130505 0.0013741664588451385 -0.0039414032362401485 0.007399790920317173 -0.00398651696741581 -0.0011236175196245313 -0.0012781715486198664 0.001938896719366312 0.0023705782368779182 0.0006715843919664621 -0.0006406657048501074 -0.002686326624825597 0.012929330579936504 0.004061690531671047 -0.0009112807456403971 0.005553584545850754 0.006111042108386755 0.00701544713228941 -0.007125910371541977 -0.004050892777740955 0.006496270187199116 -0.00077425641939044 0.0018769720336422324 -0.001492215320467949 0.0005967612960375845 -0.00283781997859478 0.0019437450682744384 0.00851251371204853 0.0048604561015963554 -0.0012658730847761035 -0.0022723833099007607 -0.00044921383960172534 0.00526259932667017 -0.011015543714165688 0.0035875029861927032 0.0022147237323224545 -0.003791733179241419 0.0025883924681693316 0.002026529749855399 -0.0009626849205233157 0.0036590900272130966 0.002371380105614662 0.005014223512262106 0.0016156052006408572 0.005061918869614601 1.347287070530001e-05 0.006809499114751816 0.0056868018582463264 0.002467736601829529 0.0023673512041568756 -0.002443081932142377 0.010334999300539494 0.005461246706545353 0.00380172161385417 0.0020137312822043896 0.010217735543847084 0.001299622468650341 0.0018049107166007161 0.008416235446929932 -0.002952260198071599 0.004686607979238033 0.010858858935534954 2.437756261776489e-39 -0.010934297926723957 -1.2147576127538974e-40 0.013133539818227291 -0.003987608943134546 -0.03568293899297714 0.014456287957727909 0.06347722560167313 -0.014302073046565056 -0.007937684655189514 0.002859549829736352 -0.011138884350657463 -0.005482222884893417 -0.0037781083956360817 -0.01574034057557583 0.07019661366939545 -0.015115668997168541 -0.009267930872738361 0.0680164322257042 -0.01040548924356699 -0.012717940844595432 0.04218340292572975 0.0006984781357459724 -0.013173342682421207 0.035671692341566086 0.021538596600294113 -0.010103770531713963 -0.012392443604767323 -0.0003229224239476025 0.010034800507128239 -0.009441742673516273 0.011248225346207619 0.03383971378207207 -0.016550038009881973 -0.01757112517952919 -0.008926518261432648 0.03266710415482521 0.046662669628858566 0.004598905332386494 0.07100002467632294 0.06294513493776321 0.02532697282731533 0.07338805496692657 -0.0002812839229591191 -0.014992961660027504 0.007273687981069088 0.04236282780766487 -0.00656482856720686 -0.005890439730137587 -0.012912449426949024 -0.013897023163735867 0.0007498427294194698 0.06810347735881805 0.045802030712366104 0.05813636630773544 0.04747572913765907 0.017000935971736908 0.05727708339691162 0.04320792853832245 0.02751784771680832 -0.011806827038526535 -0.0009371187770739198 0.0243113711476326 -0.01708071120083332 0.040990158915519714 -0.012175358831882477 -0.010691727511584759 -0.001070214668288827 0.06290292739868164 -0.007731530349701643 -0.008212121203541756 -0.007769279181957245 -8.032467005264143e-40 -0.055307939648628235 -4.5156086311696495e-39 -0.017010029405355453 0.03857589140534401 0.08785886317491531 0.043014638125896454 0.12614168226718903 0.03849402442574501 0.0140788983553648 0.06825144588947296 -0.07097398489713669 0.011514382436871529 0.028500687330961227 0.048376474529504776 0.09138959646224976 0.009624489583075047 -0.019513120874762535 -0.05018412321805954 0.08585008978843689 -0.06554161012172699 -0.008692080155014992 0.05593762919306755 -0.03913993015885353 0.02298608608543873 0.08643905818462372 0.05833211541175842 -0.04327839985489845 0.07670151442289352 0.035665739327669144 -0.04127684608101845 0.07777725905179977 -0.022162610664963722 -0.038899265229701996 0.012837924994528294 -0.05611481890082359 0.06847590208053589 -0.05351044610142708 -0.028927721083164215 0.07858631759881973 0.08020786941051483 0.031106486916542053 0.11144977807998657 -0.05445823818445206 -0.00789180863648653 -0.053515370935201645 0.023356936872005463 0.08245160430669785 0.10214324295520782 0.09122898429632187 0.07518540322780609 0.01933041773736477 -0.06063854694366455 -0.049635108560323715 0.02803289331495762 0.051796283572912216 0.05626291781663895 -0.06929358094930649 -0.0435938835144043 -0.008852366358041763 0.07731198519468307 -0.012287372723221779 -0.04027809575200081 -0.054755859076976776 0.07606727629899979 -0.055159181356430054 -0.056513961404561996 -0.014642431400716305 0.06341108679771423 -0.024240637198090553 0.08480548858642578 -0.04015768691897392 -1.4185512510175842e-39 -0.05678703263401985 -3.150525324356843e-40 0.008741307072341442 -0.034216899424791336 -0.03352492302656174 -0.14478883147239685 0.036149971187114716 -0.04793933406472206 -0.03701285272836685 -0.04623416066169739 -0.03179672360420227 -0.029327068477869034 0.07851996272802353 0.029421713203191757 -0.04244675487279892 0.02541074901819229 -0.03749540448188782 0.07319287955760956 0.06491472572088242 0.038068659603595734 0.0991373062133789 0.06371352076530457 -0.043523453176021576 0.08871908485889435 0.07790213823318481 0.0909501165151596 0.036528415977954865 0.06237097829580307 0.06136748567223549 -0.032810818403959274 0.047760799527168274 0.11038190126419067 -0.012226365506649017 -0.010459007695317268 -0.04279108718037605 0.07971823215484619 -0.023858938366174698 0.06101849302649498 0.08809689432382584 -0.03455771878361702 0.04917430877685547 0.057669784873723984 0.0906541496515274 -0.04482506588101387 0.035405054688453674 0.08194518834352493 -0.04581161215901375 0.08475081622600555 0.07759591937065125 0.12400097399950027 -0.030042864382267 0.03869883343577385 0.046677812933921814 -0.019197145476937294 -0.02245045080780983 0.09944652765989304 0.040192801505327225 -0.015545167960226536 0.005316606722772121 0.08864669501781464 -0.02525263838469982 -0.029429025948047638 -0.04366695508360863 0.09602431207895279 -0.04152531176805496 0.08293287456035614 -0.025515271350741386 -0.04452775418758392 -0.04709874838590622 0.060660190880298615 -0.015606902539730072 1.4219213738242854e-39 0.03248866647481918 6.140906056315253e-39 -0.05749070271849632 0.024356938898563385 -0.07251103967428207 -0.14918605983257294 -0.0553840771317482 0.04302387684583664 0.09101364761590958 -0.054893799126148224 -0.022273942828178406 0.0034325318410992622 -0.0018420795677229762 0.011758660897612572 -0.034723713994026184 0.08547104150056839 -0.018532028421759605 -0.04094357416033745 0.03603478521108627 0.0426599495112896 0.045899346470832825 0.046682555228471756 -0.018857864663004875 0.026265224441885948 0.0904906615614891 0.029570680111646652 0.03492021933197975 0.07247907668352127 -0.02799518220126629 0.07485319674015045 -0.01286278385668993 -0.010525454767048359 -0.036002229899168015 0.052353765815496445 -0.03057537041604519 0.07537159323692322 -0.012408661656081676 -0.023869354277849197 -0.018352407962083817 -0.006491680629551411 -0.02282322198152542 0.04424884542822838 -0.046599291265010834 0.019851187244057655 -0.04202699288725853 -0.018966084346175194 0.08776912838220596 0.007831087335944176 0.08179637044668198 -0.027946602553129196 -0.012481311336159706 -0.041782621294260025 -0.05055035650730133 -0.019288750365376472 -0.026670772582292557 0.08220387995243073 -0.055177632719278336 0.1053069531917572 -0.012523721903562546 0.08853006362915039 -0.012497326359152794 -0.03920556232333183 -0.0010400661267340183 0.10118146240711212 -0.04482806473970413 -0.03758450970053673 0.02708503231406212 -0.04617287591099739 -0.03577622026205063 -0.0521150641143322 -0.015353311784565449 6.320754306420557e-39 -0.0189193245023489 1.97529553868462e-39 0.013062968850135803 -0.02524014376103878 0.001623757416382432 -0.09724485874176025 -0.03574448823928833 0.06316734850406647 0.03646891936659813 -0.029161134734749794 -0.01823279820382595 -0.015519507229328156 -0.01033679861575365 0.06696231663227081 0.0613233856856823 0.0533580519258976 0.04050551727414131 0.03501297906041145 -0.0028827653732150793 -0.009381519630551338 0.04395700991153717 -0.005737685598433018 0.06715897470712662 0.04278702661395073 -0.008494547568261623 -0.018706729635596275 0.031517304480075836 -0.016623903065919876 -0.003934670705348253 0.016795605421066284 0.009571372531354427 -2.2219668608158827e-05 0.04374329745769501 -0.016780490055680275 -0.016490623354911804 -0.02673758752644062 0.008480608463287354 -0.02730272151529789 0.013405920006334782 -0.005791918374598026 0.0008186893537640572 0.06961680948734283 0.047183647751808167 0.053042035549879074 0.05464785546064377 0.02879226766526699 -0.026067383587360382 -0.028407691046595573 -0.015085648745298386 0.07229949533939362 -0.018893718719482422 0.0011251072864979506 0.04735017940402031 -0.007500427309423685 -0.018345745280385017 -0.02469111606478691 -0.031171664595603943 -0.02711675688624382 0.042050350457429886 0.07598374038934708 0.04040681943297386 0.0509769506752491 -0.027899539098143578 -0.02195500023663044 0.05345887690782547 0.058023884892463684 0.024353817105293274 -0.025921763852238655 0.06926316767930984 -0.029811514541506767 -0.008989544585347176 5.0628899503071e-39 -0.02506883628666401 2.5141494488576208e-39 -0.06262491643428802 0.027241980656981468 -0.0718865618109703 0.06320101767778397 -0.10750997066497803 0.048666611313819885 -0.036900557577610016 -0.037844981998205185 0.033096250146627426 -0.029357485473155975 0.030693814158439636 -0.04255395010113716 0.06658339500427246 0.021296242251992226 0.08029484748840332 0.020275786519050598 -0.03201732039451599 -0.03542254865169525 -0.03347435221076012 0.0008533170912414789 -0.031342245638370514 -0.03517775982618332 0.03322116658091545 -0.0410194918513298 -0.03312071040272713 0.005811027716845274 -0.011908099986612797 0.05953656882047653 0.07530023157596588 0.05051134154200554 0.024431457743048668 -0.03211573138833046 -0.0024977854918688536 0.02246125414967537 0.08609437942504883 -0.03864409774541855 -0.03555341437458992 -0.03683257848024368 -0.03602654114365578 -0.03850831463932991 -0.03482181206345558 0.10028792172670364 0.0907684788107872 0.03125511854887009 0.02382042445242405 0.02473955601453781 0.03725580871105194 -0.033860042691230774 0.025557193905115128 -0.03771479055285454 -0.040795665234327316 0.05554262548685074 0.04978582262992859 -0.03666935861110687 -0.037046633660793304 0.038955867290496826 0.043888527899980545 -0.029142392799258232 -0.034089792519807816 -0.039335254579782486 0.035091131925582886 -0.025608789175748825 0.02536865882575512 -0.03783467784523964 0.01545492559671402 0.034494057297706604 -0.03123239055275917 -0.009547729976475239 0.029620567336678505 -4.635331368066169e-39 -0.014684803783893585 6.23177465653286e-39 -0.02060721442103386 -0.017641272395849228 -0.09331212192773819 0.039015091955661774 -0.005810822360217571 0.05132201686501503 0.01814904622733593 -0.006081307772547007 0.033727288246154785 0.005870658904314041 0.05123450979590416 -0.013240518048405647 0.0007854104042053223 -0.01654255948960781 0.04402747377753258 -0.012106925249099731 0.022608961910009384 0.044385939836502075 -0.007524371147155762 0.013238770887255669 -0.011009115725755692 -0.016943946480751038 0.040389347821474075 -0.012882783077657223 -0.015971830114722252 0.03431286662817001 -0.010064627043902874 -0.007503405679017305 -0.0011285287328064442 -0.010240180417895317 -0.014259075745940208 -0.009741470217704773 0.023292409256100655 0.04859011620283127 0.053246986120939255 -0.0007908022380433977 0.011877959594130516 -0.012609521858394146 -0.009598976001143456 -0.006878295913338661 -0.012709985487163067 0.048741746693849564 0.037908561527729034 -0.01100650243461132 0.005132590886205435 -0.014344674535095692 0.042802922427654266 0.07116314768791199 -0.008938143029808998 0.034127432852983475 -0.017696021124720573 0.04881502687931061 0.01972510851919651 0.03190635144710541 -0.009272811934351921 0.0501302145421505 0.052987296134233475 -0.008298720233142376 -0.013102218508720398 -0.012228146195411682 -0.002602530177682638 -0.014576234854757786 -0.01427055336534977 0.024978898465633392 0.03941526263952255 0.03414067625999451 -0.008320136927068233 0.015137876383960247 -0.011015881784260273 -1.508793470821638e-39 -0.03149506449699402 -8.1686031510733e-40 0.04224424436688423 -0.02367311529815197 -0.053755778819322586 0.04866866394877434 0.05551716685295105 0.04107007756829262 0.11065054684877396 0.09212812781333923 0.08697015792131424 0.06617187708616257 0.060087624937295914 -0.037620723247528076 0.07384341210126877 -0.03474464267492294 -0.035046204924583435 0.05593758076429367 -0.03447398915886879 0.08633079379796982 -0.03169269859790802 -0.03554258123040199 0.07932567596435547 0.08382903784513474 -0.03711295872926712 0.04606247320771217 0.07396809011697769 -0.03207401558756828 -0.031027693301439285 0.055927619338035583 -0.03575124219059944 -0.03723663091659546 0.05325273051857948 -0.031480174511671066 -0.029475944116711617 0.07251860946416855 0.08806885778903961 -0.03653085604310036 -0.03491157293319702 0.039330679923295975 -0.007429845631122589 0.058154959231615067 -0.02492283470928669 -0.03401929512619972 0.05924845114350319 -0.03385725989937782 0.05203116685152054 -0.012153618969023228 -0.033782415091991425 -0.03281211107969284 -0.037802211940288544 -0.02718989923596382 -0.03545933961868286 0.09919284284114838 -0.03205745294690132 0.05438316985964775 -0.0037457277067005634 0.03496719151735306 -0.03519788384437561 0.06507241725921631 -0.03692379966378212 0.04867209494113922 0.0456751249730587 0.09889039397239685 -0.03236968070268631 0.09243576973676682 -0.04141649603843689 0.09932607412338257 -0.03480340912938118 -0.037595171481370926 0.06231321394443512 -1.7357432859485996e-38 -0.0037023320328444242 5.205906751835783e-38 -0.011350302025675774 -0.013297601602971554 -0.004205666016787291 -0.04487745463848114 -0.018818816170096397 0.00012990395771339536 0.03193291649222374 -0.006368537899106741 -0.002188616432249546 -0.0013981019146740437 -0.0006305832066573203 0.0037275461945682764 -0.00516975112259388 -0.009166316129267216 -0.001437853672541678 -0.005290915723890066 0.03671637922525406 0.0019374770345166326 0.02954370528459549 0.005173916462808847 -0.006639332044869661 -0.0071709901094436646 0.011019892059266567 0.002351852599531412 0.00140959897544235 -0.005017295945435762 0.0259334035217762 0.0020717140287160873 -0.0015767553122714162 0.009876159951090813 0.002190195256844163 0.015950482338666916 0.045326653867959976 -0.0019200046081095934 0.003398256143555045 -0.007575482130050659 0.010481671430170536 0.005604465492069721 -0.003124269424006343 -0.010162385180592537 -0.007751476019620895 0.004377505276352167 0.00920840073376894 0.029445411637425423 0.03297954052686691 0.021889163181185722 -0.005605986807495356 0.007606594357639551 0.0202467180788517 0.010289955884218216 0.0314040407538414 0.00047317566350102425 0.031383663415908813 -0.005488405004143715 0.005253622308373451 -0.007480223197489977 -0.007523419335484505 -0.0015512355603277683 0.028546730056405067 0.014096561819314957 -0.00659438269212842 -0.0038301183376461267 0.027099832892417908 -0.007024080026894808 0.026114458218216896 0.03133213520050049 0.014289647340774536 -0.006156889721751213 -0.0027199157048016787 1.1749271052039288e-39 -0.041281308978796005 -6.717845857450138e-39 -0.032467689365148544 0.00992575939744711 0.03146032616496086 -0.05637441202998161 -0.02968185767531395 -0.02126545086503029 0.06062227115035057 0.053773000836372375 -0.021707266569137573 0.07792194932699203 -0.022042719647288322 0.07007619738578796 -0.02200949937105179 -0.02350134402513504 0.0768379420042038 0.028284329921007156 -0.02267053909599781 0.013201997615396976 0.06496760994195938 -0.021639632061123848 -0.02231649123132229 0.08558229357004166 -0.021776491776108742 -0.023683762177824974 -0.02182425744831562 0.07128927856683731 0.05888565629720688 0.029813984408974648 0.052197378128767014 0.08048751205205917 0.038160067051649094 -0.02233884483575821 0.05249711126089096 -0.02273903787136078 0.05908872187137604 -0.02251439355313778 0.06452005356550217 -0.022546906024217606 -0.023777896538376808 -0.020782839506864548 0.07299408316612244 -0.02158867008984089 0.0791773647069931 -0.022973377257585526 -0.023656543344259262 0.060723502188920975 0.07194951176643372 -0.023345990106463432 -0.02159065566956997 -0.023725364357233047 0.05267279967665672 -0.02350911870598793 -0.02346905879676342 -0.022449571639299393 -0.01784435659646988 0.07124418020248413 -0.01848934218287468 0.061247874051332474 -0.022769078612327576 -0.02323802188038826 0.050659436732530594 0.05507728084921837 0.055316533893346786 0.06439734995365143 -0.023146938532590866 0.06519411504268646 -0.02204173244535923 0.06302769482135773 0.08250026404857635 -1.0853028580226422e-39 0.00609680125489831 9.4915202660558e-38 0.014010744169354439 -0.02796267345547676 -0.018112218007445335 -0.10595275461673737 -0.03314400464296341 -0.003193612676113844 -0.021087203174829483 0.04396253079175949 -0.015811124816536903 -0.011805370450019836 -0.0016851355321705341 0.05263404920697212 0.0078050787560641766 0.023387335240840912 -0.0057544042356312275 -0.023371968418359756 0.0543183907866478 0.03712289780378342 0.05128097906708717 -0.0020779285114258528 -0.010532601736485958 0.01987859234213829 0.05340781435370445 0.07817685604095459 0.04137459024786949 -0.020134851336479187 -0.010018466040492058 0.005605950485914946 -0.013127394020557404 0.07611341774463654 0.045958396047353745 -0.030446570366621017 -0.016734426841139793 0.049220021814107895 0.058866947889328 -0.012408940121531487 0.01492650993168354 0.06615283340215683 -0.0037893971893936396 0.06299995630979538 -0.02922634780406952 0.039152856916189194 -0.028478246182203293 -0.006336327642202377 -0.03263642266392708 0.017421938478946686 -0.004206893499940634 0.06260142475366592 -0.0030805941205471754 -0.02233668603003025 0.023259207606315613 -0.012757380492985249 0.05291550233960152 -0.02301766723394394 -0.03629244863986969 0.06030537188053131 -0.0037149703130126 0.05068780854344368 0.04789917543530464 0.060255445539951324 0.0037416433915495872 0.012406897731125355 -0.028115220367908478 -0.0033976156264543533 0.021034033969044685 0.07485613226890564 -0.03387801721692085 0.002619630889967084 -0.010388251394033432 4.363871829557165e-39 -0.04386129602789879 -2.975599835756712e-39 -0.029720934107899666 0.008170138113200665 0.02947397157549858 -0.025290317833423615 -0.04751468449831009 -0.014122397638857365 0.02481873705983162 -0.022944217547774315 0.03666284680366516 0.015803979709744453 -0.017905179411172867 -0.016212623566389084 0.0515974760055542 -0.02650250494480133 0.05829138308763504 0.011545206420123577 0.028795653954148293 -0.03141995519399643 -0.018242496997117996 -0.012921874411404133 0.08038614690303802 -0.02820797637104988 0.06261501461267471 -0.028167791664600372 0.021453432738780975 -0.023449506610631943 0.04230999946594238 0.02256997674703598 0.03574234992265701 0.0025766536127775908 0.020455792546272278 0.01814163103699684 0.009938996285200119 0.026549048721790314 -0.02037869393825531 0.01167372614145279 0.04015326872467995 -0.022830532863736153 0.030706575140357018 0.06653989106416702 0.04017775505781174 0.028335902839899063 -0.022604506462812424 0.025501161813735962 -0.032859910279512405 0.02482147328555584 0.04103853926062584 -0.017252149060368538 -0.02429344691336155 0.05768486112356186 -0.033674467355012894 0.06893645226955414 0.022418003529310226 0.03127514198422432 -0.027877390384674072 0.051105014979839325 0.05054754391312599 -0.025173822417855263 -0.028900735080242157 0.04745924845337868 -0.023365464061498642 -0.016713526099920273 0.03908652439713478 -0.030502529814839363 -0.03098561242222786 0.02527156099677086 -0.016152650117874146 -0.02635941468179226 -0.021876465529203415 3.485407631361188e-39 0.004819749854505062 4.971863003363024e-40 0.005583086051046848 0.010507840663194656 -0.05713849887251854 -0.04317731782793999 0.038080159574747086 -0.02406461536884308 0.06983122229576111 0.04044825956225395 -0.017925426363945007 0.05104921758174896 -0.024440648034214973 -0.016146015375852585 -0.013429378159344196 -0.015489812009036541 0.04585259407758713 0.042275313287973404 0.0613999217748642 -0.017557568848133087 0.01040926855057478 0.03071371652185917 -0.018319781869649887 0.03158770501613617 -0.02339729480445385 -0.02512921392917633 0.056829243898391724 0.033341750502586365 -0.012254836969077587 -0.01610366627573967 -0.019951773807406425 -0.0220496729016304 -0.017027579247951508 0.06911907345056534 0.06204603612422943 -0.018618499860167503 0.046196550130844116 0.0454583615064621 0.037789735943078995 0.0387728214263916 -0.01788920722901821 -0.017659274861216545 0.016566693782806396 -0.023099031299352646 0.06620018929243088 0.0122119951993227 0.011753405444324017 0.07280044257640839 -0.020137423649430275 -0.020226866006851196 0.06396009027957916 0.045228227972984314 0.023710494861006737 -0.020848114043474197 0.04268116503953934 -0.02306160144507885 0.022226570174098015 -0.022471614181995392 -0.0035132900811731815 0.06694406270980835 0.0644340068101883 -0.01872788742184639 0.03122369758784771 -0.021501395851373672 -0.019340502098202705 -0.021601533517241478 -0.020248668268322945 -0.021034112200140953 0.07057300955057144 0.07851792871952057 -0.0015155201544985175 3.499601383506334e-39 -0.02434740960597992 -3.6208529370274316e-39 -0.011929445900022984 -0.0021030576899647713 0.0795990601181984 -0.07245596498250961 0.03007243201136589 0.03870587795972824 -0.008913119323551655 0.026117319241166115 0.048268020153045654 0.035805024206638336 0.03810059279203415 0.02840599976480007 -0.004357790108770132 -0.009847360663115978 -0.012508116662502289 -0.01453812513500452 0.04766292870044708 -0.0191147830337286 0.031726449728012085 0.06050640717148781 0.0610375739634037 -0.009595631621778011 -0.013837662525475025 0.019683806225657463 -0.016019213944673538 0.02949078194797039 -0.008058745414018631 -0.014281093142926693 -0.01570350117981434 0.040720339864492416 -0.011896480806171894 -0.01412761677056551 0.014279421418905258 -0.004618240986019373 0.03664779290556908 0.01656106673181057 -0.0155256949365139 -0.017007147893309593 -0.017592165619134903 -0.01183931902050972 0.04773141071200371 -0.020190993323922157 -0.008681482635438442 -0.016400359570980072 -0.012561987154185772 0.03974687680602074 -0.010398594662547112 -0.014463771134614944 -0.0059539638459682465 0.05750115588307381 0.04272359237074852 0.039775997400283813 -0.019838819280266762 0.03551363945007324 -0.013299097307026386 -0.01027300488203764 -0.0033898581750690937 0.06370174884796143 -0.015586649999022484 0.03740544244647026 -0.018552832305431366 0.035652440041303635 0.011152954772114754 -0.009225387126207352 -0.011333148926496506 -0.011181596666574478 0.03266807645559311 -0.019333872944116592 -0.01201503723859787 -2.4298123007822317e-39 -0.0033279249910265207 -3.887463982849871e-39 -0.05330238118767738 -0.029505914077162743 -0.021839167922735214 -0.04662569612264633 0.029364846646785736 -0.02216840535402298 -0.024385470896959305 -0.02760753594338894 -0.01768678054213524 -0.023177502676844597 0.06943107396364212 -0.022848984226584435 -0.023095307871699333 0.06656935811042786 0.0657375380396843 0.03848664462566376 0.03706672415137291 0.0405513271689415 0.04553825408220291 0.029391100630164146 -0.017805354669690132 0.04599876329302788 -0.019774477928876877 0.07881263643503189 0.09530788660049438 -0.015443261712789536 0.0035287945065647364 -0.020310360938310623 -0.023403840139508247 0.05982677638530731 0.034744348376989365 0.06120697408914566 0.02608443610370159 -0.017635459080338478 -0.02277127467095852 -0.02496747300028801 0.04552565887570381 0.052895497530698776 -0.020049992948770523 0.08469618856906891 -0.0219392292201519 -0.024179555475711823 0.05890883505344391 -0.017894454300403595 -0.022618986666202545 0.05045034736394882 -0.021213453263044357 -0.01834515854716301 -0.02186928689479828 0.03982298821210861 0.028740985319018364 0.05431023985147476 0.0479947067797184 -0.02274256758391857 0.0464196503162384 -0.024831335991621017 0.04684150964021683 0.07228393107652664 0.04941238462924957 -0.022926339879631996 -0.02158401906490326 0.07647891342639923 -0.023220205679535866 -0.021750688552856445 0.04461251571774483 -0.02539442665874958 0.05793541297316551 0.08094710856676102 -0.02147182635962963 2.1262742378279044e-40 -0.03172899782657623 -3.0116426335576104e-39 0.03714137524366379 -0.008329218253493309 -0.034111641347408295 -0.016523385420441628 0.1204189732670784 0.008187316358089447 -0.013339381664991379 0.04166119173169136 -0.014082971028983593 0.048997025936841965 -0.014231137931346893 -0.03712218254804611 0.0680060014128685 0.041086602956056595 -0.02124459110200405 0.05031764879822731 0.02435523085296154 0.001694265054538846 0.04552024230360985 -0.016179367899894714 0.00011874774645548314 0.03393920883536339 0.07450944185256958 -0.021578170359134674 -0.02251461334526539 -0.014060788787901402 -0.01864689588546753 -0.008377972058951855 -0.014804261736571789 -0.02379678003489971 0.04275311157107353 -0.023262152448296547 0.04312526434659958 0.06636664271354675 0.02183840051293373 -0.027506548911333084 0.019170502200722694 0.032034099102020264 -0.01752007193863392 0.04298356547951698 -0.015214933082461357 0.010104849934577942 -0.019049501046538353 -0.015798278152942657 -0.025796551257371902 0.03191058710217476 0.05659022554755211 0.09237240999937057 0.06325508654117584 -0.009436900727450848 0.0017646447522565722 -0.017047902569174767 0.0491587333381176 -0.025692922994494438 0.0034412085078656673 0.08890660107135773 0.01975303143262863 -0.032793402671813965 -0.0025818676222115755 0.0457099974155426 -0.04153309389948845 0.001783725805580616 0.01864812709391117 -0.010439354926347733 0.020029792562127113 -0.024837620556354523 -0.016838861629366875 0.05501711368560791 -0.002932734088972211 -1.6895315454517887e-40 0.012403176166117191 -5.118311024311453e-38 0.03592069447040558 0.015812965109944344 0.08839429169893265 -0.17158196866512299 0.038190655410289764 0.08618787676095963 -0.03231222182512283 0.07320273667573929 -0.03395595774054527 0.0390118844807148 0.06937052309513092 -0.01583937555551529 0.08586491644382477 0.07549139857292175 0.0009960547322407365 0.03961068391799927 -0.03834620863199234 0.06660918146371841 0.08199655264616013 0.0017064206767827272 0.04968402907252312 0.05699918791651726 -0.013595697470009327 0.04641406610608101 -0.037211623042821884 -0.03178311884403229 0.0561952218413353 0.02733132429420948 0.09716935455799103 -0.030536776408553123 0.08388876169919968 0.07525042444467545 -0.04031643271446228 -0.02991962432861328 -0.03240995854139328 -0.025733457878232002 0.0669032633304596 -0.00011717103188857436 -0.03296540677547455 0.07670231908559799 0.042961277067661285 -0.033946432173252106 0.07175002247095108 0.006831632927060127 -0.03397510200738907 0.08731600642204285 -0.021570660173892975 -0.036401573568582535 0.04226924106478691 0.05883210897445679 0.04511250555515289 0.05060655623674393 -0.03264088183641434 -0.0409352071583271 -0.01646457426249981 -0.030871747061610222 -0.02456197515130043 0.05791502073407173 -0.026088589802384377 0.04025949165225029 -0.03686627373099327 -0.034959957003593445 -0.036588601768016815 -0.03385886549949646 0.08093822747468948 -0.024656889960169792 0.05478205904364586 0.09223082661628723 0.047025807201862335 -5.018303435769213e-39 0.009914038702845573 1.8216459646683324e-39 -0.018520154058933258 0.01423785649240017 -0.07720336318016052 -0.09267252683639526 -0.011939823627471924 -0.02349439449608326 -0.02618256025016308 -0.030303947627544403 -0.01080300286412239 0.06952694058418274 0.009031455032527447 0.051493264734745026 0.06162808835506439 0.023391861468553543 -0.010178115218877792 0.06043520197272301 -0.002075603697448969 0.038768231868743896 -0.022617677226662636 -0.02574997767806053 -0.024131039157509804 0.06305104494094849 -0.015164455398917198 -0.020716508850455284 -0.007954167202115059 -0.024074826389551163 -0.014453375712037086 0.062418196350336075 -0.008747165091335773 0.07878555357456207 -0.016344837844371796 0.004692513961344957 0.03633483871817589 0.0975981205701828 0.030331958085298538 -0.01698158122599125 -0.0096451910212636 -0.007511342875659466 0.05753840133547783 0.003870136570185423 0.06615061312913895 0.0823005959391594 -0.020584672689437866 0.06597001850605011 0.07057879865169525 -0.031116029247641563 -0.006543547380715609 -0.01244758628308773 -0.0009884325554594398 0.005685950629413128 -0.027011971920728683 -0.005755669437348843 -0.015333622694015503 -0.023701241239905357 -0.031787630170583725 0.08899767696857452 0.07089229673147202 0.03688311204314232 0.07087227702140808 -0.01660088635981083 0.05584951490163803 0.0035248687490820885 -0.015930112451314926 0.04665660858154297 0.0015211462741717696 0.02532821148633957 0.05889030173420906 0.03472588211297989 0.0026966247241944075 7.022416677372673e-39 0.05319265276193619 -5.753550727015801e-39 -0.05166245251893997 0.06872150301933289 -0.055221863090991974 -0.03827167674899101 0.017847711220383644 0.09612488001585007 -0.027214117348194122 0.04207783192396164 0.10185227543115616 0.09275355935096741 -0.03955078125 -0.019820259883999825 -0.013930018991231918 -0.017693281173706055 -0.03468265384435654 0.06205415353178978 0.09227089583873749 -0.039525918662548065 -0.03582824394106865 0.06787979602813721 -0.04493945091962814 -0.03961401805281639 0.06769435107707977 -0.03803512454032898 -0.04012623801827431 0.0525631457567215 0.08160429447889328 -0.018569448962807655 -0.03657299280166626 -0.037463948130607605 -0.03431740775704384 0.04960009455680847 0.102630116045475 0.09075502306222916 -0.043222006410360336 -0.026868753135204315 0.07280067354440689 0.052010662853717804 0.04129219055175781 -0.030482355505228043 0.03501779958605766 -0.02937435358762741 -0.026878634467720985 0.08365698158740997 0.08359421789646149 0.01881633698940277 -0.038061875849962234 0.08519512414932251 0.06346779316663742 -0.035627514123916626 -0.020209796726703644 0.057610057294368744 0.02610444836318493 -0.046171415597200394 0.05015904828906059 -0.03998258337378502 -0.03797470033168793 -0.00791782047599554 -0.03165864944458008 0.08227719366550446 0.0346745066344738 0.07275354117155075 -0.039120715111494064 0.0636310949921608 0.08166871964931488 -0.04650470241904259 0.04727840796113014 -0.032450053840875626 -0.03937540575861931 -1.7134685258193852e-39 0.026519188657402992 -6.703390062492163e-39 -0.04427594318985939 -0.012883146293461323 -0.10450264811515808 -0.0830991119146347 0.07165087759494781 -0.046294331550598145 0.07872442156076431 -0.04801443591713905 0.0769534558057785 -0.041401561349630356 0.06113559007644653 -0.0443090945482254 -0.03783949464559555 0.007982248440384865 0.05505536496639252 -0.045407067984342575 -0.045448750257492065 -0.03302818909287453 0.04353589564561844 0.02271609753370285 0.07954904437065125 0.02458411268889904 0.08371613919734955 -0.021647188812494278 -0.03656698018312454 -0.04323048144578934 -0.04166504368185997 -0.040071312338113785 0.08494177460670471 0.05087964981794357 0.04163175821304321 0.010857777670025826 0.07064654678106308 -0.012244408018887043 0.06288047879934311 0.05699847638607025 0.05300547182559967 0.0627458393573761 -0.003132350044324994 -0.04888146370649338 -0.046147290617227554 0.06803010404109955 -0.03948487341403961 0.07955065369606018 -0.04896153137087822 -0.041601505130529404 0.053467266261577606 -0.046925194561481476 0.03411140292882919 0.0881953313946724 0.08593418449163437 -0.04258119687438011 0.0604088194668293 0.06958294659852982 -0.03839200735092163 -0.04199809581041336 -0.04834999144077301 0.012890033423900604 -0.05150458216667175 -0.04558774456381798 -0.04354597628116608 -0.04393957182765007 0.030315039679408073 -0.04175112396478653 -0.03981959447264671 0.035792309790849686 0.04763564467430115 0.04233916103839874 0.05757380276918411 -4.4385666428995354e-39 -0.015058034099638462 -3.0970405645704934e-39 0.008076373487710953 -0.012998683378100395 -0.13973405957221985 0.016299137845635414 0.0727023333311081 -0.013996534049510956 0.03174934163689613 0.00857237447053194 -0.031200304627418518 -0.03765209764242172 -0.027765514329075813 0.04239499196410179 -0.016427388414740562 -0.030740957707166672 0.03565597161650658 -0.004270937759429216 0.012834002263844013 0.010935320518910885 -2.7048237825511023e-05 0.01464932132512331 -0.006986716762185097 0.021247664466500282 0.023047050461173058 -0.03164160996675491 0.013860163278877735 -0.022429797798395157 0.018234584480524063 -0.031464044004678726 0.04361587390303612 -0.032672520726919174 -0.037245091050863266 0.0057348706759512424 0.00933163333684206 0.023159682750701904 0.03414101153612137 0.004685903899371624 -0.025858702138066292 0.04322560504078865 -0.020017337054014206 0.020495537668466568 0.027034765109419823 0.04874717816710472 0.017516296356916428 0.009604218415915966 -0.002414093352854252 0.034707214683294296 -0.03539760038256645 -0.03799302503466606 -0.02274206280708313 0.03441108763217926 0.030134571716189384 -0.008272189646959305 0.013408494181931019 -0.03280574083328247 0.014796317555010319 0.032898981124162674 -0.006535799708217382 0.018683528527617455 0.008143212646245956 0.01576964743435383 -0.03860992193222046 -0.01356043666601181 -0.015157652087509632 0.0022827815264463425 -0.03154577314853668 -0.02107856050133705 -0.03690853342413902 0.028204331174492836 -0.0005928571918047965 -6.379343996512442e-39 0.013125789351761341 -2.4629221808972985e-40 0.014893097802996635 -0.028682319447398186 0.015529836528003216 0.02124294452369213 0.01300757098942995 -0.009030493907630444 0.049005310982465744 0.029317056760191917 -0.009126286953687668 -0.008730755187571049 -0.009262091480195522 -0.003909556660801172 -0.00697547011077404 -0.004997451789677143 -0.006237144581973553 0.04385840892791748 -0.009355474263429642 -0.00680381478741765 0.06684667617082596 0.03685864806175232 0.06141307204961777 -0.006078243721276522 -0.003510539885610342 0.03742794692516327 0.04980400577187538 -0.006976115982979536 0.04115768149495125 0.0007162487599998713 -0.008456927724182606 -0.0066198790445923805 0.057497553527355194 -0.00968657061457634 0.04854879155755043 -0.00784613098949194 -0.006186363752931356 0.029841210693120956 -0.003606107085943222 -0.005345847923308611 -0.009997999295592308 0.06805478781461716 0.060433048754930496 -0.009165644645690918 -0.004687057342380285 -0.008762748911976814 0.023771969601511955 0.07134995609521866 0.05139768123626709 -0.00717825535684824 0.06768517941236496 0.06726989150047302 0.003060286631807685 0.05817325413227081 -0.010051035322248936 0.04865863174200058 0.04881245642900467 -0.008205315098166466 -0.006536497734487057 0.0334358774125576 -0.007470239419490099 0.08007723838090897 0.036583736538887024 0.05982525274157524 -0.010358930565416813 0.02485528402030468 -0.009816544130444527 0.04592139273881912 -0.0036947124172002077 0.0764370933175087 -0.005315898917615414 4.1893415071239737e-39 -0.05973561480641365 -4.9988632221736345e-39 -0.02845945954322815 0.0328160785138607 -0.03282342851161957 -0.061330102384090424 0.05774226039648056 0.03964773193001747 0.04370718449354172 0.03718780353665352 0.10475429147481918 0.0616077184677124 -0.03118033893406391 0.052028805017471313 0.0418427549302578 0.07299011945724487 0.06491410732269287 -0.03150183707475662 -0.032935112714767456 0.07232371717691422 -0.022702904418110847 0.07191988080739975 -0.030038142576813698 0.004539817571640015 0.08339991420507431 -0.029183872044086456 0.05873491242527962 -0.028978358954191208 0.047351233661174774 -0.03333817422389984 0.034238558262586594 -0.028812769800424576 0.025195488706231117 -0.030769525095820427 -0.03300146013498306 0.06537693738937378 -0.032456688582897186 -0.028206322342157364 0.02778262458741665 0.0806739553809166 0.04902569577097893 -0.031409960240125656 0.08685164153575897 -0.03268037736415863 -0.03061257116496563 -0.031644586473703384 0.040864940732717514 0.03578604385256767 -0.03182864934206009 -0.03283871337771416 0.06650795042514801 -0.029632896184921265 -0.02504645474255085 0.06894627213478088 -0.03138400986790657 0.046879842877388 0.08727806806564331 -0.028850259259343147 0.073695607483387 -0.03026534616947174 -0.035629790276288986 0.08211855590343475 0.0639662817120552 0.04467996582388878 -0.026731450110673904 -0.02841135300695896 -0.03342515975236893 -0.03461984172463417 -0.032834749668836594 0.06560744345188141 -0.03294573724269867 1.117236320050939e-37 -0.05379301682114601 -3.4364883019716084e-39 -0.011905568651854992 -0.04350931942462921 0.037660736590623856 -0.05154078081250191 -0.009016820229589939 0.11382532864809036 0.08491119742393494 0.10229673981666565 -0.050668731331825256 -0.04840411990880966 -0.04726124927401543 -0.040886443108320236 -0.04303319379687309 -0.05184220150113106 0.08184340596199036 -0.05185473710298538 -0.04565724730491638 -0.04204810783267021 0.032935578376054764 -0.04396506026387215 0.09621021896600723 0.09283225983381271 0.06871893256902695 -0.052576206624507904 -0.05230729654431343 -0.04718365520238876 -0.041851356625556946 0.09881024807691574 -0.04358214512467384 0.1237340122461319 -0.047803301364183426 0.08160817623138428 0.08401213586330414 0.048214755952358246 -0.04549447447061539 0.12766234576702118 0.054863739758729935 0.12253683805465698 0.06402949243783951 -0.044329892843961716 -0.04319855570793152 -0.04802260175347328 -0.04409635066986084 0.11781486123800278 -0.04450894147157669 0.08952488750219345 0.0921831950545311 -0.04202951490879059 -0.04368632286787033 -0.04893640801310539 -0.048067979514598846 0.1220024824142456 0.06181908771395683 -0.04431263357400894 -0.034574367105960846 0.1114218458533287 -0.04444488137960434 -0.042302753776311874 0.10987299680709839 -0.03971303254365921 0.04921084642410278 -0.05159313604235649 0.059760916978120804 0.09777000546455383 -0.04125291109085083 -0.05076373741030693 0.11602217704057693 0.08231975138187408 -0.038831520825624466 -8.046536041845965e-40 -0.030856117606163025 4.264671108670683e-39 -0.04986424371600151 -0.029572390019893646 -0.011072022840380669 0.008993037976324558 0.013704263605177402 -0.03346097469329834 0.04511677101254463 -0.031776681542396545 0.09209511429071426 -0.03529570996761322 0.07306023687124252 -0.03122095577418804 -0.03533370792865753 -0.03608682006597519 -0.037897899746894836 0.0696570947766304 0.07501359283924103 -0.0319913811981678 -0.03482634201645851 -0.03567153960466385 0.08434778451919556 0.06897705048322678 -0.03248969092965126 -0.03221073001623154 0.11013777554035187 0.08861743658781052 -0.036964111030101776 -0.0369502454996109 0.07092320919036865 -0.033074479550123215 -0.03575121983885765 -0.036548055708408356 0.09993720799684525 -0.03550183027982712 0.08841850608587265 0.09550320357084274 -0.03232385963201523 0.11502738296985626 0.06771892309188843 0.1217431053519249 0.053431421518325806 -0.03631749749183655 -0.030587010085582733 0.07939612120389938 0.06456032395362854 0.0628787949681282 -0.03354800119996071 -0.032432422041893005 0.11190003901720047 -0.03165862709283829 0.04936198517680168 -0.031806495040655136 -0.03678962215781212 0.07088981568813324 0.056323956698179245 -0.03569035604596138 0.062068961560726166 -0.031874820590019226 -0.036293093115091324 0.06097979098558426 0.09797824919223785 -0.027300380170345306 0.07411051541566849 -0.03680628910660744 0.0786227285861969 0.06730566173791885 -0.03511391207575798 -0.03222442418336868 -0.033758774399757385 3.2172369403479545e-39 -0.011095607653260231 2.7075286369344456e-39 0.025482777506113052 -0.038000594824552536 -0.077814482152462 -0.09433862566947937 0.05170086398720741 0.01135506946593523 -0.023983871564269066 0.075369693338871 0.05976158753037453 -0.020759224891662598 0.0727667361497879 0.04370882734656334 -0.016851156949996948 -0.022946953773498535 -0.02107163332402706 -0.02372991479933262 0.07354728132486343 0.0622258223593235 0.02330292947590351 0.03357144445180893 0.03576400876045227 0.005345543846487999 -0.019672902300953865 -0.02675224468111992 -0.007498946040868759 0.05427815020084381 0.06480269134044647 -0.023859724402427673 0.06881032884120941 -0.017476003617048264 0.05913655459880829 0.02061355486512184 0.08673533797264099 -0.02190534956753254 0.01191063690930605 -0.02047797292470932 -0.018691422417759895 -0.011765163391828537 -0.019680481404066086 -0.011656212620437145 -0.023345904424786568 0.033939946442842484 -0.020319366827607155 -0.004927675239741802 -0.028878681361675262 0.039851877838373184 0.04918203875422478 -0.022280123084783554 -0.006934160832315683 -0.019101683050394058 0.041567571461200714 0.06388503313064575 0.039307355880737305 -0.022607209160923958 -0.018237201496958733 0.0707547515630722 0.04082968458533287 -0.01776793599128723 -0.013483649119734764 0.08691710978746414 -0.003949396312236786 0.05579623579978943 0.056551702320575714 -0.0027044666931033134 -0.01593482494354248 -0.023947544395923615 -0.012604844756424427 0.01600726880133152 0.06230287253856659 5.7140523272018774e-39 0.00036664798972196877 4.5704582556602515e-39 -0.02080921269953251 0.002026743022724986 0.03915168344974518 -0.040030863136053085 0.02248494327068329 0.07154715806245804 -0.004291484132409096 0.0511624850332737 -0.004313947632908821 -0.004273396451026201 0.030149852856993675 -0.0042719184421002865 -0.004343339242041111 -0.004321335814893246 -0.0042811427265405655 0.0009326657745987177 0.053063299506902695 0.002194673754274845 0.03498052433133125 -0.004419584758579731 0.06586968153715134 -0.004330483265221119 -0.004274389706552029 -0.004301880486309528 0.04067220538854599 -0.004297187551856041 -0.005602216813713312 0.04441037029027939 -0.0042974213138222694 -0.005273403599858284 -0.004791147541254759 -0.004290037322789431 0.001384649658575654 0.029660051688551903 0.033696774393320084 -0.004373834002763033 -0.004320330917835236 -0.004285935312509537 -0.004310415592044592 -0.004316387232393026 -0.004312184639275074 -0.00428052619099617 0.0304548479616642 -0.004351540934294462 0.04496922716498375 0.05626600608229637 -0.004346048459410667 -0.004292484372854233 0.0646834746003151 0.0447339192032814 -0.004355090670287609 -0.00429688673466444 -0.004339905455708504 0.05100756883621216 0.03832758963108063 0.061781540513038635 0.030654242262244225 0.04071255028247833 -0.0042986697517335415 0.058331456035375595 0.007819968275725842 -0.004259783774614334 -0.004323303699493408 0.044826433062553406 -0.004406302701681852 0.05356000363826752 0.02622370608150959 -0.004265318159013987 0.03122880682349205 4.166256516222687e-40 0.019176863133907318 -2.5786301976935273e-39 -0.016714366152882576 -0.02697143517434597 -0.07600197196006775 -0.14986686408519745 -0.11549409478902817 -0.01730608195066452 -0.07094208151102066 0.026064470410346985 0.08136600255966187 0.011307304725050926 0.08669755607843399 -0.0073442403227090836 0.05304430425167084 0.019214622676372528 -0.039635803550481796 0.07522592693567276 0.06672243773937225 -0.02615579031407833 0.059826504439115524 0.05122354254126549 -0.038636114448308945 -0.06422414630651474 -0.043632231652736664 0.08351821452379227 0.011433575302362442 -0.040213510394096375 -0.009043371304869652 0.08095934242010117 -0.035181496292352676 -0.032252829521894455 -0.04745033383369446 0.04995575174689293 -0.05269318073987961 -0.0709836333990097 -0.03176738694310188 0.04283519089221954 0.05994376540184021 0.0968041867017746 -0.03723090514540672 0.04116354510188103 0.09550141543149948 0.0341666154563427 -0.02125193178653717 -0.06324461102485657 0.07911782711744308 0.018557285889983177 -0.018810899928212166 0.013594605959951878 0.034363117069005966 -0.02629680186510086 -0.07803938537836075 -0.038242124021053314 0.05540713667869568 -0.040296781808137894 0.07051291316747665 0.07146800309419632 0.0181623212993145 -0.05110238492488861 -0.0284209493547678 0.06513295322656631 0.07660451531410217 -0.059339482337236404 0.07879456132650375 -0.06279710680246353 -0.04444282501935959 -0.053839392960071564 0.0016727169277146459 0.008544337004423141 0.027850760146975517 2.0437573764576733e-39 0.01077068131417036 -4.2244188102829525e-39 0.010802051052451134 -0.08240371197462082 -0.039886873215436935 -0.00618311483412981 0.028978975489735603 -0.03232045844197273 -0.03391644358634949 -0.029781922698020935 -0.030161751434206963 -0.03241727128624916 0.0695398822426796 -0.03149227797985077 -0.033425457775592804 0.055415987968444824 -0.032043229788541794 0.01691511459648609 -0.033422067761421204 0.08812033385038376 -0.031907785683870316 0.048157960176467896 -0.029983792454004288 -0.03476792201399803 -0.03416167572140694 -0.03185562044382095 -0.034535571932792664 -0.03420710563659668 0.04131525009870529 0.049681637436151505 0.026685088872909546 0.03536061942577362 0.03279179707169533 -0.03378276899456978 0.03607337549328804 0.028420234099030495 0.07762724906206131 0.07246135920286179 -0.020201239734888077 0.07464638352394104 0.05604502558708191 -0.031656064093112946 0.05616027116775513 -0.03007221221923828 0.05409938469529152 0.047772426158189774 0.05588671937584877 -0.03185197710990906 -0.03213225677609444 -0.032156072556972504 0.013716869056224823 0.06455335021018982 -0.030371597036719322 0.032739415764808655 -0.03282295539975166 -0.034166499972343445 0.00016434898134320974 0.04379771277308464 0.09402131289243698 -0.031082049012184143 0.05059110000729561 0.08149676769971848 0.08541830629110336 0.013666062615811825 0.07598099857568741 -0.034108880907297134 0.04377390071749687 0.023179328069090843 0.03320419415831566 -0.03215872496366501 0.028189701959490776 -2.238392127958533e-40 -0.01426143292337656 7.544731061771248e-40 0.0020267521031200886 -0.02121720090508461 0.017732953652739525 -0.004175723530352116 -0.027125174179673195 0.022038009017705917 0.03576074540615082 -0.006813555024564266 -0.01047403272241354 0.02796315774321556 -0.01297243032604456 -0.010244935750961304 0.04205578938126564 -0.009950964711606503 0.021962463855743408 -0.01192456018179655 0.04919767752289772 0.023495446890592575 -0.009414278902113438 -0.006930982694029808 0.028244053944945335 -0.009156673215329647 -0.010637035593390465 0.03647076338529587 -0.011901159770786762 0.04377519339323044 -0.003544095903635025 -0.00972815603017807 0.03121121972799301 -0.011262305080890656 0.02887311764061451 -0.008882134221494198 0.024587217718362808 -0.00629779975861311 0.027711208909749985 0.038718994706869125 0.025333018973469734 0.038218699395656586 -0.010326776653528214 0.03913445770740509 0.02504171058535576 0.023320842534303665 -0.009916651993989944 -0.009802525863051414 -0.009381051175296307 0.04966594651341438 -0.01004438940435648 0.017876850441098213 -0.009692855179309845 0.03992909938097 -0.010845482349395752 -0.008504509925842285 -0.010860259644687176 -0.008304489776492119 -0.011231212876737118 -0.00930092204362154 0.02931010164320469 -0.005374575033783913 0.023456597700715065 -0.007700162008404732 0.020100103691220284 -0.011257367208600044 -0.009219919331371784 -0.008538548834621906 -0.009667237289249897 0.051529135555028915 -0.005982342641800642 0.0257729385048151 0.04474618658423424 5.641729912159609e-39 -0.01778220571577549 2.1562185847120614e-39 -0.04865116998553276 -0.03476157411932945 0.008476782590150833 0.004908705595880747 0.0015530757373198867 0.05554727837443352 0.05337144434452057 -0.012848543003201485 -0.013401618227362633 -0.013322629034519196 0.05331031233072281 -0.012639576569199562 -0.014337701722979546 0.046673551201820374 0.05886078625917435 -0.012663663364946842 -0.010769124142825603 -0.013461540453135967 0.03613126277923584 0.001969415694475174 -0.012726436369121075 -0.012087082490324974 -0.013937159441411495 -0.014836274087429047 -0.015511393547058105 -0.009807677008211613 0.04398840665817261 0.03537926822900772 -0.015385185368359089 -0.01174326241016388 -0.010941755957901478 -0.012468874454498291 -0.013557175174355507 -0.014413162134587765 0.06305062025785446 -0.012735642492771149 0.041347257792949677 -0.009996609762310982 -0.012452485971152782 -0.014327573589980602 -0.012292620725929737 0.04520522803068161 -0.014391502365469933 -0.010667320340871811 -0.012661192566156387 0.03787601366639137 -0.015139983966946602 0.056461744010448456 -0.01288917288184166 0.05494505912065506 0.03584840148687363 -0.00998489186167717 -0.014525800943374634 0.06640657782554626 0.05108648166060448 0.06765569001436234 0.002649411791935563 -0.01447458565235138 0.05672161653637886 -0.012606433592736721 0.023569488897919655 -0.01588902622461319 -0.01533966138958931 0.0567166693508625 0.049962565302848816 -0.013773945160210133 0.058091696351766586 -0.013016223907470703 -0.013098195195198059 5.065845288768361e-39 -0.018729249015450478 2.3960522181797182e-40 0.06632334738969803 -0.014504958875477314 -0.09528577327728271 -0.05449270084500313 -0.014233973808586597 -0.03471312299370766 0.041512057185173035 -0.03314029425382614 -0.010117915458977222 0.07231771945953369 0.0020609109196811914 0.014423998072743416 -0.01148248091340065 0.028396369889378548 0.04980163648724556 -0.02954511158168316 0.03305628523230553 -0.034049659967422485 -0.03136047348380089 -0.01718500442802906 -0.022462327033281326 -0.03475474193692207 -0.0132878627628088 0.07599624991416931 -0.03272687643766403 -0.0300594475120306 -0.023869238793849945 -0.005631591193377972 0.08693984150886536 -0.03288364037871361 0.04882572218775749 0.08395133167505264 -0.03708329796791077 -0.031375493854284286 0.05912312865257263 -0.019855203106999397 -0.018740640953183174 -0.0171569362282753 0.05285242572426796 0.00883419904857874 -0.03344286233186722 0.07137636840343475 -0.029208429157733917 0.07577680051326752 0.06410408020019531 0.0995711088180542 0.06334613263607025 0.08830687403678894 -0.03405427932739258 0.007559196557849646 -0.02979750744998455 0.04953407496213913 0.03930509835481644 -0.03561884164810181 0.05475126951932907 0.07623282819986343 -0.03772812336683273 0.0228938776999712 0.07892550528049469 0.005858792923390865 0.047980643808841705 0.0584455169737339 -0.0345182791352272 0.03086576797068119 -0.027765121310949326 -0.0008566525066271424 0.0639520213007927 0.10081169009208679 0.06147603690624237 -6.603464870299625e-40 -0.025093520060181618 2.2762201800029815e-39 -0.005423528142273426 0.003861343488097191 -0.0594269260764122 -0.03466595709323883 0.053313519805669785 0.03309454396367073 0.048213884234428406 0.005474452394992113 -0.002333681331947446 -0.011659977957606316 0.03550110012292862 0.03137379139661789 0.01577523723244667 -0.013783390633761883 -0.01635923609137535 0.0326058454811573 -0.017869729548692703 0.011138691566884518 0.00997356977313757 0.024142710492014885 -0.0013514086604118347 0.032575927674770355 0.025571666657924652 -0.018198013305664062 0.04151536524295807 0.02088899537920952 0.01250413153320551 -0.013983754441142082 -0.012183994986116886 -0.016104357317090034 -0.004608622286468744 -0.00492143165320158 0.031041722744703293 0.0026878942735493183 0.02681012824177742 -0.013101029209792614 0.025293292477726936 -0.01314748078584671 0.00462378328666091 0.026709504425525665 0.020225072279572487 0.03896798938512802 -0.015343348495662212 -0.0023037693463265896 -0.010642246343195438 -0.010437019169330597 0.024246688932180405 -0.0180102176964283 0.021879645064473152 -0.004636963363736868 0.026826197281479836 -0.012599463574588299 0.014315151609480381 -0.012286248616874218 0.019437028095126152 -0.007589056622236967 -0.013533921912312508 0.018921485170722008 0.015719318762421608 0.005249490961432457 -0.014701602049171925 0.03350026533007622 -0.018707461655139923 0.006387379020452499 0.028005866333842278 0.038178641349077225 -0.012687654234468937 0.0013187472941353917 0.001393008278682828 -5.6717611395485544e-39 0.012683936394751072 2.886344970850621e-38 -0.040707964450120926 -0.007112616673111916 0.02833494544029236 0.028689313679933548 0.1072506532073021 -0.02984475903213024 0.07187798619270325 0.05782722309231758 0.04041781648993492 0.011544792912900448 -0.011230964213609695 -0.027428435161709785 0.018299859017133713 0.06353922188282013 0.0824776142835617 -0.02170400321483612 -0.02967788279056549 -0.007389615755528212 -0.022087905555963516 -0.01707235351204872 0.0873059555888176 0.06804537028074265 -0.022429918870329857 0.058152660727500916 -0.01882709376513958 0.03299853205680847 0.02890842966735363 -0.008943394757807255 -0.03357181325554848 -0.026242394000291824 -0.020927542820572853 -0.027242254465818405 -0.019854288548231125 -0.026749957352876663 0.06368125975131989 0.045348796993494034 0.03999157249927521 0.006575216073542833 0.0677935853600502 -0.0006358663085848093 -0.02754148468375206 0.010555065236985683 0.06613197922706604 0.05042966455221176 -0.02565286122262478 -0.03371549770236015 -0.02721545100212097 0.041772473603487015 -0.023605864495038986 -0.017888886854052544 0.0028990977443754673 0.07260295003652573 -0.022823745384812355 -0.023667365312576294 0.024748750030994415 0.07599549740552902 0.003781856968998909 -0.02821558527648449 0.07313704490661621 0.046436503529548645 -0.03444569930434227 0.06782082468271255 -0.0270503219217062 0.008499743416905403 0.03800670802593231 -0.038068365305662155 0.06814732402563095 -0.023139769211411476 0.030377015471458435 2.7104755676049207e-40 -0.006309480872005224 -6.594240122508974e-39 0.031078703701496124 -0.0332026407122612 0.025800418108701706 -0.12428423017263412 -0.0979919582605362 0.03245430439710617 -0.050138864666223526 0.03143799677491188 0.08546528220176697 0.08259677141904831 0.07625362277030945 0.009226048365235329 -0.04144367203116417 -0.0004486998659558594 -0.016161538660526276 0.05091072618961334 0.07703348994255066 0.06989559531211853 0.004111535381525755 0.071110300719738 0.051636189222335815 0.001995659666135907 0.08044792711734772 0.05595500394701958 0.08772340416908264 0.012292645871639252 -0.019461918622255325 -0.003634796943515539 -0.0156386811286211 0.0007468236144632101 -0.051574476063251495 -0.05210867524147034 -0.028253134340047836 -0.0441867895424366 -0.015730012208223343 0.06445487588644028 0.02214743010699749 0.0019127312116324902 -0.02947467565536499 0.013373255729675293 0.06662186235189438 -0.03542153537273407 -0.016395315527915955 0.041398052126169205 -0.060889557003974915 -0.05070547014474869 -0.009475803934037685 0.11774957180023193 0.034281618893146515 7.568328874185681e-05 0.02235993556678295 0.03241388499736786 -0.04363366961479187 0.040191344916820526 0.054166391491889954 -0.05171249806880951 0.07082417607307434 0.06387770920991898 0.10028816014528275 -0.0401785634458065 0.07821276783943176 -0.04462647810578346 -0.03590431064367294 -0.044601134955883026 0.008686206303536892 -0.05020671710371971 0.04002264142036438 -0.051920086145401 -0.03660592436790466 -4.6298116534151934e-39 0.0004808596277143806 -6.92483585751095e-39 -0.013786492869257927 0.0009981498587876558 -0.05458330363035202 0.025129323825240135 0.007950329221785069 -0.007197457831352949 -0.006871622987091541 0.052904579788446426 -0.007771368604153395 0.038019172847270966 0.017717964947223663 -0.007130140904337168 -0.0068840691819787025 -0.00658401707187295 0.03142862766981125 0.07440528273582458 -0.0071301828138530254 0.03994167223572731 -0.006318005733191967 0.028668221086263657 -0.0064873346127569675 -0.004567188210785389 0.054382238537073135 -0.006994951982051134 -0.007086247205734253 0.03681662678718567 -0.006583792623132467 -0.006544574163854122 -0.00708406837657094 -0.007014462724328041 -0.0065669105388224125 -0.006943972781300545 -0.006623883731663227 0.05382280796766281 0.051857151091098785 -0.006457101088017225 -0.006888128351420164 -0.0008214160334318876 0.03432511165738106 -0.006919553503394127 0.044985074549913406 0.03532605245709419 -0.007110839243978262 -0.007097027730196714 -0.008140858262777328 -0.007039435673505068 0.06968112289905548 -0.006653252057731152 0.05838336795568466 0.08334188163280487 0.0625104233622551 -0.008144821971654892 -0.0071058557368814945 0.05977692827582359 -0.006859653163701296 0.06845008581876755 0.05381762608885765 -0.007276083808392286 0.05948587879538536 0.032380636781454086 -0.006603540852665901 -0.007216049358248711 0.02623486891388893 0.043958090245723724 -0.006599563639611006 -0.006800753064453602 0.04922351613640785 -0.007013797760009766 -0.007230326067656279 2.2945561704086717e-39 -0.0036660791374742985 1.76719150634467e-39 -0.0035548764280974865 -0.003322838107123971 -0.0050080036744475365 -0.003944238647818565 -0.0008849287405610085 0.0031575304456055164 -0.004123863764107227 0.0018785428255796432 0.010352073237299919 -0.0010853057028725743 0.008417077362537384 0.006186676677316427 -0.0006923521286807954 -0.0012080530868843198 0.0011981595307588577 -0.001628884463571012 -0.0009243191452696919 -0.0006487076752819121 -0.0014256569556891918 0.004352436400949955 -0.0015444383025169373 -0.0009700094233267009 -0.001416519982740283 -0.0016267038881778717 -0.002602911787107587 -0.0011213032994419336 0.00291054742410779 -0.0013075359165668488 -0.002279464155435562 0.0033220360055565834 -0.000625944638159126 0.0003963909111917019 -0.0006025044131092727 0.000567447510547936 -0.001268090563826263 -0.00040295731741935015 -0.0006273358012549579 0.0007999588851816952 -0.0007893842994235456 -0.0010287129553034902 -0.0004410503024701029 0.00013278232654556632 -0.0015285370172932744 0.004762205295264721 -0.0020894170738756657 -0.0016379908192902803 -0.000734167464543134 -0.0004948839778080583 0.00971398875117302 0.017966432496905327 -0.0010391949908807874 0.0002684573410078883 0.00024311838205903769 0.003202510764822364 -0.0008476088405586779 -0.005084455944597721 -0.0011411422165110707 -0.0009727880824357271 -0.001130897318944335 0.0031012201216071844 -0.0015266053378582 -0.0013251587515696883 -0.0011346930405125022 0.0006320488755591214 -0.00042023550486192107 0.0006993523566052318 -0.000964329345151782 -0.00031274533830583096 0.00766199454665184 3.566853900704675e-39 0.007401115261018276 -7.817255587113138e-40 -0.06947210431098938 0.007680707611143589 -0.021613892167806625 -0.03606362268328667 0.014363083057105541 -0.03136816620826721 0.09257639944553375 0.03494129702448845 -0.031943682581186295 -0.030572548508644104 0.08030670136213303 0.041899777948856354 -0.028861792758107185 -0.028344566002488136 -0.027656620368361473 0.02372000366449356 -0.028938932344317436 0.08863963931798935 0.07990480214357376 -0.02673906460404396 0.09039472788572311 -0.029020145535469055 -0.027144500985741615 -0.028940873220562935 0.036806631833314896 0.096324123442173 0.07702320069074631 0.050178445875644684 -0.030184324830770493 0.039389487355947495 -0.02901255339384079 -0.027906028553843498 0.0912788063287735 0.03662250563502312 -0.01897897571325302 0.06579191982746124 -0.020933350548148155 -0.0286311823874712 -0.028584672138094902 -0.029973050579428673 -0.02806403860449791 -0.030743207782506943 -0.003274530405178666 -0.024765562266111374 -0.028360748663544655 0.033767953515052795 0.09984920918941498 0.027907023206353188 0.01032961905002594 -0.029320748522877693 -0.02777019329369068 0.0821564570069313 0.004553061444312334 0.06935713440179825 6.914391997270286e-05 -0.02918856032192707 0.08940355479717255 -0.02943742834031582 0.09768733382225037 0.09244289249181747 -0.029911702498793602 -0.034161392599344254 -0.026246773079037666 0.07002359628677368 -0.029756855219602585 -0.03082147240638733 -0.02914551831781864 -0.03009284846484661 -0.028142049908638
b1 64
0.14226387441158295 0.14366032183170319 -0.005683232564479113 0.11298152804374695 0.11290471255779266 -0.0270397886633873 0.14813359081745148 0.06748242676258087 0.07553572952747345 0.1566919982433319 0.13880331814289093 0.026077957823872566 0.014744908548891544 0.05795956030488014 -0.02418411895632744 0.08935005217790604 0.10905519872903824 0.050025489181280136 -0.007959295995533466 0.1519687920808792 0.017181534320116043 0.1434919685125351 0.09824885427951813 0.09131276607513428 -0.008406823500990868 -0.0359668992459774 -0.00023529151803813875 0.010891391895711422 0.1673501580953598 -0.00721720652654767 0.07623960077762604 0.09980419278144836 0.004679085686802864 0.0519057996571064 -0.02699846588075161 0.052482254803180695 0.05265692621469498 0.10406163334846497 0.09377370029687881 0.009555253200232983 0.1024017333984375 0.03806787356734276 0.10009611397981644 0.03895074874162674 0.10282612591981888 0.13666582107543945 0.03063618391752243 0.03649966046214104 0.10580708831548691 0.06867785006761551 0.05522496998310089 0.058623891323804855 0.01659304089844227 0.09335558116436005 0.16116462647914886 0.05490285903215408 0.017243945971131325 0.07852648198604584 0.01702561415731907 -0.041339073330163956 0.1137688010931015 0.003645810065791011 -0.0069234296679496765 0.14589375257492065
W2 4096
-0.009262996725738049 0.06517518311738968 0.059068627655506134 0.007810337468981743 0.06848997622728348 0.002580405678600073 -0.009469202719628811 0.004156953189522028 0.037603504955768585 -0.002364419400691986 0.014669446274638176 -0.01392487995326519 -0.017203031107783318 0.06372042745351791 0.0031829397194087505 -0.005744500085711479 0.04712149128317833 0.028254972770810127 -0.022560127079486847 0.019619574770331383 0.029902352020144463 0.10354634374380112 -0.0283918846398592 0.01813814602792263 -0.021704692393541336 -0.004731721710413694 0.04599544405937195 0.08915094286203384 0.09674546867609024 0.019372060894966125 0.07274682074785233 0.06277281790971756 0.04541108012199402 -0.006877030711621046 -0.02356661856174469 0.06510744243860245 -0.02140020951628685 0.0004761011805385351 0.04366594925522804 -0.007139591034501791 -0.022144008427858353 0.01723290979862213 0.04873734712600708 0.04092984274029732 0.04014509543776512 0.09049012511968613 0.015841873362660408 -0.0068238056264817715 0.054169341921806335 0.09060538560152054 0.09234578907489777 -0.023149767890572548 -0.007116495165973902 -0.0012100128224119544 -0.00040542875649407506 0.017029086127877235 0.016651879996061325 0.01121754664927721 -0.019429387524724007 -0.0009492292301729321 0.0756777822971344 0.02026698738336563 -0.007132112979888916 -0.022614073008298874 -0.012544181197881699 -0.009543634951114655 0.010481542907655239 0.02064250409603119 -0.023518243804574013 -0.0037721870467066765 -0.02026798017323017 -0.01222275011241436 0.004689757712185383 0.0018260242650285363 0.03544771671295166 0.01138013880699873 0.018370507284998894 -0.015541506931185722 0.020980488508939743 -0.0052771177142858505 0.024851325899362564 0.005656138528138399 -0.012522847391664982 0.01126999780535698 -0.013467319309711456 0.026642613112926483 -0.023217013105750084 0.01082697045058012 0.030284902080893517 -0.007743070367723703 0.006878944579511881 -0.004857669584453106 0.01010054163634777 -0.009592416696250439 0.0013924252707511187 -0.020221419632434845 0.025619972497224808 -0.006264153402298689 0.027034685015678406 -0.0198591910302639 -0.0014072094345465302 -0.009335257112979889 -0.007749587297439575 0.010424239560961723 -0.0048388829454779625 0.00518312631174922 -0.018343118950724602 -0.0020360408816486597 -0.01681482046842575 -0.011016336269676685 0.00042535411193966866 -0.0007066860562190413 -0.015062282793223858 0.009521199390292168 -0.010050785727798939 0.01608722098171711 -0.004464533645659685 0.016035201027989388 0.036390893161296844 0.013747159391641617 -0.0016834998968988657 -0.011276648379862309 0.014715239405632019 0.015054210089147091 0.006605131085962057 -0.001223171828314662 0.0009715644991956651 -0.007482534274458885 -0.015833571553230286 -0.026228338479995728 0.0023540102411061525 0.022427024319767952 -0.020859558135271072 -0.01142650656402111 -0.012443289160728455 0.03655610233545303 -0.013018780387938023 0.0364435538649559 -0.0016772565431892872 -0.007945721969008446 0.010343320667743683 -0.011423617601394653 0.004193537402898073 0.001660860376432538 -0.008773133158683777 -0.014333407394587994 -0.005900086835026741 0.015520324930548668 0.02389656752347946 0.015528818592429161 -0.0031266072764992714 -0.0044999863021075726 -0.010324799455702305 0.00918396096676588 0.0007422915077768266 -0.009556497447192669 0.01566062681376934 0.014113564044237137 0.029997358098626137 -0.014143292792141438 0.023420734331011772 -0.009159226901829243 1.5942854588502087e-05 -0.005534033291041851 0.0028746449388563633 -0.013637385331094265 0.004022706300020218 0.007664876524358988 -0.019847076386213303 0.009758933447301388 -0.018250133842229843 -0.018986018374562263 0.024378566071391106 0.031763169914484024 0.0006397340912371874 -0.011078920215368271 0.026776311919093132 0.009274682030081749 0.007716927211731672 -0.011635213159024715 0.003286693012341857 0.027040593326091766 0.03509015962481499 0.002646411769092083 -0.006691285874694586 0.021997420117259026 -0.00393254216760397 -0.006757632363587618 0.02337273210287094 0.01738615520298481 -0.003968635108321905 -0.014619751833379269 0.10496588796377182 0.006958261132240295 0.08798085898160934 -0.0004698021220974624 0.032333727926015854 -0.0022382645402103662 -0.011051751673221588 0.03734348714351654 0.05573742836713791 0.04523877799510956 0.07923393696546555 0.0103691965341568 0.05848522111773491 0.07677332311868668 -0.02285003662109375 0.07781268656253815 0.06982732564210892 -0.025280121713876724 -0.017498979344964027 -0.009200472384691238 -0.01688532903790474 0.08170214295387268 -0.03078165277838707 0.0603499561548233 0.05473152548074722 0.0017182473093271255 -0.004553509876132011 0.003597848815843463 0.05919674411416054 0.016900887712836266 0.036180529743433 -0.0077199372462928295 -0.02667911723256111 -0.0023337979800999165 0.008580668829381466 0.0011704626958817244 0.006239533890038729 0.022319214418530464 0.012890038080513477 -0.0011659498559311032 -0.023089827969670296 -0.025695737451314926 -0.003805556334555149 -0.0259262602776289 -0.02447468228638172 0.02389434538781643 -0.014925552532076836 0.008752848021686077 0.041948094964027405 0.017916124314069748 0.10400588810443878 0.08433922380208969 0.01659715175628662 0.09888052195310593 0.07980510592460632 0.023081941530108452 0.019072141498327255 -0.002615093719214201 0.06609831005334854 0.037423767149448395 0.06987403333187103 0.0005319560877978802 0.014121046289801598 0.10138031840324402 0.023648684844374657 0.12026184052228928 0.10850488394498825 0.11603318899869919 0.010147130116820335 -0.007390059996396303 0.09173140674829483 0.008943113498389721 0.03368070349097252 0.0948934406042099 0.006637075915932655 -0.015402406454086304 -0.0014908037846907973 -0.047818899154663086 -0.023418275639414787 0.06369198858737946 0.07623438537120819 0.03149472922086716 -0.00602206215262413 0.0237211175262928 0.034987807273864746 0.05601993948221207 -0.015710460022091866 0.07351195812225342 -0.04282750189304352 -0.0290114413946867 0.0748714804649353 0.001096226624213159 0.07046957314014435 0.09338237345218658 0.0816429853439331 0.06699720025062561 -0.00040308453026227653 0.03980400413274765 -0.03737110644578934 0.06128972768783569 -0.04343816637992859 0.0965791791677475 0.06159099191427231 0.01758253015577793 0.042389050126075745 -0.021689949557185173 0.02903410792350769 -0.0063212718814611435 -0.008270232938230038 0.11777571588754654 -0.023337949067354202 0.02656373754143715 0.027022825554013252 0.059517208486795425 -0.02701251581311226 -0.04693547263741493 0.0026672077365219593 -0.008433575741946697 0.02850308269262314 0.0958787202835083 0.07450156658887863 0.09640277177095413 0.024967562407255173 0.004114795010536909 0.010074966587126255 -5.109040648676455e-05 0.03994372859597206 0.06672606617212296 0.032111313194036484 -0.006027017720043659 0.027195913717150688 0.02160719968378544 0.016998933628201485 -0.006256492808461189 -0.0032160680275410414 0.016191648319363594 -0.00017382338410243392 0.020750563591718674 0.05886324495077133 0.008227146230638027 0.054030098021030426 0.024858132004737854 -0.00223371060565114 0.012011623941361904 0.0464508980512619 0.011575053445994854 -0.009240525774657726 0.03748560696840286 0.025351297110319138 0.006996731273829937 -0.0062256851233541965 0.05433649197220802 -0.004565760027617216 0.0036198131274431944 -0.008411130867898464 0.019427672028541565 0.03695705533027649 0.034135013818740845 0.01566985994577408 0.006064826622605324 0.03656423091888428 0.039864879101514816 0.01444215513765812 -0.008791315369307995 -0.011737335473299026 0.011229682713747025 -0.01262697484344244 0.030878720805048943 0.015516839921474457 0.004965145606547594 -0.005300735589116812 0.020521147176623344 0.06610184907913208 0.03506622090935707 0.0011733255814760923 0.007188983261585236 -0.014611932449042797 0.07799410074949265 -0.011144359596073627 0.02809714712202549 0.013900143094360828 -0.004834812134504318 0.0522221103310585 0.016854945570230484 -0.003230170113965869 0.033475153148174286 -0.016832619905471802 0.017828769981861115 0.03535326197743416 -0.004234794527292252 0.0011902076657861471 0.05962551757693291 0.05076516792178154 0.05198073387145996 0.02495696023106575 0.02174181304872036 0.09676702320575714 0.03744561970233917 0.02475891448557377 -0.010349196381866932 0.043028973042964935 0.08851797133684158 0.029124485328793526 0.05659770593047142 0.013657644391059875 0.03515170142054558 -0.025369103997945786 -0.013281862251460552 -0.025969401001930237 -0.005667797289788723 -0.008409018628299236 0.08485881239175797 -0.013030871748924255 -0.013682522810995579 -0.011151757091283798 0.086362823843956 0.05650107562541962 -0.009528156369924545 -0.011281562969088554 0.01633569970726967 0.002340455772355199 0.00846334919333458 -0.019455263391137123 0.02868395857512951 0.07495321333408356 -0.028626633808016777 0.031916990876197815 0.06737874448299408 -0.014599177055060863 0.05000711977481842 -0.03153257817029953 0.04440668597817421 -0.012126066721975803 0.07044484466314316 0.0071905809454619884 0.09644342213869095 0.09801794588565826 0.11092541366815567 -0.01620204746723175 0.06376069039106369 0.07488146424293518 0.03503795713186264 0.10398440062999725 0.05182166025042534 0.028960879892110825 0.11159839481115341 0.06985195726156235 -0.02701772376894951 0.02030169777572155 0.018556293100118637 -0.03735392168164253 0.0032549086026847363 0.08187469094991684 0.003393605351448059 -0.02832273207604885 0.04208642244338989 0.004578615538775921 0.009813942946493626 0.010854420252144337 -0.003606622340157628 0.0065731811337172985 0.009824960492551327 -0.009070298634469509 0.015444431453943253 -0.007092219311743975 0.000775049498770386 -0.0016102084191516042 -0.002965908497571945 -0.001512432238087058 0.01038331538438797 -0.0034635160118341446 -0.0022097367327660322 -0.0033759756479412317 -0.006237042602151632 -0.0012087216600775719 0.012997443787753582 -0.003647365840151906 0.0020570603664964437 -0.010395090095698833 0.002247596625238657 0.008159514516592026 -0.0008510765619575977 -0.003244782332330942 -0.003227190114557743 0.02816835418343544 0.01656569354236126 -0.004770826548337936 0.003716162173077464 0.004965950734913349 -0.004412086680531502 -0.0015646446263417602 -0.0048471917398273945 -0.0024973442777991295 0.012876277789473534 -0.003101363079622388 -0.005361172370612621 -0.010869786143302917 0.0010035887826234102 -0.003172879572957754 0.0014714031713083386 -0.014365444891154766 -0.009114297106862068 -0.0023774001747369766 0.005115585867315531 7.004123472142965e-05 -0.003765800269320607 -0.0027242579963058233 -0.0038838547188788652 0.0013711868086829782 -0.00811614841222763 -0.0038192053325474262 -0.0042190467938780785 0.0024604161735624075 -0.0058319163508713245 0.013067750260233879 -0.002397898118942976 0.01663859561085701 -0.002156810136511922 0.0027034240774810314 -0.01132626086473465 -0.005996286869049072 0.0031240826938301325 0.024070193991065025 0.033386457711458206 0.06813184171915054 -0.01052287220954895 0.021151892840862274 0.07332707196474075 0.055510036647319794 0.029782302677631378 0.0730406865477562 0.00015415422967635095 0.04428716003894806 -0.0201126616448164 -0.011985303834080696 0.029215583577752113 0.06800715625286102 0.06270737200975418 0.01599239557981491 0.0800107941031456 0.020033663138747215 0.07376321405172348 0.045678142458200455 0.0717625841498375 0.014544559642672539 -0.00653438363224268 -0.015098480507731438 0.025995075702667236 0.009374788962304592 -0.011628078296780586 0.0006716124480590224 0.035505253821611404 0.014174310490489006 0.067462258040905 0.008377205580472946 -0.013724103569984436 0.0036055988166481256 -0.028507523238658905 -0.017807189375162125 -0.01187993586063385 0.06565424799919128 0.0020824128296226263 0.047816380858421326 0.002420328091830015 -0.001643476658500731 0.0590217299759388 0.04678897559642792 -0.008340119384229183 0.011801430955529213 0.08103707432746887 0.014380290172994137 0.04694941267371178 -0.022364838048815727 -0.018343016505241394 0.0219215489923954 0.0045760441571474075 -0.005486616864800453 0.06716472655534744 -0.007008924148976803 -0.003999372012913227 0.0038131054025143385 0.014275697059929371 -0.011910959146916866 0.05707104131579399 0.09377729147672653 0.11199317872524261 0.07656747102737427 0.02771419659256935 0.06882396340370178 0.03611382097005844 -0.0016284803859889507 0.07071810960769653 0.07125964760780334 0.04683860391378403 0.10369370132684708 0.033641517162323 -0.027019048109650612 0.03509144112467766 0.0024938674177974463 0.06271366029977798 0.061282120645046234 0.06162815913558006 -0.004990125074982643 -0.009465939365327358 0.04489150270819664 0.02775908075273037 -0.003597124945372343 0.04449981823563576 0.06009102612733841 -0.030899174511432648 -0.031408898532390594 0.0635947734117508 0.04724327102303505 0.04329017177224159 0.02721458114683628 0.028016583994030952 -0.03810545802116394 0.06651405245065689 0.055875107645988464 0.030260177329182625 0.07296454161405563 -0.02235608547925949 -0.027569053694605827 0.025137227028608322 0.013009759597480297 0.06836090236902237 0.08342863619327545 0.01839808188378811 0.04112076759338379 0.07514116168022156 0.020848682150244713 0.06823331117630005 0.0844184011220932 0.10785995423793793 0.09573487937450409 0.04505649954080582 -0.02902968041598797 0.00784774124622345 -0.018342120572924614 0.0072912657633423805 -0.03071056492626667 0.02686591073870659 0.0019437343580648303 -0.014146589674055576 0.06300127506256104 -0.04092390090227127 0.019930481910705566 0.05272166430950165 0.04027310386300087 0.05719754844903946 0.04108042269945145 0.0606747604906559 0.04222361370921135 -0.004327084869146347 -0.0035916392225772142 0.06227878853678703 0.025931604206562042 0.02399737574160099 0.06259675323963165 0.010969911701977253 0.04883177578449249 0.016086341813206673 0.012305449694395065 0.035756077617406845 0.053554218262434006 0.03467593342065811 0.008673632517457008 0.06619451940059662 0.017419226467609406 0.06647369265556335 -0.010469342581927776 0.06073862314224243 0.016433238983154297 -0.004816263914108276 0.0017250435194000602 -0.014148697257041931 0.01590876281261444 0.012680216692388058 0.0396810919046402 0.04020661115646362 -0.011707027442753315 0.025031128898262978 0.003698189975693822 0.025306446477770805 -0.0018189824186265469 0.00032052272581495345 -0.015177177265286446 0.018860867246985435 0.0405019074678421 -0.014497600495815277 0.009972989559173584 0.012325376272201538 -0.018901359289884567 0.01565069705247879 0.038230523467063904 0.02028757333755493 0.041603755205869675 0.07191309332847595 0.0004508963320404291 0.03400079160928726 0.004104618448764086 0.011184319853782654 0.03831476345658302 0.012713397853076458 0.029040992259979248 0.002630126429721713 0.012786783277988434 0.02729807235300541 0.06132206320762634 -0.0005935602821409702 -0.002863924019038677 0.050887659192085266 -0.014166902750730515 -0.00463478546589613 -0.0067283944226801395 -0.008704137988388538 -0.005219550337642431 -0.0016367047792300582 0.004131055437028408 -0.023989057168364525 -0.009420608170330524 -0.01754547841846943 -0.008799293078482151 0.004947936628013849 -0.012000798247754574 0.0047505320981144905 -0.00041703417082317173 -0.011441702023148537 -0.0056730941869318485 -0.011488017626106739 0.0043286471627652645 0.01938975416123867 -0.005985966417938471 -0.0036710312124341726 -0.013772180303931236 -0.0068354555405676365 -0.006432699505239725 0.004327724687755108 -0.0007020827033556998 -0.008224238641560078 0.00073855253867805 0.003697745269164443 0.011762522161006927 -0.0035843909718096256 0.0007331796223297715 0.00747161777690053 0.001070136670023203 -0.0034016151912510395 -0.011294742114841938 -0.021119888871908188 0.0035595777444541454 -0.006087282206863165 0.0022978466004133224 0.015142814256250858 -0.009848453104496002 -0.00800615269690752 0.009714643470942974 -0.0025291789788752794 -0.006652495823800564 -0.002613574033603072 -0.01171211525797844 -0.01101282425224781 -0.0019425095524638891 0.010146839544177055 0.006527718156576157 0.009166442789137363 0.008606716059148312 -0.002056549536064267 -0.010042705573141575 -0.0037028775550425053 -0.005557254422456026 0.00635635107755661 0.0086394427344203 0.0021473693195730448 -0.0031872496474534273 -0.00701160030439496 0.005177758168429136 0.008293595165014267 0.03620810806751251 0.058857157826423645 0.013035262934863567 -0.0018561906181275845 0.041022151708602905 0.03499703109264374 0.01743832230567932 0.004176747985184193 0.009156410582363605 0.024788573384284973 0.01699032448232174 0.038429148495197296 -0.00411120755597949 -0.01360375713557005 -0.011816094629466534 0.03428208827972412 0.006924294400960207 0.04238811880350113 0.010156342759728432 0.022931894287467003 -0.0006657514604739845 0.06581240147352219 0.024161286652088165 0.005456374026834965 0.019359875470399857 0.03460090979933739 -0.020400820299983025 0.003110578516498208 0.0020576489623636007 0.01797276921570301 0.014420625753700733 -0.010797206312417984 -0.0005847217398695648 0.005579994525760412 -0.0048554446548223495 -0.025242453441023827 0.025878751650452614 0.016346240416169167 0.002682850230485201 0.03831687942147255 0.06110937520861626 0.04343341663479805 0.03512712940573692 0.02095208130776882 0.037520911544561386 -0.015152113512158394 0.01577654294669628 0.009328422136604786 0.049989379942417145 0.02191811427474022 0.016716243699193 0.03838265314698219 0.021759359166026115 0.005369457416236401 0.02334003522992134 0.021534107625484467 -0.001395256258547306 0.005192899145185947 0.030960120260715485 0.013245640322566032 0.01373285986483097 0.013004468753933907 -0.014382317662239075 -0.006099781487137079 0.008569514378905296 -0.007752764504402876 0.015089448541402817 0.007289879489690065 -0.05120721831917763 -0.05165364593267441 -0.00876788143068552 -0.026132971048355103 0.020482070744037628 -0.01800285279750824 -0.010945514775812626 0.02136770449578762 -0.03142138198018074 -0.03349030762910843 -0.035090167075395584 0.02892298251390457 -0.0036334828473627567 -0.017926480621099472 -0.012538714334368706 -0.04534018784761429 0.027553686872124672 -0.022312482818961143 0.03408258035778999 -0.0029976407531648874 -0.011539631523191929 -0.02354774996638298 0.010367135517299175 -0.016629038378596306 0.008940284140408039 0.024268127977848053 -0.023554224520921707 -0.024590618908405304 -0.020812399685382843 -0.004953759256750345 0.009548528119921684 -0.03720224276185036 -0.016873696818947792 0.03422088176012039 0.006614299491047859 -0.02998541295528412 0.019381575286388397 -0.010159589350223541 0.027051057666540146 -0.016991766169667244 0.03676223382353783 -0.0027967970818281174 -0.03689853847026825 0.0111961355432868 0.009505490772426128 0.03710561990737915 -0.009870304726064205 0.0031551613938063383 -0.017479971051216125 -0.002720217453315854 -0.00680310046300292 -0.011119355447590351 -0.0064975786954164505 -0.0016308241756632924 0.04456231743097305 0.005858799442648888 -0.011050861328840256 0.017143744975328445 -0.008506441488862038 -0.012442666105926037 0.014251168817281723 0.027887621894478798 0.018252624198794365 -0.0018003486329689622 0.006769687402993441 0.0007713372469879687 0.008758114650845528 -0.027249904349446297 0.02527843788266182 0.004758485127240419 0.0006656171754002571 -0.010234438814222813 -0.0032694183755666018 0.022749725729227066 -0.015399329364299774 -0.005245402920991182 -0.016448423266410828 0.017383569851517677 0.013552605174481869 -0.0224761962890625 -0.00637359032407403 -0.004500250332057476 -0.0004994739429093897 -0.003953504841774702 0.003797109005972743 0.0193422120064497 -0.005485258996486664 0.004011782817542553 0.028916211798787117 0.020229879766702652 -0.013624189421534538 0.023675361648201942 0.009014423936605453 0.03124280273914337 0.009980247355997562 0.02653440646827221 -0.010382600128650665 -0.0062765637412667274 0.01227038074284792 -0.004060743842273951 -0.003232458606362343 -0.007424124516546726 -0.012047894299030304 -0.021317878738045692 0.02190938964486122 -0.009348278865218163 0.04211611673235893 0.033101409673690796 0.03160936385393143 0.01796521618962288 0.02525712177157402 -0.01544051431119442 0.036938972771167755 -0.007663836237043142 0.004179070703685284 -0.008658393286168575 -0.02249845489859581 0.025373097509145737 0.021004972979426384 0.011177479289472103 0.0036901524290442467 0.040991608053445816 -0.018138939514756203 -0.016048356890678406 0.008826019242405891 3.7856596463825554e-05 -0.01754777319729328 -0.0018667953554540873 -0.0019129067659378052 -0.01364558469504118 -0.0008089271723292768 -0.013161984272301197 -0.009059016592800617 0.0047535584308207035 -0.01230044849216938 -0.009683940559625626 -0.0016718398546800017 -0.014407949522137642 -0.0046045053750276566 -0.00587504031136632 0.003934533800929785 -0.016767414286732674 -0.00667257746681571 -0.0038250903598964214 -0.0062289671041071415 -0.01131146214902401 -0.006987365428358316 -0.002144911326467991 0.005385447759181261 -0.005705290008336306 -0.0174417607486248 0.004899696446955204 0.006252918858081102 -0.006768248043954372 -0.0060829040594398975 -0.009380768053233624 0.0009191906428895891 -0.007274795323610306 -0.002684042090550065 -0.011137251742184162 -0.002669979352504015 -0.006418139208108187 -0.0026814290322363377 -0.009964457713067532 0.0013457749737426639 0.000696900358889252 -0.007307292427867651 0.011201468296349049 -0.01670440472662449 0.010032464750111103 0.0012274396140128374 0.0006637625047005713 -0.008038385771214962 -0.008366028778254986 0.003563355188816786 -0.007393604144454002 -0.012291661463677883 0.011900972574949265 -0.008516254834830761 -0.003009656211361289 0.002712423913180828 0.00016131473239511251 -0.0010255554225295782 0.007255643606185913 0.0024857656098902225 -0.001214331015944481 -0.04231620579957962 -0.01536356657743454 -0.012872511520981789 -0.010657849721610546 0.0030896514654159546 0.008600975386798382 -0.03913818672299385 -0.05014271289110184 -0.0019470310071483254 -0.026434998959302902 -0.06078990176320076 -0.015317467041313648 0.026138747110962868 -0.027277164161205292 0.0071153114549815655 -0.01562528684735298 -0.04377954080700874 0.01870601996779442 -0.02027103677392006 -0.001350658480077982 -0.014431320130825043 -0.024372750893235207 -0.009119486436247826 0.001122628222219646 -0.018323305994272232 0.016015946865081787 0.023961666971445084 0.016150763258337975 0.010990540497004986 0.010178698226809502 0.028806261718273163 0.007977738976478577 -0.020276512950658798 -0.009803862310945988 0.024753518402576447 -0.01764039695262909 0.03017769195139408 -0.0020269600208848715 3.8659964047838e-05 -0.018534410744905472 -0.015966877341270447 -0.023058557882905006 -0.03552458807826042 -0.006770099978893995 0.029895873740315437 0.016101989895105362 -0.02117530070245266 -0.02703756093978882 -0.011650711297988892 -0.030134353786706924 -0.014199483208358288 0.003640039823949337 -0.01066514290869236 0.025499394163489342 -0.03487635776400566 0.000466998404590413 -0.01264021173119545 0.03745996206998825 -0.03141814470291138 0.0206290315836668 -0.0374172106385231 -0.012042422778904438 -0.016623228788375854 0.015910226851701736 -0.008396227844059467 -0.03762952610850334 0.012951575219631195 0.06762086600065231 0.043313320726156235 0.01363055594265461 0.09165453910827637 -0.030380558222532272 0.03236176073551178 0.07036393135786057 0.0465816892683506 0.05823277682065964 0.08950614184141159 -0.0388505756855011 0.015585201792418957 0.06754271686077118 0.028555067256093025 0.07921463251113892 -0.0021481364965438843 0.02208174392580986 -0.004027769900858402 -0.0005543928709812462 0.0816328302025795 0.01683858409523964 -0.013555670157074928 0.004704418126493692 -0.033512189984321594 0.08473125100135803 -0.013980069197714329 0.08669333904981613 -0.017100568860769272 -0.01148094329982996 -0.027360301464796066 0.057612303644418716 -0.031088221818208694 -0.0055473423562943935 -0.008541430346667767 0.08832811564207077 0.047066863626241684 0.039574213325977325 0.01888502761721611 -0.03730228170752525 0.022972948849201202 0.020404275506734848 0.07044483721256256 0.004476866684854031 0.06263890117406845 0.05107283964753151 0.06249294430017471 -0.020169951021671295 -0.004290917422622442 0.08136247843503952 0.014841314405202866 0.05514846369624138 0.019390050321817398 0.03214945271611214 0.035925161093473434 0.011347289197146893 0.03443041443824768 0.020512279123067856 0.09612872451543808 0.061409350484609604 -0.022029336541891098 0.08058437705039978 -0.051009561866521835 0.0063127074390649796 -0.010687404312193394 -0.04236587882041931 0.03916609659790993 0.03591577708721161 0.0037817005068063736 -0.032181866466999054 0.01792646013200283 -0.062036413699388504 -0.03255414962768555 -0.03569893166422844 -0.01338272076100111 -0.031572237610816956 0.02443358488380909 0.019627805799245834 0.03999091312289238 0.03839609771966934 -0.00924945343285799 -0.045078255236148834 -0.033004652708768845 -0.004050916060805321 -0.03421976417303085 0.04982617497444153 -0.04477209970355034 0.009820183739066124 0.03320450335741043 0.006643087137490511 -0.05578620359301567 -0.033077534288167953 0.04240604117512703 0.000737542228307575 -0.04346224293112755 -0.01973053254187107 0.03162381425499916 0.035977400839328766 0.01071272324770689 -0.020433392375707626 -0.014461253769695759 0.04033946990966797 -0.044140446931123734 0.03812605142593384 -0.059165019541978836 0.033644434064626694 -0.014152023941278458 -0.06196960434317589 0.008778945542871952 -0.0010384948691353202 0.02732141502201557 -0.021852269768714905 -0.04298728331923485 -0.02589932642877102 0.016082746908068657 -0.06366895139217377 0.005036631599068642 0.02981916256248951 -0.03994308412075043 -0.007103002164512873 0.02013382688164711 -0.025111833587288857 0.020107919350266457 -0.03924627974629402 -0.0483882874250412 -0.04427908733487129 0.017124809324741364 0.0038724837359040976 0.03701860085129738 0.045583851635456085 -0.014488233253359795 0.006948056165128946 -0.00969310849905014 0.07462678104639053 0.0649721547961235 0.05676630511879921 0.06657853722572327 -0.02142319828271866 0.06426947563886642 0.025986770167946815 0.019199348986148834 -0.010865303687751293 0.04011477902531624 -0.006541260983794928 -0.01788690686225891 -0.0009505124762654305 0.032496754080057144 -0.00047923397505655885 0.02704814076423645 0.004120776429772377 0.008184457197785378 0.010735907591879368 -0.01494039036333561 0.08017026633024216 0.07944808900356293 -0.009675849229097366 0.03273521363735199 0.043187465518713 0.03953267261385918 0.04996151477098465 -0.02030135877430439 0.002310136565938592 0.03180218115448952 0.007386173587292433 0.048261258751153946 0.011489654891192913 0.020097866654396057 -0.011032508686184883 -0.0049016824923455715 0.04301157593727112 0.01217394508421421 0.001163993962109089 -0.010077161714434624 0.005747427698224783 -0.004030883312225342 0.06447116285562515 0.06490769237279892 0.03199554979801178 -0.021936241537332535 -0.0012103512417525053 0.06555373966693878 0.025639234110713005 0.046404048800468445 0.04181753471493721 -0.02532649226486683 0.05635973438620567 -0.01987120509147644 -0.018042799085378647 0.006402797065675259 0.0215727798640728 -0.007997428998351097 -0.0007337181596085429 -0.007075921632349491 -0.00763001898303628 -0.007070255000144243 0.0019656193908303976 -0.011646859347820282 -0.004982431884855032 -0.007430360186845064 -0.009344210848212242 0.002397906268015504 -0.0010941154323518276 -0.0030934796668589115 -0.002319306368008256 0.0019213760970160365 0.005305137485265732 -0.005500417668372393 0.0029797982424497604 0.0016054988373070955 -0.007682801224291325 -0.0022118326742202044 -0.01150524616241455 0.00751611590385437 0.00046760006807744503 -0.005598122254014015 -7.294654642464593e-05 -0.0020735980942845345 -0.00430771941319108 0.0005687171942554414 -0.005440478213131428 0.007141993381083012 -0.0010032146237790585 0.003416643710806966 -0.00044634376536123455 -0.0004226421006023884 -0.005462175235152245 -0.0040778713300824165 -0.005634205881506205 -0.004388394299894571 0.004658244084566832 -0.007062991615384817 -0.004259347449988127 -0.006384485401213169 -0.006226143334060907 -0.0056215571239590645 -0.007091281469911337 -0.004990882705897093 0.0006347583257593215 -0.005757640115916729 -0.004053617361932993 -0.004544607829302549 -0.006653205491602421 0.0003946407523471862 -0.006947315763682127 -0.005110413301736116 0.003072410589084029 -0.0030954491812735796 -0.007896816357970238 -0.00256896298378706 -0.005516172386705875 -0.01618369296193123 -0.0006826466415077448 -0.001062569092027843 -0.00577015895396471 -0.008857065811753273 0.003572828369215131 0.08030015975236893 0.029996700584888458 0.04474537447094917 -0.012074162252247334 0.04628163203597069 0.06297150254249573 0.08743308484554291 0.09367167949676514 0.08884123712778091 -0.0003356148081365973 0.034581128507852554 0.0027795920614153147 -0.007653201464563608 0.03800274431705475 0.05852169543504715 -0.002492023166269064 -0.014944969676434994 -0.006619725842028856 0.015807904303073883 0.052890948951244354 0.021543221548199654 0.03141332417726517 -0.016144050285220146 -0.00015699089271947742 0.039709560573101044 0.022434141486883163 0.02125708758831024 -0.0112287737429142 -0.033105384558439255 0.06242118403315544 0.033000487834215164 0.039699140936136246 0.05220475047826767 -0.028175000101327896 0.029825879260897636 0.07290108501911163 -0.02139117754995823 -0.02594660595059395 0.06155139580368996 0.0812145248055458 0.0038284091278910637 0.036957819014787674 0.08631272614002228 0.003680054796859622 0.0057674734853208065 0.0011808050330728292 0.018332073464989662 0.035045165568590164 0.0884070172905922 0.024284590035676956 0.042752955108881 0.09549838304519653 0.07084141671657562 0.052656400948762894 0.05858655646443367 -0.0030216320883482695 0.009455997496843338 0.0057738106697797775 0.010044235736131668 -0.012650175020098686 -0.004158593714237213 0.040689289569854736 -0.004364394582808018 -0.008066792972385883 0.022278698161244392 -0.019489411264657974 0.00018009304767474532 0.013064321130514145 -0.003870745887979865 -0.013192820362746716 -0.01271851733326912 0.0034315679222345352 0.012399783357977867 -0.019384296610951424 -0.027540314942598343 -0.013487011194229126 0.007244352251291275 -0.03376032039523125 0.035160526633262634 0.010447300039231777 -0.0003510790120344609 0.01430728193372488 -0.015375341288745403 -0.04537305608391762 -0.04111889749765396 -0.006976839620620012 -0.022046325728297234 0.0060823154635727406 -0.017226342111825943 0.003767502959817648 -0.050895389169454575 0.030881937593221664 -0.038429129868745804 -0.032099269330501556 -0.003842804115265608 0.016166357323527336 0.018016265705227852 0.020595991984009743 0.027658047154545784 -0.009686289355158806 -0.01788891665637493 -0.012299217283725739 -0.02230266109108925 -0.026860063895583153 0.037332382053136826 0.020606661215424538 -0.02930312231183052 0.025336606428027153 -0.028884541243314743 -0.02801111526787281 -0.008110725320875645 -0.028322888538241386 -0.018718630075454712 -0.02801007777452469 0.026221197098493576 0.007981172762811184 -0.00013048893015366048 0.028391022235155106 0.012271970510482788 -0.0033172534313052893 -0.04484483227133751 0.004028005059808493 0.018257208168506622 0.032075509428977966 0.02049018256366253 0.027769818902015686 0.005429815035313368 -0.021651998162269592 0.05622505396604538 0.08500166237354279 0.02862573228776455 -0.01632349006831646 0.0447578951716423 0.03874076157808304 0.05120081454515457 0.07671984285116196 0.026909518986940384 -0.0354105643928051 -0.01751616597175598 -0.00579804927110672 -0.018913041800260544 0.03214910626411438 0.07659309357404709 0.08185769617557526 0.020878683775663376 0.06110907346010208 0.02482149749994278 0.09552273899316788 0.037794679403305054 0.03264981880784035 0.041285861283540726 0.02831631526350975 0.00032255647238343954 -0.017687151208519936 0.08966736495494843 0.014439310878515244 -0.03484157472848892 0.024724246934056282 0.05151616409420967 -0.0014209815999493003 0.016614364460110664 -0.0047415136359632015 0.04088662564754486 -0.007130380719900131 0.043906331062316895 -0.028883058577775955 0.02700677514076233 0.030868053436279297 0.09357897937297821 -0.014971364289522171 0.07823559641838074 0.00640715379267931 -0.001343933050520718 -0.02162756212055683 0.05158253759145737 0.06562765687704086 -0.008461449295282364 0.041527293622493744 -0.0066381352953612804 -0.0036496720276772976 0.01804649457335472 0.006843162700533867 0.06328502297401428 -0.009276791475713253 0.045233920216560364 0.05429362505674362 -0.020225977525115013 0.04595048353075981 0.003568158484995365 0.061934467405080795 0.020107179880142212 0.014716628938913345 0.013123149052262306 0.0217912420630455 0.015377744100987911 -0.0010409409878775477 0.018891209736466408 0.01477936003357172 0.01776265911757946 0.005150844808667898 0.0034039870370179415 -0.0003888035425916314 0.011660453863441944 -0.0007407690864056349 -0.0007627870072610676 0.0026625918690115213 0.0011736396700143814 0.004592888057231903 -0.0018204833613708615 0.008155242539942265 -0.004203608725219965 0.02534155175089836 0.005873373243957758 0.0026871131267398596 0.004345218650996685 -0.0009064993355423212 0.0023710092063993216 0.015140210278332233 0.012746954336762428 0.012914889492094517 -0.005250961985439062 0.0027894924860447645 0.003987730015069246 0.005758910905569792 -0.0022848655935376883 -0.001092847203835845 0.0060942405834794044 -0.002506383927538991 0.0028949694242328405 0.0008009636658243835 0.010649078525602818 0.006963994819670916 0.005512863397598267 0.009807194583117962 0.011293339543044567 0.015269038267433643 0.003606421174481511 -0.0004469031118787825 -0.001831168308854103 0.023089151829481125 0.0020650497172027826 0.003553226124495268 -0.0031464523635804653 0.018054883927106857 0.012531362473964691 -0.0008216096321120858 0.004898120649158955 0.009327221661806107 0.001064925454556942 0.004573092330247164 0.004038375336676836 -0.00148055050522089 -0.0015131615800783038 0.019719529896974564 0.0679606944322586 -0.009483502246439457 0.019429491832852364 0.08207618445158005 0.03218580782413483 0.005666547454893589 0.03910132870078087 0.033589914441108704 0.07189888507127762 -0.021941859275102615 0.08121466636657715 0.05433383584022522 0.04999183863401413 0.016887500882148743 -0.016350137069821358 0.043926265090703964 0.05685403198003769 0.0007625988218933344 -0.004475538153201342 0.09770885854959488 -0.01286642998456955 0.016858329996466637 -0.03037065453827381 0.03084658272564411 0.04491902142763138 0.013615256175398827 -0.013356850482523441 -0.017718294635415077 0.0905609279870987 0.0012957508442923427 0.04718479514122009 0.0766243115067482 0.04504019394516945 -0.02211684361100197 -0.028177356347441673 0.05590467527508736 0.028677428141236305 -0.018402742221951485 -0.014470902271568775 0.02375861629843712 -0.019544564187526703 -0.028442956507205963 0.059277769178152084 -0.03343648836016655 0.08024360239505768 0.015332468785345554 0.0017499143723398447 -0.038915105164051056 0.0562705434858799 0.048529040068387985 -0.013024866580963135 0.026731308549642563 0.033299412578344345 0.01807461306452751 0.029149459674954414 0.011629552580416203 0.01978006772696972 0.04789482429623604 -0.01896234042942524 0.067905493080616 0.005312365014106035 0.004427111241966486 -0.0178573839366436 0.03104069083929062 -0.03110172040760517 -0.010565637610852718 0.017279958352446556 -0.028476009145379066 -0.030223878100514412 -0.014408432878553867 -0.026331234723329544 0.013758829794824123 -0.02027115784585476 0.0015457408735528588 -0.00418365653604269 0.0011783794034272432 -0.01578459143638611 -0.02392522431910038 -0.014781983569264412 -0.0035110132303088903 -0.014719567261636257 0.018418675288558006 -0.006639671977609396 0.029929500073194504 -0.016780348494648933 -0.038487374782562256 0.011320323683321476 -0.027391372248530388 0.0214109905064106 -0.004595455713570118 -0.012849618680775166 -0.013123687356710434 -0.03169971704483032 0.006444539409130812 0.024716492742300034 -0.005666776094585657 0.02452574297785759 0.006449419539421797 -0.018768828362226486 -0.013063598424196243 0.005945093929767609 0.00016959893400780857 -0.025303680449724197 -0.017588801681995392 -0.002215010579675436 -0.03916773572564125 0.02511679008603096 -0.015332167968153954 0.037791863083839417 0.01082298718392849 0.03618992865085602 0.029093079268932343 -0.027882669121026993 0.0033629608806222677 -0.019758421927690506 0.04015469178557396 -0.004450782667845488 -0.008320311084389687 -0.0330502912402153 0.031621068716049194 -0.009282168932259083 0.0043498557060956955 0.02005220204591751 -0.02670956775546074 -0.001336615183390677 -0.006643219385296106 0.0010058180196210742 -0.024253226816654205 -0.005321384873241186 0.020334234461188316 -0.0009699124493636191 0.04441910609602928 0.08105611801147461 -0.019740941002964973 0.028679270297288895 -0.006599911954253912 0.00840758252888918 -0.007384630385786295 0.06780030578374863 0.05674448981881142 -0.01410700473934412 -0.03307337686419487 0.03985315188765526 -0.00668991357088089 -0.0306871198117733 0.021498706191778183 0.023888247087597847 0.10684911161661148 0.03376283124089241 0.04796633496880531 -9.948393562808633e-05 0.00880545936524868 0.022149188444018364 -0.013114314526319504 -0.024044057354331017 0.06401097774505615 0.05961717292666435 0.07490194588899612 0.024244217202067375 -0.0326785147190094 -0.02695358172059059 0.08227046579122543 -0.001832372508943081 0.0502052940428257 0.04616977274417877 0.03936907649040222 -0.03642266243696213 0.04973583295941353 0.08524344116449356 0.06444036215543747 0.006312651094049215 0.0031906471122056246 0.07261695712804794 0.016138020902872086 -0.016837041825056076 0.004225602373480797 0.047241535037755966 0.07678137719631195 0.015541870146989822 0.06690657138824463 0.04794912040233612 0.05920898914337158 0.08011338859796524 -0.034514524042606354 -0.01561454962939024 -0.02507643774151802 0.005339654628187418 0.036324888467788696 -0.011056200601160526 -0.008745206519961357 -0.00014422257663682103 0.059701092541217804 0.10537149757146835 0.09331879764795303 0.08892776817083359 0.055927347391843796 0.10571465641260147 0.01396546047180891 0.09743355959653854 -0.03721553832292557 0.11766216158866882 0.00011513338540680707 0.10917382687330246 0.06415686756372452 -0.003841318190097809 0.0014911395264789462 0.011252007447183132 -0.034539900720119476 0.0639478862285614 -0.03178168088197708 -0.027212876826524734 -0.006873026955872774 0.033717237412929535 0.10289925336837769 0.1098644882440567 -0.03771349787712097 0.07334583252668381 -0.009866560809314251 -0.013434654101729393 0.07707875967025757 -0.04099912941455841 -0.03613099455833435 -0.045912936329841614 -0.008187745697796345 -0.04076110199093819 0.06585714221000671 0.03214510530233383 0.056670885533094406 -0.018916921690106392 -0.014996839687228203 0.08278685808181763 0.0799638032913208 0.08542469888925552 -0.056107643991708755 0.09014822542667389 -0.047117266803979874 0.029795324429869652 0.10881874710321426 0.006092958152294159 -0.009641059674322605 0.03451700136065483 0.04414278641343117 0.04865052178502083 0.036212217062711716 -0.02626904658973217 0.010650399141013622 -0.04224502667784691 0.05834271013736725 -0.027977230027318 -0.02981267124414444 0.062334172427654266 -0.02007865719497204 -0.007221055682748556 0.007191817741841078 0.026556871831417084 -0.013324838131666183 -3.1562062521641696e-24 -2.5107358857985256e-39 5.500858057787362e-32 -5.4871460627618304e-24 -1.5095547424917588e-13 2.0542629110447164e-39 4.387013590040311e-17 5.4562190149599683e-39 9.878532335265118e-16 2.7417259246578284e-39 -1.778541029728853e-11 1.1839035407947875e-14 2.3649049995698808e-26 -2.260390229619832e-33 7.64619051831389e-24 4.820390614446168e-12 -3.4242619728703744e-39 8.132099438284968e-09 -1.0188794093194621e-18 2.6726023611853563e-18 -2.381545837161432e-29 -1.6164510413243826e-17 6.992591134081941e-15 -9.676944455981354e-21 1.206415262488907e-16 4.179779046403421e-40 3.511586330539297e-36 6.157083439374302e-28 9.980964622499644e-14 1.835364881450953e-14 -5.495414221761529e-27 2.2230073413575385e-13 2.3875254204219765e-11 1.8355140046228683e-26 -2.0088103940558766e-39 6.068160449136759e-39 -4.759347636417935e-21 -8.467420761402132e-15 2.1968534375805525e-39 -7.958984682010647e-16 5.285795898325713e-40 -1.6550129110798491e-16 1.1004433939743952e-15 3.1763285555775925e-23 4.0951578239578623e-10 3.453789554699882e-12 2.0651622105002348e-39 -5.922635603616626e-39 8.164870689275627e-12 -1.0145273277734851e-20 5.255255999594218e-38 -2.0412808131310944e-21 -2.299345734128333e-23 -3.235445712224634e-33 -3.091644916894651e-33 -5.048901725165982e-20 3.01268267951991e-35 -2.708669408409727e-33 -2.6794395695250994e-12 3.623767637833227e-39 1.3636311524400924e-10 -3.3389266657592654e-29 3.7179780653810507e-16 6.4075213060330855e-40 0.015859495848417282 0.018669014796614647 0.013167783617973328 0.01850549876689911 0.0004491248691920191 -0.001451970194466412 0.0032824885565787554 0.007181582972407341 0.01657342165708542 0.003986523486673832 0.02004825323820114 -0.0030359153170138597 0.0006079383892938495 -0.0013841280015185475 -0.0014249479863792658 0.00046391331125050783 0.014960273168981075 0.004793236963450909 -0.0030007113236933947 0.009883549995720387 -0.008427975699305534 0.01143138948827982 0.012851235456764698 0.007111331447958946 0.0003214476746506989 -0.0014476720243692398 -6.782593845855445e-05 0.01380774937570095 0.02641647309064865 0.006934079807251692 -0.005601718556135893 0.008988659828901291 0.0028527984395623207 0.00010517034388612956 -0.0035982972476631403 -0.003438601503148675 0.0028627195861190557 0.003285626880824566 -0.006665410939604044 0.0005727908574044704 0.00611195107921958 0.007038690149784088 0.017587343230843544 0.0039132628589868546 0.005487820599228144 0.019618654623627663 0.006701096426695585 -0.008847049437463284 0.004036155994981527 0.013592328876256943 0.008546805940568447 0.003588737454265356 -0.006657070945948362 0.01317533291876316 0.013781316578388214 -0.0031027996446937323 0.003482645144686103 0.0025425776839256287 -0.003464961191639304 0.008133389987051487 0.007116100750863552 -0.0033723036758601665 -0.0026845952961593866 0.0025892730336636305 0.0008479302050545812 0.003952282015234232 0.0205690860748291 0.00820009782910347 0.014335348270833492 0.001772940275259316 0.06113661825656891 0.04462616890668869 0.024773765355348587 0.017280947417020798 0.02666637673974037 -0.005733650177717209 0.03949242830276489 -0.015341152437031269 -0.0018749089213088155 -0.013150116428732872 -0.009623046964406967 0.033048201352357864 -0.008103263564407825 0.05898848548531532 -0.01353598851710558 0.06836477667093277 0.03819524496793747 0.02500147558748722 0.00666767917573452 -0.00012507988139986992 0.01427506934851408 0.016703952103853226 0.0347556546330452 0.032786209136247635 -0.011709888465702534 0.04504933953285217 0.002827654592692852 0.007951715029776096 0.0030467382166534662 0.007032778579741716 0.033462267369031906 0.0042561679147183895 0.028306612744927406 -0.000634027470368892 0.012476164847612381 0.029749777168035507 0.029645614326000214 0.031486403197050095 -0.00930058304220438 0.039947912096977234 0.01805708184838295 -0.010051996447145939 0.04188776761293411 0.013365115970373154 0.04190384969115257 0.004086417146027088 0.00227715284563601 0.06035691872239113 0.012223540805280209 -0.007520370651036501 0.022200027480721474 0.036609191447496414 -0.015383346006274223 0.011036504060029984 0.0026753072161227465 -0.006911745294928551 -0.004426370374858379 -0.00884874165058136 0.0007205066503956914 0.0005947620957158506 0.0002358701021876186 -9.310063614975661e-05 -0.00040950998663902283 2.4056291294982657e-05 -9.407778270542622e-05 -0.00041570275789126754 8.260339382104576e-05 0.0005690125399269164 0.0004336881684139371 -0.0001790693640941754 0.00024113446124829352 -0.00018148445815313607 -5.5190965213114396e-05 0.00016689339827280492 0.0005657803849317133 -0.00012977358710486442 -0.00016604493430349976 0.0012468372005969286 -0.0002740888448897749 0.00023556944506708533 -0.0005654701380990446 0.00011022756370948628 0.0003106191288679838 -4.635708319256082e-05 3.548993481672369e-05 -0.00014488333545159549 0.000908680958673358 2.0986793970223516e-05 -0.0009194129379466176 0.00011325172818033025 -5.1316899771336466e-05 -0.00010559875227045268 -0.0003174093726556748 -0.0005437408108264208 1.8499194993637502e-05 -0.0001622704730834812 0.0006044115289114416 -0.000332387862727046 -0.0009879249846562743 -0.00039992068195715547 0.00015787730808369815 2.355007927690167e-05 -0.0006171753047965467 0.0016286455793306231 -0.00040964814252220094 -0.0006347235757857561 0.00022759234707336873 0.0006063405307941139 -0.00021811743499711156 -0.0003691667225211859 -0.000564557034522295 0.0012332277838140726 -0.0003796677046921104 0.00019198431982658803 -5.2860250434605405e-05 0.0010120086371898651 3.5154134820913896e-06 0.00011805174290202558 -5.14749190188013e-05 -0.0005257127922959626 -3.907439167960547e-05 -0.0003751140320673585 0.04815484955906868 -0.003957763779908419 0.029068179428577423 -0.010622963309288025 -0.030773648992180824 -0.005014562979340553 0.009763827547430992 0.008009260520339012 0.03759332373738289 0.01774684526026249 0.03918452560901642 0.00867545697838068 -0.017516298219561577 -0.002087495056912303 -0.005408462602645159 -0.020389439538121223 0.016989845782518387 0.0018179734470322728 -0.009157384745776653 0.01651930809020996 -0.0053994194604456425 0.003963152877986431 -0.0025981988292187452 0.05625757947564125 -0.007683539763092995 0.0027973433025181293 0.014439924620091915 0.0019112399313598871 0.013935868628323078 0.01530289277434349 -0.02236337587237358 0.022366194054484367 0.021583911031484604 0.03908149152994156 5.898607923882082e-06 -0.015066590160131454 0.00433996831998229 -0.031809840351343155 -0.026987897232174873 -0.003925742581486702 0.0329294390976429 0.04210733249783516 0.005810383707284927 0.005821641534566879 0.030867263674736023 0.057121481746435165 0.007767835166305304 0.01699627935886383 0.010317987762391567 -0.007200106047093868 0.02015681378543377 0.024374499917030334 -0.020778397098183632 0.06600815057754517 0.06804561614990234 0.02166246436536312 0.006715655792504549 0.04083962365984917 -0.0016011586412787437 0.03301062807440758 -0.019772322848439217 0.02396036498248577 0.0008811924490146339 0.04811936989426613 -0.00029695432749576867 -0.0003954102867282927 -0.00023247623175848275 -0.0003932775871362537 -0.00018366356380283833 -2.265765033371281e-05 -0.0003724524285644293 -0.0001692932564765215 -0.00019736585090868175 -6.579142791451886e-05 -0.00022458547027781606 1.5290715964511037e-06 -0.0002961240825243294 -9.510861127637327e-05 -1.5323197658290155e-05 -0.0001649944024393335 -0.00020664949261117727 -0.00039930458297021687 -5.649612285196781e-05 -0.00031031965045258403 -0.00010503753583179787 -0.0002398480719421059 -0.00022377802815753967 -0.0005334223387762904 -0.0002279873297084123 2.6859704576054355e-06 -0.00011005874694092199 -0.00020793895237147808 -0.00024409752222709358 -0.00022305684979073703 -0.00010243624274153262 -0.0003372891806066036 -0.00011477072985144332 -0.0003159898624289781 -3.807996108662337e-05 -0.0002266016526846215 -0.0001151434044004418 -0.0002469775499776006 -0.00027887383475899696 -8.840089867589995e-05 -0.0002496278320904821 -0.0001295564870815724 -0.00031111069256439805 -0.00017737018060870469 -0.00012989240349270403 -0.0005058534443378448 9.344416321255267e-05 -0.0001522209495306015 -0.00018956341955345124 -0.00017333065625280142 -4.729958527605049e-05 -0.00023433426395058632 -5.654590950143756e-06 -0.00021386357548180968 -0.0003176032332703471 -0.00015984431956894696 -2.469634637236595e-05 -0.0002772349107544869 -0.00012885453179478645 -3.668679346446879e-05 -0.00014216145791579038 -8.327038085553795e-05 -2.0483792468439788e-05 -0.0005141531582921743 -0.0050212969072163105 -0.0011982391588389874 -0.000194551408640109 -0.0014087342424318194 -0.00033678062027320266 -4.1440987843088806e-05 0.010054100304841995 0.0015964454505592585 0.00034346399479545653 -0.0038896307814866304 -0.0011145640164613724 0.004349670838564634 -0.00028053688583895564 0.004816352389752865 -8.757612522458658e-05 -0.001755355391651392 -0.001270895591005683 0.009097374975681305 0.00013397618022281677 -0.0026140001136809587 -0.00023903978581074625 -0.0017175708198919892 0.0014079066459089518 -0.0011893201153725386 0.00038629843038506806 0.0023122550919651985 -0.0001885555248009041 4.078745041624643e-05 -0.0019007440423592925 0.00029933429323136806 0.006619046442210674 -0.0010473572183400393 0.00558294216170907 0.003998172469437122 0.0006715853232890368 -0.00010354418191127479 0.0020441762171685696 -0.0032693042885512114 -0.0015479213325306773 0.0001722024317132309 0.0061341337859630585 0.009331822395324707 0.004810636397451162 -0.00038771823165006936 0.004710778594017029 -0.0005240966565907001 0.000401961209718138 0.004550762940198183 -0.0002381223312113434 -0.0009539995226077735 -0.0005618324503302574 -0.0017948092427104712 0.006959918420761824 -0.00101629423443228 0.003432920668274164 -0.0012442492879927158 -7.553280738648027e-05 0.000794634863268584 0.0011929913889616728 0.00045789676369167864 -0.005725285969674587 0.0013966935221105814 -0.0002896984515246004 0.001874221139587462 0.004545168951153755 -0.005754790268838406 0.0005313699948601425 0.0012215753085911274 0.0015056553529575467 -0.0015001368010416627 -0.005640150513499975 0.005108674988150597 -0.001474723918363452 0.002809284720569849 -0.004592618439346552 -0.001087057520635426 0.002351595088839531 0.0003616160829551518 -0.0006966288201510906 -0.0050749145448207855 0.0014092110795900226 0.0001325358753092587 -0.0007033118163235486 0.002640731167048216 -0.0022035129368305206 -1.8202164937974885e-05 -0.0003536808944772929 0.0036635345313698053 0.00137073895893991 -2.8437185392249376e-05 0.0034127470571547747 0.0015087100910022855 -0.007370837964117527 0.0021362833213061094 0.0028997554909437895 0.00018483513849787414 -0.0009002845035865903 0.001129629323258996 -0.002745602512732148 -0.0010851211845874786 0.00030346307903528214 -2.8432266844902188e-05 -0.0010681827552616596 1.792073635442648e-05 -0.005145315080881119 0.005230154376477003 -0.0035459583159536123 -0.003222632221877575 -0.003010401502251625 0.004860306158661842 -0.005552773363888264 -0.0018918993882834911 -0.0018972528632730246 0.006983805913478136 0.001279414165765047 -0.005699251778423786 -0.004040000028908253 0.0036772198509424925 0.0002489674079697579 -0.0036809714511036873 -0.0005365833058021963 -0.0007248350302688777 0.004499057773500681 0.0018261709483340383 -0.005272632464766502 -0.0032440212089568377 0.0020177268888801336 -0.0008075158693827689 -0.011736135929822922 -0.05477270111441612 -0.023057447746396065 -0.01050929818302393 0.00651375949382782 0.010423576459288597 0.028157489374279976 -0.03134644404053688 0.0046498882584273815 -0.008249793201684952 -0.04421262815594673 0.03321626037359238 -0.00720397150143981 0.047069624066352844 -0.005621226504445076 0.007410845253616571 -0.031193140894174576 -0.016767652705311775 0.03498496487736702 -0.05124078318476677 -0.02166149578988552 0.004863252863287926 0.03867318108677864 -0.012909612618386745 0.05468251556158066 -0.028230777010321617 0.04152855649590492 0.016565168276429176 -0.06302060931921005 0.0139921298250556 0.018016759306192398 -0.03651655837893486 0.017863035202026367 0.0037273589987307787 -0.017318611964583397 -0.011579461395740509 -0.009618940763175488 -0.004218630027025938 0.04927763715386391 0.03926656395196915 -0.03340883180499077 -0.013039784505963326 0.035275544971227646 0.022313609719276428 0.04483067989349365 0.04373084381222725 -0.009431465528905392 0.038689784705638885 -0.03969729691743851 -0.03732339292764664 -0.0047516110353171825 0.05310463160276413 -0.0019961840007454157 0.004856357350945473 0.04258997365832329 0.031402889639139175 0.02807488664984703 0.039037372916936874 -0.027286125347018242 -0.0003176371974404901 0.05372605472803116 0.01099671795964241 0.007500910200178623 -0.0108247185125947 -8.120597954075492e-07 -4.923869596495933e-07 2.47574291734054e-07 0.00014824295067228377 -4.25531970904558e-06 1.3720494962399243e-07 -5.347679689293727e-05 2.9820041618222604e-06 0.00019165150297340006 -4.752139648189768e-05 -5.7001117966137826e-05 3.6872395867249e-05 6.144292001408758e-06 1.1081568118243013e-05 -4.024523150292225e-06 4.491306754061952e-06 1.1386398455215385e-06 2.4241509890998714e-05 1.2515487242126255e-06 0.0006952309049665928 8.167641567524697e-07 6.49277112074742e-08 -1.904477903735824e-05 0.0001561572717037052 -2.6015791831923707e-07 2.0549741464037652e-08 1.4350916899275035e-05 7.32176977180643e-06 -1.484975655330345e-05 1.0089108400279656e-05 -6.811639536863368e-07 -9.48565411817981e-06 -1.5078384194566752e-06 0.00015724674449302256 -4.728191242975299e-07 -5.2864734243485145e-06 -2.2258377612160984e-06 0.00010626079165376723 -1.0585358722892124e-06 0.00011830244329757988 -2.8258089059818303e-06 -7.373080279649002e-07 -3.3599403650441673e-06 5.3596196925020934e-11 -1.4486425925497315e-07 0.00021391789778135717 0.00012179421173641458 0.00014387631381396204 0.00022579918731935322 -9.947868306880991e-08 9.524525921733584e-06 0.00047339836601167917 1.5709150829934515e-05 -2.410235993011156e-06 9.175659556603932e-07 -2.1520225345739163e-05 8.425099622400012e-06 5.850092748005409e-07 6.086266239435645e-06 2.4882399884518236e-05 -4.750472271553008e-06 1.181161860586144e-05 -2.4983677349155187e-07 -1.9407490981393494e-05 0.006265444215387106 0.006886940449476242 0.006077684462070465 0.004860459361225367 0.011682858690619469 -0.0014066380681470037 0.006020804401487112 0.007831421680748463 0.01875016652047634 0.01751752570271492 0.003667266573756933 0.0023017346393316984 0.005418605636805296 0.008830980397760868 -0.0007815177668817341 -0.0018369135214015841 0.016537947580218315 0.010478475131094456 -0.002096354030072689 0.027244925498962402 -0.0017458077054470778 0.006330999545753002 -9.749624587129802e-05 0.0059384242631495 0.007937338203191757 -0.0010274251690134406 0.00451653404161334 0.005613547749817371 0.026998162269592285 0.006316081620752811 -0.004071840550750494 0.013463371433317661 0.0015732597094029188 0.005167012568563223 -0.00240509700961411 0.005957620684057474 0.0060859243385493755 -0.002325257984921336 -0.007715569343417883 0.0022250134497880936 0.00404698820784688 -0.0002491479681339115 0.00244885147549212 0.0007131084566935897 0.0005235166754573584 0.013965406455099583 0.004869719967246056 -0.004234073217958212 0.011100595816969872 0.02154805138707161 0.009315737523138523 -0.0005303737707436085 -0.00250526936724782 0.0038079945370554924 0.017732245847582817 -0.00017039287195075303 0.005787864793092012 -0.002933416049927473 0.0018286219565197825 0.005985344294458628 0.015184557996690273 -0.006215341854840517 -0.0017545910086482763 0.008623613975942135 -9.25939530134201e-05 -1.2639467968256213e-05 -3.1484562441619346e-06 -1.2384845831547864e-05 0.00035536204813979566 6.140539188237426e-10 -4.474604065762833e-05 -4.418316893861629e-05 2.590275471447967e-06 -3.2779707908048294e-06 -2.3361910734820412e-06 -4.908874871034641e-06 -4.622449534252837e-09 -2.2194160465005552e-06 -2.9487435426744923e-07 -1.0000271686294582e-05 3.1806714105186984e-05 -4.808781341125723e-06 -3.9203658275255293e-07 -3.6016808735439554e-06 -6.761805337873739e-09 -0.0003821041318587959 -0.00017658733122516423 6.484563982667169e-06 -5.223980892310465e-08 -3.858043129412181e-08 5.7030541938729584e-05 -1.6067825754362275e-06 -4.4369171519065276e-05 -9.655112265249954e-09 0.00037707266164943576 -9.158578905044124e-06 -5.317724571796134e-06 -1.0704225132940337e-06 -1.1607673400249041e-07 0.00012630835408344865 -2.5246919904020615e-05 -1.5293699107132852e-05 -7.847232154745143e-06 7.629284664290026e-05 -3.6830319004366174e-05 -1.2619543667824473e-05 -2.4869759727152996e-06 -0.00011470607569208369 -2.683135278402915e-07 -3.1916530133457854e-05 -8.055599028011784e-05 -5.883695848751813e-06 7.777885912219062e-05 -2.4794268028927036e-05 -2.2932506908546202e-05 -1.3199536624597386e-05 -9.303487757961193e-09 -4.132073445362039e-05 8.33641315693967e-05 0.00016323899035342038 7.354111403401475e-06 -1.1233072655159049e-05 -2.5689937501738314e-06 -6.417841632355703e-06 -1.944433279277291e-05 -2.3646200133953243e-05 7.432619497649284e-08 -2.5360695872223005e-06 -0.0014955488732084632 -0.0008369192364625633 -0.00038762015174143016 -0.0016200909158214927 -0.0009782117558643222 -0.00014067972369957715 -0.001608683611266315 -0.0008180881850421429 -0.0004452774883247912 -0.0003772999334614724 -0.001201856997795403 -0.0005185292102396488 -0.0007581329555250704 -0.00064044538885355 1.2133733434893657e-05 -0.0007821361068636179 -0.0004978521028533578 -0.001482474966906011 -0.000139897849294357 -0.0012875261018052697 -0.00015926247579045594 -0.0006604656809940934 -0.0005580933066084981 -0.0009619100601412356 -0.00046089812531135976 3.4917291486635804e-05 -0.0005389187135733664 -0.0017305859364569187 -0.0007105784025043249 -0.00026297447038814425 -0.0007384311174973845 -0.000632611510809511 -0.0006967991939745843 -0.00078756915172562 -0.00015436472313012928 -0.0009319295641034842 -0.0007390925893560052 -0.0005858810036443174 -0.0005215458222664893 0.0002667919034138322 -0.00046818822738714516 -0.0009114993154071271 -0.0010909461416304111 -0.0005760745261795819 -0.0010566279524937272 -0.0013299762504175305 -0.0003107318188995123 -0.00015798347885720432 -0.0007576450007036328 -0.0012098688166588545 -0.000998202827759087 0.00011808442650362849 0.0003483844338916242 -0.0010050396667793393 -0.0006450091605074704 -0.0002632479299791157 -0.0007655968074686825 -0.0006343108834698796 -0.0004663456929847598 -0.00028981990180909634 4.4726704800268635e-05 -0.00021985535568092018 -3.829623165074736e-05 -0.0008240923634730279 -0.020384011790156364 -0.02088134177029133 -0.027517598122358322 0.0007363725453615189 -0.01306959055364132 -0.009743111208081245 -0.005430231802165508 -0.005177313927561045 -0.020513787865638733 -0.02260652929544449 0.008166533894836903 0.013910803012549877 0.0018104722257703543 0.01752067729830742 -0.013398679904639721 0.019241921603679657 0.006790268234908581 -0.004316316451877356 -0.0010006156517192721 -0.04230353608727455 -0.011769498698413372 0.006223649252206087 0.022990381345152855 0.012868991121649742 0.006673595402389765 0.005856944713741541 -0.0131015470251441 -0.03390807285904884 -0.03575413301587105 -0.02573680505156517 -0.026013102382421494 -0.00034959797631017864 0.002212803578004241 0.011180680245161057 -0.01471155509352684 -0.022003695368766785 -0.02902987040579319 -0.04557796195149422 -0.014703833498060703 0.024314187467098236 -0.025188395753502846 0.03155515342950821 -0.004454419482499361 -0.005490072537213564 -0.01220331247895956 -0.023218272253870964 -0.03364710882306099 0.007516007870435715 -5.422543836175464e-05 -0.0388982854783535 -0.006875496823340654 -0.0004117051721550524 -0.024966392666101456 -0.030586127191781998 -0.022328153252601624 0.001893964596092701 -0.011210421100258827 0.009165200404822826 0.027971219271421432 -0.006424890365451574 -0.040945865213871 -0.0051267556846141815 -0.01368473470211029 0.013784346170723438 -1.7773878369098384e-07 0.00035634945379570127 3.646668801593478e-06 -5.207264469880152e-14 -4.761120317442469e-11 -9.285858540430958e-12 -5.7642955653136596e-05 0.0002058441168628633 6.174002464831574e-08 -4.967877220707351e-10 2.4750585511142572e-19 -1.2672436433547318e-08 -3.682338288457654e-12 -9.212383389467504e-08 2.348911039007362e-06 1.1473816812213045e-06 -9.483130014587005e-08 5.548881176764553e-07 -1.3113993873048457e-06 -1.1777281372360449e-08 3.2213233816524856e-12 -2.1204425593168708e-06 -5.841090805480675e-11 -4.14198484577355e-06 -3.4071323262108914e-16 -3.59215700882487e-05 5.764429715782171e-06 -3.015307559195435e-09 -1.1807629562099464e-05 -9.660008117862162e-07 3.886721970047802e-06 -1.109870822801895e-06 0.0001109286822611466 1.9494033040245995e-05 2.2670185444439994e-06 -8.142346246131638e-07 1.0368074981670361e-05 -8.072804484982044e-05 -1.3461279877446941e-06 -3.406918267501169e-07 6.431604560930282e-06 0.001027559395879507 -4.166128775295874e-08 0.0009438757551833987 -5.145325499000819e-09 1.4982418083953064e-11 -1.5633130207026724e-11 1.0407061878936474e-09 -8.92696547794003e-08 3.770450348383747e-05 -1.6006191164152916e-11 0.0010384530760347843 -1.8376626030658372e-05 1.9798775610979646e-05 -5.240010068519041e-05 -1.2352066924847804e-08 -2.6412560600874713e-06 -1.1098114782726043e-06 -8.047552455536788e-07 6.727345862600487e-07 -0.00010126354027306661 -0.00014959445979911834 -1.2541786185982229e-11 -0.00013857765588909388 0.0004451399727258831 -0.00017904806009028107 0.001065288670361042 0.00015936247655190527 -0.00034593179589137435 6.90357483108528e-05 0.001111529185436666 0.0011000633239746094 0.0005014555645175278 -0.0011120934505015612 0.000561795721296221 -0.0003671119047794491 0.0007200296968221664 5.7467856095172465e-05 -0.0001546136918477714 0.0003761068219318986 -0.00022675315267406404 0.0003182924701832235 -0.000372228620108217 -0.00017097794625442475 -0.0008450699388049543 0.0019251679768785834 0.0015288854483515024 0.000445358018623665 0.00037908664671704173 -0.0001037982729030773 3.0981667805463076e-05 0.00033755606273189187 -0.00026045666891150177 0.0007827912922948599 -0.0011970564955845475 0.000572787132114172 9.300987585447729e-05 0.0002528572513256222 -0.00038216813118197024 -0.00046749020111747086 5.4085157898953184e-05 6.675004988210276e-05 -0.0009013783419504762 9.698026406113058e-05 0.0006636941689066589 0.0005780346691608429 0.0016067761462181807 0.0007204051944427192 0.00040948574314825237 0.0014269818784669042 0.0013062843354418874 -0.0005588512285612524 0.00018570752581581473 0.0020537928212434053 -0.0003212002629879862 -0.0006636883481405675 -0.0008386489353142679 0.0002248173113912344 -2.287770257680677e-05 -0.0005215280107222497 0.0001758638391038403 -0.0005457178922370076 -0.0007157311774790287 0.00040287672891281545 -0.00010924882371909916 -0.0010215668007731438 2.1734080291935243e-05 0.0006015229155309498 -0.025467341765761375 0.017102226614952087 0.060134418308734894 0.10544045269489288 0.07301303744316101 -0.014839671552181244 0.11738962680101395 0.002961105899885297 0.033237434923648834 0.10452955961227417 0.06584800779819489 -0.03235675022006035 0.022101785987615585 -0.0022068556863814592 0.032360371202230453 -0.042497776448726654 0.0620105043053627 0.015736235305666924 -0.030055811628699303 0.11129248887300491 -0.018450763076543808 -0.014917188324034214 0.046395234763622284 0.07783371210098267 0.07500650733709335 -0.0185384564101696 -0.010690070688724518 0.02124791406095028 -0.0018374258652329445 -0.024413054808974266 0.021860722452402115 0.10236989706754684 0.010163329541683197 0.05340329930186272 0.045043181627988815 0.08586809039115906 0.0568280853331089 0.07524814456701279 0.008981818333268166 0.0029807777609676123 0.04382118210196495 0.06534069031476974 -0.005098152905702591 0.09719711542129517 0.03232972323894501 -0.016200950369238853 -0.0064836349338293076 -0.04433915764093399 -0.0015175513690337539 0.12458740174770355 0.04216323420405388 0.028458677232265472 0.002369136083871126 0.01183132641017437 -0.03998951613903046 -0.019050192087888718 0.0007612138288095593 0.006557036656886339 -0.036262135952711105 0.030835838988423347 0.00011927355080842972 0.011675882153213024 -0.005105270072817802 -0.014779238030314445 -0.00013209995813667774 -0.000276019360171631 -0.00041623858851380646 -0.00020849370048381388 -0.0002178953873226419 -6.82515928929206e-06 -7.252212526509538e-05 -0.00014216627459973097 -0.000376426731236279 -1.387111478834413e-05 -0.00015383395657408983 -0.00023764594516251236 -4.422045822138898e-05 -0.00013116930495016277 -1.4822667253611144e-06 -0.00014087214367464185 8.967434405349195e-05 -0.00014822550292592496 -4.570775490719825e-05 -0.000395995652070269 -9.404162119608372e-05 -0.0003069973026867956 -0.0001247467298526317 -0.00014965196896810085 -0.00018077708955388516 2.1040843421360478e-05 -0.0001058967609424144 -0.00022096358588896692 -0.00013202292029745877 -0.00020582371507771313 7.273514347616583e-05 -0.00022412181715480983 1.3534643585444428e-05 -0.00014866297715343535 4.1310508095193654e-05 -9.3158392701298e-05 -4.415983858052641e-05 3.652082887128927e-05 -6.909054354764521e-05 -5.770898860646412e-05 -8.334890299011022e-05 -0.00017163206939585507 -0.00028462239424698055 -0.0002279175678268075 -0.0002694379072636366 -0.00022361647279467434 -0.0002495312364771962 -0.00014577308320440352 1.667071774136275e-05 -0.00017304730135947466 -0.00016719255654606968 -7.67846213420853e-05 -0.00012198718468425795 -4.2834781197598204e-05 -0.00015995879948604852 -4.073215677635744e-05 -4.4059997890144587e-05 -0.0002951768401544541 -6.0839745856355876e-05 -7.580923556815833e-05 -0.0004093474708497524 -6.964900239836425e-05 4.831252681469778e-06 -0.0001672037469688803 -1.791854487009914e-08 -1.1963568802286773e-08 -1.5636523187367857e-08 -4.834513678275698e-09 -1.229007451364339e-10 5.121881713421317e-06 -3.6489009147544493e-08 -1.3337772726551567e-11 3.905177891283529e-06 -2.0420509372343076e-06 9.956609574146569e-06 -1.1773927158943457e-28 -2.235054950006088e-07 -1.9336268142211566e-09 2.4001860499112126e-09 -3.294305800372044e-11 -4.017420094103207e-15 -1.2367263879653478e-09 7.693244263862198e-09 5.113885208629654e-07 8.444334298474132e-07 3.793934263973675e-11 3.3252654247917235e-06 -7.147642477889349e-10 4.396298436404322e-09 -3.9542839787505454e-18 -9.493198588339524e-11 3.987774732649996e-08 2.916246921813581e-05 1.18673087854404e-05 -5.7183188739706736e-11 6.696787013815708e-10 -9.651774934837931e-10 -3.3935572130161518e-09 7.969036695585701e-20 -5.826911435996562e-12 -4.3472822564005753e-10 -2.679715578324249e-07 -1.96524871029502e-12 1.557366704219021e-05 1.279356069971982e-07 -1.9549713237143607e-10 -9.804796948301164e-13 1.424854332299219e-07 2.183715423598187e-06 8.28222823656688e-08 -7.483058443724655e-12 9.226529584793752e-08 -2.0178741522158816e-07 1.2106954327961716e-10 7.420166564520159e-11 -1.771740620881701e-08 8.527872852326368e-11 1.8107561179376685e-15 -4.097501360433853e-08 -2.657243754228128e-22 1.5178225429984815e-12 -2.792556408337532e-09 2.9602961149066687e-06 -2.272288607274575e-11 -4.287027195459814e-07 3.098693071024172e-07 1.1039595619877218e-06 -1.6217967413467704e-08 2.979782766487915e-05 -0.00029239983996376395 4.7413763240911067e-05 -0.00042626154026947916 -0.0004073346790391952 -4.724440077552572e-05 -0.00028588128043338656 -0.00025156146148219705 -0.00031595592736266553 -0.0004629759059753269 -0.0003149083931930363 -0.00014985507004894316 -5.9693757066270337e-05 -0.00012808111205231398 -3.516610377118923e-05 -0.00022076311870478094 -0.000387508946005255 -0.00013249287439975888 -0.00011930655455216765 -0.0002921032428275794 -0.0003873287932947278 0.0002671230467967689 5.763804801972583e-05 -7.43617711123079e-05 -3.60410449502524e-05 -2.426349965389818e-05 -6.240320362849161e-05 -0.00019169550796505064 -0.0003698643413372338 9.14233096409589e-05 -0.0005141693400219083 -2.2215441276784986e-05 -1.9234725186834112e-05 -0.00017296880832873285 -0.00016459895414300263 -0.00034794624662026763 -1.5777743101352826e-05 -0.0003653505991678685 -0.00037193199386820197 -0.00024358142400160432 -0.0003700178349390626 -0.00015147781232371926 -0.0003024793113581836 4.273333615856245e-06 -0.00021270096476655453 -1.5625564628862776e-05 -5.9907288232352585e-05 -0.0005385456024669111 -0.0001232038630405441 0.00030787588912062347 -0.00030722684459760785 -0.00021965503401588649 -0.000454712804639712 -0.00019755853281822056 -0.0002409090375294909 -0.00016457545279990882 -0.00010912147263297811 -0.00030278958729468286 -0.00031237289658747613 -6.639568164246157e-05 -0.0004100480873603374 -0.00043872770038433373 -7.51155530451797e-05 -0.00034635269548743963 0.04126741737127304 -0.02709335647523403 0.0029566646553575993 0.019995832815766335 -0.035187702625989914 0.001263280282728374 -0.004377872217446566 0.025997191667556763 0.008471602573990822 0.006297989748418331 0.027300072833895683 -0.003218017751350999 -0.02446013130247593 -0.02972528524696827 0.026935851201415062 -0.050353579223155975 -0.03631923720240593 0.021543046459555626 0.015713278204202652 0.034263256937265396 0.0198137816041708 0.03207389637827873 -0.013988839462399483 -0.03383747860789299 0.02558211237192154 -0.0179511196911335 0.002035231562331319 -0.03661385923624039 -0.05028688907623291 0.010707340203225613 0.007251125294715166 0.03196156024932861 -0.04401208460330963 0.014072679914534092 0.031278882175683975 -0.042698588222265244 -0.01703695021569729 -0.041152987629175186 -0.0256646741181612 0.01430354081094265 0.014803335070610046 0.022381994873285294 -0.0476129949092865 -0.020391618832945824 -0.011505126021802425 -0.024154970422387123 -0.0017313264543190598 -0.029042702168226242 -0.007754911668598652 -0.005413141567260027 0.01959456130862236 -0.026674028486013412 -0.02658061496913433 -0.011031165719032288 -0.033417958766222 0.021955154836177826 -0.0030831273179501295 0.01873483881354332 -0.04412103816866875 0.019952477887272835 -0.025193918496370316 0.016876038163900375 0.002781372284516692 0.026157813146710396 0.0004698450502473861 -0.0009817032841965556 -0.001505259657278657 0.0004975072806701064 -0.00018448216724209487 0.0008321767090819776 0.005223365500569344 0.0008882039110176265 -9.438932465855032e-05 0.012264059856534004 -0.002221061848104 0.002231690799817443 -0.0006258735666051507 0.00340342172421515 -0.0001823345519369468 0.0023310063406825066 0.00020102079724892974 0.0019462300697341561 -8.650440577184781e-05 0.005423564929515123 0.0004768787184730172 -0.0004449220432434231 -0.0007805865607224405 -0.0006664397660642862 0.002686930587515235 0.0005385461263358593 -0.0007560782833024859 0.00010110334551427513 -0.004277133848518133 -0.0005853253533132374 0.0022058908361941576 0.0002169597864849493 -8.4732222603634e-05 0.0019574633333832026 0.0010615834034979343 -0.00010626106086419895 -0.0012303845724090934 0.0006151024135760963 -0.00021088098583277315 -3.473784090601839e-05 -0.0007173679769039154 0.003911297768354416 0.003021092154085636 -0.000537585758138448 -0.004655539058148861 -6.824619777034968e-05 -0.0005992533406242728 -0.00045773733290843666 -0.0001813387352740392 -0.0014882460236549377 -0.0003250802983529866 0.00040073745185509324 -6.36147815384902e-05 0.0006321152322925627 -0.001740231178700924 -0.00027321712695993483 0.0012957379221916199 0.000822981062810868 0.007360339630395174 -4.52365475211991e-06 0.0030585394706577063 6.33204253972508e-05 0.0015159453032538295 -0.0034475435968488455 0.0309735219925642 -0.010614406317472458 0.0068428427912294865 0.017555557191371918 -0.03200780600309372 0.0036664986982941628 -0.025711288675665855 -0.01314337458461523 0.09205134958028793 0.060878999531269073 -0.01975840888917446 -0.02147854119539261 -0.006913349032402039 0.009342655539512634 0.027385901659727097 -0.04706145450472832 0.04225190356373787 -0.006288609933108091 -0.02375328540802002 -0.0051532043144106865 0.0073587363585829735 -0.024327745661139488 0.09024792164564133 0.027299024164676666 0.04330536350607872 -0.01216138806194067 0.04802591726183891 0.021026693284511566 0.0407908596098423 0.07025521993637085 -0.010313221253454685 0.05244819447398186 0.03896598145365715 0.026860080659389496 -0.012783990241587162 0.018046598881483078 0.004002310801297426 0.048631083220243454 -0.054561179131269455 0.008087093941867352 0.0025681571569293737 -0.04328547790646553 0.07851849496364594 0.06895660609006882 0.03047119453549385 0.006088458467274904 0.018807433545589447 0.01920427195727825 0.018112575635313988 0.09963859617710114 -0.05687694624066353 -0.004079430364072323 -0.041391316801309586 0.006159816402941942 0.05057923123240471 -0.014732263050973415 0.022600019350647926 -0.014552422799170017 -0.02943667396903038 0.015731466934084892 -0.011255678720772266 0.023786939680576324 0.00046404419117607176 0.05097987502813339 -0.042117707431316376 -0.005146730225533247 0.01805448718369007 -0.0010576194617897272 0.03275471553206444 0.028012441471219063 -0.02716078795492649 -0.026995033025741577 0.03148551285266876 0.04595739021897316 -0.0162323247641325 0.008419151417911053 -0.01460899505764246 -0.005782133433967829 0.017812954261898994 0.041351962834596634 0.01874186284840107 0.03474732115864754 -0.015677645802497864 -0.01709170825779438 0.01071859709918499 -0.01904822513461113 -0.047901004552841187 0.029113952070474625 0.03536452353000641 0.01788392849266529 -0.007604858372360468 -0.005559535231441259 -0.03167451545596123 -0.024298176169395447 0.0036997608840465546 -0.0137773547321558 0.01509544625878334 -0.026143617928028107 0.0045075383968651295 0.046441517770290375 -0.027257660403847694 0.02890157699584961 0.014221749268472195 -0.010552557185292244 0.05410480871796608 -0.030361108481884003 -0.019623251631855965 0.0223661158233881 0.03133777156472206 0.0475941076874733 0.02987753413617611 -0.01028330810368061 0.012486371211707592 0.020147984847426414 -0.020990613847970963 0.005730301607400179 0.027336182072758675 0.004848770797252655 -0.034773536026477814 0.027962839230895042 0.017865829169750214 0.024024944752454758 -0.027443191036581993 -0.024883970618247986 -0.030311981216073036 0.009261996485292912 -0.011685104109346867 -0.018667547032237053 -0.014389337040483952 -0.0005472716875374317 -0.00013202805712353438 0.019274745136499405 0.00029872829327359796 0.0024251407012343407 0.011771918274462223 -0.00027742690872401 -0.0079458924010396 -0.008225472643971443 0.004206808749586344 0.01203757431358099 0.01639629900455475 0.006885286420583725 0.0060040876269340515 0.019253909587860107 0.010632432997226715 0.01645813137292862 0.0038892747834324837 0.0003604980302043259 0.0027383416891098022 -0.009011535905301571 -0.011388923041522503 0.017757369205355644 0.004782067611813545 0.0006057728896848857 -0.004792450461536646 0.01524665392935276 0.006248405668884516 0.0006814880180172622 -0.0040895272977650166 -0.008928907103836536 -0.006083931308239698 0.0017157683614641428 0.0013452405110001564 -0.0009833547519519925 -0.004994021262973547 0.001947853248566389 -0.009256868623197079 -0.002720770426094532 -0.0004984996048733592 -0.002002962166443467 -0.01677621901035309 -0.0022046121302992105 -0.010185472667217255 -0.007175540551543236 -0.007153411861509085 0.005985438823699951 -0.002559452783316374 0.0011502463603392243 -0.005351013969630003 -0.0008143391460180283 0.005696691107004881 3.8500584196299314e-05 0.0007109741563908756 0.016691651195287704 0.000984162907116115 7.932716107461601e-05 0.01780398003757 -0.0032499718945473433 -0.004830559249967337 0.006784860976040363 -0.00451308349147439 -0.010391472838819027 -0.003947500605136156 -0.0030680480413138866 0.015171430073678493 -0.06615505367517471 -0.002644174499437213 -0.0392644926905632 -0.010472392663359642 0.011218107305467129 -0.026524271816015244 0.04177171736955643 -0.05264386534690857 0.017088554799556732 0.016998494043946266 0.028280841186642647 -0.009876592084765434 -0.04908384382724762 -0.026534151285886765 -0.04847035929560661 0.011726351454854012 0.02834494598209858 -0.03797667846083641 -0.06033691391348839 -0.05959973856806755 0.008961847983300686 0.011857842095196247 0.032045405358076096 -0.0068884557113051414 -0.04425008222460747 0.0294331144541502 0.007208738010376692 -0.013157372362911701 -0.04121825098991394 0.025676583871245384 -0.05117157846689224 -0.0266574677079916 0.020279306918382645 0.04471437260508537 0.017833031713962555 0.026439243927598 -0.05194981396198273 -0.06528985500335693 -0.024358980357646942 0.043084319680929184 -0.023652847856283188 0.025435306131839752 0.048387955874204636 -0.006003536283969879 -0.03469923883676529 0.017326898872852325 -0.05863123759627342 -0.0595996119081974 0.011784613132476807 -0.008541252464056015 -0.007569878827780485 0.006972405128180981 -0.004461160395294428 -0.012386126443743706 -0.04727047681808472 -0.016474377363920212 0.000696287548635155 -0.0003960297617595643 -0.019621649757027626 -0.03783184662461281 -0.02747741900384426 0.01228188257664442 0.017680931836366653 0.007412951439619064 0.014491708017885685 0.02276657149195671 0.009104551747441292 0.010049120523035526 -0.008640852756798267 0.01882336288690567 0.0219277236610651 0.02671283483505249 0.010079313069581985 0.006151835899800062 -0.0037825535982847214 0.004442729987204075 0.018655192106962204 0.016606761142611504 0.0227051991969347 -0.00024587218649685383 0.008253616280853748 0.011560291051864624 -0.012599033303558826 -0.01917109824717045 0.02635609172284603 -0.0016362082678824663 -0.003321424126625061 0.012205924838781357 0.011143758893013 0.014300449751317501 0.010283812880516052 0.016316082328557968 0.012199795804917812 0.017067205160856247 0.006230473984032869 -0.0041734580881893635 0.027126336470246315 -0.00044075853656977415 -0.002846797928214073 0.009876263327896595 0.008174823597073555 0.018850401043891907 -0.005547577515244484 0.011015181429684162 -0.00604075426235795 0.004130603279918432 -0.00042304277303628623 -0.003570971079170704 0.02196461334824562 0.018674040213227272 0.01272107008844614 0.01594974845647812 0.0007585483253933489 0.0032350255642086267 -0.019451003521680832 -0.003992738202214241 0.01591491885483265 0.012979098595678806 -0.011976064182817936 -0.010432729497551918 0.0017574629746377468 0.016163313761353493 0.01438999641686678 -0.009503647685050964 0.0008671939140185714 0.12843546271324158 0.015424138866364956 0.011021639220416546 0.11663851886987686 -0.048312149941921234 -0.006437266711145639 0.03722171485424042 0.08236874639987946 0.08939940482378006 -0.051876574754714966 -0.01311549823731184 0.027357367798686028 0.11382178217172623 0.041778843849897385 -0.007491199765354395 0.11300606280565262 -0.021229155361652374 0.04995352029800415 0.04979836568236351 -0.03238007426261902 -0.045891255140304565 0.07419554144144058 0.05323009565472603 0.03919938951730728 -0.004493551328778267 0.012966719456017017 0.04146156832575798 0.05551000311970711 0.06659754365682602 0.10895980894565582 -0.00901278480887413 -0.011500438675284386 0.02161855809390545 0.05952617898583412 0.018281469121575356 0.004069935530424118 0.08618130534887314 -0.04702672362327576 0.10996617376804352 -0.025407936424016953 0.006728090811520815 -0.02053166553378105 0.1263924092054367 0.05078701302409172 -0.03179116174578667 0.08356720954179764 0.0704820528626442 -0.013282647356390953 0.021510429680347443 0.11782246083021164 0.07022283971309662 0.0020622096490114927 0.03201669827103615 0.07803443819284439 0.0892392247915268 -0.030056972056627274 -0.03506100922822952 0.1038525253534317 -0.016908586025238037 0.03443107753992081 0.1138857752084732 -0.010763883590698242 -0.049618978053331375 -0.04969893395900726 0.09893647581338882 0.07101286202669144 0.037377361208200455 0.011242941953241825 0.029747359454631805 -0.03025056980550289 0.08444323390722275 0.06069168448448181 0.0014969479525461793 0.06916169822216034 0.014761395752429962 0.03351491689682007 0.022236745804548264 0.040886569768190384 -0.021035760641098022 0.040200136601924896 0.05892851948738098 0.06402519345283508 0.02192326821386814 0.05379219353199005 -0.01823239028453827 0.07533715665340424 0.0909702256321907 0.051886964589357376 -0.03064313717186451 0.03425468131899834 0.0069123320281505585 0.06505229324102402 0.018313730135560036 0.04545602947473526 0.04574006050825119 0.010886110365390778 0.05559194087982178 0.0469820611178875 0.023272575810551643 0.06365711987018585 0.05502873659133911 0.04992057383060455 0.07655347883701324 0.012597332708537579 0.06857219338417053 -0.024314120411872864 -0.0019555797334760427 5.875862552784383e-05 0.07704582810401917 0.058503616601228714 0.05640546604990959 0.06410250067710876 0.08679299056529999 0.01666756346821785 0.0964454934000969 0.02355281636118889 -0.019965343177318573 -0.018424062058329582 0.04598332569003105 0.04029126465320587 0.038896284997463226 0.055380016565322876 -0.04728366434574127 0.05950065702199936 -0.010698949918150902 0.013329701498150826 -0.019203271716833115 0.09676755964756012 0.017687033861875534 0.04318765923380852 0.008628870360553265 0.04898728430271149 -0.012325513176620007 0.009626131504774094 0.05768941715359688 -0.0010505825048312545 0.05764623358845711 -0.022424831986427307 0.045025408267974854 -0.008657531812787056 0.03292865306138992 0.042247943580150604 0.00039580048178322613 0.03378427028656006 0.02568678744137287 0.027861930429935455 0.007329394109547138 0.0070188334211707115 0.004894131328910589 0.020127974450588226 0.04673006013035774 0.004097814206033945 0.02560880035161972 -0.003681718837469816 0.024628454819321632 0.04708055406808853 0.031949546188116074 0.025814346969127655 -0.018443437293171883 0.03967782482504845 0.03266187757253647 0.007012590765953064 -0.0029501905664801598 0.038555558770895004 0.0038682359736412764 -0.02554738149046898 0.014791521243751049 -0.004308232106268406 0.016392666846513748 0.012961321510374546 -0.0006145942024886608 0.05030115693807602 0.035118307918310165 -0.011720568872988224 0.01928871124982834 0.035931434482336044 0.02889758162200451 0.07349444925785065 0.028914514929056168 -0.0013847638620063663 -0.00552673265337944 0.014018023386597633 0.01366771012544632 -0.015116224065423012 0.003737351857125759 0.010801879689097404 -0.009703497402369976 0.027323797345161438 -0.0006781304255127907 0.004007644485682249 -0.002985661383718252 0.04688327759504318 0.024849411100149155 0.00930619053542614 0.020773358643054962 -0.0018017186084762216 0.026299597695469856 -0.001886078272946179 -0.00020005361875519156 0.014226626604795456 0.019791577011346817 -0.004130532033741474 0.007661573123186827 -0.007023574318736792 0.01968604139983654 0.012558714486658573 -0.001798201003111899 0.019758377224206924 -0.0028093617875128984 0.003958901856094599 -0.003443753579631448 0.026453448459506035 -0.006644655484706163 0.010796203278005123 0.028903594240546227 0.006900919135659933 0.0028660502284765244 -0.0015023881569504738 -0.0021877449471503496 0.0241196621209383 0.04272575303912163 0.011157555505633354 -0.008896476589143276 0.021538499742746353 0.008675109595060349 0.014293212443590164 -0.0019232953200116754 0.004535811021924019 0.010960671119391918 -0.010980377905070782 0.0026834672316908836 0.005186992697417736 0.022025378420948982 0.010997194796800613 0.033029910176992416 0.014025024138391018 0.015034823678433895 0.03516644239425659 0.008625488728284836 0.00727350078523159 -0.0034113433212041855 0.01878301613032818 0.007270815782248974 0.0010146645363420248 -0.0015540183521807194 0.007990782149136066 0.023577678948640823 0.0016601202078163624 0.00392967788502574 0.006559458561241627 -0.007192290388047695 0.00819645170122385 0.008943337015807629 -0.0068765985779464245 -0.0026678612921386957 0.03346440568566322 -0.01274709589779377 0.07783960551023483 -0.007846704684197903 -0.008992856368422508 0.005166657269001007 0.026822565123438835 0.008679625578224659 0.1141650527715683 0.023194100707769394 -0.03836347535252571 0.028813838958740234 0.017280299216508865 0.08002442121505737 0.016283301636576653 -0.010031888261437416 0.024340134114027023 0.08544684201478958 -0.009973161853849888 -0.03332382068037987 0.004118516109883785 -0.04384763166308403 0.08065883815288544 -0.013979549519717693 -0.026518268510699272 -0.017645230516791344 0.024784931913018227 0.06143265217542648 0.07342170923948288 0.1153525561094284 0.0987694039940834 0.054777324199676514 0.04467139020562172 0.03617553785443306 0.03464466705918312 -0.02255783975124359 0.011205767281353474 0.06384295225143433 0.048172082751989365 0.004592712037265301 -0.0034357882104814053 0.047155413776636124 0.0761016234755516 -0.02652680315077305 0.03928644582629204 0.03140750154852867 0.010229399427771568 0.009980292990803719 -0.039223723113536835 0.0020471778698265553 -0.020447582006454468 0.0012793814530596137 -0.011957671493291855 0.02192060276865959 0.0882972925901413 -0.03487168624997139 -0.00902768224477768 0.051604487001895905 -0.012964918278157711 0.06487822532653809 0.08679932355880737 0.09811048954725266 0.07120523601770401 -0.020062986761331558 0.050099845975637436 0.027157999575138092 0.05268162488937378 0.05762556567788124 0.09383916854858398 -0.023377975448966026 0.016113799065351486 0.0214406605809927 -0.00018150999676436186 0.1186729446053505 -0.015041875652968884 0.059490930289030075 0.014812560752034187 -0.04256847873330116 0.07732731848955154 0.05845700576901436 0.015771659091114998 0.03782007843255997 0.06577018648386002 0.06176864355802536 0.09883308410644531 0.00657560583204031 0.09304964542388916 0.06048861891031265 0.08362796157598495 0.09090778231620789 0.021636033430695534 0.06195703148841858 0.04721777141094208 0.03496513515710831 0.04340323060750961 -0.004585189279168844 -0.022419461980462074 -0.031010683625936508 0.07135717570781708 -0.038316525518894196 -0.021982651203870773 -0.017843343317508698 -0.018179362639784813 -0.02486732229590416 -0.024218907579779625 -0.029291728511452675 -0.021087704226374626 0.09180757403373718 -0.005192289128899574 0.09715586155653 0.052171606570482254 -0.030967487022280693 0.07670250535011292 0.06474708765745163 0.019756566733121872 0.029897404834628105 0.04244827479124069 0.07349983602762222 0.0745440125465393 0.07493622601032257 -0.022693635895848274 -0.003776347963139415 0.04356412589550018 0.08694035559892654 0.022336285561323166 -0.014075874350965023 0.07745978236198425 0.033232152462005615 -0.013096671551465988 -0.011602494865655899 -0.020690564066171646 -0.013043825514614582 0.06144498288631439 0.07482749223709106 -0.024255864322185516 0.11097315698862076 -0.028043271973729134 0.06258154660463333 0.09418296068906784 -0.03230674937367439 -0.036059312522411346 0.037891022861003876 -0.0025824164040386677 -0.03013465367257595 -0.021303871646523476 0.07357338070869446 0.0860152542591095 0.017189741134643555 0.11219070106744766 0.0678514912724495 -0.015144117176532745 0.05930625647306442 0.11354692280292511 0.0377039797604084 -0.028415082022547722 0.04328111931681633 0.012740417383611202 -0.03843025490641594 0.08451202511787415 0.07393453270196915 0.10095693171024323 -0.01915268413722515 0.07657808065414429 -0.004344326909631491 0.020475003868341446 -0.013097257353365421 -0.04001753404736519 0.04418084770441055 0.058044955134391785 -0.025969315320253372 0.08157581090927124 0.0047700777649879456 0.0372006855905056 0.035086579620838165 0.032601021230220795 0.0849626287817955 -0.0036420910619199276 -0.022843269631266594 0.1082056537270546 0.055022627115249634 -0.036342985928058624 -0.02076435275375843 0.06703825294971466 0.01509285718202591 -0.01881718635559082 0.02509608305990696 0.07465112209320068 -0.02943478152155876 0.02646562270820141 0.08570651710033417 -0.009435121901333332 0.0020367102697491646 0.04837731271982193 0.025295965373516083 0.008931485936045647 0.010316210798919201 0.02897203154861927 0.0025013640988618135 -0.0016431462718173862 0.00343336071819067 0.008230891078710556 0.020847545936703682 0.008705864660441875 0.01581154391169548 0.0016231742920354009 0.02081511728465557 0.001689714496023953 -0.001511555165052414 -0.001751744537614286 -0.004790402017533779 0.00309220002964139 -0.0037499519530683756 0.030957389622926712 -0.004515338689088821 0.04110655188560486 0.01933402568101883 0.026438923552632332 0.0007970890728756785 -0.0013584416592493653 -0.0024527159985154867 0.015016973949968815 0.011492859572172165 0.0024191844277083874 0.006372967269271612 0.0002151967491954565 0.006404614541679621 0.01899348758161068 -0.002288398565724492 -0.005642168689519167 -0.002718044677749276 0.012463081628084183 0.000157962494995445 0.004355075303465128 0.017283529043197632 0.013721299357712269 0.012750673107802868 0.014995228499174118 0.0008864251431077719 0.02236403524875641 0.003465543268248439 -0.0102001391351223 0.017211275175213814 0.037117041647434235 0.008377219550311565 0.0094850342720747 -0.004952039569616318 0.01861185021698475 -0.00726118590682745 0.0050859577022492886 0.0036473884247243404 0.010228140279650688 -0.004273642785847187 0.007772266864776611 -0.0031345966272056103 -0.0012968399096280336 -0.0016799414297565818 0.007773594930768013
b2 64
0.1611521691083908 -0.07151828706264496 -0.07790391147136688 0.12342210859060287 0.12242545932531357 0.07667135447263718 0.0728139728307724 -0.05624067783355713 0.10185172408819199 0.09152388572692871 0.03724009171128273 0.01900118589401245 0.16210290789604187 -0.0003203337546437979 -0.07280167937278748 0.03381863236427307 0.05353507772088051 0.12720252573490143 0.06996778398752213 0.167271226644516 0.030554845929145813 0.04817749187350273 0.005114248022437096 0.20841683447360992 0.06686627864837646 0.21155448257923126 0.0070736040361225605 0.19139736890792847 0.09555934369564056 -7.45732722862158e-06 0.13950659334659576 0.15633872151374817 0.00814550556242466 0.1327182501554489 0.0008867725846357644 -0.04456767439842224 0.0504157729446888 -0.1060556024312973 -0.012097987346351147 0.09384419023990631 -0.0014541973359882832 0.0047610108740627766 0.05691958963871002 -0.010487335734069347 0.016714464873075485 0.11470776051282883 0.001066613825969398 -0.002657037228345871 0.007932744920253754 0.001115477760322392 -0.05193579941987991 0.04291129112243652 -0.08283061534166336 -0.05910567566752434 0.0549408458173275 -0.0747888907790184 0.20067499577999115 0.039195865392684937 0.0447302907705307 0.1715758740901947 0.09295181185007095 0.07744630426168442 0.17699241638183594 0.11513905972242355
W3 64
-0.13812585175037384 0.06191211938858032 0.03401687741279602 -0.13829077780246735 -0.17460066080093384 -0.07390686124563217 -0.14837053418159485 0.03607471287250519 -0.10447240620851517 -0.14228081703186035 -0.06269089877605438 0.021419186145067215 -0.07483751326799393 0.060029782354831696 0.04941653087735176 0.04431656748056412 0.058967068791389465 -0.11810475587844849 0.07488369941711426 -0.11284616589546204 0.02714441902935505 -0.10803503543138504 0.06236661225557327 -0.12050978094339371 -0.032575514167547226 -0.1264752894639969 0.07432566583156586 -0.14244578778743744 -0.1527169793844223 0.0003371170605532825 -0.05104568973183632 -0.07536949217319489 -0.001391487312503159 -0.0953349769115448 -0.0027431128546595573 0.03602626547217369 -0.008265604265034199 0.09575224667787552 0.008379879407584667 -0.03825759142637253 0.004841665271669626 0.01111854612827301 0.0477256141602993 0.001788688125088811 -0.0033712037838995457 -0.1604154407978058 0.008242127485573292 0.003952164202928543 -0.0006545619107782841 0.06459730863571167 0.026939349249005318 -0.10664808005094528 0.082114577293396 0.04827747493982315 0.08681922405958176 0.03159233555197716 -0.18956992030143738 -0.10472548007965088 -0.06700701266527176 -0.0605778843164444 -0.1607278287410736 -0.16290879249572754 -0.18531663715839386 -0.05217796191573143
b3 1
-0.04784439876675606
feature_cols 72
t4_active t4_pm_min t4_pm_gap t4_pm_mean t4_pm_max t4_llr_abs_min t4_llr_abs_mean t4_llr_abs_max branch_0 branch_1 branch_2 branch_3 branch_4 branch_5 branch_6 branch_7 branch_8 branch_9 branch_10 branch_11 branch_12 branch_13 branch_14 branch_15 branch_16 branch_17 branch_18 branch_19 branch_20 branch_21 branch_22 branch_23 branch_24 branch_25 branch_26 branch_27 branch_28 branch_29 branch_30 branch_31 branch_32 branch_33 branch_34 branch_35 branch_36 branch_37 branch_38 branch_39 branch_40 branch_41 branch_42 branch_43 branch_44 branch_45 branch_46 branch_47 branch_48 branch_49 branch_50 branch_51 branch_52 branch_53 branch_54 branch_55 branch_56 branch_57 branch_58 branch_59 branch_60 branch_61 branch_62 branch_63
