input_dim 104
hidden 64
M 64
branch_onehot 1
direction_largest 1
mean 104
1.0 0.1335172951221466 0.0 0.1335172951221466 0.1335172951221466 0.41934043169021606 1.0791301727294922 1.8212963342666626 2.0 0.31644999980926514 0.3937499523162842 0.5133351683616638 0.7102255821228027 0.23824645578861237 1.078901767730713 2.131033420562744 4.0 0.6143643856048584 0.252774715423584 0.9082342386245728 1.1323187351226807 0.12839767336845398 1.0787793397903442 2.4023244380950928 4.0 1.7551615238189697 0.620189368724823 2.545994997024536 3.2297098636627197 0.06691888719797134 1.0788553953170776 2.6430864334106445 4.0 5.110994338989258 1.0864719152450562 6.298603534698486 7.1744065284729 0.03399435430765152 1.0788971185684204 2.8616180419921875 0.015625 0.015625 0.015625 0.015625 0.015625 0.015625 0.015625 0.015625 0.015625 0.015625 0.015625 0.015625 0.015625 0.015625 0.015625 0.015625 0.015625 0.015625 0.015625 0.015625 0.015625 0.015625 0.015625 0.015625 0.015625 0.015625 0.015625 0.015625 0.015625 0.015625 0.015625 0.015625 0.015625 0.015625 0.015625 0.015625 0.015625 0.015625 0.015625 0.015625 0.015625 0.015625 0.015625 0.015625 0.015625 0.015625 0.015625 0.015625 0.015625 0.015625 0.015625 0.015625 0.015625 0.015625 0.015625 0.015625 0.015625 0.015625 0.015625 0.015625 0.015625 0.015625 0.015625 0.015625
std 104
1.0 0.11242315918207169 1.0 0.11242315918207169 0.11242315918207169 0.3304162323474884 0.34137678146362305 0.5519547462463379 1.0 0.17506155371665955 0.30501648783683777 0.16861289739608765 0.2696837782859802 0.20645615458488464 0.2417365312576294 0.4839106500148773 1.0 0.2479049414396286 0.2287907749414444 0.23317457735538483 0.2900734841823578 0.1186407059431076 0.1707909256219864 0.43009433150291443 1.0 0.6349977254867554 0.5230986475944519 0.5318063497543335 0.631216287612915 0.06424341350793839 0.12073604017496109 0.3881496489048004 1.0 1.4743319749832153 1.229371190071106 0.9653058648109436 1.022525429725647 0.033362142741680145 0.0853726714849472 0.3561933636665344 0.12346067279577255 0.12346068024635315 0.12346068024635315 0.12346068024635315 0.12346068024635315 0.12346068769693375 0.12346068769693375 0.12346068769693375 0.12346068769693375 0.12346069514751434 0.12346069514751434 0.12346069514751434 0.12346069514751434 0.12346070259809494 0.12346070259809494 0.12346070259809494 0.12346070259809494 0.12346071004867554 0.12346071004867554 0.12346071004867554 0.12346071004867554 0.12346071004867554 0.12346071004867554 0.12346071004867554 0.12346071004867554 0.12346071749925613 0.12346071749925613 0.12346071749925613 0.12346071749925613 0.12346072494983673 0.12346072494983673 0.12346072494983673 0.12346072494983673 0.12346073240041733 0.12346073240041733 0.12346073240041733 0.12346073240041733 0.12346073985099792 0.12346073985099792 0.12346073985099792 0.12346073985099792 0.12346074730157852 0.12346074730157852 0.12346074730157852 0.12346074730157852 0.12346075475215912 0.12346075475215912 0.12346075475215912 0.12346075475215912 0.12346076220273972 0.12346076220273972 0.12346076220273972 0.12346076220273972 0.12346076965332031 0.12346076965332031 0.12346076965332031 0.12346076965332031 0.12346077710390091 0.12346077710390091 0.12346077710390091 0.12346077710390091 0.12346077710390091 0.12346077710390091 0.12346077710390091
W1 6656
2.658155286842425e-39 0.059505119919776917 4.675187098988495e-39 0.042778365314006805 -0.0276187676936388 -0.022259268909692764 -0.06944866478443146 -0.0345723032951355 -6.309741501789428e-39 -0.0569230318069458 0.01834946498274803 -0.05119216814637184 0.02039378136396408 -0.05015997588634491 0.04518164321780205 0.005314861424267292 -4.724106428378075e-39 -0.03759574890136719 0.01725328527390957 -0.028380120173096657 -0.002252524020150304 0.017485138028860092 -0.024998633190989494 -0.004201497416943312 4.591525376772911e-39 0.010855419561266899 0.0065694404765963554 -0.0734301209449768 -0.05657042935490608 -0.009067273698747158 -0.020048663020133972 0.012261567637324333 4.067659754974328e-39 0.25283920764923096 -0.002122284844517708 0.02710871584713459 -0.017790338024497032 -0.02748822420835495 0.09291785210371017 0.026741988956928253 0.01683861017227173 -0.03201773762702942 -0.03011576272547245 -0.0011813135351985693 0.04473495855927467 -0.016885990276932716 -0.07353981584310532 0.06489016860723495 0.08195577561855316 0.08129046857357025 0.041354212909936905 0.06677448004484177 0.07299897074699402 0.06375361233949661 -0.05077236518263817 -0.05303948372602463 0.07641027867794037 0.05363170802593231 0.02778310514986515 0.057014744728803635 -0.06206519529223442 0.08718392997980118 0.029921606183052063 -0.00593163538724184 -0.05505019426345825 0.018625717610120773 -0.05863206833600998 -0.076115682721138 0.07231146842241287 -0.042113807052373886 -0.0335109643638134 0.025881750509142876 -0.06442079693078995 0.012542030774056911 0.05211030691862106 0.02141822688281536 0.03842850401997566 -0.043434761464595795 0.05617252737283707 -0.0726582407951355 0.09682959318161011 -0.02154109999537468 0.05073132365942001 0.10262138396501541 -0.006562438327819109 0.023724962025880814 -0.08567363023757935 0.05329651013016701 0.07236366719007492 0.07430430501699448 -0.02995830774307251 -0.06523752957582474 0.09201973676681519 -0.019931131973862648 0.06098756939172745 -0.04854653775691986 -0.06807126104831696 -0.06621193885803223 0.014131885953247547 0.06537903100252151 0.08961518853902817 -0.05003846809267998 -0.0342390276491642 0.06320697069168091 -4.979275872239302e-39 -0.01763978600502014 1.3524786271262048e-39 -0.0002529276243876666 -0.01291067898273468 0.0031862931791692972 -0.005837206728756428 -0.063554547727108 -1.8178932873808706e-39 -0.07940483093261719 0.016410674899816513 0.0060319141484797 0.02049628086388111 -0.026338722556829453 -0.02845802716910839 -0.006839572452008724 -2.357810783088294e-40 0.02038896456360817 -0.022881029173731804 -0.02793334610760212 -0.06805609911680222 0.004466687794774771 0.09698181599378586 0.052479617297649384 3.403466703659794e-39 -0.0012158381287008524 0.032051995396614075 -0.040510714054107666 -0.09343311935663223 0.012114310637116432 0.03147624805569649 0.0045615327544510365 -3.91136593075586e-39 0.21950849890708923 -0.030779961496591568 0.14039137959480286 -0.054186105728149414 0.05015485733747482 -0.11292186379432678 -0.040643174201250076 0.0758875235915184 0.06057900935411453 0.010790637694299221 0.006208714097738266 -0.024018382653594017 -0.04384331405162811 0.05394013971090317 -0.0734373927116394 0.06115678325295448 0.0006573428981937468 0.0156257264316082 0.08652537316083908 -0.027152305468916893 0.0831197127699852 -0.056531406939029694 -0.05310125648975372 -0.05358152836561203 -0.08471065759658813 0.08134787529706955 0.050020430237054825 0.02595207840204239 -0.060282833874225616 0.05764342471957207 0.003267906606197357 0.029175959527492523 -0.05744791775941849 0.007565401028841734 -0.020807933062314987 0.013784735463559628 0.06215737760066986 0.07807683944702148 0.06056296080350876 -0.05904408544301987 0.0325167216360569 0.011519385501742363 0.010902974754571915 0.036410823464393616 -0.0008857555221766233 0.08420714735984802 -0.07341086864471436 -0.07535214722156525 0.011995919980108738 0.05172273516654968 0.02635376714169979 -0.04278675466775894 -0.05614594742655754 0.055836621671915054 0.05013367533683777 -0.08552050590515137 0.07587454468011856 0.05225153639912605 -0.06512262672185898 0.04080847278237343 0.0837833359837532 0.06627817451953888 -0.01843624748289585 -0.02601763606071472 0.07193345576524734 -0.0665714368224144 -0.015278516337275505 0.0676107332110405 -0.052342116832733154 0.07458636164665222 0.08234836906194687 5.725914318702387e-39 0.05788756534457207 3.6394201416797354e-39 0.07503422349691391 0.04791978746652603 -0.09115331619977951 0.02709575742483139 0.05923416092991829 2.2787733458049813e-39 -0.023542173206806183 -9.499704174231738e-05 -0.030324820429086685 -0.008629054762423038 -0.02941569872200489 0.033051103353500366 -0.0007880153134465218 -5.195155990017483e-38 -0.048703741282224655 -0.069328673183918 0.0366671159863472 0.08445809036493301 -0.014524400234222412 0.01762518659234047 -0.014597538858652115 5.467222010501847e-40 0.01910889893770218 -0.1314922273159027 0.028435062617063522 -0.026158254593610764 -0.13192568719387054 0.008671032264828682 -0.06261131167411804 -4.4029498398317915e-40 -0.374652236700058 -0.008267078548669815 -0.1020856574177742 0.15594236552715302 -0.07796682417392731 -0.04279832914471626 -0.12351831048727036 0.05294617637991905 -0.02106490358710289 -0.08342110365629196 0.0008620350854471326 0.022783633321523666 -0.03469277545809746 -0.02383500710129738 -0.0017377601470798254 0.018087098374962807 0.03276962414383888 -0.06377115845680237 0.03186710923910141 -0.05077185854315758 -0.024561496451497078 -0.028245745226740837 -0.04459098353981972 0.01629764214158058 0.05196615681052208 0.04504746198654175 0.04376892372965813 0.06283052265644073 -0.006774387322366238 0.035994693636894226 -0.09565912932157516 0.01409450639039278 0.002556826686486602 -0.041232023388147354 0.045120719820261 0.06002803146839142 -0.012768863700330257 0.048664581030607224 0.007386640179902315 0.0011767067480832338 0.0325821153819561 -0.06150038167834282 -0.027301905676722527 0.04692217335104942 -0.005169866606593132 0.0008126747561618686 0.00852195080369711 0.014658482745289803 0.04515625908970833 -0.02028157189488411 0.018973231315612793 -0.006981908809393644 -0.005163062829524279 0.0015960484743118286 0.012747321277856827 0.025502869859337807 -0.023898379877209663 0.02139662392437458 0.032792262732982635 0.018054082989692688 -0.030309105291962624 0.03066205233335495 0.02690168283879757 -0.04810444638133049 0.06148490682244301 0.03324812650680542 0.04418478533625603 -0.05547500029206276 0.02285861037671566 -0.05925111100077629 -0.059241555631160736 1.7237582604429224e-39 -0.03834199532866478 -6.205348970092623e-39 0.06805667281150818 0.04371623322367668 -0.07221946865320206 0.05136384442448616 0.005508781410753727 -1.716897503161588e-39 0.09049474447965622 0.018838677555322647 -0.006494548171758652 0.04901319369673729 0.003301867051050067 0.03715929761528969 -0.09724657982587814 6.014068927115356e-39 0.07869181782007217 -0.10898824036121368 0.00031527900137007236 0.07188600301742554 0.06303395330905914 -0.040032800287008286 -0.12160944938659668 3.021020122880872e-39 0.08976153284311295 -0.0021796918008476496 0.11080727726221085 0.0012950478121638298 0.06576870381832123 0.06578554213047028 -0.10083912312984467 2.1719958041218946e-39 -0.15302887558937073 0.008022826164960861 0.017874712124466896 -0.03913980349898338 0.042693596333265305 0.03506657853722572 0.008637460879981518 -0.027431465685367584 -0.058731384575366974 -0.07109790295362473 -0.055128492414951324 -0.06825556606054306 0.04055418446660042 0.016519125550985336 -0.024218926206231117 -0.06898973137140274 -0.059413135051727295 -0.07892350852489471 0.07039715349674225 -0.024577926844358444 -0.03269824758172035 0.0811452716588974 -0.04746641591191292 0.022116370499134064 0.02710873633623123 -0.044342879205942154 0.0369797982275486 0.06813168525695801 0.0898340493440628 0.03280849754810333 -0.0632643774151802 -0.05008000507950783 0.07135973870754242 0.030328579246997833 0.07220561057329178 0.02584204263985157 0.029204292222857475 0.06672564893960953 -0.07910142838954926 0.05102556198835373 0.018240129575133324 -0.08129653334617615 0.09840214252471924 -0.06598957628011703 -0.051314178854227066 -0.027934987097978592 -0.08027944713830948 0.039830323308706284 0.03944025933742523 0.07578768581151962 -0.039851829409599304 -0.02137262374162674 -0.06602061539888382 0.006992065813392401 -0.024042390286922455 -0.041787289083004 0.06651774048805237 -0.04415071755647659 -0.011935780756175518 0.043496593832969666 0.06123824790120125 0.0065380907617509365 0.07006245106458664 0.014551899395883083 0.040103729814291 0.0382966510951519 -0.03369474038481712 0.09989089518785477 -0.011674747802317142 0.05841870605945587 0.02837515063583851 -8.046269795137743e-40 0.016048235818743706 -2.5373283267560176e-39 -0.013445681892335415 -0.009489127434790134 -0.024927541613578796 -0.04204054921865463 0.0005931505584158003 2.0099748730797306e-39 -0.03648091107606888 -0.013268150389194489 -0.057528603821992874 -0.04313606768846512 -0.008955342695116997 -0.017947176471352577 -0.0025591745506972075 -6.073580671596767e-39 -0.03989265859127045 -0.038303181529045105 -0.024523260071873665 -2.4406523152720183e-05 -0.025308631360530853 -0.024112187325954437 0.047960612922906876 5.821948105059495e-39 -0.05027233436703682 -0.006849600933492184 -0.01249632053077221 0.013234186917543411 -0.04431760311126709 -0.052491188049316406 0.01858953945338726 -8.028361200763672e-40 -0.006077777594327927 -0.09941544383764267 0.022379016503691673 -0.002601546933874488 -0.004356910474598408 0.01857949234545231 0.007419445086270571 0.03738856315612793 0.0015987661899998784 -0.01032254658639431 0.034869350492954254 0.040713489055633545 0.03170528635382652 0.03009864129126072 0.021849367767572403 -0.02538386732339859 0.029613837599754333 -0.03505997732281685 0.015315546654164791 -0.01877538673579693 -0.04030202701687813 -0.015152666717767715 0.022736268118023872 -0.07383986562490463 -0.0187503881752491 -0.009761654771864414 -0.013561750762164593 -0.02093806304037571 0.061532679945230484 -0.0159506406635046 0.008149311877787113 0.039460308849811554 -0.0478917695581913 0.0513823926448822 -0.019364967942237854 -0.007645799312740564 0.07381539791822433 0.0011219372972846031 0.001614409382455051 0.042982954531908035 -0.01069819089025259 -0.01049677561968565 -0.0014905669959262013 0.010208063758909702 0.052206553518772125 0.023277647793293 0.017405370250344276 0.04958433657884598 -0.03822028264403343 -0.01703493483364582 0.05011443421244621 -0.0010459100594744086 0.008646403439342976 0.03961095213890076 -0.03669053316116333 -0.01515867654234171 0.005052563734352589 -0.04719998314976692 -0.011396661400794983 0.015375527553260326 0.015878839418292046 0.026218296959996223 -0.06309185922145844 -0.019493555650115013 -0.03280908986926079 0.016573011875152588 -0.02223868854343891 -0.008560704067349434 -0.0289340578019619 0.012765073217451572 -0.0150628462433815 5.7890358080278983e-39 -0.0043875291012227535 6.36573458582692e-39 0.05342975631356239 0.014687398448586464 -0.07022090256214142 0.10349009186029434 0.05954475328326225 -1.758377339004067e-40 -0.04051085561513901 0.07820526510477066 -0.08001086115837097 -0.013921507634222507 0.0833275243639946 -0.004704874474555254 0.015109620988368988 -3.544399494112334e-39 0.04422103241086006 -0.013596897013485432 -0.004136799369007349 0.11674945801496506 0.06228429824113846 0.01952461525797844 -0.024327974766492844 4.3410600918564216e-39 0.0264159943908453 0.024806002154946327 0.04277081415057182 0.11790764331817627 -0.059159379452466965 0.027931950986385345 -0.05563558265566826 5.322596798595811e-39 0.2258647382259369 -0.020785029977560043 0.006266200914978981 0.04056835174560547 -0.0023124057333916426 0.012227809056639671 0.041353195905685425 -0.07222823798656464 -0.018254704773426056 0.00042787037091329694 -0.12156125158071518 0.002748870989307761 0.001623072661459446 0.04706525057554245 0.09687484055757523 0.03596856817603111 -0.08867470175027847 0.08887835592031479 0.04046571999788284 0.0363815501332283 -0.04485328868031502 0.06322170794010162 -0.03512853756546974 0.08989183604717255 0.07640406489372253 0.08220090717077255 -0.11404209583997726 0.0010696402750909328 0.07257027179002762 -0.07480067759752274 0.06804072856903076 -0.055243685841560364 0.013543708249926567 0.10302142798900604 -0.03827536851167679 0.023213636130094528 0.029193466529250145 -0.04026655852794647 0.051200371235609055 0.04757273942232132 0.09011770784854889 0.018542299047112465 -0.10343310236930847 0.049712199717760086 0.018290050327777863 -0.02985987812280655 0.0705929696559906 0.08341731131076813 0.037247784435749054 -0.022085383534431458 0.04954924434423447 0.09992733597755432 -0.06721221655607224 -0.11206693202257156 0.04136332497000694 -0.07660803943872452 0.05216678977012634 -0.02335655316710472 0.025334956124424934 0.02595031075179577 -0.02499859593808651 -0.014304437674582005 -0.043952587991952896 -0.090884730219841 0.010306300595402718 -0.06262991577386856 0.02370007336139679 0.04005023092031479 -0.04364577308297157 -0.08848831057548523 0.04185391589999199 2.51002122358172e-39 0.07635782659053802 3.862179233619287e-38 -0.005017843097448349 0.05390874668955803 -0.022593215107917786 0.06157432496547699 -0.009961310774087906 4.7339155176283484e-39 0.048053812235593796 -0.05907910317182541 -0.0030533354729413986 0.016520919278264046 -0.016733471304178238 0.054412927478551865 0.01387641578912735 1.3495639263204091e-39 0.06644606590270996 0.05658292770385742 -0.0063025327399373055 -0.016865067183971405 0.02161259390413761 -0.10701621323823929 -0.02791089378297329 2.7509450672546214e-40 -0.02417832426726818 0.02763013169169426 -0.041263192892074585 -0.007112943101674318 -0.005779176019132137 -0.011310063302516937 -4.3138061300851405e-06 -6.199022107526196e-39 0.19053202867507935 -0.04310618340969086 0.08905865997076035 -0.08073185384273529 -0.018819326534867287 -0.043292395770549774 -0.05450668931007385 0.013161864131689072 -0.0572071298956871 -0.08633951097726822 -0.0788378119468689 0.05444669723510742 0.055049046874046326 0.059278424829244614 0.046524498611688614 -0.07284647971391678 -0.04442085325717926 0.04704722389578819 -0.08731000870466232 -0.005697714164853096 -0.03393644466996193 0.04928731918334961 -0.08458825200796127 0.012931101024150848 0.03196140006184578 0.03179894760251045 0.04469294473528862 0.06378432363271713 -0.05432962626218796 -0.06617969274520874 0.0573057159781456 -0.058464787900447845 -0.03333785757422447 0.07372944056987762 0.07162801176309586 0.039688292890787125 -0.07037555426359177 0.040630485862493515 -0.07783195376396179 -0.07324312627315521 0.016116442158818245 0.031063685193657875 -0.055979665368795395 0.06996595859527588 0.06135939806699753 0.05023256316781044 0.05960137024521828 -0.023989416658878326 0.06873424351215363 0.049998171627521515 0.03147569298744202 0.018317624926567078 -0.042723968625068665 0.03394879028201103 0.056217219680547714 0.04028370976448059 0.026197180151939392 -0.07382036000490189 0.0008592120138928294 0.06272035837173462 -0.03223302587866783 -0.03075583651661873 0.03521830961108208 0.08569597452878952 -0.07138839364051819 0.06921461224555969 0.06285141408443451 0.04554440453648567 0.06170234456658363 -0.06450626254081726 0.00464535690844059 3.319198219209157e-39 0.03837507218122482 8.048049444187435e-40 -0.022440437227487564 -0.02710932120680809 -0.10432218760251999 -0.019635479897260666 0.006405677646398544 3.283228288928403e-40 0.004666636232286692 0.027245724573731422 -0.03626294061541557 -0.0296285729855299 0.04887600243091583 0.02625301294028759 0.015582232736051083 -5.8425275743065696e-39 -0.1033438891172409 -0.0042213029228150845 -0.06071266904473305 0.04507222771644592 -0.007669959682971239 0.00639998447149992 -0.023940827697515488 -1.3256563732205634e-39 0.005966906435787678 -0.06472869962453842 0.044412776827812195 -0.022405192255973816 0.029332630336284637 -0.013668890111148357 -0.029426995664834976 -6.948032952289383e-39 0.24183452129364014 -0.03383500128984451 0.012323960661888123 0.007993895560503006 -0.028039302676916122 -0.0720907673239708 0.010972999967634678 0.10369706153869629 0.056087758392095566 -0.04086266830563545 0.06747964769601822 -0.05827684700489044 0.0074957190081477165 -0.05001358315348625 -0.03945060819387436 0.05925528332591057 0.018688155338168144 0.05844809114933014 -0.06493961811065674 -0.03421248123049736 0.09919866919517517 0.07359112799167633 0.04263429343700409 0.05948713794350624 0.10912986844778061 0.025403417646884918 0.013582614250481129 0.03110368549823761 0.047752849757671356 0.038910120725631714 0.05600722134113312 0.07607603073120117 -0.046445321291685104 -0.015066463500261307 0.05012664943933487 0.07669023424386978 0.08774677664041519 0.0056753079406917095 0.08191271126270294 -0.0366712249815464 -0.03983354568481445 0.057782843708992004 0.04291108623147011 -0.06283333152532578 0.04197004437446594 0.06864961236715317 -0.040295276790857315 -0.053503431379795074 0.060076385736465454 -0.06081036478281021 -0.057699576020240784 0.055761195719242096 0.0467788390815258 0.08395932614803314 -0.00833716057240963 0.0960131585597992 -0.028302818536758423 0.04196244105696678 0.09293797612190247 -0.05322543531656265 -0.0020576398819684982 0.09361931681632996 0.07320530712604523 -0.03244394436478615 0.10047219693660736 0.08767498284578323 -0.04538470134139061 -0.04303010553121567 -0.02169807441532612 -0.04269653186202049 -0.04659581184387207 4.9075812389090516e-39 -0.006579283624887466 1.2289037207512565e-39 0.04672643542289734 -0.013197665102779865 0.09576216340065002 0.06964381039142609 0.06783396005630493 -3.2133889747649186e-39 -0.06736896187067032 0.10165335983037949 -0.02250761352479458 0.11785934865474701 0.022827107459306717 -0.034104567021131516 -0.038360387086868286 -4.289252686331869e-39 0.05866586044430733 0.00215639709495008 0.041387200355529785 -0.027825653553009033 0.002393634058535099 0.04711064696311951 -0.03288239613175392 6.5224838320462935e-40 -0.1011829748749733 0.07658559828996658 -0.027774622663855553 0.07131163775920868 0.05326475575566292 0.01562484260648489 -0.03922031819820404 -2.3380622838305643e-39 -0.3162071406841278 0.18768206238746643 -0.023672765120863914 0.12936553359031677 0.08432131260633469 0.0927024558186531 0.12676610052585602 -0.05787757411599159 -0.03513261675834656 0.00292124948464334 0.06011863052845001 0.046555791050195694 -0.014785639941692352 0.027107447385787964 0.05209122598171234 0.015541335567831993 -0.05522848665714264 0.0186738483607769 0.0028728810139000416 0.008807585574686527 0.019555678591132164 -0.015690678730607033 -0.016828639432787895 0.02005975879728794 -0.027867624536156654 -0.05716613680124283 -0.035578884184360504 -0.00016150913143064827 0.03475969284772873 0.0018516223644837737 0.020035898312926292 0.05631139874458313 0.02025134675204754 -0.03701668232679367 0.0447099432349205 -0.046974435448646545 0.017012478783726692 0.06984858214855194 -0.002309729577973485 0.045238953083753586 0.03693922981619835 0.0175803080201149 -0.047035541385412216 -0.026648102328181267 -0.008848141878843307 0.0399809367954731 0.031950924545526505 -0.03835238143801689 0.04565227031707764 -0.02498292364180088 0.002104098442941904 0.02137676626443863 0.007308685686439276 -0.01370279211550951 -0.017492767423391342 0.0029134887736290693 0.047205548733472824 0.04403118044137955 -0.011176619678735733 -0.015767091885209084 -0.07217715680599213 -0.08676078170537949 -0.0103206941857934 0.04117501899600029 0.01567341573536396 -0.06761209666728973 0.04449765384197235 -0.014056640677154064 0.01564509980380535 0.03527455031871796 -0.0031548684928566217 -4.1829950263790466e-39 0.017258327454328537 -4.628282836790615e-39 0.003042347962036729 -0.03245803713798523 0.015199228189885616 -0.02506253682076931 0.036313049495220184 7.844468803290326e-41 -0.0422058142721653 -0.0214918814599514 0.05110465735197067 -0.04416045919060707 0.008111138828098774 0.07522187381982803 -0.03068595752120018 3.1743712203242584e-39 -0.036386821419000626 -0.06897545605897903 -0.007113360799849033 0.033153463155031204 -0.03527587652206421 -0.046271976083517075 -0.005225985310971737 1.1043885431067462e-39 -0.034318242222070694 0.08441007137298584 0.026171263307332993 0.022583648562431335 -0.016073770821094513 0.044291116297245026 0.018972471356391907 -2.693013987440969e-39 0.2760554552078247 0.013425531797111034 0.07245878130197525 -0.09306639432907104 0.07035990804433823 -0.016650762408971786 -0.03279564902186394 0.057893481105566025 0.07272819429636002 -0.08517731726169586 0.046513501554727554 -0.09303860366344452 0.04273427650332451 0.05804935470223427 0.013560816645622253 0.04231872782111168 0.05608820170164108 0.05907878279685974 -0.08969695121049881 -0.055387310683727264 -0.09577377140522003 -0.08863034099340439 0.040144119411706924 0.03888598084449768 -0.06616748124361038 0.002594753634184599 0.06615456938743591 0.03125109151005745 0.04262283071875572 0.058404628187417984 0.06674066931009293 0.04653247818350792 -0.06320277601480484 0.030817927792668343 0.07270724326372147 0.039136506617069244 -0.03454013541340828 -0.0767015591263771 -0.06572280824184418 0.05601341649889946 0.03684616461396217 0.05818356201052666 0.04098455607891083 -0.06507217884063721 -0.01968568004667759 -0.06784216314554214 -0.08537832647562027 -0.06800894439220428 -0.039804283529520035 0.033950094133615494 -0.015563815832138062 0.06321630626916885 0.037450630217790604 0.04071488976478577 0.06960724294185638 0.018559446558356285 0.04715053364634514 0.0502721406519413 0.02163194678723812 0.05181916058063507 -0.05643169954419136 0.051636602729558945 0.05325925350189209 -0.08169690519571304 -0.005105186253786087 0.07564308494329453 -0.08992369472980499 -0.06590195745229721 0.06120569258928299 0.07550784200429916 0.040215734392404556 4.647868785426483e-39 0.02365325763821602 -5.0675997144456955e-40 -0.04661601409316063 0.026052167639136314 0.0038298368453979492 0.036717239767313004 0.02064034529030323 5.460389279189799e-39 -0.0045635756105184555 -0.05135000869631767 -0.02072751522064209 0.01216838788241148 0.010840894654393196 0.08727806806564331 0.017278512939810753 4.575456687282498e-39 -0.03324003145098686 0.012882912531495094 -0.004867996089160442 -0.04191259667277336 -0.007865838706493378 -0.04041653871536255 -0.02163822203874588 1.3052030208352784e-39 0.10781502723693848 -0.04898926243185997 -0.043808769434690475 -0.025700699537992477 0.06801074743270874 0.040159426629543304 -0.024750182405114174 -4.749970194134118e-39 0.1424780786037445 0.04020380601286888 0.11740995198488235 -0.1331106424331665 -0.07688596099615097 -0.0378032848238945 -0.02412242256104946 0.0789143368601799 0.03361007571220398 -0.06154964491724968 0.027475353330373764 -0.048761364072561264 0.015190747566521168 -0.03760842978954315 0.02406628616154194 0.04797191917896271 0.044723592698574066 0.05543975532054901 -0.0350521020591259 -0.055737175047397614 -0.06598697602748871 0.02546531893312931 0.034321192651987076 0.03850724175572395 -0.04277786239981651 0.07522456347942352 0.043563298881053925 0.053284626454114914 0.05304350331425667 0.0416354238986969 -0.05289827287197113 0.03053649701178074 -0.07099149376153946 0.007635068614035845 0.058652669191360474 -0.04502168297767639 0.030579913407564163 0.08025625348091125 -0.03570091724395752 -0.022274155169725418 -0.06529457122087479 -0.0313989631831646 0.06459488719701767 -0.04726410657167435 -0.06029755249619484 -0.05705491825938225 -0.057692233473062515 -0.02215975895524025 0.030201146379113197 0.06763558834791183 0.10041042417287827 0.051511410623788834 0.07462715357542038 0.026928503066301346 0.07353559136390686 0.01862650364637375 0.06239120662212372 -0.04466855525970459 0.07446664571762085 0.03545099496841431 0.0172409750521183 -0.024607716128230095 0.028314216062426567 -0.038769934326410294 0.003794063813984394 0.011642331257462502 0.034080374985933304 0.07224908471107483 0.04499132186174393 0.09052661061286926 -0.036022745072841644 -4.6906924664962494e-39 0.004200681112706661 -6.379387436764836e-39 -0.04891924560070038 -0.038563042879104614 -0.03547157719731331 0.01602877676486969 -0.03498799353837967 -1.7126249441438617e-40 0.04516955465078354 0.017438970506191254 0.007358985487371683 -0.03210914134979248 -0.06932985782623291 0.04349445924162865 0.023980237543582916 -4.623204531155902e-39 -0.06647524982690811 -0.019546369090676308 -0.03616434708237648 -0.10475485771894455 -0.010531758889555931 -0.017420295625925064 0.06857133656740189 6.854534114854238e-39 0.09314240515232086 0.0245338324457407 -0.030211832374334335 -0.0753989890217781 -0.003869222942739725 -0.005281675141304731 -0.05060720443725586 3.645941784732703e-39 0.27587535977363586 -0.01928560994565487 0.04170355573296547 -0.1438400149345398 0.013943447731435299 0.04981917515397072 0.012417107820510864 -0.06865754723548889 0.06158437579870224 0.0722494125366211 -0.08605398237705231 0.02358408458530903 0.0929034948348999 0.06419983506202698 0.060037240386009216 -0.020602144300937653 0.09144393354654312 0.08478432148694992 0.034015048295259476 0.04668436571955681 -0.0776745080947876 0.020177576690912247 -0.0819610133767128 0.03242582082748413 -0.06691556423902512 -0.07520811259746552 -0.05582905560731888 0.0730222761631012 -0.03150920197367668 0.025851938873529434 0.07875040918588638 -0.00973395723849535 0.030838340520858765 0.024294011294841766 0.06311488896608353 0.09704366326332092 -0.07796018570661545 0.0930788591504097 0.03727588430047035 0.07617807388305664 0.0538119301199913 0.055128175765275955 0.0767490416765213 -0.08426664769649506 0.014948048628866673 -0.03834247961640358 0.08096516132354736 0.04707597196102142 0.011932173743844032 0.041634801775217056 0.10557376593351364 0.03106495551764965 -0.03807727247476578 -0.00808595959097147 0.0174342580139637 0.08716495335102081 -0.0802047848701477 -0.0771474614739418 0.04469745233654976 -0.06603990495204926 0.04999123513698578 -0.055686090141534805 0.09766025096178055 -0.043402526527643204 -0.04319486767053604 0.05290234833955765 0.0002524935407564044 0.08555757999420166 -0.06520087271928787 -0.05506306514143944 0.044685497879981995 1.0068791894667038e-39 0.041755761951208115 -6.660916706038478e-39 0.030014025047421455 -0.007821353152394295 -0.010961605235934258 0.0025114493910223246 -0.018609514459967613 6.840533741897169e-39 0.007731632329523563 0.07050938159227371 -0.03980117663741112 -0.01799195446074009 0.020789626985788345 0.0030389567837119102 -0.009481770917773247 -2.873726838698762e-40 -0.028355253860354424 0.0056357719004154205 -0.03903823345899582 0.01539701409637928 0.011314702220261097 -0.02284161187708378 -0.03699397295713425 -1.7002893137624103e-39 0.023436402902007103 0.01910233497619629 0.008892107754945755 -0.03143848851323128 -0.001216617412865162 0.14202766120433807 0.09139471501111984 -1.700055296918868e-39 0.27339014410972595 0.0708061009645462 0.04055177792906761 -0.038138248026371 0.031026870012283325 0.0030350058805197477 -0.058818671852350235 0.06308957189321518 -0.055949460715055466 0.07268638908863068 0.03882638365030289 0.05887914076447487 -0.06081729754805565 0.05878427252173424 -0.05514659360051155 -0.06203649193048477 0.03235376998782158 0.06953506171703339 0.062282759696245193 -0.08817801624536514 -0.055814746767282486 0.07431964576244354 -0.05956743285059929 0.08198114484548569 -0.0822359248995781 -0.0668785497546196 0.06258191913366318 0.07894059270620346 0.04337486997246742 -0.06970160454511642 0.040291253477334976 0.062025342136621475 0.05013617128133774 0.07755035161972046 -0.05885037034749985 0.05162621662020683 0.07975263893604279 0.07670591026544571 0.03414482995867729 -0.05787432938814163 -0.0458599217236042 -0.06290696561336517 -0.06241656467318535 -0.06598588079214096 0.09531755745410919 0.0830376073718071 -0.05326472222805023 -0.07363340258598328 0.07316644489765167 0.06753773242235184 -0.03828684985637665 0.0861702561378479 0.06012582406401634 0.08272070437669754 -0.07882235199213028 0.04968765005469322 0.057524632662534714 -0.0738915503025055 -0.061751581728458405 0.02412569336593151 0.046603571623563766 0.0283370204269886 0.06692128628492355 0.06844108551740646 0.0028252669144421816 -0.017376458272337914 0.06765276193618774 0.07014454901218414 -0.05791894346475601 -0.059484586119651794 0.06183885782957077 -5.909847353831198e-39 -0.0032808207906782627 -2.4564860170506546e-39 0.0036433255299925804 0.004463060759007931 0.03449392691254616 0.07547455281019211 0.07076012343168259 -6.565548536451924e-39 -0.021931076422333717 0.08433032035827637 -0.04268897697329521 0.00797921884804964 -0.06979123502969742 -0.06265413016080856 -0.07836128771305084 2.4991283700991374e-38 0.05469220504164696 -0.028059381991624832 -0.022675925865769386 -0.044638436287641525 0.027977118268609047 0.012574546970427036 -0.009251702576875687 -1.624437027888508e-39 0.11470485478639603 0.034233033657073975 0.04741082713007927 -0.08551131933927536 0.10271336883306503 -0.09287814050912857 0.024001875892281532 -5.5695125945021655e-39 0.18655577301979065 -0.004543712828308344 0.059664253145456314 -0.006780114024877548 -0.03677405044436455 -0.09969807416200638 0.11151061952114105 0.08642731606960297 0.11105476319789886 0.07569709420204163 -0.038887158036231995 -0.02717570774257183 0.06770141422748566 -0.04809798300266266 0.01563935913145542 -0.009572097100317478 0.07796202600002289 0.023363022133708 0.01769077219069004 0.01655387133359909 0.012492920272052288 0.02393372356891632 0.03431134298443794 0.008740512654185295 0.07019145786762238 -0.010772399604320526 0.015935072675347328 0.09839759767055511 -0.002363060135394335 -0.03173840418457985 -0.02879450097680092 0.012330739758908749 -0.0433540977537632 -0.014253057539463043 -0.006543593481183052 0.029323657974600792 -0.011664879508316517 0.047674760222435 -0.017870523035526276 -0.04325957968831062 0.03698865696787834 0.018376030027866364 0.04091966152191162 0.06891054660081863 0.025989871472120285 0.043561600148677826 0.05624132230877876 -0.018361693248152733 0.04937659576535225 0.012474486604332924 -0.03763660416007042 0.013919390738010406 -0.028202978894114494 -0.025592533871531487 0.02519252523779869 0.07154412567615509 -0.06487943232059479 0.021031269803643227 -0.009053331799805164 0.02227453887462616 -0.03565031662583351 0.06594675034284592 -0.019254829734563828 0.06739479303359985 0.022456875070929527 -0.04251660034060478 -0.06729874014854431 0.057171937078237534 0.018437407910823822 -0.047057922929525375 0.045353468507528305 -2.7987167332019187e-39 -0.030253160744905472 2.490906111229865e-39 -0.001997205661609769 -0.039114609360694885 -0.0195741169154644 -0.01821322739124298 -0.02514185942709446 4.830295424706145e-39 0.04962494224309921 -0.04466049745678902 -0.016379686072468758 -0.0101952338591218 0.02271425537765026 -0.027550535276532173 0.008152345195412636 -9.643273602990164e-40 -0.08709180355072021 8.04170485935174e-06 -0.0012081691529601812 -0.06243978813290596 -0.024425609037280083 0.039878394454717636 -0.07626283913850784 2.192079213712598e-39 0.027428001165390015 0.00781388208270073 0.03289957717061043 -0.07315714657306671 0.030004745349287987 0.09837591648101807 -0.04484625905752182 -1.7547199500121792e-39 0.29751431941986084 0.07635068893432617 0.03413871303200722 -0.08524084836244583 0.01947047747671604 -0.05031850188970566 0.0661877989768982 -0.06269710510969162 -0.017860492691397667 0.08132517337799072 -0.06618621200323105 0.07364682108163834 0.0375184640288353 -0.05580956116318703 0.054988086223602295 -0.0641835406422615 -0.06658508628606796 0.05618734657764435 -0.06010081619024277 0.013742726296186447 0.05468130111694336 0.04179026931524277 0.06304018199443817 -0.05274217948317528 0.0498226024210453 0.05178821459412575 -0.04841872304677963 -0.055134862661361694 -0.033793870359659195 0.02928432822227478 0.07742482423782349 -0.008181598037481308 0.04690314456820488 -0.03869156166911125 -0.016768312081694603 -0.07349615544080734 0.043378446251153946 -0.05719764530658722 0.06036955863237381 0.06435732543468475 0.032260630279779434 0.01594671607017517 -0.06270713359117508 -0.0708741769194603 0.004423326347023249 0.0750737413764 0.08506884425878525 0.06785959005355835 -0.04329276084899902 0.07497116178274155 -0.06225493177771568 0.013171708211302757 -0.009945353493094444 0.07030181586742401 0.05583595111966133 -0.04674210399389267 -0.05028434097766876 0.0276937335729599 0.02067846991121769 0.01736399345099926 0.07014746963977814 -0.03757728636264801 -0.05714797228574753 0.06522861868143082 -0.017373183742165565 0.03314147889614105 0.06607840955257416 0.04302169382572174 -0.06302670389413834 -0.01523045264184475 -0.008685107342898846 -5.368084348046259e-39 -0.061764851212501526 -2.8601272371024895e-39 -0.03136736527085304 -0.007686070632189512 -0.07284121215343475 0.012022048234939575 0.07201622426509857 -4.2971190153912026e-38 -0.02864864468574524 0.024293387308716774 -0.05635898560285568 0.02219625748693943 -0.023744231089949608 -0.019747573882341385 -0.04511051997542381 -4.7062230573763614e-39 0.04012889042496681 -0.07111120223999023 0.045830123126506805 -0.007175527513027191 0.011589097790420055 0.042710550129413605 0.029026031494140625 -6.544870976312347e-39 -0.1011287197470665 0.036667030304670334 -0.045663367956876755 0.037514716386795044 0.031121645122766495 0.007814871147274971 0.03489529713988304 1.231123377518747e-39 0.16572649776935577 -0.006069958675652742 0.010419357568025589 0.048915404826402664 -0.014309481717646122 -0.001065972843207419 -0.048857808113098145 -0.0067527941428124905 0.038832444697618484 -0.07318184524774551 0.048178981989622116 -0.007739113178104162 0.0745915099978447 0.03287062048912048 -0.008451712317764759 -0.04029073566198349 -0.014371739700436592 -0.055474843829870224 0.08045981824398041 0.07354442030191422 0.055485863238573074 0.0549234002828598 -0.003663482842966914 -0.06492745131254196 -0.038255125284194946 0.06424069404602051 0.04933219403028488 -0.005764996167272329 -0.02216150425374508 0.056258853524923325 0.0529656819999218 0.0336788184940815 -0.052602618932724 0.08181361109018326 -0.0038167517632246017 -0.03462573140859604 0.07570728659629822 0.04909798130393028 -0.009048917330801487 0.03570086136460304 0.012132403440773487 -0.04245968535542488 -0.046521782875061035 -0.03268272802233696 -0.045990265905857086 0.01734916679561138 0.06071268022060394 0.02583782933652401 0.02691826783120632 0.04331309348344803 0.03169482573866844 0.027263369411230087 -0.05813854560256004 -0.015453250147402287 0.048168033361434937 -0.04971471428871155 0.013947105035185814 -0.01866111159324646 -0.055421557277441025 -0.0468517430126667 0.07021336257457733 0.07509588450193405 0.03336033597588539 0.0684545487165451 0.0631132423877716 -0.04699254781007767 0.0012604792136698961 0.03218574449419975 0.03291265666484833 0.062000662088394165 -0.055405959486961365 5.687884479679076e-40 -0.07639099657535553 -5.211877404332579e-40 0.014164402149617672 -0.0690416619181633 0.06747619807720184 0.035018861293792725 -0.0302837286144495 -1.905760306287894e-39 0.0075765387155115604 -0.01435562502592802 0.03943837061524391 0.017932066693902016 -0.023769915103912354 -0.05791223421692848 -0.03085336461663246 4.175234635483616e-39 0.07109338045120239 0.07010987401008606 -0.08075518161058426 -0.07046528160572052 -0.0004396309668663889 0.025509750470519066 -0.022219035774469376 -4.690724696360929e-39 0.05493946000933647 0.05979999154806137 0.04506345093250275 -0.0005725228693336248 0.03740818053483963 -0.05440760776400566 -0.008263083174824715 -5.2649627940565957e-39 0.2517727017402649 -0.030771903693675995 0.007528198417276144 0.008661970496177673 0.019392739981412888 0.09302129596471786 0.015907704830169678 0.05897992104291916 -0.025735938921570778 0.0317036435008049 0.0557333342730999 -0.0042017423547804356 0.019271014258265495 0.05715014412999153 0.03297621011734009 0.01047435961663723 -0.07654400914907455 0.000382681202609092 0.062300533056259155 0.07876303791999817 -0.05363818630576134 -0.05060853436589241 0.04694938659667969 -0.043284133076667786 -0.0035275355912745 -0.07064163684844971 -0.0718938335776329 -0.08264815807342529 -0.08410001546144485 0.052833136171102524 0.0898803249001503 0.05781188979744911 0.093270443379879 0.0002293865691171959 -0.034202221781015396 -0.029998663812875748 0.04683586210012436 0.05060066655278206 -0.0713077113032341 0.005383920855820179 -0.07508208602666855 0.02100304700434208 0.019147302955389023 0.07562853395938873 -0.01376692857593298 -0.05348454415798187 -0.08702750504016876 -0.06362976878881454 0.048087187111377716 0.04940370097756386 0.012933114543557167 -0.06782318651676178 0.03098071552813053 -0.05194434896111488 0.013392879627645016 0.06588555872440338 0.06812972575426102 0.07808626443147659 -0.05366916581988335 0.0307223591953516 0.0751909613609314 -0.058847565203905106 -0.012071899138391018 -0.08789274841547012 0.08728893101215363 -0.01713702827692032 0.0743698701262474 0.06407622992992401 -0.01727932319045067 -0.002509969985112548 0.08543194085359573 6.7738627635615225e-40 -0.0032717944122850895 1.4844234892285652e-39 -0.03399099409580231 -0.010784052312374115 0.014090852811932564 -0.029206998646259308 0.024884995073080063 -5.834362768674335e-38 -0.09054334461688995 0.004612976685166359 -0.04534423351287842 -0.031956616789102554 -0.020720219239592552 -0.040453460067510605 0.0353686697781086 3.9583111108688983e-38 0.05077872425317764 0.005258192308247089 -0.016966640949249268 0.06244528666138649 -0.018217014148831367 -0.023999467492103577 0.06199852377176285 -2.4815118063250315e-39 0.07815861701965332 -0.09004519879817963 0.035640567541122437 -0.09060882031917572 -0.067677341401577 -0.1325237900018692 -0.013937018811702728 -1.2525408232474875e-39 0.2977927625179291 0.02844512090086937 0.05910852551460266 -0.09602415561676025 -0.0638604685664177 -0.11229763925075531 -0.02445625513792038 0.1052311435341835 -0.025278326123952866 0.007845547050237656 0.05392428860068321 0.06887789070606232 -0.0732359066605568 0.029793743044137955 -0.05929727107286453 -0.026792731136083603 -0.011954644694924355 0.06060310825705528 0.07298915833234787 0.05293950438499451 0.03443342447280884 0.008782857097685337 -0.06762653589248657 0.061856165528297424 -0.07679726183414459 -0.05460173636674881 0.056993648409843445 0.01825425773859024 0.04932035133242607 -0.013323861174285412 -0.05911025032401085 0.07527443021535873 0.016211166977882385 0.10044112056493759 -0.026042331010103226 -0.029615171253681183 0.02914046309888363 0.06520367413759232 0.05996086448431015 -0.061503466218709946 -0.009385310113430023 -0.05277813598513603 0.04662757366895676 -0.09156028926372528 -0.0657203197479248 0.07866060733795166 0.003023638855665922 0.0835261344909668 -0.041049711406230927 -0.06590214371681213 -0.0877281129360199 -0.05842510610818863 0.026199301704764366 0.08623037487268448 0.010722792707383633 -0.08853480964899063 0.022110162302851677 0.10878492891788483 0.05647413805127144 -0.043727047741413116 0.003937791101634502 0.05565440654754639 0.06266128271818161 -0.010027656331658363 0.06688086688518524 0.05950422212481499 0.03091706894338131 0.05591632425785065 0.02527274377644062 0.07521133124828339 -0.00800603348761797 1.342401889869245e-39 0.037263475358486176 8.212688000760958e-40 0.024585191160440445 0.05424414202570915 0.06226969510316849 0.034247174859046936 -0.049075428396463394 2.3710488496807705e-39 0.04322942718863487 -0.006083700340241194 -0.023535124957561493 0.01567043922841549 -0.004814389161765575 0.054899685084819794 -0.0070243109948933125 6.561801464358319e-39 0.040885720402002335 -0.03251397982239723 -0.03746362030506134 -0.035935111343860626 -0.012841721996665001 0.030939048156142235 0.0938262864947319 -3.251294098224905e-39 0.04391312599182129 0.007242236752063036 -0.017636695876717567 -0.005249569192528725 -0.03812623769044876 0.004860340617597103 0.03296583145856857 -5.89938245689962e-40 0.13243824243545532 -0.06351218372583389 0.030971240252256393 -0.057988278567790985 -0.014576280489563942 0.04091844707727432 -0.027487261220812798 0.05318795517086983 -0.05091182142496109 0.007693712133914232 -0.08213002979755402 0.06564771384000778 0.013661912642419338 -0.08416522294282913 -0.035321105271577835 0.08256573975086212 -0.03452960029244423 0.07519666850566864 0.05419209599494934 -0.04105675593018532 0.013151784427464008 0.0764465481042862 0.028863096609711647 0.061822518706321716 -0.0391673818230629 0.03630153834819794 -0.07125537842512131 0.05158018320798874 -0.06386591494083405 0.04123096168041229 -0.026123207062482834 0.022910162806510925 -0.021871007978916168 -0.041851673275232315 -0.07778440415859222 0.03180176392197609 -0.06783228367567062 0.02414242923259735 -0.09226390719413757 -0.023911451920866966 0.06933235377073288 0.016183026134967804 0.08169396221637726 -0.06292901188135147 -0.06498125940561295 0.05696316808462143 0.06293561309576035 0.0032443844247609377 -0.036556143313646317 0.03527399152517319 -0.036719419062137604 0.04875047132372856 -0.012189885601401329 -0.047302618622779846 -0.06754230707883835 0.01767677254974842 0.015553245320916176 0.0446585975587368 -0.009408596903085709 0.05258573219180107 -0.04061202332377434 -0.01062572468072176 0.07133308053016663 0.09656745940446854 -0.03707997128367424 0.04478609189391136 -0.04752552509307861 0.03907875344157219 0.07546371221542358 0.002106099622324109 0.021783970296382904 1.2265985847774421e-40 0.014190025627613068 5.7010973228991944e-39 -0.08480872958898544 -0.0734996348619461 -0.11314329504966736 0.06355586647987366 0.0029147404711693525 6.616185857758765e-39 0.1191122829914093 0.009722967632114887 -0.00153612089343369 -0.008196573704481125 0.061087463051080704 0.06837120652198792 -0.06504199653863907 -6.329736629576879e-39 -0.016748616471886635 -0.025857161730527878 0.02802940085530281 -0.060678187757730484 0.023214664310216904 -0.07212796062231064 0.09294984489679337 -1.7314555929074586e-39 0.06501877307891846 0.08531682193279266 -0.0019547375850379467 -0.0124447550624609 -0.05697638541460037 -0.08055604249238968 0.02300375886261463 -3.613903897942845e-39 0.26355940103530884 0.03840528056025505 0.006506627891212702 -0.09232889115810394 0.09939312189817429 -0.021787410601973534 -0.019147293642163277 -0.04041676968336105 0.046998120844364166 -0.042573221027851105 0.053305644541978836 -0.0018698591738939285 -0.06428395956754684 0.0690649002790451 -0.06600035727024078 0.06530612707138062 0.058919571340084076 0.047988057136535645 -0.08547266572713852 0.057507701218128204 -0.06128657981753349 -0.08927371352910995 0.039243292063474655 -0.033863116055727005 0.053963396698236465 0.036937810480594635 0.024037841707468033 0.034760378301143646 -0.07037854939699173 -0.06043289601802826 0.07893815636634827 -0.013666613958775997 0.026873895898461342 0.02755875140428543 -0.015314064919948578 -0.056794553995132446 0.0012140001635998487 0.006071827374398708 0.04121987149119377 0.011205176822841167 0.04417615756392479 -0.010683323256671429 -0.06808485090732574 0.0736408606171608 0.032246895134449005 0.01105957105755806 -0.11320536583662033 0.018322348594665527 0.038694463670253754 0.06539315730333328 0.04020049422979355 0.01400667242705822 0.004675713367760181 0.04196303337812424 0.025595705956220627 0.0504734069108963 0.07691711187362671 0.04224053770303726 -0.020923292264342308 -0.024830639362335205 -0.0514136478304863 -0.03911232575774193 -0.07010160386562347 -0.06991777569055557 -0.06124108284711838 0.06091797724366188 0.06915748864412308 0.03321667015552521 -0.01600658893585205 0.020811323076486588 -0.03190584108233452 -6.715934486344799e-39 0.009576916694641113 5.19253107773411e-39 -0.007177378982305527 -0.06137806549668312 0.0022137174382805824 -0.09222893416881561 -0.11501242965459824 1.7786448792129825e-38 0.10422811657190323 -0.0895504355430603 0.010793492197990417 -0.06301261484622955 0.05507328361272812 0.06924089789390564 -0.0405767485499382 -1.3711439226710113e-39 0.01954289898276329 0.006941277999430895 0.051724210381507874 0.026464194059371948 -0.03011072240769863 -0.04211428388953209 0.028397846966981888 -3.7498662827424245e-39 0.10781705379486084 0.006949089467525482 -0.02306695654988289 -0.04202285408973694 -0.018199076876044273 0.035141196101903915 0.05517046898603439 2.9373413048240227e-38 0.21070359647274017 0.018680572509765625 0.07457634061574936 -0.04183506965637207 -0.017603859305381775 0.08282230794429779 -0.07708694785833359 0.10019179433584213 0.014438003301620483 0.02811286970973015 -0.04196363314986229 -0.050760310143232346 -0.038138724863529205 -0.02244354970753193 0.018745852634310722 0.03193525969982147 -0.06908679753541946 0.02640593983232975 0.019204534590244293 0.08056121319532394 0.04869328439235687 -0.023679565638303757 -0.0922519788146019 -0.08512117713689804 0.021150369197130203 0.024560002610087395 -0.008916279301047325 -0.06408917903900146 0.06833217293024063 0.04066328704357147 -0.0020253085531294346 -0.061896633356809616 0.04811841994524002 0.06570559740066528 0.03431826829910278 0.007673284970223904 -0.029161781072616577 -0.061541393399238586 0.1290312260389328 -0.000610414776019752 0.06929352879524231 -0.04694625362753868 0.010878645814955235 -0.028551528230309486 0.08823541551828384 0.06285402178764343 -0.0008042147965170443 0.03910340368747711 0.11892923712730408 -0.07043774425983429 0.008452716283500195 0.004562132526189089 -0.010415064170956612 0.01667655259370804 0.012673581950366497 -0.020002130419015884 0.07928246259689331 0.07907035201787949 0.011952036991715431 -0.07004180550575256 -0.023340445011854172 -0.05843213200569153 -0.05952494218945503 -0.0028593980241566896 0.000618025369476527 0.06479264050722122 0.10714293271303177 0.05203382298350334 0.12811952829360962 -0.03851504996418953 0.1136874407529831 -5.73857785292449e-39 0.05763288214802742 5.72444435661331e-39 0.021194057539105415 -0.09006620943546295 0.059990569949150085 0.014845917001366615 -0.013256779871881008 -2.786971049473948e-39 0.014808972366154194 -0.03685150668025017 0.006777086760848761 -0.05717422813177109 0.0010564039694145322 -0.027489811182022095 -0.017893986776471138 5.425138215021244e-39 -0.016556138172745705 0.025787096470594406 -0.03278381749987602 0.09682686626911163 -0.059044405817985535 -0.055903054773807526 0.031927935779094696 -1.8984725733644798e-38 0.048886846750974655 -0.08253661543130875 0.009688002988696098 -0.025995057076215744 -0.005673151928931475 -0.06752227246761322 -0.022658437490463257 -6.646835057770478e-39 -0.4409654438495636 0.15489454567432404 -0.06592489778995514 0.175571009516716 0.006821274291723967 0.07423572987318039 -0.03445488587021828 0.07128539681434631 0.044920384883880615 0.050461139529943466 -0.06324359029531479 0.020770883187651634 0.006624582223594189 -0.05887714400887489 -0.05332646891474724 0.04481014236807823 0.04534009471535683 -0.06231776997447014 -0.005586630664765835 0.06166807934641838 0.04401816427707672 -0.016101259738206863 0.025007467716932297 -0.05837471783161163 0.05984606593847275 -0.008824821561574936 0.018816836178302765 0.036438267678022385 -0.09181366860866547 0.0025943717919290066 0.008397028781473637 -0.03122621774673462 -0.07743585109710693 0.028315469622612 0.04129035025835037 0.019161604344844818 -0.0595550574362278 -0.024200575426220894 0.053096506744623184 0.019364189356565475 -0.06013806164264679 0.025653371587395668 -0.0031604128889739513 0.024319496005773544 0.006076005287468433 0.04048136994242668 0.0202410239726305 0.03877970948815346 -0.07876976579427719 0.03872127830982208 0.031060604378581047 0.030466759577393532 0.032526303082704544 0.0551111064851284 0.012325006537139416 -0.006786532700061798 0.05597790330648422 -0.044576071202754974 0.031399939209222794 0.029265254735946655 0.02930334210395813 -0.04375137388706207 0.015449575148522854 0.01232912577688694 0.036584872752428055 0.006889046635478735 -0.08100353181362152 0.049201808869838715 -0.02196771651506424 0.027030786499381065 -0.08608869463205338 5.660816998542178e-38 -0.06996729969978333 -1.5095711914693384e-39 0.03670516237616539 0.011901143938302994 -0.059198085218667984 0.047101981937885284 -0.003713686252012849 -9.596918649790299e-40 0.020745370537042618 0.030619962140917778 0.006382069084793329 -0.04713890329003334 0.012643537484109402 -0.09009535610675812 -0.023936789482831955 5.357800218616579e-39 0.03710285201668739 0.023412493988871574 -0.09117993712425232 0.04434468597173691 -0.012014159001410007 0.020900938659906387 0.014224635437130928 -5.005464739239069e-39 -0.06994312256574631 0.050769586116075516 -0.12824249267578125 0.017430666834115982 0.010316758416593075 0.05889206379652023 -0.03657527267932892 -5.165769079662435e-39 0.36838746070861816 0.03573422506451607 0.0367807075381279 -0.045877113938331604 -0.033659208565950394 -0.0022465609945356846 0.12178190052509308 0.025635579600930214 -0.08224870264530182 0.06726082414388657 0.02060801349580288 -0.11415540426969528 0.05217381566762924 0.04615922272205353 0.024856019765138626 -0.07896397262811661 0.0578191876411438 0.042389996349811554 -0.07555040717124939 0.06978204101324081 0.06702834367752075 0.050299644470214844 0.022844426333904266 0.008227849379181862 0.06453964114189148 -0.07782819122076035 0.029689347371459007 0.07086429744958878 0.060505375266075134 0.07734281569719315 0.06067977845668793 0.07356885075569153 0.07904046028852463 -0.08443468064069748 0.04386408254504204 -0.08585526049137115 0.03794980049133301 -0.08718681335449219 -0.09264415502548218 0.06473281234502792 -0.08798553049564362 0.08331646025180817 -0.10063901543617249 0.053691647946834564 0.027150601148605347 0.033758919686079025 -0.08647452294826508 -0.08730634301900864 0.019595174118876457 0.037711940705776215 0.07504501938819885 0.004762350115925074 0.06241346895694733 0.03514878824353218 0.06760698556900024 -0.08684185147285461 0.043027251958847046 0.05767315626144409 0.07781331986188889 0.05007442831993103 0.07216230034828186 -0.07710196077823639 0.08275814354419708 -0.08700531721115112 0.06800656765699387 0.019308147951960564 -0.02324271947145462 -0.08087367564439774 0.029103750362992287 0.04516763612627983 -0.08278060704469681 5.082588002820114e-39 0.0139955198392272 -6.437936489201256e-39 -0.000763828749768436 0.05855780467391014 -0.036083053797483444 -0.048072513192892075 0.04867495596408844 1.1560937659472804e-37 0.0417867973446846 0.04564327001571655 -0.04182858020067215 -0.0029139616526663303 0.02422500215470791 -0.055047228932380676 -0.07994994521141052 3.451499011121456e-39 0.09423403441905975 0.0707865059375763 -0.024144278839230537 0.04867536574602127 0.02500658482313156 -0.025609927251935005 0.025117570534348488 9.11796884766872e-40 -0.10935693979263306 0.07640242576599121 0.013682316057384014 0.10638389736413956 -0.006726997904479504 -0.017083050683140755 -0.025504710152745247 -5.1710141398144026e-39 0.32558757066726685 0.05276799574494362 0.08162850886583328 0.07615473121404648 -0.07116154581308365 -0.07830213010311127 0.023388013243675232 0.003939813002943993 0.06605234742164612 0.02410217374563217 -0.03781067579984665 0.03285462409257889 0.07325518876314163 0.026680128648877144 -0.012282094918191433 -0.08118557929992676 -0.09624529629945755 0.026785338297486305 0.026335809379816055 -0.11138052493333817 -0.03529985249042511 -0.08282408118247986 -0.048725154250860214 0.01557953655719757 -0.008158884942531586 0.03419596701860428 0.09651461988687515 0.04671497270464897 -0.04740019887685776 0.0042635430581867695 -0.02165583334863186 0.049941010773181915 -0.0216313935816288 0.06182615086436272 -0.012818018905818462 -0.09902346134185791 0.037175752222537994 0.08361832797527313 0.04847531393170357 0.08213484287261963 0.09411871433258057 -0.12645438313484192 0.07658469676971436 -0.043980922549963 0.0027206724043935537 0.007275064941495657 0.04331274330615997 0.055255454033613205 0.002588306088000536 0.07072420418262482 0.023790348321199417 0.0796395018696785 -0.10532315075397491 0.05484725162386894 -0.008055158890783787 -0.07141023874282837 0.016177324578166008 0.012563587166368961 -0.03300352767109871 0.02994694747030735 0.07858051359653473 0.03872750699520111 0.014427278190851212 -0.04309381917119026 -0.021591048687696457 0.015916218981146812 0.06297856569290161 -0.021548567339777946 0.06745351850986481 0.0703100860118866 -0.07376875728368759 -3.258192690564776e-39 -0.05127641186118126 5.644395181838755e-39 -0.03104771487414837 -0.09813153743743896 -0.09895169734954834 -0.0403021015226841 0.003291813423857093 -3.7732749735889706e-39 -0.021914096549153328 0.06919612735509872 -0.02246694639325142 -0.0021291945595294237 0.027621330693364143 -0.006849841680377722 0.005179055035114288 -4.27598799506857e-39 -0.012876363471150398 0.10754171758890152 0.06945402175188065 -0.06115449592471123 -0.0007658533868379891 0.08253693580627441 -0.005152368452399969 3.379355962282621e-39 -0.0271072369068861 0.007912089116871357 0.07972583174705505 -0.009999198839068413 -0.013543112203478813 0.050854962319135666 -0.005505559034645557 4.793926124363059e-39 -0.32831045985221863 0.13324189186096191 -0.056439220905303955 0.07316785305738449 -0.04618016630411148 0.03969443216919899 0.011486005038022995 0.029580755159258842 0.05415511503815651 0.061516810208559036 0.07023316621780396 -0.0739707425236702 -0.1063494011759758 0.03788859024643898 0.019149718806147575 -0.059656526893377304 -0.003583580022677779 0.06506375968456268 0.05018205940723419 0.08755464106798172 0.01619826629757881 0.10124187916517258 -0.04404784366488457 0.013837710954248905 0.008778894320130348 -0.08870808035135269 0.035343777388334274 0.06270625442266464 0.012556768022477627 0.021522292867302895 0.08048782497644424 -0.1098332330584526 0.040458183735609055 -0.01915537193417549 -0.06511959433555603 0.046276193112134933 0.05287179723381996 -0.1264416128396988 0.04108734056353569 0.07203935086727142 -0.03778878599405289 -0.03769560530781746 0.05711061507463455 -0.028639741241931915 -0.08383400738239288 0.07624885439872742 0.03980269655585289 0.04036995768547058 0.019364865496754646 0.023493269458413124 -0.10422509908676147 0.01659156009554863 0.01717548444867134 0.06527040153741837 0.05229002982378006 0.008579310029745102 -0.019085431471467018 -0.019409967586398125 0.04390215501189232 0.06160774081945419 -0.008428463712334633 0.08287917822599411 0.040285639464855194 0.05212707072496414 0.057459183037281036 -0.06289897114038467 -0.021387165412306786 0.04565026983618736 0.06670185923576355 -0.008930777199566364 0.040467310696840286 1.1113458218263032e-37 -0.05861616134643555 -6.9208449594845525e-40 0.0342695489525795 0.007608503568917513 -0.022275429219007492 0.09330637753009796 0.055296219885349274 -3.2060419669164636e-39 -0.005717437714338303 -0.011465727351605892 -0.0832398533821106 0.030979614704847336 -0.01745748706161976 -0.04413174092769623 0.008803402073681355 -6.374049890914223e-39 0.008402740582823753 0.0015137805603444576 0.020694395527243614 0.05875266343355179 -0.06250237673521042 0.06406378746032715 0.009696503169834614 1.3364814038574727e-39 -0.008148194290697575 0.010611791163682938 -0.0033892393112182617 -0.0011436481727287173 -0.05411932244896889 0.033004969358444214 -0.04418966546654701 -4.616150394686491e-39 0.15994739532470703 -0.03809439018368721 0.10072067379951477 0.034934766590595245 -0.051508404314517975 0.06604105234146118 0.09627848863601685 0.030978361144661903 -0.03492856025695801 -0.04738776013255119 0.03835560008883476 0.08434700220823288 -0.03027854673564434 0.006895723752677441 -0.036195058375597 -0.039340224117040634 -0.06465250253677368 -0.019316811114549637 0.026944149285554886 0.06467803567647934 0.004299019929021597 -0.031083131209015846 0.058853499591350555 0.10189904272556305 -0.001813119393773377 0.09996850788593292 -0.031058037653565407 0.0452670119702816 -0.04560557007789612 0.051022011786699295 0.05547962710261345 -0.085748590528965 0.04464598000049591 -0.0599229633808136 0.0028341033030301332 0.0710158720612526 0.029765745624899864 -0.037448085844516754 -0.0033003611024469137 -0.06885320693254471 0.025312090292572975 -0.00428966898471117 -0.08548477292060852 0.04084661602973938 -0.04714980721473694 0.06047373265028 0.06911227852106094 0.0872698724269867 -0.058270636945962906 -0.02803787961602211 -0.05613062530755997 0.09885556250810623 0.02550286427140236 0.10110994428396225 0.04474273696541786 -0.045224934816360474 -0.027416089549660683 0.0590265616774559 0.08352689445018768 0.04256230965256691 0.09412366896867752 -0.036994222551584244 0.020416464656591415 0.06604941189289093 -0.07520637661218643 0.09751240164041519 -0.03986389562487602 -0.06168611720204353 0.06831972301006317 0.07084953039884567 0.030603470280766487 -2.4937003003677288e-39 0.024031100794672966 -1.9444935971402962e-39 -0.03475818783044815 -0.011776400730013847 0.0285758338868618 -0.10436937212944031 0.025247257202863693 6.200336525485733e-39 -0.011184865608811378 0.03898334503173828 0.018016258254647255 -0.07142578810453415 0.04316181689500809 -0.00046810030471533537 -0.051023006439208984 -6.585262003248045e-41 0.032263755798339844 0.02499883435666561 0.023550428450107574 -0.017855677753686905 0.08817174285650253 0.004300525411963463 -0.01891726814210415 7.076824052067934e-38 -0.03007432073354721 0.027258725836873055 -0.06387316435575485 0.05948473513126373 -0.02134755067527294 0.088456891477108 -0.01173087116330862 -8.133650283217953e-38 0.3450580835342407 0.08958404511213303 0.055753450840711594 -0.06564613431692123 0.042306046932935715 0.005713143851608038 -0.015205959789454937 0.023542370647192 0.04122417792677879 -0.033299535512924194 -0.00247984379529953 0.07748322188854218 0.06290777027606964 0.03105664812028408 -0.013398145325481892 -0.0028324630111455917 0.041108377277851105 0.05196221545338631 0.04151291027665138 -0.014120293781161308 0.037652719765901566 0.029389483854174614 -0.04341160133481026 0.03905734047293663 -0.10463561117649078 -0.08879398554563522 0.04621640592813492 -0.035732634365558624 -0.0005430775927379727 0.04594636708498001 0.04178694263100624 -0.09814111143350601 0.039097175002098083 0.033747851848602295 0.06200022250413895 0.05647588521242142 0.05878701061010361 0.043857987970113754 0.04234630614519119 -0.06574107706546783 0.028353653848171234 0.06840473413467407 0.06761913746595383 -0.11850625276565552 -0.049391720443964005 0.049339473247528076 0.049921292811632156 -0.08337307721376419 -0.03761034831404686 -0.09148376435041428 -0.02896888554096222 0.00971493311226368 0.05956917256116867 -0.016026752069592476 0.05355777591466904 0.06785350292921066 0.04840712621808052 -0.10199359059333801 0.03304723650217056 0.05383279174566269 -0.10816336423158646 -0.07462884485721588 -0.09780404716730118 0.010149228386580944 0.036389511078596115 0.034947868436574936 0.03869795426726341 -0.08431199193000793 0.05168457701802254 -0.10704538226127625 0.03422592207789421 -4.056575484121519e-39 -0.03726835921406746 -1.768748348938535e-39 -0.010454601608216763 0.013425732031464577 -0.02885177917778492 0.050371184945106506 0.03850499540567398 3.570263820387763e-38 0.05588705092668533 -0.05230415239930153 0.007359999697655439 -0.008143413811922073 -0.06557829678058624 -0.013929741457104683 0.04051157459616661 -3.43645326951e-39 -0.009768571704626083 0.03289271146059036 -0.022848542779684067 -0.08927919715642929 0.004010210745036602 -0.040956515818834305 -0.029390349984169006 4.999107048106427e-39 0.036622028797864914 0.05359077826142311 -0.0405195914208889 -0.06695442646741867 -0.010689116083085537 -0.09342693537473679 0.09123625606298447 -2.7883919661167735e-39 0.21796080470085144 -0.04276150092482567 0.0033009934704750776 -0.09741701930761337 -0.07139838486909866 0.026190677657723427 -0.10750622302293777 0.1018674373626709 -0.06210818514227867 0.032517969608306885 -0.06582575291395187 0.04447054862976074 0.027927113696932793 -0.07764886319637299 0.09048512578010559 0.03758790343999863 -0.017985843122005463 0.021461231634020805 0.028161345049738884 -0.05481990426778793 0.04778006672859192 0.013475922867655754 -0.07472114264965057 -0.022047383710741997 0.08762504905462265 0.05009365826845169 0.043708283454179764 0.06149480864405632 0.016792066395282745 0.01837635040283203 -0.013653195463120937 0.08472882956266403 0.0003859221178572625 0.10220836848020554 0.010247199796140194 0.08211963623762131 0.026636136695742607 -0.015780925750732422 -0.04179758578538895 -0.06662692874670029 0.022888923063874245 -0.06417607516050339 -0.031808964908123016 0.006565325427800417 -0.056112490594387054 -0.015051309950649738 0.07857318222522736 0.01438071858137846 0.08933257311582565 0.013523204252123833 -0.003972888458520174 -0.048554979264736176 0.041982561349868774 0.044914308935403824 0.04400530084967613 0.009117290377616882 0.08669760078191757 0.046398650854825974 -0.02177559956908226 0.04434412717819214 0.07841037213802338 0.050376661121845245 0.00017699689487926662 0.055976346135139465 -0.041203390806913376 -0.06661776453256607 0.07339310646057129 -0.04479005187749863 -0.07018271833658218 -0.07381480187177658 -0.032011087983846664 1.618772979495707e-39 -0.02788502164185047 -6.200531305972274e-39 -0.004449738189578056 -0.007378596346825361 0.007371997460722923 0.027585770934820175 0.045845936983823776 -4.9854598023623677e-39 0.018342869356274605 -0.02998632937669754 -0.05174723267555237 -0.033399514853954315 0.08504252135753632 0.020576363429427147 0.004742496646940708 5.6547900138471165e-39 -0.012144907377660275 0.005983596667647362 0.014751461334526539 -0.018443165346980095 0.1732206493616104 -0.015006997622549534 -0.050544898957014084 -3.290272616308564e-39 0.02242807298898697 -0.11305555701255798 -0.014391819015145302 -0.019298752769827843 0.0751628428697586 0.03793957084417343 -0.04307183250784874 6.890627359399852e-39 -0.045174021273851395 -0.06785127520561218 0.04501805827021599 0.0058199623599648476 0.051768314093351364 0.0032365331426262856 -0.03161955624818802 -0.01483428105711937 -0.01826907880604267 -0.00250526936724782 0.027676278725266457 0.02789599634706974 0.06814879179000854 0.012552275322377682 -0.007558261044323444 0.024746069684624672 0.04486022889614105 0.006820205133408308 0.0281892828643322 0.01594327762722969 0.021075746044516563 -0.023624232038855553 -0.05149133875966072 -0.040621742606163025 -0.013271084986627102 0.039560217410326004 0.0007317782146856189 0.013757804408669472 0.0036826597061008215 0.010119248181581497 -0.016923196613788605 0.03441620618104935 -0.0523381344974041 0.010067116469144821 -0.04403284937143326 -0.035968758165836334 -0.0214687567204237 0.032981909811496735 -0.013027905486524105 -0.013025886379182339 -0.034653257578611374 0.020098641514778137 0.0010296247201040387 0.0027133782859891653 -0.006484147161245346 0.04544493183493614 -0.032181061804294586 0.031252339482307434 0.004463448189198971 -0.011855927295982838 0.010925035923719406 0.05701950564980507 -0.054277870804071426 -0.00428306870162487 0.025289496406912804 -0.034260887652635574 0.04079749435186386 0.029179971665143967 0.014610442332923412 -0.038531672209501266 0.015139942988753319 0.0321284681558609 0.052979953587055206 0.003092269878834486 0.023884138092398643 0.04220721870660782 -0.007689392659813166 -0.05555229261517525 0.021698996424674988 0.0034359097480773926 0.06777223944664001 3.0066624188154e-39 0.011344021186232567 3.218495306368918e-39 -0.019714470952749252 0.003955345135182142 0.003862009383738041 -0.001622977084480226 0.015062040649354458 -5.351138445717179e-40 -0.03512456640601158 -0.031273916363716125 0.013658485375344753 0.005740823689848185 -0.08473557233810425 0.05284733697772026 0.07561486214399338 1.7044918078569204e-39 -0.014618255198001862 0.0015751238679513335 0.0030725819524377584 -0.013175847008824348 -0.029795557260513306 -0.01916753128170967 -0.018264535814523697 -6.220428342867222e-39 -0.0033909815829247236 -0.008173532783985138 -0.00674464413896203 0.015101342462003231 -0.0014846037374809384 -0.026464901864528656 -0.011114095337688923 -2.6386281927420586e-39 0.25600665807724 -0.06409391015768051 0.06196286529302597 -0.031670574098825455 0.03971666470170021 0.04841182380914688 0.0031130367424339056 0.044955335557460785 0.03252136707305908 0.055627379566431046 0.07471465319395065 -0.05325179919600487 0.05760512873530388 0.05890537425875664 0.07468914985656738 0.04033631458878517 0.06834814697504044 -0.056866832077503204 -0.09257887303829193 -0.09069018065929413 0.06924617290496826 -0.016885098069906235 0.062013495713472366 0.0759628415107727 -0.09116918593645096 -0.10674384981393814 0.06288400292396545 0.04596821963787079 0.040528811514377594 -0.10727255046367645 -0.0906578004360199 0.061875104904174805 0.06333516538143158 0.06360962241888046 -0.09264753013849258 -0.0857393816113472 0.06730334460735321 -0.09556940197944641 -0.10331651568412781 0.07666045427322388 -0.010694230906665325 0.0671832263469696 -0.0931699350476265 0.038904011249542236 0.07293723523616791 0.07362721115350723 -0.09102566540241241 0.07012713700532913 0.0663830116391182 -0.09833402931690216 0.05217199772596359 -0.10283441841602325 0.07024472951889038 -0.018580235540866852 0.07026910036802292 -0.09590667486190796 -0.09476534277200699 0.06726967543363571 0.07297130674123764 0.06592636555433273 0.062010712921619415 0.05954496189951897 -0.0977565199136734 0.09680162370204926 0.08258264511823654 -0.07220102846622467 -0.04008588194847107 0.06205089017748833 0.007619298063218594 -0.09877647459506989 0.05023565515875816 -6.890323277633094e-39 0.00816787127405405 2.7159714601820026e-39 -0.051044825464487076 -0.016511360183358192 -0.04015124589204788 -0.11691872775554657 -0.10893762111663818 7.78611873523584e-40 0.006228760816156864 -0.07065742462873459 0.016048084944486618 -0.038946349173784256 0.013658382929861546 0.00678012240678072 0.049434687942266464 3.0415575531740165e-39 -0.036070723086595535 -0.002036446938291192 -0.02918037213385105 0.020362915471196175 -0.04148425534367561 -0.06633846461772919 0.052490416914224625 3.3240537183880424e-39 0.10194744169712067 -0.025502599775791168 0.04811423271894455 -0.029862821102142334 0.04081149399280548 -0.05309567227959633 0.0013474649749696255 6.900215043492763e-39 0.1995038092136383 -0.011548551730811596 0.006203165743499994 -0.040248990058898926 0.030863184481859207 -0.12828829884529114 0.0378657765686512 -0.07541780918836594 0.010692218318581581 -0.055167991667985916 0.07563997060060501 0.015923211351037025 -0.03791695088148117 0.0034233443439006805 -0.00539689976722002 0.040804654359817505 0.0326722078025341 -0.05643009766936302 0.02115335687994957 -0.0022489908151328564 -0.04445675015449524 0.05430939048528671 0.10144682228565216 0.049491047859191895 0.016679348424077034 0.04422443360090256 0.06959971785545349 -0.05450603365898132 -0.009855872020125389 -0.04978560656309128 -0.02440551668405533 -0.026136847212910652 0.02520512044429779 0.010525951161980629 -0.0055963448248803616 -0.07409511506557465 0.03070239908993244 -0.061906930059194565 0.00757122365757823 0.005776101257652044 0.004874685779213905 0.01852705515921116 0.0010441502090543509 0.10239893943071365 0.0028812529053539038 0.029571393504738808 -0.022647108882665634 0.0031719442922621965 -0.008522643707692623 -0.059053946286439896 0.020656870678067207 0.027072757482528687 -0.003489130176603794 0.10082244873046875 -0.05487150326371193 -0.007109808269888163 0.006523840595036745 -0.03120449185371399 0.05961340665817261 0.060074370354413986 -0.010347792878746986 -0.060208871960639954 0.025480125099420547 -0.011399046517908573 0.022478237748146057 -0.045466531068086624 -0.05646640807390213 -0.01911630481481552 0.06101667508482933 -0.040277149528265 0.022817211225628853 2.179758997614254e-39 0.03717240318655968 2.0067210580455683e-39 0.013600433245301247 -0.024692557752132416 0.05007217451930046 0.02902836725115776 0.011806090362370014 4.886410421710032e-39 -0.035874929279088974 0.0198549572378397 0.03350881114602089 0.044468652456998825 -0.010075722821056843 -0.01685791090130806 -0.04453369975090027 3.989073535796528e-39 -0.02650628425180912 -0.07717043906450272 -0.07823416590690613 0.012253223918378353 0.02181590162217617 -0.05427219346165657 0.02080504596233368 -5.5221487064079866e-39 0.0524933896958828 0.061709802597761154 0.02482479438185692 0.03993451967835426 0.03473895043134689 0.024243507534265518 -0.0065141040831804276 -1.82902940627686e-39 0.13741576671600342 -0.06407661736011505 -0.004942810628563166 -0.06930277496576309 0.016243305057287216 0.026226472109556198 -0.03229473903775215 -0.055715255439281464 -0.018542349338531494 -0.04960273951292038 0.07858514785766602 0.013374390080571175 -0.035681236535310745 -0.022386660799384117 0.045423805713653564 -0.003891570959240198 -0.0461650975048542 -0.044711969792842865 0.06376674771308899 0.0031402958557009697 0.009517863392829895 0.05165187269449234 0.054464519023895264 -0.013530461117625237 0.05764821544289589 0.044575195759534836 0.03284289315342903 0.06689073145389557 0.0006605355883948505 0.04085668548941612 -0.017493635416030884 0.05194631218910217 0.05675922706723213 -0.03842217102646828 0.06531980633735657 -0.0371951125562191 0.02538927085697651 0.01816229708492756 0.07385098189115524 -0.025105763226747513 0.06478576362133026 0.003123936941847205 0.016015635803341866 -0.03439317271113396 0.06715530157089233 0.006009792443364859 0.04797923564910889 -0.05264236405491829 -0.0315106138586998 0.007930665276944637 0.02959459088742733 0.043411336839199066 -0.017625344917178154 -0.04423018917441368 -0.029062317684292793 -0.03949691355228424 -0.0375191830098629 -0.0565694160759449 0.031113656237721443 0.046184271574020386 0.057617440819740295 0.021500464528799057 0.008960087783634663 0.01690916158258915 0.0006142453057691455 -0.0336410291492939 0.012691683135926723 -0.04838954284787178 0.07152628898620605 -0.012684784829616547 0.06743044406175613 -3.483196382384483e-39 0.047703348100185394 -2.7493630012883987e-39 0.045160531997680664 0.036332350224256516 -0.0605374351143837 -0.006910516880452633 0.01867818646132946 -3.35289664467924e-39 0.017606835812330246 -0.06326621770858765 -0.016595719382166862 -0.0492548830807209 -0.052733391523361206 -0.04412107542157173 -0.009913853369653225 -3.5008639534226905e-38 0.10468743741512299 -0.10516759008169174 -0.017400184646248817 -0.008322745561599731 0.027957063168287277 -0.0452917218208313 0.005414809100329876 -1.6351905923037366e-39 -0.017215771600604057 0.015981372445821762 -0.00442152563482523 0.009851302020251751 -0.012660675682127476 0.012065372429788113 -0.028656408190727234 -9.481185409621712e-41 0.0764257162809372 -0.02722693793475628 0.007793883793056011 -0.0006848565535619855 -0.006675642915070057 0.0067203836515545845 0.021107977256178856 0.014679677784442902 0.02297906018793583 0.021089786663651466 0.043397460132837296 0.023630676791071892 0.02891591005027294 0.04832279682159424 -0.02528229169547558 -0.009830879047513008 -0.0008163899765349925 -0.004765325225889683 0.022075407207012177 -0.019221264868974686 0.0492204912006855 -0.007357082795351744 0.058459747582674026 -0.04923199489712715 -0.03867887333035469 -0.030365988612174988 -0.0005540602724067867 0.03539178520441055 0.06474342197179794 -0.0512378104031086 0.051318082958459854 0.0251954086124897 -0.021589545533061028 0.031637754291296005 0.00967409648001194 0.0016222749836742878 -0.04707936942577362 0.0005774825112894177 0.042707659304142 0.019720254465937614 0.027892259880900383 0.05208182334899902 0.027041222900152206 0.05792614072561264 -0.03646194934844971 -0.011123590171337128 0.03683588653802872 0.00870742741972208 -0.040274377912282944 0.03475813940167427 0.054320767521858215 -0.03137616813182831 0.022723235189914703 -0.007028529420495033 -0.06954916566610336 -0.034894298762083054 -0.0059241726994514465 0.013251309283077717 -0.0019150642910972238 0.0215299129486084 -0.039987124502658844 -0.052468087524175644 -0.04653105512261391 0.03092474304139614 0.054280709475278854 -0.05118934437632561 -0.021864473819732666 0.004172603599727154 -0.017061103135347366 -0.02006610855460167 0.056763991713523865 1.2997253451382327e-39 0.010177865624427795 -3.531220282055359e-39 -0.002062949351966381 0.011169997043907642 -0.059806130826473236 0.04440953582525253 -0.0012054250109940767 2.7141721929538095e-39 -0.10786731541156769 0.013641176745295525 -0.0790998637676239 -0.047289349138736725 -0.02695384994149208 -0.015307181514799595 -0.007677401416003704 -4.8771870752178463e-39 0.06944430619478226 -0.09311912953853607 0.018407141789793968 -0.10723383724689484 0.057473961263895035 0.05918063223361969 0.02760208211839199 4.3601087826610674e-38 0.07042183727025986 0.005005280952900648 -0.006465937942266464 -0.06391897797584534 -0.07640612870454788 0.017971143126487732 -0.009922347962856293 -4.1185156788416044e-39 0.12861084938049316 -0.01705412194132805 0.04524669423699379 0.057056576013565063 -0.0013426060322672129 0.1236773282289505 -0.09342073649168015 -0.0033878423273563385 0.055490124970674515 -0.01738818921148777 -0.051994528621435165 0.035787273198366165 0.02484975941479206 0.028205709531903267 -0.047809798270463943 0.029226699844002724 0.034999262541532516 -0.05182161182165146 -0.07758745551109314 -0.037396159023046494 0.0219828300178051 -0.042697299271821976 0.0006130610127002001 0.07263636589050293 0.07635703682899475 0.059299737215042114 0.056178413331508636 0.06425861269235611 -0.03211195766925812 -0.008968137204647064 0.03878781199455261 0.048769548535346985 0.026096440851688385 -0.07544119656085968 0.04270048439502716 -0.046564340591430664 -0.0064171855337917805 -0.002334063174203038 0.0690925121307373 0.011510160751640797 -0.027124665677547455 0.019483180716633797 -0.016675591468811035 -0.014590034261345863 0.05925675854086876 0.06614057719707489 0.044704731553792953 0.0406232513487339 0.008994968608021736 0.021744437515735626 -0.012352538295090199 -0.047683123499155045 0.028157871216535568 -0.033672772347927094 -0.011808516457676888 -0.03148174285888672 0.031079202890396118 0.058812230825424194 0.007624912541359663 -0.011767621152102947 0.0524277463555336 -0.011362796649336815 -0.034490205347537994 -0.07095037400722504 0.02936512976884842 -0.04306095093488693 -0.05344171077013016 0.07333894819021225 0.01143574994057417 0.05516548082232475 0.06533106416463852 4.3910037704234224e-39 0.06037573516368866 3.759285811019616e-39 -0.005242242012172937 -0.04653690755367279 -0.0003894890833180398 0.03837621212005615 0.01479993388056755 -4.009134524611802e-39 0.030605915933847427 0.012696787714958191 0.010544716380536556 0.03845619037747383 -0.012918220832943916 0.02960978075861931 -0.009606569074094296 5.085495697133588e-39 -0.007767253555357456 0.03225906938314438 -0.08078660815954208 -0.022517889738082886 0.03552815690636635 0.029245128855109215 0.03471394628286362 -3.938999536472345e-39 -0.03497860208153725 0.037951938807964325 -0.04673677310347557 -0.007069491781294346 -0.019374031573534012 0.0907524824142456 -0.01750149577856064 5.732734438328256e-39 0.3337090313434601 -0.03842385858297348 0.07163296639919281 -0.16005957126617432 0.032654665410518646 -0.09373562037944794 0.03986423462629318 -0.08591868728399277 0.04449208453297615 0.08826290816068649 0.05142098665237427 0.054416999220848083 -0.03718836233019829 -0.08384158462285995 0.030870763584971428 0.06937225908041 -0.058503586798906326 0.044524095952510834 0.05664434656500816 0.03769246116280556 0.054072894155979156 -0.10400527715682983 0.0695781484246254 -0.07513248920440674 0.07359063625335693 -0.09715267270803452 0.023988084867596626 -0.0722225159406662 0.06583958119153976 -0.07328314334154129 0.08084585517644882 -0.09477847069501877 0.07296667993068695 0.025067079812288284 -0.08818355947732925 -0.10214231163263321 0.04683511704206467 -0.07216881215572357 -0.08769626915454865 0.06579182296991348 0.08043721318244934 -0.0669127106666565 0.06802213191986084 -0.0893758088350296 0.06726836413145065 -0.0970294177532196 0.08688869327306747 0.012272713705897331 0.06693912297487259 -0.00437046866863966 -0.08006402105093002 0.0368879996240139 -0.05794321000576019 -0.06293840706348419 -0.06873910129070282 0.06148215010762215 0.060652829706668854 -0.09561891853809357 0.05841825157403946 0.04210412874817848 -0.06900998204946518 0.04974878579378128 -0.07822801917791367 0.08007741719484329 0.056783080101013184 0.05785123258829117 0.06023536995053291 0.027700819075107574 0.07379009574651718 0.08990553766489029 0.05215025693178177 5.814365679069034e-39 0.031916048377752304 5.837797631470088e-38 -0.06031887233257294 0.017000263556838036 -0.023078158497810364 -0.04552261903882027 -0.026676321402192116 3.832250020758545e-39 0.008790920488536358 -0.030207868665456772 0.014941171742975712 0.03488478437066078 -0.03944982960820198 0.05160599201917648 0.10579586029052734 -2.76318260674357e-39 0.01884392835199833 -0.031013084575533867 0.01987416483461857 0.006911362521350384 0.07919297367334366 -0.008256175555288792 0.01837179623544216 1.1122239314959877e-37 -0.06139557063579559 -0.019971225410699844 -0.008393115364015102 0.028257453814148903 0.015035529620945454 -0.03172805532813072 -0.03502557799220085 -7.73896504191131e-40 0.1456119418144226 -0.05645696818828583 0.13260023295879364 -0.03578648343682289 0.0002080561826005578 0.0707441121339798 0.05324869230389595 0.042542703449726105 0.06713953614234924 0.06552886962890625 0.03002285212278366 0.055599987506866455 0.03433583304286003 0.015926433727145195 -0.005303368903696537 0.013755700550973415 0.01871393248438835 0.06634317338466644 0.06709668785333633 -0.037559401243925095 0.06061692163348198 0.06117519736289978 0.0211549773812294 -0.022155767306685448 0.05324573069810867 -0.04813492298126221 0.060965489596128464 0.02137846127152443 0.06991986185312271 -0.02592141181230545 0.022960903123021126 -0.00012127993977628648 -0.03726023808121681 -0.022947754710912704 -0.018072469159960747 -0.004224124830216169 -0.01759711280465126 -0.051102299243211746 -0.07510533183813095 0.05742092430591583 -0.03365184739232063 0.030484318733215332 0.060061898082494736 -0.01618039421737194 -0.03482401743531227 -0.02501087822020054 0.043201182037591934 0.03715766221284866 -0.04945080354809761 -0.0508418008685112 -0.011580326594412327 -0.043460506945848465 0.06660640984773636 -0.05113803595304489 0.05081325024366379 -0.055044353008270264 0.004632533993571997 -0.052420325577259064 -0.027053838595747948 0.07829979062080383 -0.06410814821720123 0.08258172124624252 0.07712408155202866 -0.06619062274694443 -0.06423403322696686 -0.05127746984362602 0.03870980814099312 0.0712159052491188 -0.04781472310423851 0.03248386085033417 0.02851097844541073 -6.946610634348093e-39 0.005433856043964624 -1.908682013586011e-39 0.06348007917404175 -0.03075496479868889 0.000353166920831427 0.038815680891275406 0.05993393063545227 1.4552750798721447e-39 -0.012245993129909039 -0.008179661817848682 0.038458019495010376 0.010248863138258457 -0.029939666390419006 0.046943098306655884 -0.016241218894720078 -4.249001789242603e-39 0.05467831715941429 -0.03272835165262222 0.020438196137547493 -0.031194087117910385 0.015346446074545383 -0.02408147230744362 -0.06382076442241669 -2.6949085429647363e-39 0.01676703430712223 0.03324137255549431 -0.010433305986225605 0.03991483524441719 -0.05613425001502037 0.06905221194028854 -0.01106440369039774 5.915053177626165e-39 0.23711040616035461 -0.05965206399559975 0.041707709431648254 0.038899097591638565 -0.0133831100538373 -0.03292996436357498 0.0517202690243721 -0.06295240670442581 -0.05943165719509125 0.05294790491461754 0.024776460602879524 0.04595547914505005 -0.03547101840376854 -0.09008896350860596 -0.08452517539262772 0.0857941135764122 0.06329166889190674 -0.05567317456007004 -0.023205453529953957 0.023484917357563972 0.023490896448493004 -0.085138238966465 0.05857895687222481 0.044366806745529175 -0.06611606478691101 -0.0715189203619957 -0.06082881614565849 0.06525059789419174 0.04540308564901352 0.09025494754314423 -0.08341830968856812 -0.09206365048885345 0.030399618670344353 -0.020971398800611496 0.08647552877664566 0.02538216859102249 -0.07619193941354752 0.028896678239107132 0.057194940745830536 0.05524488538503647 0.024973798543214798 0.07904259860515594 -0.0724979117512703 -0.02146279811859131 0.05948054790496826 -0.07513944804668427 -0.07544436305761337 -0.01073328498750925 -0.0014020215021446347 0.043952979147434235 0.045143384486436844 -0.04132404178380966 0.08297649025917053 0.07428983598947525 0.09520868211984634 0.04846365004777908 0.061653465032577515 0.05124429613351822 0.04726444184780121 0.01294368039816618 -0.08142579346895218 0.05467158183455467 0.023492353036999702 -0.10196393728256226 0.06316960602998734 0.02532477118074894 0.07318529486656189 0.0830819383263588 -0.07228384912014008 0.05609118193387985 -0.0733424499630928 -3.82925124204489e-39 -0.055603209882974625 5.265158975841601e-39 -0.006295033264905214 0.03360262140631676 -0.07279025763273239 -0.02630109339952469 -0.011087938211858273 3.6285839006551116e-39 0.032412733882665634 -0.03372201323509216 -0.011647715233266354 -0.06251219660043716 6.891777593409643e-05 0.01957966573536396 0.05581331253051758 -8.066476518993307e-40 0.009717080742120743 -0.04244362562894821 0.1259249895811081 0.0365828312933445 0.056786417961120605 0.009227018803358078 0.07422205805778503 -9.794501733260098e-40 -0.0508727990090847 0.09610576182603836 -0.0035558196250349283 0.11638804525136948 0.00014932632620912045 0.004337805788964033 -0.0113243218511343 -2.990185951471869e-39 -0.3526052236557007 0.24700219929218292 -0.1650264412164688 0.12024763971567154 -0.06937884539365768 0.019903261214494705 -0.06083352118730545 -0.03156318515539169 -0.04306807741522789 -0.050651513040065765 -0.026469314470887184 -0.026746494695544243 0.04559449106454849 0.014791800640523434 0.0267508365213871 -0.05041303485631943 -0.025398608297109604 0.03687214106321335 0.027963947504758835 0.02433498203754425 0.041629329323768616 -0.060439739376306534 0.03170963004231453 0.005679216235876083 -0.03960601985454559 0.041656244546175 -0.025691429153084755 0.021339651197195053 0.04008893668651581 0.03811274841427803 -0.019589724019169807 0.015683481469750404 -0.04356779530644417 0.028513366356492043 -0.00498851016163826 0.0348849780857563 0.04382593184709549 0.03976871073246002 -0.04618576914072037 -0.008172816596925259 0.039971545338630676 -0.041788309812545776 0.025216294452548027 0.03634469211101532 0.029882917180657387 -0.0037752569187432528 -0.05291656404733658 -0.0014933504862710834 -0.006726221181452274 -0.06891975551843643 0.039920445531606674 -0.02656250074505806 -0.04607310891151428 -0.01894962415099144 -0.043537482619285583 0.006704447325319052 -0.03402199596166611 -0.0077439118176698685 0.003428132040426135 0.030326418578624725 0.03491480275988579 0.023610226809978485 0.027556607499718666 0.0017077696975320578 -0.04067087173461914 -0.01188629399985075 0.02086346223950386 0.0219425056129694 -0.041741352528333664 0.006955462042242289 0.04433219134807587 -5.1099133228744476e-39 0.01304976362735033 -2.964581425931726e-39 0.06770115345716476 0.014846861362457275 0.024581585079431534 0.00032086289138533175 -0.0648900642991066 -6.282016811672762e-39 0.02367977797985077 0.029830729588866234 -0.0052816616371273994 0.034840140491724014 -0.04367152228951454 0.0283050574362278 -0.09617988020181656 -3.759445559044549e-40 -0.055731151252985 0.091130830347538 0.06757137924432755 0.07814684510231018 0.031713005155324936 -0.011110072024166584 -0.11910080909729004 -2.2949947768280054e-39 -0.10219770669937134 0.1255749613046646 0.06298160552978516 0.16662031412124634 0.06968234479427338 0.05779048055410385 0.033148303627967834 2.353734405855573e-39 -0.23956121504306793 0.12163031846284866 0.03748844563961029 -0.0020984008442610502 0.07712434232234955 0.07341758906841278 -0.08218394219875336 0.04303145781159401 0.07347285747528076 0.03090456873178482 0.044901371002197266 0.09052952378988266 0.09240230172872543 0.017499322071671486 0.027497442439198494 -0.02116672694683075 -0.003654469968751073 0.059417612850666046 -0.07391597330570221 0.03382261097431183 -0.047714024782180786 0.061552248895168304 0.01840897835791111 0.07415979355573654 0.014309038408100605 0.057161495089530945 0.0669349655508995 -0.0646701529622078 -0.08001861721277237 -0.10432892292737961 0.05145735666155815 -0.04426095634698868 0.05501218140125275 0.0969901829957962 -0.09659083932638168 -0.010706333443522453 0.05619648098945618 -0.006406057626008987 0.09675110876560211 -0.01625278778374195 0.011844642460346222 0.08091609179973602 0.0035769115202128887 0.020286744460463524 -0.0028918683528900146 -0.06078241765499115 0.07293111085891724 -0.03993930295109749 -0.04733722284436226 -0.06748920679092407 0.04559917747974396 0.03260957822203636 0.0359099917113781 -0.012516018003225327 0.005479692481458187 -0.04074029251933098 0.00026565397274680436 -0.05531524866819382 -0.0426679328083992 -0.1027325913310051 -0.005462439265102148 0.0044523426331579685 -0.030305732041597366 0.0075707514770329 -0.052847180515527725 0.04634018987417221 0.05024560168385506 -0.08737242966890335 0.0800011157989502 -0.008647678419947624 -0.0767548531293869 4.846379528479665e-39 0.0400066077709198 -5.4945725539285386e-39 0.0498131699860096 0.01955411024391651 -0.021981939673423767 -0.01071584690362215 0.04867832735180855 -2.3885594752909734e-39 0.044134471565485 0.018213042989373207 -0.021862423047423363 0.02335425838828087 -0.052650123834609985 0.0046773431822657585 0.04496452584862709 -8.919881296751764e-40 0.03693093731999397 -0.0671304389834404 0.004033180885016918 -0.037289708852767944 0.009859985671937466 -0.05012724921107292 -0.07760833203792572 3.390978612005424e-38 0.07047481834888458 -0.04969966784119606 0.009897273033857346 -0.022325195372104645 0.02243293821811676 -0.050369687378406525 0.02466503344476223 1.856468231506804e-39 0.1626977175474167 -0.009650223888456821 0.07218767702579498 -0.044621147215366364 -0.018369631841778755 -0.06797332316637039 0.024246076121926308 -0.04876311123371124 -0.038623299449682236 -0.046063799411058426 -0.02928236313164234 0.0628754273056984 0.07680518180131912 0.027684690430760384 0.029698727652430534 0.08356543630361557 0.0357634611427784 -0.06397102773189545 -0.054026469588279724 -0.055737681686878204 0.00838868785649538 0.008175628259778023 0.08089267462491989 -0.04307256266474724 -0.04193907603621483 -0.031020669266581535 -0.0526454821228981 0.027175191789865494 -0.01798149012029171 0.0701308324933052 0.06153237819671631 0.04692152142524719 -0.016957856714725494 0.047577545046806335 -0.0320778489112854 0.05901084467768669 0.055303946137428284 -0.058242317289114 -0.01696251891553402 0.024058790877461433 0.03721480444073677 0.07255493849515915 0.07684740424156189 0.09376976639032364 0.08255479484796524 0.027551455423235893 -0.0300434660166502 -0.0015443268930539489 0.07229352742433548 0.046119146049022675 -0.011064622551202774 0.05562448129057884 0.041406791657209396 -0.026008952409029007 0.0737595409154892 0.06507336348295212 0.052615538239479065 -0.024365253746509552 0.04899098724126816 0.02939547598361969 0.11613741517066956 0.07141433656215668 -0.019846111536026 0.06880659610033035 0.05524304136633873 -0.009491142816841602 -0.0274350643157959 0.035173021256923676 0.04708690568804741 0.06276126950979233 -0.03929883614182472 6.358265665012068e-39 -0.051536925137043 4.016199871468928e-39 -0.05150391533970833 -0.05660933628678322 -0.006419655866920948 -0.019093424081802368 -0.024857938289642334 5.528177092401512e-39 -0.056795839220285416 -0.011620061472058296 -0.058007996529340744 -0.05576470494270325 -0.009841696359217167 0.004285706672817469 0.006271937396377325 3.703749550281495e-39 -0.032409410923719406 -0.05992567539215088 -0.07277168333530426 -0.027373284101486206 0.036113422363996506 -0.019145546481013298 -0.003212935524061322 -1.859936445206008e-39 -0.02106441929936409 0.0011842702515423298 0.001250878325663507 -0.023416874930262566 -0.04573170095682144 -0.0034661535173654556 0.031240733340382576 5.849779854378836e-38 0.024207497015595436 0.01614644005894661 0.035339370369911194 0.01254501286894083 -0.012570356950163841 0.026088552549481392 0.04219609126448631 -0.03614462539553642 0.0248470026999712 -0.018095027655363083 -0.028905659914016724 -0.004615853540599346 0.02171425335109234 0.0035470323637127876 0.013950233347713947 -0.04741055145859718 0.02966618724167347 0.0036784447729587555 0.027790021151304245 0.03028199076652527 -0.018135903403162956 0.03636729344725609 0.06229233369231224 -0.03885851427912712 -0.024724435061216354 -0.005944193806499243 -0.00287718721665442 -0.02551460638642311 0.02198336273431778 0.0725444108247757 -0.008849984966218472 -0.032881930470466614 0.017840217798948288 0.04060639068484306 0.038426473736763 -0.03872933238744736 0.05734901502728462 0.04150281473994255 0.04095688462257385 -0.020556597039103508 -0.03896360099315643 -0.06999629735946655 0.01989297941327095 0.028603244572877884 0.0326138474047184 0.003488237038254738 -0.017352936789393425 0.04339713603258133 0.04105585068464279 -0.01710047386586666 0.018215542659163475 -0.010982725769281387 0.020892899483442307 0.01630944013595581 -0.01987321488559246 0.0030326994601637125 0.03653794154524803 -0.035431019961833954 -0.02316238544881344 -0.00697777234017849 -0.046377457678318024 0.03863793984055519 -0.05871771648526192 -0.018108395859599113 -0.02508820779621601 -0.010425803251564503 0.00852325838059187 0.0012872566003352404 -0.020515384152531624 -0.0025376519188284874 0.04945451393723488 5.311555967995396e-39 0.023140881210565567 6.000871498178345e-39 -0.04784861579537392 0.03067205660045147 0.015466020442545414 -0.00827855709940195 -0.017939066514372826 -6.058345754692628e-39 -0.020945284515619278 -0.029895469546318054 0.05426470562815666 -0.03622162342071533 -0.023684833198785782 0.06639458239078522 -0.009632086381316185 6.18248258175177e-39 0.019699541851878166 0.008794775232672691 -0.07016897201538086 -0.05423247069120407 0.038664400577545166 -0.017842203378677368 0.008382264524698257 -2.757290146701084e-39 -0.03692205995321274 -0.023663707077503204 -0.031511783599853516 -0.06324410438537598 0.004347688984125853 -0.01950959675014019 -0.0040879868902266026 -2.9297787772717545e-39 0.32811239361763 0.018891295418143272 0.11851866543292999 -0.06158114969730377 0.03736981377005577 -0.010619932785630226 0.0105004096403718 0.08997634053230286 -0.09427846968173981 -0.09574084728956223 0.020543698221445084 0.04758220165967941 0.05339949205517769 0.06474646180868149 -0.014801537618041039 0.04343721643090248 0.027997933328151703 0.007071514148265123 -0.09205957502126694 -0.0036224559880793095 -0.08288268744945526 0.08322533965110779 0.0490502305328846 0.061282187700271606 0.05136363208293915 0.07423500716686249 0.03927300125360489 0.07169784605503082 0.09073416143655777 -0.09060933440923691 -0.09009289741516113 0.07604825496673584 0.05796864256262779 -0.09010199457406998 0.0578996017575264 -0.09134491533041 -0.08611535280942917 0.07978664338588715 0.08628083765506744 -0.0904446616768837 0.02562364935874939 0.06064273416996002 0.04013620689511299 0.0763227716088295 -0.07081539183855057 0.0594528391957283 0.08865360915660858 0.04517697915434837 -0.09095216542482376 -0.09271106123924255 0.10317184776067734 0.015663765370845795 -0.07523299008607864 0.02959587424993515 0.06675799190998077 0.06994130462408066 -0.09560687094926834 0.03220885619521141 -0.01330751832574606 -0.09525632858276367 -0.07823700457811356 0.06279440969228745 -0.09532522410154343 0.08290524780750275 0.0579611174762249 0.06723416596651077 0.05176331475377083 0.04753758758306503 0.044843439012765884 0.08563041687011719 0.03912656754255295 -3.714001449846495e-39 -0.005735826678574085 -2.038971942202004e-39 0.03530716523528099 -0.04851437360048294 0.03687210753560066 0.03953726962208748 -0.04365624859929085 -7.47567507344932e-40 0.05521200969815254 0.028943631798028946 -0.00795469805598259 0.057541728019714355 -0.07241909205913544 0.02404528670012951 -0.025543110445141792 1.173021339292447e-39 0.048853565007448196 -0.028632279485464096 0.051441729068756104 0.05147390440106392 0.054531946778297424 -0.10528872162103653 0.03409240022301674 -8.432159366243511e-40 -0.06705921143293381 -0.02898280695080757 0.09765271097421646 -0.00166838220320642 0.003158973064273596 0.04130122438073158 0.02927369810640812 1.4859481019577506e-39 -0.39812469482421875 0.2137787789106369 -0.1583603322505951 0.20305411517620087 -0.016405442729592323 0.02881920523941517 0.01370448712259531 0.0239191185683012 0.02857527881860733 0.012237653136253357 -0.007948553189635277 0.00043971880222670734 -0.02988339774310589 0.004783176816999912 0.0032653308007866144 0.03867786005139351 0.02525377832353115 0.020786205306649208 0.027061855420470238 -0.04000091180205345 -0.04036302864551544 0.029530655592679977 0.034475602209568024 -0.004234138410538435 -0.03772398829460144 -0.013834252022206783 0.0063238912262022495 -0.005212853197008371 0.056781113147735596 -0.07152268290519714 0.00527581200003624 -0.022056257352232933 -0.027594149112701416 0.04103177413344383 -0.004879950545728207 0.021476132795214653 -0.021243784576654434 0.059905074536800385 -0.03396810591220856 0.002495592227205634 0.0023307527881115675 0.007423853036016226 -0.0009019268909469247 0.02007797732949257 0.02148495241999626 0.038014061748981476 0.01503087766468525 0.03762419894337654 0.03015000745654106 0.004770650994032621 -0.013960463926196098 0.02808007039129734 -0.019962945953011513 0.01745130680501461 -0.003360212314873934 -0.07852308452129364 0.040385328233242035 -0.025417283177375793 -0.02287617139518261 -0.04276350513100624 0.03828292712569237 -0.04533292353153229 0.01586581952869892 0.006181035190820694 -0.0033221947960555553 0.024553118273615837 0.039083074778318405 -0.06581299751996994 0.045473262667655945 0.02723230980336666 0.03251834958791733 -1.164989657014323e-38 0.0362534262239933 -4.935347967979648e-39 -0.022462455555796623 0.013647192157804966 0.025858217850327492 0.046943698078393936 0.02198515273630619 -6.763204487441868e-39 0.09161899983882904 -0.006923017092049122 -0.002690946916118264 0.031977180391550064 -0.06771659106016159 0.04445759207010269 -0.012347829528152943 -4.228531621275746e-39 0.013804682530462742 -0.04358864948153496 -0.045784492045640945 -0.10416890680789948 0.006629140581935644 -0.02390325255692005 -0.051519062370061874 4.316910114122248e-39 0.03421880304813385 -0.05014020949602127 -0.03374059125781059 -0.04089369997382164 0.003573843277990818 0.09119721502065659 -0.004434019327163696 -6.88514127591202e-39 0.24249553680419922 0.017429009079933167 -0.03136186674237251 -0.013659282587468624 -0.00361833767965436 -0.05223298817873001 0.04255710169672966 -0.03738633170723915 0.09708679467439651 -0.05850813910365105 -0.04865458235144615 0.02885877713561058 0.0411825105547905 0.04530380293726921 0.01605687476694584 -0.021307116374373436 0.05822983756661415 -0.016627827659249306 0.04518818110227585 0.08529979735612869 -0.03185190632939339 0.051478318870067596 -0.05209825187921524 -0.016651572659611702 0.07083361595869064 0.0574309267103672 0.07263808697462082 -0.06096789613366127 -0.028700850903987885 -0.06183218955993652 -0.033053115010261536 0.030962293967604637 0.017882708460092545 0.04291689768433571 0.05424581095576286 0.0441720075905323 0.036469072103500366 0.08040968328714371 0.08251644670963287 -0.04813417047262192 0.06165378540754318 0.0033636647276580334 0.06460177153348923 0.06500067561864853 0.0430668480694294 -0.047433365136384964 -0.07776439189910889 -0.027582086622714996 -0.06064291670918465 -0.05824088677763939 -0.04187185689806938 0.0028880713507533073 0.049065206199884415 0.0401778519153595 -0.005574985407292843 -0.06631642580032349 0.05035331845283508 -0.050032056868076324 -0.05687050148844719 0.0650809183716774 -0.043927017599344254 -0.05124836787581444 0.03665944188833237 0.06684519350528717 0.04824205860495567 0.07868243753910065 -0.06399433314800262 -0.0022649241145700216 -0.004083543084561825 0.034549228847026825 0.013581334613263607 2.9409134948692795e-39 0.012826049700379372 -7.446107675852067e-40 -0.007192494813352823 0.011089837178587914 0.02951294183731079 -0.036980804055929184 -0.04513058438897133 -2.8138969994659495e-39 0.009700324386358261 -0.03208708018064499 -0.03270922228693962 -0.06377741694450378 0.031053980812430382 0.057008448988199234 -0.020480088889598846 1.0900112208627736e-39 0.0026353313587605953 0.013220167718827724 0.015117300674319267 0.010766484774649143 -0.04513762891292572 -0.06267715245485306 -0.02370324172079563 5.824794142240539e-39 0.09687308222055435 0.006204120349138975 -0.032528724521398544 -0.053420525044202805 0.0043062930926680565 0.06254123151302338 -0.023225095123052597 6.648911782094607e-39 0.2680222690105438 0.034719038754701614 0.08760605752468109 0.01027693785727024 -0.009638087823987007 -0.05125834047794342 -0.0302671417593956 -0.08149884641170502 0.10594414174556732 0.037097010761499405 0.02336592972278595 0.07413046061992645 0.08144839853048325 0.03821946680545807 0.04820597544312477 -0.034240975975990295 0.0414627268910408 -0.11026780307292938 0.05654357746243477 0.05774678662419319 0.0723249539732933 0.06464642286300659 0.010712137445807457 -0.09915900975465775 0.0034126497339457273 -0.008915645070374012 0.034505441784858704 -0.09050622582435608 0.06063695624470711 -0.054311200976371765 -0.10328658670186996 -0.061603300273418427 0.037723179906606674 0.07475742697715759 0.06410946696996689 0.033894654363393784 0.009831082075834274 0.08879376947879791 -0.0927862673997879 0.08382664620876312 -0.09618517011404037 0.049010515213012695 -0.06745744496583939 0.06872128695249557 -0.0274704210460186 -0.08201192319393158 0.04821257293224335 0.07803310453891754 0.04880387336015701 0.05559657886624336 0.09967818856239319 0.05529070645570755 -0.08194655925035477 -0.08484534919261932 0.03826185315847397 0.04737917333841324 -0.09742365777492523 -0.09231708943843842 0.007199942134320736 -0.07402552664279938 -0.06543803960084915 0.0626126080751419 0.0935290977358818 0.05785593390464783 -0.08459488302469254 -0.020890861749649048 -0.10573215782642365 -0.09579619765281677 -0.08906934410333633 0.04431508108973503 -0.08743152022361755 -4.634283196814854e-39 -0.032494183629751205 2.6368975891386175e-39 0.04840661212801933 0.04089454561471939 0.0012339911190792918 0.011081446893513203 0.00658040028065443 3.396282246433201e-39 -0.026632657274603844 -0.017259027808904648 0.041999850422143936 0.008372047916054726 0.05143064260482788 -0.027122674509882927 0.028236381709575653 -4.783542502742412e-40 -0.02359692007303238 0.012675381265580654 -0.08461939543485641 -0.003590604290366173 -0.06560306251049042 0.010227855294942856 0.01031956821680069 2.3110984987800262e-39 0.018942933529615402 0.0036207593511790037 -0.05774707347154617 -0.0881788581609726 0.06734959781169891 -0.029341526329517365 -0.008149419911205769 -6.965442684410154e-39 0.27464571595191956 0.02752736210823059 0.037962425500154495 -0.054498858749866486 0.008458741009235382 -0.030843153595924377 -0.04887162521481514 -0.04945764318108559 0.03191627189517021 0.04408489540219307 0.010976534336805344 -0.04500814899802208 -0.06648658961057663 -0.06497654318809509 0.04686937481164932 0.06969568133354187 -0.05457717925310135 0.023365871980786324 0.05348212271928787 0.04965708404779434 0.02099275216460228 -0.07744710892438889 0.0337446853518486 0.046280812472105026 0.050087809562683105 0.053950171917676926 -0.0472755953669548 0.041248951107263565 0.07823604345321655 0.03589501604437828 0.051528219133615494 -0.0674470067024231 -0.07407413423061371 -0.021017778664827347 -0.07117769122123718 0.07050761580467224 0.06295579671859741 -0.035328056663274765 -0.0030899529810994864 0.07410262525081635 0.053497862070798874 -0.044983938336372375 0.04631752520799637 0.05999809131026268 0.052181001752614975 -0.05156056210398674 -0.03701431304216385 0.06401702016592026 0.05577690154314041 -0.07646703720092773 0.08288548141717911 0.048749398440122604 0.034659285098314285 0.02513791248202324 0.05954660475254059 -0.046998195350170135 -0.035803042352199554 0.03005734086036682 0.04504966735839844 0.0013268316397443414 0.05599725991487503 -0.06124509498476982 -0.034148115664720535 -0.013510310091078281 -0.052993737161159515 -0.07617247849702835 0.06303731352090836 -0.03944411128759384 0.06379034370183945 -0.062221087515354156 0.07562581449747086 -3.0845998368042176e-39 0.029500123113393784 -2.329609651493757e-39 0.03740684315562248 -0.011045084334909916 0.07445128262042999 0.035159677267074585 0.00463189696893096 -2.7947468546524865e-39 -0.038530800491571426 -0.006122943013906479 -0.008403419516980648 0.04270648956298828 -0.06335721164941788 -0.057121679186820984 -0.016163812950253487 3.7050891916133893e-39 -0.013780259527266026 -0.032864928245544434 -0.006740025244653225 -0.0689152181148529 -0.02189580909907818 -0.0573420412838459 0.005497812293469906 -9.284849481785162e-40 0.05120348557829857 -0.012131628580391407 0.014766154810786247 -0.0317842960357666 -0.07897333800792694 0.04792635887861252 0.061089880764484406 -4.5401131374152975e-39 0.1432555764913559 0.019130859524011612 0.08080653846263885 -0.04042099416255951 0.005386063363403082 -0.022541845217347145 0.055235136300325394 0.06257741153240204 0.06390543282032013 0.06843053549528122 -0.053615786135196686 0.035038989037275314 0.029193591326475143 -0.005299966782331467 0.06848472356796265 0.03249930962920189 0.05100209265947342 -0.032426461577415466 0.021915385499596596 -0.03521748259663582 0.04466565325856209 0.029460391029715538 0.0804399773478508 -0.02451566606760025 -0.04993543401360512 0.015352473594248295 0.0729312151670456 -0.052666399627923965 -0.016087019816040993 0.06339266896247864 -0.04753631725907326 0.04498429223895073 -0.04168941453099251 0.021753812208771706 -0.03684420511126518 0.012027132324874401 -0.02377443015575409 0.060513824224472046 0.05081291124224663 0.02405981905758381 0.05333405360579491 0.028362642973661423 0.05788703262805939 -0.03646933659911156 0.07139655947685242 -0.03248389810323715 0.0026279804296791553 0.020373772829771042 0.013786508701741695 0.07482758909463882 -0.004666512832045555 0.0721488893032074 -0.04211342707276344 0.003999893553555012 -0.038214657455682755 -0.07392248511314392 0.006411218550056219 0.015605040825903416 -0.01672292686998844 0.0781470537185669 -0.047515906393527985 -0.03260863199830055 0.0445842444896698 -0.04229240119457245 0.07150982320308685 0.043356750160455704 0.05332718417048454 0.0423220694065094 -0.03002995066344738 -0.02147948555648327 -0.04105135425925255 -1.9135627361372545e-39 0.008481399156153202 -1.5393053435838467e-39 -0.02306101843714714 0.007550965994596481 0.06481251120567322 0.06924981623888016 0.05414417386054993 6.022018493303471e-39 0.042863305658102036 0.007680329028517008 -5.290776607580483e-05 0.008648336865007877 0.04802098125219345 0.005497289355844259 -0.0957348495721817 -6.689256566180983e-39 0.008824785239994526 0.010512612760066986 -0.08603727072477341 0.06310353428125381 0.010147856548428535 -0.027838800102472305 0.033842962235212326 -5.3831384974485005e-39 0.03511951491236687 0.06748019903898239 -0.07312428206205368 -0.032562121748924255 0.014111257158219814 -0.054788172245025635 0.030097641050815582 4.9696139193277826e-39 0.16611899435520172 0.03898153454065323 0.08473341166973114 0.06857752054929733 0.01779228076338768 -0.011944734491407871 -0.0022137188352644444 0.03695192560553551 0.08955780416727066 0.012420585379004478 0.06050645932555199 0.08371081203222275 0.029361914843320847 -0.04434601590037346 0.047256678342819214 0.034864917397499084 0.010553552769124508 0.023882104083895683 -0.0628548264503479 0.011575957760214806 -0.07213247567415237 0.057228006422519684 0.09200165420770645 0.03896667808294296 -0.002837727777659893 -0.010592273436486721 -0.05513463914394379 -0.03796802833676338 0.06997621059417725 -0.05162549018859863 -0.06124322861433029 -0.01947803981602192 -0.05613277480006218 -0.02948211133480072 0.048383913934230804 0.04523392766714096 -0.04618668183684349 0.06860729306936264 0.0600799098610878 -0.03595441207289696 -0.06974699348211288 0.03657930716872215 -0.06414547562599182 -0.06064305081963539 0.07669421285390854 -0.05032144486904144 -0.07035162299871445 0.09317990392446518 0.06178101524710655 0.05658651888370514 -0.07723996043205261 0.03021949529647827 0.03143971785902977 0.06161598488688469 -0.05916474759578705 0.008909539319574833 0.06482677161693573 -0.0302604828029871 -0.0024361952673643827 0.03521394357085228 0.05840465426445007 -0.06256632506847382 0.0554422065615654 0.046243373304605484 0.011840899474918842 -0.0876510813832283 -0.0677688792347908 0.05419519916176796 0.0751863345503807 0.07363990694284439 -0.07068763673305511 -3.814880926293239e-40 0.03290755674242973 -5.2529690805004396e-39 0.034547317773103714 0.009939019568264484 -0.014237653464078903 -0.030073950067162514 0.05548635870218277 2.7317612912780146e-39 0.0005573254311457276 -0.01550620049238205 -0.03600591421127319 0.05434460565447807 -0.006954221520572901 0.014987960457801819 -0.07788262516260147 5.001497663286565e-39 0.010492458008229733 0.015826476737856865 -0.02571229822933674 -0.037538304924964905 0.011256665922701359 -0.07166104763746262 0.039816681295633316 3.4178174012329445e-39 -0.03493299335241318 -0.018555765971541405 -0.0014579378766939044 -0.042081981897354126 -0.05905163288116455 0.04796181246638298 0.05024252086877823 -5.2890048718090166e-39 0.2901023030281067 0.05256713181734085 0.03914966061711311 -0.09240445494651794 -0.01913806051015854 0.040463969111442566 -0.031141037121415138 -0.06827080994844437 -0.07789172977209091 0.022962085902690887 0.055690787732601166 0.06468553096055984 0.04652266204357147 -0.077464260160923 0.06975103914737701 -0.0748511329293251 0.06135007366538048 -0.070869080722332 0.04125713184475899 0.06259778887033463 -0.06339390575885773 0.012882165610790253 0.06555648893117905 0.042995527386665344 0.0366671085357666 0.053486280143260956 0.050819508731365204 0.056082773953676224 0.06727202236652374 0.048089977353811264 -0.06446302682161331 0.04769180342555046 -0.07687400281429291 -0.07579853385686874 0.06985218077898026 -0.06957024335861206 0.05030178651213646 0.052609749138355255 0.05513395741581917 0.05971961095929146 -0.07553134113550186 0.05981314927339554 -0.05155514180660248 -0.0598367303609848 0.006291328929364681 0.035662416368722916 -0.04883439838886261 0.07130357623100281 0.057895343750715256 0.06540805101394653 -0.07530776411294937 0.04831869527697563 0.07355903089046478 -0.060291022062301636 0.04084101691842079 -0.06690526008605957 0.053027957677841187 0.02254370041191578 0.06475745141506195 -0.07967159152030945 -0.003372515318915248 0.038487646728754044 -0.06972987204790115 -0.07023262232542038 0.07161256670951843 0.055604882538318634 -0.07411812245845795 -0.04488883912563324 0.05880286544561386 -0.06483688205480576 -0.06852509081363678 2.3222906696145885e-39 -0.046975139528512955 1.9351203117124275e-39 -0.03944443538784981 -0.050346046686172485 9.600562043488026e-05 -0.037678781896829605 -0.02505449391901493 3.8356355578483536e-39 -0.0497891940176487 0.016527609899640083 -0.04287704452872276 -0.007184684742242098 0.0029471588786691427 0.022799286991357803 -0.01265791803598404 4.775053436645532e-39 -0.09055829793214798 0.015448794700205326 -0.05789889767765999 0.010754452086985111 0.03194625675678253 -0.026279563084244728 -0.009314440190792084 -1.3617916567201075e-39 -0.030256962403655052 0.01826171949505806 -0.005856149829924107 -0.03992212563753128 0.024972345679998398 0.028275223448872566 0.04987948387861252 -2.986464102750622e-39 0.03528156131505966 0.05019494891166687 0.046303924173116684 0.024970075115561485 0.010610030964016914 -0.00922079011797905 0.05749807879328728 0.02602291665971279 0.023622384294867516 -0.01846499554812908 0.01795179210603237 0.01386885717511177 0.0170950535684824 -0.06994188576936722 0.01483859308063984 -0.020561659708619118 -0.019704055041074753 0.008103277534246445 0.029670927673578262 0.02305653691291809 -0.013924859464168549 0.004642833955585957 0.05515687167644501 -0.05382923409342766 -0.023768024519085884 0.006158953066915274 -0.011397060006856918 0.003942043986171484 0.01750657521188259 0.060012124478816986 -0.011212103068828583 0.03657934069633484 0.0035173005890101194 -0.010564441792666912 0.0358111746609211 -0.049078404903411865 0.04327831417322159 0.03901716694235802 0.043297525495290756 -0.005551467649638653 -0.03174072131514549 -0.026371898129582405 0.017504366114735603 0.03730015829205513 0.0010792578104883432 -0.037101130932569504 -0.004276448395103216 -0.020572740584611893 0.046334508806467056 -0.022554969415068626 -0.05127938836812973 -0.007239709608256817 0.012743444181978703 0.020432133227586746 -0.03356776386499405 0.0008464593556709588 0.016885856166481972 0.02641686238348484 -0.03252740576863289 -0.008764747530221939 0.0029869137797504663 0.002489419188350439 -0.017060743644833565 0.012017534114420414 -0.010666466318070889 -0.03239825740456581 0.008150503970682621 0.0060319676995277405 -0.029972147196531296 0.01965952105820179 0.047350093722343445 1.2807755860051682e-39 -0.006087851244956255 1.5059698544160236e-39 0.001443617045879364 -0.06047879531979561 -0.08596164733171463 -0.05670495703816414 -0.07194346189498901 -7.026222604001779e-39 0.05021180212497711 -0.06247681751847267 0.048022862523794174 -0.05696399509906769 -0.017178241163492203 -0.019938094541430473 -0.07164819538593292 -2.005377212818281e-39 -0.03895271196961403 -0.024023912847042084 0.016697851940989494 0.05535150691866875 -0.07944699376821518 -0.042535342276096344 -0.023423079401254654 1.0790600733640751e-39 0.11964060366153717 -0.13536852598190308 -0.010291580110788345 -0.07935532927513123 -0.04656344652175903 0.010105563327670097 -0.05777641758322716 -2.9201056139725203e-39 -0.20925697684288025 0.009409122169017792 0.009276123717427254 0.022762084379792213 -0.02160453051328659 -0.004077328369021416 0.05291663482785225 -0.021129095926880836 0.013300576247274876 -0.03572828322649002 0.03177805617451668 -0.07218533754348755 0.015889696776866913 0.0023396883625537157 0.06656428426504135 0.011327848769724369 -0.039693403989076614 -0.005847902037203312 0.048392221331596375 0.05380038917064667 -0.04557836800813675 0.0534132719039917 -0.01199044194072485 0.0015361333498731256 0.05491119995713234 0.05826582387089729 0.049885936081409454 0.019665932282805443 0.00029635586543008685 0.0033752534072846174 0.012448923662304878 0.06477200984954834 -0.02038056217133999 0.004272238817065954 0.030637118965387344 -0.07902902364730835 -0.08592750877141953 -0.030200516805052757 0.035937607288360596 0.001729402574710548 0.05423483997583389 0.04900467023253441 -0.014985065907239914 0.054633934050798416 -0.03416259586811066 -0.02060980722308159 0.005327260587364435 -0.0726495161652565 -0.03336074948310852 0.0536828450858593 0.013642999343574047 0.01018410176038742 -0.05916304513812065 -0.014941819943487644 -0.02585597150027752 0.032306935638189316 -0.024810560047626495 0.07672131806612015 -0.02915726974606514 0.008705143816769123 0.05784989893436432 0.05279932916164398 0.06551028788089752 -0.04564380645751953 0.0626751184463501 -0.0038244181778281927 -0.009138812310993671 0.05964209884405136 0.07912062108516693 0.024901749566197395 -0.012222866527736187 6.168799462767024e-38 0.0322500541806221 4.948019909992537e-39 0.05338820070028305 0.06943517178297043 0.05848370119929314 -0.010413634590804577 0.009687081910669804 -1.7497761690300412e-39 0.04464093595743179 0.009514790959656239 -0.005483281332999468 -0.017996719107031822 0.03225790336728096 0.09459525346755981 -0.007153684739023447 5.134832613465536e-39 -0.05088045448064804 0.05398453399538994 0.0008632714161649346 -0.010492106899619102 -0.07336582243442535 0.014444584026932716 -0.02389020472764969 -1.135285772946644e-39 -0.025362836197018623 -0.05179509148001671 -0.029631037265062332 0.02507387287914753 -0.07481928914785385 0.0740160197019577 0.06278307735919952 1.5832710829020378e-39 -0.3345177471637726 0.11957830935716629 0.026965828612446785 0.07503258436918259 0.06219685450196266 0.045177873224020004 -0.041744884103536606 -0.0009088912629522383 0.03447286784648895 -0.0070744287222623825 0.020237330347299576 -0.015677055343985558 -0.012745734304189682 0.07466914504766464 0.04817954823374748 0.010829558596014977 0.029728664085268974 0.06682408601045609 -0.053436849266290665 -0.10279083997011185 0.0684247761964798 0.03915323689579964 -0.03187820687890053 0.015425055287778378 -0.041195306926965714 0.07980349659919739 0.0438883975148201 -0.020063474774360657 0.0019708608742803335 0.020325077697634697 0.07129957526922226 0.03372577950358391 0.0423392578959465 -0.006488277111202478 0.03666805848479271 0.059887275099754333 0.05307145416736603 0.05056656897068024 0.08139585703611374 0.07016424089670181 -0.046167753636837006 0.013881453312933445 -0.04431348294019699 0.03683622181415558 -0.0027083393651992083 -0.07436242699623108 0.03794350475072861 0.06258443742990494 0.027933787554502487 0.040640201419591904 0.0364004485309124 0.020421406254172325 0.06322328746318817 -0.04591222479939461 0.041933830827474594 0.03271332010626793 -0.06400849670171738 0.07964100688695908 -0.04676862433552742 0.06917545199394226 0.030655449256300926 0.0661400705575943 -0.033810876309871674 0.033513519912958145 -0.03878264129161835 0.03554842248558998 -0.08090440183877945 0.027290016412734985 0.002929038368165493 -0.10608389973640442 0.07892967760562897 -4.1776238493652895e-39 0.029270758852362633 3.10388590756872e-39 -0.005871378351002932 0.017741218209266663 -0.014141479507088661 -0.013624676503241062 -0.024410463869571686 1.691319602292267e-39 -0.035637594759464264 -0.03979168087244034 0.049525678157806396 -0.052984755486249924 0.016194911673665047 0.08190478384494781 -0.05516893044114113 -5.1601330572389204e-39 -0.07907123118638992 0.044204410165548325 0.011322235688567162 -0.08660770207643509 -0.04734228923916817 -0.05451628938317299 -0.0032800007611513138 -9.544047658731324e-40 -0.04422959312796593 -0.07503538578748703 -0.024894122034311295 -0.0003998996689915657 -0.05564497411251068 -0.025263452902436256 -0.01001867838203907 5.445828386847e-39 0.2654018700122833 0.05844378098845482 0.01334766298532486 -0.0680365189909935 0.04361230880022049 -0.19773820042610168 -0.11478940397500992 0.11737248301506042 0.04433482140302658 -0.09436465799808502 0.03823183476924896 -0.017359323799610138 -0.10669727623462677 0.03657256066799164 -0.06683574616909027 0.027456944808363914 0.026248352602124214 -0.1139799952507019 0.07149337232112885 0.05491841584444046 -0.019577542319893837 0.0774550810456276 0.019862830638885498 -0.06840874999761581 -0.01851954683661461 0.06495798379182816 -0.015331056900322437 0.028037982061505318 -0.058207739144563675 0.05770089477300644 -0.007182660512626171 0.007748699747025967 0.055052127689123154 0.05744689330458641 0.049572691321372986 -0.058485861867666245 -0.03163009136915207 -0.006484676618129015 0.03881405293941498 -0.03475009277462959 0.05072111636400223 0.032438408583402634 -0.09094186127185822 0.05163615196943283 -0.0027261890936642885 0.010476645082235336 -0.0012504925252869725 0.007829821668565273 0.005308138206601143 -0.010229181498289108 -0.06961178779602051 0.07397599518299103 0.015436386689543724 -0.06776320934295654 -0.02348632737994194 -0.02653009444475174 -0.017466308549046516 -0.004177958704531193 0.06326117366552353 0.06627388298511505 0.01577875204384327 0.06420563161373138 0.010314412415027618 0.015719465911388397 0.05996407940983772 -0.04401743412017822 -0.07571892440319061 -0.03838811069726944 0.039238471537828445 0.11011683195829391 -0.03791636601090431 -3.9019996518203126e-39 -0.028209280222654343 -5.774009684594943e-39 -0.05281711369752884 0.015860794112086296 0.023763330653309822 0.026279758661985397 -0.04524221643805504 2.8950812259966077e-39 0.06405562162399292 -0.03304944187402725 -0.0007888077525421977 0.06642825901508331 0.033765871077775955 0.07545512914657593 0.05835551396012306 -3.210237454518652e-39 0.03411472216248512 0.0006160787888802588 0.024028586223721504 0.11464172601699829 -0.06222812086343765 -0.04575222730636597 0.025060394778847694 5.880876909379747e-39 -0.037193622440099716 0.09848795086145401 0.07413113862276077 -0.031240344047546387 0.0032270646188408136 -0.004912090953439474 0.012513084337115288 5.92049161696621e-39 -0.3909505605697632 -0.03212301805615425 -0.18712419271469116 0.10406025499105453 0.02824346534907818 0.05626640096306801 0.11012976616621017 0.04661749675869942 0.002621986670419574 0.0015913344686850905 0.05011161416769028 0.024580378085374832 0.03461655229330063 0.0030012133065611124 -0.0007234056829474866 -0.02629796415567398 0.04776325449347496 0.016070930287241936 -0.06772598624229431 0.00857569556683302 -0.0662303939461708 -0.014467902481555939 -0.006924493703991175 0.0571851022541523 0.03160794824361801 0.024917328730225563 -0.06515766680240631 -0.015730489045381546 0.06606694310903549 0.038883134722709656 0.022330267354846 0.07477035373449326 0.03174622729420662 0.028176452964544296 -0.021087072789669037 -0.07903823256492615 -0.01083099190145731 -0.006493537686765194 -0.10181402415037155 -0.04232390224933624 0.06520049273967743 -0.004562954884022474 0.03353165090084076 0.0521150641143322 0.053961291909217834 -0.037077195942401886 -0.01929439604282379 -0.01598401926457882 0.03437497094273567 0.04097176343202591 0.0026861829683184624 0.01472353097051382 0.04364672303199768 -0.03396539017558098 0.030870622023940086 0.05508127808570862 0.0433540865778923 0.04126216471195221 0.0016082465881481767 0.026534991338849068 0.049020521342754364 0.01384290587157011 0.014612344093620777 0.04066004604101181 0.027957919985055923 0.053654082119464874 0.05897087976336479 0.012368801049888134 -0.015945078805088997 0.03211089223623276 0.03795245662331581 -1.1620001268705324e-39 0.06182245537638664 -4.184973659810673e-39 -0.027955995872616768 0.04616108164191246 -0.04037026688456535 0.04321897029876709 0.003141591791063547 -5.69695508463865e-39 -0.05155659094452858 0.005042458884418011 0.08740951120853424 -0.01640566624701023 0.036202557384967804 0.0018593264976516366 -0.02693396434187889 5.372313186551898e-38 -0.034075215458869934 0.014181793667376041 -0.013334004208445549 -0.04275454208254814 -0.04614639654755592 0.04680992290377617 -0.013700020499527454 2.9222341863398297e-39 -0.004736837465316057 -0.02831147611141205 0.007272729184478521 -0.01085258275270462 0.034277960658073425 -0.025116577744483948 -0.031462542712688446 -1.622388329533665e-39 0.3048095405101776 0.07103745639324188 -0.026481827720999718 -0.03430847078561783 -0.009817352518439293 0.0637255311012268 0.02829393371939659 0.03629085421562195 0.039175331592559814 0.05838843807578087 0.03693780303001404 -0.08612018823623657 -0.04392416775226593 -0.06079033389687538 -0.045842114835977554 0.02666682004928589 0.01684452034533024 0.05074235796928406 0.013500815257430077 -0.06611685454845428 -0.0026290076784789562 0.05244831368327141 -0.06647969037294388 -0.02036230079829693 -0.007208471652120352 0.03202309459447861 0.029772432520985603 -0.034002117812633514 -0.052468255162239075 0.04720146954059601 0.05657453089952469 0.049642402678728104 0.021535634994506836 0.05546766519546509 0.05975964292883873 0.04449618235230446 0.07353301346302032 0.05006077513098717 -0.04596702381968498 0.009116096422076225 -0.02374226786196232 -0.043521229177713394 0.05656713619828224 0.04085613042116165 0.06994954496622086 -0.06660757213830948 0.06576555222272873 -0.0712885633111 -0.07770612090826035 -0.0638868436217308 0.07168654352426529 -0.04682004079222679 0.06248602271080017 0.05593610927462578 -0.06303400546312332 0.0331973172724247 0.0560191348195076 0.028159866109490395 -0.07040901482105255 -0.07576300948858261 0.05170737951993942 0.012368218973279 -0.003719249740242958 0.012553779408335686 -0.0553448386490345 0.06284010410308838 0.04507260397076607 -0.05845918878912926 0.03828531876206398 0.06031205132603645 0.03590984269976616 -2.96023459809539e-39 -0.025151751935482025 1.7712174368326753e-39 0.03601386398077011 0.00198685796931386 0.08014122396707535 -0.016827821731567383 0.016235897317528725 -1.1090800903653057e-39 0.0018691050354391336 0.08829578012228012 -0.03921957314014435 -0.00374898174777627 -0.039191920310258865 0.06419707834720612 0.01392005942761898 -4.908580364714115e-40 -0.014866325072944164 0.03243977576494217 -0.008821839466691017 0.04800424352288246 -0.05379365384578705 -0.020144442096352577 -0.0289745070040226 -4.038654278061269e-39 -0.08803334087133408 0.05163339152932167 -0.010437876917421818 -0.047735393047332764 -0.019649161025881767 0.003252458292990923 -0.041056759655475616 2.9232207004587144e-39 0.17593161761760712 -0.07748109102249146 0.15317903459072113 0.05501749366521835 0.010218496434390545 -0.13605523109436035 0.00024047959595918655 0.04188794270157814 0.06351223587989807 0.08316328376531601 -0.08904290944337845 -0.09393046051263809 -0.04428879916667938 -0.03995442017912865 0.0353398472070694 0.023995643481612206 -0.06425692141056061 -0.022807300090789795 0.06752490252256393 0.004670146387070417 0.04711027815937996 0.05004378780722618 0.10199335217475891 -0.09217842668294907 0.06141569837927818 0.025688977912068367 0.03716157376766205 0.051048073917627335 -0.007281577680259943 0.06698932498693466 -0.04011837765574455 0.012762181460857391 0.038845762610435486 -0.006884427275508642 -0.061984021216630936 0.04437811300158501 0.014861606992781162 0.029532523825764656 0.06816036999225616 0.09433048963546753 -0.057741813361644745 -0.039820391684770584 -0.04803707078099251 -0.06673675030469894 0.01595308817923069 -0.019781215116381645 -0.08498609811067581 0.028385896235704422 0.08326217532157898 0.01410988811403513 0.07053688168525696 -0.09079273790121078 -0.037949830293655396 -0.022497117519378662 0.062340497970581055 -0.09316492825746536 0.034445323050022125 -0.03754051774740219 0.06367343664169312 -0.04752673581242561 0.07786520570516586 -0.06997733563184738 0.03169165551662445 0.10195755213499069 -0.008921178989112377 0.020393826067447662 0.046226438134908676 -0.016799313947558403 0.084941066801548 -0.05905471742153168 -0.007628198713064194 -3.8038442995882165e-39 -0.03457365185022354 -4.672520428010885e-39 -0.04129130393266678 -0.00793987512588501 -0.07270357757806778 -0.005742534529417753 -0.024790989235043526 -3.071507505252031e-39 -0.0024027242325246334 0.034911658614873886 -0.03998323157429695 0.0621565505862236 0.0212028119713068 -0.10212574899196625 0.14007112383842468 -1.175437177844943e-40 0.01081201620399952 -0.00034912797855213284 -0.02708445116877556 0.04782528802752495 -0.03457441180944443 -0.05957119166851044 0.02659381367266178 -6.499645469674728e-39 0.05034736916422844 -0.021525472402572632 0.02973242849111557 0.019128089770674706 0.06850448995828629 -0.07189704477787018 -0.04202783852815628 6.570911305674895e-39 0.21294498443603516 0.016804305836558342 0.10691817104816437 -0.06691616028547287 -0.028127091005444527 0.08744405955076218 0.008980222046375275 -0.05468754097819328 -0.01545631606131792 0.009646262042224407 -0.034228917211294174 0.03389102593064308 0.06488436460494995 0.0021775993518531322 0.01414385437965393 0.06546901911497116 0.024678347632288933 -0.0408453531563282 -0.02766433358192444 0.0725194662809372 -0.007290619891136885 -0.06320904195308685 -0.060346655547618866 0.07235115021467209 0.018036214634776115 0.06592961400747299 -0.05655108764767647 0.05566882714629173 -0.061517562717199326 0.003006379120051861 0.049179982393980026 -0.04671380668878555 0.019765580072999 0.050004541873931885 0.0016256780363619328 0.06900498270988464 -0.0050624581053853035 -0.06472191214561462 -0.01791793294250965 -0.025266533717513084 0.045024994760751724 -0.017496278509497643 0.035467103123664856 -0.04501008614897728 0.059182170778512955 -0.07910065352916718 0.009333612397313118 -0.06993372738361359 0.005631794687360525 0.030668070539832115 0.03487337380647659 -0.03147098049521446 -0.03230026364326477 0.0644521564245224 0.08908309042453766 0.012208445928990841 -0.04825261980295181 0.06475485861301422 -0.03264189884066582 0.0020168719347566366 -0.05600042641162872 0.06134401634335518 0.08371676504611969 0.03237920626997948 0.023710526525974274 -0.07504358142614365 -0.050034962594509125 -0.009105517528951168 0.000248943455517292 0.0210268571972847 0.0052110194228589535 -5.968312328359758e-39 0.04649218171834946 -3.35489910018476e-39 0.028107400983572006 0.0019624289125204086 0.019804615527391434 0.10025876760482788 -0.09899275749921799 1.0473795176826196e-39 0.014922388829290867 0.02568477764725685 -0.008738172240555286 0.015117821283638477 0.003909667953848839 0.04911923035979271 -0.05361975356936455 -4.0093433180829866e-39 -0.05440797284245491 -0.034250929951667786 -0.1012738049030304 0.03371652215719223 0.0025532878935337067 0.10810966044664383 -0.024160541594028473 6.727395706484512e-39 0.004757897462695837 -0.008117374032735825 -0.026818539947271347 -0.07345878332853317 0.06574474275112152 -0.03656204417347908 0.0025079366751015186 2.8193536556860303e-39 0.2018090933561325 0.02674117125570774 0.09417008608579636 0.001401070854626596 -0.05103379860520363 -0.036319926381111145 0.04035830870270729 0.0002496213128324598 0.02133716084063053 -0.04492422565817833 0.01932043768465519 0.036266203969717026 0.03530826047062874 -0.07111644744873047 0.03343116492033005 -0.07243410497903824 0.009857671335339546 0.037512972950935364 -0.05618862062692642 -0.024413932114839554 0.013099792413413525 0.08710456639528275 -0.018543977290391922 0.00047959425137378275 -0.015644865110516548 0.08114848285913467 0.06734490394592285 -0.008304738439619541 -0.03955484926700592 0.07730991393327713 -0.06977137923240662 0.04056620970368385 0.0028476996812969446 -0.04801519587635994 0.008989998139441013 -0.0489203967154026 0.014380172826349735 -0.005477024707943201 0.05540044605731964 0.02553240768611431 -0.03635507822036743 0.04015784338116646 0.054306622594594955 0.08705250918865204 -0.06311900168657303 0.008329549804329872 -0.07541979849338531 -0.026771947741508484 -0.052807748317718506 -0.004541807807981968 0.008645179681479931 0.01165215764194727 -0.003679116489365697 0.06204577535390854 -0.0014799844939261675 0.0030835068318992853 -0.03851509094238281 0.05288690701127052 -0.013578332029283047 -0.06850522756576538 0.06386616080999374 -0.026335684582591057 0.08536884188652039 0.021047959104180336 -0.0007977443165145814 0.0324668288230896 0.052963051944971085 0.06415519118309021 0.03393371030688286 0.012003962881863117 -0.01584574580192566 -5.0188723629457286e-39 -0.005937816109508276 -3.57472919807418e-39 -0.029495801776647568 0.006229034624993801 -0.0657232403755188 -0.039480049163103104 -0.018268978223204613 3.972037950365731e-39 -0.036078423261642456 0.09071015566587448 -0.06199435517191887 -0.01779373548924923 -0.02829672582447529 -0.009034878574311733 0.0665099173784256 -7.049405685795569e-39 0.02434101700782776 0.04580041766166687 0.027765631675720215 0.021318454295396805 -0.04848511517047882 0.019197752699255943 0.016348248347640038 -6.539539035655591e-39 0.06782229244709015 -0.005083375610411167 -0.05168714001774788 -0.022551286965608597 0.06096203997731209 0.060138039290905 -0.052647918462753296 3.6665254578751704e-40 0.16240215301513672 0.0044517843052744865 0.10801464319229126 -0.040902819484472275 -0.004039048682898283 0.02610606513917446 0.002695443108677864 0.0730382576584816 -0.005298565607517958 -0.02674402855336666 -0.011310023255646229 0.021512215957045555 -0.009096365422010422 0.018004203215241432 -0.0040513607673347 0.02766832523047924 0.04983128607273102 -0.00429041963070631 0.03440293297171593 0.05949602648615837 0.05221617966890335 -0.053852807730436325 0.034181755036115646 0.029084425419569016 -0.05649014934897423 -0.0716564953327179 -0.03521232306957245 -0.06818532943725586 -0.025293365120887756 -0.028917493298649788 0.010810239240527153 -0.0026782434433698654 0.05349132791161537 -0.053932979702949524 0.0520838163793087 0.05013879016041756 -0.03979213535785675 1.915548818942625e-05 -0.050922736525535583 -0.01878339610993862 0.0018652970902621746 0.01824875734746456 0.053423523902893066 0.054317183792591095 0.06006620079278946 0.05852406844496727 -0.05311088636517525 0.04916739463806152 -0.0384841151535511 0.004397467244416475 0.002652260474860668 0.0377931110560894 -0.061718642711639404 0.05567188560962677 -0.035618990659713745 0.03284969925880432 0.032449182122945786 0.08548906445503235 -0.049086857587099075 -0.023218566551804543 -0.026832859963178635 -0.03107459470629692 0.0560791976749897 0.0013421827461570501 0.023671001195907593 -0.0031935430597513914 0.0679408386349678 0.006291481666266918 0.0491754449903965 0.03389076143503189 -0.04267535358667374 -1.8136809841971102e-39 0.01902245730161667 -2.4831134904697548e-39 -0.029942261055111885 0.004796711262315512 0.025596341118216515 -0.031175199896097183 0.01932663656771183 -1.8259185236860588e-39 -0.052640561014413834 0.009134858846664429 -0.018873831257224083 0.03553427755832672 -0.03777795284986496 0.03113619051873684 -0.02881203219294548 -4.1108589840325336e-39 -0.036450982093811035 0.01109497994184494 -0.04278608039021492 0.014354909770190716 0.025676924735307693 0.07289768010377884 0.04370589554309845 -1.8703424876020842e-39 0.010561240836977959 0.0175104271620512 -0.07200483977794647 -0.06229840964078903 0.0097911162301898 0.04042832925915718 0.03822530806064606 5.957228057506949e-38 0.22161564230918884 -0.05148406699299812 0.15321047604084015 -0.09957071393728256 0.04657293111085892 -0.07767117768526077 0.012691215611994267 -0.051165927201509476 0.011970963329076767 0.058059073984622955 0.02072245068848133 0.013278234750032425 0.004704143851995468 0.08183743804693222 -0.06261041015386581 0.04900531843304634 -0.01234267558902502 0.04744747653603554 0.04203286021947861 0.002415700349956751 -0.037154342979192734 -0.06524604558944702 -0.0114211430773139 0.07182873785495758 0.008327147923409939 -0.05605965852737427 -0.041726794093847275 -0.05011538043618202 0.06600861996412277 -0.007082827389240265 0.028110802173614502 -0.07418476790189743 -0.045157961547374725 1.948923454619944e-05 0.03619873896241188 0.06556448340415955 0.012155943550169468 0.059543266892433167 0.08289625495672226 0.05108855292201042 0.027847427874803543 -0.0636381283402443 -0.028310276567935944 0.03859889879822731 0.04011250659823418 0.10035961866378784 0.06855159997940063 0.027536839246749878 0.08701525628566742 -0.07664036750793457 -0.035804908722639084 0.05529167130589485 0.07431590557098389 0.0362832136452198 -0.05035273730754852 0.04639873281121254 -0.03993363305926323 -0.05279288813471794 -0.06070588156580925 -0.07059194892644882 0.06363949924707413 0.01822756603360176 -0.05461292341351509 0.04152384772896767 0.018296949565410614 -0.04579606279730797 -0.05868915840983391 -0.05256512761116028 0.06329330056905746 -0.07622995972633362 0.015227550640702248 3.409238652034348e-39 0.011826205998659134 1.3538897346797799e-39 -0.030049163848161697 -0.022757411003112793 -0.04152562469244003 0.10823395848274231 0.07004343718290329 1.4147677451639072e-39 0.04565148428082466 -0.04553855583071709 0.08290363103151321 0.007729900069534779 -0.024474341422319412 -0.02353360503911972 -0.03658074140548706 2.8215536942750203e-39 -0.017781486734747887 0.029195789247751236 -0.01070182491093874 -0.0818263366818428 0.0014364609960466623 0.008344128727912903 -0.020076438784599304 4.0502318059735204e-39 0.011757067404687405 -0.011188644915819168 -0.023090122267603874 0.0066801998764276505 -0.027118319645524025 -0.026904407888650894 0.01572277955710888 -1.5569776790368327e-38 0.2690337598323822 0.02776334248483181 0.01786639913916588 -0.04754124581813812 0.03561735898256302 -0.006055878940969706 -0.002727360464632511 0.032323647290468216 -0.031721483916044235 0.021017342805862427 0.03381401672959328 -0.005645403638482094 0.022595038637518883 0.05403587967157364 -0.06173795089125633 0.013700730167329311 0.03342702239751816 0.06113375723361969 0.03928128629922867 -0.06494493037462234 0.048636969178915024 0.03628356754779816 -0.01840347982943058 -0.03712982311844826 0.005744675640016794 -0.06703252345323563 -0.05040265992283821 -0.032361678779125214 0.04648149758577347 0.06784911453723907 0.007490246091037989 0.03584999963641167 0.03610192611813545 -0.0450812466442585 0.025733401998877525 0.015588176436722279 0.002662726677954197 0.05078280717134476 0.015505756251513958 0.0018759844824671745 0.039551202207803726 0.0037281732074916363 0.07720412313938141 -0.0456366203725338 -0.022105269134044647 0.06655634194612503 0.08507665991783142 0.06597589701414108 -0.04732935130596161 0.05625838041305542 -0.038879506289958954 0.045857127755880356 0.07916036993265152 -0.035771969705820084 -0.018338477239012718 0.01479759905487299 -0.05932041257619858 0.0418265275657177 -0.04762079566717148 -0.08190152049064636 0.0640275701880455 0.05088643357157707 -0.007139499764889479 -0.07705323398113251 0.061562810093164444 0.06028369814157486 0.048811960965394974 -0.03655584901571274 -0.06357989460229874 -0.07246265560388565 -0.02188534289598465 4.4397969829512125e-39 -0.023067552596330643 6.156058296609997e-39 0.0023284172639250755 0.019436238333582878 0.0017554674996063113 -0.0018162966007366776 0.01601400598883629 -6.893146894038708e-39 -0.008687412366271019 -0.00047973397886380553 0.02292238362133503 0.005145973525941372 -0.03967893123626709 -0.024943798780441284 0.000877200742252171 -2.689988584056492e-40 -0.014624166302382946 -0.019280165433883667 -0.04313783347606659 0.0012026464100927114 -0.022673895582556725 0.04405875504016876 0.03133136034011841 -4.8592588626652746e-39 0.010282382369041443 -0.04877085238695145 -0.05304234102368355 -0.022870689630508423 -0.03306113928556442 -0.0012093252735212445 -0.016226010397076607 -2.5950635050443573e-38 0.01915786601603031 -0.1068342998623848 0.019001033157110214 -0.03038223832845688 -0.044460784643888474 -0.018333522602915764 -0.03621771186590195 0.057279352098703384 -0.029034148901700974 0.024235766381025314 0.05933705344796181 0.06827392429113388 0.07950904220342636 0.027175989001989365 0.04683266952633858 -0.012942109256982803 -0.01967296190559864 0.04876275733113289 -0.017318179830908775 0.02147970348596573 -0.04204215854406357 0.030799351632595062 -0.005984765477478504 -0.05034685879945755 0.05389689281582832 -0.032624829560518265 -0.01075838878750801 -0.04486318305134773 0.061807140707969666 0.014565854333341122 0.0118649210780859 -0.036681681871414185 -0.04735792800784111 0.012268222868442535 0.0518609918653965 -0.03203846141695976 0.05279412493109703 -0.006364884786307812 -0.0182840283960104 0.06258335709571838 0.04295630753040314 0.04489307478070259 0.04427378624677658 0.04147811606526375 -0.036036860197782516 -0.01900838501751423 0.05816023424267769 -0.033858951181173325 -0.026773735880851746 0.03180931881070137 0.08773898333311081 -0.0332229882478714 0.0109784547239542 0.08084260672330856 -0.005439057946205139 0.04834243655204773 0.010902919806540012 -0.05189203470945358 0.006303290370851755 0.02368420735001564 0.0277646966278553 -0.03302479535341263 -0.05351365730166435 -0.03718481585383415 0.07031455636024475 0.04135396331548691 -0.04480033367872238 -0.008580225519835949 0.03515584394335747 0.05869459733366966 -0.03430841863155365 -5.4728510264330396e-39 0.05118611454963684 -5.2353547588038766e-39 0.03280795365571976 -0.0034243017435073853 -0.0349600724875927 -0.06981924921274185 -0.0710621029138565 -1.7767444382356652e-38 0.04183680936694145 -0.010134799405932426 -0.04753321409225464 -0.05215603485703468 0.00692858686670661 0.029517296701669693 0.10375935584306717 3.4620451833639644e-39 0.07491090148687363 -0.06345411390066147 -0.053661882877349854 -0.005299463402479887 0.009784972295165062 0.10195782780647278 -0.06782316416501999 6.095847304194888e-39 0.1674365997314453 -0.017986366525292397 -0.005081729032099247 -0.04007928445935249 0.03866008669137955 -0.03242846578359604 -0.06457468867301941 7.941592799852679e-40 0.20279522240161896 -0.022412091493606567 0.10872400552034378 -0.015392121858894825 -0.07657473534345627 0.09152274578809738 0.014510860666632652 -0.09060601890087128 -0.10650874674320221 0.013609474524855614 -0.03153293579816818 -0.08209419995546341 0.020394593477249146 0.06957719475030899 0.05962822213768959 0.024090588092803955 0.07469779998064041 -0.03160645812749863 -0.0101693170145154 -0.0376652292907238 0.046828582882881165 -0.08379106223583221 -0.04569436237215996 -0.008858724497258663 0.11222145706415176 0.06722983717918396 0.008938522078096867 -0.015999212861061096 0.06509348750114441 -0.051036179065704346 -0.04625676944851875 0.06059599667787552 0.004540642723441124 0.04281826689839363 -0.09873981773853302 0.06427636742591858 0.03365730121731758 0.07020214200019836 -0.09296891838312149 0.055850449949502945 -0.0921274721622467 0.007575717754662037 0.034456681460142136 0.050226256251335144 -0.057603031396865845 0.0599372424185276 -0.006045130081474781 -0.07509694993495941 0.10223282873630524 0.004971930757164955 -0.043140482157468796 0.025791462510824203 -0.011018862947821617 -0.005585805047303438 0.027776392176747322 -0.03704126924276352 -0.043183665722608566 -0.05722922086715698 -0.001051710918545723 0.08141201734542847 0.051068659871816635 0.03608093410730362 0.1011548861861229 0.03197585046291351 0.01843254268169403 -0.028551315888762474 -0.03128073364496231 -0.0482756532728672 -0.054386742413043976 -0.03479228541254997 0.08753572404384613 3.4206480241308807e-39 -0.018255099654197693 6.193849914894373e-39 -0.006814104504883289 0.02414325624704361 0.01601388491690159 -0.06656117737293243 -0.018501127138733864 -1.9071826242291836e-39 0.05323886498808861 -0.055991239845752716 -0.06298574060201645 -0.07066610455513 -0.022184783592820168 -0.01615276373922825 0.058333370834589005 4.687096734636792e-38 -0.08374802023172379 -0.06539957970380783 -0.08882089704275131 -0.07215284556150436 0.05966798961162567 -0.031011847779154778 0.04322858899831772 1.765319371596332e-39 0.07194884866476059 -0.03955758363008499 -0.05015835538506508 -0.09894867986440659 0.026468664407730103 -0.02318454533815384 -0.03242975473403931 -4.466805609552609e-39 0.2093966156244278 0.006990527734160423 0.05569339171051979 -0.03866606950759888 0.09846729785203934 -0.04588024318218231 -0.004673186223953962 0.042718324810266495 -0.06749130040407181 -0.006406825967133045 0.013769821263849735 -0.04216475412249565 0.08426075428724289 -0.0449969619512558 0.0807419940829277 0.006816949229687452 -0.03184708580374718 -0.09505525231361389 -0.00046917522558942437 -0.013971452601253986 0.09554440528154373 -0.033323418349027634 0.026242060586810112 0.07414056360721588 -0.009995050728321075 -0.07136856764554977 0.06614214181900024 0.07136274874210358 0.022954948246479034 0.04125146195292473 0.04365289583802223 -0.01185772567987442 0.0032470079604536295 0.057981397956609726 0.07970620691776276 0.019078444689512253 0.011228226125240326 -0.07119400054216385 0.0005283845821395516 0.07943522930145264 0.02002805657684803 0.07005313038825989 -0.04866231605410576 0.009729224257171154 0.01074148342013359 -0.007632005028426647 0.03628281131386757 -0.017490031197667122 0.034321315586566925 0.022873353213071823 -0.05689099431037903 0.02209821157157421 0.058393970131874084 0.053796663880348206 0.028595954179763794 0.03192722424864769 0.06945622712373734 -0.02560713328421116 0.08586473017930984 0.04172515869140625 0.0037833729293197393 0.06127926707267761 0.07064889371395111 -0.01268021296709776 -0.06840053200721741 -0.08025778830051422 -0.045523904263973236 0.056041281670331955 0.07062744349241257 -0.06396064907312393 0.02698656916618347
b1 64
0.13551285862922668 0.15282316505908966 0.01681339740753174 -0.059141721576452255 0.06854835897684097 0.04546509310603142 0.14691920578479767 0.09415432810783386 0.004551444202661514 0.2309747189283371 0.12435717135667801 0.1778986006975174 0.11292881518602371 0.024159526452422142 0.09075227379798889 0.09672431647777557 0.15635821223258972 0.1313515454530716 0.08738479763269424 0.06938059628009796 0.027375828474760056 0.043870989233255386 0.18772825598716736 0.08653230965137482 0.030435742810368538 0.07597644627094269 0.27017033100128174 0.0686708465218544 -0.03210431709885597 0.2536669373512268 0.002521319780498743 0.034691277891397476 0.040688224136829376 0.13346831500530243 0.18615593016147614 0.07323399931192398 0.15520742535591125 0.006052832584828138 -0.015599090605974197 0.01906527765095234 0.07763727754354477 0.20809932053089142 0.051948245614767075 0.08538171648979187 0.18393324315547943 0.16000112891197205 0.1068899855017662 0.15729331970214844 0.11017190665006638 0.08657672256231308 -0.026912681758403778 0.03743889555335045 0.10826392471790314 -0.10057979077100754 0.23258163034915924 0.13325966894626617 0.12654118239879608 -0.011219408363103867 0.09588294476270676 0.04166547581553459 0.17833520472049713 0.08946724236011505 0.032026100903749466 0.09516577422618866
W2 4096
3.3249059470108477e-06 1.4169647784001427e-06 -8.769507472625171e-13 1.3701513634045936e-16 -2.2731774240725144e-09 1.0002349171145397e-08 3.2974756258852267e-09 -1.141335470578042e-09 1.4288841221343773e-08 1.5407204045914114e-07 -3.48906979752428e-07 2.0343955497992283e-07 3.587257157988688e-09 4.1216948474046e-14 2.436778743231116e-07 3.579921248331175e-09 -1.192208429756647e-07 -2.4301433754203572e-08 -3.71500580298445e-10 1.311537278780861e-08 2.760304873561381e-09 -2.025609362318534e-13 1.5766939895911491e-06 -7.031811764812712e-12 2.4609834913802993e-20 2.244809156268235e-12 -1.34748523450412e-09 -2.4081697747035946e-10 -9.186013928685899e-12 -5.74839305045316e-07 -3.949658378132881e-09 8.056948858081725e-11 1.1958655420085673e-11 2.9288196756738216e-08 -5.75811668568349e-07 -2.7777440070320125e-11 1.7878242886126827e-08 -3.333685053268781e-13 1.1920000593411335e-34 -4.2011584640809507e-13 4.862450708742472e-08 -1.0250075094253575e-10 -2.002759442073795e-17 -5.6038624261789405e-12 -9.419962587742248e-10 9.414853785472133e-09 -1.1714303305154772e-08 -2.105518363826331e-11 4.639444752853328e-13 -2.4562417877405096e-08 -3.538196482761463e-13 -7.18443047276196e-08 1.4986880625400545e-09 9.934035538616826e-11 -4.9775184862710375e-08 5.85712705003516e-08 -6.954686426752232e-08 5.812655357040342e-10 -2.9662019368492665e-12 -2.2152502054950673e-09 4.573391834128415e-07 5.444291129030887e-10 3.518456082041155e-10 1.3467562212099438e-06 -0.033054597675800323 -0.02395687811076641 0.14956127107143402 0.1154293492436409 0.05530659854412079 -0.008247428573668003 -0.009218958206474781 0.01162047777324915 0.10602881759405136 -0.04753821715712547 -0.012873140163719654 -0.025138195604085922 -0.04638843610882759 -0.062288228422403336 -0.03724907711148262 0.01088296715170145 -0.02227054536342621 -0.03261778876185417 0.013598636724054813 -0.03424466773867607 -0.008690954186022282 0.11141998320817947 -0.07411058247089386 -0.03695308417081833 0.14565908908843994 -0.013199437409639359 -0.06244056299328804 -0.011312931776046753 0.03570703789591789 -0.020664513111114502 -0.03749948740005493 0.0018716781632974744 0.04663393646478653 0.00792496744543314 -0.03982553258538246 0.002480768132954836 0.02370615117251873 0.11738350242376328 0.0708308070898056 -0.024010226130485535 0.060599662363529205 -0.017115730792284012 0.11207552999258041 -0.020132264122366905 -0.022236347198486328 -0.017375780269503593 0.010419003665447235 0.0002627670473884791 -0.006197645328938961 0.03266619145870209 0.10629545897245407 0.09000701457262039 -0.040618665516376495 0.14137347042560577 -0.006527321878820658 -0.022603509947657585 -0.018777230754494667 -0.01548861339688301 -0.00681809987872839 -0.015404132194817066 -0.037424828857183456 0.09322763979434967 -0.04777888208627701 -0.0006287697469815612 0.01212260127067566 0.11098500341176987 0.015522237867116928 0.035804446786642075 -0.023979267105460167 0.0680544450879097 0.03593844920396805 0.11750533431768417 -0.008784443140029907 0.06419193744659424 0.09646677225828171 0.10136386752128601 0.1013050377368927 0.02262810990214348 0.0648968294262886 0.05327177792787552 0.05979866907000542 0.0036983953323215246 0.10442653298377991 0.04281846806406975 0.05291282758116722 -0.03307567164301872 0.023392239585518837 0.11986317485570908 0.07531794905662537 0.0598771758377552 0.13103242218494415 0.04455920681357384 -0.02000793255865574 0.007308837026357651 0.05388328433036804 0.04497428610920906 0.0799616351723671 0.0900406762957573 0.03504760563373566 0.05419588088989258 0.019715672358870506 -0.06407471746206284 0.09512072801589966 0.0051170638762414455 0.033663004636764526 0.06648179888725281 -0.05840155482292175 0.06646716594696045 0.07078144699335098 0.042619552463293076 0.08543239533901215 0.09658238291740417 0.06754171848297119 0.025502655655145645 0.018108058720827103 -0.021912679076194763 0.06636911630630493 -0.027171801775693893 0.10229694843292236 0.067890964448452 0.003985099494457245 0.07432402670383453 0.0512123629450798 0.05344855412840843 0.0862809345126152 0.08400044590234756 0.05539651960134506 0.056229159235954285 0.05427991971373558 0.04001394659280777 -0.01545428205281496 0.02828594110906124 0.005342313088476658 0.049084488302469254 0.047374676913022995 0.011376122944056988 -0.023189254105091095 0.020980898290872574 0.05329597741365433 0.06734969466924667 0.02523261308670044 0.03240138292312622 0.025936953723430634 0.03920745849609375 0.06987078487873077 0.02515357732772827 0.04444786533713341 0.01967066526412964 0.03722609207034111 -0.024746503680944443 0.041895102709531784 0.03660932928323746 0.0026772539131343365 0.022219130769371986 0.01263999380171299 0.027027802541851997 -0.0061325314454734325 0.09790387004613876 0.03524482250213623 0.019856730476021767 0.03985045850276947 0.04556459188461304 0.07634694874286652 0.0045642550103366375 0.08492128551006317 -0.03800123184919357 0.0031446614302694798 0.03860459104180336 0.04256877303123474 0.09073873609304428 -0.02414996176958084 0.024138208478689194 0.021181410178542137 0.015970036387443542 0.057598091661930084 0.057054053992033005 0.059348419308662415 -0.005589758511632681 -0.026028228923678398 0.023484118282794952 0.040238603949546814 -0.015166651457548141 0.08367054164409637 0.04576979577541351 0.020022904500365257 0.04240941256284714 0.03807273134589195 0.01617225632071495 0.011775770224630833 0.05517752468585968 0.04587617143988609 0.06017457693815231 0.024088049307465553 0.039488594979047775 -0.0033582299947738647 -0.01130183506757021 0.017815696075558662 0.02950597181916237 0.024197392165660858 0.026593223214149475 -0.0060493978671729565 0.020216843113303185 0.024000486359000206 0.029448917135596275 0.016795676201581955 0.02073616348206997 0.029953554272651672 0.01754085347056389 0.025026975199580193 0.026045892387628555 0.023378921672701836 0.025774279609322548 0.030272653326392174 -0.02023637853562832 0.01909361407160759 0.023925676941871643 -0.00044175892253406346 0.023669123649597168 0.04435237497091293 0.027856778353452682 -0.010372189804911613 0.012386634014546871 0.018727758899331093 0.01194034144282341 0.01513463445007801 0.021911177784204483 0.035276662558317184 0.014190251007676125 0.036362625658512115 0.007013638038188219 0.003229111898690462 0.022297494113445282 0.011772974394261837 0.04059888795018196 -0.03374044597148895 0.011138048022985458 0.03204935044050217 0.015863195061683655 0.009012044407427311 0.025145165622234344 0.019386276602745056 0.007941742427647114 -0.013456546701490879 -0.01350283995270729 0.03821360319852829 -0.016992582008242607 0.018995070829987526 0.021433210000395775 0.02811099961400032 0.017657101154327393 0.016103610396385193 0.012347478419542313 0.0134671526029706 0.012403870932757854 0.028500378131866455 0.011974613182246685 -0.031701043248176575 -0.0035965845454484224 0.15349948406219482 0.021028630435466766 0.11569519340991974 0.024807462468743324 0.01892339251935482 0.04048934951424599 0.11710042506456375 -0.04383634775876999 0.01900242082774639 -0.08772911131381989 -0.07162825018167496 -0.03765888512134552 -0.06948404014110565 -0.0014207394560799003 -0.05379810556769371 -0.06145299971103668 -0.01421436108648777 -0.05804305523633957 -0.0016552181914448738 0.15258483588695526 -0.0733773335814476 -0.020343193784356117 0.1044403538107872 -0.038038913160562515 -0.012663300149142742 -0.002157182665541768 0.09451743960380554 -0.02907981351017952 -0.036864347755908966 0.03334338217973709 0.0528307780623436 -0.010164459235966206 -0.04308364912867546 0.027252936735749245 -0.02295282855629921 0.057350657880306244 0.10760384798049927 -0.020358212292194366 0.02392297238111496 -0.025799332186579704 0.1712544560432434 -0.013780678622424603 -0.0616806335747242 -0.03270074352622032 0.002394230104982853 0.03888729214668274 -0.060169607400894165 0.07664757966995239 0.11983344703912735 0.06386715173721313 -0.044473905116319656 0.12459863722324371 -0.036937322467565536 -0.03169660642743111 -0.05490754172205925 -0.044057779014110565 -0.03151726350188255 -0.044550951570272446 -0.047375310212373734 0.060288164764642715 -0.06388901174068451 -0.010261159390211105 -0.04002830386161804 0.0051055969670414925 0.0989304631948471 0.032555870711803436 0.03959992527961731 0.0015605465741828084 -0.01344260573387146 -0.001822408172301948 0.12207247316837311 -0.025429971516132355 -0.0012338869273662567 -0.04346399009227753 -0.04356054589152336 -0.03762437403202057 -0.039385054260492325 0.010926317423582077 -0.029895849525928497 -0.014022259041666985 0.0220008734613657 -0.02424108423292637 -0.033748067915439606 0.08588195592164993 -0.056658096611499786 -0.02196546085178852 0.05531558766961098 -0.03247203677892685 -0.027882976457476616 -0.010064903646707535 0.04128473997116089 -0.020210696384310722 -0.017379282042384148 0.0019935218151658773 0.032954033464193344 0.0032622618600726128 -0.045763399451971054 0.016985327005386353 -0.006867952179163694 0.12184711545705795 0.10883810371160507 -0.013595109805464745 0.05557109788060188 0.009791686199605465 0.09847619384527206 -0.000618241960182786 -0.041735775768756866 -0.022437138482928276 0.006639278028160334 -0.0022995085455477238 -0.03245605155825615 0.03910856693983078 0.06148180365562439 0.06581951677799225 -0.03586526960134506 0.09724784642457962 -0.014011096209287643 -0.038527630269527435 -0.016433119773864746 -0.017616840079426765 -0.012257521040737629 -0.015272432938218117 -0.023571213707327843 0.027696367353200912 -0.05278535187244415 0.015078018419444561 0.011798744089901447 0.03770829364657402 -0.05057993158698082 0.013876821845769882 0.0380595438182354 0.10585027933120728 0.0129063306376338 0.02352301776409149 0.04764382913708687 0.030030306428670883 0.03649332746863365 0.025165539234876633 0.051047105342149734 0.05304637923836708 0.055373307317495346 0.06658286601305008 0.059670332819223404 0.07968349754810333 0.008631712757050991 0.07356694340705872 0.1012253612279892 -0.009343561716377735 0.07070182263851166 0.06385841220617294 0.05201364681124687 0.06622005999088287 0.04812682420015335 0.014263158664107323 -0.014252939261496067 0.07279377430677414 0.05859475955367088 0.030609413981437683 0.04972510039806366 0.019697336480021477 0.05405517667531967 0.09629110991954803 0.07724296301603317 -0.07972250878810883 -0.0123445400968194 0.023961631581187248 0.08509084582328796 0.10771827399730682 -0.0294842217117548 0.04814453050494194 0.10265012830495834 0.06007487326860428 0.000949482899159193 0.040057308971881866 0.039874088019132614 -0.013771113008260727 0.043279148638248444 -0.0035196379758417606 0.06447064876556396 -0.019963663071393967 0.10322607308626175 0.09744362533092499 0.08534158766269684 0.04509655758738518 0.027439437806606293 0.014636239036917686 0.011283870786428452 0.020990850403904915 0.08013902604579926 0.031735364347696304 7.361124403360009e-07 4.395111318444833e-06 -2.51946903517819e-06 7.064449913940507e-09 8.273029379779473e-05 2.845794369932264e-06 2.328861370415325e-07 0.00025457440642639995 2.0547382462154928e-07 0.0007245942251756787 6.126750668045133e-05 5.454990969155915e-05 4.586539489537245e-06 1.8383392671239562e-05 4.5744013021931096e-08 -2.087863776978338e-06 3.201878939762537e-07 -0.00013407610822468996 -4.31984381066286e-06 0.0002444314304739237 -0.0005138709093444049 -0.0001698808919172734 0.0010023195063695312 -8.47601768327877e-06 -9.342774376364105e-08 -3.6253833968658e-05 0.0005188928334973752 0.0001119940570788458 1.9037423726331326e-07 -1.3190977369959e-05 3.933970583602786e-05 1.938424611580558e-05 -3.9550479868921684e-07 0.0017862613312900066 0.0005794099415652454 -8.403663741773926e-06 0.0005299748154357076 8.81274445418967e-06 -1.155845552602841e-07 -3.3527077903272584e-05 0.00044584940769709647 -4.511880979407579e-05 1.0685996532089348e-09 0.001239262754097581 -0.0002029165771091357 0.00016906191012822092 0.0036270879209041595 -5.295577648212202e-05 0.0003733415505848825 8.687899025972001e-06 -2.3637670892640017e-05 -4.979309596819803e-05 -3.1095150916371495e-05 0.00010522650700295344 -0.0001986642018891871 -6.910222145961598e-05 -4.876879756920971e-05 0.0003246053238399327 0.0009250447037629783 7.559922232758254e-05 -2.84013913187664e-05 1.5767698641866446e-05 0.00023620137653779238 0.00020475058408919722 -0.004499696660786867 0.03537900373339653 0.035429127514362335 0.09999248385429382 0.0783897116780281 0.035929709672927856 -0.028225211426615715 -0.0655684620141983 0.11839974671602249 0.004405698273330927 -0.021729663014411926 -0.05884060636162758 -0.0030897795222699642 -0.05398928001523018 -0.053332556039094925 0.021556038409471512 -0.08574854582548141 -0.0408136211335659 -0.03389960527420044 -0.019007820636034012 -0.020057201385498047 0.16414745151996613 -0.051790501922369 -0.022366436198353767 0.0711064338684082 -0.019879044964909554 0.033506691455841064 -0.05980578064918518 0.009883299469947815 -0.009171739220619202 -0.06646040827035904 0.016361646354198456 0.019436456263065338 0.0022462913766503334 -0.047914955765008926 0.02253304235637188 -0.020676610991358757 0.11917295306921005 0.09773097187280655 0.024543246254324913 0.07626377791166306 0.013515248894691467 0.04141800105571747 0.00927637703716755 -0.023841774091124535 0.00979872327297926 -0.03696222975850105 -0.041922200471162796 -0.04184364154934883 0.027427006512880325 0.0342416875064373 0.0983949527144432 -0.07850587368011475 0.02230769582092762 -0.031563930213451385 -0.02382226660847664 -0.03877575322985649 0.010650634765625 -0.04318736866116524 -0.009023958817124367 -0.04263254255056381 -0.0008721285266801715 -0.07768620550632477 -0.031853411346673965 6.70710210212416e-39 2.5217808657373376e-17 4.722821437686289e-39 2.154611295373481e-39 1.713821653032395e-39 6.314870263316534e-33 -1.348208870705407e-39 -5.744337189612865e-38 -8.598787766636375e-40 -2.1918928410168426e-39 5.331950393825469e-19 -1.7388712643806655e-39 -2.8096045165400288e-33 -6.4154512540427e-39 3.8740311357708536e-39 3.4352605403091056e-37 -2.739902835355742e-40 4.876926086838867e-27 1.2153500416202508e-29 2.473239865492537e-24 1.0427999509869413e-36 1.1623513083529752e-29 -2.1197988376242595e-39 1.6669364567961835e-24 1.8977084453118835e-40 4.1697104366775544e-38 -2.2310787512732218e-39 5.055802182674545e-39 -2.6130713113497026e-40 -4.7801849916218895e-39 -9.02345126625001e-40 -1.524612729185401e-41 3.0947368298951434e-39 6.461301739795408e-39 3.806347135233533e-35 1.1497583834861908e-39 2.219649956773113e-23 2.83562553345377e-40 -2.298712421653859e-39 3.222762260192787e-39 -3.211945637346664e-39 4.3593022176857775e-36 4.623261984392939e-39 9.054414519216507e-24 -6.256934970459812e-39 2.9077153329509603e-39 9.718425239631904e-41 4.7125259957198415e-33 2.4611565448322492e-40 3.6666767981093174e-39 -5.717830227861697e-40 -5.80347759000123e-40 -4.312126081165043e-39 -5.579886407033562e-40 -7.209017392413988e-37 6.36742399125551e-38 9.273809043188592e-23 -1.0992794089058179e-39 4.4062784842039486e-38 2.0135930989347056e-19 2.923698543235049e-39 -3.2642392934383376e-39 -4.182763812132433e-40 -2.1933992368659918e-39 -0.037608422338962555 -0.00036453219945542514 0.09046019613742828 0.06617198884487152 0.09721067547798157 0.010291634127497673 -0.019389167428016663 0.00352719658985734 0.10756248235702515 -0.032461561262607574 -0.011009234003722668 -0.0346817821264267 -0.03072577901184559 -0.05082213133573532 -0.04541630670428276 0.018206771463155746 -0.05282210558652878 -0.021086465567350388 0.015356208197772503 -0.02105180360376835 -0.05615810677409172 0.12874864041805267 -0.07863857597112656 -0.034578319638967514 0.0933830663561821 -0.041042204946279526 -0.0474543496966362 -0.04948719963431358 0.0676514208316803 -0.0007514021126553416 -0.017530692741274834 0.004536997992545366 0.024889960885047913 -0.00564544415101409 -0.04434571787714958 -0.00277542881667614 -0.013265762478113174 0.14969515800476074 0.10316279530525208 0.007588106673210859 0.061403777450323105 -0.020398350432515144 0.10097754001617432 -0.008054330945014954 -0.028213731944561005 -0.026486610993742943 0.017595065757632256 0.004401522688567638 -0.03931605815887451 0.050305601209402084 0.06539645045995712 0.03805730119347572 -0.03516002371907234 0.1237458735704422 -0.027318917214870453 -0.023103006184101105 -0.036908846348524094 -0.028613567352294922 -0.014357795007526875 -0.021574832499027252 -0.04882786422967911 0.06665068119764328 -0.04052634909749031 0.010348678566515446 0.08542336523532867 0.08244798332452774 -0.03309449553489685 0.01002560555934906 0.037427715957164764 0.10718366503715515 0.025511575862765312 0.04237351194024086 0.027650708332657814 0.09383340179920197 0.03992852196097374 0.03646316006779671 0.05595286563038826 0.04938633367419243 0.10668807476758957 0.08322033286094666 0.04261918365955353 0.1212310642004013 0.061597779393196106 0.07078953087329865 0.10301323980093002 -0.02084708772599697 0.07895981520414352 0.06147216632962227 0.014912139624357224 0.07193325459957123 0.053395070135593414 0.06179172545671463 0.039373867213726044 0.11791781336069107 0.06242288276553154 0.06131734326481819 0.04284490644931793 0.10195253789424896 0.036199163645505905 0.07345504313707352 0.12172096967697144 -0.0700497180223465 0.04122326150536537 0.049959488213062286 0.058466412127017975 0.07322734594345093 -0.0684085488319397 0.034796275198459625 0.12339452654123306 0.05508757755160332 0.02850259281694889 0.07914050668478012 0.049292974174022675 0.017213566228747368 -0.011499729938805103 -0.00448825117200613 0.05519818887114525 -0.012575597502291203 0.03989582881331444 0.039755288511514664 0.05439508706331253 0.07087858021259308 0.044855836778879166 0.06415630877017975 0.045675285160541534 0.05837612226605415 0.0822669267654419 0.028258632868528366 0.0387687012553215 0.06589651852846146 -0.03793630748987198 0.005620973184704781 0.04479324445128441 0.029814014211297035 0.041787128895521164 0.07067965716123581 0.005666846409440041 0.006780797615647316 0.06463127583265305 0.09990561008453369 0.041743770241737366 0.05532046779990196 0.052090637385845184 0.01836279407143593 0.05710659921169281 0.03760554641485214 0.01878080703318119 0.022852959111332893 0.021746885031461716 0.010701311752200127 0.0791388675570488 0.011917684227228165 0.028111761435866356 0.061779215931892395 0.014339664950966835 0.06980085372924805 0.02513163909316063 0.038865961134433746 -0.005861290264874697 0.005202720407396555 0.0572238527238369 0.03144637867808342 0.07227595895528793 0.07053720951080322 0.0510665588080883 -0.0793319121003151 0.0064682490192353725 0.02241368219256401 -0.011197331361472607 0.08594100922346115 -0.008580583147704601 0.012815301306545734 0.08009793609380722 -0.006957909092307091 0.029642783105373383 0.0724216178059578 0.03274768590927124 -0.028990143910050392 0.00026587172760628164 0.019037770107388496 0.0035610937047749758 0.022622136399149895 0.0803626999258995 0.08786048740148544 0.025386307388544083 0.016493281349539757 -0.0028422721661627293 0.017236633226275444 0.07968804240226746 0.007430836092680693 0.01672135852277279 0.01342016737908125 0.012963549233973026 0.014537644572556019 -0.00429604621604085 -0.008804487064480782 0.0023385679814964533 0.01799483224749565 0.014278378337621689 0.019345706328749657 -0.001196497119963169 0.008193784393370152 0.010623936541378498 0.024019958451390266 0.01018519513309002 0.014259432442486286 0.019729387015104294 0.013296401128172874 0.010427916422486305 0.030771510675549507 0.01033076923340559 0.016469137743115425 0.015271578915417194 0.0013211078476160765 0.028710192069411278 0.016243692487478256 -0.002536090323701501 0.015006319619715214 0.026618266478180885 0.02037757821381092 -0.006225877441465855 0.028284801170229912 0.013009251095354557 0.006280653178691864 0.011773468926548958 0.017470167949795723 0.030622858554124832 0.012447747401893139 0.020271409302949905 -0.01684916950762272 0.003922292962670326 0.012514160946011543 0.0043341428972780704 0.019335836172103882 -0.030833709985017776 0.006757053546607494 0.02194806933403015 0.016094788908958435 0.006079051177948713 0.014908088371157646 0.012702032923698425 0.002329995157197118 -0.009557590819895267 0.003129262011498213 0.022902004420757294 -0.007757516112178564 0.02140500582754612 0.018969019874930382 0.011356964707374573 0.010835306718945503 0.008462387137115002 0.01507940236479044 0.013966809026896954 0.0026509419549256563 0.018519245088100433 0.011197875253856182 0.1008998453617096 0.029578126966953278 -0.014869517646729946 -0.026444898918271065 0.06116048991680145 0.017083242535591125 0.09260446578264236 0.1068701222538948 -0.03282418102025986 0.06028785929083824 0.014863135293126106 0.11740084737539291 0.07523750513792038 0.04718131944537163 0.07495152950286865 0.006057374645024538 -0.017749521881341934 0.07076051086187363 0.056340303272008896 0.08016989380121231 0.03997625783085823 0.051908113062381744 0.10492239147424698 -0.006890649441629648 0.004491093568503857 0.06139145791530609 0.10805963724851608 0.030093995854258537 -0.04047863930463791 -0.014944198541343212 0.07483977824449539 -0.008072900585830212 -0.003672021673992276 -0.011456998065114021 0.0964512825012207 0.07734215259552002 0.05302203819155693 -0.06975895166397095 -0.045146696269512177 0.07086913287639618 0.023262159898877144 0.09060444682836533 -0.07729495316743851 0.013524247333407402 0.08036699891090393 0.09583346545696259 0.06355424970388412 0.06116357073187828 -0.004587959963828325 0.0963747426867485 -0.03922206908464432 0.019917335361242294 0.06464985013008118 0.022538747638463974 0.09745031595230103 0.06398222595453262 0.03895651549100876 0.05773093178868294 0.05234147235751152 -0.024425877258181572 0.018205273896455765 0.049382712692022324 0.10036104172468185 0.05657967925071716 0.03052518703043461 0.0841563493013382 -0.016772976145148277 0.04688404127955437 -0.009083455428481102 0.05442821606993675 0.012915583327412605 0.11568699777126312 -0.057603441178798676 0.07609142363071442 -0.02339286543428898 0.12038429081439972 0.05226432532072067 0.0478183887898922 -0.003837951924651861 0.06374868750572205 0.059971682727336884 0.06908179074525833 0.006240603048354387 0.06393426656723022 0.10576753318309784 -0.03592808544635773 0.05189259722828865 0.02608252316713333 0.01129214558750391 0.03449486568570137 0.017124373465776443 0.0013458582106977701 -0.04560672491788864 0.11126875132322311 0.020954275503754616 0.030921611934900284 0.027603013440966606 0.003365499200299382 0.019742850214242935 -0.008859507739543915 0.10873108357191086 -0.06619967520236969 -0.010528193786740303 0.0466964915394783 0.02981770783662796 -0.007790341507643461 0.03280681371688843 0.08210808038711548 0.05601000040769577 0.09904428571462631 -0.019782835617661476 0.0055977837182581425 0.08326784521341324 0.052455250173807144 -0.04998362064361572 0.040148597210645676 0.06964439153671265 -0.04023248702287674 0.10767021775245667 0.08476956188678741 0.02442988008260727 0.006272267084568739 -0.0045004477724432945 0.0913274809718132 0.04393313452601433 0.05731803551316261 0.019993191584944725 0.05135129764676094 -0.021300796419382095 -0.04085950553417206 0.163526251912117 0.07455304265022278 0.10734943300485611 0.015429827384650707 -0.04086587578058243 -0.004621235188096762 0.1454351842403412 -0.0066753411665558815 -0.008443149738013744 -0.04820052534341812 -0.03675170615315437 -0.055285751819610596 -0.0544862225651741 0.04330246150493622 -0.03933839127421379 -0.021864861249923706 0.010305148549377918 -0.01241415087133646 -0.015065629035234451 0.17586563527584076 -0.09207803010940552 -0.01864250935614109 0.1929950714111328 0.007353472989052534 -0.07453134655952454 -0.03390059620141983 0.052571024745702744 -0.01042942889034748 -0.03598211333155632 -0.006673258729279041 0.08845268934965134 0.021254858002066612 -0.08862262964248657 0.015836596488952637 -0.013171831145882607 0.12455331534147263 0.1609182059764862 -0.034639306366443634 0.0497421957552433 -0.054597288370132446 0.1922731101512909 -0.0014613164821639657 -0.018627429381012917 -0.051065992563962936 0.03919568657875061 0.03784145414829254 -0.007268527057021856 0.03569767624139786 0.14384596049785614 0.13144904375076294 -0.05186166986823082 0.19696159660816193 -0.015050520189106464 -0.027525769546628 -0.049818675965070724 -0.01960243098437786 -0.0010525889229029417 -0.010023553855717182 -0.032319433987140656 0.10796796530485153 -0.07408309727907181 0.04232776165008545 0.08887655287981033 0.017664818093180656 0.011781582608819008 0.03348967060446739 0.015785764902830124 0.030317412689328194 0.05518021062016487 0.07410241663455963 0.030811753123998642 0.10369625687599182 0.07086651772260666 0.07932699471712112 0.038165248930454254 0.02185990661382675 0.03931628540158272 0.026739580556750298 0.010370911099016666 0.06845798343420029 0.06587493419647217 0.043829165399074554 0.03452722728252411 -0.05082588270306587 0.08667333424091339 0.06994346529245377 0.035352569073438644 0.01114564947783947 0.020858386531472206 0.012851785868406296 0.008145598694682121 0.07139993458986282 0.020905086770653725 0.04124440252780914 0.03660740703344345 0.013181634247303009 0.04321452975273132 0.029727838933467865 0.08270684629678726 -0.07584039121866226 0.015681549906730652 0.05215081572532654 0.04756496846675873 0.12622806429862976 -0.03796113654971123 0.029218213632702827 0.07122655212879181 0.029163731262087822 -0.009480838663876057 0.03488953039050102 0.06572999060153961 -0.006956673227250576 -0.0038231995422393084 -0.02319350466132164 0.020705444738268852 0.022638406604528427 0.04899046942591667 0.004293869249522686 0.04685776308178902 0.050882987678050995 0.06572239845991135 0.06477542221546173 0.05122710391879082 0.03104926273226738 0.029322605580091476 -0.005798107013106346 -0.004543691873550415 0.06944545358419418 -0.012392686679959297 0.009708925150334835 0.0633564367890358 0.0010985179105773568 0.0019446270307525992 0.0253424234688282 -0.04265114292502403 0.06715228408575058 0.03872207924723625 0.08454432338476181 0.03411418944597244 0.005355187226086855 -0.009286012500524521 0.01039272639900446 0.02163981832563877 0.10381534695625305 0.07658206671476364 0.05773807689547539 0.07153552770614624 -0.057895924896001816 0.03405723720788956 0.07221996784210205 -0.028211837634444237 -0.0028859239537268877 0.08293992280960083 0.0606631338596344 0.015312681905925274 0.054402079433202744 0.045626621693372726 0.04839926213026047 0.0020779080223292112 0.07097912579774857 0.007887599058449268 0.004615304060280323 0.08564232289791107 0.01877380907535553 -0.012860867194831371 0.059420179575681686 0.03970228508114815 0.07230348140001297 -0.005098218563944101 0.06855744123458862 0.03219328075647354 0.007263178005814552 0.012531032785773277 0.04737187922000885 0.007793143857270479 0.06092490255832672 0.008343840017914772 0.008844470605254173 0.026821592822670937 -0.009259364567697048 -0.0009386046440340579 0.019054662436246872 -0.014409130439162254 0.040313392877578735 -0.01707617938518524 0.08638171851634979 -0.021770671010017395 0.0043557253666222095 0.0315948985517025 -0.0020582154393196106 0.10841426253318787 0.09371945261955261 -0.03922418877482414 -0.015430917032063007 0.07920601963996887 0.11706621944904327 0.013484884984791279 0.07627289742231369 0.015503407455980778 0.009342299774289131 0.013445003889501095 0.014399867504835129 0.08655913919210434 0.03234824538230896 0.05430009588599205 0.06344382464885712 0.08070019632577896 0.0007644335855729878 0.09032494574785233 0.0939728394150734 0.08951995521783829 -0.0213389303535223 0.059180375188589096 0.1097971573472023 -0.018206970766186714 0.08252488821744919 0.07834714651107788 0.09219520539045334 0.026844695210456848 0.022997695952653885 0.015212098136544228 0.042282767593860626 0.023441413417458534 0.010661372914910316 0.05801575258374214 0.07316247373819351 0.019087452441453934 -0.0012836374808102846 0.03458937630057335 0.08536507189273834 0.013567286543548107 0.03812374547123909 -0.05501154810190201 0.09922374784946442 0.08855605125427246 0.09116730093955994 0.06706320494413376 0.07644262164831161 0.03037862479686737 0.08128999173641205 0.06745373457670212 -0.012734619900584221 0.03851962089538574 -0.004438149742782116 0.09723276644945145 0.08020824939012527 0.08915077894926071 0.016939835622906685 0.00971378106623888 0.07970532774925232 0.07522597163915634 0.04898422956466675 0.08795014768838882 0.10511860251426697 0.019101964309811592 0.03792889043688774 0.005296593531966209 -0.0358780100941658 0.01784862019121647 0.07356245070695877 0.05875470116734505 0.029009748250246048 0.018797384575009346 0.005414212588220835 0.03388538211584091 0.074423648416996 0.0698036327958107 0.03473769500851631 0.052831508219242096 0.025940535590052605 0.06255631893873215 0.10033237934112549 0.030973874032497406 0.06467293202877045 0.0674535259604454 -0.06459321826696396 0.03087947890162468 0.031463343650102615 0.012056060135364532 0.06489585340023041 0.07250168174505234 0.041443124413490295 -0.02816092222929001 0.1132599413394928 0.04987455531954765 0.00837232917547226 0.017393166199326515 0.07420901209115982 0.1200300008058548 0.011814638040959835 0.12005897611379623 -0.06332548707723618 -0.013396860100328922 0.02374979667365551 -0.0028431431856006384 0.07805360853672028 0.03291404992341995 0.0963369682431221 0.08450731635093689 0.012874197214841843 0.01300221960991621 0.05708189681172371 0.08321184664964676 0.005538127850741148 -0.01325703039765358 -0.04139665886759758 0.026033371686935425 -0.03457293659448624 0.042608700692653656 0.050866615027189255 0.04393473267555237 0.03484361618757248 0.003444917732849717 0.0969347357749939 0.025573402643203735 0.006181822624057531 0.06428201496601105 -0.0007339619915001094 -0.0018341309623792768 0.00837753713130951 0.022206207737326622 0.005323955323547125 -0.01598822884261608 0.01518205925822258 0.03572896122932434 0.07443547993898392 -0.011009673587977886 0.0504344180226326 0.014619181863963604 0.059171419590711594 -0.0029726431239396334 0.012724310159683228 0.06949060410261154 0.02959662303328514 0.014771074056625366 0.026996048167347908 0.06230378523468971 0.02699057012796402 0.025193748995661736 -0.03486257418990135 0.09456353634595871 0.05113450065255165 -0.004251438193023205 0.06521458178758621 0.07038546353578568 0.010302066802978516 0.017407836392521858 0.03721928969025612 0.021256275475025177 0.046248048543930054 0.042015112936496735 0.022676443681120872 -0.003896139794960618 -0.003924394492059946 0.07532894611358643 -0.08782633394002914 -0.005883464589715004 0.04360559582710266 -0.003390653058886528 0.054395195096731186 0.003543241648003459 0.031646374613046646 0.06202816590666771 0.004688215907663107 0.016578925773501396 0.047915760427713394 0.06546591967344284 0.07207692414522171 -0.04497118666768074 0.03330608829855919 0.0350351519882679 -0.02165914513170719 0.09151257574558258 0.09208769351243973 0.010556682012975216 0.03704661503434181 0.028978368267416954 0.05093374103307724 0.03132788836956024 -0.014366429299116135 0.04225149005651474 0.0348367877304554 0.02912871725857258 0.024744778871536255 -0.013135209679603577 0.008811651729047298 -0.002506094053387642 0.03620396554470062 0.031505972146987915 0.024388644844293594 0.00181405374314636 0.04000699520111084 0.022737344726920128 0.03120337799191475 0.026688847690820694 0.024873394519090652 0.03138982504606247 0.021293576806783676 0.02143978327512741 0.03378913179039955 0.009602833539247513 0.03102179802954197 0.04068068414926529 -0.027156153693795204 0.04281027987599373 0.04093175008893013 0.003248932771384716 0.029398782178759575 0.060939908027648926 0.018352217972278595 -0.0005083875730633736 0.05895516648888588 0.024092042818665504 0.011066079139709473 0.012640068307518959 0.02323341742157936 0.03877052664756775 0.022109974175691605 0.04917221888899803 -0.037866365164518356 -0.0037023168988525867 0.0195328202098608 0.022752653807401657 0.05120771750807762 -0.021115565672516823 0.019431618973612785 0.031314074993133545 0.023502595722675323 0.02472999133169651 0.031758904457092285 0.025092286989092827 0.015434728935360909 -0.010630677454173565 -0.0002374318428337574 0.05211346596479416 -0.006374076008796692 0.028981667011976242 0.02816103771328926 0.022579161450266838 0.02054600790143013 0.018886806443333626 0.02072480134665966 0.010798312723636627 0.02035944163799286 0.038254011422395706 0.01728074997663498 -0.06585274636745453 0.004535598214715719 0.02006719261407852 0.03891907259821892 0.06316383183002472 0.00968936551362276 0.0236465223133564 0.01957372948527336 0.05684348940849304 0.02460251748561859 -0.02225370518863201 -0.014988664537668228 -0.05494716763496399 -0.033477120101451874 -0.036555808037519455 -0.03787938505411148 -0.030328622087836266 -0.034256711602211 -0.0180874802172184 -0.011775270104408264 -0.042090803384780884 0.12520451843738556 -0.028689835220575333 -0.04052233323454857 0.04781347140669823 -0.018409090116620064 0.028656525537371635 -0.02222011424601078 0.038421474397182465 0.02161368541419506 -0.02641896903514862 0.009531025774776936 0.021808257326483727 0.006057890597730875 -0.04819711297750473 -0.014955676160752773 -0.009214497171342373 0.13896234333515167 0.10059361159801483 -0.022405993193387985 0.029205450788140297 -0.027066176757216454 0.06067630276083946 0.018408278003335 -0.01237734965980053 -0.043044690042734146 -0.010306970216333866 0.0013636020012199879 -0.030261030420660973 -0.004206970799714327 0.03643081709742546 0.09764362126588821 -0.008820164948701859 0.08229777961969376 0.03193634748458862 0.010085604153573513 -0.03190523386001587 -0.02063560113310814 -0.037924300879240036 -0.013588749803602695 -0.015170492231845856 0.015891917049884796 -0.026178564876317978 -0.02921651490032673 -0.039062097668647766 -0.01256699487566948 0.015505397692322731 0.08570690453052521 -0.028979461640119553 -0.03848261013627052 -0.03403982147574425 -0.022488214075565338 0.08907123655080795 -0.03919430077075958 -0.031927842646837234 -0.06311789155006409 -0.013488508760929108 -0.007362024392932653 -0.017367905005812645 -0.05156173184514046 -0.06242651864886284 -0.06207156181335449 -0.03729476034641266 -0.026328884065151215 0.011044672690331936 0.09680622816085815 -0.07139240205287933 0.005946871358901262 2.6597183023113757e-05 0.011506098322570324 -0.012286640703678131 -0.04488077759742737 0.07403039187192917 -0.06434617191553116 -0.0730566456913948 0.0186484232544899 -0.018214376643300056 0.03176004812121391 -0.001683297916315496 -0.025643086060881615 0.03346296027302742 0.10229899734258652 0.03406094014644623 0.0020420143846422434 -0.00832151249051094 -0.03995729610323906 0.07461485266685486 -0.050243888050317764 -0.018591735512018204 -0.037079934030771255 -0.04674959555268288 -0.010007327422499657 -0.0554751418530941 0.025601506233215332 -0.0030964803881943226 0.008082308806478977 -0.014399797655642033 0.07682338356971741 0.026662975549697876 0.008630220778286457 0.0003267444553785026 -0.04186329245567322 0.022799992933869362 -0.029147887602448463 -0.03139631077647209 0.025292182341217995 -0.03996054083108902 -0.052211761474609375 0.10006166994571686 0.037397775799036026 -0.05023372173309326 -0.028051618486642838 0.06047585979104042 0.012080110609531403 0.006474629510194063 0.07846641540527344 -0.048482172191143036 0.08390828967094421 -0.012302640825510025 0.08377266675233841 0.10751865804195404 0.058594848960638046 -0.001636191620491445 0.0021882178261876106 0.04116884618997574 0.07921402156352997 -0.019719429314136505 0.00286121666431427 -0.0005460248794406652 0.05142172798514366 0.08225968480110168 0.006899082101881504 0.033303435891866684 0.06736740469932556 0.09847554564476013 0.05897202342748642 -0.004227722994983196 0.07380641996860504 0.08685541898012161 0.059313882142305374 0.023031607270240784 0.042171891778707504 0.032072074711322784 0.07750044763088226 0.03184027224779129 0.02399747259914875 -0.0039473180659115314 -0.008508716709911823 0.016647277399897575 0.024173203855752945 0.01474782545119524 0.09898412972688675 0.045677125453948975 0.061831358820199966 0.09581250697374344 0.03308439627289772 0.06082136183977127 -0.02886139787733555 0.021002713590860367 -0.04839209467172623 0.0853075161576271 -0.050628501921892166 0.002458424074575305 0.09088516235351562 0.024827877059578896 0.004748284816741943 0.02142665907740593 0.10522771626710892 0.09076427668333054 0.06114213168621063 0.08567652106285095 0.08775684237480164 0.07067419588565826 0.0882730782032013 -0.01896701753139496 0.03347596526145935 0.0333060696721077 0.11798535287380219 0.03516300767660141 -0.001178558450192213 -0.035112880170345306 0.005736248567700386 -0.016300002112984657 0.028147723525762558 0.020651739090681076 0.05010487884283066 0.0710320919752121 0.07077234238386154 0.07546509057283401 0.06701254099607468 0.06033928692340851 0.03596602752804756 0.10408693552017212 -0.008638308383524418 0.04042373225092888 0.00736464187502861 -0.006537920795381069 0.10110212862491608 0.13712510466575623 0.013575538992881775 -0.022595547139644623 0.11049079149961472 0.04888905957341194 0.05003701150417328 0.05131695792078972 0.10106829553842545 0.12311369180679321 0.0629209503531456 0.011849750764667988 -0.04212859645485878 0.08017183095216751 0.06832341104745865 0.03737862408161163 0.11023641377687454 -0.041866835206747055 0.08494833111763 0.07416272908449173 0.0727442130446434 -0.0042417701333761215 0.11135228723287582 0.0375949889421463 0.10105931013822556 -0.023320931941270828 0.07902311533689499 0.014952690340578556 -0.0325273759663105 0.08918527513742447 0.10114133358001709 0.0458606593310833 0.0189077015966177 0.08333683013916016 0.08357185125350952 0.06269505620002747 0.07916851341724396 0.031224511563777924 0.0719088762998581 -0.04802072420716286 -0.04270380362868309 0.15517792105674744 0.13522741198539734 0.042107876390218735 -0.0345500223338604 -0.056751687079668045 -0.04224025830626488 0.11825133860111237 -0.02726292796432972 -0.002377728233113885 -0.04535049572587013 -0.022475095465779305 -0.05085676163434982 -0.05469173565506935 0.03644935041666031 -0.04270043224096298 -0.004205325618386269 0.035148829221725464 -0.013309351168572903 -0.013941704295575619 0.0731520876288414 -0.07899431884288788 -0.00748263718560338 0.13987115025520325 -0.04950522258877754 -0.04683203995227814 -0.027924442663788795 0.042976368218660355 0.0030547145288437605 -0.0029467307031154633 0.018048547208309174 0.05770423635840416 -0.007538837380707264 -0.05836620181798935 0.01377200148999691 -0.0011380409123376012 0.09154782444238663 0.1645481139421463 -0.029884086921811104 0.07067741453647614 -0.050035055726766586 0.1638401597738266 0.0024494361132383347 -0.03705839067697525 -0.04893821105360985 0.011466296389698982 0.014965852722525597 -0.04831039905548096 0.05206437036395073 0.1253269612789154 0.16269701719284058 -0.04397796839475632 0.10873917490243912 -0.05372116342186928 -0.048182446509599686 -0.06183112785220146 -0.02645009756088257 -0.006978475954383612 -0.030865034088492393 -0.018955569714307785 0.07766298949718475 -0.05374927818775177 0.0023643102031201124 -1.2526245427579852e-06 1.6835787164382054e-07 -5.777672413387336e-06 -2.1431544610095443e-06 -2.653729779922287e-06 -1.023042841552524e-06 -5.525380402104929e-07 6.472271820712194e-07 -2.746627160377102e-06 -2.256170546388603e-06 -1.623148904172922e-07 -3.1721235700388206e-06 -7.982973215803213e-07 -7.440416993631516e-07 1.4957785197111662e-06 3.6562977356879856e-07 -1.9025144410989014e-06 -4.0604300011182204e-07 -1.5997954960766947e-06 -1.039123617374571e-06 -7.151028569296614e-08 -4.0907339098339435e-06 3.9758546677148843e-07 -2.9749833174719242e-06 -2.7683217922458425e-06 2.125501907812577e-07 -3.9230684478752664e-07 -1.347383431493654e-06 -3.1065094390214654e-06 -2.623334694362711e-06 -2.1858572836208623e-06 -2.9838631689926842e-06 -4.4244549712857406e-07 -9.621913932278403e-09 -2.0892953500606382e-07 1.5302017573048943e-06 1.1323645594529808e-06 -8.723630344320554e-06 -4.4810161625719047e-07 1.0294323828929919e-06 -3.06742958855466e-06 -7.624014983775851e-07 -7.18069759386708e-06 -2.3650693492527353e-06 -1.3028466128162108e-06 -2.064591853923048e-06 -2.6729521778179333e-06 -1.2483610589697491e-06 -3.639169676716847e-07 -2.1640594241034705e-06 -5.921270258113509e-06 -6.265751380851725e-06 -1.402494689273226e-07 -5.4785327847639564e-06 -9.482553764428303e-07 1.7044154674294987e-06 -1.5430398434546078e-06 -5.426753659776296e-07 -1.0365190519223688e-06 7.152559078349441e-07 -2.1482146621565334e-06 -1.7886948171508266e-06 -1.4143331839022721e-07 -1.5256256347129238e-06 -0.002937565091997385 -0.005495522636920214 0.027554839849472046 0.013319872319698334 -0.013111078180372715 -0.035739608108997345 0.009464593604207039 -0.035911690443754196 -0.0038002077490091324 0.010242234915494919 0.018351657316088676 -0.0098597826436162 -0.00016751377552282065 -0.0011493876809254289 -0.029814476147294044 -0.005302529316395521 -0.012631623074412346 -0.03971879556775093 -0.019770188257098198 -0.013114506378769875 -0.02065027877688408 -0.005556294694542885 -0.048967331647872925 0.010419214144349098 -0.006901180371642113 -0.024583756923675537 -0.0363246314227581 -0.041831016540527344 0.012097327969968319 0.02676282450556755 -0.024009762331843376 0.008231730200350285 0.004096559248864651 -0.017257213592529297 0.025693390518426895 0.032319940626621246 -0.02266206033527851 -0.025489909574389458 -0.0016388208605349064 -0.018835648894309998 -0.013100534677505493 0.0024056299589574337 0.000823704875074327 -0.008957823738455772 -6.149844557512552e-05 0.0020519569516181946 -0.01802358217537403 -0.008359109051525593 0.0013763890601694584 -0.022102465853095055 0.011099531315267086 -0.010215582326054573 -0.013178626075387001 0.04666699841618538 0.028212377801537514 0.009020257741212845 0.03058410808444023 0.011899312026798725 0.01571267656981945 0.02072654850780964 -0.02385254204273224 0.006031281780451536 -0.035821396857500076 -0.00842646136879921 0.012933611869812012 0.033198948949575424 -0.01757379062473774 -0.050512246787548065 0.022750016301870346 0.053835030645132065 0.06863278895616531 0.017986055463552475 -0.030891120433807373 0.07265966385602951 0.02349344827234745 0.06363893300294876 0.07383779436349869 0.04506394639611244 0.04886336252093315 0.056479599326848984 0.029400644823908806 0.08999454230070114 0.07129353284835815 0.03328621760010719 0.028815757483243942 -0.032712917774915695 0.03583626076579094 0.08274990320205688 0.017439471557736397 0.04009714722633362 0.04824553802609444 0.07850951701402664 0.002706793136894703 0.07592528313398361 0.017274629324674606 0.01757759228348732 0.021839775145053864 0.038104016333818436 0.049979258328676224 0.014402469620108604 0.042876824736595154 0.028618725016713142 0.025797080248594284 0.0826902836561203 0.08472063392400742 0.0659131407737732 -0.030702019110322 0.07402443140745163 0.08264684677124023 0.03846857696771622 0.028894810006022453 0.06379079073667526 0.05619262903928757 0.019847365096211433 -0.0036747667472809553 0.011617619544267654 0.05080188438296318 -0.04297104477882385 0.03925658017396927 0.011349823325872421 0.010194692760705948 0.06954412907361984 0.013981154188513756 0.0486459843814373 0.08977741748094559 0.007796912919729948 0.03737590089440346 0.01528768241405487 -0.06319383531808853 -0.04566505551338196 0.1715645045042038 0.11367840319871902 0.05069465935230255 -0.004661825951188803 -0.020760592073202133 -0.029686620458960533 0.1494511067867279 0.012893062084913254 0.027585947886109352 0.009152932092547417 -0.02635948546230793 -0.0827140063047409 -0.05241803824901581 0.016117790713906288 0.023959996178746223 -0.03223143890500069 -0.0010719702113419771 -0.021001674234867096 -0.029738791286945343 0.1616167277097702 -0.08772926777601242 -0.05097400024533272 0.1534402072429657 0.023606842383742332 -0.0701037272810936 0.0003110548132099211 0.07130558788776398 0.0010083032539114356 0.005325959529727697 -0.009725000709295273 0.0174863338470459 0.04004231467843056 -0.07268344610929489 0.02958180382847786 -0.015690600499510765 0.1916862577199936 0.20707155764102936 0.013490642420947552 0.11288875341415405 -0.04964342340826988 0.15540625154972076 -0.031350113451480865 -0.04299185797572136 -0.06117253005504608 0.02498980239033699 0.004077368415892124 -0.004177665803581476 0.09097649157047272 0.07653630524873734 0.1746298372745514 -0.05789650231599808 0.11359622329473495 -0.02782856486737728 -0.030700357630848885 -0.007939828559756279 -0.03551289811730385 0.007804357446730137 0.023607982322573662 -0.026844002306461334 0.09827051311731339 -0.016154585406184196 -0.01970035396516323 0.07730218023061752 0.08680037409067154 0.008156031370162964 0.027064168825745583 0.05481867492198944 0.03304339945316315 0.02206886187195778 0.08447553962469101 0.03584324195981026 0.009386202320456505 0.09499707072973251 0.03501344844698906 0.04963887482881546 0.052164819091558456 0.08805450797080994 0.06601258367300034 0.07063600420951843 0.07161156088113785 0.03098711557686329 0.01808740757405758 -0.01327336486428976 -0.0711129754781723 0.021772904321551323 0.09469970315694809 -0.03507338464260101 0.07062440365552902 0.02673248015344143 0.025042906403541565 0.01506600622087717 0.10448884963989258 0.04088126868009567 -0.025431647896766663 0.04307175800204277 0.004638358019292355 0.07887072116136551 0.03581683710217476 0.04908338561654091 -0.10767897218465805 -0.04333136975765228 -0.006277250591665506 0.06649332493543625 0.07671061903238297 0.0033298800699412823 0.049716781824827194 0.11870216578245163 0.009450748562812805 0.04848911985754967 -0.01647648960351944 0.02459709160029888 -0.035955753177404404 0.04453178867697716 0.0848846286535263 0.10411261767148972 -0.05363589897751808 -0.01148312259465456 0.08984163403511047 -0.0059364293701946735 0.01872534118592739 0.006901908665895462 0.06602094322443008 -0.02450178749859333 -0.0142143489792943 0.05682677775621414 0.07574082911014557 0.0474453903734684 0.01933024451136589 0.028023770079016685 -0.02375759556889534 0.0585046112537384 0.07578881084918976 0.08423537015914917 0.031512074172496796 -0.027044357731938362 0.0518786758184433 0.09597843885421753 0.06906566768884659 0.03626425564289093 0.0250115767121315 0.09587013721466064 0.03791392594575882 0.033011674880981445 0.039904918521642685 0.050826240330934525 0.04777761548757553 0.027279989793896675 0.0038831604178994894 0.1209365501999855 0.048395633697509766 0.012800420634448528 0.025736598297953606 0.05362012982368469 0.0013932185247540474 0.03347025811672211 0.08431000262498856 0.0211777463555336 0.025546256452798843 0.051761288195848465 0.03654074668884277 0.03994410112500191 0.04151725023984909 0.02059638500213623 -0.010402793064713478 0.05568220466375351 0.041671283543109894 -0.01727522909641266 0.03698975220322609 -0.06967756152153015 0.03836771845817566 0.11776390671730042 0.06357520073652267 0.07547679543495178 0.07314930111169815 0.06789451837539673 -0.010339894331991673 -0.03628338500857353 -0.04094671458005905 0.03187819942831993 -0.04101404547691345 0.03256824612617493 0.013264285400509834 0.04363437741994858 0.05985698476433754 0.011062697507441044 0.010481946170330048 0.07432009279727936 0.048738107085227966 0.10079552978277206 0.06654930114746094 0.06341742724180222 0.013902389444410801 0.01736610382795334 -0.001707635005004704 0.027269646525382996 0.040995314717292786 0.02262692153453827 0.060169368982315063 0.04339051619172096 0.05028070881962776 0.021623937413096428 0.09806545823812485 0.04839557781815529 0.02895040437579155 0.07853648066520691 0.04065825417637825 0.05751139298081398 0.04953731223940849 0.03306768089532852 0.06296376883983612 0.05109096318483353 -0.020997293293476105 0.061366233974695206 0.0581335723400116 0.01994645595550537 0.04313936084508896 0.05196478217840195 0.010269713588058949 -0.012683311477303505 0.06218529865145683 0.06227549910545349 0.023413779214024544 0.03284113109111786 0.052970368415117264 0.03598116338253021 0.017358263954520226 0.023465972393751144 0.011065725237131119 0.017010120674967766 0.050126537680625916 0.036522265523672104 0.029268011450767517 -0.07432223856449127 0.03744402155280113 0.046850111335515976 0.01467507891356945 0.002649769652634859 0.07327181845903397 0.056314680725336075 -0.006748467218130827 -0.006946884095668793 -0.010737800039350986 0.07971026748418808 -0.014598459005355835 0.020036999136209488 0.044014494866132736 0.06700566411018372 0.03344593942165375 0.054811570793390274 0.02551271766424179 0.04842584952712059 0.014728647656738758 0.053873345255851746 0.05288414657115936 0.01214543916285038 0.035877976566553116 -0.05627795681357384 0.04793620854616165 0.010632609017193317 0.0906473696231842 0.00870367232710123 0.021455654874444008 0.051759906113147736 0.03924832120537758 0.06600811332464218 0.08260421454906464 0.045828938484191895 0.013367215171456337 0.027624772861599922 0.07038688659667969 0.019704392179846764 0.008690796792507172 0.03823084011673927 0.022346321493387222 0.08111913502216339 -0.053003933280706406 0.043781034648418427 0.08950401097536087 0.04307522624731064 0.06310021877288818 0.03184567764401436 -0.004785655066370964 0.011066260747611523 0.08526325225830078 0.0488165020942688 0.02824576199054718 0.05575888231396675 0.08479936420917511 0.10595164448022842 0.09340423345565796 0.0636490136384964 -0.011905358172953129 -0.022732656449079514 0.07728491723537445 0.03333878889679909 0.10386530309915543 -0.08877948671579361 0.07339832186698914 0.10649192333221436 0.051126714795827866 0.04713711515069008 0.015313802286982536 0.0784829705953598 0.011375208385288715 0.03229628875851631 -0.038793399930000305 0.07167806476354599 0.009732527658343315 0.02163873240351677 0.026601510122418404 0.0223016906529665 0.018542947247624397 0.03195946663618088 0.00019367304048500955 0.07695206254720688 -0.025177473202347755 0.01861412636935711 0.01066899299621582 0.0691538006067276 0.07886786013841629 -0.024345023557543755 0.03475875034928322 0.0520843081176281 0.06543479859828949 0.07975558191537857 0.03705041483044624 -0.01722847856581211 0.07782529294490814 0.0065917507745325565 0.10746460407972336 0.05902842432260513 0.0601210780441761 0.04116710275411606 0.02523615024983883 0.03868923708796501 0.009295376017689705 0.07603098452091217 0.053438931703567505 0.06975963711738586 0.01197545975446701 0.036452315747737885 0.02129213511943817 -0.021251609548926353 0.05486633628606796 0.06820482760667801 0.03620797395706177 0.015408803708851337 0.06351776421070099 0.024572940543293953 0.022901974618434906 0.019553011283278465 0.03234674036502838 0.07205956429243088 -0.0011148112826049328 0.057031795382499695 0.0022648759186267853 0.006416331045329571 0.02765454724431038 0.0592273585498333 0.04644942656159401 -0.02170717716217041 0.03889225050806999 0.08771643787622452 0.02318418025970459 0.05105367675423622 0.07990776747465134 0.043222635984420776 0.012473050504922867 -0.023689234629273415 -0.0152924545109272 0.035583581775426865 0.0033762382809072733 0.06789658218622208 0.007781947497278452 -0.0011241994798183441 0.017722995951771736 0.027826817706227303 0.08207537233829498 0.025349002331495285 0.05277001112699509 0.022699842229485512 0.012999383732676506 -0.04453123360872269 -0.006798500195145607 0.054345861077308655 0.08467418700456619 -0.03957493603229523 -0.12121888995170593 -0.14366888999938965 0.000973309448454529 0.08026736974716187 -0.1422816514968872 -0.009002957493066788 -0.07673394680023193 -0.05463704466819763 0.032968319952487946 -0.031031323596835136 -0.05695518106222153 -0.05621923878788948 -0.009413214400410652 -0.08770439773797989 -0.030807476490736008 -0.06223726645112038 0.14633436501026154 -0.13392943143844604 0.050559282302856445 0.05592213198542595 -0.027233658358454704 -0.06756529957056046 -0.09901464730501175 0.09734071046113968 -0.17062565684318542 -0.03783194720745087 -0.05540704354643822 -0.06306517869234085 0.020496388897299767 -0.06117228418588638 -0.012783429585397243 -0.07036811858415604 0.13027049601078033 0.13492269814014435 0.01904461160302162 0.05560709163546562 -0.022626757621765137 0.09616135060787201 -0.049560293555259705 -0.09490662813186646 -0.04623333737254143 -0.03233206272125244 -0.011188368313014507 -0.11963151395320892 0.11082267016172409 0.08570251613855362 0.020229432731866837 -0.033300478011369705 0.03562241792678833 -0.08837810903787613 -0.016807302832603455 0.046100348234176636 -0.05639471858739853 0.01078024785965681 -0.0382109098136425 -0.07025393843650818 -0.02899283356964588 0.006190415471792221 -0.1067938432097435 -0.07937044650316238 -0.03157249465584755 0.11329235881567001 0.12223977595567703 0.1023106500506401 0.03266998380422592 -0.0038026790134608746 -0.01359717920422554 0.11228771507740021 0.004912311211228371 0.020760398358106613 -0.014283827506005764 -0.014171857386827469 -0.05701882019639015 -0.04082972928881645 0.004011821001768112 -0.00231313263066113 -0.03934993967413902 0.0006332842749543488 -0.016085531562566757 0.016393903642892838 0.15853866934776306 -0.05056464299559593 -0.028027178719639778 0.15809352695941925 -0.018020158633589745 -0.07699594646692276 -0.0443924255669117 0.07618670910596848 0.02368602529168129 -0.00569818215444684 -0.01997547782957554 0.05696898698806763 0.03373759984970093 -0.03612798452377319 -0.008721226826310158 -0.01895434968173504 0.2111550271511078 0.16680596768856049 -0.001770815346390009 0.10492528975009918 -0.04995498061180115 0.13365206122398376 -0.031957026571035385 -0.034774474799633026 -0.06773675978183746 0.027169862762093544 0.01885349676012993 -0.04827640950679779 0.07594140619039536 0.09841636568307877 0.16086608171463013 -0.051427748054265976 0.10582465678453445 -0.028563180938363075 -0.038627784699201584 -0.05442369356751442 -0.014207690954208374 -0.02653253823518753 -0.0037146226968616247 -0.006167845334857702 0.09637681394815445 -0.013874880038201809 -0.03219917044043541 0.0004462510405573994 0.011402048170566559 -0.0036908979527652264 -0.0016586665296927094 0.0010263178264722228 0.0029889363795518875 0.007450717501342297 -0.012517353519797325 -0.004085215739905834 0.02026185765862465 -0.014352821744978428 -0.013055882416665554 0.0013351594097912312 0.0030343476682901382 -0.013554775156080723 0.01730981655418873 0.028345191851258278 -0.0222436785697937 0.023381737992167473 0.019699718803167343 -0.0027152937836945057 -0.010492587462067604 0.003980982583016157 -0.005737142637372017 0.0006469907239079475 0.013969273306429386 0.006447101943194866 -0.007267132867127657 -0.007760016713291407 0.0364210307598114 -0.003668427700176835 0.005409092642366886 0.005246525164693594 -0.0004316334379836917 -0.007207152433693409 0.004860839806497097 0.012292716652154922 -0.0022214532364159822 0.008967729285359383 0.010663352906703949 -0.00517168827354908 -0.011206899769604206 -0.006066928151994944 0.01365719921886921 -0.01232691016048193 -0.004725715611129999 -0.005797203630208969 0.00853942334651947 0.008417511358857155 -0.015286085195839405 -0.0013782787136733532 -0.016483521088957787 -0.005003270227462053 -0.0020843730308115482 0.03069421276450157 -0.027103308588266373 0.011989290826022625 -0.00550701841711998 0.0001630952174309641 0.002667976077646017 0.0027158535085618496 0.0008134058443829417 -0.006740452256053686 -0.013326412998139858 0.006793610285967588 0.06430650502443314 -0.034791603684425354 -0.009514226578176022 -0.017853735014796257 0.08057679980993271 0.08298486471176147 0.026923011988401413 -0.054362937808036804 0.11452354490756989 0.08934573084115982 0.039190541952848434 0.03992503508925438 0.04008599743247032 0.0885380282998085 0.07799041271209717 0.039862945675849915 0.01938978023827076 0.07321645319461823 0.08135222643613815 0.09120535850524902 -0.022845741361379623 0.05380011722445488 0.02768467739224434 0.008277828805148602 0.04990910738706589 0.10318198800086975 -0.0011115948436781764 0.03932902216911316 0.03983685001730919 0.08323848992586136 0.023328525945544243 0.03536704182624817 0.09420231729745865 0.0909438207745552 0.03952261433005333 0.06682642549276352 -0.005889566615223885 0.03673943132162094 0.01580774411559105 0.042620524764060974 0.06380412727594376 -0.03903881832957268 0.04282960295677185 0.03436276316642761 0.09224998950958252 0.030841104686260223 0.09724826365709305 0.09397254139184952 0.005650844890624285 -0.03880585357546806 -0.006178090814501047 0.06238461285829544 -0.014193980023264885 0.04604044184088707 0.08577237278223038 0.07160394638776779 0.043612077832221985 0.0037189419381320477 0.026064950972795486 0.0504748672246933 0.04708418995141983 0.0440201461315155 0.046138010919094086 -0.011537053622305393 -0.005207649897783995 0.0016920783091336489 0.009693646803498268 -0.010947919450700283 -0.017797918990254402 -0.024614939466118813 -0.004782753996551037 0.02504556067287922 -0.01584974303841591 -0.002543812617659569 -0.010332770645618439 -0.002963095670565963 0.0017685771454125643 -0.007139941211789846 -0.010962500236928463 -0.003242466365918517 -0.013988636434078217 -0.012693801894783974 -0.004663699772208929 -0.009895464405417442 0.0018853977089747787 -0.020212404429912567 0.015605299733579159 0.0241728276014328 -0.017199179157614708 -0.0124245909973979 -0.018824635073542595 0.014562300406396389 -0.03486254811286926 -0.007674977649003267 -0.011692777276039124 -0.01002418715506792 -0.017828484997153282 -0.00592926237732172 -0.005319434218108654 -0.007960240356624126 0.013554000295698643 0.023870674893260002 0.00585187878459692 0.005936151370406151 -0.005832442548125982 0.008667528629302979 -0.009329542517662048 -0.02678377367556095 -0.012595918029546738 -0.003110464196652174 -0.013032278046011925 -0.020030343905091286 0.019329233095049858 0.022546060383319855 0.007196085061877966 -0.014693742617964745 0.010000607930123806 -0.007438231259584427 0.0038886205293238163 0.007379980757832527 -0.004558966960757971 -0.0007628693711012602 -0.002161462791264057 -0.014806709252297878 -0.016983285546302795 0.005153615493327379 -0.012291396968066692 0.01255415752530098 -0.015383654274046421 -0.057667989283800125 0.03445899114012718 0.030231505632400513 0.04251624643802643 0.012947839684784412 0.06033720821142197 -0.05985492095351219 0.09462938457727432 0.08706551045179367 0.08285873383283615 -0.017195414751768112 0.023831281810998917 0.02702989988029003 -0.0020549213513731956 0.019490361213684082 0.0854758769273758 0.06654087454080582 0.019710319116711617 0.05366617813706398 -0.0039541288278996944 0.03863406553864479 0.007200254127383232 -0.013262390159070492 0.000536743551492691 0.013557796366512775 -0.017422979697585106 -0.044389937072992325 0.0030353383626788855 0.05823889374732971 -0.0023710872046649456 0.08318736404180527 0.0688008964061737 0.07992998510599136 0.06189192831516266 0.11698464304208755 -0.01091345027089119 0.03597628325223923 -0.007602622266858816 0.029064033180475235 0.0168010126799345 -0.0675099566578865 0.0553547665476799 0.10112295299768448 0.08825269341468811 0.019847447052598 0.02287011221051216 0.06625745445489883 0.010020568035542965 0.05550166964530945 0.031033167615532875 -0.02121499553322792 -0.008657673373818398 0.029597533866763115 0.07208374887704849 0.08816740661859512 0.07701614499092102 0.0619172528386116 0.034730613231658936 0.0159465279430151 0.05679533630609512 0.09985238313674927 0.022176334634423256 -0.008578211069107056 0.010872778482735157 0.06802262365818024 0.09489381313323975 0.02871134504675865 -0.029239239171147346 0.011613530106842518 0.015050475485622883 0.16615568101406097 -0.03184538334608078 -0.005590561777353287 -0.037136010825634 -0.062339723110198975 -0.042988698929548264 -0.03863408416509628 -0.01259344257414341 -0.02324371598660946 -0.032518014311790466 0.008474676869809628 -0.04784359410405159 -0.040818795561790466 0.12989215552806854 -0.007293897680938244 -0.018491726368665695 0.1365954726934433 -0.02975953184068203 -0.02510298229753971 -0.020105889067053795 0.03647619113326073 -0.0075932517647743225 -0.03941492363810539 -0.012520425021648407 0.0610097274184227 -0.008068444207310677 -0.07355759292840958 -0.000139984127599746 -0.004183885175734758 0.1205935850739479 0.07224089652299881 -0.02422030083835125 0.07637377083301544 0.0051992288790643215 0.06354103982448578 0.008884741924703121 -0.04791022837162018 -0.04637801647186279 -0.001928470330312848 -0.006931971292942762 -0.0393696203827858 0.007411978207528591 0.023433743044734 0.08635211735963821 -0.037155911326408386 0.14007623493671417 -0.016947142779827118 -0.051449764519929886 -0.03632383421063423 -0.03928539156913757 -0.006280137691646814 -0.016367051750421524 -0.0006448673666454852 0.017514193430542946 -0.06990765035152435 -0.004844705108553171 0.07266199588775635 0.03673766180872917 -0.030565250664949417 -0.006873243488371372 0.0438532829284668 0.05733337998390198 0.014472030103206635 0.025635484606027603 -0.016901057213544846 0.012864217162132263 0.005641068797558546 0.0673111230134964 0.020004266873002052 0.04011694714426994 0.023020492866635323 0.01966177113354206 0.051143400371074677 0.0866122916340828 0.041928283870220184 0.030146561563014984 0.02390727587044239 0.012927030213177204 0.021999705582857132 0.022847432643175125 -0.012763646431267262 0.03891463950276375 0.07990523427724838 0.0622418187558651 -0.013996350578963757 0.0022209815215319395 0.03433872014284134 0.010065244510769844 0.026165306568145752 0.02456473372876644 0.016000885516405106 0.005513950251042843 0.059875741600990295 -0.025408530607819557 -0.012537251226603985 0.0238119475543499 0.05891735106706619 0.08903852850198746 -0.0092586949467659 0.02281535416841507 0.044949181377887726 0.04873991757631302 0.013458524830639362 0.023721862584352493 0.05180802568793297 -0.008050006814301014 -0.00876093003898859 -0.0018503488972783089 0.030220285058021545 -0.031175440177321434 0.033620528876781464 0.023425159975886345 0.01868542656302452 0.024115364998579025 0.010363370180130005 0.03461820259690285 0.06657300144433975 0.0005091651109978557 0.04350009560585022 0.02759385108947754 -1.7609163016629736e-09 2.3120778902541161e-10 1.0971488932404547e-18 1.1835714699981459e-11 7.413730185312772e-10 9.141585906036198e-07 -8.129657481084652e-28 -1.0893280093064728e-13 -2.8482452704150455e-15 -1.6265802723833267e-12 6.470005331493667e-08 -2.39217960761387e-13 3.0331225270123496e-13 2.4508306495363286e-10 1.195041647861217e-07 1.779998999758281e-12 1.292677492825689e-10 -6.506577499010291e-09 3.4750229360724916e-08 -5.024798072338641e-15 -1.7753043479729058e-10 8.164701689261991e-14 -6.246836137561648e-14 -1.3057027681284694e-09 1.232523750925493e-26 1.9966219788614126e-09 1.698897023061363e-08 2.104240763856069e-07 -4.5467770173890365e-12 7.709350757068023e-05 2.1984567351264125e-14 1.55247731337127e-10 2.7387020992366727e-16 4.731293401505354e-08 -1.608006101605497e-07 2.1982131670483795e-08 1.2365222801236087e-07 -1.0186427541042636e-14 -1.345699082770025e-25 7.795026846224573e-10 -4.875782069757584e-11 1.209911060229274e-10 -3.9958372710906936e-14 2.1041033498869766e-12 7.222488562774743e-08 1.1451985137966858e-08 -4.11576062120389e-09 1.517670322748188e-09 -6.657128732816264e-14 5.476680307175963e-12 -5.458342453670381e-29 -8.08480005165535e-10 7.824647149785742e-20 -4.5057887136006405e-14 8.68889890592861e-11 4.1665061871754006e-06 2.2389295055033386e-19 2.583057032157221e-12 6.71864603882244e-12 1.7691917264528456e-07 2.7852322878607616e-11 -5.743694416431152e-16 9.814169921185112e-09 -3.763142073886887e-15 -0.06790319085121155 -0.06810853630304337 0.03509319946169853 0.13012570142745972 0.0006493519758805633 0.005116143263876438 -0.01622825302183628 -0.06302427500486374 0.1513022631406784 -0.036772891879081726 -0.0029939336236566305 0.0036987680941820145 -0.07765126973390579 -0.048926882445812225 -0.06007012352347374 -0.001900936709716916 -0.08364507555961609 -0.00836980901658535 0.07251065224409103 -0.01421559602022171 -0.03338875621557236 0.12187641859054565 -0.04366644099354744 -0.06536661088466644 0.12194616347551346 -0.008871827274560928 0.01243039220571518 -0.09817347675561905 0.02445969730615616 0.04195565730333328 -0.035919275134801865 -0.005118816625326872 0.05177217349410057 0.008569536730647087 -0.05338447540998459 0.017003439366817474 -0.031804174184799194 0.16613635420799255 0.16199301183223724 -0.0006340250838547945 0.040427230298519135 0.04640664532780647 0.10862726718187332 -0.000299248902592808 -0.07008498162031174 -0.03292718529701233 0.0028846932109445333 0.04631474241614342 -0.07477565109729767 0.012470357120037079 -0.01699419692158699 0.09310340881347656 0.00990020390599966 0.04896431043744087 0.03577958047389984 0.011893436312675476 -0.04409020394086838 0.020221997052431107 -0.004062686115503311 0.056301362812519073 0.010592819191515446 -0.026685241609811783 -0.019475813955068588 -0.0009200979839079082 0.06275131553411484 0.08113287389278412 -0.003423779271543026 -0.0166176725178957 0.06223149970173836 0.035649217665195465 0.004032843746244907 0.07384215295314789 -0.038221873342990875 0.024219710379838943 0.08463367819786072 0.08909403532743454 0.07916362583637238 -0.006604671478271484 -0.0018123920308426023 -0.008228285238146782 0.07444950193166733 0.08985967934131622 0.06719069927930832 0.05767301097512245 0.05982425436377525 0.021979769691824913 0.09482390433549881 0.007326202467083931 0.02028699405491352 0.04716479405760765 -0.000536232371814549 0.08816897124052048 -0.01570143736898899 0.11798583716154099 0.012897082604467869 0.057095810770988464 0.020389700308442116 0.0216510146856308 0.09561510384082794 0.05610432103276253 0.06804804503917694 -0.038787227123975754 -0.01568393036723137 0.05350152403116226 -0.0005742724752053618 0.0717664435505867 -0.059373803436756134 0.056810855865478516 0.0948345810174942 0.015681283548474312 0.05386119708418846 0.08900228887796402 0.06416461616754532 0.09772338718175888 -0.011183120310306549 -0.04431755095720291 0.020904945209622383 0.01331782341003418 0.11395179480314255 0.057350024580955505 -0.007521799765527248 -0.007749785203486681 0.053905680775642395 0.09922284632921219 -0.01109000388532877 0.08997958898544312 0.02840111404657364 0.014465023763477802 0.07469626516103745 0.06827449053525925 -0.06450366973876953 0.03974280506372452 0.06461299955844879 0.06654945015907288 0.09216082096099854 0.025341590866446495 -0.05423765629529953 0.07363330572843552 0.0425560288131237 0.05087275058031082 0.0020840761717408895 0.05464206635951996 0.045570921152830124 0.03773755207657814 0.04221233353018761 -0.0011153825325891376 -0.00436613941565156 0.010313733480870724 0.047231175005435944 -0.02372751012444496 0.03746260702610016 0.10283803194761276 -0.0368121936917305 0.03645823150873184 0.004995849449187517 0.05457674339413643 0.03017893247306347 0.08452804386615753 -0.004531012382358313 0.03001398779451847 -0.007638456299901009 0.024584457278251648 0.12654638290405273 0.08576653897762299 0.02876826748251915 -0.05748315155506134 0.014456821605563164 0.05476416274905205 0.07211228460073471 0.061070919036865234 -0.011451732367277145 0.052927881479263306 0.06526866555213928 -0.007870404981076717 0.031021974980831146 0.025428196415305138 0.03243571147322655 0.08124665915966034 -0.015938084572553635 0.07752837985754013 0.07955829799175262 0.04504667595028877 0.06952637434005737 0.04851618781685829 0.10323140025138855 0.06033463031053543 0.04255683720111847 0.044830042868852615 0.03439926356077194 0.02899593487381935 0.048144396394491196 0.09648532420396805 -0.055162422358989716 -0.02790156565606594 0.08285760134458542 0.014087699353694916 -0.06611951440572739 -0.09884334355592728 -0.09681405872106552 -0.09915665537118912 0.10973091423511505 -0.1679375022649765 0.0063282186165452 -0.015222894959151745 -0.11743307113647461 -0.012928111478686333 -0.035388119518756866 -0.05401915684342384 -0.05990884453058243 -0.07940574735403061 -0.05684688314795494 -0.007172165904194117 -0.10517526417970657 0.11020626872777939 -0.09716174006462097 -0.07650446146726608 0.08589452505111694 -0.12081707268953323 -0.17476849257946014 -0.05519963800907135 0.06195800006389618 -0.16841737926006317 -0.0078182527795434 -0.07487118244171143 -0.050066303461790085 -0.05239163711667061 -0.042252734303474426 0.021468479186296463 -0.07258783280849457 0.1482081264257431 0.04126833751797676 0.012589444406330585 0.07077514380216599 -0.042132191359996796 0.16442009806632996 -0.08014846593141556 -0.06022015959024429 -0.04673313349485397 -0.022069493308663368 -0.09406561404466629 -0.0722985565662384 0.0735078901052475 0.08080251514911652 0.11114319413900375 0.02376234345138073 0.05992622673511505 -0.1228492334485054 -0.010857321321964264 -0.06426236778497696 -0.01993696205317974 -0.08872967213392258 -0.049965985119342804 -0.08473987132310867 -0.061744000762701035 0.005017457529902458 -0.06204182282090187 -0.02347026765346527 -0.01162060908973217 -0.013147887773811817 -0.02999623864889145 0.00881219282746315 -0.007485031615942717 -0.024318546056747437 0.0032695799600332975 -0.017332861199975014 -0.019785702228546143 0.009827024303376675 0.03385566920042038 0.018170444294810295 0.0024380225222557783 -0.022257423028349876 0.01981079950928688 -0.007838769815862179 -0.044553402811288834 0.01538783311843872 0.0012237904593348503 0.030110958963632584 0.0009725756826810539 -0.01849191263318062 -0.023594247177243233 -0.005420927423983812 0.014211852103471756 -0.04305119067430496 -0.027948254719376564 -0.028082331642508507 -0.03570806607604027 0.031189266592264175 -0.014678831212222576 -0.008429239504039288 -0.038395389914512634 -0.002978460630401969 -0.01032222155481577 -0.016810107976198196 -0.00491082901135087 -0.004832683131098747 0.013202492147684097 -0.02580357901751995 0.04198531433939934 -0.019103804603219032 0.019292008131742477 0.03725272789597511 -0.007202985696494579 0.01723470538854599 -0.035608310252428055 0.0048836953938007355 0.020003341138362885 -0.020787101238965988 0.03690329194068909 -0.019968925043940544 0.026221411302685738 0.005113409832119942 0.019419211894273758 0.050182901322841644 -0.015152230858802795 -0.0296712014824152 0.025479186326265335 0.04306643083691597 -0.028195947408676147 0.023168666288256645 -0.0009187579853460193 0.036486413329839706 0.06017828732728958 -0.017964012920856476 -0.02446204237639904 0.013739603571593761 0.03839040920138359 0.11087458580732346 0.0976722240447998 -0.0038877015467733145 0.08831743150949478 0.08626537770032883 0.038014475256204605 0.0671016126871109 0.07183808833360672 0.0723605528473854 0.037172410637140274 -3.3322430681437254e-06 0.11100144684314728 0.0186929889023304 0.0958562046289444 0.049105241894721985 -0.01876893825829029 0.024740807712078094 0.05883082002401352 -0.02187681756913662 0.02736262045800686 0.0647890493273735 0.10265643894672394 -0.0042014229111373425 0.024175800383090973 0.04678549990057945 0.03143835440278053 -0.004109784960746765 0.08131279051303864 0.09721166640520096 0.08470079302787781 0.077219158411026 0.00579988956451416 0.048070114105939865 0.016400933265686035 -0.01768554002046585 0.14054353535175323 -0.0102336835116148 0.004651145543903112 0.1257086545228958 0.007550469134002924 0.00855693593621254 0.048349834978580475 0.1062786877155304 -0.00912544783204794 0.02392474189400673 0.002777830231934786 0.08920305222272873 -0.027974553406238556 0.024479564279317856 0.025692427530884743 0.06680493801832199 0.08782767504453659 0.04483303055167198 0.01676040142774582 0.040640391409397125 0.048133086413145065 0.019668616354465485 0.11280128359794617 -0.013129303231835365 -0.03078562580049038 0.018744511529803276 0.00932928267866373 0.007238900288939476 -0.030480684712529182 0.00964518915861845 -0.01816285215318203 0.010069586336612701 -0.05881986767053604 -0.022324727848172188 -0.010726694948971272 -0.009424164891242981 0.005332518834620714 0.04189828783273697 0.005429991986602545 -0.040566764771938324 0.02625741809606552 -0.03596194460988045 -0.02372000552713871 -0.011991252191364765 0.02374456077814102 -0.04721813648939133 0.0027209194377064705 0.05792940780520439 0.012761242687702179 -0.04515695199370384 -0.03235588222742081 0.01770094223320484 -0.0039057054091244936 0.025085637345910072 -0.030674032866954803 0.0009472379460930824 -0.01573369838297367 0.03198419511318207 -0.026225702837109566 0.02603592537343502 0.021523183211684227 0.03251492232084274 -0.0030374210327863693 -0.028386574238538742 -0.03856712207198143 -0.002763361670076847 -0.012751114554703236 0.032325562089681625 0.01582152768969536 0.0384492389857769 -0.0009832179639488459 -0.01629219762980938 0.032461199909448624 0.05525856092572212 0.04267919063568115 -0.0010304045863449574 0.03549529239535332 -0.05401540547609329 0.008440912701189518 0.050735726952552795 0.02117067389190197 0.03649485483765602 -0.017348723486065865 0.02943623624742031 0.0006757874507457018 0.003489741822704673 -0.0025387138593941927 0.09067065268754959 0.06470858305692673 0.0030510725919157267 -0.04242005571722984 0.0033261352218687534 0.1033497229218483 0.03867916390299797 0.046512335538864136 -0.011387727223336697 0.03039846010506153 0.08321422338485718 0.06419529765844345 0.0356350913643837 0.06827455759048462 0.03562988340854645 0.05437584966421127 0.02072722092270851 0.09534305334091187 0.05242135748267174 0.0621742308139801 0.0395527221262455 0.005654335021972656 0.035278379917144775 0.09282264113426208 0.0028571151196956635 0.04310552030801773 0.060527119785547256 0.09287024289369583 -0.02369857020676136 0.11740922182798386 0.05037612468004227 0.06133493408560753 0.05934802070260048 0.08479765057563782 0.03236919268965721 0.04309144616127014 0.10146097093820572 0.032439395785331726 0.011080410331487656 0.037338439375162125 0.01666533201932907 0.13065043091773987 -0.039554838091135025 0.022628508508205414 0.051441848278045654 0.08865892142057419 0.004959019832313061 0.06912275403738022 0.08638457953929901 0.04408494755625725 -0.004544813185930252 -0.002799771260470152 0.04836737737059593 -0.04577673599123955 0.022157056257128716 0.08875758945941925 0.03774247318506241 0.06041394919157028 0.036598362028598785 0.04248272255063057 0.03654451668262482 0.04595288634300232 0.06124429777264595 0.07745692878961563 0.030001752078533173 -0.05430716648697853 0.0203395988792181 0.08195752650499344 0.04474957659840584 -0.04139716178178787 2.8192225727252662e-05 0.014348559081554413 0.12293737381696701 0.0344662070274353 -0.044928304851055145 -0.06030859425663948 -0.05257466435432434 -0.039915844798088074 -0.07020547240972519 -0.009612650610506535 -0.005608325824141502 0.010411230847239494 -0.02600768581032753 -0.03673282265663147 -0.02332884445786476 0.1173141822218895 -0.022622000426054 -0.016006391495466232 0.15591870248317719 -0.010342263616621494 -0.0574364997446537 -0.03858582302927971 0.0675283819437027 0.032092224806547165 -0.003775931429117918 -0.03867494687438011 0.03732389211654663 -0.03807409107685089 -0.04500621184706688 -0.007178418338298798 0.013800932094454765 0.16873596608638763 0.08818230777978897 -0.025030240416526794 0.03390331193804741 -0.024285489693284035 0.09628958255052567 -6.86186394887045e-05 -0.055461812764406204 -0.031515445560216904 0.006987995468080044 -0.010560715571045876 -0.041004665195941925 -0.000264804984908551 0.0499308705329895 0.08677748590707779 -0.030863532796502113 0.07731380313634872 -0.011179111897945404 0.00440233713015914 -0.02125345543026924 -0.043297652155160904 -0.03955661505460739 -0.02087911032140255 -0.04779207333922386 0.07741712033748627 -0.058903567492961884 0.042969174683094025 0.06624242663383484 0.054734621196985245 -0.033954933285713196 0.009802868589758873 0.03996844217181206 0.05459420755505562 0.04154141992330551 0.05051884055137634 -0.00500696524977684 0.028720546513795853 0.02336250990629196 0.06342169642448425 0.04708651825785637 0.03096170350909233 0.056196801364421844 0.02994459494948387 0.02526801824569702 0.030123189091682434 0.026697641238570213 0.04347064718604088 0.03237219154834747 0.0003854935639537871 0.039358362555503845 0.03523602336645126 -0.009973238222301006 0.04132349416613579 0.0765388160943985 0.04193538799881935 -0.005679566878825426 0.009665843099355698 0.02901627868413925 0.020351404324173927 0.03661084175109863 0.028166189789772034 0.07343706488609314 0.01783319190144539 0.037997499108314514 -0.03945092111825943 -0.0017311021219938993 0.039187829941511154 -0.006157484836876392 0.03769710659980774 -0.02724398300051689 0.022995738312602043 0.031558193266391754 0.05521779879927635 0.02036438137292862 0.03210081905126572 0.03300417959690094 0.0006271651363931596 0.012527215294539928 0.014186130836606026 0.04191401228308678 -0.007128443103283644 0.019345736131072044 0.062452178448438644 0.015352324582636356 0.026245353743433952 0.030491050332784653 0.034284498542547226 0.02677171304821968 0.01483019720762968 0.0387195460498333 0.01208632905036211 0.06636270880699158 0.024957366287708282 -0.06136849522590637 0.014734256081283092 -0.007052032742649317 0.052743878215551376 0.07127506285905838 0.019854264333844185 0.0021896888501942158 0.018476344645023346 0.05994204804301262 0.017413459718227386 0.026364026591181755 0.04958324506878853 0.02888765186071396 0.06416673213243484 0.09597140550613403 0.016342079266905785 0.010585377924144268 0.0807805061340332 0.06265730410814285 0.012364489957690239 0.05600479990243912 0.037521760910749435 -0.011544386856257915 0.05982022359967232 0.07323712110519409 0.057855166494846344 0.01832260750234127 0.04172680154442787 0.026954900473356247 0.011556066572666168 0.016664503142237663 0.08347379416227341 0.0888650193810463 0.004735955502837896 0.11722932010889053 0.022551612928509712 0.006517809350043535 0.03347300365567207 0.054356154054403305 0.05557471886277199 -0.08011778444051743 0.0026551366318017244 0.04889693111181259 0.07658697664737701 0.0421743206679821 0.03360315039753914 0.09511548280715942 0.04673067852854729 0.0068749189376831055 -0.0014397517079487443 0.06007963791489601 -0.0019868433009833097 0.07713126391172409 0.06738019734621048 0.07775720953941345 0.053266484290361404 0.038293879479169846 0.08703698217868805 0.09091313183307648 0.03674623742699623 0.07718821614980698 0.033252570778131485 -0.017832394689321518 0.045513689517974854 0.05252683535218239 0.07559289783239365 0.04375285282731056 0.022486507892608643 -0.018867135047912598 -0.03105674684047699 0.018010858446359634 0.014583161100745201 0.04298846051096916 0.037140678614377975 0.0318664088845253 0.015407395549118519 -0.011863047257065773 0.01185576617717743 0.0316644012928009 -0.01114620454609394 0.056327175348997116 -0.0502774678170681 -0.0060639167204499245 0.07036130130290985 0.019391164183616638 -0.04880763217806816 0.017611302435398102 -0.012702537700533867 -0.036724235862493515 -0.053178977221250534 0.010290325619280338 -0.04183673858642578 -0.0010964447865262628 0.03430101275444031 -0.024241343140602112 -0.03778468817472458 0.030459020286798477 -0.04649481177330017 -0.02937079593539238 0.023098716512322426 0.043092258274555206 -0.027340702712535858 0.0010016808519139886 -0.022289009764790535 0.08884565532207489 -0.016227906569838524 -0.021983182057738304 -0.05379663407802582 -0.02424113266170025 0.003972202073782682 0.02622911147773266 -0.05134231224656105 -0.0056107742711901665 0.07010110467672348 -0.034685757011175156 0.03947114944458008 0.025709770619869232 -0.06392459571361542 0.031698666512966156 0.017301874235272408 -0.005976325366646051 -0.03831219673156738 -0.06348342448472977 -0.011771857738494873 -0.013198848813772202 -0.04604749009013176 0.05010133981704712 0.08224135637283325 0.011311831884086132 -0.00442308047786355 0.0337500236928463 0.07155948132276535 0.07487203180789948 0.04903264343738556 -0.0004440738121047616 0.019977817311882973 0.07229294627904892 0.02033247798681259 0.023398272693157196 0.05742628127336502 0.08283242583274841 0.05238757282495499 0.07668090611696243 0.10771308094263077 0.016546033322811127 0.07685142755508423 0.09054393321275711 -0.012575788423418999 0.04269145429134369 0.07904954999685287 0.04311416670680046 0.03914276137948036 0.05667329579591751 0.09009276330471039 0.014390158466994762 0.0700797587633133 0.02258332446217537 0.027536500245332718 0.018220895901322365 0.03296281024813652 0.0832274854183197 0.01913224719464779 0.03595615178346634 -0.03716222196817398 0.0475115068256855 0.044403113424777985 0.057953860610723495 0.05980166047811508 -0.07344251871109009 0.053267158567905426 0.04210859164595604 0.03447167947888374 0.026156237348914146 0.037205398082733154 0.043460674583911896 0.06504614651203156 -0.024766597896814346 -0.0076071820221841335 0.030291257426142693 -0.03199294954538345 0.0330321379005909 0.06258092075586319 0.03155737742781639 0.049591898918151855 0.02480318397283554 0.05505113676190376 0.08194585889577866 0.008278315886855125 0.09121439605951309 0.02859809808433056 0.07536312192678452 0.08055203408002853 -0.03285208344459534 0.004173124209046364 -0.009274324402213097 0.03986743837594986 0.02360917627811432 0.013545038178563118 0.020530859008431435 0.08974960446357727 0.03886562958359718 0.020391011610627174 0.07086899131536484 0.04553235322237015 0.027631234377622604 0.06128234416246414 0.05994863063097 0.07918055355548859 -0.00439846608787775 0.048572853207588196 0.07960887998342514 -0.015445316210389137 0.1130344420671463 0.06770629435777664 -0.017178116366267204 0.07255546003580093 0.10941369831562042 0.037171393632888794 0.009459288790822029 0.010627866722643375 0.021652549505233765 0.016668884083628654 0.018148336559534073 0.0757761225104332 0.10311448574066162 0.015253998339176178 0.030341213569045067 -0.05393841117620468 0.048681389540433884 0.042317990213632584 0.012544157914817333 0.05721070244908333 -0.0539720356464386 0.046191297471523285 0.09924440085887909 0.053378742188215256 0.0017476498614996672 0.07249496132135391 0.037278611212968826 0.05755186453461647 -0.016132749617099762 0.03395115211606026 0.08327756077051163 0.01419610995799303 0.05418557673692703 0.07429689168930054 0.028351467102766037 0.04765966907143593 0.05498398095369339 0.014097786508500576 0.014634573832154274 0.051706962287425995 0.06763973087072372 0.046523820608854294 0.011332275345921516 -0.0047467914409935474 -0.006015887018293142 -0.00817364826798439 -0.014522970654070377 -0.004034508019685745 -0.010976314544677734 0.014495245181024075 -0.00885879248380661 0.005355643108487129 0.003943910822272301 0.005081774666905403 -0.0024634485598653555 -0.0012908666394650936 -0.0020901765674352646 -0.0012047577183693647 0.0038167512975633144 0.025048214942216873 -0.006251643877476454 0.005956627428531647 -0.0029708894435316324 -0.009988505393266678 0.0055137621238827705 0.0009175284649245441 -0.0008681407780386508 -0.00014471757458522916 -0.016001107171177864 -0.009385218843817711 0.003161252709105611 -0.011907076463103294 0.0032122451812028885 -0.005173992831259966 -0.004056204576045275 -0.0062643177807331085 0.0011263710912317038 -0.006266841199249029 0.012295089662075043 -0.009248207323253155 0.0006172935827635229 -0.008878237567842007 -0.01696288026869297 -0.009986313991248608 0.004348946735262871 -0.006955952849239111 -0.011022291146218777 -0.0008507874445058405 -0.004035887774080038 0.0021557433065027 -0.002886248519644141 -0.006564134731888771 -0.00690080039203167 -0.013397252187132835 -0.005899681244045496 -0.0052944994531571865 0.0027660527266561985 -0.013356354087591171 -0.00827321968972683 -0.003761228872463107 -0.0005754632875323296 -0.013222048990428448 0.007762559689581394 -0.00027038867119699717 0.0070402114652097225 -0.0016850418178364635 0.05869419500231743 0.06688981503248215 -0.048882562667131424 0.021483106538653374 0.010343403555452824 0.05669918283820152 0.033325184136629105 0.035366374999284744 -0.004320869222283363 0.05703052133321762 0.03932653367519379 0.06447067856788635 0.05505474656820297 0.03920499235391617 0.05881212651729584 0.03667151927947998 0.036064889281988144 0.06264494359493256 0.01588774099946022 0.056499116122722626 0.049544889479875565 -0.04001149907708168 0.0538945235311985 0.06599756330251694 -0.004237071610987186 0.03624153882265091 0.06676701456308365 0.03614935651421547 0.0022010537795722485 0.05933498591184616 0.04574273154139519 0.026344122365117073 0.044240958988666534 0.05376328155398369 0.07634080201387405 0.04431061074137688 0.0325101763010025 -0.011913126334547997 0.0211434718221426 0.04049394279718399 0.027255050837993622 0.05767574906349182 -0.044992752373218536 0.0413404256105423 0.07692033797502518 0.03307988867163658 0.023370228707790375 0.04428961127996445 0.04075011983513832 0.041918132454156876 -0.0035335589200258255 -0.01664728857576847 0.05406983196735382 -0.033828310668468475 0.04445073381066322 0.04395703226327896 0.046270180493593216 0.038446612656116486 0.03167654946446419 0.034858424216508865 0.03857825696468353 0.018230140209197998 0.0559166744351387 0.05065697059035301 0.04809815064072609 0.03656201809644699 -0.03152099996805191 -0.018928764387965202 0.021347682923078537 0.0710262805223465 0.04685578495264053 0.03613997995853424 0.02637983299791813 0.06705852597951889 0.03749364987015724 0.08374428004026413 0.0584469735622406 0.04233752563595772 0.03939875587821007 0.04322776570916176 0.051241036504507065 0.07811719179153442 0.038542021065950394 0.0514880046248436 0.041031379252672195 -0.04094666615128517 0.04717184975743294 0.04725804924964905 0.010908370837569237 0.049852073192596436 0.08754928410053253 0.04924821853637695 -0.005647257901728153 0.051541849970817566 0.0387926921248436 0.02406241185963154 0.04784228280186653 0.05387553200125694 0.050335340201854706 0.04171903803944588 0.05876043066382408 -0.01419486291706562 0.04422289505600929 0.024314846843481064 0.01872766576707363 0.08349534869194031 -0.05219206586480141 0.05423637852072716 0.05415453761816025 0.05421636253595352 0.022198112681508064 0.05829906836152077 0.04602304846048355 0.03198094293475151 -0.004215095192193985 -0.004054557532072067 0.050489652901887894 -0.016563644632697105 0.07968965172767639 0.060250841081142426 0.03713007643818855 0.04020235314965248 0.026485901325941086 0.028197964653372765 0.050993096083402634 0.024900121614336967 0.07168348133563995 0.05427735298871994
b2 64
-0.0012685774127021432 0.05970822647213936 -0.0179741233587265 0.09602202475070953 0.09657566249370575 0.11547625064849854 0.06712675839662552 0.03681023791432381 -0.027747659012675285 0.0935148149728775 -5.7502753669780304e-09 0.07031698524951935 0.07893534004688263 0.01174174714833498 0.07797738909721375 0.1311410814523697 0.13313785195350647 0.0058889929205179214 0.04341384768486023 0.11099449545145035 -0.013735946267843246 0.12745802104473114 0.13382136821746826 0.10404270887374878 0.029675092548131943 0.04202355816960335 0.05192824453115463 -0.028686540201306343 0.11431191116571426 0.0001652348873903975 0.04190573841333389 0.04018579050898552 -0.02064703404903412 0.029928794130682945 0.11000867187976837 -0.015215267427265644 0.09051373600959778 0.004841353744268417 -0.018033193424344063 -0.017909225076436996 -0.01649070717394352 0.07037239521741867 -0.021932538598775864 0.1347697675228119 0.10700509697198868 0.12431579828262329 -0.0010125820990651846 0.03292297571897507 0.10988491028547287 0.01802019216120243 -0.11354424059391022 -0.022847646847367287 -0.00856812484562397 -0.08987946808338165 -2.7664864319376647e-05 0.08039271086454391 0.08687140792608261 0.03872012719511986 0.015404239296913147 0.06544683873653412 -0.00466527184471488 0.005510574206709862 0.15555411577224731 0.03640886768698692
W3 64
-0.0004582296242006123 0.22552338242530823 -0.22384172677993774 -0.1168966144323349 -0.07990744709968567 0.2876478135585785 0.16354204714298248 -0.1961524337530136 0.010678546503186226 0.1957908570766449 -8.230852108681574e-05 0.20093797147274017 -0.24314963817596436 -0.11811545491218567 -0.05336514115333557 -0.15928882360458374 -0.18278369307518005 0.2830316126346588 -0.1603945940732956 -0.11523182690143585 -0.20623226463794708 -0.19621245563030243 -0.13455979526042938 -0.10023723542690277 0.1424599289894104 0.1999119371175766 -0.17042027413845062 -0.20004874467849731 0.24017588794231415 -3.225642558390973e-06 0.08093640953302383 -0.18624576926231384 0.2674202620983124 -0.160004660487175 -0.19806475937366486 -0.14587891101837158 -0.16341404616832733 -0.14279061555862427 0.3711352050304413 0.2593318223953247 0.05821593105792999 -0.22687871754169464 0.06360593438148499 -0.1682031750679016 0.2086365520954132 -0.118740014731884 0.001332717016339302 0.21880684792995453 -0.17642968893051147 -0.15892627835273743 0.45131927728652954 0.08471675217151642 -0.2192685604095459 0.11294679343700409 -0.22550450265407562 0.23293879628181458 -0.1270741969347 -0.19544510543346405 0.11707475781440735 -0.1840417981147766 -0.1715167611837387 0.039724525064229965 -0.16378231346607208 -0.15988557040691376
b3 1
0.051971156150102615
feature_cols 104
t4_active t4_pm_min t4_pm_gap t4_pm_mean t4_pm_max t4_llr_abs_min t4_llr_abs_mean t4_llr_abs_max t8_active t8_pm_min t8_pm_gap t8_pm_mean t8_pm_max t8_llr_abs_min t8_llr_abs_mean t8_llr_abs_max t16_active t16_pm_min t16_pm_gap t16_pm_mean t16_pm_max t16_llr_abs_min t16_llr_abs_mean t16_llr_abs_max t32_active t32_pm_min t32_pm_gap t32_pm_mean t32_pm_max t32_llr_abs_min t32_llr_abs_mean t32_llr_abs_max t64_active t64_pm_min t64_pm_gap t64_pm_mean t64_pm_max t64_llr_abs_min t64_llr_abs_mean t64_llr_abs_max branch_0 branch_1 branch_2 branch_3 branch_4 branch_5 branch_6 branch_7 branch_8 branch_9 branch_10 branch_11 branch_12 branch_13 branch_14 branch_15 branch_16 branch_17 branch_18 branch_19 branch_20 branch_21 branch_22 branch_23 branch_24 branch_25 branch_26 branch_27 branch_28 branch_29 branch_30 branch_31 branch_32 branch_33 branch_34 branch_35 branch_36 branch_37 branch_38 branch_39 branch_40 branch_41 branch_42 branch_43 branch_44 branch_45 branch_46 branch_47 branch_48 branch_49 branch_50 branch_51 branch_52 branch_53 branch_54 branch_55 branch_56 branch_57 branch_58 branch_59 branch_60 branch_61 branch_62 branch_63
