input_dim 64
hidden 64
log_input 1
y_mean 7.842812538146973
y_std 10.571895599365234
x_mean 64
1.1628046035766602 1.2634745836257935 1.330484390258789 1.3790661096572876 1.417439341545105 1.4487085342407227 1.4760653972625732 1.5001699924468994 1.5225119590759277 1.542641520500183 1.5614901781082153 1.5789849758148193 1.5952202081680298 1.611066460609436 1.6259429454803467 1.6404855251312256 1.6546132564544678 1.6679919958114624 1.6806610822677612 1.692893385887146 1.7042006254196167 1.7158151865005493 1.727366328239441 1.7378790378570557 1.7481024265289307 1.7579768896102905 1.7673771381378174 1.7763729095458984 1.785294771194458 1.794006109237671 1.8025856018066406 1.8109511137008667 1.8190186023712158 1.8270983695983887 1.8347851037979126 1.8422805070877075 1.8499056100845337 1.8570855855941772 1.8641541004180908 1.8713399171829224 1.8786873817443848 1.8855247497558594 1.8925122022628784 1.8996411561965942 1.906477451324463 1.913503646850586 1.9205589294433594 1.9276790618896484 1.9344028234481812 1.9413838386535645 1.948511004447937 1.9558154344558716 1.963510513305664 1.971452236175537 1.979716181755066 1.988631010055542 1.9979115724563599 2.0075414180755615 2.0183210372924805 2.030217409133911 2.044064998626709 2.060598850250244 2.082427978515625 2.1170690059661865
x_std 64
0.28745636343955994 0.2833852767944336 0.2736739218235016 0.2666884958744049 0.2615741789340973 0.25788548588752747 0.2540367543697357 0.2509711980819702 0.24839290976524353 0.2453412413597107 0.24272674322128296 0.24006609618663788 0.23774248361587524 0.23577728867530823 0.23367133736610413 0.23119927942752838 0.22889888286590576 0.22652795910835266 0.22424869239330292 0.2219209372997284 0.21999573707580566 0.2172825187444687 0.21405287086963654 0.21177998185157776 0.20931249856948853 0.20710726082324982 0.2048739492893219 0.2027297168970108 0.20071908831596375 0.19835732877254486 0.19600056111812592 0.19318896532058716 0.1909288913011551 0.18853797018527985 0.18694473803043365 0.18485821783542633 0.18245674669742584 0.18053855001926422 0.1786947250366211 0.1765449494123459 0.17366541922092438 0.17174607515335083 0.1694972962141037 0.16663038730621338 0.1643296182155609 0.16166171431541443 0.15895530581474304 0.15653051435947418 0.1559082418680191 0.15433141589164734 0.15215134620666504 0.1505146324634552 0.14811106026172638 0.14579921960830688 0.14359179139137268 0.14042922854423523 0.13861064612865448 0.13730524480342865 0.13475002348423004 0.1319800615310669 0.12969176471233368 0.12538862228393555 0.12169871479272842 0.12179707735776901
W1 4096
0.13626067340373993 -0.008343805558979511 0.08531501144170761 0.1299138218164444 0.14150629937648773 0.05639559030532837 -0.0626131221652031 -0.06887386739253998 -0.09523232281208038 0.09716694056987762 -0.018084127455949783 -0.026881279423832893 0.06994466483592987 -0.11048151552677155 0.1146363765001297 0.04657985642552376 -0.06817326694726944 0.08519129455089569 0.07761242985725403 0.012614630162715912 0.04655091464519501 -0.0591152049601078 -0.1229558065533638 0.08391047269105911 0.02243976481258869 -0.0010855725267902017 0.020320387557148933 0.012971713207662106 0.0885549932718277 -0.02181478962302208 -0.01321812067180872 -0.0689626932144165 -0.026244722306728363 0.04408155009150505 0.11241915076971054 -0.07000798732042313 -0.09114378690719604 0.02957649901509285 -0.00919064600020647 0.11397737264633179 -0.0982317253947258 0.03124408796429634 -0.0562746562063694 0.08332496136426926 0.0024471443612128496 0.07075385004281998 -0.07642319798469543 0.06706923246383667 -0.11382486671209335 0.03925900533795357 -0.06513184309005737 -0.0751321092247963 0.05549626424908638 0.021804044023156166 -0.042343489825725555 -0.002208044519647956 -0.041104577481746674 -0.09932826459407806 0.05312512814998627 0.06696027517318726 -0.04847598820924759 -0.08821249008178711 -0.02101585827767849 0.07287963479757309 -0.01509292796254158 0.07558562606573105 0.0888507142663002 0.11040868610143661 -0.051924239844083786 -0.02273540012538433 -0.09570572525262833 0.05421994626522064 0.09075399488210678 -0.01114608533680439 0.0037557410541921854 -0.09958671033382416 -0.08738566190004349 0.0071885064244270325 0.059437885880470276 -0.05217793211340904 0.010292588733136654 -0.0874268040060997 0.005160592030733824 0.08900418877601624 0.007519133388996124 -0.03606034070253372 -0.05848662927746773 0.008630508556962013 -0.07200972735881805 0.03731836378574371 -0.09367799013853073 0.0014230061788111925 -0.06246134266257286 -0.00990530475974083 0.026314878836274147 -0.08793264627456665 0.060138966888189316 -0.0038430504500865936 -0.047381408512592316 -0.022564562037587166 0.08796310424804688 -0.017406277358531952 -0.04820627719163895 0.08433201164007187 0.012199616990983486 -0.020080190151929855 -0.08987791836261749 0.09798106551170349 -0.1278650462627411 0.026616627350449562 0.014519338496029377 0.09173906594514847 -0.007915337570011616 -0.07727315276861191 0.033555589616298676 0.0848054364323616 -0.08798082917928696 0.03157857432961464 0.07446453720331192 -0.022578541189432144 -0.017705639824271202 0.09996545314788818 -0.1019616425037384 -0.006957098376005888 0.022073164582252502 0.05951938033103943 0.065884530544281 0.038739994168281555 0.07534459233283997 0.01304551586508751 -0.1395994871854782 -0.030279099941253662 -0.03465323895215988 -0.033812735229730606 0.04319135844707489 0.08795700967311859 0.06910950690507889 0.01773662120103836 0.007876081392168999 -0.03419994190335274 0.07348384708166122 0.010255270637571812 -0.013727841898798943 0.030623577535152435 -0.007815955206751823 -0.041668567806482315 -0.06232016533613205 -0.05954468622803688 0.05625400319695473 0.06401287019252777 -0.0972314178943634 0.030771007761359215 0.020412882789969444 0.028075339272618294 0.005393411498516798 -0.01209495309740305 -0.07595454156398773 -0.05053514987230301 -0.08094286918640137 -0.08098148554563522 -0.08154895901679993 0.10084369033575058 -0.08167877048254013 0.08309100568294525 -0.0853506475687027 -0.10461092740297318 0.062955841422081 -0.018309857696294785 -0.0060152318328619 0.06825575977563858 -0.05070210248231888 -0.03905216231942177 0.01444542221724987 -0.0753297358751297 -0.05494394898414612 0.004681096412241459 -0.01843627169728279 0.10827625542879105 -0.02231331542134285 -0.012620058842003345 0.1071571484208107 0.030234338715672493 0.011142861098051071 -0.07109005749225616 0.0952046662569046 0.1298057734966278 -0.03252135217189789 -0.01938902959227562 -0.031874239444732666 0.011374358087778091 -0.010915618389844894 -0.0532400906085968 -0.041741978377103806 0.09959027171134949 -0.04084677994251251 -0.09260410815477371 -0.05798519030213356 -0.03209707513451576 -0.11921359598636627 -0.07293611019849777 -0.1421526074409485 -0.1438143402338028 0.06178358569741249 -0.06889282912015915 -0.0682881772518158 -0.01952049508690834 -0.10151878744363785 0.0881597027182579 0.11132413148880005 -0.0044158706441521645 0.04523228108882904 -0.007629459258168936 0.0014188708737492561 0.11834853887557983 0.06791370362043381 0.112201027572155 0.03347906097769737 -0.03967287763953209 -0.04470470920205116 0.08099929243326187 -0.0580437108874321 0.00401418237015605 0.08012741059064865 0.023501688614487648 0.020224593579769135 0.09589475393295288 0.04298785328865051 -0.05679444596171379 0.07393456250429153 -0.0758584588766098 -0.08692914992570877 -0.08201350271701813 0.037238456308841705 -0.020404642447829247 0.013232510536909103 -0.04781651869416237 -0.0266586821526289 -0.05523648113012314 -0.15161165595054626 0.0133590679615736 0.08367148041725159 0.08509726822376251 -0.13275305926799774 -0.09591935575008392 0.12599682807922363 0.07658146321773529 0.05569327250123024 0.10588201135396957 -0.1285974383354187 -0.061380334198474884 -0.13206863403320312 0.06283977627754211 -0.009529804810881615 -0.017070859670639038 0.003103672992438078 0.11463139951229095 -0.0552147775888443 -0.0561373345553875 -0.05251346156001091 -0.08145380020141602 -0.07605434954166412 -0.05866023525595665 -0.07224339246749878 0.10666536539793015 0.05076292157173157 0.0810897946357727 0.0021290851291269064 -0.03448672965168953 0.12023579329252243 -0.036389224231243134 0.013932487927377224 0.0522579625248909 -0.008706026710569859 0.14980579912662506 -0.0726425051689148 0.03609316051006317 -0.08863344043493271 -0.06826332956552505 0.085921511054039 -0.020007317885756493 -0.08382580429315567 0.04003350809216499 -0.1262373924255371 0.054757386445999146 0.040681760758161545 -0.058332525193691254 0.003439613152295351 -0.09272567182779312 -0.030070539563894272 0.08165120333433151 -0.042549505829811096 0.08351268619298935 -0.046959925442934036 0.062338121235370636 0.03026287816464901 0.08458779007196426 0.008603885769844055 -0.007913702167570591 -0.002537188120186329 -0.0469154417514801 0.16006353497505188 0.10571607947349548 -0.028872216120362282 0.05292649194598198 0.0783420205116272 0.1007312685251236 -0.0072982413694262505 0.008647558279335499 0.03762933239340782 -0.053953640162944794 0.08830027282238007 0.08597347885370255 0.11104688048362732 -0.0177724938839674 0.09336183965206146 0.08074816316366196 0.13234762847423553 0.05540664866566658 0.19072261452674866 0.15425318479537964 -0.12132631987333298 -0.0915527418255806 -0.14030514657497406 -0.06570041179656982 -0.08824990689754486 -0.03172404319047928 -0.15496300160884857 0.06740184128284454 -0.10623015463352203 -0.05609888210892677 -0.11129143834114075 -0.06644993275403976 -0.11094117909669876 -0.03808005899190903 -0.04688242822885513 -0.07921606302261353 -0.019971372559666634 0.08230387419462204 0.028094947338104248 -0.05808957293629646 0.09454002976417542 0.04545582830905914 0.08307208120822906 0.14556100964546204 0.05910542234778404 0.09040593355894089 0.0031094688456505537 -0.07910657674074173 0.04560594633221626 0.0555906742811203 0.013418108224868774 0.1408775895833969 0.052725374698638916 -0.010000504553318024 0.1411110758781433 -0.1008012518286705 0.07027769833803177 0.03642696887254715 -0.021603146567940712 0.07826557755470276 -0.040863554924726486 -0.07060592621564865 0.09815619885921478 0.004043842665851116 -0.052773430943489075 -0.048034798353910446 -0.07418890297412872 0.10014456510543823 0.011522127315402031 0.09248050302267075 0.003246959066018462 0.004777834285050631 -0.03583463653922081 -0.03049965389072895 0.030659478157758713 -0.04498664289712906 0.005950844381004572 -0.04153259098529816 -0.06916805356740952 0.07138672471046448 0.0013421856565400958 0.05224071815609932 0.04229109361767769 -0.0455852672457695 0.14016973972320557 -0.006157723721116781 0.10385698080062866 0.04203939065337181 0.014042403548955917 0.0794193223118782 0.04209315776824951 -0.07929562032222748 0.14102333784103394 0.06368961930274963 -0.030604904517531395 0.05009413883090019 -0.0520251989364624 -0.02599235251545906 -0.06858213245868683 -0.043552640825510025 0.11035417765378952 0.004980732686817646 -0.022376593202352524 0.00995546393096447 0.012055966071784496 0.07264701277017593 -0.008327270857989788 -0.01862528920173645 -0.030117064714431763 -0.10613203793764114 -0.10626328736543655 0.030048338696360588 -0.09102651476860046 -0.12854012846946716 -0.046279992908239365 -0.014714288525283337 0.018555648624897003 -0.02448921650648117 -0.10182175040245056 0.0521622933447361 -0.02200169488787651 -0.04260925576090813 0.017627030611038208 0.0211765319108963 0.05895440652966499 0.07779157906770706 -0.06945503503084183 -0.05691804736852646 0.12569613754749298 0.12227239459753036 -0.031074948608875275 -0.11659394204616547 -0.11436859518289566 -0.11090599745512009 0.013249322772026062 -0.025327838957309723 0.09563259780406952 -0.1131555587053299 0.06613147258758545 -0.06145620346069336 -0.03474048897624016 -0.07132978737354279 -0.08333957195281982 -0.0500883050262928 0.001042065443471074 -0.16213369369506836 0.06538157910108566 0.09624256938695908 0.14666010439395905 0.19366134703159332 0.1495581418275833 -0.09052103757858276 0.11910589784383774 -0.020808329805731773 0.05267457291483879 -0.08001618832349777 -0.09832888841629028 -0.055192336440086365 -0.10493192821741104 -0.044720131903886795 -0.08404665440320969 -0.10383565723896027 -0.07435448467731476 0.040126983076334 -0.10685127228498459 0.09314992278814316 0.07171119749546051 0.1255834549665451 0.005818759556859732 0.040337320417165756 -0.07374919205904007 0.05236472934484482 -0.0355648398399353 0.06229241192340851 0.07304266840219498 0.06835979223251343 0.06094438210129738 0.01283329725265503 -0.06652487814426422 0.0033190795220434666 0.09161030501127243 -0.07868175208568573 -0.012179969809949398 0.008522029034793377 -0.05335152521729469 -0.10237783938646317 0.08129239082336426 0.026770731434226036 -0.02815595269203186 0.07934759557247162 0.011023231782019138 0.05221466347575188 0.10782429575920105 0.07843510061502457 -0.022484058514237404 0.06705926358699799 0.013146614655852318 -0.07536190003156662 -0.08444800227880478 0.10270732641220093 0.09828495234251022 -0.09367792308330536 0.022707045078277588 -0.08483631163835526 -0.021232303231954575 -0.07345683127641678 0.01572267897427082 0.09602617472410202 -0.13437557220458984 -0.14431631565093994 -0.032724298536777496 -0.06475568562746048 -0.039864614605903625 -0.11658341437578201 -0.006831414066255093 0.12617023289203644 0.028986185789108276 -0.024760587140917778 -0.00249044643715024 -0.062273502349853516 -0.07912769913673401 -0.008120975457131863 -0.08786865323781967 -0.07535430788993835 -0.04739273712038994 0.008280705660581589 -0.09296195209026337 0.006156157702207565 -0.09913860261440277 0.10452521592378616 -0.03830696642398834 -0.1174008697271347 -0.06770128756761551 -0.000709007668774575 -0.024178847670555115 -0.0884101539850235 -0.05794264376163483 -0.07684198766946793 -0.14086773991584778 -0.009463706985116005 -0.09513150155544281 -0.11571178585290909 0.01965842768549919 -0.03755747526884079 0.10496153682470322 0.04756766930222511 -0.03654090315103531 0.08603938668966293 0.12613384425640106 -0.032951489090919495 0.03576783463358879 -0.0528649166226387 -0.09391897171735764 0.080082967877388 -0.04111934453248978 -0.024450508877635002 0.04360239580273628 0.006490324158221483 0.0810641348361969 -0.12004898488521576 0.061815813183784485 -0.014107868075370789 -0.06407462805509567 0.03356108069419861 0.09016084671020508 -0.009192286059260368 -0.0954824760556221 0.09746545553207397 -0.13022145628929138 -0.06633266806602478 -0.04002103954553604 0.14157743752002716 -0.08942998200654984 -0.02099304459989071 0.04009666666388512 -0.03011094592511654 -0.11580774188041687 -0.10737846791744232 0.08192400634288788 -0.03654506057500839 0.14331643283367157 0.0320463664829731 0.013250858522951603 -0.03741776570677757 -0.007171011064201593 0.03663398325443268 0.006792682223021984 -0.04318254813551903 -0.005597969982773066 -0.09839148074388504 0.09598433971405029 0.01741822622716427 -0.032269276678562164 -0.07468654960393906 -0.06469915807247162 -0.08504785597324371 -0.08865544945001602 0.06867602467536926 -0.0828632190823555 0.004345820285379887 -0.004098341800272465 -0.03693145513534546 0.05024423077702522 0.04533581808209419 0.005675499327480793 -0.1087569147348404 -0.004851995501667261 0.00788765400648117 -0.054020531475543976 0.03643600270152092 -0.09311214834451675 0.03958200290799141 0.18013130128383636 0.11667106300592422 0.15398406982421875 0.026251645758748055 0.012330870144069195 0.03712552413344383 -0.07450190931558609 0.1148730143904686 0.05493248999118805 0.071983203291893 -0.05129193514585495 0.024251246824860573 0.1325492411851883 0.13064943253993988 0.10411286354064941 0.07103979587554932 0.05972868949174881 -0.047762978821992874 0.1403648853302002 0.03545748442411423 -0.03728204593062401 0.10107202082872391 -0.1287267953157425 -0.02878597006201744 -0.040999457240104675 -0.12615180015563965 -0.046811386942863464 -0.017924318090081215 -0.11629083752632141 -0.08984053134918213 -0.06871595233678818 -0.17234790325164795 0.0006335420766845345 -0.13344985246658325 -0.07784271985292435 -0.12293286621570587 -0.08768763393163681 -0.07104115933179855 -0.08082226663827896 0.0129317007958889 -0.06288056075572968 -0.07783456146717072 0.05176656320691109 -0.0358918234705925 0.01348304096609354 0.008255671709775925 0.1290145218372345 0.1481274962425232 0.02023657038807869 0.003495005425065756 0.14562639594078064 0.0019817673601210117 -0.0012405980378389359 0.0862191841006279 0.1452724188566208 0.03700387105345726 -0.003946604672819376 -0.042585741728544235 0.05126224830746651 0.009272593073546886 -0.0299341082572937 0.1331925243139267 0.0732337087392807 0.020595507696270943 -0.007453542202711105 -0.09693566709756851 0.002790476195514202 -0.05138357728719711 0.0630100890994072 0.06742092967033386 -0.0964331105351448 0.05334736406803131 0.00736964913085103 -0.09533998370170593 -0.04863310977816582 0.017211277037858963 -0.10926234722137451 -0.09230028092861176 0.08184618502855301 -0.019484268501400948 -0.10659121721982956 0.06719864159822464 -0.05904470384120941 -9.679138020146638e-05 -0.07330840826034546 0.0030285471584647894 0.10806381702423096 -0.12675940990447998 0.061676986515522 -0.006799350958317518 -0.030715573579072952 -0.0326731912791729 0.14779843389987946 0.03773396834731102 -0.007287561893463135 -0.01607862114906311 -0.1452973634004593 -0.04443323239684105 -0.02420124039053917 -0.09804614633321762 -0.01236405223608017 -0.06794889271259308 -0.035179413855075836 -0.10024963319301605 -0.08890161663293839 -0.03713594377040863 -0.06098794564604759 0.026052970439195633 -0.04462020844221115 0.13254649937152863 0.07897959649562836 0.04082999750971794 0.05798651650547981 0.11271678656339645 0.043316539376974106 0.12253233045339584 0.08583062887191772 0.07988891005516052 -0.005675791762769222 0.10282573103904724 -0.022024700418114662 0.0763285830616951 0.038958802819252014 -0.02251061610877514 -0.09519509226083755 -0.006052249576896429 0.02593589387834072 -0.04810023680329323 -0.05363361909985542 -0.039638251066207886 -0.11753615736961365 0.023168811574578285 0.061362799257040024 0.0178072489798069 -0.009837869554758072 0.05195067450404167 -0.05119752511382103 -0.07939261943101883 -0.0928950235247612 0.030697854235768318 0.04025222361087799 -0.005827330984175205 -0.044182222336530685 0.07125361263751984 0.04644971340894699 -0.08744017779827118 -0.08562818169593811 -0.059269875288009644 -0.07562464475631714 0.044896163046360016 0.05072520673274994 0.0315885916352272 0.08376962691545486 -0.08412496000528336 -0.01701952889561653 0.04921227693557739 -0.13611863553524017 0.0019929150585085154 -0.08694680035114288 -0.043573569506406784 0.0776493176817894 -0.06974051892757416 0.04597904533147812 -0.0258040614426136 0.0270831435918808 -0.05040166154503822 0.024553515017032623 -0.07465487718582153 0.11357391625642776 -0.040110137313604355 0.11791033297777176 -0.07470458745956421 0.10765621811151505 0.03047950193285942 0.09511739015579224 -0.01807318441569805 -0.10827942937612534 -0.05416259542107582 0.08978883177042007 0.1662103831768036 0.021575642749667168 0.15367817878723145 4.37400012742728e-05 0.07990515977144241 0.1388157457113266 0.02094349078834057 0.05824774503707886 0.09858415275812149 0.014042721129953861 0.026761174201965332 0.07052105665206909 -0.06046733260154724 0.12977637350559235 0.116179920732975 0.07979578524827957 -0.03482597693800926 0.04533817991614342 -0.08263029158115387 0.0005681581096723676 -0.014862654730677605 0.07776806503534317 0.028834262862801552 0.036729369312524796 -0.06251370161771774 0.038187913596630096 -0.0865272581577301 0.10356379300355911 0.09547673910856247 0.04274945333600044 0.0016871007392182946 -0.09965632110834122 -0.0012944203335791826 0.012499580159783363 0.01299717091023922 -0.009609504602849483 -0.022066516801714897 -0.022329384461045265 0.04685010761022568 -0.124266117811203 -0.04315529391169548 0.01847352646291256 0.03541722893714905 0.1969481259584427 -0.06458194553852081 0.12834323942661285 0.045328132808208466 -0.05300871282815933 0.003002251498401165 0.040449146181344986 -0.037785306572914124 -0.09994722902774811 0.016934281215071678 -0.0286507960408926 0.05963969603180885 0.09487028419971466 0.030089227482676506 0.0577305443584919 0.07997163385152817 0.07119613140821457 -0.07524404674768448 0.11846404522657394 0.10960396379232407 0.017813602462410927 0.03742818161845207 -0.034895915538072586 -0.11993671953678131 0.112226702272892 -0.105465829372406 0.04974536970257759 -0.10708657652139664 -0.03737025335431099 -0.03216249868273735 -0.027377372607588768 -0.03617203235626221 -0.09181912988424301 0.018620235845446587 0.08007431775331497 -0.035357922315597534 0.039027489721775055 -0.07379531860351562 0.0619966983795166 -0.007062992081046104 -0.0373249351978302 -0.007228530012071133 0.09604401886463165 0.10434921830892563 -0.052558355033397675 -0.045242417603731155 -0.0379599928855896 -0.12786157429218292 0.004430871456861496 -0.12591826915740967 -0.12903852760791779 0.05953966826200485 0.09666126221418381 0.032322853803634644 -0.1358262002468109 -0.09643756598234177 -0.035773031413555145 -0.026516977697610855 0.04331076145172119 -0.05660754442214966 -0.024286292493343353 0.0347687304019928 -0.10718723386526108 -0.12920153141021729 -0.04899632930755615 0.10578086227178574 0.01063374150544405 -0.08961556106805801 -0.05319273844361305 -0.04989062622189522 0.009471609257161617 0.08638034015893936 -0.03905574232339859 0.06359586119651794 -0.10286768525838852 -0.0002727643004618585 -0.0709940493106842 -0.03983486816287041 -0.043409500271081924 -0.0042370823211967945 0.12633006274700165 0.030662406235933304 0.11660432070493698 0.11646591126918793 0.03305410221219063 -0.029469862580299377 0.058525118976831436 -0.04140298441052437 -0.012741652317345142 0.0702008455991745 0.12956398725509644 0.12324345111846924 0.04480643570423126 0.054676733911037445 0.08710712194442749 -0.06333525478839874 -0.054703239351511 0.1334281861782074 -0.03494512662291527 0.12677378952503204 -0.013451635837554932 -0.03189334645867348 -0.008303642272949219 0.0023699740413576365 0.10815584659576416 0.09961868822574615 0.032291479408741 0.08377079665660858 0.09774675220251083 0.06997733563184738 -0.027994610369205475 0.06363801658153534 -0.03993609920144081 -0.067984938621521 0.028035007417201996 0.027374157682061195 0.0747557133436203 0.0665971115231514 0.04149219021201134 0.04225461557507515 -0.01030062884092331 -0.14819025993347168 -0.028295543044805527 -0.08722490072250366 -0.03717263415455818 -0.029750967398285866 0.1444036215543747 -0.1443713754415512 -0.02976001240313053 -0.11623191088438034 -0.09254207462072372 0.04610060900449753 0.009478412568569183 0.04599344730377197 0.04716338589787483 -0.02593015320599079 0.07489682734012604 0.09636668860912323 0.10968631505966187 -0.006569861900061369 0.0747709721326828 -0.033896930515766144 0.10222972929477692 -0.10906849056482315 -0.1269504725933075 -0.06224517524242401 -0.08662660419940948 -0.013812442310154438 0.09770515561103821 -0.038605574518442154 -0.100547656416893 0.011182242073118687 0.003083178075030446 0.01770131103694439 0.024106932803988457 -0.13598164916038513 -0.0486367829144001 0.04183286800980568 -0.029183614999055862 0.06934689730405807 0.004898127634078264 0.03913719579577446 0.07069266587495804 -0.11668013036251068 -0.027542665600776672 -0.06454431265592575 -0.03397231176495552 0.05047981068491936 -0.07504323869943619 -0.07544086128473282 -0.06433076411485672 -0.05522063374519348 -0.10666581243276596 -0.0633571594953537 -0.02903345599770546 0.07867660373449326 -0.09708935022354126 0.012327670119702816 -0.08579377084970474 0.11584793031215668 0.026992786675691605 0.004998624790459871 0.018947824835777283 -0.007611060980707407 0.06337036937475204 0.05626647546887398 0.10534382611513138 -0.04716680198907852 0.09276513755321503 0.2301003485918045 -0.04010460525751114 0.024892454966902733 -0.030613459646701813 -0.05590145289897919 0.03567386418581009 0.003408836666494608 0.027481459081172943 -0.09057674556970596 -0.0006291818572208285 -0.11494868993759155 0.05543513968586922 -0.08036157488822937 0.019742872565984726 0.04980714991688728 -0.09310324490070343 0.04184073954820633 -0.035232506692409515 0.0931030809879303 -0.09271275997161865 0.02599123865365982 -0.017931930720806122 0.030278069898486137 -0.07393544167280197 -0.11660269647836685 0.02203662320971489 0.07678356766700745 -0.028156807646155357 0.027164064347743988 0.13354456424713135 0.05419876426458359 -0.007903155870735645 -0.07585883885622025 0.020724618807435036 0.10624575614929199 -0.034392908215522766 0.07093935459852219 0.10915301740169525 0.0031394038815051317 -0.02461319789290428 0.0244918130338192 0.07910741120576859 0.024689091369509697 -0.00817090179771185 -0.0600016824901104 0.005973397754132748 0.09460519254207611 -0.04681554436683655 -0.042739883065223694 0.105922169983387 -0.04067704454064369 0.008063615299761295 0.1412210613489151 0.023073039948940277 -0.07877559959888458 0.0268964022397995 -0.05695025250315666 0.0002806757402140647 -0.0975039079785347 0.015550578013062477 0.005156856030225754 -0.08889995515346527 0.16273190081119537 -0.09502279758453369 -0.03681570664048195 0.15235307812690735 0.07230061292648315 0.12110289186239243 -0.07890817523002625 0.06400563567876816 0.07471124827861786 0.11516786366701126 0.12510940432548523 0.007461109198629856 0.1243695467710495 -0.06337305903434753 0.018649335950613022 -0.03943191096186638 -0.05284927785396576 0.08393128216266632 0.021717196330428123 0.09820734709501266 -0.04612124711275101 -0.01928633637726307 0.01381347794085741 -0.004444918595254421 0.13451121747493744 -0.10641558468341827 0.12089616060256958 0.037238478660583496 -0.07719014585018158 -0.09515736997127533 0.03414411097764969 0.08599676191806793 -0.10856007039546967 0.05375296249985695 -0.06233653798699379 0.011824710294604301 -0.07582205533981323 0.03486783429980278 0.04934001341462135 -0.11351112276315689 -0.06347929686307907 0.03025149740278721 -0.0028742291033267975 0.027782388031482697 -0.014361519366502762 0.0805635079741478 0.029912905767560005 -0.0711364671587944 0.04350471496582031 0.06847462058067322 -0.06091514602303505 0.04077532887458801 0.07649823278188705 -0.04232057183980942 -0.1230684220790863 -0.023857127875089645 0.0273185595870018 -0.12487869709730148 -0.07353051751852036 -0.0928691178560257 0.07214852422475815 -0.012265725992619991 0.010567834600806236 -0.035015664994716644 0.03634041175246239 0.08609255403280258 -0.035242803394794464 0.002771771512925625 0.01845507137477398 -0.1726653277873993 -0.06897096335887909 -0.1330103874206543 -0.06417126953601837 0.057935681194067 -0.019583193585276604 -0.1100073903799057 0.049317602068185806 -0.043106064200401306 -0.13149496912956238 -0.019911780953407288 0.09552087634801865 -0.07381175458431244 0.019145149737596512 0.036397431045770645 0.03685009852051735 0.11492058634757996 -0.00886848196387291 0.05274699255824089 -0.022765368223190308 -0.09173945337533951 0.031241076067090034 -0.10653021931648254 0.06823866814374924 -0.0979924201965332 -0.07295618951320648 0.08124500513076782 -0.007708604447543621 0.07966338098049164 -0.023468969389796257 0.11535606533288956 -0.03862851485610008 0.09437675029039383 -0.06226744130253792 0.013435779139399529 0.04017455130815506 0.1192740947008133 0.005518040619790554 -0.08895715326070786 -0.03838009759783745 -0.0767858475446701 0.0659947544336319 0.05085371807217598 0.04247336462140083 -0.004748831037431955 0.0326017364859581 0.08524154871702194 0.043841663748025894 -0.0481548011302948 0.028459908440709114 0.06213027983903885 -0.05758357048034668 -0.026827147230505943 -0.07904545962810516 0.0769648477435112 -0.05092572793364525 -0.09997981786727905 -0.12084787338972092 -0.03297045826911926 -0.07091410458087921 0.06665390729904175 -0.08770514279603958 -0.01714227721095085 0.056904520839452744 0.032844752073287964 0.1312432885169983 0.19229555130004883 0.10356646776199341 0.1289905607700348 0.1257411688566208 0.13291892409324646 0.048692893236875534 -0.011508786119520664 0.13217487931251526 -0.06379804760217667 0.12451327592134476 0.05673488602042198 -0.02767113968729973 -0.07258758693933487 0.1315258890390396 -0.0028670744504779577 0.033992551267147064 -0.03747521713376045 -0.039354316890239716 -0.017052659764885902 -0.07652080804109573 0.10271573811769485 -0.0330859050154686 -0.0266425684094429 -0.028289351612329483 0.1072060689330101 0.06385369598865509 -0.12179821729660034 0.02294114977121353 0.08518076688051224 -0.03776808828115463 0.09184632450342178 0.112019844353199 -0.0648718774318695 0.0318932831287384 -0.11258278042078018 0.08422095328569412 -0.03875534608960152 0.06360530853271484 0.09410589933395386 0.07787688076496124 -0.017231598496437073 0.057976964861154556 -0.10690894722938538 0.07900961488485336 0.06954246759414673 0.007766785100102425 -0.06945423781871796 0.0015325641725212336 -0.15215054154396057 -0.12441317737102509 -0.0014853401808068156 -0.07238052040338516 -0.11279191076755524 -0.11743848770856857 0.008523989468812943 -0.11723551154136658 -0.1357439011335373 -0.047810476273298264 0.13019591569900513 -0.01864517293870449 -0.03211347013711929 0.0032980404794216156 -0.11307671666145325 -0.02808041125535965 -0.09399127960205078 -0.020779220387339592 0.056546833366155624 0.0018197777681052685 -0.1075151264667511 0.041088249534368515 -0.08670121431350708 -0.08318269997835159 0.08221435546875 0.02429797314107418 0.09675797075033188 0.05448972433805466 0.06543928384780884 -0.06589106470346451 0.040544264018535614 -0.03815249353647232 0.12777578830718994 0.09046096354722977 0.04269222915172577 0.02078322321176529 -0.006067048292607069 -0.012426035478711128 0.07442383468151093 -0.09291645884513855 0.1284579187631607 0.11235292255878448 0.001477754325605929 0.1014508455991745 0.10371622443199158 0.041557759046554565 0.06229449063539505 -0.02406107261776924 0.06061527878046036 0.011549122631549835 -0.07728590071201324 0.1048969030380249 -0.06702600419521332 -0.08908673375844955 -0.004649949725717306 -0.14726760983467102 0.04135627672076225 -0.10782729834318161 -0.015998827293515205 0.06038011610507965 -0.0795263946056366 -0.032065168023109436 0.08903884142637253 -0.009464314207434654 0.03427663445472717 -0.10393713414669037 0.06491032987833023 -0.00223538582213223 0.11611521244049072 0.08252914249897003 -0.1580163687467575 0.07287796586751938 0.036285147070884705 -0.09791199862957001 -0.05429794639348984 -0.030674202367663383 -0.16548071801662445 -0.09611211717128754 0.07446678727865219 0.08153560012578964 0.155184805393219 0.03046017326414585 -0.030123339965939522 0.006448880769312382 -0.0024548028595745564 0.04612657427787781 0.0032689454965293407 -0.11865449696779251 -0.010158941149711609 0.06511364132165909 -0.08979872614145279 -0.07024914771318436 -0.06374573707580566 -0.11526933312416077 -0.074709951877594 -0.1717708259820938 -0.1248895600438118 -0.07802297919988632 -0.13016101717948914 -0.09072158485651016 -0.0878523588180542 0.09052134305238724 -0.060950443148612976 0.02497028186917305 -0.02307860739529133 0.10863423347473145 0.06600869446992874 -0.036663077771663666 0.10452185571193695 -0.060664668679237366 -0.09535442292690277 0.06971382349729538 -0.11764565110206604 0.07339973002672195 0.08242765069007874 0.011011573486030102 -0.010253158397972584 -0.07868217676877975 0.03937678411602974 -0.01527145691215992 -0.10642953962087631 -0.09832889586687088 -0.05717772990465164 0.0011374792084097862 0.07407038658857346 -0.10700399428606033 -0.10756196081638336 0.013055047951638699 -0.10864058881998062 0.09103301167488098 0.03162791579961777 -0.006781639996916056 -0.03244614601135254 -0.05738900601863861 0.10999641567468643 0.12447968125343323 0.12690021097660065 -0.1286555826663971 0.03169209882616997 -0.08299041539430618 -0.061318665742874146 -0.13743078708648682 -0.041993048042058945 0.049617648124694824 -0.006467883475124836 -0.11310053616762161 0.05344890430569649 0.008967891335487366 0.007739984430372715 0.0011398873757570982 0.1162613108754158 -0.05292920768260956 -0.07232417911291122 -0.04067644476890564 -0.06033776327967644 0.04541843757033348 -0.04956142604351044 0.014142301864922047 -0.07116512209177017 -0.07131136953830719 0.0674750953912735 -0.08381304144859314 -0.0006402228609658778 0.030517907813191414 0.09008392691612244 -0.05282812565565109 0.05061599239706993 -0.04419247806072235 0.0015002950094640255 0.18595284223556519 0.06849329173564911 0.13506923615932465 0.10830263793468475 -0.027283214032649994 0.10756370425224304 -0.019659463316202164 -0.002040719147771597 0.056311026215553284 0.07403838634490967 -0.07570472359657288 -0.04072163254022598 -0.08611511439085007 0.0312824472784996 0.09836872667074203 -0.060783009976148605 0.06568536162376404 0.11460020393133163 -0.020921124145388603 0.06960539519786835 -0.015463398769497871 -0.0648917630314827 -0.07939574867486954 -0.04639585316181183 0.04014620557427406 0.13671505451202393 0.050204113125801086 -0.03522752597928047 -0.06511614471673965 0.0005355364410206676 -0.11391165107488632 0.023176703602075577 -0.09026239067316055 -0.14265577495098114 0.11624235659837723 -0.10304535925388336 0.10255280137062073 0.06705965101718903 -0.06727784126996994 -0.06705960631370544 0.046994343400001526 0.03585795685648918 -0.053244370967149734 -0.10822030156850815 -0.011840449646115303 -0.006313547026365995 -0.06092388555407524 -0.009711395017802715 0.08135797828435898 -0.005959475878626108 0.10618048161268234 0.09533635526895523 0.017631130293011665 0.10414321720600128 0.042926449328660965 -0.049281299114227295 -0.07082760334014893 -0.04730319604277611 -0.02807546593248844 -0.06384299695491791 0.008953067474067211 -0.10202734917402267 0.1262398511171341 0.08064007014036179 0.05474768951535225 -0.02074306458234787 -0.017881490290164948 0.01265549473464489 0.0033630956895649433 -0.007851497270166874 0.006515263579785824 0.026334241032600403 0.0009969009552150965 -0.007869815453886986 0.04145628213882446 -0.06326630711555481 0.04147183522582054 -0.0039572822861373425 0.08946748822927475 0.029611248522996902 -0.10979880392551422 0.016422266140580177 0.06412223726511002 0.013117828406393528 -0.052864741533994675 0.06940507888793945 0.04612791910767555 -0.11536592245101929 -0.027132252231240273 -0.06340011954307556 -0.0908971056342125 -0.05430375039577484 -0.04537523165345192 -0.04860667884349823 -0.045324571430683136 0.037717968225479126 0.04933643713593483 0.09125985950231552 0.05364883691072464 0.135336235165596 0.195979043841362 0.17301303148269653 0.08891769498586655 0.0013132160529494286 -0.011099062860012054 0.08423590660095215 -0.053025711327791214 -0.00660661468282342 0.1464270055294037 0.10018505901098251 0.08017029613256454 -0.08265607059001923 -0.05348842218518257 -0.0074679553508758545 -0.08783800154924393 0.009545544162392616 -0.07202034443616867 0.12530595064163208 0.0028197960928082466 -0.06185995414853096 0.006752639543265104 0.10745109617710114 -0.06786305457353592 -0.1033966988325119 -0.07991992682218552 0.07683586329221725 0.041015781462192535 0.07165082544088364 -0.07493174821138382 0.014446111395955086 -0.1115114614367485 -0.07449882477521896 -0.02340402640402317 -0.08898311108350754 0.08782465755939484 -0.0006231760489754379 0.04682101309299469 -0.004542563110589981 -0.1136048212647438 -0.060920339077711105 0.04849807173013687 -0.07532656192779541 -0.09060205519199371 -0.049238044768571854 0.002213047817349434 -0.049805253744125366 0.03541683033108711 -0.07868798077106476 0.0006002060836181045 -0.02653038501739502 0.06222518905997276 0.13158805668354034 0.037497423589229584 0.00390859367325902 -0.009249981492757797 -0.09765218198299408 0.002055051503702998 0.08325773477554321 0.08974412083625793 -0.038896214216947556 0.0385148860514164 0.012338885106146336 -0.0802476555109024 -0.1872957944869995 -0.06543685495853424 -0.164576455950737 -0.006309251766651869 -0.0295020192861557 0.03168673440814018 -0.1240648403763771 0.006132026668637991 -0.060322798788547516 0.10040713846683502 0.11764425784349442 -0.021979186683893204 -0.01019807904958725 0.05035563185811043 0.022340936586260796 0.0915810614824295 -0.0684555172920227 0.09923586249351501 0.03186585381627083 0.07829725742340088 0.12571977078914642 0.11658899486064911 0.10130402445793152 0.04410013183951378 0.12069286406040192 0.023605264723300934 -0.0781354308128357 -0.06196922808885574 -0.10794048011302948 0.037292059510946274 0.018291523680090904 0.10009872913360596 -0.03134069964289665 -0.08129090815782547 -0.035027142614126205 0.04042122885584831 -0.08746074885129929 0.06015993654727936 0.11079597473144531 0.0020008247811347246 0.10474947839975357 -0.035067372024059296 0.10921553522348404 0.07127939164638519 -0.08929850161075592 -0.02387152798473835 0.05860041454434395 -0.010055987164378166 -0.041293565183877945 -0.021859711036086082 -0.08806079626083374 0.08419782668352127 -0.022071892395615578 0.009235168807208538 -0.047880180180072784 -0.010822407901287079 -0.015494287014007568 -0.09945859014987946 -0.026775797829031944 -0.13268490135669708 0.058202240616083145 0.03411170095205307 -0.030805865302681923 0.08359241485595703 0.07046890258789062 0.004268646705895662 -0.012382706627249718 -0.022653359919786453 -0.0014410343719646335 0.09095380455255508 -0.03772052004933357 0.07906217128038406 0.0060598221607506275 0.009115091525018215 -0.09671684354543686 0.03213990852236748 0.059001196175813675 0.009718523360788822 -0.061403390020132065 -0.07755428552627563 0.018504314124584198 -0.013711724430322647 0.03338594734668732 -0.028022991493344307 0.11100514233112335 0.1157112792134285 0.029408710077404976 0.0414268858730793 0.06884075701236725 0.08850671350955963 0.1065928190946579 -0.01601332239806652 -0.02164623886346817 0.06834911555051804 -0.07257699966430664 -0.0680292621254921 -0.010263332165777683 0.05695241317152977 0.07677982747554779 0.053291626274585724 -0.11830553412437439 -0.018174903467297554 -0.14348289370536804 0.08147932589054108 0.012416145764291286 0.053294092416763306 0.008691314607858658 -0.0022199838422238827 -0.09086337685585022 -0.12254801392555237 0.012231688015162945 -0.15650680661201477 -0.08805340528488159 -0.038103483617305756 -0.1278064101934433 0.04221222177147865 -0.0684482678771019 0.0073286304250359535 -0.033722396939992905 0.0879850685596466 0.07339849323034286 0.08910377323627472 0.01613764837384224 0.014903506264090538 -0.014792017638683319 -0.1857716590166092 0.004746142774820328 0.06765364855527878 0.1306322067975998 0.005388433113694191 -0.13134974241256714 0.03777356445789337 0.02728208526968956 -0.1185111328959465 0.011587261222302914 0.023698264732956886 0.04347380995750427 0.05507231131196022 0.017793310806155205 -0.05114997550845146 -0.014853420667350292 0.04602210596203804 -0.006147320382297039 0.07138169556856155 -0.11874858289957047 -0.11709558218717575 -0.0014741325285285711 -0.007778766565024853 0.034422509372234344 -0.115959532558918 -0.08203844726085663 -0.016804568469524384 -0.13160240650177002 0.03913276270031929 -0.12161658704280853 -0.1082700788974762 0.07620815187692642 -0.1245933398604393 0.02445787936449051 -0.005516776815056801 0.03461328521370888 -0.007883901707828045 0.1049916073679924 -0.010939424857497215 0.12230423837900162 0.09063398838043213 -0.10707614570856094 0.04430348798632622 -0.03407051041722298 0.02224605157971382 -0.054066941142082214 -0.08934891223907471 -0.05476733669638634 -0.16168580949306488 -0.00015770755999255925 -0.10481858253479004 0.09204064309597015 0.09217523038387299 0.0486525297164917 0.03823142498731613 0.009760849177837372 0.04126446321606636 0.01746348850429058 0.11216285824775696 0.05844814330339432 -0.030724378302693367 0.06096872314810753 0.06603576242923737 0.05805543065071106 0.025413136929273605 -0.07238729298114777 0.03680632263422012 0.013937185518443584 0.16718371212482452 0.21612219512462616 0.1708337813615799 0.09903063625097275 0.14718589186668396 -0.04269447177648544 -0.011335660703480244 -0.025005830451846123 0.014963253401219845 -0.02506428211927414 0.049344923347234726 -0.026183679699897766 -0.08494052290916443 0.10967306792736053 0.09344112128019333 0.028701316565275192 -0.004972815979272127 -0.07534727454185486 -0.03849874809384346 0.1044313833117485 0.11674700677394867 -0.01930338330566883 0.01606898382306099 -0.05909188836812973 -0.1173110157251358 -0.060245804488658905 -0.011268360540270805 -0.08535156399011612 0.010093608871102333 0.06218920648097992 0.06443507969379425 -0.016485700383782387 0.04825984686613083 -0.08796599507331848 0.06441870331764221 0.0774722769856453 0.03417777270078659 0.045981649309396744 -0.010925580747425556 -0.0031021481845527887 0.03269953280687332 -0.005531033501029015 -0.112181656062603 0.036531176418066025 -0.05865716189146042 -0.030761338770389557 -0.0851888582110405 -0.05186191573739052 -0.1564103066921234 -0.04295884072780609 -0.14861933887004852 0.01728929579257965 0.02165973000228405 0.08013267070055008 0.07734829187393188 0.009539756923913956 0.08920377492904663 0.026141339913010597 -0.08350012451410294 -0.08389081060886383 -0.1759353131055832 -0.09161253273487091 0.023989243432879448 0.04019835591316223 0.04936598241329193 -0.0507616326212883 0.022381633520126343 -0.01211230456829071 -0.08732840418815613 0.02397989109158516 0.06311732530593872 -0.055165085941553116 0.06371912360191345 -0.06969404965639114 0.038732580840587616 -0.002577740466222167 -0.049265190958976746 -0.06355462968349457 0.011967972852289677 -0.08949316293001175 -0.07476049661636353 0.07994232326745987 0.00651390990242362 -0.07646676152944565 -0.009216438047587872 -0.07349224388599396 -0.0014221512246876955 -0.024291396141052246 0.07974055409431458 0.025967882946133614 -0.027917636558413506 -0.07489181309938431 -0.09905380010604858 0.11802351474761963 -0.06235049292445183 0.005197993479669094 0.020422907546162605 0.05497514456510544 0.10454252362251282 -0.007045174483209848 -0.032388560473918915 -0.09629751741886139 0.0371626541018486 0.014341315254569054 0.11706722527742386 -0.040823981165885925 0.0038359363097697496 0.05795429274439812 -0.10568799078464508 -0.16698750853538513 0.0012607697863131762 0.0485692024230957 0.15947704017162323 -0.08354873210191727 0.1408269703388214 0.04341452941298485 0.038483958691358566 0.05529467761516571 0.058596380054950714 -0.05458548292517662 0.0861620232462883 0.004028580617159605 0.031241731718182564 -0.07812276482582092 -0.025328371673822403 -0.07396456599235535 0.10024495422840118 0.009181409142911434 -0.01632792502641678 0.007261526770889759 -0.07222816348075867 0.033319029957056046 0.009797009639441967 0.05112190172076225 0.0726323202252388 -0.04657089710235596 -0.04914455488324165 -0.0215108934789896 0.02507713995873928 0.015693891793489456 -0.052901431918144226 0.039327919483184814 -0.06821801513433456 0.0781698226928711 -0.008407488465309143 0.0879494771361351 -0.03800804540514946 -0.11552387475967407 -0.05531970411539078 -0.12677615880966187 0.01529228687286377 -0.03943898528814316 -0.10834002494812012 -0.04578525200486183 0.05316394194960594 -0.012812184169888496 0.028460362926125526 0.11964169144630432 -0.005683198105543852 0.0052528646774590015 0.04582085460424423 0.07673846185207367 0.06744802743196487 -0.02113453485071659 -0.0860910415649414 0.09109313040971756 0.03570619970560074 0.06557080894708633 0.09322687238454819 -0.09389607608318329 0.07105252891778946 -0.02190762758255005 -0.08588656783103943 -0.04795389249920845 0.10486342757940292 0.11637505143880844 -0.022126033902168274 -0.0747322291135788 -0.007108100224286318 -0.017841143533587456 -0.067475825548172 -0.049931399524211884 -0.11260545998811722 0.043756190687417984 0.08439545333385468 -0.12464718520641327 0.06612175703048706 -0.06981108337640762 0.10794378817081451 -0.12161816656589508 -0.08267779648303986 -0.08309793472290039 0.029064970090985298 0.15109416842460632 0.12303043901920319 0.13385502994060516 0.009725712239742279 -0.016900723800063133 -0.0781831368803978 0.04280336573719978 0.11551690101623535 -0.10398716479539871 -0.0125924963504076 -0.009950324892997742 0.014424176886677742 0.09699244797229767 0.06223762407898903 0.04540589824318886 0.07058519870042801 -0.034108396619558334 -0.013962926343083382 0.037923987954854965 -0.07978976517915726 -0.040232084691524506 0.07692458480596542 0.12100549042224884 -0.10913249105215073 0.07311603426933289 0.02235228940844536 -0.1419646292924881 -0.015928218141198158 -0.088587686419487 0.05788059160113335 0.060426853597164154 -0.07468270510435104 0.028495216742157936 0.08710326999425888 -0.08460730314254761 -0.07887689769268036 -0.10935651510953903 -0.1375441551208496 -0.06804830580949783 -0.03370486944913864 -0.1067536398768425 -0.08345245569944382 0.046175360679626465 -0.029867421835660934 -0.00895125325769186 -0.0038328939117491245 0.09046968072652817 -0.021662656217813492 0.027935203164815903 -0.1185392215847969 -0.02786846272647381 -0.06169154867529869 -0.014453502371907234 0.015435886569321156 -0.05217543989419937 -0.13094158470630646 0.060546040534973145 0.009268971160054207 -0.0230299923568964 0.017640717327594757 0.043315619230270386 0.09444688260555267 -0.06584881991147995 -0.10737121105194092 -0.1335107386112213 0.1044553741812706 0.021589122712612152 -0.07803409546613693 -0.028535839170217514 -0.03978678584098816 -0.024759719148278236 0.09305892139673233 0.09098787605762482 -0.12783539295196533 0.11769237369298935 -0.07038384675979614 -0.0953960046172142 0.11549698561429977 -0.023577766492962837 -0.10831311345100403 0.013792385347187519 0.043753717094659805 0.015644844621419907 0.07917796820402145 0.13614730536937714 0.09931690245866776 0.00495590316131711 0.1405656635761261 0.02096792496740818 -0.049133092164993286 0.07589929550886154 0.07413730025291443 -0.005807669833302498 -0.034501101821660995 0.019578777253627777 0.006122511811554432 0.05953718349337578 -0.08663533627986908 0.07343385368585587 0.04352224990725517 -0.08057694137096405 0.01601479947566986 -0.029977498576045036 0.062054164707660675 -0.05828472971916199 -0.04106777533888817 0.08358289301395416 -0.14160358905792236 0.10768868029117584 0.12175953388214111 -0.061275530606508255 -0.023346275091171265 0.06094646826386452 -0.040721483528614044 -0.09432685375213623 0.08628595620393753 0.010449852794408798 -0.04627586156129837 -0.02891157940030098 0.09832154214382172 -0.014221394434571266 -0.04600958526134491 0.01942206360399723 -0.1131005808711052 -8.113674994092435e-05 0.03175313025712967 0.06685115396976471 -0.03992699831724167 0.022159099578857422 0.11490940302610397 0.1104218065738678 0.04568532109260559 0.11300037056207657 -0.01576351374387741 0.12212110310792923 0.04241618141531944 -0.02919469214975834 0.11879594624042511 0.04953278228640556 -0.09504815191030502 0.04864948242902756 -0.029789231717586517 0.011286504566669464 0.050952136516571045 0.05832461267709732 0.03721995651721954 -0.07756174355745316 0.020465120673179626 -0.0028112188447266817 0.09969234466552734 0.014077831991016865 0.0568278506398201 -0.036318521946668625 -0.06494375318288803 0.08371346443891525 -0.009909356944262981 -0.01439796481281519 -0.1326901763677597 -0.00891038030385971 0.04813024029135704 0.0679834857583046 -0.10815537720918655 -0.12203042209148407 -0.10679688304662704 -0.03466099500656128 0.07174085825681686 -0.02883686125278473 -0.01679050549864769 -0.07463758438825607 0.010253816843032837 -0.11802186816930771 -0.0801420584321022 -0.1582174450159073 -0.030986754223704338 -0.12332754582166672 -0.024129655212163925 0.028154520317912102 0.09228590875864029 0.06463441252708435 -0.08287180215120316 0.061116401106119156 0.09705081582069397 -0.163967102766037 -0.10141325742006302 -0.07949584722518921 0.07306113839149475 0.03172323480248451 0.025829918682575226 0.02695637010037899 -0.017689425498247147 -0.05300837382674217 -0.02165456861257553 -0.011430776678025723 0.04936846345663071 -0.048915959894657135 0.0008869500597938895 -0.08786755055189133 -0.09175988286733627 0.03876376897096634 -0.07663001120090485 0.02006252482533455 -0.10969918221235275 -0.06122640147805214 -0.10125628113746643 0.03139403089880943 -0.1039230227470398 0.10357438772916794 0.030510853976011276 0.05756010487675667 0.0030999546870589256 0.014566633850336075 0.11787818372249603 -0.0270535945892334 -0.007113558240234852 -0.11052543669939041 -0.052475299686193466 -0.07297369837760925 -0.0035337312147021294 0.06482671201229095 -0.07988349348306656 -0.05918344855308533 0.08865446597337723 0.05316993594169617 -0.05290030315518379 -0.045586470514535904 0.050875224173069 -0.12224367260932922 0.018516896292567253 0.09028048813343048 0.03274095058441162 -0.13990749418735504 -0.11849475651979446 0.062191180884838104 -0.040578924119472504 0.09487158060073853 0.03744935244321823 -0.0692109614610672 -0.028269508853554726 0.030070889741182327 0.03522172197699547 -0.06622027605772018 0.0888155922293663 0.06987906247377396 -0.039517033845186234 -0.08106476068496704 0.06587602198123932 0.06552091985940933 -0.0028913295827805996 -0.015669556334614754 0.10050086677074432 -0.13604691624641418 0.10403423011302948 -0.08518827706575394 -0.10687040537595749 -0.0804506167769432 0.023901058360934258 0.06328204274177551 -0.07249758392572403 -0.004850370809435844 0.019884727895259857 0.09526832401752472 -0.04849866032600403 -0.1255897730588913 0.06937237083911896 0.0911492332816124 0.012260224670171738 0.04228455573320389 -0.06659456342458725 -0.06720846146345139 0.08912685513496399 -0.03628697618842125 -0.10488603264093399 0.015607236884534359 0.07393362373113632 -0.0436394065618515 -0.07834005355834961 0.0837021917104721 -0.03820172697305679 -0.08470375090837479 -0.02398289181292057 0.09592408686876297 -0.060892198234796524 0.08984122425317764 -0.031929321587085724 0.1178751140832901 -0.08488521724939346 -0.06235071271657944 -0.08069758862257004 -0.03887870907783508 0.08295201510190964 -0.0935431644320488 -0.04759828746318817 0.03244166448712349 0.0917501449584961 -0.09244576841592789 -0.11963488161563873 -0.060200419276952744 0.053709179162979126 -0.1102476716041565 0.1615939885377884 0.2134111523628235 -0.09107591956853867 -0.006182557437568903 -0.0003082530456595123 0.015715694054961205 0.008315283805131912 0.0011204519541934133 -0.04993894323706627 -0.08039228618144989 -0.12315497547388077 0.10977578163146973 -0.021125242114067078 0.007317079231142998 0.1685071736574173 0.1575089395046234 0.04503215476870537 -0.05883406847715378 -0.05386798828840256 -0.02779730036854744 0.10494387149810791 -0.005565617233514786 -0.01820724830031395 0.006411541718989611 -0.007464322727173567 0.0007630893960595131 0.06282640993595123 -0.04435674101114273 0.09170763194561005 0.15412361919879913 0.023275699466466904 0.1367892473936081 0.10007952898740768 -0.02953055314719677 0.03635618835687637 0.03939340263605118 0.10404577851295471 -0.0740547776222229 0.024733642116189003 -0.11287898570299149 -0.07686728239059448 0.10028620809316635 0.03794369474053383 0.04826847463846207 -0.11137109249830246 -0.11629348993301392 -0.10541383922100067 -0.028458664193749428 -0.0772656574845314 -0.10258893668651581 -0.05280632898211479 0.028649313375353813 0.009365727193653584 -0.03967390954494476 -0.04742315039038658 -0.05157364904880524 -0.040146827697753906 0.11288868635892868 -0.01552663929760456 0.08235936611890793 -0.07857608795166016 0.040900301188230515 -0.047447964549064636 -0.002919487189501524 -0.08207045495510101 0.07494138926267624 -0.02850279025733471 -0.004953713156282902 -0.05516515672206879 -0.0013097564224153757 -0.05724358931183815 0.06935030966997147 0.12401530891656876 -0.09341837465763092 -0.09993206709623337 -0.03603840619325638 0.09867309033870697 -0.1468086540699005 0.102646104991436 0.10579682886600494 -0.026370424777269363 -0.009658492170274258 0.06426242738962173 -0.055911917239427567 0.11665120720863342 0.03394463658332825 -0.10195305198431015 -0.026339082047343254 0.07651547342538834 0.08991709351539612 -0.05459022521972656 0.08866551518440247 0.0979967713356018 0.008452231995761395 0.0304470956325531 -0.058169398456811905 0.11168909072875977 0.019045934081077576 -0.08470267802476883 0.029819168150424957 0.0067037614062428474 0.08887484669685364 -0.10080158710479736 -0.012084526009857655 0.0872357189655304 -0.08854011446237564 0.0987338125705719 -0.03592803701758385 -0.03166215121746063 0.02371753752231598 -0.11404933035373688 -0.07017116993665695 -0.14193938672542572 -0.16570261120796204 -0.003013801062479615 0.10997064411640167 -0.08564208447933197 0.0033579568844288588 -0.022344430908560753 -0.0033083129674196243 -0.009561499580740929 -0.11196436733007431 0.08315178006887436 -0.04006829112768173 0.0799449160695076 0.0012593109859153628 0.04556064307689667 0.14656192064285278 0.10929284989833832 -0.02897711656987667 -0.08115213364362717 -0.07425909489393234 -0.06918156147003174 0.06286104023456573 0.08859281241893768 0.11730419099330902 -0.10710684210062027 -0.1320037990808487 0.023025959730148315 -0.13258740305900574 -0.07069466263055801 0.08416913449764252 0.10670072585344315 0.16172675788402557 0.10111330449581146 0.08529719710350037 0.047251343727111816 0.21295934915542603 0.14878720045089722 0.10933471471071243 -0.0598287507891655 0.04619201645255089 -0.012306371703743935 0.04145083576440811 0.008368278853595257 -0.006613010074943304 0.047659218311309814 -0.07595794647932053 0.05125754699110985 0.07263049483299255 -0.07225393503904343 0.052867766469717026 0.03786247968673706 -0.017939560115337372 -0.02527039311826229 0.014145138673484325 -0.012237992137670517 0.03547384589910507 0.026231026276946068 -0.10200933367013931 0.06091228872537613 -0.027956537902355194 -0.04598284885287285 -0.08328070491552353 -0.01231275126338005 -0.07272336632013321 0.06829321384429932 -0.003661160357296467 -0.057965539395809174 -0.012248657643795013 -0.05964917689561844 -0.11167421191930771 0.07887604087591171 0.09893946349620819 -0.010121628642082214 0.028986036777496338 0.05974646657705307 -0.10508426278829575 -0.04866940528154373 -0.0012180404737591743 0.13880892097949982 -0.07040441781282425 -0.0071429479867219925 0.08262213319540024 -0.1041826456785202 -0.04336828365921974 -0.008920693770051003 0.09548091888427734 -0.04285898432135582 -0.07620660215616226 -0.005411453545093536 0.0474645271897316 -0.09701883047819138 0.0684744343161583 0.08854067325592041 0.05861162394285202 -0.07349531352519989 -0.12951263785362244 -0.1446051150560379 0.08542505651712418 0.07256889343261719 -0.12519365549087524 0.039644308388233185 -0.04341192543506622 -0.11802122741937637 0.08985087275505066 -0.04600663110613823 0.045240212231874466 -0.09556377679109573 -0.023737633600831032 -0.09756213426589966 -0.05105862021446228 -0.03770020231604576 0.022451020777225494 -0.07195883989334106 0.08437412232160568 -0.0056314002722501755 0.05858462676405907 0.10887547582387924 0.012249509803950787 0.08511386066675186 -0.0847226157784462 0.02373364195227623 -0.08070577681064606 0.09345487505197525 -0.05525095760822296 0.08661960810422897 0.09042638540267944 -0.0036150747910141945 -0.08733109384775162 0.1348344087600708 -0.036097362637519836 0.02507219836115837 0.030179599300026894 -0.11563573777675629 0.04946618899703026 0.06764987111091614 -0.03332095593214035 -0.06245686486363411 -0.011156576685607433 0.04891708493232727 0.06121440231800079 0.061939794570207596 0.05657552182674408 -0.07341953366994858 0.0027737917844206095 0.056021228432655334 -0.09404551982879639 -0.016062593087553978 0.052148014307022095 -0.11343452334403992 -0.006419739220291376 -0.029660837724804878 -0.14613327383995056 0.01483299769461155 -0.04057956114411354 -0.14036816358566284 -0.08417604118585587 0.06458202004432678 0.03184133768081665 -0.036169711500406265 -0.08984123915433884 0.05580085515975952 -0.010260325856506824 -0.041389282792806625 -0.2007470279932022 0.0193143580108881 -0.07291054725646973 -0.09177637100219727 -0.1140134260058403 -0.10526655614376068 -0.05487940460443497 -0.07236197590827942 0.005255257245153189 0.0676649808883667 -0.10823700577020645 0.11916261166334152 -0.09729690104722977 -0.09871944785118103 0.06628304719924927 0.10960027575492859 0.14406611025333405 -0.027673622593283653 0.06476595252752304 0.07970624417066574 0.1155129224061966 0.12756328284740448 -0.06980973482131958 0.075230173766613 0.09797380119562149 0.04822192341089249 -0.06420905143022537 0.11504455655813217 0.10346318036317825 -0.012364119291305542 0.1379881054162979 0.1054411306977272 -0.0421304889023304 -0.10072994232177734 -0.012462529353797436 -0.023792795836925507 0.07413887977600098 0.06735298037528992 -0.03902633488178253 -0.015826186165213585 -0.03361264616250992 0.05180756375193596 -0.058505360037088394 -0.06695465743541718 0.11917876452207565 0.08076393604278564 0.02313126064836979 -0.08242354542016983 -0.04002922773361206 -0.09657000750303268 0.12340880930423737 -0.005913210567086935 -0.05914698541164398 -0.029292579740285873 -0.010287977755069733 0.046565961092710495 -0.07419174164533615 -0.001577869988977909 0.05116664990782738 0.021591924130916595 -0.04780721291899681 0.01861228048801422 -0.040013350546360016 -0.005474264267832041 -0.1349068284034729 0.04175889119505882 0.08632486313581467 -0.09919126331806183 0.007374177221208811 0.08582322299480438 0.07624176889657974 0.05670920014381409 -0.047494955360889435 -0.09680206328630447 -0.076105996966362 0.08434686809778214 -0.036155518144369125 -0.00018608442042022943 0.06465469300746918 0.052046388387680054 -0.10851778090000153 -0.05680086463689804 -0.10873837023973465 0.038307078182697296 0.07230349630117416 -0.05559132993221283 -0.014952356927096844 0.024982022121548653 -0.052602872252464294 -0.02524188533425331 0.018216123804450035 -0.12971629202365875 0.027692485600709915 -0.06322333961725235 -0.04172856733202934 0.019583187997341156 -0.09369590878486633 -0.0174558088183403 0.07860241085290909 -0.0783732533454895 -0.02037896402180195 -0.004744881764054298 0.0920926034450531 0.021970005705952644 -0.016173359006643295 -0.06815451383590698 -0.03040693886578083 0.09853541105985641 0.09416994452476501 -0.08033636957406998 0.0686512216925621 0.007811611518263817 0.07422422617673874 0.03805581480264664 -0.0833604484796524 0.022245943546295166 0.0558479018509388 -0.01836967095732689 0.05956551060080528 0.002906559035181999 0.067380391061306 -0.035352710634469986 -0.10510904341936111 -0.118327796459198 -0.025682536885142326 -0.07449110597372055 0.0666113942861557 -0.07072857767343521 -0.04679378867149353 -0.10281584411859512 -0.004600520711392164 0.09926407039165497 0.07786532491445541 0.005122827365994453 0.008981747552752495 0.12970247864723206 -0.0485907718539238 0.024416232481598854 -0.04304582253098488 -0.00434519350528717 -0.0008403208339586854 -0.06717114895582199 -0.07765582948923111 0.10354804992675781 0.0005703489296138287 0.07326222956180573 0.018898285925388336 0.05785461887717247 -0.005757894366979599 -0.07167444378137589 0.06178975850343704 -0.05087089538574219 0.016697760671377182 -0.0008922870620153844 -0.038847360759973526 -0.014898189343512058 -0.04681186005473137 -0.0643463209271431 0.032676637172698975 0.03725292533636093 -0.05448167398571968 0.09759141504764557 0.1003512293100357 -0.0030767691787332296 0.08184110373258591 0.09445738792419434 -0.011680333875119686 0.1249048188328743 -0.009273736737668514 -0.0957631915807724 0.02296699769794941 -0.023007843643426895 0.059062741696834564 -0.11590071767568588 -0.1176014393568039 0.08023659139871597 0.08254513144493103 0.09896545112133026 0.029145076870918274 -0.0723741203546524 0.08646436035633087 0.00531719159334898 -0.0737539678812027 0.06058203801512718 -0.06032703071832657 0.019498813897371292 0.03573927283287048 -0.02551812306046486 0.04873315617442131 -0.052155766636133194 -0.028668470680713654 0.08914025872945786 -0.016521360725164413 0.08821612596511841 -0.09333410114049911 0.09501706063747406 0.00487266480922699 -0.022113490849733353 -0.06975355744361877 -0.017799759283661842 -0.09821370244026184 -0.04527834430336952 0.058774154633283615 -0.08332575112581253 -0.09360964596271515 -0.02512485720217228 0.06339310854673386 -0.1087803915143013 0.11136239022016525 0.05772289261221886 0.0817209780216217 0.090362548828125 -0.04191392660140991 -0.028390420600771904 -0.014793381094932556 0.047746557742357254 -0.06687067449092865 0.09361532330513 0.06061626970767975 -0.03697042167186737 0.031526822596788406 0.1227840781211853 0.04151524230837822 0.007553996983915567 0.10157199949026108 0.09386298060417175 0.0032001303043216467 0.08458621799945831 -0.03902982175350189 0.10826309025287628 0.11303633451461792 -0.011696401983499527 -0.07771972566843033 0.10748804360628128 -0.09304818511009216 -0.10007931292057037 0.027401529252529144 -0.09385323524475098 -0.0938890129327774 0.08531177043914795 -0.04005094990134239 -0.07666227966547012 0.10659366846084595 0.013393163681030273 0.09037506580352783 -0.027927551418542862 0.06634353846311569 0.10085736215114594 0.08323515951633453 -0.03726403787732124 0.06720919162034988 -0.03518757224082947 0.0005425914423540235 -0.0007609828608110547 -0.059147972613573074 -0.02994139865040779 -0.047147512435913086 0.05420934408903122 0.034932561218738556 -0.032973818480968475 0.0951569676399231 -0.03933457285165787 0.08975515514612198 -0.08253391832113266 0.08924160897731781 -0.02124628610908985 0.015136288478970528 0.03674554079771042 -0.009930698201060295 0.05025344714522362 -0.015771551057696342 -0.05769781395792961 0.10875360667705536 0.04194236919283867 -0.058028142899274826 0.11296600848436356 0.09704417735338211 0.037013135850429535 0.08476202189922333 -0.025983870029449463 0.12994609773159027 0.046623434871435165 0.03657861426472664 -0.08560185134410858 -0.002240136032924056 -0.04231271520256996 -0.07792575657367706 -0.051792800426483154 0.03322410210967064 0.05432393029332161 -0.07987367361783981 -0.016035880893468857 -0.047600481659173965 -0.10947006940841675 -0.046329617500305176 0.0466289296746254 -0.04108385369181633 -0.08599867671728134 0.009684267453849316 -0.014300777576863766 0.07369972765445709 0.143247589468956 -0.005265488289296627 -0.03280644863843918 -0.07292342185974121 0.09617510437965393 0.014046302065253258 -0.01763436384499073 -0.0009383030701428652 0.025714460760354996 -0.016754398122429848 0.02466178871691227 0.007147219963371754 -0.10097839683294296 0.06965664029121399 -0.13456197082996368 0.035094983875751495 -0.0633736401796341 -0.044650670140981674 -0.07326386123895645 0.0880122184753418 -0.004982363432645798 -0.034867528825998306 0.009282529354095459 -0.08771724253892899 -0.08951834589242935 -0.06331254541873932 0.006158069241791964 0.025164877995848656 0.08631019294261932 0.01489976141601801 -0.062848761677742 -0.06541313976049423 -0.016909997910261154 0.07836087048053741 0.1070362776517868 -0.045285746455192566 -0.004480127245187759 0.013344020582735538 -0.03516899794340134 0.0952344536781311 -0.12585030496120453 0.042742494493722916 -0.10330148786306381 0.0017348274122923613 -0.05086400359869003 -0.008535141125321388 -0.08785367757081985 0.02090861089527607 -0.05218743532896042 0.07619436830282211 -0.10575126856565475 0.0016331546939909458 0.054980747401714325 -0.051344823092222214 -0.1076984852552414 0.09065906703472137 -0.02989773452281952 0.06643790751695633 0.056769147515296936 -0.006172366440296173 0.044373705983161926 -0.0545378141105175 -0.06808656454086304 -0.08702772110700607 -0.07861782610416412 -0.14202597737312317 -0.054391685873270035 0.07714570313692093 0.08556835353374481 -0.010292097926139832 0.07610175013542175 0.13154155015945435 0.11199069768190384 -0.05763624608516693 -0.06841500848531723 -0.09604888409376144 -0.09982547909021378 -0.12199247628450394 0.007957889698445797 -0.044517882168293 0.06646909564733505 0.032399147748947144 0.14323605597019196 -0.05693525820970535 -0.11102456599473953 -0.11605876684188843 -0.05883782356977463 -0.025568842887878418 0.02984042651951313 0.0026331101544201374 0.11355145275592804 0.011795957572758198 5.9869998949579895e-05 -0.016225924715399742 0.06064816191792488 0.04882631450891495 0.10437846183776855 0.12478655576705933 0.0420336052775383 -0.09107745438814163 -0.10408877581357956 0.07958942651748657 0.11392482370138168 -0.05861560255289078 0.0858706682920456 -0.020191509276628494 -0.00973428413271904 0.0646243765950203 0.0996735692024231 -0.02000739425420761 -0.05584808439016342 -0.07597016543149948 0.09698700904846191 -0.040487080812454224 0.0931524932384491 -0.08205586671829224 -0.05531157925724983 -0.0362604483962059 -0.0474197193980217 0.005128915887326002 -0.03664542734622955 0.12258569151163101 -0.10914299637079239 0.08016343414783478 -0.04914199933409691 -0.1320909559726715 0.05338335782289505 0.050967369228601456 0.04721122607588768 0.01172027550637722 0.052044279873371124 -0.028254300355911255 -0.062406089156866074 0.09538902342319489 -0.07225248217582703 -0.11743860691785812 0.06198515743017197 -0.036839183419942856 -0.1093914583325386 -0.12365236133337021 0.08454234153032303 -0.07048790156841278 0.05978841707110405 -0.037204232066869736 -0.03038862720131874 -0.02915872074663639 0.053453367203474045 -0.10803448408842087 -0.02925645187497139 -0.17166483402252197 -0.08715381473302841 -0.010902183130383492 -0.07292807102203369 0.07568679004907608 0.03356470912694931 0.0021907438058406115 0.12015819549560547 0.15210019052028656 0.10955619812011719 -0.036543361842632294 0.021435093134641647 0.10204455256462097 0.0842246413230896 0.018748288974165916 -0.006102405022829771 -0.05431405454874039 0.054636623710393906 0.10009703785181046 -0.04098084196448326 0.10314274579286575 0.11706871539354324 -0.014921409077942371 0.035626232624053955 0.015930337831377983 -0.05836929380893707 -0.08147812634706497 -0.025572441518306732 -0.0846787765622139 -0.05830677971243858 -0.0017317066667601466 0.11365380883216858 -0.060246724635362625 0.008291306905448437 -0.10151896625757217 0.01078372448682785 -0.046418529003858566 -0.03281445428729057 -0.11801820248365402 0.05250190943479538 0.03171781450510025 -0.1420452743768692 0.04881457984447479 -0.1371431201696396 0.07553992420434952 0.027928447350859642 0.025282178074121475 0.09371862560510635 -0.0473642572760582 0.026865703985095024 0.1146656721830368 0.02588978037238121 -0.05590055137872696 0.05763513222336769 0.06787931174039841 -0.06993613392114639 -0.0579204335808754 -0.07037851214408875 0.06391938775777817 -0.06896308809518814 0.09149724990129471 0.12061402946710587 -0.2327616810798645 -0.2229219675064087 -0.05736364796757698 0.006521579343825579 -0.06238742172718048 -0.003092934377491474 0.07526547461748123 0.12491431087255478 0.05286920443177223 -0.025206616148352623 0.10992728173732758 0.16629700362682343 0.1385520100593567 0.0512247309088707 -0.0786624401807785 -0.03473089262843132 0.09721365571022034 -0.04344874247908592 -0.07473070919513702 -0.022098444402217865 -0.0453377328813076 -0.0662112608551979 0.06815092265605927 -0.06864762306213379 -0.07236982136964798 0.08746179193258286 0.04432210698723793 0.06678671389818192 0.01283723209053278 0.09472045302391052 -0.09393392503261566 0.11029015481472015 -0.0921715572476387 -0.09681510180234909 -0.015567328780889511 0.011313444934785366 -0.008657202124595642 0.10930482298135757 0.06761184334754944 -0.0572635643184185 0.0333549790084362 -0.024496080353856087 0.11987403780221939 -0.006824786774814129 -0.047004085034132004 0.12967602908611298 -0.019084611907601357 0.0817616879940033 0.039010655134916306 -0.01818983070552349 0.030957866460084915 -0.07698961347341537 0.10670448839664459 -0.07350533455610275 -0.08335331082344055 -0.006568156648427248 0.012025797739624977 -0.018846556544303894 0.12579524517059326 0.0484141930937767 0.04468129202723503 0.09345011413097382 0.07157005369663239 -0.0346524603664875 0.027475452050566673 -0.05869350582361221 -0.2103024423122406 -0.10450033843517303 -0.10821429640054703 -0.14675654470920563 -0.10820868611335754 0.05388820171356201 0.14089003205299377 0.1348470002412796 0.05845257267355919 -0.05768348276615143 0.05237903818488121 0.00020811558351852 0.058995336294174194 0.14205119013786316 0.0671350285410881 -0.07792249321937561 0.02473641186952591 0.09209878742694855 -0.06477116793394089 0.036505114287137985 0.041373707354068756 0.01245929952710867 -0.06555924564599991 0.0800672397017479 0.0819791853427887 -0.04476692155003548 0.11277321726083755 -0.006496787536889315 -0.0556810237467289 0.07474956661462784 0.026114189997315407 0.0111622903496027 -0.010429644025862217 0.07699866592884064 0.05871649086475372 -0.06483016163110733 -0.01750056818127632 0.08818389475345612 -0.004640904720872641 -0.13496088981628418 -0.005385688040405512 -0.1282166987657547 0.03183933347463608 0.10616189986467361 0.030084189027547836 0.0014507239684462547 0.07954632490873337 -0.025095149874687195 0.041340943425893784 0.119935542345047 -0.016940414905548096 -0.0866461768746376 -0.10758130997419357 -0.05155058950185776 -0.007096678484231234 -0.030933497473597527 -0.02582906186580658 0.0007168770534917712 -0.14309757947921753 -0.0021212990395724773 0.05547776073217392 -0.026200277730822563 -0.1383156180381775 -0.09178871661424637 -0.20720550417900085 -0.1517738699913025 -0.013144970871508121 -0.16991452872753143 0.04822684824466705 -0.14974625408649445 0.008531368337571621 -0.04566112533211708 0.05029820650815964 -0.03453121334314346 0.029774988070130348 0.051576241850852966 -0.07276124507188797 -0.08826363831758499 -0.09589659422636032 -0.05294903740286827 -0.0574784055352211 0.11897322535514832 0.11500106751918793 0.0832088440656662 0.013701018877327442 -0.045654959976673126 -0.029134953394532204 0.12603363394737244 -0.036478471010923386 0.11096571385860443 0.03299017995595932 -0.008857528679072857 -0.053038451820611954 0.0814647525548935 0.016390018165111542 0.06476803123950958 -0.04013026878237724 0.07734794914722443 -0.09956082701683044 -0.011716856621205807 -0.07607653737068176 -0.04333455488085747 -0.12699440121650696 -0.09241955727338791 -0.0902886837720871 -0.012030236423015594 -0.014616388827562332 -0.018043112009763718 0.06871461123228073 0.06665787100791931 0.10955436527729034 0.04753401130437851 0.037294358015060425 0.10650255531072617 -0.04600480571389198 0.0201119352132082 0.10344968736171722 0.06779027730226517 -0.0781036987900734 -0.08257453143596649 -0.10985657572746277 0.028447549790143967 -0.022319262847304344 -0.07715082168579102 0.07225136458873749 -0.05041687935590744 0.17268511652946472 0.006349693518131971 0.18432043492794037 0.039700139313936234 0.1439349502325058 -0.015074675902724266 -0.06156724691390991 0.11333848536014557 -0.07428484410047531 -0.08383579552173615 -0.05377347767353058 -0.05362962558865547 0.07403038442134857 0.03026478737592697 -0.005475595593452454 0.005289424676448107 0.009071625769138336 0.05200832337141037 0.11468096822500229 0.0006523493793793023 0.1011556014418602 -0.0388755202293396 -0.12277405709028244 -0.00032576973899267614 0.08534055948257446 -0.011636540293693542 -0.032846130430698395 -0.12082013487815857 0.05215310677886009 0.03805165737867355 -0.03279478847980499 -0.01892135478556156 -0.10742155462503433 0.0023101032711565495 -0.053712449967861176 -0.01901797577738762 0.028024068102240562 -0.009468111209571362 -0.13131308555603027 0.05672275274991989 0.08213905245065689 -0.09359718859195709 -0.037637658417224884 0.11065154522657394 -0.05471530556678772 0.0011897291988134384 -0.07025717198848724 -0.09055142849683762 -0.08249472081661224 -0.078692726790905 0.059896230697631836 0.035228878259658813 0.03896147012710571 -0.017870811745524406 0.05459579452872276 -0.07495588064193726 0.059804677963256836 0.017588786780834198 -0.057985931634902954 0.01187062170356512 0.01732255332171917 0.0264290701597929 -0.00040675190393812954 -0.010689799673855305 0.05259358882904053 0.04409223422408104 0.18565250933170319 0.12395946681499481 0.14785942435264587 0.10182052105665207 0.09991659969091415 -0.07488253712654114 -0.02696399576961994 0.14602522552013397 0.06339480727910995 0.13273094594478607 0.09860727190971375 -0.04874797537922859 -0.06100993603467941 -0.12081343680620193 0.06798561662435532 0.004196698311716318 -0.11417033523321152 -0.05739286169409752 0.02731986716389656 -0.10059892386198044 -0.1406920999288559 0.04811449721455574 -0.06100378930568695 -0.11847686022520065 -0.11658234894275665 -0.04830813407897949 0.05282988026738167 -0.02000332996249199 -0.010094568133354187 -0.07694916427135468 0.07089606672525406 -0.06104539334774017 -0.012163379229605198 -0.06410100311040878 0.06122785061597824 0.07610099762678146 0.01771000772714615 0.11398348957300186 0.12171375751495361 0.06241178885102272 0.037348002195358276 -0.03960408270359039 -0.018670344725251198 0.0768948569893837 0.06250669807195663 0.0021764838602393866 -0.03988714516162872 0.015825923532247543 -0.07335789501667023 -0.010513615794479847 0.10926765948534012 -0.10048017650842667 -0.10300218313932419 -0.11177688091993332 0.04237837716937065 0.08452817797660828 0.12460469454526901 0.032182466238737106 -0.05546916648745537 -0.1597757190465927 0.07287412881851196 -0.11118930578231812 -0.02482656016945839 0.1422116905450821 0.14566197991371155 0.06570550054311752 0.16069704294204712 0.08697152137756348 -0.061472419649362564 0.08822751045227051 -0.05814516544342041 0.14993786811828613 0.04028325155377388 -0.02863488905131817 0.11686699837446213 -0.006414877250790596 -0.06955818831920624 -0.07596547901630402 -0.05155472829937935 -0.05550109222531319 0.007983660325407982 0.053472839295864105 0.11321277171373367 -0.052422650158405304 0.09784988313913345 0.13143302500247955 -0.03236784785985947 0.049701202660799026 0.061528030782938004 -0.03351695463061333 -0.07656512409448624 -0.06124408170580864 0.07328052818775177 0.0015053884126245975 -0.1049601212143898 -0.05560103803873062 -0.010588311590254307 -0.11143556982278824 -0.020868903025984764 -0.08530059456825256 -0.13406094908714294 -0.028503017500042915 -0.09937630593776703 -0.030071385204792023 0.09014862030744553 0.052645452320575714 -0.08066734671592712 0.0773218646645546 0.08502866327762604 -0.15158653259277344 -0.07230085879564285 0.0277852900326252 0.08123515546321869 -0.018727529793977737 -0.0585896261036396 0.06612260639667511 -0.11043210327625275 0.07736338675022125 -0.14411580562591553 0.06855703145265579 -0.11029833555221558 0.09462429583072662 -0.13361988961696625 0.02141105942428112 -0.11060787737369537 0.1005537211894989 -0.08721674978733063 -0.11642138659954071 0.019276170060038567 -0.10053753107786179 -0.07416446506977081 -0.04985751211643219 -0.04308652505278587 -0.03913549706339836 -0.12836763262748718 -0.02417444996535778 -0.10203605145215988 -0.038740795105695724 0.031163953244686127 -0.001734253135509789 -0.02354886569082737 -0.026566779240965843 0.06373877823352814 -0.08361280709505081 -0.11293438822031021 -0.03626032918691635 -0.1188693642616272 0.044041674584150314 0.05362211912870407 -0.04698193445801735 -0.1274327039718628 0.11466105282306671 0.11959388852119446 -0.02547079510986805 0.01764310523867607 0.09813057631254196 0.03762660175561905 0.07128877192735672 -0.014733223244547844 0.10514265298843384 -0.03423931449651718 0.0404670424759388 -0.13900235295295715 0.044133324176073074 0.04759865254163742 -0.01660994067788124 -0.08374902606010437 -0.002275248523801565 0.06940092891454697 0.10525306314229965 0.03060758300125599 0.09908042103052139 0.05755937471985817 0.035200074315071106 -0.08828137814998627 -0.02294248528778553 0.03091055527329445 0.10309098660945892 -0.1025741845369339 -0.11189550161361694 -0.1370464712381363 0.0606672465801239 0.13328030705451965 0.12022984772920609 -0.045702800154685974 -0.12404820322990417 -0.05796876549720764 -0.08336123824119568 -0.06622694432735443 -0.047304414212703705 -0.18651065230369568 -0.02857591211795807 -0.16466791927814484 -0.03818759694695473 -0.08318090438842773 -0.10535649955272675 -0.11625771224498749 0.03903943672776222 -0.06072751805186272 -0.08026289939880371 -0.09267774224281311 0.052927352488040924 0.10796308517456055 0.0913894772529602 0.11619898676872253 0.12016609311103821 0.06806585192680359 0.10426020622253418 0.06122767925262451 -0.01854114420711994 0.057911913841962814 0.038259562104940414 0.03848573938012123 -0.02857312560081482 0.0918850302696228 -0.07711473852396011 0.02359582483768463 0.06746427714824677 0.12537436187267303 0.06460893154144287 -0.003072204766795039 0.11206402629613876 -0.01617245562374592 -0.10517928749322891 0.06849402189254761 0.03357204049825668 0.06913916021585464 -0.031157875433564186 0.08981838077306747 0.13750813901424408 0.017764722928404808 -0.017132047563791275 -0.0985582247376442 0.016979513689875603 0.03977034613490105 -0.020304720848798752 0.0005398588255047798 0.01148322131484747 0.0483451709151268 0.03655782714486122 0.05498141422867775 -0.11171615123748779 -0.06535039097070694 0.019952718168497086 0.047341298311948776 -0.1256040781736374 -0.04884912446141243 -0.08401881158351898 0.005642739590257406 -0.02427770011126995 0.021229565143585205 -0.09422024339437485 0.053713228553533554 -0.004940903279930353 0.11254974454641342 0.07294826209545135 0.09187671542167664 -0.06271805614233017 0.042277198284864426 0.012353811413049698 -0.019382843747735023 0.07847709208726883 0.019985556602478027 0.016043487936258316 0.11925142258405685 0.06832964718341827 -0.06535087525844574 0.06987203657627106 0.08938221633434296 0.12108258903026581 0.11476334184408188 0.10283631831407547 -0.0023143377620726824 0.07187604159116745 0.0053354548290371895 0.154571995139122 -0.0018068044446408749 0.057083889842033386 -0.02866622991859913 -0.05566137284040451 0.10145503282546997 -0.09106536209583282 0.06709825992584229 -0.06058763340115547 -0.10952548682689667 0.03677930310368538 0.023454036563634872 0.05483844876289368 -0.11987657845020294 -0.08073005080223083 0.017798639833927155 -0.08854718506336212 0.07091230899095535 0.05517003312706947 -0.0656467154622078 -0.03929857537150383 0.05583856627345085 -0.029981346800923347 -0.0011382754892110825 0.05802595242857933 -0.09216975420713425 0.03781113028526306 -0.08372005820274353 -0.10408153384923935 0.09007015079259872 0.05583109334111214 -0.04185229167342186 -0.004857382737100124 0.0020543939899653196 -0.09155724942684174 0.09288764744997025 -0.12016680091619492 0.06800978630781174 -0.07951702177524567 -0.04468899220228195 -0.09629281610250473 -0.011944440193474293 0.09904107451438904 -0.0825626403093338 0.09553856402635574 -0.025784457102417946 -0.08514077961444855 0.08103816956281662 -0.10000704228878021 -0.007015619892627001 -0.03372562676668167 -0.09471620619297028 -0.05398637056350708 -0.04358448460698128 0.03694488853216171 -0.000160617521032691 0.048729389905929565 -0.026249900460243225 0.015659473836421967 0.013830244541168213 0.015933603048324585 -0.09526491910219193 0.11165580153465271 -0.07096009701490402 -0.11983595788478851 0.11204364150762558 -0.000520530273206532 0.05538645014166832 -0.08835909515619278 -0.08859895169734955 -0.08087796717882156 0.07988613843917847 -0.06773436814546585 0.022938929498195648 -0.07989320904016495 0.07864715903997421 -0.11168196052312851 0.033614519983530045 -0.03661763295531273 0.07252655178308487 0.033396802842617035 -0.026758948341012 -0.0018956719432026148 -0.10217059403657913 0.036006998270750046 -0.08236658573150635 -0.12861530482769012 0.038790564984083176 -0.09935345500707626 0.014744585379958153 -0.0424741692841053 0.05012638494372368 0.05907077342271805 0.12434443831443787 -0.06810986250638962 -0.04229574277997017 0.11622564494609833 0.03903455659747124 0.05622076615691185 -0.05194656178355217 0.03114587813615799 -0.03165067732334137 0.020842306315898895 0.0034677975345402956 -0.052042994648218155 -0.00969694647938013 -0.016273267567157745 0.0682048574090004 -0.03580101206898689 0.0830247551202774 0.0686512142419815 -0.033503349870443344 -0.0684240385890007 0.04677552357316017 -0.03199709951877594 0.12920576333999634 0.040968842804431915 0.014367964118719101 0.053733449429273605 0.0801505595445633 0.05822918191552162 -0.03649606928229332 0.10337240993976593 0.08160445839166641 0.0643330067396164 -0.010577894747257233 0.12657375633716583 0.13165254890918732 0.018910637125372887 0.1020873412489891 0.01642615906894207 -0.04867755249142647 -0.09681076556444168 0.11007904261350632 -0.1218014508485794 0.02191968448460102 0.012109010480344296 -0.000677240255754441 0.013108387589454651 0.06258177757263184 -0.07368270307779312 0.008688203059136868 -0.06117454916238785 -0.01456933282315731 -0.011533441953361034 0.058022066950798035 -0.14126642048358917 0.07842166721820831 -0.06512512266635895 -0.0029319170862436295 0.06303440034389496 0.07603516429662704 0.05063975602388382 0.07425855100154877 -0.016888847574591637 -0.07518935948610306 0.05657193437218666 0.10345937311649323 -0.04325949773192406 -0.0409255176782608 -0.003015981987118721 -0.14768102765083313 0.08351684361696243 -0.07478176802396774 -0.012668727897107601 0.09266504645347595 -0.019571540877223015 -0.1488223820924759 -0.12718039751052856 0.06150594353675842 -0.04984584450721741 -0.008504156023263931 0.1778123825788498 0.15374810993671417 -0.08050663769245148 0.11544419825077057 0.015994256362318993 -0.05465855449438095 -0.06302421540021896 -0.051439303904771805 0.042346857488155365 -0.09813174605369568 -0.045936502516269684 -0.018645426258444786 -0.013042159378528595 -0.052174776792526245 0.05149577185511589 0.005737179424613714 0.06444571912288666 0.01893865317106247 -0.06746958196163177 -0.06111668795347214 0.06623228639364243 0.08291979134082794 0.03277858346700668 -0.12328372895717621 -0.10407433658838272 -0.0625782385468483 0.03963321074843407 -0.042647138237953186 0.10763011872768402 0.04154687747359276 0.12075024843215942 0.01380050741136074 -0.03851815685629845 0.09575364738702774 0.012641515582799911 -0.10314877331256866 -0.021154893562197685 0.04548511281609535 -0.09509214758872986 0.009221803396940231 -0.05212016403675079 0.05616926774382591 0.12083200365304947 0.0884181410074234 0.02733701840043068 -0.06582897156476974 -0.04557465389370918 -0.1224001944065094 0.027035295963287354 0.051198650151491165 0.046720679849386215 0.03732513263821602 -0.02028200402855873 -0.09771382063627243 0.03747672587633133 -0.1729079633951187 -0.0020907355938106775 0.03705038130283356 0.026518629863858223 0.017972871661186218 0.05964435636997223 0.053306542336940765 -0.11237119138240814 -0.13271425664424896 -0.09871795773506165 -0.12218926101922989 0.039161499589681625 -0.11827357113361359 0.042767319828271866 0.10342235118150711 0.13344375789165497 0.010336381383240223 0.07404090464115143 -0.07556688040494919 0.1019493043422699 0.1255103200674057 0.1426440179347992 0.02880368009209633 -0.03197449818253517 0.05336350202560425 0.005471748765558004 0.05869464948773384 0.015668917447328568 0.011533243581652641 -0.0419086329638958 0.10529844462871552 -0.08720773458480835 -0.001502920058555901 0.053001806139945984 -0.054083600640296936 0.04333924874663353 0.060789983719587326 0.02587900497019291 -0.08028563857078552 -0.08441764861345291 0.1221734881401062 0.016701068729162216 -0.04788992926478386 0.061283212155103683 0.04781624674797058 -0.02511865831911564 0.0518474318087101 -0.058845534920692444 -0.03968043252825737 -0.01963525079190731 -0.07709147781133652 -0.11314794421195984 -0.09343121945858002 -0.05452914908528328 0.02593071572482586 0.11754284054040909 -0.060420721769332886 0.0803365632891655 -0.12067653238773346 0.09181205183267593 0.016380945220589638 0.006163847167044878 -0.0011873417533934116 -0.03173906356096268 0.037600789219141006 0.01004709955304861 0.042051203548908234 -0.04217613860964775 -0.02873947098851204 0.11806178838014603 0.060893699526786804 0.08691652119159698 0.12793706357479095 0.04576436057686806 0.13484296202659607 0.025712188333272934 0.022231368348002434 0.1543082445859909 0.00985321868211031 0.0923987627029419 -0.000810392142739147 -0.07942523807287216 0.07368814945220947 0.008585911244153976 -0.02560662478208542 0.120662622153759 0.11530110239982605 0.0405619740486145 0.01427048072218895 -0.03386133909225464 0.1158408597111702 0.13066238164901733 0.006381542421877384 -0.10914082825183868 0.006696721538901329 -0.03854270651936531 0.02238406054675579 -0.0664021447300911 -0.08822916448116302 0.0868939757347107 0.03949965164065361 -0.009463965892791748 0.02407914400100708 0.05120597407221794 0.10941977053880692 -0.039844777435064316 0.00959242694079876 0.10371096432209015 0.05898648127913475 0.06923354417085648 -0.0006943467305973172 0.02012120559811592 -0.02696312591433525 -0.04408523067831993 -0.033566687256097794 -0.09995677322149277 0.1032065898180008 0.07742352038621902 0.009308457374572754 -0.15474119782447815 -0.08550538867712021 -0.09705056250095367 0.03348226100206375 -0.12966184318065643 -0.012410290539264679 -0.05828115716576576 0.04346208646893501 -0.10414166748523712 -0.017814889550209045 0.00601574033498764 -0.10013779997825623 0.04567108675837517 -0.10295548290014267 -0.08901551365852356 -0.054854974150657654 -0.1113269105553627 6.904340989422053e-05 0.0983370989561081 0.035328660160303116 0.046673357486724854 0.053794920444488525 -0.0502217635512352 0.08344417810440063 0.08019786328077316 0.10779757797718048 -0.075508713722229 0.04447617754340172 -0.02121753618121147 -0.06924324482679367 0.04709632322192192 -0.10457320511341095 -0.11254015564918518 0.08927619457244873 0.04934648796916008 0.051604557782411575 -0.008989793248474598 0.017982235178351402 -0.020561277866363525 -0.13048799335956573 -0.0002173436660086736 -0.018787149339914322 -0.04789377748966217 0.09963377565145493 0.007227941416203976 0.05001029372215271 -0.0008992169168777764 0.08660644292831421 -0.08823046833276749 0.07789165526628494 -0.11130945384502411 -0.017586251720786095 0.07432302087545395 0.003872883738949895 -0.1411200612783432 -0.03221340477466583 0.047509998083114624 0.057878464460372925 0.002124669263139367 -0.12148873507976532 0.10636607557535172 0.07792996615171432 0.038322798907756805 0.06341218203306198 0.05480315908789635 -0.04023142531514168 -0.10526342689990997 0.06766383349895477 -0.09181307256221771 -0.028944561257958412 0.0729033499956131 -0.07954031229019165 -0.035586923360824585 -0.0939866378903389 -0.06832735985517502 0.0395648255944252 -0.11333966255187988 -0.09893778711557388 -0.024920854717493057 0.005095281172543764 0.01087882835417986 0.04931577295064926 -0.0776943489909172 -0.04019858315587044 -0.04005889594554901 -0.04689917713403702 -0.10376397520303726 0.036670275032520294 -0.10237659513950348 -0.12194386124610901 -0.024566441774368286 -0.11457456648349762 0.022336449474096298 -0.060374338179826736 0.0047066351398825645 -0.0814860612154007 -0.06799288094043732 0.07278496026992798 0.06728905439376831 0.05950448289513588 -0.1087527647614479 0.009070923551917076 0.04278918728232384 -0.08043058216571808 -0.01959732174873352 0.02789035439491272 0.03706517070531845 0.0395200215280056 0.047660186886787415 -0.0056112115271389484 0.042914774268865585 0.004656306002289057 0.04367281496524811 0.028661247342824936 0.0017866701819002628 -0.07769809663295746 -0.014295503497123718 -0.04398440197110176 0.08155713230371475 -0.03179047629237175 0.08760958164930344 0.06428935378789902 0.03862377256155014 0.044693075120449066 -0.007146644871681929 -0.13086795806884766 -0.016235563904047012 0.13390380144119263 0.08628358691930771 0.04035002365708351 0.11653170734643936 -0.079596608877182 0.10548631101846695 0.05097392946481705 -0.12025651335716248 -0.07173829525709152 -0.12050969898700714 0.05634339898824692 0.02167178876698017 0.05444125831127167 0.09096843004226685 -0.07749099284410477 -0.11028789728879929 0.07342012226581573 0.029447633773088455
b1 64
-0.029055465012788773 0.02346404455602169 0.024625184014439583 0.01838618330657482 0.01597174070775509 -0.00328641664236784 -0.19111338257789612 0.03433246165513992 -0.15852993726730347 0.13182960450649261 -0.24082398414611816 -0.05913274735212326 0.15339545905590057 -0.08082377165555954 0.09283460676670074 0.15676769614219666 0.10820066928863525 -0.20379699766635895 -0.32612675428390503 -0.06492762267589569 0.25773680210113525 -0.18647970259189606 0.1566719263792038 -0.10079102963209152 -0.1436978429555893 0.21124140918254852 -0.07507147639989853 -0.07868445664644241 -0.09799174964427948 -0.1182929202914238 0.18158592283725739 -0.22845867276191711 0.22991910576820374 -0.21496014297008514 -0.040937673300504684 -0.18974202871322632 0.18400517106056213 -0.10544717311859131 -0.16478462517261505 0.08213330805301666 0.12028921395540237 -0.12107323110103607 -0.100327268242836 -0.11939863860607147 -0.1551991105079651 0.16873633861541748 0.011463381350040436 0.10898122936487198 0.030243253335356712 -0.0644017904996872 -0.3117178678512573 -0.10424237698316574 -0.009505984373390675 -0.21050626039505005 -0.10514208674430847 0.2408882975578308 -0.11207558214664459 0.17288002371788025 -0.1544666886329651 0.025205442681908607 0.09236933290958405 -0.12551626563072205 -0.22236426174640656 0.06885740906000137
W2 4096
0.09888475388288498 -0.012078368104994297 0.01704373210668564 0.06055328622460365 -0.1037701815366745 -0.08715040981769562 -0.015472729690372944 0.08665113151073456 -0.0802963525056839 -0.025617379695177078 -0.08053512126207352 -0.034666795283555984 -0.015040155500173569 0.005093464162200689 0.00039655310683883727 0.07642863690853119 -0.05761174112558365 0.11789968609809875 -0.17173229157924652 0.08950795233249664 0.009012401103973389 -0.04335238039493561 -0.10227925330400467 -0.09930785000324249 0.1412135362625122 -0.01488823164254427 -0.07789669930934906 0.09843189269304276 0.1702713519334793 0.12323879450559616 -0.030589867383241653 0.053165409713983536 -0.1788996458053589 0.006439941469579935 0.053216587752103806 -0.06405910104513168 0.1034860759973526 -0.08498697727918625 0.06821878999471664 -0.1159936711192131 -0.12393674999475479 0.009768134914338589 0.07960662990808487 -0.002833153121173382 0.06336146593093872 0.10065867751836777 -0.11593595892190933 -0.04492434859275818 0.01923154853284359 -0.13930034637451172 -0.038626182824373245 0.13587379455566406 0.15938101708889008 0.06392014026641846 -0.16854359209537506 -0.18120789527893066 0.08129929006099701 0.11194891482591629 0.10339102149009705 0.0147504648193717 -0.042477671056985855 0.13057385385036469 -0.0008027509320527315 -0.14359760284423828 -0.06686576455831528 -0.07314936071634293 -0.03979101777076721 -0.05919113755226135 0.043181002140045166 0.08184034377336502 0.12581780552864075 0.019407086074352264 0.07150454074144363 0.1211761087179184 -0.08284402638673782 0.026258718222379684 -0.10975994914770126 0.15345515310764313 -0.1457868069410324 0.04378872364759445 -0.042260732501745224 0.09293204545974731 -0.10840475559234619 0.0632973313331604 -0.13002818822860718 0.05166272446513176 -0.08306343853473663 -0.03450274094939232 0.005721047054976225 -0.10687721520662308 -0.005495469085872173 0.07063319534063339 0.14218297600746155 0.14847485721111298 -0.08188643306493759 0.07750054448843002 -0.1576167345046997 -0.06305578351020813 -0.043860480189323425 -0.042316973209381104 0.09828872978687286 0.09043154865503311 0.10549826174974442 -0.044220179319381714 -0.1563054323196411 -0.01861005648970604 -0.0168379507958889 -0.06517399847507477 -0.02750401571393013 -0.10902366042137146 0.07898031920194626 0.030581260100007057 0.04590422660112381 -0.16939420998096466 0.011005808599293232 0.011819110251963139 0.05182742699980736 -0.004486201796680689 -0.010739770717918873 -0.13377365469932556 0.10301651060581207 -0.0883803442120552 0.036084916442632675 0.05695983022451401 -0.02854585461318493 0.152713343501091 -0.08666174113750458 -0.05928376689553261 -0.039761364459991455 0.05313001200556755 -0.09251570701599121 0.0262657068669796 0.10094111412763596 0.0989157184958458 -0.07332615554332733 -0.04470149427652359 -0.02535291388630867 -0.04053110629320145 -0.018159938976168633 0.1083439365029335 0.05793172866106033 -0.02171551063656807 -0.019052958115935326 -0.041251227259635925 0.044672008603811264 0.031529832631349564 0.08981723338365555 -0.0010220062686130404 0.05900147557258606 -0.0076912990771234035 0.040747929364442825 0.0012573676649481058 0.02734110690653324 0.15426109731197357 -0.07482617348432541 -0.07823644578456879 -0.0638614073395729 -0.1608794778585434 0.023043783381581306 -0.027753084897994995 0.05290091782808304 -0.02978513576090336 -0.008048610761761665 0.01845749467611313 0.023261383175849915 0.1326989233493805 0.027178090065717697 0.1669333428144455 0.06884022057056427 0.06900913268327713 0.0006870173965580761 0.1503589004278183 -0.11630526930093765 -0.012469043955206871 0.1407431662082672 0.06914789229631424 0.025123702362179756 0.12903432548046112 0.06581271439790726 -0.006237470544874668 0.10195894539356232 -0.1413584053516388 -0.07772025465965271 0.002846710616722703 -0.07944044470787048 0.01688164286315441 -0.004870137665420771 0.06777821481227875 0.1581583023071289 0.058670204132795334 0.003974757622927427 -0.004928148351609707 0.11379494518041611 -0.053284574300050735 -0.05997113138437271 -0.048255495727062225 0.002733381697908044 0.04927745833992958 -0.008709525689482689 0.011931468732655048 0.004015300888568163 0.013366741128265858 -0.16129304468631744 -0.038389574736356735 -0.005992186721414328 0.15017478168010712 -0.051631681621074677 -0.051602862775325775 0.025975413620471954 -0.026586581021547318 -0.07650772482156754 0.11970063298940659 -0.07711932063102722 0.019555315375328064 0.09041573852300644 0.062265440821647644 0.13318930566310883 -0.10322470963001251 0.01814209297299385 0.09223859757184982 0.13728772103786469 0.004473160021007061 0.04581454396247864 -0.03466097638010979 0.005915868561714888 0.08066529780626297 -0.07624080032110214 0.038156844675540924 -0.016410956159234047 0.05068182200193405 -0.0043364884331822395 0.09160643070936203 -0.09287333488464355 0.08722802251577377 -0.00413660379126668 -0.017732976004481316 -0.025242336094379425 -0.000938252080231905 -0.08411895483732224 -0.0057141827419400215 0.07206263393163681 -0.12530092895030975 -0.06232176721096039 0.04617143049836159 0.1305021047592163 -0.0410040058195591 -0.048080213367938995 -0.12090050429105759 0.08286167681217194 -0.09321468323469162 0.027267705649137497 -0.0815635547041893 -0.09075907617807388 0.0019800812005996704 0.11932476609945297 -0.07663848251104355 0.11199015378952026 0.12259978801012039 -0.08536902070045471 0.03293761983513832 0.11193177849054337 0.08353856950998306 0.10486417263746262 0.09551262855529785 0.09628011286258698 -0.04096231237053871 -0.032980963587760925 -0.0904327854514122 0.06553801894187927 0.12176959961652756 0.04817602410912514 -0.045267123728990555 -0.06465426087379456 0.08298508822917938 0.10656683146953583 0.07734540849924088 0.0680585503578186 0.0271361842751503 -0.09272012859582901 -0.09051993489265442 0.12201772630214691 -0.06416261941194534 0.04058259353041649 0.04244626685976982 0.09784841537475586 0.02536611817777157 0.08288970589637756 0.1175728589296341 -0.14080575108528137 0.04656314477324486 0.12115969508886337 -0.04490295425057411 0.03002648800611496 0.04574329033493996 0.16844287514686584 -0.09602832049131393 0.09219451248645782 0.0766424685716629 0.05577373877167702 -0.04072277992963791 -0.027232669293880463 0.03400920331478119 -0.00303870951756835 -0.025298891589045525 0.03643915429711342 0.08571873605251312 -0.029809847474098206 0.061844319105148315 0.08614922314882278 0.1070491299033165 0.059267863631248474 0.08547636866569519 0.08671309798955917 -0.05107273533940315 0.08934568613767624 -0.038233816623687744 0.06811102479696274 -0.07466845214366913 -0.036373283714056015 -0.03422440215945244 -0.03337886184453964 0.027500810101628304 -0.11058077961206436 0.06616812199354172 0.06454496830701828 -0.0528167262673378 0.03823385387659073 0.02775365300476551 0.0742368996143341 0.05235878378152847 0.007407238706946373 0.032851263880729675 -0.0494018979370594 0.08795415610074997 0.010792039334774017 0.07319676131010056 -0.05568820610642433 0.020738018676638603 -0.05705491080880165 0.1329425573348999 0.01455740537494421 0.0774001032114029 -0.0382976196706295 -0.015522899106144905 -0.07322487235069275 0.013052383437752724 -0.08769648522138596 0.04139106720685959 0.12775658071041107 -0.09589456021785736 0.06580043584108353 -0.02298893593251705 -0.04598085582256317 0.025120848789811134 0.04039832949638367 0.055016808211803436 0.01752212643623352 -0.055053167045116425 0.011478560976684093 0.005269132554531097 -0.0495339035987854 -0.009714803658425808 -0.04101857170462608 0.001995803788304329 -0.010846751742064953 -0.010932737030088902 -0.1101827546954155 -0.02510877139866352 0.002039341488853097 -0.047635652124881744 -0.05246575549244881 0.07515314221382141 0.13772264122962952 0.06885518878698349 -0.1077386811375618 -0.021047014743089676 -0.06840445846319199 0.1006731390953064 0.019610505551099777 -0.027240052819252014 -0.08229164779186249 0.08102145045995712 -0.010935619473457336 0.04011368751525879 0.0786765068769455 0.00413168128579855 0.005586017854511738 -0.002918667159974575 -0.0019030169351026416 0.006513113621622324 0.004197356291115284 -0.039884053170681 -0.010403736494481564 -0.038240641355514526 -0.0022089234553277493 -0.0008288983372040093 -0.07039385288953781 -0.04877500236034393 0.014120546169579029 0.006715490482747555 0.0034699731040745974 -0.042551539838314056 0.00011602028826018795 0.03106790781021118 0.049869198352098465 -0.0023630044888705015 -0.014011560939252377 0.02652415633201599 -0.05708476901054382 -0.029507385566830635 0.07864896208047867 -0.00969001092016697 -0.011193409562110901 -0.00036365262349136174 -0.020841719582676888 -0.012367297895252705 0.04815389961004257 0.02953006699681282 -0.005578759592026472 0.00025816939887590706 -0.010991727001965046 -0.01181057933717966 0.016579564660787582 0.007171932607889175 -0.03370312228798866 -0.029010865837335587 0.000596142141148448 0.025980578735470772 0.008982137776911259 -0.0002979925775434822 0.020815841853618622 0.04587803781032562 -0.007590114139020443 -0.02482924424111843 -0.0028669729363173246 -0.06303665786981583 -0.05203843489289284 -0.013440818525850773 -0.0038265674374997616 -0.050745751708745956 -0.041943106800317764 -0.000871327065397054 0.04790482670068741 -0.0457320511341095 0.04513949528336525 -0.028975211083889008 -0.02467353641986847 -0.011943735182285309 -0.01841433346271515 -0.058529332280159 0.053275078535079956 -0.014244561083614826 0.009464695118367672 0.031844522804021835 -0.061107344925403595 -0.00027763957041315734 0.03435540199279785 -0.04163862764835358 -0.04209195077419281 0.013423094525933266 -0.002756614238023758 0.008866554126143456 0.011760479770600796 0.056514494121074677 -0.0018820733530446887 -0.026263469830155373 0.019470905885100365 -0.024002358317375183 -0.005634025204926729 -0.061702851206064224 0.007961908355355263 -0.011996116489171982 -0.038994308561086655 -0.004785388708114624 0.028477296233177185 -0.0158372949808836 -0.0017495725769549608 0.05581266060471535 -0.01683739386498928 -0.05572764575481415 0.014252640306949615 0.04603971540927887 -0.05866790935397148 -0.07795893400907516 -0.02115723304450512 0.015297644771635532 0.0037369858473539352 -0.01078981626778841 -0.001389164594002068 -0.0295158252120018 -0.018137969076633453 -0.014214730821549892 -0.03911610692739487 -0.009940198622643948 -0.03655356541275978 0.029986953362822533 0.013543803244829178 0.00566462054848671 0.05513009428977966 0.009520284831523895 -0.02112533152103424 -0.03426644951105118 -0.052296705543994904 -0.0038268519565463066 -0.01990765891969204 0.06709863245487213 0.00371016887947917 -0.010856290347874165 -0.008243463933467865 0.012329056859016418 0.0061809648759663105 -0.02488262765109539 -0.0028151136357337236 -0.00984238088130951 -0.01623591221868992 0.01076560840010643 -0.02191207930445671 0.008360687643289566 -0.006284913048148155 0.007615772075951099 -0.05313153564929962 0.0004539490910246968 -0.010450792498886585 0.0057698823511600494 -0.041707515716552734 -0.003686843905597925 -0.020724620670080185 0.0051945908926427364 0.004456391558051109 -0.006436023861169815 -0.007242025341838598 -0.006835162173956633 -0.0005078112008050084 -0.021799331530928612 -0.022259129211306572 -0.006454032380133867 0.0002880771935451776 0.06181323528289795 -0.05453777685761452 0.0045482078567147255 -0.00930245965719223 -0.004329438786953688 -0.01057162880897522 -0.020913012325763702 0.0293715912848711 0.0036296891048550606 0.022291235625743866 0.00029134738724678755 -0.025109730660915375 -0.0004431880370248109 -0.0026932640466839075 0.011368494480848312 -0.02619434893131256 0.008916984312236309 -0.005489179398864508 -0.013503686524927616 -0.005941141862422228 -0.008525158278644085 -0.003032196080312133 -0.01115350890904665 -0.026287537068128586 0.014972278848290443 -0.029817821457982063 -0.027710000053048134 -0.012471790425479412 -0.023206694051623344 -0.02698724903166294 -0.0019353068200871348 -0.03172754496335983 -0.0016586456913501024 -0.02161482535302639 0.016666525974869728 0.006893523503094912 -0.02918148599565029 -0.008596139028668404 -0.02763187326490879 -0.0798301249742508 -0.06291872262954712 0.0600583590567112 -0.07291609048843384 0.017046894878149033 -0.015014028176665306 0.049865271896123886 -0.08959097415208817 -0.07374516129493713 0.015659859403967857 0.010358940809965134 -0.007712129503488541 -0.0036129611544311047 0.04796556383371353 -0.003603244200348854 -0.16237971186637878 -0.011437359265983105 -0.018351972103118896 0.08549319952726364 -0.03817402571439743 -0.021813225001096725 0.0862588956952095 -0.06274917721748352 -0.029086096212267876 -0.04164464771747589 -0.06719791144132614 0.004787010606378317 0.010384539142251015 0.09051544964313507 0.07183186709880829 -0.01819809526205063 -0.020592767745256424 -0.012074662372469902 0.11888661235570908 0.10166380554437637 0.03154420852661133 0.024904849007725716 -0.12450140714645386 -0.1172034740447998 0.0447300523519516 0.013004723936319351 0.03503381460905075 -0.05097450688481331 -0.0004589225572999567 0.030319029465317726 0.04119272902607918 -0.030487680807709694 0.003892649430781603 -0.03383621573448181 -0.01596943475306034 -0.016239263117313385 0.00014090631157159805 -0.1260155290365219 0.1058768555521965 0.08275824785232544 -0.08147066086530685 -0.049481041729450226 0.001530915149487555 -0.01735181175172329 0.04780561849474907 -0.05493010953068733 0.07590782642364502 0.1403646022081375 -0.07439782470464706 0.04355292022228241 0.03167783096432686 -0.059873681515455246 -0.014502586796879768 -0.03062269277870655 0.10678024590015411 -0.07781373709440231 0.04029196500778198 -0.1039782464504242 0.008315795101225376 0.0007432253332808614 -0.016991961747407913 -0.05942698195576668 -0.12314996868371964 0.058010924607515335 -0.08619778603315353 0.06513971090316772 -0.0192565955221653 -0.04152600094676018 0.1184283122420311 0.14316540956497192 0.06845153868198395 0.08800116926431656 -0.008288264274597168 -0.0994851216673851 0.07113612443208694 -0.04552032798528671 -0.09530258923768997 -0.06339429318904877 0.06099952757358551 0.048602137714624405 -0.2114589810371399 -0.040677640587091446 0.019254839047789574 -0.07876384258270264 -0.028341243043541908 -0.012701442465186119 -0.13474662601947784 -0.12922628223896027 0.07441191375255585 -0.08213330805301666 -0.012047823518514633 -0.017697663977742195 0.019108925014734268 -0.07514649629592896 -0.005999898537993431 0.03017883375287056 0.0895596519112587 0.05122140049934387 0.002459737006574869 0.08577898144721985 -0.014827082864940166 -0.029022540897130966 0.026917405426502228 -0.05306771397590637 0.10404222458600998 0.13138623535633087 0.09830567985773087 0.024832701310515404 0.013405612669885159 0.05196072533726692 -0.09440837800502777 -0.03328601270914078 0.09662385284900665 -0.04142944514751434 0.08933191001415253 0.016043372452259064 -0.0029581247363239527 0.06302541494369507 -0.07886534184217453 -0.10708048194646835 0.09046012163162231 -0.09248899668455124 -0.11456238478422165 0.11933793127536774 0.09737852215766907 0.021797744557261467 -0.07113835960626602 0.07153299450874329 0.11669085174798965 -0.0749838724732399 0.007647515740245581 -0.06481082737445831 0.013474054634571075 0.15464895963668823 -0.1548280119895935 0.030276767909526825 0.0431508794426918 0.006505085155367851 0.13742217421531677 0.11438527703285217 -0.009068234823644161 -0.010475432500243187 -0.11570094525814056 0.06610430777072906 -0.16865529119968414 0.029916640371084213 -0.13903653621673584 0.09450532495975494 0.0779159814119339 0.1294836401939392 -0.07563924789428711 -0.028256751596927643 0.11151663959026337 0.14276595413684845 -0.020566727966070175 -0.05089247599244118 -0.0597701333463192 0.02129606530070305 0.16258881986141205 -0.0015083790058270097 0.0009365714504383504 -0.10866288095712662 -0.05070628970861435 -0.09582722932100296 -0.03989610821008682 -0.11532096564769745 -0.11323585361242294 -0.12007803469896317 0.054666925221681595 0.048349473625421524 -0.03896115720272064 -0.052732449024915695 -0.027399415150284767 0.08923530578613281 0.036079298704862595 -0.0636078417301178 0.03995313495397568 -0.06314636021852493 -0.04916029050946236 0.09455088526010513 -0.030405033379793167 0.11588799953460693 0.06524212658405304 -0.0274141114205122 -0.09723030775785446 -0.17406828701496124 0.008997159078717232 -0.0020988129545003176 -0.05243096128106117 0.10113487392663956 0.03904298320412636 0.1177361011505127 0.01354388240724802 -0.028160974383354187 0.09369807690382004 -0.15682637691497803 -0.0366378128528595 -0.10188117623329163 0.05745549499988556 -0.049386292695999146 0.048843447118997574 -0.06661878526210785 -0.0728612020611763 0.10088586807250977 0.035734616219997406 0.08151941001415253 0.06039267033338547 -0.08633462339639664 -0.029828565195202827 -0.08084516227245331 -0.026476431638002396 -0.15364569425582886 -0.01207159273326397 -0.028221189975738525 0.10455086082220078 -0.07916899770498276 -0.03429577127099037 0.07881493121385574 -0.03501833602786064 0.00014509096217807382 0.07879580557346344 -0.042111147195100784 -0.08346014469861984 -0.06429138779640198 -0.08491978794336319 0.03377179428935051 -0.045840490609407425 -0.030802616849541664 -0.05311230197548866 -0.13455095887184143 -0.05879645794630051 -0.0008136496180668473 0.06703389436006546 -0.0008187468047253788 -0.0018363503040745854 -0.0070226965472102165 -0.12924209237098694 0.03107317164540291 0.022748427465558052 -0.054051242768764496 0.01252332329750061 -0.060406751930713654 -0.04406387358903885 0.11362145841121674 0.1075487732887268 0.03105364553630352 0.009910628199577332 0.026143502444028854 -0.07349348068237305 0.09338942170143127 -0.10754366964101791 -0.12250476330518723 -0.0070710256695747375 -0.025409607216715813 0.08069347590208054 -0.09857551753520966 -0.02864406257867813 0.055293008685112 0.09580757468938828 0.10059131681919098 0.12387145310640335 -0.15161465108394623 0.056886348873376846 0.077222540974617 0.1161772757768631 0.038109246641397476 -0.14512190222740173 0.0005284221842885017 -0.011334008537232876 -0.0465812124311924 0.08849679678678513 0.0049030533991754055 0.055945854634046555 -0.02630297653377056 0.15968260169029236 0.03510323911905289 0.08503960818052292 -0.03342273086309433 -0.059093277901411057 -0.014540551230311394 -0.11434834450483322 -0.17068588733673096 0.0885821059346199 -0.0322515070438385 0.08050945401191711 -0.04741239547729492 0.10575748980045319 -0.03976251557469368 0.031539786607027054 -0.0597013421356678 -0.04423796012997627 -0.006455198861658573 0.1117924228310585 0.15052516758441925 0.06762420386075974 -0.08524158596992493 -0.10950276255607605 0.16319330036640167 -0.023424725979566574 -0.06656108051538467 0.043455712497234344 -0.09015022963285446 -0.0013937643961980939 0.0067595005966722965 0.05991246923804283 0.136684387922287 0.04276047646999359 0.10876694321632385 0.05209691449999809 0.07112520933151245 -0.16654399037361145 0.042245469987392426 -0.07439356297254562 -0.1674979329109192 0.07445073872804642 -0.1171702891588211 -0.12342499196529388 -0.05203743278980255 0.07157838344573975 0.054621100425720215 -0.08328951150178909 -0.01375038456171751 -0.08443252742290497 -0.09702960401773453 0.046379949897527695 -0.0769999623298645 -0.010232200846076012 0.032612282782793045 0.03403288871049881 -0.10091212391853333 -0.00599676463752985 0.019327444955706596 -0.058937251567840576 -0.0599091462790966 0.020425740629434586 0.023719169199466705 -0.01814006082713604 -0.003800485283136368 0.029751993715763092 -0.04003051668405533 0.026138728484511375 0.00024344766279682517 -0.0507095567882061 -0.049067556858062744 -0.05179385840892792 0.0935746356844902 0.031589262187480927 -0.06294022500514984 -0.03012164682149887 0.045994870364665985 -0.04299583286046982 -0.06219477206468582 0.12043027579784393 0.0055403150618076324 0.06479769200086594 0.0686451867222786 -0.029681842774152756 -0.10353679209947586 -0.07946460694074631 -0.033080749213695526 0.08922495692968369 0.09294190257787704 -0.04323290288448334 -0.048556018620729446 -0.05606170371174812 0.07404834032058716 -0.01880788430571556 -0.14612388610839844 -0.0927206501364708 -0.0864071473479271 0.02373010292649269 -0.0619441382586956 -0.015215292572975159 0.0984329804778099 -0.02467883564531803 -0.028711099177598953 0.018472325056791306 -0.019945481792092323 0.07511521130800247 -0.03622868284583092 0.05534002557396889 0.1418183296918869 -0.04315557703375816 0.15464141964912415 0.009773333556950092 0.12057856470346451 0.065920390188694 0.02043597400188446 -0.10067694634199142 -0.02016846276819706 -0.017904631793498993 0.1203446164727211 0.09868180751800537 0.07993742823600769 0.12166596949100494 -0.1287527084350586 -0.06510809063911438 -0.11488296091556549 0.06374774128198624 0.13428466022014618 -0.06508972495794296 0.005851028487086296 0.13474485278129578 -0.03683553636074066 0.07576476782560349 0.03330285847187042 0.04690129682421684 -0.05836157873272896 0.0608740858733654 0.02367495559155941 -0.06183243542909622 -0.04353591799736023 0.15449117124080658 0.0029025268740952015 0.0017078124219551682 0.128534197807312 -0.016089042648673058 -0.08168590068817139 -0.00021398902754299343 -0.10269064456224442 -0.0029925780836492777 0.11135562509298325 0.020557496696710587 -0.07577919214963913 0.16250427067279816 -0.019227804616093636 -0.03631986305117607 -0.1313471794128418 0.09035417437553406 0.13005980849266052 -0.022890562191605568 -0.11961875110864639 -0.11752395331859589 -0.051822103559970856 0.09937272220849991 -0.040973808616399765 0.06684983521699905 -0.051642775535583496 0.05486343428492546 -0.03193049132823944 0.01767854206264019 0.05463006719946861 -0.06348991394042969 0.06145394593477249 -0.0771029070019722 -0.07804889231920242 0.0453018955886364 -0.12439418584108353 -0.11260084807872772 0.031448472291231155 0.04956292361021042 -0.020128674805164337 -0.090706005692482 -0.0509149506688118 0.11001968383789062 -0.05312807857990265 0.00037180015351623297 -0.013559876941144466 0.10985435545444489 -0.08271032571792603 0.055602993816137314 -0.10990922898054123 0.07844094187021255 0.08079788088798523 -0.09398636221885681 0.012327292934060097 -0.059411946684122086 0.0187081266194582 0.0077093662694096565 0.11360283195972443 0.04256037622690201 0.022174270823597908 0.10285697877407074 -0.05230072885751724 0.057770632207393646 0.08661996573209763 -0.08986639976501465 0.05387837067246437 -0.09467241913080215 -0.060993492603302 -0.05694841966032982 -0.0788414254784584 0.022243689745664597 -0.09360381215810776 0.06344607472419739 -0.005657251924276352 0.09051679074764252 0.016730420291423798 0.09512098133563995 0.004156498704105616 0.01960827223956585 0.043455373495817184 -0.04004306718707085 0.023271409794688225 -0.004213198088109493 0.08176380395889282 -0.09806449711322784 0.022071775048971176 -0.012787635438144207 -0.03729211911559105 0.009142523631453514 -0.0023340422194451094 -0.0630083903670311 0.16028869152069092 -0.02947120927274227 0.0339851938188076 0.0427769273519516 -0.18725746870040894 -0.007916037924587727 0.05146079137921333 -0.04700088128447533 -0.03474755212664604 -0.06553200632333755 -0.013513212092220783 -0.00022615522902924567 0.012222351506352425 0.10154742747545242 -0.15262985229492188 -0.026794757694005966 -0.038548149168491364 0.005708423443138599 0.074616439640522 0.01579887978732586 0.0770486518740654 -0.007439970038831234 0.1398131251335144 0.0561821386218071 0.09682723134756088 0.0732845813035965 -0.05283842980861664 0.131208598613739 -0.06354190409183502 0.02296590991318226 0.028649892657995224 -0.03931818902492523 0.0010676912497729063 -0.025617454200983047 -0.15251478552818298 0.1104712188243866 0.03146341070532799 -0.1342480331659317 0.09571240097284317 -0.13306979835033417 -0.02079801633954048 -0.14740923047065735 0.05936504527926445 -0.08654654771089554 -0.1889210194349289 -0.08606068789958954 0.12896227836608887 0.0669393315911293 -0.0023147379979491234 -0.2174050509929657 0.11177216470241547 -0.0885048508644104 0.07054299861192703 -0.07158666104078293 0.046274300664663315 0.0813828557729721 -0.01340444665402174 0.01419222541153431 -0.02354240044951439 -0.04709222540259361 -0.022992882877588272 0.06237326189875603 0.07030775398015976 -0.08634635806083679 0.02000403217971325 0.09249301254749298 0.023107729852199554 -0.0693979561328888 -0.0016069065313786268 -0.00937624927610159 -0.0724334567785263 0.013357088901102543 -0.04686109349131584 -0.018246177583932877 -0.07011960446834564 -0.07898006588220596 0.056411031633615494 -0.1108284741640091 0.01366581954061985 0.08960089087486267 -0.01218040008097887 -0.03160024434328079 -0.03540957346558571 -0.0427192859351635 0.006889336742460728 0.0009071621461771429 -0.09298925846815109 0.0661342516541481 -0.0860021710395813 0.08741883933544159 -0.057003822177648544 0.0491146445274353 -0.009917980059981346 -0.04477737098932266 0.07485124468803406 0.038676053285598755 0.05680540204048157 -0.10183446854352951 0.04093920439481735 0.025023864582180977 -0.025706900283694267 0.06718963384628296 0.02006572112441063 0.06990116089582443 -0.04930177703499794 0.058779437094926834 -0.09603992849588394 -0.08771767467260361 -0.042141951620578766 0.0039400095120072365 0.024370666593313217 -0.05187300592660904 0.012327976524829865 0.12033341079950333 0.06373027712106705 0.015561693347990513 0.11977683007717133 -0.08083020150661469 -0.03713887184858322 -0.11500147730112076 0.013934297487139702 0.08767899870872498 0.0012486266205087304 -0.007083960808813572 -0.00411361875012517 -0.00010805123747559264 -0.009570496156811714 -0.005516873672604561 -0.005853372626006603 0.008262963965535164 -0.02913455106317997 -0.011968578211963177 -0.0052976179867982864 -0.0014288091333582997 -0.00556963961571455 0.0025382856838405132 -0.004164934158325195 -0.010423248633742332 -0.003691861405968666 0.0012671841541305184 -0.00298872753046453 -1.2076151506335009e-05 -0.006017041392624378 -0.020605139434337616 -0.0049027446657419205 -0.0008046787697821856 0.0002569796342868358 -0.014412772841751575 0.002624471439048648 -0.007080469746142626 0.006107190623879433 -0.0010201226687058806 -0.01577655039727688 -0.00809492263942957 -0.010458631440997124 -0.005958425346761942 -0.016574906185269356 -0.0016271317144855857 -0.017894478514790535 -0.008266664110124111 0.007027912884950638 -0.015514122322201729 -0.005462863948196173 -0.0019417289877310395 -0.009196847677230835 0.00012247805716469884 0.000769326463341713 -0.013365424238145351 -0.012324705719947815 -0.010060587897896767 -0.01101138535887003 -0.00252304645255208 -0.015161695890128613 0.00014115571684669703 0.003278842195868492 -0.004620769061148167 -0.0192494485527277 -0.012176936492323875 0.0029031955637037754 -0.015021166764199734 0.0024806938599795103 -0.0008769238484092057 -0.010760977864265442 0.005021919496357441 -0.0008390872972086072 -0.00812316033989191 0.018728213384747505 0.05244959145784378 0.04526999592781067 0.07707831263542175 0.0539967305958271 -0.014860882423818111 -0.024430807679891586 0.06486256420612335 -0.05509783327579498 -0.034641917794942856 0.08351172506809235 0.07636799663305283 0.012431136332452297 -0.060147475451231 0.09796008467674255 -0.05178525671362877 -0.018448984250426292 0.09092936664819717 0.0037216993514448404 -0.09086096286773682 -0.019611991941928864 -0.08655581623315811 -0.10813814401626587 -0.004968163091689348 0.04674329608678818 0.11894750595092773 0.10755665600299835 0.09168879687786102 0.04324640333652496 -0.004498401191085577 0.06526118516921997 -0.14215388894081116 0.05389498174190521 0.02788679115474224 0.012689250521361828 -0.05361436307430267 -0.05227711796760559 0.01951891928911209 -0.14365838468074799 -0.03889268636703491 -0.030144382268190384 0.06523872166872025 -0.06619448214769363 -0.014573720283806324 0.03416016697883606 -0.014473026618361473 0.029159819707274437 0.025865865871310234 -0.011307615786790848 -0.08162333071231842 0.027060270309448242 -0.009292121976613998 0.05235343426465988 -0.04082697629928589 -0.09309293329715729 -0.04370282217860222 0.08574789762496948 -0.08650355786085129 0.11608092486858368 0.009967184625566006 -0.02131708338856697 0.03608236089348793 -0.13055554032325745 -0.1492285579442978 0.04239726811647415 -0.03911984711885452 0.02163306064903736 0.04579641669988632 -0.02294928766787052 -0.018277868628501892 -0.06597686558961868 0.034924741834402084 -0.13983045518398285 0.023272644728422165 -0.10520100593566895 -0.20222365856170654 0.02961624413728714 -0.09000734984874725 0.000504338531754911 0.09648312628269196 0.07566023617982864 0.06984493136405945 -0.13276715576648712 -0.10681325942277908 -0.023936070501804352 -0.1477781981229782 0.06168154627084732 -0.012432212010025978 -0.15228526294231415 0.012612366117537022 -0.10385126620531082 0.006115604657679796 0.0186021625995636 -0.09965591132640839 0.0833529606461525 -0.12274136394262314 0.02965949848294258 0.036053936928510666 -0.07800116389989853 -0.03169412910938263 0.10835480690002441 -0.06625702232122421 -0.1695968061685562 0.05250692740082741 0.009977420791983604 0.07733908295631409 -0.057293228805065155 0.05137399211525917 0.03079928457736969 0.15127907693386078 -0.03850610554218292 0.06706602871417999 0.1146448478102684 0.03972954675555229 -0.026205597445368767 0.06549663841724396 0.016043739393353462 -0.023566588759422302 -0.0784599706530571 0.08159055560827255 0.012204187922179699 -0.048299871385097504 0.023225238546729088 -0.05694214999675751 -0.09511756151914597 0.09843314439058304 -0.11149418354034424 -0.023791205137968063 0.12856696546077728 -0.0345381535589695 -0.023133227601647377 -0.07966403663158417 -0.09726645797491074 -0.14000287652015686 0.10552322864532471 -0.058991193771362305 0.04738453030586243 0.029429540038108826 -0.04813246801495552 0.10711142420768738 -0.06379056721925735 0.12355690449476242 -0.15137329697608948 -0.052177634090185165 -0.13444975018501282 -0.05206518992781639 0.08637822419404984 0.09129801392555237 -0.22616146504878998 -0.10675922781229019 -0.042286355048418045 0.06309688836336136 0.10954246670007706 -0.002061425941064954 0.018046628683805466 0.05594007298350334 -0.055868856608867645 -0.04230909049510956 -0.09533566236495972 -0.07944478839635849 -0.02719672955572605 0.05178673192858696 0.054417356848716736 0.0680253878235817 -0.036329250782728195 -0.043341655284166336 0.00855050329118967 0.06508590281009674 -0.10279851406812668 0.0798511952161789 0.039555516093969345 -0.11426159739494324 -0.04274964705109596 0.08050110191106796 0.019172945991158485 0.028576841577887535 -0.03249127045273781 0.06841300427913666 0.02063598856329918 -0.010092965327203274 0.07158870995044708 0.12096812576055527 0.07000859081745148 -0.1684885174036026 0.021046524867415428 0.13637635111808777 0.13046270608901978 -0.04840490594506264 -0.08920197188854218 -0.001749234041199088 0.06940601021051407 0.013183112256228924 0.09074421226978302 -0.02517487294971943 -0.017885789275169373 -0.06936182081699371 -0.08634557574987411 -0.11633320897817612 -0.030886052176356316 -0.09716279059648514 -0.0034775969106703997 0.04982791468501091 0.0024281733203679323 -0.12625060975551605 0.07462677359580994 0.04334748536348343 -0.07719989120960236 -0.02532363310456276 0.05799020454287529 -0.02723388373851776 0.04679083079099655 0.026692932471632957 0.093384750187397 -0.14224112033843994 -0.09073445945978165 0.09078393876552582 -0.07288511097431183 0.0991068109869957 0.00755646824836731 -0.11407274007797241 0.04490823298692703 -0.1096167117357254 0.01277743186801672 -0.12383213639259338 -0.008422775194048882 -0.03221803903579712 -0.08631932735443115 -0.016654182225465775 -0.04896915704011917 0.06197589263319969 -0.07221919298171997 -0.07229453325271606 0.0985894724726677 0.03058772347867489 -0.06003163009881973 -0.030253255739808083 -0.0276753231883049 0.11762265115976334 -0.0269303098320961 0.12029412388801575 -0.0025457849260419607 0.036929886788129807 0.024289457127451897 0.03763560950756073 -0.09874816238880157 0.06692521274089813 0.001140013919211924 0.08905206620693207 -0.05759410932660103 0.05640242621302605 -0.024668730795383453 0.06754453480243683 0.03207053989171982 -0.07117728143930435 -0.01425909623503685 -0.062036558985710144 -0.07205530256032944 -0.11577007919549942 0.05646143853664398 0.023596225306391716 -0.01539898756891489 -0.002183543285354972 -0.04973591864109039 -0.09372609108686447 0.038156088441610336 0.08826921135187149 -0.10124561935663223 0.02226373925805092 -0.08853510022163391 0.0065065231174230576 0.03403973951935768 -0.15616901218891144 0.016789065673947334 -0.035467151552438736 0.11066143214702606 0.014261920005083084 0.11710528284311295 -0.0017345648957416415 -0.04385218769311905 0.01566929556429386 -0.1430061310529709 0.0974375382065773 -0.018233096227049828 -0.062313009053468704 0.0871967002749443 0.04044342413544655 0.00015168852405622602 -0.10043744742870331 0.1029786691069603 -0.04309086874127388 0.09607023745775223 0.04014294221997261 0.03389488160610199 -0.12408100068569183 0.0244841817766428 0.09653811901807785 -0.06702207028865814 -0.06984914839267731 0.07520808279514313 -0.06039290502667427 -0.03389281406998634 0.020396465435624123 8.751240238780156e-05 -0.057110730558633804 0.03592385724186897 0.0038352743722498417 0.08011394739151001 0.08846823126077652 -0.10803840309381485 0.0491977222263813 0.03465497866272926 -0.04559598118066788 0.11364917457103729 0.0733611062169075 -0.03550680726766586 -0.04383731260895729 0.04027314484119415 0.022472204640507698 -0.05309388041496277 -0.007338076364248991 0.05249927192926407 0.09526518732309341 0.07150477916002274 0.051908187568187714 0.02075166441500187 0.096918486058712 -0.10787376761436462 0.08917821198701859 0.10291662812232971 0.054747600108385086 0.06411074101924896 -0.054755788296461105 -0.07608817517757416 0.03721627965569496 -0.05052034184336662 0.03351650759577751 -0.10111473500728607 -0.023920025676488876 -0.09226584434509277 -0.014177234843373299 0.12713958323001862 -0.12326598912477493 -0.0027993996627628803 -0.030167775228619576 -0.11100074648857117 0.0220950860530138 0.001708169118501246 -0.05974959954619408 0.0699668824672699 0.015362297184765339 -0.0286722369492054 -0.027401352301239967 0.000610137009061873 0.03708609193563461 0.1114213764667511 0.01634153164923191 -0.08602135628461838 0.07374214380979538 -0.06318113952875137 -0.05831653252243996 0.09781526029109955 0.04627997428178787 0.07874099165201187 -0.08359258621931076 0.011712241917848587 0.10692406445741653 -0.04829156771302223 -0.10006390511989594 0.036850493401288986 0.06778828799724579 -0.14510802924633026 -0.08943856507539749 -0.10159885138273239 0.03950582444667816 0.09847210347652435 0.07108502835035324 0.0842866376042366 -0.13712993264198303 -0.010391763411462307 0.09152448922395706 0.022524233907461166 -0.038476184010505676 -0.10481153428554535 0.0069205379113554955 -0.06185309961438179 -0.03320109844207764 -0.026954032480716705 0.002453731605783105 -0.026092220097780228 -0.14714790880680084 -0.12308128923177719 -0.04382967948913574 0.022549940273165703 0.09920670837163925 0.022365380078554153 -0.12210305035114288 -0.007212646771222353 0.026220474392175674 -0.03563525527715683 -0.005138896405696869 -0.12175539135932922 -0.007594381459057331 -0.007385190576314926 -0.004352242220193148 -0.022249983623623848 -0.16861192882061005 0.07981179654598236 -0.06818289309740067 -0.006365934852510691 0.005345994606614113 -0.028053803369402885 -0.09291336685419083 -0.10634752362966537 -0.09404119104146957 0.02569756843149662 -0.04447441175580025 0.10955512523651123 0.0695306658744812 -0.04852265492081642 0.000127080682432279 -0.022159837186336517 0.060644716024398804 -0.08702170848846436 0.0686163678765297 0.029401415959000587 -0.004549255128949881 -0.1116587370634079 0.1137906163930893 0.07491467893123627 0.10196015983819962 0.006610558368265629 0.08658154308795929 0.019898170605301857 0.06987420469522476 -0.005381422583013773 0.009735672734677792 0.0969674363732338 -0.03493012860417366 -0.05608440563082695 -0.05777568370103836 0.1041247546672821 0.014851951971650124 0.03644707426428795 0.11008648574352264 -0.03378947824239731 -0.10465338081121445 -0.0819893553853035 -0.08980536460876465 -0.09338615089654922 0.07509878277778625 0.017285875976085663 -0.04526285082101822 0.011447642929852009 -0.07402501255273819 0.08008456230163574 0.036817535758018494 -0.08268482983112335 -0.10168592631816864 -0.13133233785629272 -0.11809805780649185 0.06397528946399689 0.060101382434368134 0.023940978571772575 0.0917973443865776 0.045695945620536804 -0.061672747135162354 0.057312700897455215 -0.05494748800992966 0.025287052616477013 0.062253743410110474 0.0015744869597256184 -0.0582602359354496 0.06333757936954498 0.0711907148361206 -0.016470884904265404 -0.008351442404091358 0.06395043432712555 -0.15201617777347565 0.0271910447627306 -0.11070241779088974 -0.0062700905837118626 -0.11420328170061111 -0.12221222370862961 0.09377694875001907 0.0723898857831955 -0.04177483171224594 0.000797590590082109 -0.058302830904722214 -0.06757133454084396 -0.11444726586341858 0.009178044274449348 0.059383150190114975 -0.0017357259057462215 -0.0853949710726738 -0.05008690059185028 -0.037788741290569305 0.010703091509640217 0.07094649225473404 0.03781756013631821 -0.10242309421300888 0.0006581717170774937 -0.02893243357539177 -0.11412981897592545 0.027055911719799042 0.09560241550207138 0.0989779606461525 0.08650294691324234 0.08225015550851822 -0.03639645129442215 -0.1282380074262619 -0.09426649659872055 0.060387350618839264 -0.001835344941355288 0.09229966998100281 0.1051010861992836 0.10040739923715591 0.10693780332803726 0.10599378496408463 0.07706232368946075 0.0003215168253518641 -0.10161162912845612 -0.11306454986333847 -0.03642601892352104 -0.06127626448869705 -0.1399340182542801 0.04361451789736748 -0.0959014743566513 0.12266646325588226 -0.13549494743347168 0.11172334104776382 -0.00806659646332264 0.13434818387031555 -0.19163528084754944 0.0059734187088906765 -0.02786565013229847 0.016797328367829323 -0.07273061573505402 -0.125713512301445 -0.021785184741020203 0.07422225177288055 0.15826727449893951 0.0423416942358017 0.05674636736512184 0.11519467085599899 -0.05239330232143402 0.07442797720432281 0.06086261197924614 -0.08025994896888733 -0.07359226047992706 0.10695090144872665 0.15028826892375946 0.0019195993663743138 -0.12275299429893494 -0.09488894045352936 -0.03328868746757507 -0.021976644173264503 -0.07365516573190689 -0.04017920792102814 -0.07200940698385239 0.055272918194532394 -0.0587029755115509 0.08187147974967957 0.06749578565359116 0.026273507624864578 0.04733797162771225 -0.04201068729162216 -0.016848186030983925 -0.09779877215623856 0.004107748158276081 0.06509394198656082 -0.04804929345846176 -0.08907420933246613 0.03098888322710991 -0.05839279666543007 -0.06374507397413254 0.02639632299542427 0.10107534378767014 0.08853259682655334 -0.08635557442903519 -0.08481564372777939 -0.03661515936255455 -0.00923204142600298 0.025061020627617836 0.11174063384532928 -0.058619964867830276 -0.08893220126628876 -0.18187330663204193 -0.013094305992126465 -0.004139987751841545 0.04229140654206276 -0.11236495524644852 -0.014918416738510132 -0.05834899842739105 0.15989592671394348 0.0009199970518238842 0.008201214484870434 0.00503613380715251 -0.03899269923567772 -0.1533820778131485 -0.03968917578458786 0.015243398025631905 -0.1168036013841629 -0.02646876499056816 0.06443474441766739 0.12791948020458221 -0.09194015711545944 0.10202548652887344 -0.04648902639746666 -0.007345579564571381 -0.025729399174451828 0.07238726317882538 -0.02960640750825405 0.04216441139578819 0.006130366586148739 0.03444811329245567 -0.11215385049581528 -0.13116692006587982 -0.06858944892883301 -0.018118146806955338 -0.03610514476895332 -0.05163956433534622 0.03982983157038689 -0.016995860263705254 0.052118558436632156 0.013115879148244858 0.059092819690704346 -0.01726003736257553 0.12938392162322998 3.154139267280698e-05 0.038491714745759964 -0.014592573046684265 -0.18457378447055817 0.07434240728616714 -0.10998833924531937 0.08258606493473053 0.09932834655046463 -0.1732192039489746 0.03669889643788338 0.17246532440185547 0.04127618297934532 -0.09141417592763901 -0.03737778216600418 0.03815067186951637 0.07073397934436798 0.03335272893309593 0.05503088980913162 -0.01722577027976513 0.03304167836904526 -0.052891358733177185 -0.062245868146419525 0.07548259198665619 -0.06098499894142151 -0.11868154257535934 -0.013092679902911186 -0.1287134885787964 -0.13033097982406616 -0.06358372420072556 -0.028497252613306046 -0.0313764363527298 -0.054455168545246124 0.020415935665369034 -0.15120655298233032 0.0038949288427829742 0.07727954536676407 0.04279766231775284 0.10451627522706985 -0.09293896704912186 -0.002642684383317828 -0.04514370486140251 0.02587783709168434 0.04101437330245972 -0.020251872017979622 -0.010644801892340183 0.06254754960536957 0.03461172431707382 -0.10032444447278976 0.1151985228061676 -0.08934210240840912 -0.08648620545864105 -0.07073135673999786 -0.07354570180177689 -0.09960372745990753 0.07358766347169876 0.05101120099425316 0.0639401525259018 0.027737105265259743 -0.02989184856414795 -0.09187771379947662 -0.1633058488368988 0.014819244854152203 0.06617847084999084 0.05894635617733002 0.04073621332645416 -0.025431282818317413 -0.06861135363578796 0.07901415228843689 0.10464763641357422 0.06821004301309586 0.07903662323951721 0.1181582510471344 -0.05881955847144127 -0.12763912975788116 -0.09722289443016052 -0.108836330473423 -1.769461066843632e-32 4.4847832980303204e-35 3.398271372787728e-36 -4.821176203882376e-33 -5.914444281551745e-12 -2.7383988614415556e-15 1.3425049492055829e-35 7.77939922883971e-36 6.122723847251454e-22 1.084336645880594e-22 -1.2265767435342162e-33 6.403167980656031e-35 -2.3346184049983264e-20 -1.0660910112351981e-35 5.583472921265282e-23 -1.1220534388980293e-32 -6.614093326260777e-27 2.066632141200226e-35 3.927669631675413e-34 -8.193030608324185e-36 -9.303106795232554e-31 1.155475633127219e-27 5.451176891075812e-33 -1.1518244863715345e-33 -5.663018830793202e-37 2.259143331334037e-31 2.4951413371274384e-32 2.1965234174877493e-33 -2.8068882650667825e-38 -5.388198679204554e-33 2.4789438331254734e-33 -1.3120379379038813e-33 3.432066978866832e-33 4.8070009789207984e-36 2.9982415151033835e-28 -8.786602342459427e-37 -1.660853147090368e-31 8.358024843594961e-35 -2.4169368117596084e-36 1.3700960630684748e-34 5.1613561874866844e-33 -2.522759191190924e-34 -1.7804577430271776e-33 1.533758197763604e-24 -4.066021735182846e-32 -1.1922557064035633e-34 -1.1306726593899375e-34 8.871365752075199e-35 -3.447931291346045e-29 3.6170792837054993e-32 -7.835888964442044e-35 -5.008655729018401e-35 -1.7148132252782166e-35 -4.377649586634998e-36 9.308645950308544e-29 -1.1604046709001039e-30 1.1520244265959668e-35 6.054077122599317e-29 -4.030672783343696e-34 1.1037669253143097e-34 -3.085638003008705e-34 4.807864447824128e-37 -6.258157866814047e-36 -3.787451552904714e-26 0.068262480199337 0.09339528530836105 -0.014186026528477669 -0.10974178463220596 -0.08740930259227753 0.0060761310160160065 0.0744907483458519 -0.05311303958296776 0.11026250571012497 0.011282755993306637 0.09084860980510712 -0.045165546238422394 0.01699841581285 0.060976434499025345 -0.04695070534944534 0.0799933671951294 0.019941050559282303 0.033366721123456955 0.08662287890911102 0.033893365412950516 0.006692854687571526 0.11855850368738174 0.04521971940994263 -0.014827936887741089 0.05408883094787598 -0.0804719477891922 0.019216056913137436 0.13734522461891174 -0.0914684608578682 0.11124638468027115 -0.02179032750427723 0.07434370368719101 -0.04952065274119377 -0.08398795127868652 -0.054861340671777725 -0.002113976050168276 0.03621330484747887 0.03752598911523819 0.02734166942536831 -0.013378656469285488 0.055711325258016586 0.1142720952630043 -0.0394434854388237 -0.12921418249607086 0.07102762907743454 -0.04773402586579323 0.08021270483732224 -0.18714363873004913 -0.06415525823831558 -0.012304018251597881 -0.04426819831132889 0.06659281998872757 -0.13324961066246033 -0.008675460703670979 0.0010156030766665936 -0.0982968732714653 -0.035430602729320526 -0.08065159618854523 -0.025623971596360207 -0.035726506263017654 -0.03340531140565872 0.12952570617198944 0.1375800520181656 0.028674039989709854 0.04721472039818764 -0.028103910386562347 0.02842048741877079 -0.04658651351928711 -0.0836794450879097 -0.0006043402245268226 -0.03845147788524628 0.14078554511070251 -0.16202449798583984 -0.016332577913999557 -0.06360961496829987 -0.08078674226999283 -0.10730943828821182 0.13035517930984497 -0.19944939017295837 -0.23054850101470947 0.019276510924100876 0.14016616344451904 0.0285537950694561 0.17544962465763092 -0.16747666895389557 0.07015060633420944 -0.16300153732299805 0.05810060724616051 -0.06745553016662598 -0.1164642944931984 0.008112329989671707 -0.03813133016228676 -0.06095888093113899 -0.006507979240268469 -0.1759335845708847 0.049554239958524704 -0.19433456659317017 0.14985878765583038 0.0521189384162426 -0.0012522449251264334 -0.015503057278692722 0.0006277748616412282 0.005792995449155569 -0.14552566409111023 0.011691809631884098 0.03778954595327377 -0.05234320089221001 0.006975298747420311 0.11938720941543579 -0.13325534760951996 -0.08141060173511505 -0.11973320692777634 -0.07322601228952408 -0.0717025026679039 -0.094444639980793 0.0825115293264389 -0.04564546048641205 0.1002710834145546 0.035306815057992935 0.0015183582436293364 -0.01025812141597271 -0.11376723647117615 0.0984300747513771 -0.04898322746157646 -0.09651046246290207 0.05470196157693863 0.014917658641934395 0.003317704191431403 0.10936819761991501 -0.09604041278362274 0.056304026395082474 0.07730352133512497 0.00830260943621397 -0.08153603971004486 0.06146451085805893 -0.09138847142457962 -0.01273481547832489 0.06903983652591705 -0.006079884245991707 0.05137799680233002 -0.13086187839508057 -0.03307458013296127 0.046021535992622375 0.09105278551578522 0.00954979844391346 -0.020953338593244553 -0.0995108038187027 0.07052914798259735 0.012743575498461723 0.1157253086566925 0.09603933990001678 0.09535007178783417 -0.03539508953690529 -0.1715834140777588 -0.03464188799262047 0.11360199749469757 0.041309140622615814 0.039918020367622375 0.009346372447907925 0.029034430161118507 -0.10896267741918564 -0.0603177435696125 0.10636436939239502 0.06398940086364746 0.03950118273496628 -0.0660972148180008 0.03440040722489357 0.04928378388285637 0.008632300421595573 -0.06261990964412689 0.08643767982721329 0.03469225764274597 -0.010206235572695732 0.025074319913983345 0.06416269391775131 -0.061679840087890625 -0.0071904584765434265 -0.08401162177324295 0.010389478877186775 -0.056493889540433884 0.09862059354782104 0.0652066096663475 0.0033315601758658886 -0.1259840428829193 0.12637090682983398 0.11537161469459534 -0.038329560309648514 -0.06646983325481415 0.09168050438165665 0.1557224541902542 0.11562782526016235 0.09497304260730743 -0.04961772635579109 -0.00959422904998064 -0.022909831255674362 -0.0331498458981514 0.051248155534267426 0.0016260549891740084 -0.02007267065346241 0.0009262225357815623 -0.0121516864746809 -0.05114873871207237 -0.05057213082909584 -0.04864063113927841 -0.04067850485444069 -0.007761628832668066 -0.02456042729318142 0.009457436390221119 0.0328901931643486 0.014145547524094582 -0.006960553117096424 -0.032863255590200424 0.039382729679346085 -0.03950555622577667 0.001110296812839806 -0.01838267780840397 -0.05619457736611366 -0.07632973790168762 -0.03029877319931984 -0.009767681360244751 0.01238124631345272 0.011627006344497204 -0.04378070682287216 -0.016659919172525406 -0.046588800847530365 -0.055712565779685974 -0.06845343858003616 0.027094796299934387 -0.03071434050798416 -0.011803854256868362 -0.024281347170472145 -0.029270358383655548 -0.011587130837142467 -0.03372274711728096 -0.03056671842932701 -0.03380409628152847 0.0014918989036232233 0.010148406028747559 -0.011948440223932266 -0.02328071929514408 -0.009709715843200684 0.02096565254032612 -0.02364209108054638 0.0022039308678358793 -0.07832679897546768 -0.009270183742046356 -0.024855460971593857 -0.0545821487903595 -0.06064721941947937 -0.007080285344272852 -0.01938699372112751 -0.03164199739694595 -0.020466675981879234 0.025850925594568253 -0.012104076333343983 0.042861294001340866 -0.047425344586372375 -0.011536715552210808 -0.014689866453409195 0.006557838059961796 0.03870834410190582 -0.06692557036876678 -0.0459594652056694 0.08287689089775085 0.08466824144124985 0.03644823655486107 -0.03334493935108185 -0.029118044301867485 -0.029711097478866577 -0.0528140626847744 0.044807061553001404 -0.06346868723630905 -0.042332760989665985 0.07341175526380539 0.02649332396686077 -0.06631284207105637 0.05215304344892502 0.009029501117765903 -0.014637487009167671 0.047328054904937744 -0.07403133809566498 0.05892347916960716 0.04163556173443794 -0.05933110788464546 0.07723473757505417 -0.027669746428728104 -0.060996975749731064 0.012131934054195881 0.046796247363090515 -0.0045664748176932335 0.06319622695446014 -0.04802340269088745 0.019565608352422714 -0.09703858196735382 -0.015503250062465668 -0.08310850709676743 -0.023517558351159096 0.030774394050240517 -0.043796226382255554 0.048232536762952805 -0.02186579257249832 0.03053382784128189 0.018271369859576225 -0.012754534371197224 0.022084355354309082 0.002430374501273036 0.005960028152912855 0.0787050649523735 -0.0983574390411377 -0.00867756363004446 0.0658923014998436 0.027960048988461494 0.017149899154901505 -0.015339053235948086 -0.02504687011241913 0.031475555151700974 -0.03724499046802521 0.02314545027911663 0.01282462291419506 0.014180798083543777 0.06293149292469025 -0.06470562517642975 -0.007228410337120295 -0.10561009496450424 -0.0005957623943686485 0.008243787102401257 0.015221524983644485 0.06918314844369888 -0.030702710151672363 -0.20524495840072632 -0.18581989407539368 -0.03558225557208061 -0.10842905938625336 -0.04833728447556496 0.0177219919860363 -0.06310072541236877 0.010896115563809872 0.0234223622828722 -0.035071589052677155 0.15535442531108856 -0.07868753373622894 -0.018606960773468018 -0.06994767487049103 -0.06207088381052017 -0.02625907212495804 -0.1409929096698761 0.07872297614812851 0.026262054219841957 0.16536258161067963 -0.06467343866825104 -0.079639732837677 0.008481152355670929 -0.06039533019065857 0.14689099788665771 0.07696963101625443 -0.04316025972366333 0.09047369658946991 0.02164832502603531 0.00606713118031621 -0.099998839199543 -0.09322887659072876 -0.05665771663188934 -0.003447926603257656 -0.15204966068267822 0.057892486453056335 0.04481826350092888 0.044126465916633606 -0.09326444566249847 0.0066514587961137295 -0.04439552128314972 -0.1793590635061264 0.020663456991314888 0.1353560835123062 0.14452403783798218 -0.11987760663032532 -0.14544770121574402 -0.01660126820206642 -0.08668031543493271 0.07050714641809464 -0.01734008640050888 0.04793734848499298 0.11728561669588089 0.0444941520690918 0.005363976117223501 -0.08057177066802979 0.107057124376297 0.08671001344919205 -0.10355044901371002 -0.05939272418618202 -0.07595586031675339 0.10292282700538635 -0.07577886432409286 0.06693578511476517 -0.03961656615138054 0.07876277714967728 0.05687621235847473 0.07976782321929932 0.09811029583215714 0.0025795616675168276 0.04024532809853554 -0.08917532116174698 0.03864460065960884 -0.11635419726371765 -0.056458596140146255 0.00926675833761692 -0.05798235163092613 -0.028911106288433075 0.0020937779918313026 -0.01944904960691929 0.0536213181912899 0.000862005865201354 0.030277447775006294 -0.018094303086400032 0.059214793145656586 0.024913985282182693 -0.10558176785707474 0.08934395760297775 -0.08643143624067307 0.05256536230444908 -0.08604992181062698 0.05322706326842308 -0.002960196463391185 0.008049111813306808 0.10383860021829605 0.06875812262296677 0.016604512929916382 0.034537799656391144 -0.0449359193444252 -0.004781458526849747 0.06648378074169159 0.08608782291412354 -0.02235790155827999 -0.1422039121389389 0.09551392495632172 -0.08475209772586823 0.09210977703332901 -0.04991680383682251 -0.03968823701143265 -0.10569595545530319 0.08330094814300537 0.046583302319049835 0.09190762042999268 0.07542459666728973 -0.11257713288068771 0.06836315244436264 -0.12406361848115921 0.1277884840965271 0.0895666778087616 -0.01947607845067978 0.042911577969789505 -0.03193648159503937 0.1037863940000534 -0.09606403112411499 -0.0023582419380545616 0.0022437479346990585 0.08476617932319641 0.009976465255022049 -0.028299173340201378 0.039223041385412216 0.10369820892810822 0.03275972977280617 -0.03889983519911766 -0.10836649686098099 0.09833581000566483 -0.07745972275733948 0.0012767409207299352 -0.10323316603899002 0.0974261462688446 0.01439166720956564 0.04900479316711426 -0.03465736284852028 -0.022599531337618828 0.08932644128799438 -0.20235970616340637 0.11386212706565857 -0.04760820418596268 0.04425952956080437 0.09123240411281586 0.055827315896749496 -0.09244989603757858 -0.016388824209570885 0.0036788934376090765 -0.1253223717212677 0.08601032197475433 0.11642154306173325 -0.09420674294233322 0.12206307053565979 0.057424530386924744 -0.1654476821422577 -0.02547207847237587 0.0033214411232620478 0.0987391397356987 0.06646566838026047 0.08754615485668182 0.07799066603183746 -0.09042059630155563 0.04247010871767998 -0.11244223266839981 -0.0707770437002182 -0.0817483440041542 0.09595280885696411 0.13075771927833557 0.0596608892083168 -0.11260606348514557 -0.04471718892455101 -0.07001321017742157 0.0883127823472023 0.06537219136953354 -0.06783702969551086 0.09240034222602844 0.12703652679920197 -0.11089584976434708 -3.99662719025338e-31 -0.0059645208530128 0.02425183169543743 -0.01475465763360262 -0.04314239323139191 0.01974884234368801 -0.009101574309170246 -0.016065986827015877 -0.07465288788080215 -0.09293283522129059 0.019784526899456978 -0.0016940851928666234 0.0003246889391448349 -0.0045607564970850945 -0.0735848993062973 -0.02609235793352127 -0.014945128932595253 1.1129166347146443e-22 -0.008087207563221455 -1.8265627232949555e-08 -0.01459403708577156 0.06301482021808624 0.06378895044326782 -0.0035928371362388134 -3.325870967518796e-10 -0.022146815434098244 -0.001861328724771738 0.0013518432388082147 -0.001435262500308454 -0.045418065041303635 -0.0024377538356930017 -0.006201427895575762 0.0036645014770329 -0.00473338458687067 -0.05831674113869667 -0.006416438613086939 0.010764885693788528 -0.00010761293378891423 -1.3253730578310918e-11 -0.05755859985947609 0.0002654479176271707 -0.02194138988852501 0.02156212367117405 -0.023098088800907135 -1.4393376659427304e-05 -0.003914309665560722 0.0071594128385186195 0.008232112973928452 0.03187018632888794 0.03446328267455101 0.04576221480965614 -8.883286682248581e-06 1.0935875316420152e-08 -0.001377660664729774 0.048079345375299454 0.03483077511191368 2.0703689429524275e-08 -0.05128833279013634 -0.0003815839590970427 -0.0013533669989556074 0.012045818381011486 -0.0044725071638822556 -0.005422058515250683 0.023471105843782425 -0.014025618322193623 0.04313348978757858 -0.012818840332329273 0.02662021853029728 -0.06599701941013336 -0.04048100858926773 -0.04199540242552757 0.09739624708890915 0.03219086304306984 -0.08675931394100189 -0.05851766839623451 0.00038812123239040375 0.031188545748591423 -0.01916356198489666 -0.019154198467731476 0.012270580045878887 -0.01284748688340187 0.019997457042336464 0.03930060192942619 -0.09128322452306747 0.05321957543492317 0.055686406791210175 -0.028416136279702187 0.018029196187853813 -0.0321870781481266 0.012130238115787506 0.02073042094707489 -0.023700082674622536 0.0692792683839798 0.019944187253713608 0.06626418232917786 -0.04818813502788544 0.008233263157308102 0.008092771284282207 -0.11097755283117294 -0.0018929282668977976 -0.04214712977409363 -0.02010580711066723 -0.04931177571415901 0.0141263073310256 -0.025326771661639214 0.00460185669362545 0.006387260276824236 0.015506308525800705 -0.054164182394742966 -0.06116499379277229 0.006271024700254202 0.015219653956592083 -0.011036045849323273 -0.004627465270459652 -0.07758068293333054 -0.048562001436948776 -0.05455804243683815 0.06377963721752167 0.03582756966352463 -0.02513148821890354 -0.009883927181363106 0.013573362492024899 -0.05229497700929642 -0.01645219326019287 -0.01551379170268774 -0.003178579034283757 0.0003918372676707804 -0.023192627355456352 0.04268203675746918 -0.0250022504478693 0.026870064437389374 0.031776342540979385 0.0610157772898674 -0.15425804257392883 0.020029470324516296 -0.10068969428539276 -0.01156884990632534 -0.08212731778621674 0.0009035514667630196 0.03773979842662811 0.08362307399511337 -0.05531938001513481 -0.0684208869934082 -0.05647900328040123 -0.04088615998625755 -0.1017867922782898 0.0050864629447460175 -0.0010240711271762848 0.10125032812356949 -0.009058952331542969 -0.08890033513307571 0.04061431810259819 -0.13187511265277863 -0.09821702539920807 0.03945635259151459 0.03878363221883774 -0.0013021487975493073 0.0014106403104960918 -0.08180823922157288 0.0016719527775421739 0.061882492154836655 0.01998942531645298 -0.008666363544762135 5.49189280718565e-08 -0.09595055133104324 0.09030208736658096 -0.08174396306276321 -0.014485587365925312 -0.04038078710436821 -0.01615883596241474 0.033940184861421585 0.057372577488422394 0.038094837218523026 -0.0449368916451931 -0.009354784153401852 0.008382719941437244 0.031950779259204865 -0.019046591594815254 -0.009188108146190643 0.011498474515974522 -0.06164207309484482 -0.06312533468008041 -0.010756178759038448 0.07863200455904007 0.12303262203931808 -0.007802014239132404 0.09791691601276398 0.026851464062929153 0.03045879490673542 -0.0004289721546228975 -0.0351245254278183 0.008981738239526749 0.07603583484888077 -0.0688878670334816 -0.013563575223088264 -0.08717126399278641 -0.1270751655101776 -0.10951078683137894 0.056108538061380386 -0.014463527128100395 -0.03233908489346504 0.013081097975373268 -0.051757119596004486 -0.011333316564559937 -0.01366996206343174 -0.012795853428542614 -0.008348566479980946 -0.031766291707754135 -0.02881104126572609 0.027439318597316742 0.08495843410491943 0.0006916430429555476 0.13140051066875458 0.03661833330988884 0.0660053938627243 -0.060754746198654175 -0.12016649544239044 0.04935503751039505 -0.03795977309346199 0.01329739112406969 -0.11428641527891159 -0.003992580343037844 -0.024740982800722122 0.11495004594326019 0.051170315593481064 -0.11131299287080765 -0.009890615940093994 0.1192835122346878 0.04301716759800911 0.010570180602371693 0.029908526688814163 0.10368440300226212 0.10981767624616623 -0.10315398871898651 0.07849635183811188 0.0706171914935112 -0.029939334839582443 -0.030387677252292633 -0.03385239467024803 -0.00407204357907176 -0.05518089607357979 0.08150532841682434 0.07311128824949265 0.07479143887758255 -0.11223938316106796 0.057305142283439636 0.06338700652122498 0.022490238770842552 -0.0829046219587326 0.03586575388908386 0.1038922369480133 -0.07615550607442856 -0.02256867289543152 -0.043057069182395935 0.13271373510360718 -0.051513317972421646 -0.0571894533932209 -0.06302957236766815 0.09340398758649826 0.02122279442846775 -0.19471262395381927 0.03674318268895149 0.09134315699338913 -0.04338090494275093 -0.03249455243349075 -0.12783564627170563 -0.1285177767276764 -0.021093184128403664 0.00850000698119402 -0.042614441365003586 -0.028996458277106285 -0.011635665781795979 0.058843307197093964 -0.026544729247689247 -0.07093901932239532 0.07862476259469986 -0.06326356530189514 0.07540442049503326 -0.024064837023615837 0.06751419603824615 0.0315093994140625 -0.08101330697536469 0.11167172342538834 0.07363805919885635 0.012153370305895805 -0.05611642077565193 0.09894716739654541 0.08695477992296219 -0.08130911737680435 0.04487836733460426 0.09188655018806458 0.15417461097240448 0.04631344974040985 0.08607176691293716 0.12448237836360931 0.04563266783952713 0.002081522485241294 0.0007672194624319673 -0.08641022443771362 0.002487955382093787 0.077651247382164 -0.05951836705207825 0.0542675144970417 -0.09281052649021149 -0.016445918008685112 0.0018957739230245352 0.08205827325582504 0.0072409906424582005 0.018352942541241646 -0.03013675846159458 0.11600297689437866 -0.06120447814464569 -0.05149439349770546 -0.09370175749063492 0.10195086151361465 -0.07902304083108902 -0.025030173361301422 -0.050276149064302444 -0.03460458293557167 0.0015069072833284736 -0.07753342390060425 -0.00799084547907114 -0.0766734853386879 0.07145644724369049 -0.05771700665354729 0.07099765539169312 0.04082026332616806 0.049403004348278046 0.06244024261832237 -0.11421392112970352 0.023653268814086914 0.031510449945926666 -0.19160312414169312 0.033838216215372086 -0.04270274192094803 -0.0871317908167839 -0.060043442994356155 -0.049562688916921616 0.07446812838315964 -0.05988076329231262 -0.018324142321944237 0.1303037703037262 0.11269742995500565 0.08130932599306107 -0.074451744556427 -0.12687253952026367 -0.03352470323443413 -0.04681939631700516 -0.08062314242124557 -0.06676728278398514 0.08540300279855728 0.1436735838651657 0.03745364025235176 0.011927193962037563 0.08185549825429916 0.03893463686108589 -0.00903475284576416 -0.116123728454113 0.07157564163208008 0.04664202779531479 0.11521971225738525 0.04580631107091904 0.01969105564057827 -0.10750710964202881 -0.02507476694881916 -0.09506908804178238 0.056026384234428406 -0.10510478168725967 -0.07175683230161667 0.03721315413713455 0.11375968158245087 0.049179092049598694 -0.14815084636211395 0.10403357446193695 0.15016533434391022 -0.04811364412307739 -0.06804339587688446 -0.045537400990724564 -0.05530432611703873 0.130848228931427 -0.06904707103967667 -0.048255208879709244 -0.013521336950361729 0.02061888948082924 -0.038728054612874985 0.11765634268522263 -0.008060459978878498 -0.15043297410011292 -0.1982671171426773 -0.09019098430871964 -0.13205735385417938 0.07542417198419571 -0.022463584318757057 -0.01382791344076395 0.0233672633767128 -0.14861559867858887 -0.10852083563804626 -0.026781845837831497 0.026122959330677986 -0.05097678676247597 -0.07197077572345734 0.028403207659721375 0.060206394642591476 0.05041682720184326 0.08774314075708389 -0.17714281380176544 -0.017903005704283714 -0.13882920145988464 -0.0445355623960495 -0.05429147183895111 0.03688906878232956 0.05313313379883766 0.06361590325832367 0.060795385390520096 0.0516272708773613 0.0009663620148785412 0.10665600001811981 -0.08034328371286392 -0.15256477892398834 0.047388579696416855 0.13261818885803223 -0.08081037551164627 -0.018627282232046127 -0.008020679466426373 -0.1348593831062317 0.004094233736395836 0.005644432734698057 -0.05453468859195709 -0.0922553762793541 -0.004010923206806183 0.03182144835591316 0.039003726094961166 -0.1701117306947708 0.1562214493751526 0.009783076122403145 -0.09134884178638458 0.06828755885362625 -0.000746767851524055 -0.14336763322353363 -0.09680219739675522 -0.07896652072668076 0.1068556159734726 -0.035789646208286285 -0.11084026098251343 0.018886687234044075 0.01759951002895832 -0.08279968053102493 -0.10282710939645767 0.08957234770059586 -0.00028058583848178387 0.046835750341415405 -0.12700344622135162 -0.12376737594604492 -0.06312976032495499 0.03249334171414375 -0.10708802193403244 -0.0966152623295784 -0.16211479902267456 -0.08267010003328323 0.047974567860364914 -0.08781497925519943 -0.05113989859819412 0.042408451437950134 0.03757761791348457 -0.10016634315252304 0.06315159052610397 0.02394931949675083 0.0569034107029438 -0.024321723729372025 0.06958475708961487 -0.02883390709757805 -0.04590018838644028 0.0032916369382292032 0.08633057028055191 -0.004205805715173483 0.04982335492968559 -0.13607445359230042 -0.020382190123200417 -0.0597948357462883 0.05677901953458786 0.06502552330493927 -0.12280767410993576 0.04563922807574272 0.11284814029932022 0.08717838674783707 0.11649824678897858 -0.06744378805160522 0.040338627994060516 -0.043690890073776245 0.04249786585569382 -0.055837482213974 -0.08399792015552521 -0.12243086844682693 -0.03915027901530266 0.039395544677972794 -0.0786929577589035 -0.21219779551029205 -0.05181577801704407 -0.03488440811634064 0.021915016695857048 0.06145428493618965 0.04608168825507164 0.07920100539922714 0.04804525896906853 -0.10301448404788971 -0.031115710735321045 -0.005172142293304205 0.05414373055100441 0.00861650612205267 0.002618029247969389 -0.08358070254325867 -0.05962745472788811 -0.009426123462617397 0.06851199269294739 0.04521581903100014 -0.11022226512432098 0.06883889436721802 0.036188580095767975 0.030851490795612335 0.06739398837089539 -0.036790285259485245 -0.02877645753324032 -0.04830194264650345 0.014669163152575493 -0.1629781872034073 0.08526691049337387 0.03556394949555397 -0.1367742121219635 0.08452891558408737 -0.0779014602303505 -0.11930962651968002 0.07844342291355133 -0.007012039422988892 -0.09733055531978607 0.030683880671858788 0.10913623124361038 -0.03831706941127777 -0.19595281779766083 0.12783749401569366 0.1750221848487854 0.11225958913564682 -0.01307724229991436 0.05403235927224159 0.026205332949757576 -0.18457616865634918 0.04330948740243912 -0.09312719106674194 -0.0729147270321846 -0.12145853042602539 -0.134863018989563 0.16150842607021332 0.042747221887111664 0.01216309517621994 0.11416784673929214 -0.02625257894396782 -0.04806012660264969 0.11316442489624023 0.013506487011909485 -0.05280110985040665 -0.14917771518230438 0.049337178468704224 -0.06917871534824371 -0.19846731424331665 0.09537970274686813 -0.05464361235499382 0.026737447828054428 -0.046116139739751816 -0.11889709532260895 0.018941501155495644 0.008755127899348736 -0.013497818261384964 0.0793931782245636 -0.21777862310409546 0.17035837471485138 0.12577348947525024 0.09129108488559723 0.11447013169527054 -0.09196152538061142 -0.08166159689426422 0.09163979440927505 0.09494903683662415 0.027772696688771248 -0.013822306878864765 0.09518575668334961 -0.05494650453329086 -0.11089347302913666 0.005396857857704163 0.017632728442549706 0.06595906615257263 0.008573435246944427 0.10103566199541092 -0.006703670136630535 0.0099117336794734 0.019472694024443626 0.05819251760840416 -0.0038975209463387728 0.06442619860172272 -0.07050930708646774 -0.03843708708882332 -0.0595528818666935 0.08686763793230057 -0.050625257194042206 -0.035765524953603745 -0.0435243658721447 0.020791154354810715 -0.11058099567890167 0.09557414799928665 -0.13429537415504456 0.10021160542964935 -0.08111152052879333 -0.10447540879249573 0.0013213749043643475 -0.060942117124795914 -0.022354096174240112 -0.097445048391819 -0.02325529418885708 0.04795077070593834 0.0820203647017479 -0.005444663111120462 0.08651255816221237 0.08456286042928696 0.11048297584056854 0.12044896930456161 0.03991789370775223 -0.05591846629977226 -0.07056417316198349 -0.031934842467308044 -0.051800839602947235 -0.1337832659482956 -0.0437508225440979 -0.07026039808988571 0.10692263394594193 0.04591907933354378 0.07378261536359787 -0.04840926453471184 -0.03286471962928772 -0.06673385947942734 0.0481286384165287 -0.047791123390197754 -0.1000768393278122 0.07091213017702103 -0.0006769746541976929 -0.08375407755374908 0.050347160547971725 -0.09872893989086151 0.012947899289429188 0.03364655002951622 0.07636696100234985 -0.05723915994167328 -0.1150108128786087 -0.08623071759939194 -0.057204149663448334 -0.030270729213953018 -0.06486114859580994 -0.058385107666254044 -0.1857886016368866 -0.004050880204886198 0.05551593005657196 0.03607073053717613 0.0007469402044080198 0.01257558073848486 0.04654303565621376 -0.07893586903810501 -0.06657319515943527 0.12871797382831573 -0.14243708550930023 0.12565414607524872 0.027538252994418144 0.08276544511318207 -0.0755036473274231 -0.08742763847112656 0.09841238707304001 -0.059012725949287415 0.10648216307163239 0.03990468382835388 -0.01500196848064661 0.0037940938491374254 -0.02159729227423668 0.07213593274354935 0.019653035327792168 -0.03208198770880699 -0.0486333854496479 -0.10562244802713394 0.03318517282605171 -0.07887321710586548 0.02447700686752796 -0.10082157701253891 -0.1291043758392334 -0.16828520596027374 -0.06114274635910988 -0.20572985708713531 0.05297522619366646 0.13692355155944824 0.1279543787240982 -0.062445107847452164 -0.23422421514987946 0.11361948400735855 -0.11918209493160248 0.13285015523433685 -0.04133108630776405 -0.043354421854019165 0.10195526480674744 0.05492742359638214 -0.01804722659289837 -5.52898995920259e-07 -0.00025772262597456574 0.0003017297713086009 -7.086611731210724e-05 -0.010145185515284538 -0.0016168823931366205 -0.0013688785256817937 4.667921893997118e-05 -0.013301335275173187 -0.003993424121290445 3.061975439777598e-05 -5.259148747427389e-05 -0.007398936897516251 -0.00027061524451710284 -0.007680049166083336 0.0006877995911054313 -5.740836250822667e-09 1.4877399507895461e-06 -1.3886926353734452e-05 -5.6989760196302086e-05 -0.003168974770233035 0.003890023333951831 -0.003038475289940834 2.044051683469661e-08 0.0006338470266200602 -0.0025477611925452948 -3.3193511626450345e-05 -0.0005400057998485863 5.171647444512928e-06 -0.00036151992389932275 -0.0005783931701444089 -0.0017157531110569835 -0.0037502071354538202 -0.0011554196244105697 -0.006565776653587818 -5.059853720013052e-05 -0.002126086503267288 -0.0005162961897440255 1.9292367142043076e-05 -4.264266863174271e-06 -0.0025193137116730213 -4.298310523154214e-05 1.8491044102120213e-05 -0.0007173108751885593 -0.0001584347483003512 -2.740875061135739e-05 -0.00021704431856051087 -0.0009259076905436814 -0.003606565063819289 1.5492284788365396e-08 -0.0006361900013871491 7.210382318589836e-05 1.4297272699081987e-08 6.301644316408783e-05 -0.0007914234302006662 -0.004112974740564823 3.079492216784274e-08 0.004346052184700966 -1.277055616810685e-08 0.00010278273839503527 -0.001719756401143968 8.344835578100174e-08 4.3898720036850136e-07 -0.0028826429042965174 -9.7384508990217e-06 0.00020066852448508143 0.018349148333072662 -0.006626559887081385 -0.0020644045434892178 0.00010638842650223523 -0.030074380338191986 -0.0002657925069797784 0.037425920367240906 -0.0030855259392410517 0.01920408010482788 0.00010691816714825109 -0.0005207741633057594 -0.0029638318810611963 -0.0005119337001815438 -0.012338793836534023 -0.0004638812970370054 -1.443607106921263e-05 -0.005049360450357199 -0.0008103338186629117 -0.00048036675434559584 -0.052441418170928955 -0.007495988626033068 -0.000363468803698197 0.00024050693900790066 -0.0006293727201409638 -1.1224100489926059e-05 0.0026381576899439096 -0.0014857423957437277 0.013863774947822094 0.0006490351515822113 -0.011739762499928474 -0.00045028983731754124 -0.006194171961396933 -0.04813510179519653 0.00020618723647203296 -0.012799839489161968 -0.002244089962914586 -0.00019852483819704503 -0.009141689166426659 -4.331233867560513e-05 0.002084573730826378 -0.006215572357177734 -0.0003709208976943046 -0.0004965063417330384 -0.008937189355492592 -0.0070540690794587135 -0.0003354719956405461 -0.004938093945384026 -0.003438230138272047 0.007697037886828184 -0.000809825723990798 -5.807856723549776e-05 0.0005008213920518756 0.012903749942779541 -0.0033799493685364723 -9.437095286557451e-05 -0.002067113993689418 -5.81957028771285e-05 -6.474274414358661e-06 -8.840183696179338e-09 -0.0013781533343717456 -0.00580995436757803 0.0022733972873538733 0.06687264144420624 -0.0539526529610157 0.08071120083332062 -0.09507165104150772 0.039688363671302795 -0.04827592149376869 0.04534899815917015 0.05470258742570877 0.09110486507415771 0.06186581403017044 -0.0826556459069252 0.080787792801857 -0.04991612210869789 0.028249002993106842 0.020455660298466682 -0.0007800679886713624 0.0994996577501297 0.10578252375125885 -0.06921827793121338 0.06594467908143997 -0.19140063226222992 0.11688252538442612 -0.008458642289042473 0.05471312999725342 0.09420347958803177 -0.13533858954906464 -0.05344175174832344 0.053200263530015945 0.07206695526838303 -0.009599409066140652 -0.0964450091123581 -0.0024195904843509197 0.036966171115636826 0.006491727661341429 0.04109473153948784 -0.04149568825960159 0.07474944740533829 0.027163607999682426 -0.028167076408863068 0.06864140927791595 -0.18885108828544617 -0.022628823295235634 0.02574569173157215 0.012182872742414474 0.00813057366758585 0.018507760018110275 -0.017507541924715042 -0.042776159942150116 0.07853876054286957 0.04021826758980751 0.0227066483348608 0.12184665352106094 0.1337883472442627 0.04151782765984535 -0.10413692146539688 -0.2131786048412323 0.07004527747631073 -0.02529689110815525 0.1260770559310913 0.0780656635761261 -0.04458856210112572 0.06484301388263702 0.031585510820150375 -0.07502974569797516 0.05417957901954651 -0.06026241555809975 -0.09184616804122925 -0.12746144831180573 -0.06706057488918304 0.017214125022292137 0.011291894130408764 0.10420916974544525 0.02726084180176258 -0.1577407866716385 -0.14659303426742554 0.032575495541095734 0.004218803718686104 0.05451032891869545 -0.09409303963184357 -0.07625344395637512 -0.08603072166442871 0.0957801565527916 0.0012712925672531128 0.17271779477596283 -0.1620766818523407 -0.022462258115410805 -0.08846458792686462 -0.03974498435854912 0.017285678535699844 -0.16105212271213531 -0.005609724670648575 -0.03396157547831535 0.0271409023553133 -0.024208692833781242 -0.14321431517601013 -0.0052010673098266125 -0.087460458278656 0.040959060192108154 -0.13017070293426514 0.00495977234095335 -0.0552750900387764 -0.06906908005475998 0.09398159384727478 0.05015777796506882 -0.004979036282747984 -0.0026660687290132046 -0.013156450353562832 0.08255664259195328 0.16457128524780273 -0.04492802545428276 -0.02331116423010826 -0.16319403052330017 -0.051309213042259216 -0.019290456548333168 -0.10458666831254959 0.09064656496047974 0.03389250114560127 0.10818985104560852 -0.059191200882196426 -0.1159152016043663 0.12191811949014664 -0.12523190677165985 0.13768377900123596 0.039590928703546524 -0.18926268815994263 0.03144720941781998 0.062465179711580276 -0.006270299199968576 -0.07180096954107285 0.004319623112678528 0.0045515368692576885 -0.010048996657133102 -0.05760436877608299 0.016301224008202553 -0.0925915390253067 -0.16593801975250244 0.07017894834280014 -0.09136419743299484 -0.096837617456913 -0.04802464693784714 -0.044858090579509735 -0.022708477452397346 -0.09543563425540924 0.0795743465423584 -0.10412373393774033 0.0001677495165495202 -0.0016104842070490122 0.07442303746938705 -0.021038495004177094 0.005711590405553579 -0.012922057881951332 0.052947502583265305 0.006423539482057095 0.08528860658407211 -0.10706442594528198 -0.04189807176589966 -0.06618109345436096 -0.022225163877010345 0.10097968578338623 -0.05029069259762764 0.030612850561738014 0.03910147026181221 0.08534354716539383 -0.03439214080572128 0.06112953647971153 0.09459619969129562 -0.046226128935813904 -0.038742635399103165 -0.01728689856827259 0.04501589015126228 0.03286946937441826 -0.12241243571043015 -0.06832177191972733 -0.05009270831942558 0.05254509672522545 0.19006241858005524 0.12135496735572815 0.010763908736407757 0.08540932089090347 -0.03905108571052551 0.10856058448553085 0.02620735391974449 0.06637392193078995 0.11264568567276001 -0.02172941528260708 -0.0969618484377861 -0.04972207546234131 0.055101729929447174 0.14861774444580078 -0.06486529856920242 -0.08828376978635788 -0.07642339915037155 -0.008234911598265171 -0.08333725482225418 0.014328802935779095 0.022799259051680565 -0.07616747915744781 0.06121686100959778 0.025700990110635757 0.02779674343764782 0.0011689069215208292 -0.1422290802001953 0.136245995759964 -0.09710615128278732 -0.0002794250031001866 -0.09905899316072464 -0.16518501937389374 -0.023003574460744858 0.03693066164851189 -0.06137831509113312 0.049715496599674225 -0.13404013216495514 -0.06305880844593048 0.1067371815443039 0.08040774613618851 0.081547312438488 0.020810231566429138 -0.12755154073238373 -0.058939021080732346 0.07969838380813599 -0.11846742033958435 0.02997778356075287 -0.0483509786427021 0.049012232571840286 -0.014664221554994583 -0.08776329457759857 -0.07192273437976837 -0.11088106036186218 0.06230131536722183 0.046091433614492416 -0.09577721357345581 0.020492983981966972 -0.100407674908638 -0.12376553565263748 0.019381431862711906 -0.016954893246293068 -0.02579527348279953 -0.028465503826737404 0.09275292605161667 0.04074600338935852 -0.08857239782810211 0.09233429282903671 -0.005827573128044605 -0.047522369772195816 -0.084391288459301 -0.0919923335313797 0.005392151419073343 0.0571230873465538 -0.07081615924835205 0.006931875366717577 -0.08413702249526978 0.0626337006688118 0.029881726950407028 -0.09515942633152008 -0.04738945513963699 -0.04765072092413902 0.07573030143976212 -0.06322705745697021 0.09484801441431046 -0.10311111807823181 0.07473298907279968 -0.011977032758295536 0.06716784834861755 -0.03429705277085304 -0.006618259474635124 0.03567196801304817 -0.0045507363975048065 -0.06305591017007828 0.002173507586121559 0.05885656923055649 0.08176056295633316 0.10896294564008713 0.06787783652544022 -0.08216343075037003 -0.1439330130815506 -0.09106867760419846 0.1369066685438156 -0.05039133131504059 -0.14997762441635132 0.08515798300504684 0.0740375891327858 0.07145483046770096 0.013514532707631588 -0.01951821707189083 0.04532930627465248 0.02857152558863163 -0.1106860414147377 0.027668988332152367 0.11279531568288803 -0.15059801936149597 -0.07264219969511032 0.11401557922363281 -0.00816548615694046 0.062400683760643005 0.02382873371243477 -0.02291845716536045 -0.028137411922216415 -0.06602869182825089 -0.04956714063882828 -0.0005950314807705581 -0.0952184796333313 0.02493710070848465 0.09709807485342026 0.04352230951189995 0.07168897986412048 -0.046181805431842804 -0.02178230509161949 -0.07427322864532471 0.06741650402545929 -0.02012653648853302 0.06415270268917084 -0.039012450724840164 -0.07527688145637512 0.0012265404220670462 0.1554720401763916 0.03168084844946861 0.0430632159113884 -0.09628895670175552 -0.04729502648115158 -0.0678107887506485 -0.00477107148617506 -0.017492465674877167 -0.045389775186777115 -0.0846586674451828 -0.021419642493128777 0.06027183681726456 -0.015478286892175674 -0.08854237198829651 -0.016014108434319496 0.010685071349143982 -0.04427646845579147 -0.07530446350574493 -0.10166934877634048 -0.028275547549128532 -0.027469052001833916 0.09882009774446487 0.04918496310710907 0.009744364768266678 -0.10152066498994827 -0.035860154777765274 -0.0436927005648613 -0.04030055180191994 -0.06034308671951294 0.054807379841804504 -0.07401403784751892 0.10902423411607742 -0.05624546855688095 -0.11799820512533188 0.0684756189584732 0.06643190234899521 0.0408516451716423 -0.08538869768381119 -0.03905202075839043 -0.0004932188312523067 -0.061743512749671936 -0.04310879856348038 -0.06097009778022766 0.06604412198066711 -0.08584975451231003 -0.06341714411973953 0.07929092645645142 -0.0990169569849968 -0.13140754401683807 -0.07060325890779495 -0.05826948210597038 0.12555670738220215 -0.12009043991565704 -0.08287496864795685 -0.1258224993944168 0.057340458035469055 -0.11926167458295822 -0.07376221567392349 -0.02235061302781105 -0.06483343243598938 -0.11352957785129547 -0.002723006997257471 0.11164973676204681 0.07425902783870697 0.0017765449592843652 0.017965536564588547 -0.06640729308128357 0.08805309236049652 0.034584321081638336 -0.050004199147224426 0.0016286841128021479 0.09163322299718857 -0.056959498673677444 -0.15638907253742218 -0.15242716670036316 -0.06435684859752655 0.013056674972176552 0.024733886122703552 0.06222503259778023 -0.003438042476773262 -0.09119901806116104 -0.07066826522350311 -0.205528125166893 -0.10419639199972153 -0.08893925696611404 0.0020269101951271296 -0.08818609267473221 -0.0491705983877182 -0.13161985576152802 -0.031241675838828087 0.05991724133491516 0.08700274676084518 -0.08857372403144836 0.017652150243520737 -0.019574224948883057 0.023128770291805267 0.06115741655230522 0.09154393523931503 -0.08852209895849228 0.03256829455494881 0.03838988393545151 0.05413614585995674 -0.11191413551568985 -0.01054699718952179 0.016830606386065483 0.12979215383529663 0.11163491755723953 0.04463217034935951 0.09786345809698105 -0.08680519461631775 -0.07237669825553894 0.026780718937516212 -0.09557545185089111 -0.09023220837116241 0.0015529844677075744 -0.07901793718338013 -0.0895276665687561 -0.017131619155406952 -0.03363002836704254 0.017950836569070816 -0.14055345952510834 0.07085034251213074 0.08202202618122101 -0.023368097841739655 -0.1484949290752411 0.030769940465688705 0.058047808706760406 0.038881175220012665 -0.09485915303230286 0.0014808280393481255 0.037632059305906296 -0.0822795182466507 -0.027398642152547836 0.029549801722168922 -0.04302041605114937 0.033405497670173645 0.06970363110303879 0.05557476356625557 -0.003785899840295315 -0.09358161687850952 -0.10186122357845306 -0.003161057597026229 0.12743781507015228 0.06779907643795013 0.012929030694067478 0.07098628580570221 -0.07631730288267136 0.021786008030176163 -0.11024965345859528 -0.09633345156908035 0.04532371461391449 0.09697325527667999 -0.025926904752850533 -0.08435758203268051 0.0882665142416954 0.09453831613063812 -0.052774570882320404 0.09163296222686768 -0.021456215530633926 0.06599634885787964 -0.07097189128398895 -0.04938320070505142 -0.06514012068510056 -0.05038471519947052 0.06048976257443428 -0.05756829306483269 0.003680020570755005 0.03794388473033905 0.06384219974279404 -0.09247425198554993 0.050644733011722565 -0.06730899959802628 0.01812111958861351 0.05567963793873787 0.05821295082569122 0.11214343458414078 -0.08403990417718887 0.007206259295344353 -0.05818069353699684 0.030223792418837547 -0.042207978665828705 -0.05484592542052269 0.02976546250283718 -0.08179447054862976 -0.07867395877838135 0.07468803972005844 0.1155712828040123 0.014816132374107838 -0.05241871997714043 -0.0704142302274704 -0.08058787137269974 -0.08777814358472824 0.012499294243752956 0.12540103495121002 -0.07963782548904419 0.05516960471868515 0.010894707404077053 -0.07107341289520264 0.0904167890548706 0.006823578383773565 -0.07145778834819794 -0.1891976296901703 -0.12112937867641449 -0.2697100341320038 -0.01935475692152977 0.07711229473352432 -0.058436110615730286 -0.010522272437810898 -0.03577229380607605 -0.15371978282928467 -0.026692455634474754 -0.07068751007318497 -0.1359141767024994 -0.027978116646409035 -0.06393996626138687 0.011905410327017307 -0.10882938653230667 0.018237994983792305 0.1036071851849556 -0.17453435063362122 -0.10966989398002625 -0.09157288819551468 0.08290387690067291 -0.09450775384902954 0.058564577251672745 -0.026623718440532684 -0.08212312310934067 0.010805245488882065 0.10505369305610657 -0.045272521674633026 0.06456693261861801 0.05818881094455719 -0.0174250490963459 -0.013428402133286 0.07073941081762314 -0.07407758384943008 -0.1310083568096161 -0.03017742931842804 -0.15975864231586456 0.052221979945898056 0.04622511565685272 -0.006104341242462397 -0.04172061011195183 0.118046335875988 -0.011179226450622082 -0.007721266709268093 -0.320176362991333 0.07658401876688004 0.033475421369075775 0.05928580090403557 0.035987503826618195 -0.08898003399372101 -0.12903663516044617 0.14269328117370605 0.002488309983164072 0.12778319418430328 -0.09933284670114517 0.05764026939868927 0.01782071590423584 -0.06522338092327118 -0.0015453184023499489 -0.1839544177055359 -0.04223954305052757 -0.07745637744665146 -0.10692117363214493 0.04718315228819847 -0.1136995330452919 0.10090998560190201 0.09902513027191162 -0.03467024117708206 -0.10723415017127991 0.05629077926278114 0.09181098639965057 0.0844544768333435 -0.10775142163038254 0.026343081146478653 -0.06964907050132751 -0.08869734406471252 0.044999852776527405 -0.06586866080760956 0.0879107266664505 0.028693322092294693 -0.03047574870288372 0.06192668527364731 -0.010752509348094463 -0.06376256793737411 0.002719251671805978 0.03679199889302254 0.07597201317548752 -0.030523717403411865 0.011770464479923248 -0.03199973702430725 0.09224726259708405 0.09194234013557434 -0.08164938539266586 0.06259892880916595 -0.06869377940893173 -0.12303382158279419 0.04206283390522003 0.02557668276131153 -0.11013872921466827 0.06269735842943192 0.040591541677713394 -0.019076747819781303 -0.0159884262830019 -0.10723122954368591 0.07561739534139633 0.05409282073378563 0.049328677356243134 0.05681196600198746 -0.06141715869307518 -0.0725383535027504 0.005962679628282785 0.10943485051393509 0.07917923480272293 -0.08400741964578629 0.12171449512243271 -0.014757053926587105 0.012679836712777615 0.08090372383594513 -0.03200770914554596 0.061300549656152725 0.07301155477762222 -0.11440329998731613 -0.10380270332098007 0.03486773744225502 -0.058055248111486435 -0.05463573336601257 -0.10671254247426987 -0.1542735993862152 -0.041828785091638565 -0.05217002332210541 0.038501106202602386 0.07136616110801697 -0.08875736594200134 0.12798504531383514 -0.1374635547399521 -0.09637299925088882 0.037636980414390564 0.028299465775489807 -0.10718557983636856 0.01856602355837822 -0.05271659418940544 0.08495309948921204 -0.11250504851341248 0.15209972858428955 -0.14239954948425293 0.05935477837920189 0.018088487908244133 0.024306295439600945 0.13984514772891998 0.0485280342400074 0.012569764629006386 -0.11235428601503372 0.09858188033103943 -0.025166457518935204 0.0332699790596962 -0.00524770375341177 -0.06334176659584045 -0.023989742621779442 -0.026873469352722168 -0.03407742455601692 0.09064088016748428 0.02607794478535652 0.10887158662080765 -0.11086983233690262 -0.109281025826931 0.0482046976685524 0.03764651343226433 -0.07833220064640045 0.09981200844049454 -0.02055811695754528 0.06801872700452805 -0.13996832072734833 0.06761270016431808 -0.013541968539357185 -0.10861044377088547 0.004439625423401594 0.09660826623439789 -0.04648546501994133 0.047233302146196365 -0.1733778864145279 0.01143978163599968 0.10578944534063339 0.08400721848011017 0.10742181539535522 -0.12591449916362762 0.15006589889526367 -0.0436643622815609 0.06570958346128464
b2 64
-0.09775320440530777 0.02603551559150219 -0.0741356611251831 -0.11747515946626663 -0.11896354705095291 -0.11626128852367401 0.0011707574594765902 -0.04786207526922226 0.01309073157608509 -0.3684994578361511 0.1700802594423294 0.24874381721019745 -0.03360695391893387 0.062080346047878265 0.20382103323936462 -0.09013662487268448 0.08103576302528381 0.027287855744361877 0.14012867212295532 -0.019711006432771683 -0.08355244249105453 0.16037705540657043 -0.05825410410761833 0.2133563905954361 0.1556812822818756 0.1681460589170456 0.2112758606672287 0.14627836644649506 0.06531272083520889 -0.052425939589738846 0.15708871185779572 -5.062234196429718e-19 -0.24736829102039337 -0.11423256993293762 -0.04634440317749977 0.04252813756465912 0.05856293439865112 0.013443184085190296 0.020525872707366943 -0.062011148780584335 -0.08835109323263168 0.09227922558784485 -0.06828434020280838 0.09432398527860641 -0.2370779663324356 -0.19772173464298248 0.15994250774383545 0.17302082479000092 -0.10368584841489792 0.06721542775630951 -0.09814321994781494 -0.009142264723777771 -0.023524124175310135 0.0013986572157591581 -0.049368374049663544 -0.06109002232551575 -0.08077512681484222 0.15042391419410706 0.19643375277519226 0.12849947810173035 0.09710056334733963 0.17310301959514618 -0.00025935901794582605 0.07555989176034927
W3 64
0.142600417137146 0.11719059944152832 0.09675503522157669 0.07974667847156525 0.1153925284743309 0.007596573326736689 0.0031473732087761164 0.008108559064567089 0.047883979976177216 -0.11942991614341736 -0.12401130050420761 -0.2269568294286728 -0.08702638745307922 0.09038837254047394 -0.12292574346065521 0.08139867335557938 -0.05246516689658165 0.09743350744247437 -0.007679339963942766 -0.0048091718927025795 -0.07144886255264282 -0.16004623472690582 0.06733956187963486 -0.09609080106019974 -0.083366759121418 -0.04053797200322151 -0.13563397526741028 -0.04047691449522972 0.09879449009895325 0.14324498176574707 -0.10688896477222443 -3.9406462093438677e-08 -0.11213672906160355 0.13831594586372375 0.06440528482198715 -0.06805555522441864 -0.0019177314825356007 0.13023963570594788 -0.056986287236213684 0.12344906479120255 0.03791610896587372 0.015683788806200027 -0.04855542629957199 -0.043664805591106415 -0.08584687113761902 -0.14680203795433044 -0.19244897365570068 -0.0927274078130722 0.1969948709011078 -0.0814351812005043 0.10681670159101486 -0.008641793392598629 0.010138996876776218 0.11082319170236588 0.1268959492444992 0.06710952520370483 0.06328444182872772 -0.09198527038097382 -0.07362697273492813 -0.06844472885131836 -0.018773706629872322 -0.23661820590496063 -0.024620646610856056 0.12216459214687347
b3 1
0.029368463903665543
