input_dim 64
hidden 64
log_input 1
y_mean 1.1385416984558105
y_std 1.4864575862884521
x_mean 64
1.6322355270385742 1.7087030410766602 1.7471832036972046 1.777012586593628 1.8040488958358765 1.8330899477005005 1.8606483936309814 1.8886297941207886 1.9162321090698242 1.9421197175979614 1.969391942024231 1.9947172403335571 2.01839542388916 2.041062116622925 2.06230092048645 2.081432580947876 2.098491907119751 2.1164770126342773 2.1338729858398438 2.1504290103912354 2.165883779525757 2.180708885192871 2.1938085556030273 2.20645809173584 2.2181501388549805 2.229763984680176 2.239931344985962 2.2518601417541504 2.261404514312744 2.27046537399292 2.2800323963165283 2.2882630825042725 2.296931028366089 2.303863048553467 2.3125922679901123 2.3206911087036133 2.328213691711426 2.3359363079071045 2.3435661792755127 2.349989175796509 2.357938528060913 2.3642330169677734 2.3715603351593018 2.378103733062744 2.3846442699432373 2.3904974460601807 2.3967416286468506 2.4027745723724365 2.409404754638672 2.415320634841919 2.421557664871216 2.427619695663452 2.4340453147888184 2.441549062728882 2.4483237266540527 2.455409049987793 2.4633171558380127 2.4717650413513184 2.4809470176696777 2.491102933883667 2.5024302005767822 2.5157952308654785 2.5333921909332275 2.5614984035491943
x_std 64
0.31212636828422546 0.3012029230594635 0.30842939019203186 0.32125869393348694 0.3351808488368988 0.3494453430175781 0.36096954345703125 0.37055373191833496 0.3776898980140686 0.3828548789024353 0.3855556547641754 0.3867291808128357 0.38659578561782837 0.3848017156124115 0.38187673687934875 0.3790578246116638 0.3756644129753113 0.37091681361198425 0.36514678597450256 0.3592223525047302 0.3527032434940338 0.34669139981269836 0.34148305654525757 0.3356330394744873 0.33002692461013794 0.32372868061065674 0.3191772997379303 0.311090886592865 0.3058279752731323 0.30067726969718933 0.2938470244407654 0.28968730568885803 0.28365206718444824 0.28119340538978577 0.2739289402961731 0.26761263608932495 0.26217952370643616 0.25610631704330444 0.24945630133152008 0.2456923872232437 0.23773442208766937 0.2339787632226944 0.22685299813747406 0.22141733765602112 0.21675895154476166 0.2142101377248764 0.20986312627792358 0.20616431534290314 0.20089460909366608 0.19801293313503265 0.19457556307315826 0.1922806352376938 0.1883230209350586 0.18093761801719666 0.17803239822387695 0.17535077035427094 0.17040440440177917 0.16478271782398224 0.15831170976161957 0.15263701975345612 0.14695195853710175 0.14113891124725342 0.13687725365161896 0.13014723360538483
W1 4096
-0.13036222755908966 -0.141450434923172 -0.03895194083452225 -0.04387141391634941 -0.013034502975642681 0.13696663081645966 0.07906185835599899 0.11535296589136124 0.14690832793712616 0.00035940352245233953 -0.06690619140863419 0.09281402081251144 0.15712089836597443 0.0622817799448967 0.023947814479470253 0.08243986964225769 -0.046857208013534546 0.12150174379348755 -0.057636480778455734 0.05867324769496918 0.13942794501781464 0.046423934400081635 0.05695938318967819 0.11034294962882996 0.08061660826206207 0.04415382444858551 0.10411524772644043 0.0850047916173935 -0.04454196244478226 0.04390349239110947 0.035059500485658646 -0.007690052967518568 0.11780793219804764 0.0654219463467598 0.03106571175158024 -0.05566084012389183 0.132278174161911 0.09947100281715393 -0.02158917300403118 -0.004729360807687044 0.023577384650707245 -0.08446874469518661 0.010055044665932655 0.04803113639354706 0.03312201797962189 0.01983785443007946 -0.04564031958580017 -0.025587135925889015 0.06678304821252823 -0.10246782749891281 0.07147705554962158 -0.11845161020755768 0.06440037488937378 -0.07232695817947388 -0.02556077390909195 0.05693747475743294 -0.14424873888492584 0.06381317228078842 -0.0057182940654456615 0.007532621268182993 -0.1690537929534912 -0.013454172760248184 -0.11156284064054489 -0.0753287747502327 0.07023636996746063 0.043296974152326584 -0.04036858305335045 -0.0946708619594574 0.007268324960023165 0.03781602904200554 -0.01880381628870964 0.10549410432577133 0.013701275922358036 -0.016076238825917244 0.03143575042486191 -0.03951748088002205 0.07554270327091217 0.0478973388671875 0.039040300995111465 -0.08142111450433731 -0.06912243366241455 0.044106144458055496 -0.08404523134231567 0.039366479963064194 -0.018360426649451256 0.0036891058553010225 0.020789634436368942 0.04184817895293236 -0.02872251719236374 -0.04305005446076393 0.04498232901096344 -0.09238763898611069 0.002759257098659873 0.046292297542095184 -0.014269020408391953 -0.03560589626431465 0.0808810293674469 0.08664566278457642 0.04539796710014343 -0.09437640756368637 -0.05211329832673073 -0.11730728298425674 -0.03311678022146225 -0.013043188489973545 0.08982405811548233 -0.06070028617978096 -0.08472772687673569 0.057101327925920486 -0.0170668326318264 -0.020519638434052467 0.04954299330711365 -0.062991201877594 -0.07918421179056168 -0.04983394593000412 -0.02396109700202942 -0.0022005955688655376 0.007571966387331486 -0.03398793190717697 0.027521925047039986 -0.04211779683828354 0.12897644937038422 0.07743827253580093 0.0496043898165226 0.08602676540613174 -0.08385398983955383 -0.024978069588541985 -0.059254687279462814 -0.14214026927947998 0.03973761945962906 -0.047823987901210785 0.06145684793591499 0.0006606464739888906 -0.10286926478147507 -0.07269574701786041 -0.00548741826787591 0.09116297960281372 0.08768098801374435 0.08933832496404648 -0.0363832488656044 -0.033806174993515015 0.020516127347946167 0.07584983855485916 0.019934069365262985 0.0019018590683117509 0.020393434911966324 0.009002809412777424 -0.0757509395480156 -0.00320570170879364 -0.0325038842856884 -0.019869094714522362 -0.040546003729104996 0.06406672298908234 0.07415440678596497 0.06864086538553238 -0.08873865753412247 -0.047975510358810425 0.01788138598203659 0.05844336003065109 0.10281013697385788 0.07268796861171722 -0.015140004456043243 0.0073457439430058 0.004454323556274176 -0.0464494563639164 -0.06739527732133865 0.02717011049389839 -0.030551431700587273 -0.04124446213245392 -0.02695087343454361 -0.03339734300971031 0.1148085668683052 -0.00905962847173214 0.11523265391588211 0.04173145443201065 -0.06685314327478409 -0.048815034329891205 0.034872282296419144 0.06130756065249443 0.09019071608781815 0.09592802077531815 0.08279959857463837 -0.04721411317586899 -0.10631813853979111 0.030716003850102425 0.019652117043733597 0.0564785934984684 0.015091981738805771 0.0684928297996521 -0.09796679019927979 -0.09596798568964005 0.0062138233333826065 0.03929190710186958 0.09174183011054993 0.049932628870010376 0.03225475549697876 -0.09595724940299988 0.0033844688441604376 -0.0724455863237381 -0.06313876062631607 -0.00797595176845789 0.0043372283689677715 0.09497235715389252 0.08695217221975327 -0.052344661206007004 -0.11456014215946198 0.0013988080900162458 0.04250870645046234 0.10734833031892776 0.07563421130180359 0.020708655938506126 0.0009494440164417028 0.08270428329706192 0.10288429260253906 -0.004817219916731119 0.0422525480389595 0.026877231895923615 -0.07738422602415085 -0.04145883023738861 -0.00342020601965487 0.038800325244665146 -0.0012249780120328069 0.00255958316847682 -0.008374694734811783 0.04002414271235466 -0.11481761932373047 0.03394828364253044 0.03326181694865227 0.06820257008075714 0.049897897988557816 -0.07138897478580475 0.011778011918067932 0.10826197266578674 0.11987119168043137 0.03294098749756813 -0.10870089381933212 0.00406224001199007 -0.07726044207811356 -0.0868697389960289 -0.008191721513867378 -0.04891020432114601 -0.026594938710331917 0.09518147259950638 -0.06414201855659485 -0.11257845908403397 -0.0885823518037796 -0.010278269648551941 -0.029716257005929947 0.11900803446769714 0.03319169953465462 -0.045711763203144073 -0.05973678454756737 -0.09813641011714935 0.037526391446590424 0.12787878513336182 0.12082807719707489 -0.0833224356174469 0.02070116065442562 0.057014089077711105 -0.0736042931675911 0.03950296342372894 -0.06781668215990067 -0.031761810183525085 -0.08133512735366821 -0.008993609808385372 0.01578705385327339 -0.009814860299229622 -0.03733894228935242 0.03295988216996193 0.06834661215543747 -0.02862655371427536 0.0015156285371631384 -0.03645161911845207 0.059114061295986176 -0.014331509359180927 0.05840887874364853 0.058155741542577744 -0.043855566531419754 -0.050539568066596985 0.02253812551498413 -0.008367912843823433 0.07094721496105194 0.046784259378910065 -0.043412946164608 -0.05378652736544609 -0.07402397692203522 -0.05709856376051903 -0.017465589568018913 0.06913989037275314 0.059365421533584595 0.0013898509787395597 -0.06776931881904602 0.03755347058176994 0.03361239284276962 0.02733023464679718 0.02048548497259617 -0.02278241328895092 -0.04398542642593384 0.07264990359544754 0.06682682037353516 -0.006633160635828972 0.06034613400697708 -0.04768865182995796 0.06289539486169815 -0.003991590812802315 0.043726518750190735 0.04566020146012306 0.0033246856182813644 -0.043464548885822296 0.04267654940485954 0.02867802605032921 0.0032751106191426516 0.05166808143258095 0.04599779099225998 -0.04944569990038872 0.039917681366205215 0.029025012627243996 0.004890039097517729 0.016211997717618942 0.03536026552319527 -0.013052157126367092 -0.2571432292461395 -0.11268828809261322 -0.2191150188446045 -0.07775235176086426 0.041923459619283676 -0.16800978779792786 -0.1440563052892685 -0.07492101192474365 -0.16084076464176178 -0.13869531452655792 -0.13246767222881317 0.018459338694810867 -0.0026185603346675634 -0.003940257243812084 -0.05802518501877785 0.03150757774710655 -0.06828663498163223 -0.12640975415706635 -0.12280668318271637 -0.030554627999663353 0.028907405212521553 0.027036480605602264 -0.0873597040772438 -0.018596626818180084 -0.10058686137199402 0.011850323528051376 -0.018321583047509193 0.03416001796722412 0.06953920423984528 -0.008711237460374832 0.04453983157873154 0.03986964374780655 -0.09697739779949188 -0.10459285974502563 -0.08393457531929016 -0.10949023067951202 -0.034284692257642746 -0.06678029149770737 0.10266593098640442 0.03598257899284363 -0.05024914816021919 0.004945826716721058 0.08575893938541412 0.03231668844819069 -0.07939951866865158 -0.091811403632164 -0.05384966731071472 -0.04497452825307846 -0.034482646733522415 -0.06256765127182007 -0.05268033966422081 0.058691561222076416 0.009856246411800385 -0.04349256306886673 0.049311473965644836 0.05110952630639076 -0.1332271546125412 0.015808142721652985 -0.08004021644592285 -0.024848420172929764 -0.0038694574031978846 -0.05434797704219818 0.005944589152932167 -0.0002635412965901196 0.01269235834479332 -0.025574862957000732 -0.10161051154136658 0.013944726437330246 -0.05508197098970413 -0.03257922828197479 -0.0313916951417923 -0.06931108981370926 -0.04112222045660019 0.01274940650910139 -0.045377980917692184 0.028271149843931198 0.05212025344371796 -0.0018150013638660312 0.06253320723772049 0.09378210455179214 0.046681009232997894 0.0748046338558197 -0.015318197198212147 0.006508767604827881 0.06945828348398209 -0.08178454637527466 -0.07831297069787979 -0.07594582438468933 0.06303740292787552 -0.00014130945783108473 -0.051034945994615555 -0.05234566703438759 0.07326343655586243 0.08905293792486191 -0.08183682709932327 0.09524841606616974 -0.028313398361206055 0.08937834948301315 -0.01583142764866352 0.030334347859025 -0.0018819132819771767 0.0011078036623075604 0.015238734893500805 0.057309091091156006 0.002586225513368845 0.11222904920578003 -0.053266741335392 0.10938684642314911 0.05803737789392471 -0.07080835849046707 -0.06042139232158661 0.015638625249266624 -0.05838252604007721 0.00779243279248476 -0.08833817392587662 0.07100004702806473 -0.0964161604642868 0.0907631441950798 -0.04947010055184364 0.07718706876039505 0.0453457348048687 0.008638260886073112 0.016279488801956177 -0.02079925686120987 -0.0966983437538147 -0.0634947195649147 0.08710439503192902 0.08151490986347198 -0.06719591468572617 -0.15364493429660797 -0.02537711150944233 0.03605041280388832 0.1030689999461174 -0.020067475736141205 0.07129345834255219 0.07073509693145752 0.016707133501768112 0.06625420600175858 -0.05223137512803078 -0.0398833341896534 0.02664826810359955 0.05207044631242752 -0.058205023407936096 0.10190839320421219 0.11995325982570648 -0.017877668142318726 0.012053879909217358 -0.01643836498260498 -0.06618215888738632 -0.05989483743906021 0.12931139767169952 -0.04925327003002167 0.05995900556445122 0.013765200041234493 -0.006143463309854269 -0.09716957807540894 -0.01593754068017006 0.06779539585113525 0.10528922080993652 -0.026747122406959534 -0.007984843105077744 -0.09431721270084381 0.018729591742157936 -0.02797623910009861 0.059672195464372635 0.06330054253339767 0.11719582229852676 -0.04597383737564087 0.12044049054384232 0.1042427122592926 0.09322180598974228 -0.06546076387166977 0.02888485975563526 -0.02810240536928177 -0.10761772841215134 -0.12314697355031967 -0.028101662173867226 -0.0683215856552124 -0.05101441591978073 -0.09897055476903915 -0.059772346168756485 0.05089818313717842 0.003734961152076721 -0.0024384926073253155 0.06670968234539032 0.0767439603805542 0.04305403307080269 -0.060501255095005035 -0.11675550788640976 0.07085176557302475 0.0671384260058403 0.029873497784137726 0.06631655246019363 0.06346633285284042 0.04635300487279892 0.11981875449419022 0.050051767379045486 0.11200366169214249 0.002267229137942195 0.10004345327615738 0.09409850090742111 -0.005562962964177132 0.0025338195264339447 -0.045033641159534454 0.04454221576452255 -0.12603357434272766 0.10336624085903168 -0.05162598937749863 0.017884476110339165 0.007940847426652908 0.05929645523428917 -0.040491119027137756 -0.012353822588920593 0.020816897973418236 -0.022849729284644127 0.026592006906867027 0.10240799188613892 0.0918438658118248 -0.08259454369544983 0.03543885797262192 -0.07642162591218948 0.09055817872285843 -0.07025110721588135 -0.0010688233887776732 -0.11949252337217331 -0.052226752042770386 -0.10129082947969437 0.0180378258228302 -0.03565042093396187 -0.11424776166677475 -0.04223465546965599 -0.05286834016442299 -0.028840336948633194 -0.028494199737906456 0.024218184873461723 -0.06970859318971634 0.07448665797710419 -0.1100446805357933 -0.11149748414754868 -0.09525005519390106 -0.021660352125763893 0.11633946746587753 -0.11388444900512695 0.04167952015995979 0.06253127008676529 -0.09967448562383652 0.007051536347717047 -0.03937045484781265 -0.08371751010417938 0.0014153671218082309 0.11407308280467987 0.014025780372321606 -0.011063700541853905 -0.10435966402292252 0.11210557073354721 -0.036898598074913025 -0.016162293031811714 -0.015556443482637405 -0.10533728450536728 0.015667639672756195 -0.0023768292739987373 -0.06011650711297989 0.06644394248723984 -0.03798801079392433 0.11054710298776627 0.12519988417625427 0.039958979934453964 -0.03212185949087143 0.061435699462890625 0.14208202064037323 0.17083173990249634 0.15085788071155548 0.05684002488851547 0.13241246342658997 0.0707664042711258 -0.060281913727521896 0.1394001841545105 0.14208659529685974 0.04780702292919159 0.15065953135490417 0.13851378858089447 0.11915429681539536 0.05835059657692909 -0.020819449797272682 -0.03876959905028343 0.03385402262210846 0.014518653973937035 -0.0793372094631195 0.01983409933745861 -0.049542397260665894 0.11294826865196228 0.09127523750066757 0.06234733387827873 0.04448126628994942 -0.09737691283226013 -0.01868637651205063 0.0738309696316719 -0.04553106427192688 0.09504237771034241 0.08022022992372513 -0.06982336193323135 -0.09218179434537888 0.0658106580376625 -0.07827117294073105 0.06208395957946777 -0.006780814845114946 -0.005720886401832104 -0.01769275963306427 -0.0649607852101326 -0.1365465670824051 -0.10156668722629547 0.0009564265492372215 0.075035460293293 0.019520634785294533 0.07607775181531906 0.04914827644824982 -0.011761288158595562 -0.13407567143440247 -0.08463136851787567 -0.03667159005999565 -0.04328101500868797 -0.18322578072547913 -0.09326155483722687 -0.1688724309206009 -0.06432218849658966 -0.1196449026465416 -0.13959328830242157 -0.10670950263738632 0.0046155089512467384 -0.04261934757232666 -0.041107576340436935 0.08351677656173706 0.07639233767986298 -0.06080126389861107 -0.0003932882100343704 -0.06307560950517654 0.0020584792364388704 0.05395563319325447 0.056816939264535904 0.04152292013168335 -0.045071493834257126 0.03171554207801819 -0.08029036223888397 0.029913051053881645 0.0018307326827198267 0.020728211849927902 0.034326400607824326 -0.12461737543344498 -0.07942304760217667 0.061693526804447174 0.06355118751525879 -0.005196236539632082 0.02917250245809555 -0.0745784118771553 -0.09299201518297195 -0.08149580657482147 -0.1239851787686348 -0.029037026688456535 0.0608600378036499 -0.0499911867082119 0.0406540222465992 -0.018320094794034958 -0.10648642480373383 0.06548091769218445 0.03665125370025635 0.013456270098686218 0.08895885199308395 -0.1297151893377304 -0.03234637528657913 -0.09297897666692734 -0.13348636031150818 0.08193463832139969 -0.14536407589912415 -0.10348381102085114 0.03462347388267517 0.013675414957106113 -0.019108956679701805 0.02034738101065159 -0.05417095497250557 -0.06089216470718384 0.06583185493946075 -0.038592901080846786 0.02066635712981224 -0.07968024909496307 -0.06458636373281479 -0.10905347019433975 0.0045485543087124825 -0.06922406703233719 -0.02957499399781227 0.11681559681892395 -0.026239555329084396 0.1040765568614006 -0.06971259415149689 -0.038435548543930054 -0.06937234103679657 0.08188091218471527 -0.016338512301445007 -0.093462273478508 0.058949705213308334 -0.06977369636297226 -0.03554338216781616 0.03374175727367401 0.06998838484287262 -0.009231380186975002 0.10940331965684891 0.0397699773311615 0.07785546779632568 -0.0858784094452858 0.05887938663363457 0.004123098682612181 0.06175119802355766 -0.08281736075878143 0.04505719244480133 0.04384949058294296 0.11311566829681396 -0.08181214332580566 -0.03642849996685982 -0.018729573115706444 0.11887932568788528 0.0946015939116478 0.08353396505117416 -0.05094955861568451 -0.028768617659807205 0.02922874316573143 -0.062331900000572205 0.06879464536905289 0.06938900053501129 -0.062466420233249664 -0.03507941588759422 -0.09636400640010834 -0.05049293860793114 0.07255493849515915 -0.11176058650016785 0.08739211410284042 0.06673865020275116 -0.02484012581408024 0.04767588898539543 -0.0928419828414917 0.05442604795098305 0.0991828441619873 -0.07867441326379776 -0.09617500007152557 0.01752828247845173 0.0024310469161719084 -0.07322767376899719 -0.08176731318235397 -0.07594066858291626 -0.037587158381938934 -0.22044755518436432 -0.07885473221540451 -0.269066721200943 -0.26617205142974854 -0.23126903176307678 -0.06904152780771255 -0.252170205116272 -0.10117150098085403 -0.01744913123548031 -0.04197338595986366 -0.1203804463148117 -0.032479021698236465 -0.1309615820646286 -0.0559564009308815 -0.16120170056819916 -0.0684809461236 0.03098600171506405 -0.16074436902999878 -0.1246863529086113 -0.09633653610944748 -0.1046864464879036 0.025377623736858368 -0.132927805185318 0.02421528659760952 0.07825493067502975 -0.11828593164682388 -0.12315137684345245 -0.10505682229995728 0.06463071703910828 -0.13171550631523132 -0.10049204528331757 -0.020319221541285515 -0.023986445739865303 -0.10473096370697021 -0.09227363020181656 -0.03138551115989685 -0.026619965210556984 0.021555708721280098 0.0286700576543808 -0.008443938568234444 -0.10276670753955841 -0.11735527962446213 -0.01227316353470087 -0.012716815806925297 -0.06989753991365433 0.07351016253232956 0.03317832201719284 0.057682108134031296 0.07639719545841217 0.017550809308886528 0.0835159495472908 0.05283941328525543 -0.09712912887334824 -0.015008753165602684 0.0033457912504673004 -0.055054403841495514 -0.08298882842063904 0.005337572190910578 0.030681215226650238 0.07860250025987625 0.05386805161833763 -0.04650827869772911 -0.013943332247436047 -0.07272082567214966 0.12398477643728256 0.1262584775686264 0.10731446743011475 0.06447022408246994 -0.030289191752672195 0.0655047819018364 -0.0020501052495092154 -0.0020617598202079535 0.04266368970274925 0.03524651378393173 0.1275174915790558 -0.11107143014669418 -0.03714526444673538 -0.03264347091317177 0.07423894852399826 0.0199750829488039 -0.09690509736537933 -0.09119316935539246 -0.09406571090221405 0.09432173520326614 0.0352817140519619 -0.1260250210762024 -0.0579257570207119 -0.03198089823126793 0.024962496012449265 0.09384120255708694 -0.0772780254483223 -0.0380740649998188 -0.11412208527326584 -0.12005232274532318 -0.017353631556034088 -0.08947719633579254 0.0552251860499382 -0.03588823974132538 0.09606150537729263 0.11389291286468506 -0.07718707621097565 0.01246651727706194 0.04613550007343292 0.05297785624861717 0.019742120057344437 0.014824075624346733 -0.1271648108959198 -0.07077610492706299 -0.09615958482027054 -0.04929818958044052 -0.03273412212729454 -0.033653561025857925 -0.05471266806125641 0.06741761416196823 0.07509518414735794 -0.11405282467603683 -0.08728975057601929 0.12246047705411911 -0.10166911035776138 -0.061491042375564575 0.009054068475961685 0.03771571069955826 -0.09502387046813965 0.04196014627814293 -0.05070062354207039 0.04812217876315117 -0.10008635371923447 0.024864595383405685 0.1616629958152771 0.13844594359397888 0.09898915141820908 -0.021351715549826622 0.0699918195605278 -0.025222178548574448 -0.1106259897351265 0.006628923583775759 -0.05314332991838455 0.1118030846118927 0.04197794198989868 -0.12428309768438339 -0.09056064486503601 -0.0783088430762291 -0.021884821355342865 -0.09862455725669861 0.08426130563020706 0.015131179243326187 -0.01597806066274643 -0.12118218094110489 -0.05914076045155525 -0.042578909546136856 0.07894674688577652 -0.08459154516458511 -0.0957546979188919 -0.017738355323672295 0.09402661770582199 0.09167720377445221 -0.047259047627449036 -0.09501198679208755 0.04817841202020645 0.0860847607254982 0.10588612407445908 0.07824252545833588 0.06400013715028763 0.06401624530553818 -0.11006271839141846 -0.04751240462064743 -0.053901489824056625 -0.017122488468885422 0.030281517654657364 -0.036847516894340515 -0.0865672305226326 0.07817129790782928 -0.000879260478541255 0.037876203656196594 -0.09573358297348022 -0.1104636937379837 0.0736505538225174 0.05042080208659172 -0.025014018639922142 -0.10835582762956619 0.012656932696700096 0.09266512095928192 -0.09217832237482071 -0.008230730891227722 -0.0994434803724289 0.11467604339122772 -0.08390872925519943 -0.025801727548241615 -0.02911406010389328 -0.05873255059123039 -0.0871250182390213 0.00572511600330472 -0.013703260570764542 -0.07002296298742294 0.06220319867134094 -0.10188312828540802 -0.046582385897636414 0.07683146744966507 -0.02193611115217209 -0.0024367934092879295 -0.042351894080638885 0.10461286455392838 -0.028502294793725014 0.01968422532081604 0.0019413799745962024 -0.08446722477674484 -0.03914419934153557 -0.023698706179857254 0.10995601117610931 -0.04993455111980438 0.038653258234262466 -0.07639515399932861 -0.04690499231219292 -0.03797690570354462 0.0020179827697575092 0.04561340808868408 -0.05327789485454559 0.07527860999107361 0.0133598567917943 0.09226170927286148 0.0213773250579834 0.06808251142501831 -0.018114347010850906 0.08859065920114517 -0.025071311742067337 0.013998000882565975 0.0308209415525198 0.004482043907046318 -0.011156842112541199 -0.02200990729033947 -0.015906786546111107 0.08117368817329407 -0.06834060698747635 0.04531678929924965 -0.06654767692089081 -0.02006477117538452 0.008322796784341335 0.08212663978338242 0.001512097311206162 0.09582792222499847 -0.06393914669752121 -0.09003382176160812 0.037791673094034195 -0.01562010869383812 -0.0577097162604332 0.03628887981176376 -0.05044122412800789 0.05748233199119568 0.06999713182449341 -0.0808098167181015 -0.03640118986368179 -0.02405371330678463 0.07685326039791107 0.07047214359045029 0.0666106715798378 0.06066011264920235 -0.11659618467092514 -0.061323944479227066 0.0895368903875351 -0.06042295694351196 -0.008962102234363556 0.1113281324505806 -0.10432608425617218 0.013789762742817402 0.08041927963495255 0.10772766172885895 0.06879378110170364 0.06050434708595276 -0.07871126383543015 0.08074966818094254 -0.0027252479922026396 -0.0003073456173297018 -0.05654805153608322 -0.02425844967365265 0.009009118191897869 -0.011679486371576786 0.06398806720972061 -0.03174963593482971 0.10743733495473862 0.024885717779397964 -0.07790248095989227 0.10431599617004395 -0.06720639020204544 -0.033924784511327744 -0.003990673925727606 -0.08726762980222702 0.02178451232612133 0.12555797398090363 0.061340998858213425 -0.038887836039066315 0.008259703405201435 -0.01499098539352417 -0.043903280049562454 -0.04011451452970505 -0.07117296755313873 -0.10182056576013565 0.05734504759311676 0.015046830289065838 0.06452728807926178 -0.024616526439785957 -0.017714619636535645 -0.07553809881210327 -0.010267329402267933 0.11312644183635712 0.0828605368733406 -0.08098721504211426 -0.07322932034730911 -0.09609168767929077 0.10448034852743149 -0.04196789488196373 -0.08133352547883987 0.0020708234515041113 0.0798136293888092 -0.060777466744184494 0.11451251804828644 -0.03675936162471771 -0.037024710327386856 -0.07779185473918915 0.06438671797513962 -0.009989761747419834 -0.012363326735794544 0.020836828276515007 -0.09621066600084305 -0.03853526711463928 0.03049868531525135 -0.12356314063072205 -0.008649413473904133 -0.0773933082818985 -0.03932416811585426 0.0764361321926117 -0.09066138416528702 0.05342157557606697 0.036688655614852905 -0.0997825562953949 -0.09489250183105469 0.0622062087059021 -0.04680481180548668 -0.02725232020020485 -0.06332198530435562 -0.07727903872728348 -0.008772867731750011 -0.06977365911006927 -0.05885251611471176 0.027330290526151657 0.012159292586147785 -0.027246665209531784 0.012902799062430859 0.03719857335090637 -0.06141170486807823 -0.004574477206915617 0.11846964806318283 -0.04347250238060951 -0.09819166362285614 -0.07373719662427902 0.024919452145695686 0.10313674062490463 0.05919323116540909 -0.02593071758747101 0.10137712955474854 0.08940798789262772 -0.0717318132519722 0.05609801039099693 -0.04592610523104668 0.07824146747589111 0.09538964927196503 0.051094088703393936 -0.022452689707279205 0.009860283695161343 0.021840443834662437 -0.08918876200914383 0.07270387560129166 -0.11841733753681183 0.054505180567502975 -0.07065541297197342 -0.03032005950808525 -0.07896438241004944 -0.06551957875490189 -0.05242554470896721 -0.07291155308485031 -0.09664388000965118 0.08017030358314514 0.04827124625444412 0.00867638923227787 -0.10972339659929276 0.016993697732686996 -0.023308871313929558 -0.09465751051902771 0.09569524228572845 -0.03467679023742676 -0.05272889882326126 0.10339515656232834 -0.03534836694598198 0.061341818422079086 0.060480982065200806 0.014821071177721024 0.11217314004898071 0.03757202625274658 0.09696903824806213 0.07058494538068771 -0.0853891521692276 -0.028880465775728226 0.05401287600398064 0.009175144135951996 -0.07196194678544998 -0.015133394859731197 0.057127729058265686 0.07509630918502808 -0.06950530409812927 -0.09410180896520615 -0.03993473947048187 0.004141109995543957 0.11526575684547424 -0.0856073796749115 -0.05681677907705307 0.09026702493429184 -0.07485956698656082 -0.03923232480883598 0.030261797830462456 0.004840447101742029 -0.10423342138528824 -0.09549930691719055 0.018450845032930374 0.10537225008010864 -0.06751799583435059 0.006041468121111393 0.09519559144973755 0.047048136591911316 0.038062386214733124 -0.0882246270775795 -0.10092026740312576 -0.03712150827050209 -0.031406279653310776 -0.06346684694290161 0.023737402632832527 -0.10890346765518188 -0.10113240033388138 -0.025924082845449448 -0.06175873056054115 -0.1139432042837143 -0.1065245121717453 -0.10971586406230927 -0.1045362651348114 0.06384632736444473 0.05147789791226387 0.08219544589519501 0.012028567492961884 -0.12764312326908112 0.08159282803535461 0.04815955460071564 -0.00845852866768837 -0.025707468390464783 -0.0971231609582901 -0.046507060527801514 -0.12583713233470917 0.031183181330561638 0.07964862883090973 -0.09341122955083847 0.08962628990411758 -0.0844724103808403 -0.0770144835114479 -0.11849676072597504 -0.11397384852170944 -0.07037712633609772 0.07377207279205322 -0.08439230918884277 -0.06735736131668091 0.026371411979198456 0.11135458201169968 0.08774761855602264 0.14294666051864624 0.03457654267549515 0.04491054266691208 0.1224144920706749 -0.00104615674354136 -0.060488782823085785 -0.005159047432243824 0.1045636534690857 -0.06639963388442993 0.08742540329694748 0.004621394909918308 -0.08692717552185059 -0.051041919738054276 -0.05386403948068619 -0.040198590606451035 -0.09128321707248688 -0.05537889897823334 0.02032211236655712 -0.07622641324996948 -0.034214187413454056 -0.08150401711463928 0.0037878400180488825 -0.06837286055088043 0.03907201066613197 -0.08504035323858261 0.08342055231332779 0.1323978304862976 -0.08077182620763779 -0.028412632644176483 -0.02603180892765522 0.0599704310297966 0.01854352280497551 -0.044168051332235336 -0.007513243705034256 0.0666404590010643 -0.10392151772975922 -0.08647309243679047 -0.03556662052869797 -0.04031357914209366 0.04764365032315254 -0.0030917413532733917 0.0967559963464737 -0.0820065513253212 0.13436461985111237 0.14769934117794037 0.04789233207702637 -0.09237083047628403 0.08573105186223984 0.06492936611175537 0.03482161834836006 0.07079827785491943 -0.060643576085567474 -0.10096440464258194 -0.023307232186198235 -0.09606306999921799 -0.08198528736829758 0.01914781518280506 -0.11220867931842804 0.09611386060714722 0.026834050193428993 -0.13045482337474823 0.05459832772612572 0.0959058403968811 0.06713895499706268 -0.02265230566263199 0.021926604211330414 -0.08329779654741287 -0.06999185681343079 -0.04641130194067955 -0.07175780087709427 -0.08265435695648193 -0.1359688937664032 -0.101073257625103 -0.05764980614185333 -0.016401786357164383 -0.10440400242805481 0.009763704612851143 0.10439586639404297 0.05737124755978584 0.005051674321293831 0.03906121104955673 -0.03159729018807411 -0.08933737874031067 -0.041867032647132874 0.05470255762338638 0.030347386375069618 0.10418181866407394 0.053707223385572433 -0.11615732312202454 0.03838865086436272 0.06274134665727615 0.03459950163960457 -0.10983313620090485 -0.02873760648071766 0.09596080332994461 0.06857772916555405 -0.02731255628168583 -0.08457476645708084 0.06488025933504105 -0.07830923050642014 0.03208700567483902 0.06523042172193527 -0.07081596553325653 -0.01022033765912056 0.03351402282714844 -0.009265437722206116 -0.0954759269952774 -0.00813016016036272 0.047547969967126846 0.01574433036148548 -0.05936010181903839 -0.015200096182525158 -0.002884873189032078 0.09421364217996597 0.07103598117828369 -0.08398191630840302 -0.07380682229995728 -0.03742430731654167 -0.11457011103630066 -0.11400637775659561 0.08165446668863297 -0.06249052286148071 0.05837659910321236 -0.09282030165195465 -0.013159475289285183 0.07350995391607285 0.00019215757492929697 0.06360680609941483 -0.0871395543217659 0.044042766094207764 -0.011441683396697044 -0.028974926099181175 -0.09234733134508133 0.10655569285154343 0.0763644278049469 0.06919749081134796 -0.041631732136011124 0.10111943632364273 -0.025413542985916138 0.07744912058115005 0.05891534313559532 0.042359158396720886 -0.03213012218475342 -0.02242501825094223 -0.02338816598057747 -0.11473073810338974 -0.05313584953546524 -0.09656914323568344 -0.07198411971330643 -0.02027621679008007 0.028619611635804176 0.03910168632864952 0.009960891678929329 0.12628819048404694 -0.06204922869801521 -0.048162173479795456 0.07209540903568268 0.04117802530527115 0.02584506757557392 0.0989055261015892 -0.09284622222185135 0.11024301499128342 0.08052958548069 -0.09486018121242523 -0.035870522260665894 -0.026255859062075615 -0.11033421009778976 -0.019246477633714676 -0.044098567217588425 -0.05691850930452347 0.11527203023433685 -0.05014102905988693 -0.1507021188735962 -0.0774405300617218 -0.07556594908237457 -0.09300839900970459 0.04936594143509865 0.1346827745437622 -0.05420603230595589 -0.06802409142255783 0.10577921569347382 0.09577326476573944 0.08391337841749191 -0.04479891061782837 0.12357311695814133 0.012813284061849117 0.05822969973087311 0.0788138285279274 0.11966979503631592 0.055609021335840225 -0.047832079231739044 0.12105175852775574 -0.016824694350361824 -0.012057819403707981 0.04680018126964569 0.021383244544267654 -0.05548956245183945 -0.06327198445796967 0.022899886593222618 0.1178930401802063 0.00368678942322731 -0.08035168051719666 -0.08737654238939285 -0.00550526287406683 -0.0945078581571579 -0.08436096459627151 -0.029933487996459007 -0.01583104394376278 0.118858702480793 -0.10698356479406357 0.05953532084822655 -0.05146978795528412 -0.061745889484882355 0.0647696778178215 0.0038284456823021173 -0.022188784554600716 -0.05656411126255989 -0.004184012301266193 0.036431800574064255 -0.10391733050346375 -0.11400295794010162 -0.04167647287249565 0.027971675619482994 0.06853539496660233 0.020339153707027435 -0.11418650299310684 -0.03693423047661781 0.06030248478055 0.05787591263651848 -0.012124870903789997 -0.14230135083198547 0.03603747859597206 -0.03745246306061745 0.04860640689730644 -0.0445425808429718 0.1363038718700409 0.05487356707453728 0.052650850266218185 -0.03050271049141884 -0.09038893133401871 -0.0782373920083046 -0.07115767151117325 -0.01752440072596073 -0.06347598135471344 0.09084856510162354 0.06652893871068954 0.07061226665973663 -0.05731743201613426 -0.0607721209526062 0.01900838315486908 -0.041046611964702606 -0.06983632594347 0.10776533931493759 0.03375599905848503 -0.030258549377322197 0.021588975563645363 0.11213338375091553 0.023142805323004723 0.04962078481912613 -0.05111682787537575 -0.012867321260273457 -0.04078478738665581 0.00811416283249855 -0.10036621242761612 -0.08776938915252686 -0.10864270478487015 -0.057003527879714966 0.04999547824263573 -0.09910951554775238 -0.07817323505878448 0.061061110347509384 -0.000933503732085228 -0.04466954246163368 -0.005689699202775955 -0.11702638864517212 0.11230068653821945 0.05521443486213684 0.01212858222424984 -0.025580542162060738 -0.0739607959985733 0.021300172433257103 -0.0008486720034852624 -0.056365352123975754 0.09143473207950592 -0.04872205853462219 0.1159166768193245 -0.09909456223249435 0.0915435254573822 -0.01152285747230053 -0.0207575261592865 -0.04686112701892853 0.1474817991256714 -0.0889466255903244 0.050041839480400085 0.013891703449189663 -0.05322886258363724 -0.056767016649246216 0.052824825048446655 0.09300196170806885 -0.16682836413383484 -0.11989705264568329 -0.042165931314229965 0.015909787267446518 -0.06665454804897308 -0.09760187566280365 0.009219071827828884 0.11719419062137604 0.1214628517627716 0.09336163848638535 0.11965200304985046 0.05502181500196457 0.07747744768857956 0.12462493032217026 0.09000065177679062 -0.1165986880660057 -0.01649285852909088 -0.07409956306219101 0.10856734216213226 0.028915531933307648 0.03727589547634125 0.0463956855237484 0.06137920543551445 -0.10489855706691742 -0.020662227645516396 0.11322418600320816 0.02046024426817894 -0.10089188069105148 0.042528752237558365 0.11775822192430496 0.047189999371767044 0.051136333495378494 0.06121029332280159 0.0037910211831331253 -0.0719163566827774 -0.025186607614159584 0.11178499460220337 -0.021835586056113243 0.0476648174226284 -0.09644265472888947 -0.1003686860203743 0.010901303961873055 0.024186085909605026 0.046942006796598434 0.03823549300432205 -0.0026643145829439163 -0.08934766799211502 -0.10152765363454819 0.06494712084531784 -0.06609217822551727 -0.044766150414943695 -0.044557828456163406 -0.0423356331884861 -0.12795612215995789 0.0946798175573349 -0.09089463204145432 -0.08904217928647995 -0.03665310889482498 -0.09909769892692566 0.03529350087046623 0.06507699936628342 0.07167519629001617 -0.16409416496753693 -0.13472126424312592 0.0503973662853241 0.045327190309762955 0.0011031536851078272 -0.1429140716791153 -0.10493090003728867 -0.001867053797468543 -0.0909668430685997 -0.18094675242900848 -0.012990986928343773 -0.09809953719377518 0.009186972863972187 -0.14649152755737305 -0.03281676396727562 -0.0950985923409462 -0.037796661257743835 -0.015996791422367096 -0.024784909561276436 -0.13694261014461517 -0.13009952008724213 0.02074551396071911 0.0006994994473643601 0.05285506322979927 0.014491919428110123 0.006776677910238504 -0.039080385118722916 0.006027493160218 -0.07539033144712448 0.06779291480779648 -0.009389650076627731 0.04299340024590492 -0.013277645222842693 -0.07462099939584732 0.0001634240907151252 0.02356339618563652 0.028848936781287193 -0.10157795250415802 -0.02571803890168667 0.0021927966736257076 -0.021563848480582237 -0.07160520553588867 0.09690756350755692 -0.08380445837974548 -0.09354210644960403 0.1007235050201416 -0.12111303210258484 -0.1153590977191925 -0.04506929591298103 0.007368122227489948 -0.04989694431424141 0.02966981753706932 0.05446212738752365 0.045004379004240036 -0.02536940574645996 0.10048598796129227 -0.04545878991484642 0.03588693588972092 -0.07412948459386826 -0.08000750094652176 0.04780658334493637 -0.031677912920713425 -0.058139801025390625 0.004757503047585487 0.016857227310538292 -0.10467908531427383 -0.19056256115436554 -0.09102025628089905 -0.01984572969377041 -0.13269591331481934 -0.10782790929079056 -0.07058689743280411 -0.06787789613008499 0.12092666327953339 0.06954052299261093 -0.054561324417591095 0.13484454154968262 0.04010363668203354 -0.04423660784959793 -0.029176760464906693 0.07792901247739792 0.09567281603813171 0.047352831810712814 0.09321653842926025 0.0444827601313591 0.12299888581037521 -0.062171291559934616 -0.013530372641980648 -0.044940777122974396 -0.001826805411837995 0.072005994617939 0.09518077224493027 0.13206300139427185 -0.043966811150312424 0.12770822644233704 0.030773716047406197 0.006339233834296465 0.08460082113742828 -0.055927373468875885 -0.08323246240615845 0.009945862926542759 0.05624256283044815 -0.0017146406462416053 0.00864114984869957 -0.02029230259358883 -0.0017278458690270782 -0.09474679082632065 0.10581602156162262 0.025691773742437363 0.10375712811946869 -0.09287597239017487 -0.07985609024763107 -0.015316180884838104 0.0821152999997139 0.04918898269534111 0.06432010978460312 -0.11624515801668167 -0.06940683722496033 0.055218782275915146 -0.10041902214288712 0.07800692319869995 -0.056991659104824066 0.08342546224594116 0.019924519583582878 0.04527570307254791 -0.08655906468629837 -0.11719305068254471 0.10579412430524826 -0.03593795374035835 -0.05236652493476868 0.02531718648970127 -0.12269745022058487 0.004806371871381998 -0.07770944386720657 -0.003339517628774047 -0.08103371411561966 0.0014703532215207815 -0.020986758172512054 0.038358934223651886 0.09943976998329163 0.03925985097885132 0.09810534119606018 0.05383295565843582 -0.10079074651002884 -0.00811683852225542 0.0798485204577446 0.09842924028635025 0.1015719622373581 -0.032124631106853485 0.10256118327379227 0.005527910310775042 -0.06091029942035675 0.030490854755043983 -0.06417732685804367 0.10177049785852432 -0.06013312190771103 -0.06634525954723358 0.05261769890785217 0.0793219804763794 0.07697973400354385 -0.057933509349823 -0.059740100055933 -0.10320620238780975 0.051895879209041595 -0.038520459085702896 0.03743449226021767 -0.07424144446849823 -0.09730453789234161 0.026550620794296265 -0.08266749233007431 -0.06430348008871078 -0.08454800397157669 -0.0072250207886099815 -0.018241889774799347 -0.11376830190420151 -0.08444877713918686 -0.11197059601545334 -0.13044264912605286 0.06686817854642868 -0.10797667503356934 0.0656769871711731 -0.0001221416750922799 -0.049260467290878296 0.04004077613353729 -0.06589766591787338 0.022667139768600464 -0.036306411027908325 -0.015034807845950127 0.07199588418006897 0.10437454283237457 0.06648016721010208 -0.0996796116232872 0.08537430316209793 0.08680984377861023 0.09348607063293457 -0.0005357450572773814 -0.09802784025669098 0.07473535090684891 -0.019398963078856468 -0.01197477150708437 -0.12177801132202148 -0.06572122871875763 0.04371257126331329 0.02871343120932579 0.09459535777568817 -0.0094536691904068 -0.11002887040376663 -0.03786575049161911 -0.012422611936926842 0.06861065328121185 -0.08222585916519165 -0.07339416444301605 -0.08124121278524399 -0.03603588417172432 -0.10566412657499313 0.034598007798194885 -0.0603991337120533 0.08008987456560135 0.0009385620942339301 0.030402138829231262 0.001535169780254364 -0.10882169008255005 -0.031855691224336624 -0.01617274060845375 0.04256218299269676 -0.07022853940725327 -0.03944111615419388 0.047659751027822495 -0.11404387652873993 0.04513077810406685 -0.09556040912866592 -0.08031944930553436 -0.09016188234090805 -0.11621381342411041 -0.06715156883001328 -0.09663615375757217 0.03138986602425575 -0.11337108910083771 -0.09275562316179276 -0.010373901575803757 0.10416387021541595 -0.04174036160111427 -0.09031985700130463 0.051098860800266266 0.11815501004457474 0.12530383467674255 0.08158837258815765 -0.02250567637383938 -0.021718626841902733 -0.0734771117568016 -0.06793829798698425 -0.004103429149836302 -0.0287844929844141 -0.1017708107829094 -0.0942593440413475 -0.02976556308567524 0.11209934204816818 -0.09495450556278229 0.01007330883294344 0.0007212024065665901 0.057150885462760925 -0.09615498036146164 0.11186295747756958 -0.07210054248571396 -0.027955692261457443 -0.055277589708566666 0.11610550433397293 0.085525281727314 -0.009837821125984192 0.09877657890319824 -0.01299323234707117 -0.09123103320598602 -0.001722470624372363 0.10726604610681534 0.08841851353645325 0.04924001544713974 -0.0775735154747963 0.04883602634072304 -0.03533719852566719 -0.029443465173244476 -0.02211160399019718 0.07793200016021729 -0.03411880508065224 0.06470447778701782 -0.05530627816915512 -0.017476100474596024 -0.05433502793312073 0.08391184359788895 0.0948113352060318 -0.02845504693686962 0.026541244238615036 0.07429855316877365 0.07743686437606812 0.061953119933605194 0.01855314150452614 0.043383657932281494 0.06142377480864525 0.08323308825492859 0.09628485143184662 -0.12759974598884583 -0.10263355821371078 0.06257098913192749 0.0939444899559021 -0.06329541653394699 0.038801174610853195 -0.03720441833138466 0.017767319455742836 -0.12549717724323273 -0.017135821282863617 0.06649533659219742 -0.02504059672355652 -0.08447381854057312 -0.10289463400840759 0.011176154017448425 -0.02190864086151123 -0.11961114406585693 -0.024829968810081482 -0.000731293112039566 -0.042643193155527115 -0.057870618999004364 0.037712860852479935 0.010495965369045734 -0.17412468791007996 -0.03211725130677223 -0.25617533922195435 -0.1405346840620041 -0.2362780123949051 -0.04812116175889969 -0.10749683529138565 -0.12340781092643738 -0.01473718136548996 -0.025627950206398964 -0.1765349805355072 -0.10504304617643356 -0.15353040397167206 -0.14036265015602112 0.01479779090732336 0.03684277459979057 -0.16718745231628418 -0.04491044208407402 0.05590013042092323 -0.13435141742229462 -0.024652358144521713 -0.04276880994439125 -0.13450342416763306 -0.14792650938034058 0.01307643298059702 -0.12732411921024323 -0.12290453165769577 0.023162072524428368 -0.11499478667974472 -0.08432027697563171 -0.020174985751509666 -0.10931269824504852 0.0695863738656044 -0.03526390716433525 0.088330939412117 -0.09804121404886246 0.0997442975640297 0.1035841777920723 0.03779744729399681 -0.11157237738370895 0.09393220394849777 0.06252110749483109 0.05272947996854782 -0.11768917739391327 -0.04462333396077156 -0.11364496499300003 -0.11243031919002533 0.10362862795591354 -0.13238725066184998 0.048848025500774384 0.06715312600135803 0.06487558037042618 0.10207584500312805 -0.10059907287359238 -0.00396694615483284 -0.07731371372938156 -0.09189599007368088 -0.018518179655075073 0.07821904122829437 -0.07892448455095291 0.01040717214345932 0.09086457639932632 -0.07129327952861786 0.07363767921924591 0.03308117389678955 -0.04267985746264458 0.044839609414339066 0.009879047982394695 -0.0354858860373497 -0.05420185998082161 0.05252475664019585 -0.0471959188580513 0.039877939969301224 -0.09726213663816452 0.007837356068193913 -0.04388510063290596 0.03956478089094162 -0.00012622105714399368 -0.047282565385103226 -0.030574141070246696 0.07153911888599396 0.0396113321185112 0.09103888273239136 0.08283084630966187 -0.022690853103995323 0.007994672283530235 -0.00046280614333227277 0.10100173205137253 -0.02676074579358101 -0.0734010562300682 -0.08647489547729492 0.030114518478512764 -0.02775203250348568 -0.007284597493708134 -0.05812951922416687 -0.042804278433322906 0.09013266116380692 -0.025835774838924408 0.03436974063515663 -0.07447788119316101 -0.027016591280698776 -0.03156479448080063 0.01060389168560505 -0.03910430520772934 0.012751739472150803 -0.0741846114397049 -0.07324102520942688 0.04620884731411934 0.09629032015800476 0.05228079482913017 0.07902420312166214 0.0843009352684021 -0.011602270416915417 -0.07201556116342545 -0.03099810890853405 -0.014579962939023972 -0.1004132330417633 0.0023590242490172386 -0.011041155084967613 0.03301466628909111 0.04247133433818817 -0.016318446025252342 0.04827054589986801 0.0915735736489296 0.05754243955016136 0.012563762255012989 0.0052755167707800865 -0.1023745909333229 -0.06478710472583771 0.051473964005708694 0.07050777226686478 0.0507841557264328 -0.005157024599611759 0.0744982361793518 -0.10530875623226166 -0.1314971148967743 -0.04282933101058006 0.03228576481342316 -0.12033283710479736 -0.11442327499389648 -0.03398334980010986 -0.014753961004316807 -0.10084841400384903 -0.12314952164888382 -0.11752195656299591 -0.07329205423593521 0.0595351904630661 -0.10814698040485382 -0.12157753109931946 -0.11741982400417328 0.03601786494255066 -0.0018782831029966474 -0.030445653945207596 -0.007756675127893686 0.022956622764468193 0.053442250937223434 0.06736353784799576 -0.006438893266022205 -0.03415420651435852 0.02359946072101593 0.04712992161512375 -0.006155574228614569 -0.006484282668679953 0.06461732089519501 0.04817032068967819 0.01122635044157505 -0.05796092748641968 -0.004764634650200605 0.09228719770908356 0.06223156303167343 -0.07596186548471451 -0.0009336507646366954 0.10603957623243332 0.06283730268478394 -0.0662975013256073 0.024430185556411743 -0.08241738379001617 -0.057112447917461395 0.05319651961326599 -0.06685736030340195 -0.050550367683172226 0.041412048041820526 0.11060178279876709 -0.07462252676486969 0.07512711733579636 -0.07368498295545578 0.08808331936597824 0.11230431497097015 0.04590285196900368 0.042441003024578094 -0.08013171702623367 0.07700391858816147 -0.1631288230419159 0.049099843949079514 -0.09224580228328705 -0.028716374188661575 0.131497323513031 0.06574902683496475 -0.021275918930768967 -0.08055902272462845 0.10576537996530533 0.10760176181793213 -0.021925974637269974 0.024294892325997353 -0.0913824737071991 0.1236531212925911 -0.03455149382352829 -0.019580954685807228 0.057628780603408813 0.012360540218651295 0.13164222240447998 0.14789634943008423 -0.02024834044277668 -0.06273118406534195 0.023926597088575363 -0.08909827470779419 0.13724474608898163 -0.015210593119263649 0.12362482398748398 0.01698639802634716 0.14836519956588745 0.05695732682943344 -0.03234146907925606 -0.019552264362573624 0.025851989164948463 0.10052837431430817 0.02277480438351631 -0.07033564895391464 -0.09933479130268097 0.12077445536851883 0.06545792520046234 -0.0754285454750061 0.11626412719488144 -0.06219124794006348 0.09444340318441391 -0.0022869159001857042 -0.005646910984069109 -0.014345653355121613 -0.07283619791269302 -0.03950865939259529 0.052249111235141754 -0.039577096700668335 0.03873378783464432 0.02147822454571724 -0.055758070200681686 0.09658143669366837 -0.09648431837558746 0.07974524796009064 -0.10446812212467194 0.004792183171957731 -0.02286459319293499 -0.07271148264408112 -0.0033867659512907267 -0.031894948333501816 0.08945542573928833 -0.09962109476327896 -0.13857108354568481 0.015880141407251358 -0.04999031499028206 0.015500933863222599 0.11169393360614777 0.1320863962173462 0.05933787301182747 0.07369189709424973 -0.05224059894680977 0.02156311459839344 0.09699054062366486 -0.01763787306845188 0.1131468117237091 0.08287195861339569 0.07616382837295532 -0.005922762677073479 0.0929335281252861 0.12152104824781418 -0.05469390004873276 0.008078993298113346 0.06814209371805191 0.038140472024679184 0.01929648034274578 0.10036179423332214 -0.012079370208084583 0.11248163878917694 -0.07534542679786682 0.02656858041882515 0.003047393634915352 0.08692211657762527 0.04326262325048447 0.012733635492622852 -0.007863861508667469 0.08523166179656982 -0.10411344468593597 0.05258862301707268 0.05215649679303169 -0.05412997305393219 0.04826512932777405 0.04572385177016258 0.022318778559565544 -0.06091439723968506 0.03238333389163017 -0.13862347602844238 0.06396984308958054 0.08220713585615158 0.03984000161290169 -0.09783457219600677 -0.05426808074116707 0.057889048010110855 0.07265853136777878 -0.12419808655977249 -0.14933672547340393 -0.036992158740758896 -0.09501438587903976 0.0525217279791832 0.05216587707400322 -0.003627436701208353 -0.04572874680161476 0.015041699633002281 -0.10186585038900375 -0.008579174056649208 0.00899302028119564 0.0005454773781821132 0.1682528257369995 0.10340674966573715 0.02107289433479309 0.08707917481660843 -0.057496558874845505 0.108049675822258 0.08706483989953995 -0.11275891214609146 -0.02211645618081093 -0.03776347637176514 -0.09627736359834671 -0.11817920953035355 -0.10595965385437012 -0.11271738260984421 -0.08789124339818954 -0.08574654161930084 -0.08541379868984222 0.049223724752664566 0.08894161134958267 0.09647680073976517 0.10241492092609406 -0.0813804417848587 0.08183088153600693 0.009114698506891727 0.10623195767402649 -0.017657071352005005 -0.05520319566130638 -0.03380954638123512 -0.1067756861448288 -0.07338922470808029 -0.12411510944366455 -0.11605466902256012 0.026671774685382843 -0.021758336573839188 0.04897962510585785 -0.10574553906917572 -0.019733848050236702 0.04914932698011398 -0.10583371669054031 0.08609887212514877 -0.08155035972595215 -0.03348606079816818 -0.1017865389585495 -0.05561446025967598 -0.030010707676410675 0.07397102564573288 -0.019703079015016556 0.09278732538223267 -0.05763493850827217 -0.04428727924823761 0.0903891921043396 0.09908165037631989 0.12459234893321991 0.1290278434753418 -0.04339372366666794 0.06236207112669945 0.0387142114341259 -0.002071668626740575 0.08414068818092346 -0.0984192043542862 -0.05833222717046738 0.04856008291244507 -0.13590353727340698 -0.13424016535282135 -0.022062066942453384 -0.03737463057041168 0.031407978385686874 -0.017154380679130554 -0.025459041818976402 -0.039495520293712616 0.08170336484909058 0.0717402771115303 -0.051407214254140854 -0.07977988570928574 0.011162505485117435 -0.009246394969522953 -0.032894317060709 0.06254632025957108 0.01091858558356762 -0.08004143834114075 -0.031422875821590424 0.00729790423065424 -0.028803212568163872 0.011928372085094452 0.04797475039958954 0.07530676573514938 0.050388555973768234 0.035555120557546616 -0.03397597745060921 -0.00010587785800453275 0.07696975767612457 -0.07739488035440445 -0.06662747263908386 -0.00888943299651146 0.049694839864969254 -0.017128514125943184 -0.023554641753435135 0.06254183501005173 0.007625935599207878 -0.06936445087194443 0.08240797370672226 -0.042444996535778046 0.027640450745821 -0.050117671489715576 0.08779116719961166 -0.05464440956711769 -0.055161744356155396 0.001405999530106783 -0.010614796541631222 0.041075464338064194 0.058345478028059006 -0.05591179430484772 0.003041463904082775 0.03275628760457039 0.015288669615983963 -0.08424979448318481 0.005278607830405235 0.053187478333711624 0.0506320483982563 -0.008666304871439934 0.0578729547560215 -0.07806001603603363 -0.026264414191246033 -0.019154250621795654 0.057427600026130676 -0.06131898984313011 0.05049614608287811 -0.011075075715780258 0.11626607924699783 0.00019524508388713002 0.047636210918426514 0.06062314286828041 -0.027592932805418968 0.03496638685464859 0.029044155031442642 -0.015300053171813488 -0.01408375520259142 -0.07979563623666763 0.06960424035787582 -0.025922898203134537 -0.10952837020158768 -0.060101233422756195 0.040476907044649124 0.09822108596563339 0.05428004264831543 0.09673087298870087 0.04041942209005356 0.0008853436447679996 -0.0630679577589035 0.09101683646440506 -0.031190985813736916 -0.04119949787855148 0.07843358814716339 -0.004306595306843519 0.10054532438516617 0.05131522938609123 0.04922410845756531 -0.0825263112783432 -0.033571213483810425 0.06294044107198715 -0.0806194618344307 -0.019133681431412697 -0.012305197305977345 -0.13510262966156006 0.04969838261604309 -0.04984406381845474 0.0013820694293826818 -0.05766770988702774 -0.11084603518247604 -0.06839864701032639 -0.0340987890958786 0.06834637373685837 -0.07772672921419144 0.031090686097741127 0.03113112412393093 -0.02869151160120964 -0.00637749582529068 -0.010779081843793392 0.08466725051403046 -0.007117209956049919 0.07905380427837372 0.03739876672625542 -0.043818674981594086 -0.018171019852161407 0.03258345276117325 -0.0006429077475331724 0.10924883186817169 0.1076861172914505 0.0976206436753273 0.15415677428245544 0.1966046243906021 -0.08984627574682236 0.044839151203632355 -0.041221003979444504 -0.042364418506622314 -0.02049930766224861 -0.11265648156404495 0.05542020499706268 -0.087669238448143 0.0434454008936882 0.10029980540275574 -0.09336166828870773 0.008037114515900612 -0.00404808484017849 0.08628415316343307 0.03894619643688202 -0.08788970112800598 0.06444210559129715 -0.09156875312328339 0.06180916726589203 0.08599093556404114 -0.045259226113557816 0.08478016406297684 -0.020005907863378525 -0.039586786180734634 -0.07752819359302521 0.0065442584455013275 -0.051365043967962265 0.10222218930721283 0.017142780125141144 0.03180856630206108 0.016468729823827744 0.05212642252445221 -0.010898666456341743 -0.05195697024464607 -0.01754755899310112 -0.07072333991527557 0.057356566190719604 -0.10120774060487747 0.07466022670269012 0.09749656170606613 0.09272933751344681 -0.10580918192863464 0.10792145878076553 -0.027592146769165993 -0.06322609633207321 -0.09781871736049652 -0.01779371127486229 0.1083255484700203 0.08593569695949554 0.0981031283736229 -0.11335083842277527 0.11365464329719543 0.054142389446496964 -0.003064630785956979 -0.09073814004659653 0.02131637930870056 0.09691624343395233 -0.00817333348095417 -0.0021817951928824186 0.0839661955833435 0.013950001448392868 0.0641695111989975 -0.055623166263103485 -0.10079444199800491 -0.04760785773396492 -0.05511666089296341 -0.1398434042930603 -0.06226227059960365 0.04700062796473503 0.13735796511173248 0.08045008033514023 -0.05524880811572075 -0.051843151450157166 0.10058610141277313 0.12229326367378235 -0.005758143030107021 -0.07870587706565857 0.07207891345024109 0.08748747408390045 0.13255777955055237 0.08804681152105331 0.06139502301812172 0.12757666409015656 0.02527501992881298 0.08154481649398804 -0.02596338465809822 -0.017275458201766014 0.01924033835530281 0.1072356179356575 -0.06103599816560745 0.0951615497469902 0.15070058405399323 -0.0482000969350338 0.13353295624256134 0.09059973806142807 0.028206931427121162 0.041712578386068344 0.1287267506122589 0.09426495432853699 0.010997362434864044 0.046657104045152664 0.12831997871398926 0.08099174499511719 0.019976399838924408 -0.003738266183063388 0.022806882858276367 -0.0513656921684742 -0.10510963201522827 -0.00775007763877511 -0.11391803622245789 -0.07847108691930771 -0.10175392776727676 0.07462892681360245 -0.004816951230168343 0.03641355410218239 -0.013199366629123688 -0.08019794523715973 -0.032120831310749054 0.031439993530511856 -0.007761634420603514 0.062472593039274216 -0.07808845490217209 -0.15570610761642456 0.025411123409867287 -0.07257453352212906 0.02981404960155487 0.0662468671798706 -0.08654948323965073 0.023969722911715508 -0.2447456568479538 -0.03659404069185257 -0.09991990774869919 -0.023967815563082695 -0.10002001374959946 -0.12659886479377747 0.04341568052768707 -0.1654108762741089 -0.0486876554787159 -0.15472860634326935 -0.0011202036403119564 -0.0678839236497879 0.007873892784118652 -0.03710545599460602 -0.04060017690062523 -0.10843353718519211 -0.060843583196401596 0.07852838188409805 0.10179360955953598 0.001828362001106143 -0.04833650216460228 -0.030028866603970528 0.052979595959186554 0.01101877260953188 0.11922537535429001 -0.009874601848423481 -0.003574129194021225 -0.08932334929704666 -0.09650794416666031 0.008900013752281666 0.013985175639390945 0.09351973980665207 0.04320395365357399 0.04088032245635986 -0.002321637934073806 0.06271697580814362 -0.07961242645978928 0.05572085082530975 -0.09731397032737732 -0.00807036180049181 -0.017633017152547836 0.02764628268778324 0.06562764942646027 0.06770744174718857 -0.021856972947716713 -0.0938379243016243 -0.015312576666474342 0.11732736229896545 -0.061829082667827606 -0.027126828208565712 -0.11044228076934814 0.014244632795453072 -0.08195824176073074 0.09654790908098221 0.014797735959291458 -0.11536336690187454 0.09741854667663574 -0.06722351163625717 0.02196229249238968 -0.10944228619337082 -0.031673938035964966 -0.05841003730893135 -0.04303409159183502 -0.05544013902544975 -0.008748037740588188 0.018952012062072754 -0.08980739116668701 0.00354407518170774 0.00762148154899478 0.027044685557484627 -0.04147055372595787 -0.10048025846481323 -0.11664532124996185 -0.033995211124420166 -0.031078848987817764 -0.054801613092422485 -0.026714280247688293 -0.028225772082805634 -0.018986914306879044 0.006576145999133587 0.06741732358932495 -0.006313918624073267 -0.04666341096162796 -0.0961507111787796 -0.012319663539528847 -0.055465538054704666 -0.07218463718891144 -0.07177317887544632 0.039909373968839645 0.002781044226139784 0.02229474112391472 0.05683048442006111 -0.006906807888299227 0.0412139967083931 -0.09613309800624847 0.11960406601428986 0.015702296048402786 0.12754714488983154 -0.06461386382579803 -0.042105533182621 0.0648229792714119 -0.06477707624435425 0.08684857934713364 0.11826028674840927 -0.057842012494802475 0.044516224414110184 0.08201302587985992 0.017905594781041145 0.1154242604970932 0.05287313833832741 -0.0517498254776001 0.05583006143569946 -0.0861043781042099 -0.054075296968221664 0.03737102821469307 0.05419193580746651 0.11749320477247238 0.09667334705591202 0.1346702128648758 0.12622708082199097 -0.06259596347808838 0.06730946898460388 0.06638173758983612 0.09521951526403427 0.06712915748357773 0.04660981893539429 0.15861797332763672 0.08544149994850159 0.15086379647254944 0.05479247495532036 -0.015897652134299278 0.04803437367081642 0.014498758129775524 0.10699641704559326 0.041728731244802475 0.09288270026445389 0.07306459546089172 -0.07161763310432434 -0.13227953016757965 0.05122973024845123 -0.10495809465646744 0.09376785904169083 -0.06903719156980515 -0.058380257338285446 -0.126927450299263 0.00874334666877985 0.06571143120527267 -0.10537324845790863 0.02869129553437233 -0.03743347153067589 -0.12966510653495789 -0.021539052948355675 -0.03836455196142197 0.06856559962034225 0.0010541074443608522 0.09582189470529556 0.041204072535037994 -0.0927702933549881 0.016623470932245255 0.07376111298799515 -0.09888236969709396 -0.07024459540843964 -0.09183365851640701 -0.13761352002620697 -0.01078559085726738 -0.0640765130519867 0.04217991605401039 -0.08819204568862915 0.07260661572217941 -0.1262778341770172 -0.03033439628779888 -0.0314377024769783 -0.07234285026788712 0.10144772380590439 -0.11037765443325043 0.03866583853960037 0.10594381392002106 -0.022290708497166634 0.08003698289394379 -0.07495775073766708 -0.027442438527941704 0.005896302871406078 0.047460220754146576 -0.06471610069274902 0.12352485954761505 -0.059758275747299194 0.01941126585006714 -0.07727136462926865 -0.009481113404035568 -0.08014354854822159 0.07980398833751678 0.04031151905655861 -0.02296953648328781 0.04894581809639931 0.06672894954681396 -0.07498937100172043 0.10358504951000214 0.03669312223792076 -0.06930503249168396 0.06700588762760162 -0.051987022161483765 -0.0622279979288578 0.03931858390569687 -0.014851481653749943 0.06465958058834076 0.04163757339119911 -0.07241273671388626 0.015087292529642582 0.08613290637731552 -0.07857746630907059 0.10016515851020813 0.0540919229388237 -0.037033237516880035 -0.0010317318374291062 -0.07734846323728561 0.017158515751361847 0.101620152592659 -0.10962633788585663 -0.08496936410665512 0.1089443787932396 0.07317347079515457 0.08150432258844376 -0.04374796897172928 0.009941281750798225 -0.050659891217947006 0.008230939507484436 -0.03947645425796509 0.006507569923996925 -0.10235683619976044 0.07049483805894852 -0.0774785578250885 0.010277519933879375 0.01761464588344097 0.006252896972000599 -0.052238643169403076 -0.032162562012672424 0.02909795567393303 -0.11029977351427078 0.055923331528902054 -0.09833242744207382 -0.04676462337374687 0.0742444396018982 0.0012903648894280195 -0.05233718827366829 -0.06269687414169312 -0.02474161423742771 -0.08303191512823105 -0.046007558703422546 0.027852164581418037 0.024933969601988792 0.1043509691953659 -0.02544570341706276 -0.047690656036138535 -0.0498487688601017 -0.10815735161304474 0.09527188539505005 -0.0839059054851532 -0.07190555334091187 0.09439346939325333 0.04175412654876709 0.10148108005523682 0.042000751942396164 -0.009057975374162197 0.09526859223842621 0.010396302677690983 0.08867201209068298 0.05936150625348091 0.03883408382534981 -0.0931609645485878 -0.11066830158233643 -0.048860110342502594 0.08961097151041031 -0.11815293878316879 0.022659791633486748 0.023643845692276955 -0.10932233929634094 0.07380708307027817 -0.033632151782512665 0.07879308611154556 0.034245651215314865 0.04963066056370735 0.007465763948857784 0.08912532031536102 0.06249726936221123 0.0862976685166359 0.020762713626027107 0.0578310489654541 0.03345239907503128 0.02348160184919834 -0.029689790681004524 0.07782071828842163 0.11116436868906021 0.09334339946508408 0.0445576086640358 0.08924003690481186 -0.05400397256016731 -0.11941086500883102 -0.02346426248550415 0.07429110258817673 -0.044244058430194855 0.06742300093173981 0.014534777961671352 0.0716501921415329 -0.10725601017475128 -0.006650662049651146 -0.06647294014692307 0.02065676636993885 -0.12950456142425537 0.02802628092467785 0.03230338543653488 0.03216799721121788 -0.06147051230072975 -0.09540388733148575 0.05133061856031418 -0.003307561855763197 -0.08966288715600967 0.02442288026213646 -0.08060264587402344 -0.09739364683628082 0.03882714733481407 0.0069126347079873085 -0.10941138118505478 0.015287949703633785 -0.07410523295402527 0.00513877347111702 -0.05896669253706932 -0.10675614327192307 -0.09467275440692902 -0.00656931521371007 0.014160030521452427 0.035461198538541794 -0.09562752395868301 0.11411210894584656 -0.06381507962942123 -0.05344989895820618 -0.044733162969350815 -0.08302244544029236 0.050008852034807205 0.13545195758342743 0.1179436594247818 0.10025830566883087 0.02351394109427929 0.004655990283936262 -0.0011062818812206388 0.11231037229299545 0.08519341051578522 -0.006731654517352581 0.10401243716478348 -0.015003877691924572 0.08896587044000626 -0.09088100492954254 -0.06573737412691116 -0.08159138262271881 -0.048596180975437164 0.05175812169909477 -0.08559998124837875 -0.03137759864330292 -0.05293508619070053 -0.10567685216665268 -0.04488550126552582 0.038895756006240845 -0.005636841524392366 0.08321428298950195 -0.052924513816833496 -0.03751591220498085 -0.11295994371175766 0.07504905015230179 0.031568240374326706 0.004449412692338228 -0.11694473773241043 0.02618655376136303 0.11633549630641937 0.0008426717249676585 0.11127284169197083 -0.03624612092971802 -0.10875260829925537 -0.039857830852270126 0.0525587797164917 -0.1055227667093277 -0.1224718689918518 -0.009618017822504044 -0.1012045294046402 -0.07057952880859375 0.08002730458974838 -0.17808711528778076 -0.14789657294750214 -0.09151866286993027 -0.08527319133281708 0.022217772901058197 0.11946428567171097 0.1448567658662796 0.14106827974319458 0.10886389017105103 -0.010302952490746975 0.00024881624267436564 -0.008766740560531616 -0.08297276496887207 0.11877689510583878 0.034192461520433426 0.05653730034828186 0.09666652977466583 -0.08448930829763412 0.05897286534309387 0.08827131986618042 0.08362454921007156 0.013806918635964394 0.006316397804766893 0.10310760885477066 -0.10876216739416122 0.023162508383393288 -0.027369298040866852 0.015444310382008553 0.03940492495894432 -0.01180355716496706 -0.026918811723589897 -0.05525355413556099 -0.04899146780371666 0.028220484033226967 -0.04023754224181175 0.07552121579647064 0.11765673011541367 0.013774880208075047 -0.022983087226748466 0.1194954663515091 -0.07456748187541962 -0.08030100911855698 -0.012277917005121708 -0.009322200901806355 -0.04706060513854027 -0.0665004625916481 0.06801789999008179 0.017366919666528702 0.04964064061641693 0.08496173471212387 -0.10799206048250198 -0.057180773466825485 -0.09402484446763992 -0.05585893616080284 0.08064691722393036 0.07119850814342499 -0.10275707393884659 -0.06815614551305771 -0.004394845571368933 0.08387697488069534 0.01603020541369915 -0.09307478368282318 0.0026756147854030132 -0.12349013239145279 -0.06870521605014801 0.07386452704668045 0.015280302613973618 0.043347641825675964 -0.022346751764416695 0.045881059020757675 0.10987897962331772 -0.07214583456516266 0.03298548236489296 -0.07943066954612732 0.001677328022196889 0.03735163062810898 -0.0037608847487717867 0.051315050572156906 -0.006079684942960739 0.08979743719100952 0.03248872235417366 0.05563576892018318 0.01296197809278965 0.039827827364206314 0.059851814061403275 -0.07174230366945267 0.08208582550287247 -0.009774966165423393 0.0011853731703013182 -0.0337650440633297 0.037553571164608 -0.09257254004478455 -0.07268819212913513 0.06468775123357773 0.0616832971572876 -0.005943400785326958 -0.0020385754760354757 0.02467910572886467 0.11359012871980667 0.0204246174544096 -0.07264199107885361 0.016520269215106964 -0.08586485683917999 -0.02211800217628479 -0.05142267793416977 -0.019440818578004837 0.002205215161666274 -0.02068410813808441 -0.07679162919521332 0.09707271307706833 -0.1130194365978241 -0.048972658812999725 -0.015687359496951103 0.06237201765179634 0.07479268312454224 -0.054889969527721405 -0.09935624897480011 -0.09020163863897324 -0.022199448198080063 -0.01710762269794941 -0.011807356029748917 -0.10116057842969894 0.0015042477753013372 0.02338748797774315 -0.09256187081336975 0.08799063414335251 0.010682099498808384 0.042147260159254074 -0.058219220489263535 -0.05691921338438988 -0.10123084485530853 -0.10601568967103958 0.06251345574855804 0.02245420031249523 -0.11339831352233887 0.06297802925109863 0.010568765923380852 0.06384234875440598 0.05747600644826889 -0.07782509922981262 0.09717817604541779 0.029421353712677956 -0.09730374813079834 -0.016833471134305 -0.020704329013824463 0.036838386207818985 -0.11338549107313156 -0.00708547979593277 -0.11278162896633148 0.07339303940534592 -0.07678352296352386 -0.0518680140376091 0.048115428537130356 -0.04014679789543152 0.0936969667673111 -0.0484352633357048 0.0498567558825016 0.03661482408642769 0.03666272759437561 -0.0031421117018908262 -0.004593780264258385 0.03068000078201294 0.0672876238822937 0.08082536607980728 0.09633924067020416 0.07218200713396072 0.11211605370044708 -0.0039132703095674515 0.04727526009082794 0.08961184322834015 0.12475669384002686 0.08495330810546875 0.05216875672340393 -0.03811248391866684 -0.03784170001745224 -0.005614628549665213 0.08807536959648132 0.06618161499500275 -0.0653124451637268 0.11058741062879562 0.12694895267486572 0.007640867959707975 0.06589499861001968 -0.036773934960365295 0.027558082714676857 0.06666243821382523 0.00010505590762477368 -0.020176587626338005 0.053593289107084274 -0.02564876526594162 -0.07764411717653275 0.14626549184322357 0.06912969797849655 0.1507958173751831 -0.07164497673511505 -0.0350036695599556 0.11088961362838745 -0.07564771920442581 -0.1050836518406868 -0.06239072605967522 -0.03239632025361061 0.0033819880336523056 0.03492021933197975 0.04883522540330887 0.029751615598797798 0.09243562072515488 -0.01770077273249626 -0.11926963925361633 -0.07240046560764313 -0.08812935650348663 -0.08208177238702774 0.08238979429006577 -0.0889982059597969 0.060113485902547836 -0.12368162721395493 0.07840735465288162 0.08663198351860046 -0.05299721285700798 0.02364821918308735 0.05238233506679535 -0.10574999451637268 0.045019280165433884 -0.062376756221055984 0.10411801934242249 -0.10262320935726166 -0.035630002617836 -0.09859193861484528 -0.0266624316573143 -0.03543056175112724 0.016768928617239 -0.11155808717012405 -0.007234562188386917 0.09857353568077087 -0.10264309495687485 0.1147640272974968 -0.12235058844089508 0.09122105687856674 -0.014115054160356522 0.09994415193796158 0.014623142778873444 0.05214107409119606 0.022615764290094376 -0.0409172847867012 -0.06264500319957733 0.03154987841844559 0.09445078670978546 0.09284768253564835 -0.01755347289144993 -0.02492380328476429 0.10601245611906052 -0.05305302143096924 -0.09062179177999496 0.07228896766901016 0.003422163426876068 -0.03609667718410492 -0.0431818813085556 -0.1293964833021164 -0.14197984337806702 -0.012690439820289612 -0.07280226796865463 -0.07451695948839188 0.006134416442364454 0.02313932403922081 0.0013934241142123938 0.0791025385260582 -0.04377438500523567 -0.032619718462228775 -0.05589713901281357 -0.08597598224878311 -0.06417523324489594 -0.04607139900326729 -0.016195401549339294 -0.012769889086484909 -0.042685676366090775 -0.0866583064198494 -0.06538119912147522 0.05208546295762062 0.08623720705509186 0.048954423516988754 0.03005984239280224 0.10477838665246964 -0.0626535564661026 -0.08911044150590897 -0.035761505365371704 -0.05127916485071182 0.036816004663705826 0.04570084437727928 -0.06784525513648987 0.018341712653636932 -0.05677993595600128 0.006649102084338665 0.010677694343030453 -0.05745581537485123 -0.02066626027226448 0.0771297886967659 0.033893510699272156 0.024705981835722923 -0.07010146230459213 0.019476840272545815 0.08304163068532944 0.11991628259420395 0.09509939700365067 -0.05945859104394913 -0.02878474071621895 -0.11650317162275314 0.05650629103183746 0.07035979628562927 0.058836400508880615 0.0038697016425430775 0.07398808747529984 -0.03552180156111717 -0.08779575675725937 -0.0811869353055954 0.03816133365035057 -0.014190789312124252 -0.09386924654245377 -0.1215231791138649 0.008320716209709644 0.02752000093460083 0.012155292555689812 -0.14029528200626373 -0.02976255677640438 -0.03542371466755867 0.003471788251772523 0.042737722396850586 0.12528415024280548 -0.09316220879554749 0.018237296491861343 -0.004061484709382057 0.043677955865859985 0.004604883957654238 -0.11089232563972473 0.0054164971224963665 0.0140228271484375 -0.026339609175920486 -0.0969138890504837 0.10288131237030029 -0.03057156503200531 -0.008466891013085842 0.12552648782730103 -0.022585060447454453 0.03813570737838745 0.024833524599671364 0.10643158107995987 0.0915815457701683 0.10844965279102325 0.11139349639415741 0.09474886208772659 0.0490841418504715 0.04537610709667206 0.06555985659360886 0.11183229088783264 -0.04588252305984497 0.012159431353211403 0.11984417587518692 0.07448220998048782 0.010112402960658073 0.11551780998706818 0.10784978419542313 0.09572663903236389 0.0728314220905304 0.07880702614784241 0.0028652262408286333 -0.10884832590818405 0.059370797127485275 0.013140079565346241 -0.06256000697612762 0.007670816965401173 -0.06699161976575851 -0.06486720591783524 -0.07058589160442352 0.0003239895449951291 0.07701431214809418 -0.06700710207223892 -0.08837227523326874 -0.016089288517832756 0.08126126974821091 -0.009781972505152225 -0.05348169803619385 0.05686492845416069 -0.04089135304093361 -0.09097930788993835 -0.07880797982215881 -0.07875022292137146 -0.13777191936969757 -0.16301721334457397 0.02666240558028221 -0.007518611382693052 0.052131906151771545 -0.017481397837400436 0.020630955696105957 -0.047415949404239655 0.13540299236774445 0.09855980426073074 0.04298879951238632 0.09464781731367111 0.029806243255734444 0.09612468630075455 -0.09301109611988068 0.07225693017244339 0.004320926032960415 -0.028682101517915726 0.08583876490592957 -0.06706008315086365 0.01382379699498415 -0.06306606531143188 0.01905287243425846 0.0938364714384079 0.07972770929336548 -0.035335954278707504 0.11095715314149857 0.017620466649532318 -0.011471124365925789 -0.08930573612451553 -0.055987607687711716 0.11598361283540726 0.06866862624883652 -0.09266579896211624 -0.04643997922539711 0.009828138165175915 0.09967178106307983 -0.023706315085291862 0.033682726323604584 0.07592172175645828 -0.010011582635343075 -0.00011496400111354887 -0.030894162133336067 -0.04119856283068657 -0.008770986460149288 -0.09914889186620712 -0.09094981104135513 0.10018575191497803 -0.04784834012389183 -0.012453500181436539 0.05265848711133003 -0.09017129242420197 0.006363603286445141 -0.06464649736881256 -0.0023435233160853386 -0.05030791833996773 -0.04845384508371353 0.0618036650121212 -0.005352454259991646 0.015962058678269386 0.021684827283024788 0.07316482067108154 -0.08407985419034958 -0.07407329976558685 0.06168878823518753 0.14810995757579803 0.05648765340447426 0.10035808384418488 -0.08430152386426926 -0.11681634187698364 -0.10039698332548141 -0.03997247293591499 -0.01443589385598898 -0.01093848142772913 0.07696778327226639 -0.15984337031841278 0.041278988122940063 -0.1203269362449646 -0.1336483508348465 0.002889050403609872 0.001930981408804655 -0.024567024782299995 -0.10362126678228378 0.03830729052424431 0.05388014018535614 -0.047016654163599014 -0.16849124431610107 -0.08445163816213608 0.07493626326322556 -0.07458274066448212 0.029790598899126053 -0.12534119188785553 0.02874022163450718 -0.08912181109189987 -0.035992253571748734 0.07159106433391571 -0.024627795442938805 -0.12045782804489136 -0.016249625012278557 -0.1372128129005432 0.08066799491643906 -0.11103405803442001 0.0637032687664032 0.02814696915447712 0.1019602119922638 -0.007065765094012022 -0.10104052722454071 -0.03915924206376076 -0.00856035202741623 -0.00772298825904727 0.0023890272714197636 -0.06709245592355728 -0.04971497505903244 -0.06590365618467331 -0.11962204426527023 -0.11976241320371628 -0.05363934859633446 -0.09002750366926193 -0.01937868446111679 -0.11386004835367203 -0.007176670245826244 -0.11439920961856842 -0.04166058823466301 0.0005211633979342878 0.09512004256248474 -0.12533389031887054 0.07272732257843018 0.03883650526404381 0.05423077568411827 0.07471740245819092 0.027155697345733643 -0.06688137352466583 0.06849399954080582 0.11119766533374786 -0.013495183549821377 -0.030650602653622627 -0.09850786626338959 -0.0038399265613406897 0.04223952814936638 -0.10874105244874954 0.0921454206109047 0.09696618467569351 -0.12502914667129517 -0.02978881448507309 -0.10783522576093674 0.053706273436546326 -0.023943094536662102 -0.005563999060541391 0.0006417292170226574 -0.1227884516119957 0.050289154052734375 -0.10363961011171341 -0.09224213659763336 0.03408017009496689 0.03731235861778259 0.07814779877662659 0.021615497767925262 -0.10399129986763 0.031424034386873245 -0.053510282188653946 -0.11698012053966522 -0.04607238247990608 0.041118159890174866 0.021908748894929886 0.10343532264232635 -0.03994538262486458 0.051429618149995804 -0.06913163512945175 -0.0466274656355381 0.04077155515551567 0.11155351996421814 0.040175896137952805 0.06049949675798416 -0.04202006012201309 0.06016480177640915 -0.006393582094460726 0.07937618345022202 -0.0014654158148914576 0.12430763244628906 -0.07203767448663712 -0.10239031165838242 -0.007931145839393139 -0.07073452323675156 -0.06779241561889648 -0.07223857939243317 0.07661928236484528 0.10793084651231766 -0.10886339843273163 -0.08328627049922943 0.1137503981590271 -0.13111329078674316 -0.11136426776647568 0.07621452212333679 0.05585901439189911 0.05098763108253479 0.04134761542081833 -0.03741557523608208 0.044762030243873596 0.0521274134516716 -0.0793069377541542 -0.10814035683870316 -0.045214228332042694 -0.13016387820243835 -0.07070638984441757 -0.12578575313091278 -0.035597335547208786 -0.10232867300510406 -0.029874341562390327 0.06467824429273605 -0.06277095526456833 -0.1540994495153427 0.029289251193404198 -0.10068299621343613 -0.026732761412858963 0.07360565662384033 0.060726460069417953 -0.02066824585199356 -0.043242912739515305 -0.09710242599248886 -0.08534304052591324 0.02226724475622177 -0.01582370325922966 -0.08900833129882812 0.04730578139424324 0.025400064885616302 0.06307407468557358 -0.012236095033586025 -0.13018514215946198 -0.03374745696783066 -0.059522662311792374 -0.13367657363414764 -0.07384935766458511 0.05926067382097244 -0.07940280437469482 0.07502701133489609 0.01926925778388977 0.06471134722232819 -0.12376630306243896 -0.06255391985177994 0.08766352385282516 -0.10112711042165756 -0.09836523979902267 -0.08974851667881012 -0.057796407490968704 -0.0073326630517840385 0.11043784767389297 0.08575015515089035 -0.10648731142282486 -0.07527816295623779 -0.05922842025756836 -0.03218039125204086 -0.01036809291690588 -0.05443127453327179 -0.08445155620574951 -0.03047296032309532 -0.053451620042324066 0.03170683607459068 -0.0015096132410690188 0.08908633887767792 0.07079675048589706 0.010171696543693542 -0.009655056521296501 0.010598670691251755 -0.01661856658756733 0.06581957638263702 0.09221121668815613 0.10468762367963791 0.006166662555187941 -0.029015883803367615 -0.08507462590932846 0.10942395031452179 0.016649911180138588 -0.06328902393579483 -0.009616337716579437 0.028752367943525314 -0.011975988745689392 -0.03522930294275284 0.10297849029302597 -0.07643476873636246 -0.012952829711139202 -0.017084216699004173 -0.11512130498886108 0.042889710515737534 -0.0006438684067688882 0.12285712361335754 0.008137458004057407 0.014258146286010742 0.05142391845583916 0.00357816182076931 0.08310967683792114 -0.08623117953538895 0.01805807277560234 -0.0478065200150013 0.0638037696480751 0.10088617354631424 -0.0460989847779274 -0.10013066977262497 0.11587300896644592 0.10239901393651962 -0.008638563565909863 -0.09712091088294983 0.028048861771821976 -0.032619934529066086 0.04663127288222313 -0.05374603718519211 -0.031887494027614594 -0.05399530753493309 0.011900197714567184 0.04937220364809036 -0.03825248405337334 0.043384503573179245 -0.06361375004053116 -0.0717959851026535 -0.04838709533214569 0.11583231389522552 -0.11419065296649933 0.08990752696990967 0.009311025962233543 -0.10520895570516586 0.03705890476703644 -0.06071627140045166 -0.05456904321908951 0.049827538430690765 -0.06093093380331993 -0.04302245378494263 0.035548582673072815 -0.08337709307670593 -0.051145289093256 -0.04801942780613899 0.11694349348545074 -0.07399576902389526 -0.08588485419750214 0.09806511551141739 0.02225237339735031 -0.06992649286985397 0.04732927307486534 -0.09417238086462021 -0.023441245779395103 0.0011304165236651897 0.019118214026093483 0.03212751820683479 0.06164376437664032 0.042260680347681046 0.03765345364809036 0.08787661790847778 0.020283864811062813 0.0567813366651535 0.030917350202798843 -0.03881596401333809 0.07830533385276794 0.0351809598505497 -0.0005800914950668812 0.0801967903971672 0.011940878815948963 0.04876994714140892 0.09005114436149597 0.06819438189268112 0.07957479357719421 -0.08094456046819687 0.007089491002261639 0.05667742341756821 -0.01838277466595173 -0.028202496469020844 -0.01916368491947651 -0.025847813114523888 0.044403087347745895 0.01355451624840498 0.0935412123799324 -0.07657293230295181 0.05696079507470131 -0.06882283836603165 -0.0689760148525238 0.04533516243100166 0.03904921934008598 -0.03776293992996216 0.029809005558490753 0.0012323622358962893 0.09942749887704849 -0.039490338414907455 -0.05341358110308647 0.0230959914624691 0.03651232644915581 -0.02720468118786812 0.04331061244010925 0.029646746814250946 -0.12903203070163727 -0.16768395900726318 -0.132387176156044 -0.004328935872763395 -0.12069448083639145 -0.019156087189912796 0.09914141148328781 0.10996080189943314 0.04164626821875572 -0.06137275695800781 0.0077885533683001995 0.08591733872890472 0.01438696775585413 0.007834157906472683 -0.03459826856851578 0.05692606791853905 0.09352918714284897 0.1052088662981987 -0.1012267917394638 -0.10186325758695602 0.12146229296922684 -0.06880055367946625 0.11576399207115173 0.07371371984481812 -0.07995389401912689 -0.00783429853618145 -0.08136113733053207 0.10371755808591843 0.05163825303316116 0.08821933716535568 -0.06694149225950241 -0.06507058441638947 0.04285898059606552 0.025005314499139786 0.09494941681623459 -0.0015477576525881886 0.08208760619163513 -0.02170376107096672 0.029394211247563362 -0.06728106737136841 -0.013761078007519245 -0.05195290222764015 0.06487163156270981 -0.0400688610970974 0.04833783581852913 -0.05608530715107918 -0.07196720689535141 0.025921015068888664 0.03097577393054962 -0.030771620571613312 0.10078184306621552 -0.06736381351947784 -0.027346836403012276 -0.049409955739974976 0.04370112344622612 0.015177969820797443 -0.004294171463698149 0.11809507757425308 -0.08856774121522903 -0.11022361367940903 -0.004511804319918156 -0.03984081745147705 0.00870683416724205 0.012288952246308327 -0.11082281172275543 -0.1551886945962906 -0.15398576855659485 -0.19731445610523224 -0.1705579161643982 -0.17412054538726807 -0.11914394795894623 -0.04141882434487343 -0.10575265437364578 -0.07130353152751923 0.05956967920064926 0.014176486060023308 0.007435046136379242 0.039871878921985626 -0.04228140786290169 0.02980777621269226 -0.05683419480919838 0.08276141434907913 -0.018152520060539246 0.07856936752796173 0.08721431344747543 0.1134633868932724 0.07851450890302658 0.08697502315044403 0.018847893923521042 0.020235266536474228 0.07860485464334488 0.0996059775352478 0.026564057916402817 0.052918970584869385 0.09374897181987762 -0.044104304164648056 0.055367451161146164 0.057158831506967545 0.06810469925403595 -0.12604235112667084 0.09597038477659225 0.0007383032352663577 0.016211025416851044 0.03350117802619934 0.06789139658212662 -0.0767814889550209 0.07952017337083817 0.0018327344441786408 0.09686002880334854 -0.04390280693769455 -0.07933598756790161 0.03623887151479721 0.060723915696144104 0.07392554730176926 -0.077428437769413 -0.13763727247714996 0.07968512177467346 -0.06633906066417694 -0.09274458885192871 -0.06304652988910675 0.07363322377204895 0.07843482494354248 -0.015675965696573257 -0.1417849063873291 -0.11570364236831665 -0.05548273026943207 -0.014208315871655941 0.11290960013866425 -0.003993230406194925 0.05758753791451454 0.05623317137360573 -0.06024404987692833 0.07046785205602646 0.08288803696632385 -0.07014200836420059 0.07977759093046188 0.026223160326480865 -0.006442395504564047 -0.022865481674671173 0.018793985247612 0.059673186391592026 0.05625149607658386 0.03930174559354782 -0.012214441783726215 0.02534373104572296 0.015976879745721817 0.003332917345687747 -0.019412338733673096 0.03999768942594528 0.08424966782331467 -0.013837479054927826 -0.0946732759475708 -0.014517704024910927 0.03507762774825096 -0.07216230034828186 -0.008543821051716805 -0.05173695459961891 0.08489102125167847 -0.07801716029644012 -0.03390141576528549 -0.04904499277472496 0.0717337504029274 0.05355435982346535 0.05458296462893486 0.008734316565096378 0.06615346670150757 -0.11086925119161606 0.020884402096271515 0.0947856679558754 -0.08452533185482025 0.09958568960428238 -0.07954727113246918 -0.11447661370038986 -0.07254628092050552 0.06927222013473511 -0.06942304968833923 0.05767976492643356 0.05649830400943756 0.05929131060838699 0.08705747872591019 -0.021286897361278534 0.044657669961452484 0.0005727365496568382 0.10283524543046951 -0.04975399374961853 0.15019384026527405 0.002254192251712084 0.08896390348672867 -0.02718142792582512 0.10189004242420197 -0.08665593713521957 -0.20004282891750336 -0.20368602871894836 -0.15335004031658173 -0.15546098351478577 -0.02589164488017559 -0.015480749309062958 -0.03760666772723198 0.08983094245195389 0.0875801220536232 -0.0469321608543396 0.006242518313229084 0.061436790972948074 -0.05514870211482048 -0.0860162079334259 -0.006362767890095711 -0.07466097176074982 0.011306680738925934 -0.015289715491235256 -0.05690935626626015 -0.009740992449223995 -0.07407983392477036 0.01955370046198368 0.02507900446653366 0.02308635786175728 0.04091751202940941 -0.08047065138816833 -0.10452140122652054 0.08017027378082275 0.04559545964002609 -0.006501184310764074 -0.00014172657392919064 -0.020733263343572617 -0.05829237774014473 -0.06641114503145218 -0.033009085804224014 0.07269400358200073 0.0772053450345993 0.09004747122526169 -0.026857849210500717 0.07692428678274155 -0.08800506591796875 0.04398183897137642 0.058969076722860336 0.10058380663394928 0.09410086274147034 -0.06777714937925339 -0.02876085788011551 0.09521853178739548 -0.05365946516394615 0.010163482278585434 -0.07287758588790894 -0.07089930772781372 0.020835580304265022 0.0030966897029429674 0.011052273213863373 -0.05768096074461937 -0.11142965406179428 0.04308653995394707 0.0830237865447998 0.04354703426361084 -0.08227679878473282 -0.08921200782060623 -0.018683716654777527 0.06032762676477432 0.07340577244758606 0.11545448005199432 0.14945369958877563 0.12508030235767365 -0.06030067801475525 0.09733900427818298 0.10274410247802734 -0.009527582675218582 0.09312672168016434 0.03265285864472389 0.1011454313993454 -0.061227358877658844 -0.01328868418931961 -0.09933097660541534 0.08169586956501007 0.10820528864860535 0.07699891924858093 0.02895456925034523 -0.05099564045667648 -0.11688171327114105 0.05421554669737816 -0.026397380977869034 -0.09214603900909424 -0.060284409672021866 -0.08472476899623871 -0.10657283663749695 0.07945450395345688 -0.07795751839876175 0.10132908821105957 0.016396498307585716 0.1033083125948906 0.07565169781446457 -0.006921937223523855 -0.11044291406869888 -0.025202691555023193 0.06744489818811417 -0.09087168425321579 -0.060370467603206635 0.029432369396090508 0.048472244292497635 0.06753531843423843 -0.015373839065432549 -0.09589619934558868 -0.10740736871957779 -0.09435798227787018 0.10137196630239487 -0.01870105043053627 -0.0021430524066090584 -0.09675254672765732 0.11137744784355164 -0.09558997303247452 -0.03226029500365257 -0.010646885260939598 -0.07029356062412262 -0.07656322419643402 0.1186298280954361 0.038496218621730804 -0.03719261661171913 -0.08115933835506439 -0.08257851004600525 -0.002961532911285758 0.057480376213788986 0.06366852670907974 0.0718839094042778 -0.05650660768151283 0.1031966432929039 -0.017918851226568222 -0.07246607542037964 0.07433190196752548 0.0009552470874041319 -0.09431826323270798 0.033282142132520676 0.04457894340157509 -0.07032546401023865 0.03546769917011261 0.023488570004701614 0.027946578338742256 -0.0665343776345253 -0.053033653646707535 0.017727987840771675 0.000420921016484499 0.02422739379107952 -0.05514523759484291 0.004705005791038275 0.034639034420251846 0.08194063603878021 -0.016032494604587555 0.06216355040669441 -0.05077774077653885 -0.0612809993326664 0.09447699040174484 0.08991441130638123 0.03805927559733391 0.04326789453625679 -0.09014829248189926 0.030602697283029556 0.03132109344005585 -0.1339578926563263 -0.08257592469453812 0.07318909466266632 0.06941049546003342 -0.0042010038159787655 -0.11948776245117188 -0.087313212454319 -0.030075479298830032 0.04018206521868706 -0.08512876182794571 -0.0055416845716536045 0.05511745810508728 -0.03416093438863754 0.06065598875284195 -0.002507714321836829 -0.06569335609674454 0.08442863821983337 0.07686957716941833 -0.06163340061903 0.0780429095029831 0.07211610674858093 -0.01902243308722973 -0.05776313692331314 0.07057321816682816 0.04742342606186867 0.04309896379709244 -0.09695760905742645 0.0959303006529808 0.07105331867933273 0.1366722285747528 -0.1041702926158905
b1 64
-0.005530407186597586 0.10793761909008026 -0.060403984040021896 0.06464018672704697 -0.12144239991903305 -0.05559671297669411 0.06180359423160553 0.09733860194683075 0.00788107980042696 0.13932421803474426 -0.13589103519916534 0.062128424644470215 -0.031538188457489014 0.12640614807605743 0.07523521780967712 0.0818910226225853 -0.06370307505130768 -0.15238457918167114 -0.013532555662095547 -0.012256765738129616 0.0445748046040535 0.08453049510717392 -0.040247756987810135 0.11463809758424759 0.019246766343712807 -0.1537124216556549 0.10793245583772659 0.13940073549747467 0.07486562430858612 0.13665013015270233 -0.03773283585906029 -0.08661460131406784 -0.025553753599524498 0.11502435803413391 -0.006246251054108143 0.06494659930467606 -0.1381228268146515 0.031871676445007324 0.0038085593841969967 0.04402805119752884 -0.1365198791027069 0.04428146407008171 0.037542302161455154 -0.02602386474609375 0.09812728315591812 0.07838643342256546 -0.01798492856323719 0.09450813382863998 -0.02844870649278164 0.006070741452276707 -0.09381894767284393 0.07997453957796097 -0.09258805215358734 -0.08508800715208054 0.04413080960512161 0.05468668416142464 0.07877279072999954 -0.05470193922519684 0.12237415462732315 0.15908682346343994 -0.035904861986637115 -0.029222818091511726 0.09279422461986542 0.09881515055894852
W2 4096
0.0775248110294342 0.08367516845464706 0.021149219945073128 -0.05592058226466179 -0.030431991443037987 -0.03706781193614006 -0.012345789931714535 -0.016455186530947685 -0.0773610770702362 0.05973581597208977 0.0038474088069051504 -0.04295129328966141 -0.009109578095376492 0.0318305678665638 0.01809605397284031 -0.004582024645060301 0.0021140880417078733 -0.037834420800209045 -0.007107309997081757 0.08626632392406464 0.015154369175434113 0.028596173971891403 0.07009803503751755 -0.038392651826143265 -0.0505947582423687 0.0037510984111577272 0.049922384321689606 0.019100122153759003 -0.03652865067124367 -0.052049458026885986 -0.05239259824156761 0.02849946916103363 -0.002717508701607585 0.01083711814135313 -0.009002936072647572 -0.057160962373018265 -0.0008014845661818981 -0.028713053092360497 -0.010754470713436604 0.05837060138583183 -0.019728869199752808 -0.013603145256638527 -0.006355938967317343 -0.04166175797581673 -0.013939783908426762 -0.05451211705803871 0.06393754482269287 -0.008539080619812012 0.031068753451108932 -0.017871633172035217 -0.005151692312210798 -0.009924699552357197 0.0024263644590973854 -0.03954209387302399 -0.053372643887996674 0.07142990082502365 -0.019025728106498718 -0.02393525093793869 0.04485467076301575 0.02139381133019924 -0.034158945083618164 0.006036803591996431 -0.08284925669431686 -0.006967990193516016 -0.030011389404535294 0.04947144165635109 0.01098424382507801 -0.02120397612452507 0.01929563656449318 -0.15542446076869965 0.05660031735897064 -0.07411324232816696 -0.04332277923822403 -0.116556815803051 -0.055534206330776215 -0.01819957047700882 -0.20270317792892456 0.06531977653503418 0.11265792697668076 -0.049563124775886536 -0.084578737616539 0.1459137350320816 0.061517756432294846 -0.044316280633211136 -0.021216662600636482 -0.009120100177824497 0.08987978845834732 -0.054716017097234726 -0.11593291163444519 0.06758259236812592 -0.17144082486629486 0.019111867994070053 -0.09267020970582962 -0.09760194271802902 -0.18830808997154236 -0.05988171324133873 -0.018876848742365837 -0.08077210932970047 0.007523291278630495 0.12919200956821442 -0.11345736682415009 -0.006612863391637802 0.02166076935827732 -0.1202843189239502 -0.140743225812912 -0.028086643666028976 -0.055769555270671844 0.09628310054540634 -0.03134014084935188 -0.04227696731686592 -0.19273632764816284 0.10304253548383713 -0.127626433968544 -0.032586369663476944 -0.09735733270645142 -0.005306363571435213 0.036499593406915665 0.09323778748512268 0.009073448367416859 0.12836231291294098 0.05327751487493515 -0.07500918209552765 -0.1356147825717926 -0.038550958037376404 0.11789724230766296 -0.09943975508213043 0.11527467519044876 0.07312490046024323 0.011904699727892876 0.060333266854286194 -0.03304431959986687 0.016554011031985283 -0.08592530339956284 0.04286390170454979 0.017034905031323433 -0.02685513347387314 0.1286378800868988 0.032270535826683044 0.08105678111314774 -0.05026760697364807 -0.06296484172344208 -0.013331357389688492 -0.07958671450614929 0.0357217937707901 -0.09255306422710419 -0.028203044086694717 0.041335269808769226 -0.08531518280506134 0.10924427956342697 0.11057695001363754 0.10068954527378082 0.09148707240819931 0.026334401220083237 -0.09042870253324509 -0.06560570746660233 -0.010090392082929611 0.03479986637830734 0.018336335197091103 0.005820649676024914 -0.04948175325989723 -0.05484126880764961 -0.07582272589206696 -0.02495933324098587 0.05812271684408188 -0.06082963943481445 -0.01944313570857048 -0.06526441872119904 -0.08919663727283478 -0.011138830333948135 -0.10846032947301865 0.09791930019855499 0.08506567031145096 0.07980988174676895 0.08288100361824036 -0.009052939713001251 -0.08563892543315887 -0.13178466260433197 0.002781550632789731 -0.09375657141208649 -0.10577939450740814 -0.08579708635807037 0.12359528988599777 0.09890423715114594 0.03574923425912857 -0.030401406809687614 0.04498707875609398 -0.00038468415732495487 -0.16560938954353333 0.08485957980155945 -0.1478254199028015 0.0845765769481659 -0.008067259564995766 0.09462527930736542 0.08658400923013687 -0.03279944136738777 0.04908284544944763 0.023672424256801605 0.0035918259527534246 -0.10647096484899521 -0.10890571773052216 0.04476457089185715 0.05454108864068985 0.03891612961888313 0.027562318369746208 -0.08697880804538727 0.11239442229270935 -0.09829896688461304 -0.09054817259311676 0.08095335960388184 -0.04624434560537338 0.047134049236774445 0.057381175458431244 -0.1301698535680771 0.06125960126519203 0.07072506099939346 0.07418420910835266 0.13106586039066315 -0.10597033053636551 -0.021098298951983452 -0.09435413032770157 0.10995456576347351 0.10528304427862167 0.09708726406097412 0.007237613666802645 -0.07883695513010025 0.04293641075491905 -0.07269779592752457 0.07266335189342499 -0.05747534707188606 0.00848351325839758 -0.017032243311405182 0.0031151315197348595 0.03770143911242485 -0.004866795148700476 -0.04847898706793785 -0.0673319473862648 0.0685734674334526 -0.05723186954855919 -0.029591800644993782 0.08348379284143448 0.06665527820587158 -0.032491497695446014 -0.09003894031047821 0.03632764145731926 0.0803152397274971 0.006216644309461117 -0.10902396589517593 -0.10530109703540802 0.09807932376861572 -0.04995085671544075 0.006623280234634876 -0.09893030673265457 0.11228476464748383 -0.06250904500484467 -0.1071094200015068 0.03929487243294716 -0.045417383313179016 0.04491184651851654 0.06463842839002609 -0.07618444412946701 0.0032662726007401943 -0.15185068547725677 0.1138017550110817 -0.02161240205168724 0.10427378118038177 0.04827846959233284 -0.024331552907824516 0.07873610407114029 -0.1339099109172821 0.04610227420926094 0.0005495862569659948 -0.05242132022976875 -0.09970106184482574 0.036961570382118225 -0.029159462079405785 -0.040322013199329376 0.08363877236843109 -0.12122546136379242 -0.06463901698589325 -0.026160122826695442 -0.05638938024640083 0.03723917901515961 -0.04527128115296364 -0.038502104580402374 -0.020806923508644104 -0.06122879683971405 -0.1577194482088089 -0.08728490024805069 -0.05625263601541519 -0.10024852305650711 -0.026957150548696518 -0.024720188230276108 -0.06037154048681259 -0.002947102999314666 0.11583220213651657 -0.11836282163858414 -0.05609898269176483 -0.032828740775585175 0.061194803565740585 -0.067802794277668 -0.066808320581913 0.13093510270118713 -0.06515559554100037 0.08683642745018005 0.059457652270793915 -0.02245989814400673 0.03781207278370857 0.01377431396394968 -0.0944046601653099 0.10283766686916351 -0.06700140237808228 0.07889440655708313 0.12724518775939941 -0.046490833163261414 -0.07436235249042511 -0.13660451769828796 0.10612532496452332 -0.18267999589443207 0.1293940246105194 -0.0014664609916508198 -0.18403904139995575 0.04714092239737511 -0.018427252769470215 0.0721355676651001 0.04631057009100914 -0.024836968630552292 -0.05623307824134827 -0.10407266765832901 0.05090361833572388 -0.016823656857013702 0.06605768948793411 0.008524545468389988 -0.12694433331489563 0.06244843825697899 0.11272463947534561 0.04639651998877525 -0.004287485498934984 0.07066002488136292 0.030878622084856033 0.1361297219991684 -0.01855955459177494 -0.06779040396213531 0.011783153750002384 0.03029056265950203 -0.040510840713977814 -0.0050358460284769535 0.005289109889417887 -0.006574035156518221 0.03961527720093727 -0.01969093456864357 -0.015731843188405037 0.09977686405181885 -0.022644590586423874 0.016117438673973083 0.06620372086763382 0.03047926351428032 0.09931115061044693 -0.033330485224723816 0.0829133689403534 -0.02581644244492054 0.03101588785648346 0.026887716725468636 -0.07593991607427597 0.04867304116487503 0.0033577296417206526 0.03471732139587402 -0.11321242898702621 -0.08254740387201309 0.0713750422000885 0.018691353499889374 -0.027316777035593987 -0.07497815042734146 -0.09710004925727844 0.09663410484790802 0.09397830814123154 0.06668145209550858 0.021293314173817635 0.058981139212846756 -0.0812336876988411 -0.11981960386037827 0.04909803345799446 -0.0815945416688919 0.08482907712459564 -0.04273073375225067 0.062128785997629166 0.05714677646756172 0.01247656624764204 -0.008554931730031967 -0.0005363664822652936 0.0618295781314373 0.04552575945854187 0.06326223909854889 -0.10298001766204834 0.013181423768401146 0.05115799978375435 0.10044457763433456 -0.024787794798612595 -0.07367296516895294 -0.07974832504987717 0.06877721846103668 0.04528649523854256 0.028567349538207054 -0.04243341460824013 -0.06774619966745377 -0.09282934665679932 -0.01897813007235527 0.13914735615253448 -0.038575898855924606 0.12011393904685974 0.014426874928176403 -0.02052745409309864 -0.08557334542274475 0.025057150050997734 0.016894187778234482 -0.049480028450489044 -0.05599195882678032 -0.04640157148241997 0.05740657076239586 0.04467446729540825 -0.06295531988143921 0.018618134781718254 -0.04150884225964546 0.03858392313122749 0.038953110575675964 -0.0018184107029810548 0.007802824955433607 -0.07960719615221024 0.03807871788740158 0.01684419810771942 0.06122991070151329 0.13573624193668365 -0.0032019726932048798 -0.022674672305583954 -0.08472932130098343 -0.06797461211681366 0.06419853121042252 0.055926352739334106 -0.03862646222114563 0.006305041257292032 -0.08060652762651443 7.994406041689217e-05 0.014610331505537033 0.03733915463089943 0.021496275439858437 -0.0015903529711067677 0.04471874237060547 -0.011023863218724728 -0.04008305445313454 -0.05614802613854408 0.02521597035229206 -0.041252121329307556 -0.041151370853185654 0.01779402233660221 -0.21879629790782928 -0.03686873987317085 -0.07756832242012024 -0.0406651645898819 -0.07750916481018066 -0.08144153654575348 0.022172685712575912 -0.2047301083803177 0.10172869265079498 0.12829115986824036 -0.017940720543265343 -0.05064941942691803 0.07767053693532944 -0.06796175986528397 -0.07100119441747665 0.01248922385275364 -0.06761672347784042 -0.03772652894258499 -0.06476669013500214 0.04024927318096161 0.1518225222826004 -0.0791379064321518 0.0194983072578907 0.0830671563744545 -0.022861210629343987 -0.1495705395936966 0.05942754074931145 -0.0020029714796692133 -0.11520572751760483 -0.1291993111371994 -0.009671204723417759 0.041150640696287155 -0.01059295330196619 -0.007787850219756365 -0.03547946363687515 -0.1403975635766983 -0.014406668953597546 0.059190500527620316 0.08231555670499802 0.08266477286815643 0.10386833548545837 -0.18326827883720398 0.05867341160774231 -0.08642291277647018 -0.0770750492811203 0.038854148238897324 -0.003387247445061803 0.07619314640760422 -0.04935659095644951 -0.03609572723507881 0.1313299685716629 -0.015655959025025368 -0.02152146026492119 -0.1281205713748932 -0.0831204280257225 0.03610716760158539 -0.10913511365652084 0.09965162724256516 -0.06403444707393646 -0.15775839984416962 0.047342054545879364 -0.015518579632043839 0.12421851605176926 -0.029097387567162514 -0.03943800553679466 0.10553978383541107 0.048608794808387756 0.09360042959451675 -0.10793034732341766 0.00358113506808877 -0.06099172309041023 -0.07471538335084915 0.1341664344072342 0.0226163100451231 -0.04402381181716919 0.1050403043627739 0.0018161068437620997 0.08083058893680573 0.07033567130565643 0.08947301656007767 0.10408438742160797 -0.04441913962364197 0.11525828391313553 0.027612632140517235 -0.016497232019901276 -0.04687918722629547 0.054189376533031464 -0.10302478075027466 0.09062709659337997 -0.1733572781085968 -0.10672609508037567 -0.08905354887247086 -0.08067645877599716 0.059276968240737915 0.030158046633005142 0.07684750109910965 0.032482072710990906 -0.08516830205917358 -0.08016785979270935 -0.06577327102422714 -0.11707880347967148 0.034219060093164444 -0.05758635327219963 -0.09608326107263565 -0.07827339321374893 -0.13727730512619019 0.030654771253466606 -0.09933139383792877 0.07531992346048355 0.014865019358694553 -0.05988644063472748 -0.07032681256532669 0.059591274708509445 0.1156795397400856 -0.058179110288619995 -0.0074799880385398865 0.08847633749246597 -0.07070819288492203 -0.04460713639855385 0.055080004036426544 -0.1191689670085907 0.05811140313744545 0.11497148126363754 -0.009812473319470882 0.07820843160152435 -0.0024547921493649483 -0.005795289296656847 -0.02125006727874279 -0.043168459087610245 0.008348381146788597 0.01852334477007389 -0.023427462205290794 -0.019065558910369873 0.09565670043230057 -0.0840715616941452 0.09047511219978333 -0.03472776710987091 -0.10209092497825623 -0.020494120195508003 0.08210426568984985 -0.08999482542276382 0.007955637760460377 -0.0335504449903965 -0.0027485026512295008 0.053239040076732635 -0.07361435145139694 0.08617931604385376 -0.0023255308624356985 0.020615559071302414 0.016329459846019745 0.021821482107043266 0.0499083511531353 -0.04762658476829529 -0.08286095410585403 0.02334369346499443 -0.13821396231651306 -0.01199594046920538 -0.0030674035660922527 -0.12791602313518524 -0.007768495939671993 -0.07102562487125397 -0.009639222174882889 0.012771672569215298 0.006563031114637852 0.05817663297057152 -0.052136123180389404 -0.019080670550465584 -0.030023232102394104 -0.028052078559994698 0.013703840784728527 -0.023179780691862106 -0.028836654499173164 -0.02933216281235218 0.076006680727005 -0.09458032250404358 0.09662427008152008 -0.06313583999872208 0.011927012354135513 -0.04367313161492348 -0.053223662078380585 -0.0033860078547149897 -0.008397840894758701 -0.09898755699396133 -0.00012637564213946462 -0.0007662155549041927 -0.020752187818288803 0.010730385780334473 0.14736934006214142 -0.07001780718564987 0.07001810520887375 -0.08124048262834549 -0.0026697777211666107 0.07077775150537491 0.02534748800098896 -0.04041067138314247 0.047696907073259354 0.06894385814666748 0.09346630424261093 0.09539125859737396 0.09421588480472565 0.03632842004299164 -0.038070857524871826 0.015090611763298512 0.060519102960824966 -0.041868116706609726 0.00985552929341793 -0.05306180939078331 -0.08841629326343536 0.06106821075081825 -0.06273321807384491 -0.07995419949293137 -0.01370205357670784 0.014839566312730312 0.11776039749383926 -0.01180341001600027 -0.006984810810536146 -0.06023496389389038 0.1127709448337555 0.04809991642832756 -0.07604026794433594 0.12304306030273438 0.029763467609882355 -0.16660724580287933 0.019398421049118042 -0.09765108674764633 0.041391801089048386 -0.010264839977025986 0.10397810488939285 -0.11008303612470627 -0.10359566658735275 0.023055650293827057 -0.003498448757454753 -0.004746263846755028 0.15240630507469177 0.03689798712730408 0.0721634104847908 0.02432575635612011 0.03599894791841507 -0.0029919282533228397 -0.07664479315280914 0.01638174057006836 -0.08400585502386093 -0.12610206007957458 -0.011788317933678627 0.023556267842650414 0.11125761270523071 -0.05928480997681618 0.037679024040699005 0.06764309108257294 -0.03434724733233452 -0.08527857065200806 -0.11143810302019119 -0.11781502515077591 0.049684248864650726 -0.052286673337221146 -0.02159745804965496 0.1138332411646843 0.019990935921669006 0.05052008479833603 -0.01896676979959011 0.13533754646778107 0.10550285130739212 0.06130095571279526 0.10319455713033676 -0.1113220602273941 -0.008788524195551872 0.09228350222110748 -0.05625038594007492 0.06676468253135681 0.0965726375579834 -0.04027758166193962 -0.0009241810766980052 0.0913918986916542 0.10295864939689636 0.0793483704328537 0.10788799822330475 0.09807116538286209 0.11146881431341171 0.0955110415816307 0.02850446291267872 -0.0013620293466374278 -0.021650725975632668 -0.007271589245647192 0.08348915725946426 -0.05681983008980751 0.09222819656133652 0.06845393031835556 -0.01201692782342434 -0.03794928267598152 -0.01088534016162157 -0.029706815257668495 -0.026468079537153244 -0.05362078920006752 -0.12121811509132385 0.04593782499432564 -0.07959883660078049 0.012892221100628376 -0.0794685035943985 -0.11347149312496185 0.03569481149315834 -0.08293648064136505 0.119856096804142 -0.015203500166535378 0.05729706957936287 -0.024162666872143745 -0.08214906603097916 -0.06677823513746262 0.008364271372556686 -0.071613609790802 -0.016151463612914085 0.06490024924278259 0.031061939895153046 -0.05646643415093422 -0.0988287627696991 0.02340323105454445 -0.05108005180954933 0.07017651200294495 -0.03724716603755951 -0.11688128113746643 0.0012120860628783703 -0.13969501852989197 -0.05290965735912323 -0.12667497992515564 -0.008332354947924614 -0.23708447813987732 -0.15410621464252472 0.006369865033775568 -0.13383710384368896 -0.03758448734879494 -0.06315237283706665 0.06733778864145279 0.011742562055587769 0.017883583903312683 0.0487196184694767 0.09280338138341904 0.1432911604642868 0.03875375911593437 0.11710817366838455 0.04834649711847305 0.10518757998943329 0.11036428064107895 0.026604460552334785 -0.0453069694340229 0.02840382233262062 -0.15491436421871185 -0.1272372454404831 0.04108886420726776 -0.050634730607271194 -0.04370313882827759 -0.16483141481876373 0.11219314485788345 0.02274203673005104 -0.07397009432315826 -0.09493570774793625 -0.22853167355060577 -0.09138259291648865 0.0307305995374918 0.020181188359856606 0.049578797072172165 -0.030829384922981262 0.12803742289543152 -0.021067239344120026 0.04222555458545685 -0.028959110379219055 0.020518401637673378 -0.039576977491378784 0.013773701153695583 -0.02549087256193161 0.013471797108650208 0.11363271623849869 -0.07543575763702393 0.010411037132143974 0.05708284303545952 -0.008193081244826317 -0.12661738693714142 0.08923062682151794 -0.13059915602207184 -0.026097318157553673 -0.07656784355640411 -0.06239147484302521 0.08956212550401688 0.03622633218765259 -0.07779719680547714 -0.008380702696740627 -0.017832063138484955 0.0026365455705672503 0.028087351471185684 0.07747510075569153 -0.11294862627983093 0.03637421131134033 -0.04779365658760071 0.0057565574534237385 0.06477200984954834 0.028082547709345818 -0.03652583435177803 0.05653958022594452 0.02102644369006157 0.06812829524278641 0.09481534361839294 0.07046393305063248 -0.03521712124347687 0.06683003902435303 0.04000294208526611 -0.038740627467632294 0.0016300278948619962 -0.027296114712953568 0.054928239434957504 -0.04987862706184387 -0.05080930516123772 0.02649492770433426 0.013971362262964249 -0.0006588402902707458 -0.023865964263677597 -0.08876904845237732 -0.042702239006757736 -0.000565025897230953 0.04341696575284004 0.07014843076467514 -0.0749518871307373 0.036742549389600754 -0.038178250193595886 0.053453441709280014 -0.039930205792188644 -0.034325554966926575 -0.030649809166789055 -0.10425936430692673 0.014141904190182686 -0.033516790717840195 -0.006739070173352957 -0.07510783523321152 -0.0227596927434206 0.010371768847107887 -0.006531856022775173 -0.1019495502114296 -1.065700053004548e-05 0.014659437350928783 -0.007500188425183296 -0.009105644188821316 -0.001532322377897799 -0.03819216415286064 -0.038123179227113724 0.039516981691122055 0.05743831396102905 -0.008812740445137024 0.06753624230623245 3.914184514702823e-13 0.010209312662482262 8.82812919988929e-13 -0.005157814361155033 -4.106256164959632e-05 0.019439999014139175 0.05769309401512146 -0.004934845957905054 -0.014355408027768135 0.03663639351725578 -0.016945717856287956 -0.08116699010133743 0.043692924082279205 3.1510087410424603e-06 0.04618906229734421 0.006173568777740002 -0.003444153815507889 0.06091141328215599 -0.0035093051847070456 0.008372435346245766 -0.024447493255138397 -0.008893347345292568 -0.005785011686384678 -0.001934690517373383 -0.008901487104594707 -0.00409351522102952 0.045564159750938416 -0.004153609741479158 -0.009823563508689404 0.0032791169360280037 -0.00010083278175443411 -0.009260275401175022 -0.0011363968951627612 -0.01986091025173664 -3.1790992238711624e-07 -1.2795341319815634e-07 0.0008016920182853937 -0.0014071674086153507 -0.01780909299850464 0.0029592388309538364 -0.06038762629032135 -0.013407462276518345 -0.013575954362750053 -0.0662430003285408 -0.021457668393850327 0.0801120325922966 -3.2800150506773207e-07 0.014264614321291447 -0.03407187759876251 -0.005278680939227343 0.036923568695783615 -0.03716108575463295 0.016938019543886185 0.008883202448487282 -0.016911575570702553 -1.299319402070509e-10 9.887311171041802e-05 -0.00996335782110691 -0.00521837780252099 -0.004061187617480755 -0.06161503866314888 -9.822575520956889e-06 -0.2654867172241211 0.06848790496587753 -0.011645203456282616 -0.0005311658605933189 -0.008653126657009125 -0.10646025836467743 -0.07571417838335037 0.00859769620001316 0.13549615442752838 -0.03870866447687149 -0.047363437712192535 0.07346982508897781 -0.19736671447753906 0.015542377717792988 0.11095555126667023 0.02958499826490879 0.05156690999865532 0.06577309221029282 -0.11676042526960373 -0.07070687413215637 0.005769771058112383 0.11287777125835419 0.06536426395177841 0.0015661184443160892 -0.026688165962696075 0.02183564566075802 -0.006550380494445562 -0.10445217043161392 0.08170764893293381 -0.0544743575155735 -0.18060368299484253 -0.07749726623296738 -0.04854939132928848 -0.08507431298494339 -0.122390978038311 0.11530507355928421 -0.005835042335093021 -0.038090597838163376 -0.06694483757019043 -0.17891941964626312 0.016504544764757156 -0.0005967380129732192 -0.09010504186153412 -0.01858384534716606 -0.08293042331933975 -0.12108708173036575 -0.060588765889406204 -0.04051213338971138 0.02552076429128647 0.0932958647608757 -0.14707785844802856 -0.0013846283545717597 -0.08638928830623627 0.12943902611732483 0.05991388484835625 0.08063662052154541 0.009249391034245491 -0.01685992255806923 0.006802132353186607 -0.21006079018115997 -0.008417312055826187 -0.12381839007139206 -0.07821881771087646 -0.10549549013376236 0.07444940507411957 -0.00437146844342351 -0.028195656836032867 0.05160122364759445 0.060173992067575455 -0.031256504356861115 0.012646740302443504 0.07284796983003616 -0.03379148244857788 -0.1063869297504425 -0.07887948304414749 -0.1136220321059227 9.899831638904288e-05 -0.009496615268290043 -0.11152821034193039 -0.005238445475697517 -0.020196545869112015 -0.1459112912416458 -0.0711686834692955 0.03219865635037422 0.07747837901115417 0.02413719892501831 0.04808436334133148 0.01220470480620861 0.08482328057289124 -0.11344077438116074 -0.06505060940980911 0.02070257067680359 0.06894874572753906 0.10038963705301285 0.12381560355424881 -0.09867377579212189 -0.019990796223282814 -0.06947626173496246 0.08147410303354263 -0.09301602095365524 -0.08348351716995239 -0.00023291644174605608 0.08268789947032928 0.09915025532245636 -0.0855879858136177 -0.0012208630796521902 0.026194658130407333 -0.01818942464888096 0.0004119589866604656 0.0878535658121109 0.11288782954216003 0.05551731958985329 0.07823098450899124 -0.0244040098041296 -0.0947304219007492 -0.038703057914972305 0.07099156826734543 0.04925791174173355 0.004773822613060474 0.04162200167775154 -0.15097160637378693 0.0018320700619369745 -0.06986623257398605 -0.009587530046701431 0.06835217773914337 -0.0033899149857461452 0.056580960750579834 -0.0056612309999763966 -0.018115725368261337 0.0025351394433528185 0.0024030215572565794 -0.01442639622837305 0.003860394936054945 -0.027509424835443497 -0.008719201199710369 -0.02796161361038685 -0.022398807108402252 0.03116230107843876 0.00046535476576536894 0.019200477749109268 -0.02010490745306015 0.028008127585053444 -0.026088396087288857 0.0014642097521573305 -0.0029931694734841585 -0.0027917043771594763 -0.018281573429703712 -0.02528863586485386 -0.009528109803795815 0.012920656241476536 0.05358252301812172 -0.012231091037392616 -0.051667097955942154 7.5426210059958976e-06 0.01827707514166832 0.016383716836571693 0.03214135766029358 -0.033857978880405426 0.0027134462725371122 -6.42436498310417e-05 -7.905211532488465e-06 -0.0011371547589078546 -0.03847232088446617 0.035038769245147705 -0.002398922573775053 0.0212261863052845 -0.00321853905916214 -0.007863988168537617 -0.02112148329615593 -0.005169405601918697 -0.0093846982344985 -0.007219437975436449 -0.02064185030758381 -0.04011860862374306 0.027887096628546715 0.007281055208295584 0.0006614727317355573 0.0013520009815692902 -0.020437385886907578 -0.016255846247076988 0.029943224042654037 -0.025330591946840286 0.012810379266738892 0.0016243907157331705 0.026863275095820427 -0.005020655691623688 0.0206651259213686 0.01705099083483219 0.010404630564153194 -0.0010034337174147367 -0.023082753643393517 0.00707448273897171 0.041481852531433105 -0.05570431053638458 -2.511083721401519e-06 -0.011542974039912224 -0.010731621645390987 -0.02551416866481304 -0.07645349949598312 0.08286259323358536 -0.09922522306442261 0.0040080491453409195 -0.029903430491685867 0.04824717715382576 -0.09686010330915451 -0.030197441577911377 0.08065751940011978 0.06303974986076355 -0.05625364929437637 0.06513124704360962 -0.033620208501815796 0.06459049880504608 0.02564426325261593 0.055740419775247574 -0.05238187313079834 0.041126783937215805 0.04008027911186218 -0.02306400053203106 0.0303751602768898 -0.13819138705730438 0.08369851112365723 -0.02983018383383751 0.030900344252586365 0.0729011669754982 -0.15192532539367676 0.031056823208928108 0.003086290555074811 -0.10988341271877289 0.016278672963380814 -0.007921244949102402 -0.025488421320915222 -0.057973381131887436 0.09734835475683212 0.053574103862047195 0.04991172254085541 -0.008233941160142422 -0.02449456788599491 0.050218693912029266 -0.005182820837944746 -0.09784247726202011 0.046313486993312836 -0.09884911775588989 0.09095674753189087 -0.01168516930192709 0.09773828089237213 -0.026725612580776215 0.08671565353870392 0.10300396382808685 -0.045141056180000305 -0.07209240645170212 -0.07118842005729675 -0.07928416132926941 3.5470051895636345e-10 -0.04814961925148964 -0.1115526631474495 -0.05934973061084747 0.08438624441623688 0.08034361898899078 -0.0163966566324234 -0.0032071745954453945 -0.028403539210557938 -0.03983824700117111 -0.13404279947280884 0.04478910565376282 -0.09943050891160965 0.01017560064792633 -0.06880568712949753 -0.10444959998130798 -0.08061555027961731 0.03618567809462547 -0.010130494832992554 0.010782252065837383 -0.008388522081077099 -0.059261396527290344 -0.12655089795589447 -0.03853380307555199 -0.11158490926027298 -0.07376831024885178 0.03147736191749573 -0.08811028301715851 -0.07411936670541763 0.02704138308763504 -0.0846358984708786 -0.08022597432136536 0.08525898307561874 0.013802587985992432 0.018709925934672356 0.02083754725754261 0.064187191426754 0.03343255817890167 0.059319864958524704 0.007180991116911173 0.045896265655756 -0.05838090181350708 -0.04260072857141495 0.04115700721740723 -0.0272071473300457 -0.010798714123666286 -0.08029035478830338 0.015206788666546345 0.11406296491622925 0.0019992163870483637 -0.09573490172624588 -0.07267691940069199 -0.03704860061407089 -0.045385781675577164 -0.0007298221462406218 -0.05041808634996414 -0.06886400282382965 -0.04103419929742813 -0.12716777622699738 -0.02382238581776619 -0.01795985735952854 -0.07854302227497101 -0.1297755390405655 -0.033995408564805984 0.1074008196592331 0.01543131098151207 -0.010979258455336094 0.014827396720647812 0.0187846552580595 -0.009703352116048336 -0.021069293841719627 -0.05050445348024368 0.007632668130099773 -0.027502289041876793 -0.010469930246472359 -0.0140052679926157 -0.020503340288996696 0.008145768195390701 -0.012308655306696892 0.013086479157209396 0.013495505787432194 -0.01039562001824379 -0.01938927359879017 -0.005872379522770643 -0.0009452136000618339 -0.0009267973364330828 0.009999164380133152 -0.030165528878569603 -0.005916459020227194 -0.021408505737781525 0.0011198015417903662 -0.0049065775237977505 -0.004501339979469776 -0.020607322454452515 0.01712399162352085 -0.04732630401849747 -0.00010511345317354426 0.006403343286365271 -0.03969969600439072 -0.0009264772525057197 0.003674591425806284 -0.03409252315759659 -0.024868611246347427 -0.03011178970336914 0.0032737301662564278 -0.03573097288608551 -0.034493882209062576 0.026949767023324966 -0.00747418450191617 0.008369293063879013 -0.013295075856149197 0.00012179671466583386 0.06993941217660904 -0.016696862876415253 -0.00511954165995121 -0.02955111674964428 -0.020096857100725174 -0.009727166034281254 -0.03222271054983139 0.011484535411000252 0.009712048806250095 0.01153576746582985 -0.021440984681248665 -0.019108114764094353 -0.03337943181395531 0.028994962573051453 -0.015705734491348267 0.051538411527872086 0.03635648638010025 -0.049193374812603 -0.016073675826191902 -0.03546575456857681 -0.0350499302148819 0.09820039570331573 0.10218554735183716 0.007588556036353111 -0.012177128344774246 0.027215905487537384 0.032849833369255066 -0.054558705538511276 0.09728700667619705 0.055260900408029556 0.05155114457011223 0.09951380640268326 0.03990376368165016 0.06954234093427658 0.022126860916614532 -0.030667413026094437 0.022542107850313187 -0.035836003720760345 -0.06162222474813461 -0.06597036123275757 -0.013888247311115265 -0.06723696738481522 -0.08872481435537338 -0.06301131099462509 0.09018336981534958 0.026679135859012604 -0.025057293474674225 -0.04507682844996452 0.1272163838148117 -0.022276457399129868 0.047567229717969894 -0.04469301179051399 -0.05940666049718857 -0.10598990321159363 -0.00956545490771532 0.1085968092083931 -0.06284910440444946 -0.029471920803189278 0.09850122779607773 0.05297451466321945 0.10271906107664108 0.08866643160581589 0.08766940236091614 -0.09597286581993103 0.015315497294068336 -0.0022165710106492043 0.029263725504279137 0.06392388045787811 0.03567659482359886 0.0773802101612091 -0.028141304850578308 0.04488944262266159 -0.0359799824655056 -0.049929309636354446 0.07479579746723175 0.1162206158041954 -0.014046159572899342 -0.001855348702520132 -0.0907294973731041 -0.04559308663010597 -0.03605779632925987 -0.04271794110536575 -0.07189253717660904 -0.09721169620752335 -0.06736782193183899 0.004980360623449087 0.050140924751758575 0.032202087342739105 -0.0005927844904363155 0.014012676663696766 -0.05674785003066063 0.037977613508701324 -0.04195142537355423 -0.007527156267315149 -0.017979983240365982 0.009095232002437115 -0.01266208291053772 -0.05191681534051895 -0.057522304356098175 0.010454192757606506 0.005824463441967964 0.0033399711828678846 -0.050440263003110886 -0.02868044748902321 -0.05314022675156593 0.02801891230046749 0.04334273934364319 -0.04008539766073227 0.005542875733226538 0.003882629331201315 0.07354860007762909 -0.02889125794172287 -0.07118088006973267 0.040069807320833206 0.002257543383166194 -0.009085757657885551 0.012190291658043861 -0.0741897001862526 -0.03502706438302994 0.032330892980098724 -0.03255444020032883 -0.09686372429132462 -0.09305544942617416 0.03189828619360924 -0.01419665478169918 -0.040435757488012314 0.011890151537954807 0.054521024227142334 0.06284845620393753 0.054472681134939194 0.03547266870737076 -0.047294359654188156 -0.07140376418828964 -0.03694450110197067 0.002732004038989544 0.06390548497438431 0.027128206565976143 0.004661977291107178 -0.027433287352323532 0.07052669674158096 0.04268471896648407 -0.009038328193128109 -0.045067865401506424 0.023675793781876564 0.0866570770740509 -0.023490166291594505 -0.058936748653650284 0.006091499235481024 -0.0892268642783165 0.06215391680598259 -0.06246376782655716 0.04734659567475319 -0.001309987623244524 -0.08287333697080612 -0.008269954472780228 0.001924274954944849 -0.09732800722122192 -0.05998653545975685 0.060554083436727524 -0.09132527559995651 -0.07210749387741089 0.06293287128210068 -0.00554064754396677 0.09252732992172241 -0.08916939049959183 -0.10537637770175934 -0.08376853168010712 0.08895797282457352 0.016816331073641777 0.0737510547041893 -0.05383379012346268 0.052614908665418625 -0.0913405492901802 -0.04574860259890556 0.05662282556295395 0.03421065956354141 -0.106785349547863 -0.07611726224422455 0.046936120837926865 -0.023332985118031502 0.0017698097508400679 0.051425714045763016 0.007814266718924046 0.08870451152324677 -0.019088201224803925 9.98776376945898e-05 0.04108564555644989 0.01562669686973095 0.032279640436172485 -0.038673363626003265 -0.08191531151533127 0.04333203658461571 0.06827136129140854 0.10540076345205307 0.051197174936532974 -0.07858768105506897 0.027220124378800392 -0.06887820363044739 -0.013987762853503227 -0.009909340180456638 -0.027919964864850044 -0.04743248596787453 0.04663974791765213 0.09783396124839783 0.06982703506946564 0.008402167819440365 -0.10371914505958557 -0.03508956730365753 -0.10498587042093277 -0.017930002883076668 -0.060440488159656525 0.07522385567426682 0.051035888493061066 -0.13411420583724976 -0.01654849387705326 0.0011947669554501772 -0.0098273241892457 -0.07384897768497467 -0.0035505073610693216 0.04614613577723503 0.07187076658010483 -0.09821237623691559 -0.07260949909687042 0.06678494065999985 -0.04669185355305672 -0.053532637655735016 0.05033900961279869 -0.018169604241847992 0.108192078769207 0.08237981796264648 0.11554358899593353 0.08481327444314957 -0.11729490756988525 0.0846169963479042 0.07442669570446014 0.014657946303486824 -0.11883140355348587 0.09981673210859299 0.005891243927180767 -0.002669890644028783 -0.113404780626297 -0.05965036153793335 0.03732648491859436 0.08583971858024597 -0.11193542927503586 0.06561440229415894 0.00270884414203465 -0.020473206415772438 0.044288571923971176 -0.020994937047362328 -0.09194876253604889 0.07304012775421143 -0.05600655451416969 -0.0399266742169857 0.06288433820009232 -0.08901870995759964 -0.09569917619228363 -0.12580011785030365 0.08779243379831314 0.04825199767947197 0.027711518108844757 -0.004479986149817705 0.095664843916893 -0.053008247166872025 -0.10107553005218506 0.05056801065802574 0.06766714155673981 -0.09748926013708115 -0.07306525111198425 0.045874837785959244 -0.10855066031217575 0.05022420361638069 -0.011102167889475822 0.07588203996419907 -0.11596395075321198 -0.025394612923264503 -0.061150092631578445 0.09146014600992203 -0.00521598756313324 0.048115748912096024 -0.04541180282831192 0.039645202457904816 -0.050859831273555756 -0.08426757156848907 -0.040092162787914276 0.04814621061086655 0.1208781749010086 -0.11219020187854767 0.08075342327356339 -0.09024588763713837 0.04647419974207878 0.004323867149651051 0.06731300055980682 0.0013669220497831702 0.0339600145816803 0.03386729583144188 -0.05984498932957649 0.018394779413938522 0.11281168460845947 0.1123540922999382 0.04040805250406265 0.12273514270782471 -0.06847156584262848 0.05615212768316269 0.09580095112323761 -0.01667560450732708 0.1261993795633316 -0.02087128348648548 -0.08034338057041168 -0.017099231481552124 -0.041509874165058136 -0.12742391228675842 0.009663294069468975 0.0068256305530667305 -0.039483919739723206 -0.0833720937371254 0.05570625513792038 -0.06948691606521606 -0.06442590057849884 0.009886940941214561 0.09050687402486801 -0.03705787658691406 -0.019124522805213928 -0.03078656643629074 -0.014167730696499348 0.07314717024564743 0.09572804719209671 0.07429960370063782 -0.0778362974524498 -0.0016566572012379766 -0.10315240919589996 0.08864288777112961 -0.09776386618614197 -0.037015270441770554 -0.02840670570731163 0.01457980740815401 -0.050368208438158035 -0.06748495250940323 -0.13488830626010895 0.02762410044670105 0.002847063820809126 -0.0018505670595914125 7.767905481159687e-05 -0.003106961026787758 6.963743817700596e-12 -0.0011455038329586387 -2.0759451217600144e-05 -0.0004671704664360732 -0.0031283916905522346 -0.010570378042757511 -0.00010850188118638471 -0.0003781224659178406 -0.0030720012728124857 -0.001423280918970704 -0.0014219507575035095 -0.002216189866885543 -2.7200072509003803e-05 -1.7801854482968338e-05 -0.0014337872853502631 -0.0009290394373238087 -0.003044106997549534 -0.0008075402583926916 -0.0012030047364532948 -0.0011922840494662523 -0.0013634726637974381 -3.1235663300321903e-06 -2.0295989088481292e-05 -0.0012473484966903925 -0.0007988858851604164 0.010158324614167213 -0.0033075029496103525 -4.9473814801859195e-12 1.3435902780981057e-12 -0.004334680736064911 -0.008057721890509129 -0.001627927995286882 7.642308628419414e-05 -0.0019385376945137978 -0.003142766421660781 0.0023051619064062834 -1.0889460099861026e-05 -1.0741056030383334e-05 -0.004765413701534271 -0.002490269485861063 -0.016594041138887405 2.1318663129932247e-05 -0.0006428236956708133 -0.0033346691634505987 -8.67589960762416e-07 -0.0010880951303988695 -0.0018730763113126159 -0.002947497647255659 -0.00010935009049717337 0.0015056965639814734 -0.0005242719198577106 0.00021551086683757603 -0.004032213240861893 -5.843688644091571e-09 -4.780760718858801e-06 -0.0004695786046795547 -0.004498146008700132 -0.00010918796033365652 -0.006065256893634796 0.0057078259997069836 -0.056338224560022354 -0.029523152858018875 0.12191865593194962 -0.031754691153764725 0.004390981514006853 -0.22273044288158417 -0.09527941048145294 -0.08651668578386307 0.027685435488820076 -0.009926233440637589 -0.05579843372106552 -0.1273733377456665 -0.04393269866704941 0.118629090487957 0.12959343194961548 0.09894102811813354 -0.023844240233302116 0.06890103965997696 -0.1177443265914917 -0.039420321583747864 -0.0414176806807518 0.05739836022257805 -0.12695331871509552 0.1219480112195015 -0.027811231091618538 0.09903116524219513 -0.05390021950006485 -0.02724878489971161 0.04750799015164375 -0.08790365606546402 -0.24801799654960632 0.03382736071944237 -0.038830697536468506 0.03095761314034462 -0.05462770536541939 -0.05039965361356735 0.0629233866930008 0.09305094927549362 0.06269710510969162 0.05170055478811264 -0.09987431019544601 -0.10416994988918304 0.014672278426587582 0.012996205128729343 0.029816219583153725 0.016390467062592506 -0.021980760619044304 -0.0722651332616806 -0.003970408346503973 0.006490528117865324 0.018521705642342567 0.023974308744072914 0.11040565371513367 0.07302242517471313 -0.11577802151441574 0.1269942820072174 0.009226150810718536 -0.028157690539956093 -0.11007875204086304 -0.09883853793144226 -0.05335400253534317 -0.031240694224834442 -0.09583746641874313 -0.0010573867475613952 0.05882154032588005 0.06982886046171188 0.12056370079517365 0.10231263935565948 0.07087165862321854 0.008464799262583256 -0.05508475750684738 -0.00951749924570322 -0.00158499286044389 0.0373820923268795 0.05060936138033867 0.0830002874135971 -0.11390381306409836 0.0393931046128273 0.0035503217950463295 0.0972573384642601 -0.12157206237316132 0.01852983422577381 -0.07085622102022171 0.08397882431745529 -0.005982693750411272 0.04262188449501991 -0.017998376861214638 -0.08752515912055969 0.04802140220999718 0.06682297587394714 -0.0009478312567807734 -0.11753445863723755 0.08551649004220963 0.0010347994975745678 -0.022839093580842018 0.016362693160772324 -0.013843337073922157 0.03248194605112076 0.1343451589345932 -0.11914070695638657 0.01658615469932556 0.1052757129073143 -0.008824285119771957 0.06457097083330154 0.014955896884202957 -0.09356294572353363 0.0378270260989666 0.08741839230060577 -0.08758678287267685 -0.0277080237865448 -0.019454941153526306 -0.07139501720666885 -0.052303969860076904 -0.05017733946442604 0.11910123378038406 0.015249082818627357 0.07978862524032593 0.09834502637386322 -0.06898485869169235 -0.020564312115311623 -0.09860795736312866 -0.06479399651288986 0.02699205093085766 -0.0035686457995325327 -0.07391524314880371 -0.10024156421422958 0.04026530310511589 -0.002120697172358632 0.11992822587490082 -0.017270220443606377 0.06972092390060425 -0.0972362607717514 -0.04896172881126404 0.07522100955247879 -0.08064296841621399 0.0320325531065464 0.09060397744178772 -0.013230189681053162 -0.08780235052108765 0.07228528708219528 -0.08429443091154099 -0.05637553334236145 -0.05862003564834595 0.024413468316197395 0.041733723133802414 0.011897639371454716 -0.02213256247341633 -0.034022409468889236 -0.09710271656513214 -0.008846363984048367 -0.008148882538080215 -0.008246447890996933 0.06412210315465927 0.052631769329309464 0.04656179994344711 -0.09922314435243607 -0.09253845363855362 -0.0119490846991539 -0.022168084979057312 -0.050507158041000366 -0.07718055695295334 0.11190146952867508 0.04194648191332817 -0.10230401158332825 0.03694496303796768 -0.03829515725374222 0.032335344702005386 0.08052040636539459 -0.05191507190465927 0.07631051540374756 -0.06109621375799179 -0.08426352590322495 0.09580578655004501 0.1041032075881958 0.02042143978178501 0.11874675750732422 -0.02846256084740162 0.11010365933179855 -0.03522444888949394 0.04790812358260155 -0.0006400075508281589 -0.12414140999317169 -0.054851945489645004 0.08419029414653778 0.10300084203481674 -0.05139513686299324 0.08703280985355377 0.10461952537298203 0.03986173868179321 0.04641631245613098 -0.041387900710105896 0.08642362058162689 -0.03432202339172363 0.10678069293498993 -0.12847605347633362 -0.04847381263971329 -0.003958122804760933 -0.008425111882388592 0.019873861223459244 -0.0851534754037857 -0.06757999956607819 0.04579819738864899 0.07805553823709488 -0.05379195883870125 0.10619356483221054 -0.028485313057899475 0.02821044623851776 -0.041970472782850266 0.0802772268652916 -0.03702513501048088 0.11927331984043121 0.08337397128343582 0.048721056431531906 -0.08184655010700226 -0.03207216039299965 -0.02545757032930851 0.049313414841890335 -0.10855148732662201 0.08567988872528076 0.0980779379606247 -0.04059237614274025 -0.07556398957967758 0.043773502111434937 0.04002782702445984 -0.14084582030773163 0.11903710663318634 0.13109871745109558 0.015848897397518158 0.05718617141246796 -0.06588346511125565 0.026956964284181595 0.09734570235013962 0.09332680702209473 -0.0653713122010231 0.03619391471147537 0.11199592798948288 0.10371478646993637 0.109673410654068 0.08822501450777054 0.0575990229845047 -0.06042629852890968 -0.086953304708004 -0.09159567207098007 -0.038837533444166183 0.003002926241606474 0.005084131378680468 -0.0578002892434597 0.005354695953428745 -0.07509634643793106 -0.062352485954761505 0.10238692164421082 -0.005953993182629347 0.018230974674224854 -0.05301878973841667 -0.012010743841528893 -0.08380752056837082 0.12314163893461227 0.13777166604995728 0.07921460270881653 -0.06080852076411247 0.04046750068664551 0.13543683290481567 -0.0679963231086731 -0.0484350211918354 0.0063097658567130566 0.06815360486507416 -0.044712793081998825 0.05975347012281418 -0.07247728109359741 0.04370695725083351 0.11355531215667725 0.032957226037979126 -0.07728191465139389 -0.12952660024166107 -0.030200405046343803 -0.12797759473323822 0.06437665969133377 0.10689576715230942 0.10842078179121017 -0.013360732235014439 0.10219103842973709 -0.1388852596282959 -0.07008486241102219 -0.0719563439488411 -0.11637751758098602 -0.07220905274152756 0.07407964766025543 -0.03823213279247284 -0.0013359898002818227 0.08055708557367325 -0.08290622383356094 0.0028676416259258986 0.08124038577079773 -0.049437422305345535 0.02184898592531681 0.11357431858778 0.08880946040153503 -0.09295494109392166 0.024632694199681282 0.048503611236810684 -0.009956578724086285 0.09589670598506927 0.1813293844461441 0.015112180262804031 -0.10213235020637512 -0.03715244308114052 -0.11264325678348541 -0.07459520548582077 -0.0422409363090992 -0.12565548717975616 -0.052863236516714096 -0.03870085999369621 0.04406656697392464 -0.06447842717170715 0.024547649547457695 -0.03100285865366459 -0.05518799275159836 0.021892668679356575 0.002868189476430416 0.07254304736852646 -0.2081911265850067 0.053179748356342316 -0.06302541494369507 -0.09305854141712189 0.005776486359536648 -0.05273933336138725 0.009267699904739857 0.016101406887173653 -0.017297852784395218 -0.04953693971037865 -0.02291588857769966 0.03974049910902977 0.009552712552249432 -0.0863703265786171 0.14250734448432922 0.03821593150496483 0.1181894987821579 -0.013880698010325432 -0.04203347489237785 -0.0656060203909874 -0.017250772565603256 0.021679673343896866 0.011820509098470211 0.033107541501522064 -0.03234820440411568 0.039111144840717316 -0.10068691521883011 -0.04858468100428581 0.08957334607839584 0.012325100600719452 -0.08036280423402786 -0.0016067394753918052 -0.14272084832191467 -0.11554060876369476 0.015055648051202297 0.08782266080379486 0.07886763662099838 0.08749215304851532 0.10005570203065872 -0.1350148618221283 -0.02981737069785595 -0.004361895378679037 0.053020983934402466 0.01840059831738472 -0.02853391505777836 0.10316269844770432 -0.1447136402130127 0.07167506963014603 -0.02504662610590458 0.017927873879671097 -0.026356371119618416 -0.09265568852424622 -0.10629357397556305 0.11251898854970932 0.1060095876455307 -0.006466997787356377 -0.07033893465995789 0.014160916209220886 -0.12627509236335754 -0.2020868957042694 -0.09642373025417328 -0.030203478410840034 0.029092811048030853 0.07078775763511658 -0.10606904327869415 0.0430358350276947 -0.05446494743227959 0.0007026625098660588 0.0036045173183083534 -0.06477180123329163 0.03740430623292923 0.04307616129517555 -0.12617790699005127 -0.0066243307664990425 0.10465500503778458 0.01815219409763813 -0.10741084069013596 -0.10316774249076843 -0.041485901921987534 0.04887527599930763 -0.025129443034529686 0.03313843905925751 -0.04757346585392952 -0.02255951426923275 -0.04991769790649414 0.04625862464308739 0.08289872109889984 -0.08943088352680206 -0.011205930262804031 0.07379397749900818 0.09511309117078781 -0.10238142311573029 -0.10623021423816681 0.02839670144021511 -0.040334783494472504 0.019503427669405937 -0.029825715348124504 -0.10854790359735489 -0.023763524368405342 -0.009169042110443115 0.02280314266681671 -0.010036778636276722 -0.007407292723655701 -0.11266506463289261 -0.03406744822859764 0.05280177295207977 -0.07653622329235077 0.07177858799695969 0.06838924437761307 0.09601260721683502 -0.10286436229944229 0.04841792583465576 0.018902437761425972 -0.04025115445256233 -0.0013326567132025957 -0.014791288413107395 0.09962478280067444 0.12716242671012878 0.04478136822581291 0.05592375248670578 -0.037819892168045044 0.03737592324614525 -0.09292254596948624 0.00812550075352192 -0.013282107189297676 0.03213559091091156 -0.03213920444250107 0.03359198197722435 -0.052116759121418 0.015460007824003696 0.04148082435131073 -0.06252085417509079 -0.025385448709130287 0.13722485303878784 0.05992991104722023 0.0012011266080662608 0.011950661428272724 0.008235083892941475 0.06567693501710892 0.06979265809059143 -0.03540131822228432 -0.10984808206558228 -0.12210339307785034 0.07675114274024963 0.06462271511554718 0.08620062470436096 0.026878977194428444 0.04082022234797478 -0.13891759514808655 0.05755641683936119 0.0518200546503067 -0.04793700948357582 -0.066750168800354 -0.024215614423155785 -0.10936950892210007 0.019470563158392906 -0.016201985999941826 -0.07669109851121902 -0.08332235366106033 -0.05423553287982941 -0.11201948672533035 0.05691366270184517 -0.12886647880077362 0.012113077566027641 -0.009593900293111801 0.08592298626899719 -0.01184763852506876 -0.05768759921193123 0.07183220982551575 -0.06747525930404663 0.006050411611795425 -0.1084018424153328 -0.08271392434835434 0.11173803359270096 0.014982922933995724 -0.04961300268769264 -0.09842879325151443 0.016704579815268517 -0.0010252529755234718 0.06341996043920517 -0.07219059765338898 0.0758800357580185 0.015299111604690552 0.07773452252149582 0.025951389223337173 0.07284240424633026 -0.043052852153778076 -0.06413228809833527 0.004451475106179714 -0.03601149097084999 -0.121270552277565 0.019612526521086693 -0.07129854708909988 -0.08965381234884262 -0.06836319714784622 0.06884018331766129 -0.0008716118754819036 -0.02800101228058338 -0.01632370427250862 -0.05932559445500374 0.07163842022418976 -0.0016049921978265047 0.06471820175647736 0.028468163684010506 -0.08107296377420425 -0.09213819354772568 0.020443202927708626 -0.07254371792078018 -0.0027990222442895174 -0.07321646809577942 -0.010882709175348282 -0.0505802221596241 -0.02552207000553608 -0.060411568731069565 0.049779608845710754 -0.0822143480181694 0.016116956248879433 0.012826335616409779 0.04067825525999069 -0.05120342597365379 -0.11614586412906647 0.06034376099705696 0.00564165972173214 0.04685407504439354 -0.016717132180929184 -0.035351019352674484 -0.025294087827205658 0.03864448890089989 0.03379310294985771 0.009970859624445438 0.08931152522563934 -0.08235719799995422 0.01834799163043499 -0.054268740117549896 0.008396061137318611 -0.08939710259437561 -0.0317244753241539 0.0017350505804643035 -0.029692932963371277 -0.039473019540309906 0.02661961317062378 0.08062076568603516 0.06104979291558266 -0.0964696854352951 -0.02217406965792179 0.07178004086017609 0.027214059606194496 0.00736132450401783 0.05541190132498741 -0.0054302639327943325 -0.048454031348228455 -0.024106387048959732 0.07803060859441757 0.0609704963862896 0.06935017555952072 0.010531030595302582 0.0012003887677565217 -0.011421638540923595 0.021677682176232338 -0.028608333319425583 -0.0038074443582445383 0.01943504624068737 -0.036419130861759186 -0.025811798870563507 -0.04565221071243286 -0.027582455426454544 -0.01185510866343975 0.010763687081634998 0.004632657393813133 -0.03435129672288895 -0.02381611056625843 -0.02080501616001129 0.016383837908506393 -0.0033639678731560707 0.012737317010760307 0.006178103853017092 -0.01985085755586624 -0.017421353608369827 0.008657442405819893 -0.024274753406643867 0.00860756915062666 -0.004153898451477289 -0.004119868855923414 -0.002760932082310319 0.01676916889846325 -0.03439461812376976 -0.011555326171219349 -0.0035386644303798676 -0.01128110196441412 0.005728486459702253 0.044295117259025574 -0.01594332978129387 0.0009648390114307404 -0.05151379853487015 -0.011820989660918713 0.01298874244093895 -0.003546606982126832 -0.004776481539011002 -0.025369521230459213 -0.010306489653885365 0.028636706992983818 -0.01226553600281477 -0.005096636712551117 0.005208668764680624 -0.024581002071499825 -0.0048202225007116795 0.0025234301574528217 0.017903918400406837 0.0002713601279538125 -0.0192894134670496 -0.014643548987805843 -0.0027271509170532227 -0.04534456133842468 -0.013069448992609978 -0.0144797433167696 -0.07041400671005249 -0.006373758427798748 0.0011089419713243842 -0.047662798315286636 -0.023805122822523117 0.05997461825609207 -0.07290130853652954 -0.04782252758741379 -0.037177614867687225 0.0503537692129612 -0.0014829090796411037 -0.02980041317641735 -0.022315707057714462 0.03286168351769447 0.04478580132126808 0.021668551489710808 -0.013829262927174568 -0.024083716794848442 0.006137446966022253 0.006556385196745396 -0.062307167798280716 -0.0069549428299069405 -0.03539249300956726 0.02535235695540905 -0.11633943021297455 0.06715764850378036 -0.03844821825623512 0.010712703689932823 0.010605450719594955 -0.007314600981771946 -0.0386025570333004 -0.009999440982937813 -0.08497465401887894 -0.048714954406023026 0.022549379616975784 0.014512627385556698 -0.00012346119910944253 -0.000134877220261842 0.03567958623170853 0.020285455510020256 0.07722372561693192 0.005621371790766716 -0.01756209507584572 -0.013603618368506432 -0.08027515560388565 -0.0035485888365656137 -0.01772710680961609 0.039632298052310944 0.04388362914323807 0.05110471695661545 -0.009189852513372898 0.08239127695560455 -0.04269343614578247 -0.02118779718875885 -0.03587668389081955 -0.04029899090528488 0.022173332050442696 0.059636782854795456 -0.03225162997841835 0.09780877083539963 -0.031944967806339264 0.01275244913995266 -0.010229975916445255 -0.030341314151883125 0.001543305697850883 -0.04403483122587204 -0.03363841399550438 0.04205695167183876 0.03304316848516464 0.014089248143136501 -0.05289361625909805 0.043004509061574936 -0.03847195580601692 -0.004292601253837347 -0.030606361106038094 -0.01722853071987629 0.048757489770650864 -0.05007016658782959 0.014203122816979885 0.054550427943468094 0.0843561589717865 -0.0731375589966774 0.04338354244828224 0.050606127828359604 -0.010865382850170135 -0.0161434393376112 -0.03545296937227249 -0.06638317555189133 0.09898532927036285 0.032320063561201096 0.0008658677106723189 0.007193750236183405 0.07622861117124557 -0.08995640277862549 0.000600888510234654 0.03357408568263054 -0.02645460143685341 -0.061764635145664215 -0.05950034037232399 -0.08230902254581451 0.021755028516054153 0.0103759765625 -0.00947885774075985 0.04271440580487251 0.03769073262810707 -0.012704422697424889 -0.046463895589113235 -0.007821552455425262 0.010747204534709454 -0.047381408512592316 -0.0571766272187233 -0.05107966437935829 -0.06673633307218552 0.04276756942272186 0.055517297238111496 0.006324708461761475 -0.08543045073747635 -0.009613473899662495 0.0010375467827543616 0.03952595964074135 0.03372972458600998 0.019056066870689392 -0.04668677970767021 -0.03269103914499283 0.07764206826686859 -0.002156940521672368 0.021294912323355675 0.0277955811470747 -0.00843102764338255 -0.012849961407482624 0.012485800310969353 -0.0031054960563778877 0.06542614102363586 0.070257268846035 0.06304504722356796 -0.029540758579969406 -0.02019968256354332 -0.04826762527227402 0.0543491430580616 -0.016011014580726624 0.07234164327383041 -0.10909540951251984 -0.08710251748561859 0.024538028985261917 0.005849312525242567 -0.038759928196668625 0.004067861940711737 -0.06405990570783615 0.0645935907959938 0.0550316646695137 -0.05874118208885193 -0.051937784999608994 0.10305586457252502 -0.04497123509645462 0.040973782539367676 -0.05268222093582153 0.04912932589650154 0.17774063348770142 0.005037012975662947 0.0471305176615715 -0.052587222307920456 -0.02092156745493412 0.0011436862405389547 -0.04135779291391373 -0.04165692627429962 -0.00647860299795866 0.07060923427343369 0.03542353957891464 -0.11223466694355011 0.04326958209276199 -0.1357736438512802 -0.019057482481002808 0.08263934403657913 -0.06228560581803322 -0.052598897367715836 -0.06256218254566193 0.06880863755941391 -0.009235864505171776 -0.014106235466897488 0.0985693633556366 0.0339609757065773 0.09278701990842819 -0.012757138349115849 0.09330014884471893 0.10890592634677887 0.017291083931922913 -0.02380954474210739 -0.07315199822187424 -0.0007374509586952627 -0.09286671876907349 0.027591586112976074 0.06759423017501831 0.06950386613607407 0.015947215259075165 0.0389208123087883 0.022264044731855392 0.056289367377758026 -0.007043503224849701 0.08632580190896988 0.024353668093681335 -0.005149180069565773 0.015137442387640476 0.008625932969152927 -0.07806046307086945 -0.08773848414421082 -0.013558270409703255 -0.11927480250597 0.05447286739945412 -0.07301241904497147 -0.05489981546998024 -0.1161210909485817 0.06960099935531616 -0.07933984696865082 0.029285158962011337 0.01896546222269535 -0.10499101877212524 -0.045536018908023834 0.039769139140844345 0.036743566393852234 0.0476793572306633 -0.01968757063150406 -0.059189070016145706 -0.04792184755206108 -0.07274901866912842 0.03315775468945503 0.01996413618326187 0.00897738803178072 0.019967205822467804 0.025678837671875954 -0.005985667929053307 0.026010949164628983 0.018645307049155235 -0.043047644197940826 0.0037440427113324404 0.07322344928979874 -0.03899731487035751 -0.06553129106760025 0.050463996827602386 -0.08924993872642517 0.061110030859708786 -0.07627718895673752 0.10542753338813782 -0.024600084871053696 -0.10118274390697479 -0.07402966171503067 -0.08426043391227722 -0.07401436567306519 -0.07844971865415573 0.07246091216802597 -0.014862880110740662 -0.015980694442987442 -0.06960591673851013 -0.004004826303571463 0.09395083039999008 -0.09169767796993256 -0.03756441920995712 0.05290040373802185 0.06049676984548569 0.053892429918050766 -0.07412153482437134 0.05503816902637482 -0.01160327810794115 -0.0567084364593029 -0.040366869419813156 0.018217841163277626 -0.02944859303534031 -0.09638562053442001 -0.059192873537540436 -0.014291582629084587 -0.0691291019320488 0.03218316286802292 -0.09239034354686737 0.07863716036081314 0.08206754922866821 -0.07558166980743408 0.023197229951620102 0.10635404288768768 -0.10424433648586273 -0.016319498419761658 -0.05202116817235947 0.00789931882172823 -0.05030462145805359 0.035897813737392426 0.08745593577623367 -0.06427562236785889 -0.056844912469387054 0.021542802453041077 0.04630633443593979 -0.009625387378036976 0.07353968173265457 0.07663947343826294 -0.08376297354698181 -0.04941738024353981 0.10712597519159317 0.04839380830526352 0.051772989332675934 0.05564052611589432 0.013663665391504765 0.07970983535051346 0.011962752789258957 -0.029508022591471672 0.0018673199228942394 0.09086647629737854 -0.11494936048984528 -0.11509981006383896 0.01986309327185154 -0.0732119083404541 -0.005125782918184996 0.028404878452420235 0.006568570621311665 -0.028950709849596024 0.04496181756258011 -0.07724609971046448 -0.03574299067258835 -0.02784642204642296 0.05531930923461914 0.05133889615535736 -0.13335604965686798 -0.07613975554704666 -0.07821476459503174 0.00024421163834631443 0.025294281542301178 -0.042445339262485504 -0.12307066470384598 -0.03432125970721245 0.11416805535554886 0.11594218760728836 -0.06118503957986832 0.08686360716819763 -0.023521436378359795 0.02629373036324978 -0.06469866633415222 -0.027499299496412277 0.07652463763952255 -0.07261539250612259 -0.08402085304260254 0.1587848961353302 -0.029580269008874893 0.032843515276908875 -0.037888508290052414 0.006672963500022888 -0.04441656917333603 -0.0421651154756546 0.054698750376701355 0.03540549799799919 -0.09302923083305359 -0.017340349033474922 0.03968897461891174 -0.12203150987625122 0.05292217433452606 0.000880722189322114 0.03454666957259178 -0.07386914640665054 -0.08793281018733978 -0.1021510511636734 0.08887191116809845 -0.0008354001329280436 0.07944194227457047 -0.004845720250159502 0.1087205708026886 0.020063424482941628 -0.05465828627347946 -0.1304115653038025 0.04995539411902428 0.02519642375409603 0.08522746711969376 0.05358249694108963 0.10137045383453369 0.0391385443508625 0.11731040477752686 -0.0950617864727974 0.025393597781658173 0.1074710413813591 0.0750337541103363 0.04388703405857086 -0.0241638645529747 0.08963213860988617 0.08689713478088379 -0.12526729702949524 0.0948595330119133 -0.007563106715679169 -0.06474409997463226 0.024900734424591064 0.03613549843430519 -0.014955719001591206 0.1136985570192337 -0.022662460803985596 -0.051284804940223694 0.025198914110660553 -0.04067990556359291 -0.06878964602947235 -0.10437779873609543 0.11119335889816284 -0.02669881097972393 -0.029909426346421242 0.04084618762135506 -0.01829669624567032 0.1038479283452034 0.11109508574008942 0.07112454622983932 0.03840063139796257 0.09883252531290054 0.02644597366452217 0.033101700246334076 0.10238178074359894 0.09047047793865204 -0.0140567971393466 0.08975492417812347 -0.14006547629833221 0.033173948526382446 0.03076375089585781 0.06552019715309143 0.12206009030342102 -0.08224464952945709 -0.040458496659994125 0.06238861009478569 0.018692411482334137 0.10847915709018707 0.08221479505300522 -0.018137570470571518 0.05585870519280434 -0.11862902343273163 0.1136075034737587 -0.03245888277888298 -0.07970394194126129 -0.07158386707305908 -0.06628002226352692 0.041711192578077316 -0.07529696077108383 -0.06430063396692276 -0.037347786128520966 -0.11641526222229004 -0.02394767664372921 -0.11546884477138519 -0.04585757479071617 0.04845770448446274 0.04823986068367958 -0.020645326003432274 -0.009100617840886116 -0.019549045711755753 0.06439455598592758 0.04133112356066704 0.016988426446914673 -0.07710983604192734 -0.01491820253431797 -0.05685305967926979 -0.013960061594843864 -0.06786325573921204 0.08324052393436432 -0.12055839598178864 -0.07653380930423737 -0.1094428300857544 0.0006814785301685333 -0.010422579012811184 0.0074143423698842525 0.020343231037259102 0.018253814429044724 0.017729109153151512 -0.12555749714374542 0.017774350941181183 0.0034630463924258947 0.018312102183699608 0.017092708498239517 -0.08039551228284836 0.0357234813272953 -0.14939647912979126 0.026886114850640297 0.01165448036044836 -0.003937453031539917 0.015070228837430477 0.065159872174263 0.01813516765832901 -0.023357655853033066 0.033120326697826385 0.0148178581148386 0.07712166756391525 0.053570762276649475 0.0446411557495594 0.07805206626653671 -0.0023261546157300472 0.011055154725909233 -0.017578361555933952 0.020146863535046577 -0.10161692649126053 -0.01421015802770853 -0.03061002492904663 0.032043084502220154 0.004211201332509518 0.030834762379527092 0.01872558332979679 0.007007553242146969 0.017016097903251648 -0.005486459471285343 -0.07065793871879578 0.011979259550571442 0.009121719747781754 0.040357086807489395 -0.016149017959833145 0.033663928508758545 -0.0018425927264615893 -0.0011203798931092024 0.03148714080452919 0.025752924382686615 -0.02963389828801155 0.014741730876266956 -0.0037576130125671625 0.06828188896179199 0.014322943054139614 -0.009202699176967144 0.01760236732661724 -0.010237311944365501 -0.013426048681139946 -0.05747480317950249 -0.0014451087918132544 -0.015322471968829632 0.0029558634851127863 0.005707761738449335 0.14873524010181427 0.006593618541955948 -0.014785380102694035 0.057457249611616135 -0.007487902417778969 0.08589793741703033 -0.047505803406238556 0.09937345236539841 -0.02225613221526146 -0.033175092190504074 -0.027384990826249123 0.10464522987604141 -0.11032266914844513 0.043902430683374405 -0.08668164908885956 -0.12218863517045975 -0.0041178311221301556 0.07348529994487762 -0.004155795555561781 0.04448004066944122 0.09567447006702423 0.058702513575553894 0.11555908620357513 -0.11122885346412659 -0.00043230896699242294 -0.09721719473600388 0.027829404920339584 -0.024132590740919113 -0.015905555337667465 -0.053404372185468674 0.09371720999479294 -0.04933777078986168 0.05275849997997284 0.07454624772071838 0.08283811062574387 -0.12077399343252182 0.06158396601676941 -0.09262609481811523 0.001927242730744183 0.09678501635789871 -0.004101266618818045 -0.109324149787426 0.07966840267181396 0.097596175968647 -0.0009230996947735548 0.00803361926227808 0.10145192593336105 0.01920587196946144 -0.013108461163938046 -0.08644666522741318 -0.052370041608810425 -0.053999677300453186 -0.014852091670036316 0.07448463886976242 -0.021037286147475243 -0.018155205994844437 0.10247240960597992 -0.07770994305610657 -0.00013438318273983896 -0.1261264681816101 -0.01108668465167284 -0.07888686656951904 0.031999941915273666 0.030976280570030212 -0.10336284339427948 -0.07405683398246765 0.043574634939432144 -0.08835136890411377 -0.003998129162937403 0.01684430241584778 -0.001094319624826312 -0.12152324616909027 0.09340162575244904 -0.08307907730340958 0.07463732361793518 0.05699855834245682 -0.045586418360471725 -0.054112616926431656 0.04853443428874016 -0.047315891832113266 -0.033853303641080856 0.03993842750787735 -0.0636918768286705 0.10903605818748474 0.11166466027498245 -0.036249659955501556 -0.035051316022872925 0.07679948210716248 0.0511595644056797 0.030103124678134918 -0.011291672475636005 0.05451544001698494 0.10647094994783401 -0.014976740814745426 0.007228098344057798 0.0011911912588402629 0.006521663628518581 0.009080053307116032 -0.09582959860563278 0.09156500548124313 0.018121259286999702 -0.08255168050527573 -0.03961661830544472 -0.1258150339126587 -0.08020833879709244 -0.024056922644376755 0.10800541937351227 -0.104014091193676 0.017437875270843506 -0.03971340134739876 -0.019070466980338097 -0.01699557527899742 -0.03641418367624283 -0.056841518729925156 -0.034309107810258865 -0.13106152415275574 -0.05168919265270233 0.04278485104441643 0.03653540462255478 0.11759430170059204 0.1118326261639595 -0.009596550837159157 -0.07984356582164764 -0.012132902629673481 0.08704439550638199 -0.021735912188887596 -0.11146994680166245 0.029500236734747887 0.026301629841327667 0.035282202064991 0.03611448407173157 -0.08167149126529694 -0.008016472682356834 -0.20945385098457336 -0.05958227068185806 -0.07792715728282928 0.0900985524058342 -0.11220850050449371 -0.15686218440532684 -0.03934348002076149 -0.11980145424604416 -0.0807810053229332 -0.01744696870446205 0.04195845499634743 -0.11285717785358429 -0.03460696339607239 0.033161137253046036 -0.04903795197606087 0.12433850020170212 0.053300656378269196 -0.04687032848596573 -0.00517295440658927 -0.09474917501211166 0.06647744029760361 -0.10546044260263443 -0.0255690049380064 0.1029910147190094 -0.11158372461795807 -0.18156030774116516 -0.04849107563495636 -0.054785676300525665 0.09820234030485153 -0.050762102007865906 0.012711036019027233 0.07161838561296463 0.09903032332658768 0.06972247362136841 0.048902999609708786 0.03623967990279198 -0.08811326324939728 0.11669303476810455 -0.07927551865577698 0.08522515743970871 -0.09921886771917343 0.020078854635357857 0.11564585566520691 -0.12265915423631668 0.10075917840003967 -0.015970416367053986 -0.09360205382108688 0.03983981907367706 0.06601303815841675 0.09403763711452484 0.12684018909931183 -0.0751495286822319 -0.02268618531525135 -0.033130258321762085 -0.042986419051885605 0.05310247465968132 -0.13766120374202728 0.035723380744457245 0.09502776712179184 -0.02302696369588375 -0.01108879130333662 0.057556893676519394 0.023102350533008575 0.007659037131816149 0.025716792792081833 -0.08047087490558624 -0.06962208449840546 -0.07009628415107727 -0.09571467339992523 0.03193313628435135 -0.030596144497394562 -0.08470969647169113 -0.07093414664268494 0.09428423643112183 -0.07678006589412689 0.08667436242103577 0.04712783917784691 0.0686379224061966 -0.040921714156866074 -0.11810371279716492 0.0459006130695343 0.1024160087108612 0.10254409909248352 0.148783341050148 -0.08776689320802689 -0.04331216216087341 -0.02235022559762001 0.048357099294662476 0.11044938117265701 -0.08560553938150406 0.09206011891365051 0.1429797261953354 -0.0017325468361377716 -0.08057143539190292 0.0005246674991212785 0.024984242394566536 -0.11723634600639343 0.11274264007806778 -0.03205861151218414 0.030004259198904037 0.08225476741790771 0.0861266553401947 0.07306095212697983 0.0566120445728302 0.054774194955825806 0.016739891842007637 0.08058930188417435 0.0631120502948761 -0.09425188601016998 0.10628572106361389 0.04191729426383972 -0.011533834971487522 -0.06276127696037292 0.04251225292682648 -0.06169188767671585 0.030163738876581192 0.05933715030550957 0.11609417200088501 0.09033521264791489 0.07649773359298706 0.06216532737016678 -0.03679594025015831 0.016072953119874 0.13203217089176178 0.030241739004850388 -0.10837623476982117 0.045190226286649704 0.019440123811364174 0.08832863718271255 0.056940462440252304 0.040271032601594925 0.07459896802902222 0.05555320531129837 0.07252393662929535 0.018502946943044662 -0.09494495391845703 -0.07102622091770172 0.036009978502988815 0.09724930673837662 0.08820386230945587 0.04465080797672272 0.05259762331843376 -0.0940818265080452 0.07694703340530396 -0.08756833523511887 0.11189551651477814 0.06619805097579956 0.037010353058576584 -0.11690975725650787 0.08137471228837967 0.04433006793260574 -0.035546209663152695 -0.060713257640600204 -0.06548408418893814 0.0041517699137330055 0.007273539900779724 -0.05365554615855217 0.03002779185771942 -0.028531650081276894 0.011682874523103237 -0.07265184819698334 -0.035799507051706314 0.08293969184160233 0.0346599705517292 0.07566752284765244 -0.07806079089641571 0.0386483296751976 0.12400313466787338 0.0490194596350193 0.07993660867214203 0.11091317981481552 -0.005936986301094294 0.1130918636918068 0.03755196928977966 0.0718824565410614 -0.07240162044763565 -0.13482722640037537 0.09813833981752396 0.026329537853598595 -0.032480500638484955 -0.027113929390907288 -0.03719330206513405 -0.0037228455767035484 0.04149261862039566 0.03474672511219978 -0.04527577385306358 -0.10751935839653015 -0.07759195566177368 -0.01905680261552334 -0.013161459937691689 -1.6954130842350423e-05 -0.0153122553601861 -0.07257424294948578 -0.021731767803430557 -0.07361743599176407 0.04643828421831131 -0.16524943709373474 -0.17671017348766327 -0.019769854843616486 -0.08631356805562973 0.09382816404104233 -0.002454995410516858 0.05193432420492172 0.07068826258182526 -0.08756779134273529 0.12058684229850769 0.04846382513642311 0.035050079226493835 0.08652585744857788 -0.056580059230327606 -0.0174692515283823 0.06421259790658951 -0.04257773607969284 -0.10804858803749084 -0.07447296380996704 0.021318653598427773 -0.11470899730920792 -0.12178172171115875 0.06852667033672333 0.014713852666318417 -0.15117746591567993 -0.09180951863527298 0.09915318340063095 -0.005459070671349764 0.03705519437789917 -0.11247556656599045 -0.1473889946937561 -0.1364704817533493 -0.005906196776777506 -0.0784321129322052 0.02866438403725624 -0.08377756923437119 -0.0453646183013916 -0.09928759932518005 0.10997818410396576 -0.036536332219839096 0.059748053550720215 -0.03626462072134018 -0.12875127792358398 -0.07824775576591492 0.08033499121665955 0.10622552037239075 0.06757477670907974 0.06460777670145035 -0.02809847518801689 -0.002799086505547166 -0.19201219081878662 -0.06881597638130188 -0.023185119032859802 0.01488499529659748 -0.028129274025559425 -0.11489386111497879 -0.05713063105940819 -0.10407678782939911 -0.05951109156012535 0.039341941475868225 0.00348341790959239 -0.049820173531770706 0.07516401261091232 0.07866714149713516 0.10617072880268097 0.03654246777296066 -0.19115696847438812 -0.05274892598390579 0.08599654585123062 0.010531998239457607 -0.07281380146741867 0.08143582195043564 -0.03724699094891548 -0.05884905159473419 -0.03524480760097504 0.00990581139922142 0.0601799450814724 -0.1690213829278946 0.09797839820384979 -0.01764465682208538 -0.07035519182682037 -0.06988466531038284 -0.06944649666547775 0.02755214273929596 0.12060341984033585 -0.06474556773900986 0.014916164800524712 -0.05559273809194565 -0.0849132388830185 -0.02530081197619438 -0.12113271653652191 0.0033055089879781008 0.040077365934848785 0.049644000828266144 0.07540860027074814 -0.0024782989639788866 -0.1754225343465805 0.03453110158443451 -0.02688680775463581 0.044342443346977234 -0.09923364222049713 -0.11898335814476013 0.0016573676839470863 -0.01944582909345627 0.02132326550781727 0.03102818690240383 -0.08552917093038559 -0.10563860088586807 -0.10824738442897797 -0.0289088673889637 -0.08594965934753418 -0.05358007922768593 -0.11091560870409012 -0.11477415263652802 -0.1488306224346161 0.010015294887125492 0.04727211222052574 -0.037102654576301575 0.07797222584486008 -0.03433995321393013 0.07899468392133713 -0.0813615620136261 0.06949605792760849 -0.017100531607866287 -0.06405285745859146 0.04759295657277107 0.058998603373765945 -0.07145070284605026 -0.10055402666330338 0.000549405231140554 0.03973177447915077 -0.1731337457895279 0.010850565508008003 -0.06773342192173004 0.027362551540136337 -0.054329708218574524 -0.026717396453022957 0.1107853427529335 -0.016105586662888527 0.09075159579515457 0.0292738638818264 0.02292538993060589 0.05058521032333374 -0.05135614797472954 -0.019121743738651276 -0.059936024248600006 0.02238117717206478 0.0455348901450634 -0.006361144594848156 -0.1964695155620575 -0.012794769369065762 -0.07244916260242462 -0.03523629158735275 0.0931922122836113 0.12338986992835999 -0.10372016578912735 -0.09599961340427399 0.07021524012088776 -0.06675370782613754 0.06391194462776184 0.030829576775431633 0.09786872565746307 -0.03874780610203743 -0.13068604469299316 0.08668817579746246 -0.021460214629769325 -0.011098382994532585 0.027941033244132996 0.12284586578607559 -0.04880814254283905 -0.09567063301801682 -0.043955329805612564 0.003758508013561368 0.005123491864651442 0.006166783627122641 -0.038333822041749954 -0.045887384563684464 0.019928952679038048 -0.06445682048797607 0.0982072725892067 -0.000770729617215693 0.12454044073820114 0.035306114703416824 -0.06014289706945419 -0.07240300625562668 -0.004806028213351965 -0.08542277663946152 -0.010170002467930317 -0.05181479826569557 -0.01699806936085224 -0.0533212311565876 0.013146939687430859 -0.05901040509343147 -0.001540559227578342 -0.02181202918291092 -0.0370870940387249 0.07044817507266998 -0.0009502387838438153 -0.031197866424918175 -0.023878009989857674 -0.054912567138671875 0.061668090522289276 -0.016319794580340385 0.07408535480499268 -0.07554425299167633 0.11499267816543579 -0.04602032154798508 0.07639805227518082 0.13522569835186005 -0.07824668288230896 -0.06490974128246307 0.006130848545581102 0.03775471821427345 0.057573314756155014 0.08328323066234589 -0.0618656761944294 -0.047000374644994736 -0.020289765670895576 0.015385493636131287 -0.005548967979848385 -0.035986028611660004 0.05617136508226395 -0.12543903291225433 0.10035378485918045 -0.11700098216533661 0.10819671303033829 -0.0758386179804802 -0.046165451407432556 0.15440453588962555 0.013880092650651932 -0.08361945301294327 -0.07788493484258652 0.09113594889640808 0.11300555616617203 -0.044553112238645554 0.058584924787282944 0.0075545236468315125 0.005885169375687838 -0.03470253944396973 0.0801267996430397 0.010188331827521324 0.08897767961025238 -0.03290846571326256 -0.0545683354139328 -0.06980787962675095 -0.07149790227413177 -0.07092537730932236 0.06712032854557037 0.0851980671286583 -0.02763661928474903 0.014511912129819393 0.04056129604578018 -0.014219521544873714 -0.02541886642575264 -0.02851141057908535 0.038524966686964035 -0.0741032212972641 -0.01738380640745163 -0.013781190849840641 -0.021607106551527977 0.05255911871790886 0.027623770758509636 -0.030027812346816063 -0.005109293386340141 -0.021738063544034958 -0.06675484776496887 -0.06163537874817848 0.08613825589418411 0.008889739401638508 -0.010329458862543106 0.015837427228689194 0.008131811395287514 -0.027131449431180954 -0.02561766840517521 -0.08940042555332184 -0.049065761268138885 0.042091578245162964 -0.019291695207357407 0.00021908219787292182 -0.0005963044823147357 -0.03836461156606674 -0.029680823907256126 0.020621785894036293 -0.0007447529933415353 -0.02999148517847061 0.03764278069138527 -0.01587938703596592 -0.013978094793856144 -0.01191213633865118 0.061559922993183136 0.04437195882201195 0.018858950585126877 -0.03097427450120449 -0.0070341806858778 0.09469576925039291 -0.0005326292011886835 0.021763810887932777 -0.024253977462649345 -0.04704175144433975 -0.04579164460301399 -0.06685330718755722 0.08401621133089066 -0.026304995641112328 0.03740224242210388 -0.011914478614926338 -0.0056775957345962524 -0.013683547265827656 0.04938693717122078 -0.0029172592330724 0.09625257551670074 -0.02055867202579975 0.08995160460472107 -0.04156707227230072 0.04147772490978241 0.10955917090177536 -0.009839995764195919 -0.015241165645420551 -0.013611644506454468 -0.01920313574373722 -0.007885628379881382 0.09692198038101196 -0.008539073169231415 -0.02777082845568657 -0.01455638837069273 -0.06709759682416916 -0.10462405532598495 0.09762691706418991 -0.024688776582479477 1.0873483224926872e-09 -0.01579293981194496 -0.0016074826708063483 -0.054358482360839844 -0.021478690207004547 -0.034103672951459885 0.05735009163618088 0.013858407735824585 -0.0002179587900172919 0.00728301377967 -0.02662581019103527 -0.004698464646935463 -0.018892383202910423 -0.00681542931124568 0.02212284319102764 -0.013395320624113083 -0.13955575227737427 0.058463677763938904 -0.06654515117406845 0.07988148927688599 0.08896909654140472 0.019279062747955322 -0.051169879734516144 -0.010045885108411312 -0.04299347475171089 0.046958498656749725 0.029614290222525597 -0.06391528993844986 -0.007706189528107643 -0.08239740878343582 -0.08122715353965759 -0.042755067348480225 -0.05719868838787079 0.011154569685459137 -0.0401972271502018 -0.020648105069994926 -2.3926226276671514e-05 0.004564216360449791 -0.005051501095294952 0.051779136061668396 -0.0786367654800415 -0.13964803516864777 0.041826099157333374 0.07193367928266525 0.04069194197654724 -0.008993356488645077 0.027369806542992592 -0.20850473642349243 -0.010550688952207565 0.09362952411174774 0.0938018187880516 0.006064870394766331 -0.15863142907619476 0.06033635884523392 0.09475325793027878 -0.010976606048643589 -0.10230863839387894 -0.1180339977145195 0.058468323200941086 -0.2221965193748474 0.039617862552404404 0.14217911660671234 0.04993518814444542 -0.008369812741875648 0.06867553293704987 -0.07439834624528885 -0.03759157657623291 0.13919243216514587 0.11468686163425446 -0.022999806329607964 -0.007172377314418554 -0.12278103083372116 0.07471352070569992 -0.08880047500133514 -0.042426466941833496 -0.0058466726914048195 -0.05795799940824509 -0.08350194990634918 0.007005471270531416 -0.06416979432106018 -0.06411301344633102 0.08955172449350357 -0.041618723422288895 0.008123250678181648 0.08826395124197006 0.10403363406658173 0.032556772232055664 -0.015206667594611645 -0.009752105921506882 0.09420236945152283 -0.08414345979690552 -0.05069110170006752 -0.028552524745464325 -0.023554909974336624 -0.034198589622974396 -0.09401590377092361 0.03716018423438072 -0.11123847961425781 -0.10610686242580414 -0.02491537481546402 0.06009290739893913 -0.0273596104234457 0.12475624680519104 -0.021835127845406532 0.034396570175886154 -0.07277234643697739 -0.14213505387306213 -0.08074619621038437 -0.06972488015890121 0.10462218523025513 -0.02910669706761837 -0.2093854695558548 -0.11716453731060028 0.04206502437591553 0.03325676918029785 -0.07063480466604233 -0.0449802540242672 -0.07715706527233124 -0.0763753205537796 0.09290024638175964 -0.016184253618121147 0.04661887511610985 0.10257092863321304 -0.07731722295284271 0.10419512540102005 0.09575540572404861 -0.012357505038380623 -0.05087042599916458 0.07924118638038635 0.055478401482105255 0.09566264599561691 -0.0319826565682888 0.02168818935751915 0.07820253819227219 0.03435872122645378 -0.07400862872600555 0.08591781556606293 -0.11808677017688751 -0.051398105919361115 -0.06265824288129807 -0.07915694266557693 0.0028570585418492556 -0.004163960460573435 -0.056319549679756165 0.032434362918138504 -0.12416505813598633 0.04482528194785118 -0.08436611294746399 -0.062358513474464417 0.03641162067651749 -0.06766562163829803 -0.11772723495960236 0.014347518794238567 -0.01770452968776226 0.10674137622117996 0.09810289740562439 -0.113536037504673 -0.05301222205162048 0.054375506937503815 -0.04113340750336647 0.07868875563144684 0.03817478567361832 0.06897563487291336 0.029613366350531578 -0.035885270684957504 0.009688778780400753 0.054863154888153076 -0.0633324608206749 -0.03983617573976517 -0.06594166904687881 -0.1067710816860199 0.03562159091234207 -0.10612558573484421 0.09744088351726532 0.012783406302332878 0.012724808417260647 0.07029948383569717 -0.055235594511032104 -0.1316692978143692 0.05909590423107147 0.13297398388385773 0.0023956503719091415 -0.051247477531433105 0.002440202981233597 -0.08991345763206482 -0.05160140246152878 -0.030840454623103142 -0.10064155608415604 -0.09308977425098419 0.05319898948073387 0.022298632189631462 -0.05891311541199684 0.006757949013262987 0.11375642567873001 0.05895351991057396 0.056138355284929276 0.08590777963399887 -0.11408176273107529 -0.05182981863617897 -0.024282246828079224 -0.05820931866765022 -0.026390204206109047 -0.04121840372681618 -0.0034144597593694925 -0.1033536046743393 0.025491351261734962 0.07342369109392166 0.06628692895174026 0.0424395427107811 0.09311526268720627 -0.040211860090494156 -0.060337528586387634 0.03760746493935585 0.05673573911190033 -0.041719820350408554 0.07317080348730087 0.05939090996980667 -0.125082865357399 -0.025290202349424362 0.11261404305696487 0.06418836861848831 0.034961216151714325 0.06660588830709457 0.03802768886089325 0.045990340411663055 0.023620301857590675 -0.019749989733099937 0.002485887613147497 0.0765892043709755 0.10120988637208939 -0.12856116890907288 0.07543344795703888 0.033125508576631546 -0.04887600243091583 0.04757622629404068 -0.10057538002729416 0.10231813043355942 0.03866365924477577 0.022730927914381027 0.12701831758022308 0.05798063799738884 0.0699203684926033 -0.04862430691719055 -0.019220994785428047 -0.051612529903650284 -0.04560315981507301 -0.007906032726168633 -0.037625763565301895 0.09075576066970825 0.09593693166971207 -0.036762699484825134 0.03043939359486103 -0.08469391614198685 -0.053042445331811905 0.0470203198492527 0.06303767114877701 0.006746035534888506 0.017615552991628647 -0.014553242363035679 -0.026025090366601944 0.02208719216287136 -0.017797663807868958 -0.04763820767402649 0.07297945767641068 -0.005757165141403675 -0.013100406154990196 -0.0306379497051239 0.06987680494785309 0.05905880033969879 0.08888144046068192 -0.040603458881378174 -0.04352680221199989 -0.02465929463505745 -0.06450948864221573 -0.0877826064825058 -0.007789759896695614 0.011260302737355232 0.043408624827861786 0.013004092499613762 0.09255124628543854 -0.04191272705793381 -0.07240112125873566 0.00912145059555769 0.023010987788438797 0.010774122551083565 0.15882204473018646 0.07178942859172821 -0.018075691536068916 0.0039513991214334965 0.0009927223436534405 0.02269800752401352 0.07375846803188324 0.015719326213002205 -0.06525647640228271 -0.015677176415920258 0.0046846033073961735 0.015798604115843773 -0.00016372831305488944 0.03883197158575058 -0.056391071528196335 -0.0007752173114567995 -0.06768088042736053 -0.042007070034742355 -0.004379211459308863 -0.00010966160334646702 0.00012696573685389012 0.0042904750443995 0.0009985435754060745 -2.7792255423264578e-05 -0.0016393287805840373 -0.0005327516118995845 -0.0011712944833561778 -0.0018462676089257002 -4.365736822364852e-05 -0.001325874007306993 -7.26040088920854e-05 -0.0032450624275952578 0.007664625532925129 0.001420242479071021 -0.00018077266577165574 -4.909514245809987e-05 -0.01369934156537056 -0.009194623678922653 -0.0023254472762346268 -0.0010281503200531006 0.002221546834334731 -0.0011570139322429895 0.0020121869165450335 -6.385704409694881e-07 0.00010969435243168846 -0.0012300779344514012 -0.003690449520945549 0.002530953148379922 -0.00016503986262250692 -7.719497807556763e-05 -3.2858646591193974e-05 0.0019236154621466994 0.002199420239776373 -0.011382964439690113 0.0005816716584376991 0.0026213747914880514 0.006803310476243496 -0.00565296970307827 -2.810920705087483e-05 -0.0020229248329997063 -0.0017603953601792455 -0.0014983784640207887 0.017969155684113503 -0.008835666812956333 0.001421150634996593 -0.015937339514493942 -0.0014545547310262918 -0.004269079305231571 -0.001062307390384376 -0.007805236615240574 0.0003183411608915776 -0.007405062671750784 0.007834059186279774 -0.0027905022725462914 0.007617879193276167 -0.0011336737079545856 -0.001070722471922636 -0.001327680191025138 0.0036901056300848722 -5.301915280142566e-06 -0.01690756343305111 0.00021199755428824574 0.15517668426036835 -0.06460022181272507 -0.06736139953136444 -0.047424133867025375 -0.09979534894227982 0.06775511056184769 -0.08388153463602066 0.015391651540994644 -0.04914022982120514 -0.008076639845967293 -0.036081429570913315 0.03080403432250023 0.056650035083293915 -0.10619040578603745 -0.015077521093189716 0.01492934487760067 0.10928282886743546 0.015125474892556667 0.04869730770587921 0.017152410000562668 -0.027586553245782852 0.007080452982336283 0.02988443896174431 -0.0510164275765419 0.14453473687171936 0.04823842644691467 0.08730007708072662 0.0587744414806366 -0.05630452185869217 -0.02989373914897442 -0.043568406254053116 -0.03870590403676033 -0.09097407758235931 0.13474474847316742 0.031938374042510986 -0.09873812645673752 0.012402455322444439 -0.08378089964389801 -0.10291740298271179 -0.04287518933415413 0.02500005252659321 -0.12082657217979431 -0.09868799895048141 -0.05166083946824074 0.05070168897509575 -0.0351228341460228 0.1597275584936142 -0.01579863950610161 -0.026539528742432594 -0.0041972436010837555 -0.0959487184882164 0.12046603858470917 0.07444804161787033 -0.02096460945904255 -0.013558052480220795 -0.016220586374402046 0.00177057646214962 -0.07898586243391037 -0.021276792511343956 0.040655456483364105 0.026310009881854057 0.022093625739216805 -0.059614598751068115 -0.03779496252536774 0.011831621639430523 -0.03220481425523758 -0.007433129474520683 -0.03671281412243843 0.0035756665747612715 0.04799811169505119 -0.05607058107852936 0.06788606941699982 -0.11027245223522186 0.004628707189112902 0.03816518560051918 -0.007781281601637602 0.09985621273517609 -0.06915866583585739 -0.09222224354743958 -0.05586232617497444 -0.052102230489254 0.030989300459623337 0.09194868057966232 0.034779518842697144 -0.08120078593492508 0.09363448619842529 0.10308226943016052 -0.03419145569205284 -0.09036954492330551 0.0030457593966275454 -0.032494932413101196 0.11790672689676285 0.0461135171353817 -0.02081863209605217 -0.010197507217526436 -0.06406834721565247 -0.1050441712141037 -0.011491983197629452 -0.0021352488547563553 -0.03527325764298439 -0.05403804033994675 -0.08050144463777542 0.009209620766341686 -0.0005792530137114227 0.03844635188579559 -0.057310786098241806 -0.07786015421152115 0.06044238805770874 -0.08505608141422272 -0.0214332714676857 -0.06489671766757965 -0.03994666412472725 -0.03770529478788376 -0.10520221292972565 0.025274047628045082 -0.06722453981637955 0.0025279594119638205 -0.00617273198440671 -0.032515838742256165 0.015211088582873344 -0.007832448929548264 -0.054020337760448456 -0.07175131887197495 0.027092471718788147 -0.011830901727080345 -0.013001618906855583 -0.08323612809181213 -0.09818746149539948 -0.002189848106354475 -0.047761689871549606 0.12045244872570038 -0.1178087517619133 -0.012845461256802082 -0.013989380560815334 -0.03347767889499664 0.057753805071115494 0.04906853660941124 0.09600526094436646 -0.05599098652601242 0.09547702223062515 -0.024113621562719345 -0.03418409824371338 -0.0017556705279275775 -0.13384351134300232 0.0679481029510498 0.03025619126856327 0.11069059371948242 -0.017080897465348244 -0.07132449001073837 0.1339072436094284 0.011127176694571972 -0.03240485489368439 0.09850325435400009 -0.019027575850486755 0.0016266308957710862 -0.12742488086223602 0.08137686550617218 -0.005227222107350826 0.09826947748661041 -0.11337589472532272 -0.06093914434313774 0.05736956372857094 0.03539571911096573 -0.04918668791651726 -0.06756985187530518 -0.07915398478507996 0.14027708768844604 0.04435015097260475 -0.05110916495323181 -0.12714503705501556 -0.08543573319911957 0.11495918035507202 0.019166894257068634 0.0828351378440857 0.1584262251853943 -0.00410362146794796 -0.06648747622966766 -0.09244433045387268 -0.004599934443831444 -0.06308799237012863 0.08539841324090958 -0.06397625058889389 -0.04146460071206093 -0.02109467051923275 0.10160882771015167 -0.023678390309214592 -0.013262101449072361 0.023542797192931175 0.08846697956323624 -0.10327481478452682 -0.020499441772699356 -0.05791475996375084
b2 64
-0.10101587325334549 0.11292700469493866 0.03362879529595375 -0.06527689099311829 -0.07409635186195374 -0.00949675403535366 -0.13706053793430328 0.15123283863067627 -0.02653600461781025 -0.06884463876485825 -0.10377130657434464 0.07375150173902512 -0.02985481545329094 -0.05001990869641304 -0.026371996849775314 0.031527187675237656 0.05785490944981575 -0.008636647835373878 -0.15775755047798157 0.09069939702749252 -0.042849838733673096 0.047326285392045975 0.1136157438158989 0.0033039411064237356 -0.10319283604621887 -0.03517662361264229 -0.035847414284944534 0.11021129041910172 -0.10316286236047745 0.059294193983078 0.014262847602367401 -0.12840794026851654 0.12898430228233337 -0.0978674441576004 -0.038809068500995636 -0.06772859394550323 0.03186085447669029 -0.12167950719594955 -0.0904105007648468 -0.1212121769785881 -0.015591145493090153 0.13980548083782196 -0.0977950394153595 0.03933623433113098 -0.006592351011931896 -0.1115802526473999 -0.069544218480587 0.09399794042110443 0.08267618715763092 -0.03820488974452019 -0.001406234921887517 0.14448948204517365 0.09639304131269455 0.03347623720765114 -0.11467382311820984 -0.12156151980161667 0.1010366827249527 0.06306027621030807 0.0012328262673690915 -0.09174705296754837 0.001872494351118803 -0.10696188360452652 -0.05131349340081215 -0.07657533138990402
W3 64
0.005332898814231157 0.0907435193657875 0.07451539486646652 -0.02878545969724655 0.07827647775411606 0.08971413969993591 0.0898197814822197 0.14197573065757751 0.14109547436237335 0.04574482515454292 0.03278623893857002 -0.02540956437587738 0.16617676615715027 0.005276089068502188 0.006051566451787949 0.0931929349899292 -0.07761028409004211 0.00010052414290839806 -0.08915089815855026 0.1008852869272232 -0.0011138813570141792 0.018756652250885963 -0.001045778626576066 -0.09506737440824509 -0.10608302056789398 -0.06962033361196518 -0.00908248033374548 0.07084624469280243 -0.04915371537208557 -0.08670548349618912 -0.07783679664134979 -0.09781938791275024 0.10729994624853134 -0.04850999265909195 -0.10607662051916122 -0.07368599623441696 0.006819547154009342 -0.01938481256365776 -0.01637374237179756 0.03451615199446678 0.09700821340084076 -0.021755332127213478 -0.06125633046030998 -0.0770966038107872 0.029868774116039276 -0.03855538368225098 0.020962662994861603 0.08168763667345047 -0.07000982761383057 -0.04298727959394455 0.13061919808387756 0.14677615463733673 0.10471316426992416 0.08050187677145004 -0.03748180344700813 -0.04735874757170677 0.06434033066034317 0.05622520670294762 -0.025438273325562477 0.01415551919490099 -0.00020558763935696334 0.1625220775604248 0.08024896681308746 -0.07873199135065079
b3 1
-0.0030182988848537207
