input_dim 64
hidden 64
log_input 1
y_mean 6.914583206176758
y_std 10.721464157104492
x_mean 64
0.49500179290771484 0.5777721405029297 0.6241418719291687 0.657196581363678 0.6827879548072815 0.7039804458618164 0.7221152186393738 0.7385092973709106 0.7532833218574524 0.7668097019195557 0.7795611619949341 0.7917085886001587 0.8032469749450684 0.8143076300621033 0.8251575231552124 0.8355891704559326 0.8458676338195801 0.8559868335723877 0.8659482002258301 0.8757658004760742 0.8855249881744385 0.8951756954193115 0.9046695828437805 0.9143127202987671 0.9238829612731934 0.9332808256149292 0.9427086114883423 0.9521081447601318 0.9614549875259399 0.9705960154533386 0.9800688624382019 0.9891858100891113 0.9983397126197815 1.007594347000122 1.016736388206482 1.0257939100265503 1.0347435474395752 1.043800950050354 1.0527175664901733 1.0617775917053223 1.0707074403762817 1.0799541473388672 1.0890001058578491 1.0980584621429443 1.1072306632995605 1.116495132446289 1.125673532485962 1.1348968744277954 1.1443082094192505 1.1541061401367188 1.1640501022338867 1.174195647239685 1.184786319732666 1.1956586837768555 1.2068936824798584 1.2186943292617798 1.2312251329421997 1.2447634935379028 1.2592873573303223 1.2754065990447998 1.293656826019287 1.3158215284347534 1.3453587293624878 1.3919590711593628
x_std 64
0.14946837723255157 0.1343081295490265 0.12825889885425568 0.12460935115814209 0.12292640656232834 0.12164365500211716 0.12029629200696945 0.11958875507116318 0.11884685605764389 0.11861621588468552 0.1183190643787384 0.11804075539112091 0.11790655553340912 0.11785378307104111 0.11771345138549805 0.11799115687608719 0.11804664880037308 0.1179468184709549 0.1180555522441864 0.11812470108270645 0.11824414134025574 0.11827252805233002 0.11835264414548874 0.11858552694320679 0.11878716200590134 0.11894632130861282 0.11915159225463867 0.11929038912057877 0.11947868764400482 0.11956658959388733 0.1196875274181366 0.11981545388698578 0.11977969855070114 0.11967583745718002 0.1196371391415596 0.11965009570121765 0.1196393072605133 0.11972445994615555 0.11967582255601883 0.11962499469518661 0.11953770369291306 0.11937032639980316 0.1192498728632927 0.11922388523817062 0.11903971433639526 0.11880689114332199 0.11860506981611252 0.11851820349693298 0.11845787614583969 0.11821924895048141 0.11820296198129654 0.11806714534759521 0.11799260228872299 0.11786402761936188 0.11780690401792526 0.11772587150335312 0.11744768917560577 0.11764279752969742 0.11734265834093094 0.11733957380056381 0.11748433113098145 0.11777704954147339 0.11794472485780716 0.11955230683088303
W1 4096
0.08278267085552216 0.16108626127243042 0.07414858788251877 -0.010069283656775951 0.08854065090417862 -0.04046367481350899 0.1137988343834877 -0.1198917031288147 0.16280807554721832 0.09035961329936981 0.09364418685436249 -0.0050025759264826775 -0.08678741008043289 -0.007095784414559603 0.07026407122612 -0.08621728420257568 0.06617064774036407 0.03383948653936386 -0.02023313194513321 0.08932781964540482 0.06932374089956284 0.16193701326847076 0.037394776940345764 0.0736078992486 0.11958649754524231 0.12408797442913055 0.008607220835983753 0.06828946620225906 -0.04489004239439964 0.1200096607208252 0.09101417660713196 0.0055716373026371 0.10613180696964264 0.12234403192996979 -0.019773095846176147 0.0650344043970108 0.05203244090080261 0.04361792281270027 -0.05905197933316231 0.009870555251836777 -0.025045813992619514 0.02115781418979168 0.0031544927041977644 -0.09052590280771255 -0.023365186527371407 0.014950462616980076 0.12143193930387497 0.012087916024029255 -0.04347362369298935 -0.019243311136960983 0.06054820492863655 -0.043999604880809784 0.12512525916099548 -0.016392802819609642 -0.022319983690977097 -0.0058532590046525 -0.06096213310956955 -0.13232065737247467 -0.036050911992788315 0.011108074337244034 -0.059124093502759933 0.026294656097888947 -0.055093951523303986 0.08715996891260147 -0.2554381787776947 0.07770250737667084 0.12445523589849472 -0.059573229402303696 0.0378539152443409 0.024779316037893295 0.11783720552921295 0.11126299947500229 0.14680644869804382 0.0006114492425695062 0.023790061473846436 -0.04593392834067345 0.06430289894342422 0.038316790014505386 -0.10559786111116409 -0.058187659829854965 -0.05245549976825714 -0.11627829819917679 -0.05486335605382919 -0.02098517306149006 0.09319790452718735 0.0664115697145462 -0.0014957910170778632 0.035857006907463074 0.11739002168178558 -0.014198253862559795 0.08579780906438828 0.11314831674098969 0.030287854373455048 0.027360206469893456 -0.014585891738533974 -0.08604654669761658 -0.09928673505783081 0.0493236742913723 -0.10374723374843597 -0.0949971005320549 -0.01900273561477661 0.03162451088428497 0.05743792653083801 -0.09060322493314743 -0.021144606173038483 -0.10752546042203903 -0.1298879086971283 0.0670778676867485 -0.032944437116384506 0.09107142686843872 -0.10622657835483551 0.024357479065656662 -0.053487394005060196 -0.10796219110488892 0.07335668057203293 0.055379871279001236 -0.09607793390750885 -0.12744741141796112 0.04626374691724777 0.10121413320302963 0.015179481357336044 -0.0866568312048912 0.10541193187236786 0.10741084814071655 0.12168639898300171 -0.08591531217098236 0.021656617522239685 -0.14950518310070038 -0.21121522784233093 0.12876467406749725 -0.0997946560382843 -0.019052062183618546 0.028082508593797684 -0.08464803546667099 0.009620726108551025 0.04126988723874092 0.12303228676319122 0.035550862550735474 0.19989511370658875 0.057631708681583405 0.1363411843776703 0.08980961889028549 0.10305878520011902 -0.036057423800230026 -0.04497677832841873 0.10110073536634445 -0.012547681108117104 -0.009329542517662048 -0.002743438584730029 0.08766253292560577 0.15345437824726105 0.10773436725139618 0.10820607841014862 0.12173911929130554 0.1302797645330429 0.07523064315319061 -0.06163506209850311 -0.046569183468818665 -0.04007718339562416 -0.01023127418011427 0.05025376379489899 0.10611723363399506 -0.1095736101269722 0.067621611058712 -0.11639279872179031 -0.08261583745479584 -0.11549419164657593 -0.10983879864215851 0.08489722013473511 -0.03158428147435188 -0.07984352111816406 -0.12807799875736237 -0.13668283820152283 -0.007993066683411598 -0.07843195647001266 0.07097333669662476 0.12620514631271362 -0.019175047054886818 0.09008889645338058 -0.11996246874332428 -0.038427893072366714 -0.04541308060288429 0.07938415557146072 -0.038286179304122925 -0.12849490344524384 -0.007888956926763058 0.025162050500512123 0.07586188614368439 -0.06514611840248108 0.0989643782377243 -0.05364389345049858 -0.1373421996831894 -0.13017353415489197 0.0872502475976944 0.11630110442638397 -0.02784583903849125 -0.07147552818059921 0.07478760927915573 0.004723571240901947 -0.009630629792809486 -0.008661799132823944 0.13184067606925964 0.0009092596010304987 -0.14959028363227844 0.09459000080823898 0.006419770419597626 0.10802184045314789 0.11157508939504623 -0.08996686339378357 0.02598574571311474 -0.05461054667830467 0.07557017356157303 -0.017148876562714577 -0.0002151223598048091 0.18508398532867432 -0.01025035697966814 0.1625542938709259 0.018467269837856293 0.01289763581007719 0.06117728725075722 -0.04607945680618286 -0.01278019417077303 0.01716151274740696 -0.11251114308834076 -0.09314464032649994 0.023163622245192528 0.09503978490829468 -0.004788360558450222 0.10236819088459015 -0.010424843989312649 0.11412989348173141 -0.030110422521829605 -0.03504452109336853 -0.00864853523671627 -0.1172625944018364 0.0723179504275322 0.0755089819431305 -0.037559568881988525 -0.010249324142932892 0.15413662791252136 -0.008444408886134624 0.135203555226326 -0.06929615139961243 -0.12493660300970078 0.015095646493136883 0.051792144775390625 0.11740090698003769 -0.06108874827623367 -0.06801905483007431 -0.04551660269498825 -0.008284619078040123 -0.06491319090127945 -0.04335062950849533 0.06702933460474014 -0.09099850803613663 -0.05386558175086975 -0.05195130780339241 0.07359900325536728 0.09735611826181412 0.11549873650074005 -0.09341778606176376 0.03533448651432991 0.036878738552331924 0.05884988233447075 0.14095892012119293 0.14553327858448029 0.14360113441944122 -0.01806088164448738 -0.03137236461043358 -0.1220870390534401 -0.11312325298786163 0.06142208352684975 -0.09434571117162704 -0.1229376494884491 -0.18440380692481995 0.006989279296249151 -0.05391344428062439 -0.003764844499528408 -0.12968657910823822 0.1325138658285141 0.08621319383382797 0.0018759032245725393 -0.040367234498262405 0.013948255218565464 0.023362383246421814 -0.1172742173075676 -0.10057072341442108 -0.08389029651880264 0.030492033809423447 0.14686782658100128 0.09499883651733398 -0.07089971750974655 0.036476586014032364 -0.009678933769464493 -0.08379163593053818 -0.11806177347898483 0.15746472775936127 0.12385398894548416 0.123757004737854 0.09409771859645844 -0.09496911615133286 0.11390663683414459 0.12432751059532166 0.0731283500790596 0.1374015510082245 0.042050182819366455 0.1448012739419937 -0.09190742671489716 -0.011955858208239079 0.1137923151254654 0.17646928131580353 0.16265736520290375 -0.0018513873219490051 -0.027934378013014793 -0.05834071710705757 -0.04903262481093407 -0.040633928030729294 -0.088637575507164 -0.056081756949424744 -0.19804075360298157 0.18208716809749603 0.032348111271858215 -0.14333206415176392 0.00927366130053997 -0.06356517225503922 0.14962796866893768 -0.06446895003318787 0.015982767567038536 0.1573754996061325 0.14441700279712677 0.07667049020528793 0.08260028809309006 0.08812626451253891 0.06950174272060394 0.03849700838327408 -0.02706461027264595 -0.14755351841449738 0.054173264652490616 -0.07354158163070679 0.12110210955142975 -0.001192079042084515 -0.04227294772863388 0.11631449311971664 -0.010610981844365597 0.12583836913108826 0.006267585325986147 0.09482893347740173 0.029431266710162163 -0.09675882011651993 -0.11217222362756729 -0.16642335057258606 0.05829335376620293 0.07104406505823135 -0.07979766279459 0.09762787818908691 0.03463805839419365 -0.09855153411626816 -0.014559830538928509 -0.05774945020675659 -0.1013946607708931 -0.07923092693090439 -0.09607823938131332 -0.103019118309021 0.07883275300264359 0.08312055468559265 0.09866949915885925 0.057209499180316925 0.024263447150588036 0.05252136290073395 -0.02953912504017353 -0.035475343465805054 0.008175359107553959 0.03600715473294258 0.060664817690849304 -0.05513209104537964 -0.1254543960094452 -0.12936906516551971 -0.0022612200118601322 0.05589674413204193 0.020073367282748222 0.016985410824418068 -0.009736697189509869 0.05321444571018219 -0.0753408744931221 0.14507411420345306 0.058127887547016144 -0.08633768558502197 0.11314366012811661 0.08702415227890015 0.0108206020668149 0.10750831663608551 0.17175376415252686 -0.07729703933000565 0.08014442026615143 0.012392686679959297 0.0910012274980545 -0.012061155401170254 -0.04714090749621391 -0.1505865454673767 -0.14483532309532166 0.07799277454614639 0.03254815936088562 -0.005115294363349676 0.005876223556697369 0.03637511655688286 0.06691237539052963 0.07420384138822556 -0.01312184426933527 -0.15562815964221954 -0.08282703161239624 0.026484830304980278 -0.01414085179567337 0.032954588532447815 0.08641579747200012 0.16893571615219116 0.06858605891466141 0.1249757781624794 0.10428081452846527 0.049246400594711304 0.11507148295640945 -0.007300999481230974 -0.08236271142959595 -0.03423077613115311 0.0888398066163063 -0.041747819632291794 0.057163890451192856 0.03471895307302475 0.1156143844127655 0.0456530824303627 0.07048974931240082 -0.018974367529153824 -0.08978745341300964 0.01481242012232542 0.06993304193019867 0.07215510308742523 0.10556544363498688 0.10346665233373642 0.06396947801113129 0.03655135631561279 -0.10091044008731842 0.07841514050960541 -0.054545577615499496 -0.09208070486783981 -0.03355672210454941 -0.045362479984760284 -0.021511798724532127 -0.05038973689079285 -0.09676097333431244 0.08864359557628632 -0.07887974381446838 0.01247416902333498 -0.12208592891693115 -0.09219270944595337 0.002105595311149955 0.026127975434064865 0.11183259636163712 -0.0032656206749379635 0.042417291551828384 0.05289094150066376 0.14681029319763184 0.0794994980096817 -0.021508468315005302 -0.10003626346588135 0.008295228704810143 -0.007055370602756739 0.020457426086068153 -0.12154019623994827 -0.0453060083091259 -0.12820224463939667 0.03667735680937767 0.019731121137738228 0.03107461705803871 0.09807033091783524 -0.03645600378513336 -0.051530200988054276 -0.024959679692983627 -0.016903162002563477 -0.11551447212696075 0.04101946949958801 0.10116034746170044 -0.1403944045305252 0.028187129646539688 0.031170522794127464 0.009947296231985092 -0.03731117397546768 -0.12274041026830673 0.07516241818666458 -0.0492384135723114 -0.06087861210107803 0.003800865961238742 -0.06784851849079132 -0.03664810582995415 -0.1334325522184372 -0.12793688476085663 -0.10546949505805969 0.001521363272331655 0.005035408306866884 0.060612648725509644 -0.005257471930235624 0.08752607554197311 0.01826121285557747 -0.03507721796631813 0.06299230456352234 0.10068167001008987 -0.01115410216152668 -0.06457433104515076 -0.01512963231652975 0.021392755210399628 -0.0004027920076623559 0.2728075385093689 0.21455660462379456 0.19925342500209808 -0.04376266151666641 -0.08177441358566284 -0.09467867761850357 0.2394087314605713 0.18628716468811035 0.15521663427352905 -0.016947949305176735 0.08192465454339981 -0.030217105522751808 -0.10547464340925217 -0.07801101356744766 -0.05392445996403694 0.0994555875658989 0.05648752674460411 -0.16488948464393616 0.08389970660209656 0.15908953547477722 -0.07756269723176956 -0.027036800980567932 -0.020529787987470627 0.05918192118406296 -0.04169273376464844 0.017402011901140213 0.034588009119033813 -0.08218533545732498 -0.15312878787517548 -0.06689692288637161 0.04760662093758583 0.08423075824975967 0.004151899833232164 0.1335827261209488 -0.014182941988110542 0.041987236589193344 -0.04166737198829651 -0.04268160089850426 0.06696580350399017 0.014938734471797943 -0.12144840508699417 0.0025622528046369553 -0.12941478192806244 0.09218484908342361 -0.039833974093198776 0.09043242037296295 -0.030856532976031303 -0.02341771498322487 0.0016988713759928942 0.16438028216362 0.13851620256900787 0.07676494866609573 -0.07698814570903778 -0.027571789920330048 -0.050673846155405045 0.04652678593993187 0.10819186270236969 0.01601518876850605 0.03006909415125847 0.16277389228343964 0.17719346284866333 0.11406668275594711 0.15680895745754242 0.06370897591114044 -0.19941754639148712 -0.21712879836559296 0.20076748728752136 0.17052166163921356 -0.021007254719734192 0.10240388661623001 -0.1357875019311905 0.00691029941663146 -0.04241518676280975 -0.1500813215970993 -0.09915657341480255 -0.057953495532274246 0.07665179669857025 0.0619063638150692 0.10572381317615509 0.06873945891857147 -0.07080447673797607 -0.08993177860975266 0.020395511761307716 0.018439577892422676 -0.15041837096214294 -0.14739398658275604 -0.17640051245689392 -0.04617554694414139 0.0340009368956089 0.08393632620573044 -0.03953606262803078 0.061115700751543045 -0.06329748779535294 0.023449920117855072 -0.06884001940488815 -0.09052135050296783 -0.014333654195070267 -0.05658422410488129 -0.14345650374889374 0.0014175123069435358 -0.04592562094330788 -0.0874323919415474 -0.08337277173995972 0.16181743144989014 0.08120185881853104 0.009605836123228073 0.15845003724098206 0.17127017676830292 0.024434879422187805 0.1579843908548355 0.07776617258787155 0.1371050924062729 -0.11004745960235596 0.022757936269044876 0.10513636469841003 0.06814839690923691 -0.0872528925538063 0.01885238289833069 -0.10596773028373718 0.013927825726568699 -0.0036769211292266846 0.008409281261265278 0.026271406561136246 -0.0848621279001236 -0.08597055822610855 0.05250690504908562 0.08914297074079514 -0.06924920529127121 0.026082918047904968 0.020390374585986137 0.30968353152275085 0.12887299060821533 0.05050225183367729 0.08977777510881424 0.03340601921081543 -0.11911169439554214 -0.004092083312571049 -0.008874817751348019 0.023094968870282173 -0.0029002996161580086 0.0296107716858387 0.10214047878980637 0.06966551393270493 -0.0011681440519168973 -0.019231243059039116 0.10528836399316788 0.08802933245897293 0.07863367348909378 -0.033248092979192734 -0.09644121676683426 0.10690724104642868 -0.055867038667201996 0.02528276853263378 -0.10865745693445206 -0.09344032406806946 -0.03155684098601341 0.027545873075723648 -0.07203348726034164 -0.07375875860452652 -0.05289134010672569 -0.07611124217510223 0.12943869829177856 0.13308948278427124 0.005844762548804283 -0.11102370917797089 0.06601410359144211 -0.05635179951786995 0.07167243957519531 -0.04965319484472275 -0.012015576474368572 0.0002572189550846815 0.09129593521356583 0.0850444883108139 0.0471358522772789 -0.004815120715647936 0.1664108783006668 0.008852777071297169 0.1804327815771103 0.12258759886026382 0.09364597499370575 -0.016514290124177933 0.03607552498579025 0.09007193148136139 -0.11137842386960983 0.1086784228682518 0.13418057560920715 0.06132128834724426 0.14367741346359253 0.10486269742250443 0.10893242061138153 0.18375487625598907 0.05505611002445221 -0.12382667511701584 0.028160681948065758 0.13124395906925201 -0.014589214697480202 -0.01435959804803133 0.07338728755712509 -0.03521653264760971 0.007989888079464436 0.08580786734819412 -0.06284423917531967 -0.11763643473386765 -0.05769745260477066 0.05832201987504959 0.048185646533966064 0.10237669944763184 0.14156027138233185 -0.08787885308265686 0.13610652089118958 0.03727276995778084 0.08093363046646118 -0.015775498002767563 0.06556949764490128 -0.05296472832560539 0.07482539862394333 0.06681349128484726 0.05046240985393524 0.014369442127645016 -0.009492086246609688 0.07739704102277756 -0.0065246038138866425 -0.12870411574840546 0.019951481372117996 -0.053602851927280426 0.05211687088012695 -0.12479455769062042 0.06789844483137131 -0.0035887709818780422 -0.07155093550682068 -0.06721938401460648 -0.06913015246391296 -0.02916133403778076 -0.006624371744692326 0.10107775777578354 0.022664319723844528 -0.08278601616621017 0.08944478631019592 -0.04771218076348305 0.06739981472492218 0.08431248366832733 -0.011247582733631134 -0.15112867951393127 -0.012866697274148464 0.05091535300016403 0.042390599846839905 -0.12656164169311523 0.04384643957018852 -0.051903724670410156 0.0387449711561203 -0.07456614822149277 0.006104153580963612 0.08292336761951447 0.10129192471504211 0.17972949147224426 -0.07660874724388123 0.11161870509386063 0.04695747420191765 0.07771198451519012 0.022602083161473274 0.15562979876995087 -0.03985252231359482 -0.09646144509315491 0.05436930060386658 0.0765005499124527 0.0653306171298027 -0.0907720997929573 0.13251511752605438 0.005336746573448181 0.09397032856941223 -0.06049756333231926 0.1067684143781662 -0.03506704419851303 0.16052547097206116 0.06358856707811356 -0.07545136660337448 -0.004021906293928623 -0.0959322601556778 -0.06932470947504044 0.054288193583488464 -0.11430449783802032 0.0857238918542862 0.021061623468995094 0.13149556517601013 0.15000034868717194 0.12646150588989258 -0.07197216898202896 0.03197236731648445 -0.11684472858905792 -0.05997355282306671 0.06765779852867126 -0.12353391200304031 0.06370455771684647 -0.011713847517967224 -0.01589328609406948 0.1084602102637291 0.0799068883061409 -0.00961984321475029 -0.1368526667356491 -0.009897497482597828 -0.04840369150042534 -0.07113867253065109 0.11989331990480423 0.07040730118751526 0.13007622957229614 0.04181086644530296 0.06042255833745003 0.016446029767394066 0.0021988495718687773 0.01015574112534523 0.03665585443377495 0.10101520270109177 -0.09507577121257782 -0.01530628465116024 -0.12125846743583679 0.059724170714616776 -0.019300898537039757 -0.07455325126647949 0.02788451313972473 -0.10841149836778641 -0.03370174393057823 0.04855230450630188 -0.13318966329097748 0.04391467943787575 0.08654659241437912 -0.02223293110728264 0.14770224690437317 0.06629124283790588 0.10267095267772675 0.09934258460998535 0.06468679755926132 -0.030723867937922478 -0.00820275116711855 0.05389828607439995 -0.023520568385720253 -0.0038478230126202106 -0.05406280606985092 -0.03622720390558243 0.11246245354413986 -0.034361425787210464 0.007975555025041103 0.08660894632339478 0.10095231235027313 -0.010296245105564594 0.05988632142543793 -0.13240619003772736 0.09395117312669754 -0.0777086392045021 -0.06771504878997803 0.1103590652346611 0.051140718162059784 -0.06560070067644119 0.02057996392250061 -0.11550275981426239 -0.09775039553642273 -0.06478086858987808 -0.052459586411714554 0.07499359548091888 0.02348383702337742 0.05253826081752777 0.11385675519704819 0.12094959616661072 0.08825710415840149 0.13351431488990784 -0.05413539335131645 -0.01566411182284355 -0.005721527151763439 0.08330065757036209 -0.06756912916898727 0.010746190324425697 -0.12719294428825378 0.04955335706472397 -0.04614625126123428 -0.11532081663608551 0.06636004894971848 -0.10075352340936661 0.08038103580474854 -0.05263662710785866 -0.0919397696852684 -0.15545709431171417 -0.08312030881643295 0.08019290119409561 -0.03461567312479019 0.1014430895447731 0.022442404180765152 0.16474293172359467 -0.07766260206699371 4.319488652981818e-05 -0.027440136298537254 0.03248452767729759 0.027039142325520515 -0.1466086357831955 -0.12656189501285553 0.06570572406053543 -0.11253780126571655 0.06321977078914642 -0.07558988034725189 -0.012389631941914558 0.02221846394240856 0.05026071518659592 -0.019722336903214455 -0.051316916942596436 -0.02035219967365265 0.1253887414932251 0.09409680217504501 -0.07162640988826752 0.11120215058326721 0.09383425116539001 0.09533719718456268 -0.010159819386899471 0.07728691399097443 -0.049707286059856415 0.10180005431175232 -0.04689626395702362 -0.06309979408979416 -0.08984500914812088 -0.0011652950197458267 -0.0761602595448494 -0.06157864257693291 -0.08752628415822983 -0.1188342347741127 -0.11704365909099579 -0.06567706167697906 0.04532413184642792 0.09296747297048569 0.0266688484698534 -0.019567042589187622 0.1089492216706276 0.049417998641729355 -0.09716443717479706 0.013566172681748867 -0.09456442296504974 0.06264473497867584 0.08532199263572693 0.007076292298734188 0.035818912088871 -0.1464826762676239 -0.13644461333751678 0.06493831425905228 0.11851653456687927 -0.08277644217014313 0.07745148241519928 -0.02253134176135063 0.03514072299003601 -0.10173586755990982 0.07269147038459778 0.16733601689338684 0.04439246281981468 0.14024211466312408 0.10227692872285843 0.0040700617246329784 -0.059445127844810486 0.2089085876941681 0.08880158513784409 0.11761007457971573 0.013852568343281746 -0.10396628081798553 0.06818297505378723 -0.06113912910223007 -0.043154019862413406 0.01370272971689701 0.010894379578530788 -0.09610269963741302 0.08040879666805267 0.02838737703859806 -0.17427822947502136 -0.029321322217583656 -0.099819116294384 -0.14185860753059387 -0.001973347505554557 -0.12579992413520813 0.01453924085944891 0.01672450080513954 -0.10392377525568008 -0.056979887187480927 0.07053573429584503 0.0629318580031395 -0.08213408291339874 0.06585981696844101 0.08907613158226013 -0.045687299221754074 0.009518244303762913 0.11271543055772781 0.053946707397699356 -0.07293282449245453 0.031081339344382286 0.006929545663297176 -0.0001574815541971475 -0.09246432781219482 -0.021478595212101936 0.03796551749110222 -0.07781452685594559 -0.11908584088087082 -0.12703262269496918 -0.08582153916358948 -0.03601367771625519 0.04782770201563835 0.05416378751397133 0.14237158000469208 -0.04742930829524994 -0.08771268278360367 0.08576063066720963 0.11411285400390625 -0.056213900446891785 -0.03778701275587082 -0.09144890308380127 0.027753179892897606 0.0034506083466112614 0.11915323883295059 0.08105108886957169 0.013153605163097382 -0.040684446692466736 0.13740399479866028 0.07962813973426819 -0.10061926394701004 0.24027952551841736 0.08364611119031906 -0.04166632145643234 0.11016163975000381 -0.004253661260008812 0.04123322293162346 0.008736934512853622 -0.020061153918504715 -0.05082488805055618 0.016908815130591393 -0.16157521307468414 -0.04791901260614395 -0.1095224916934967 -0.14052045345306396 -0.12209624797105789 0.0837668925523758 -0.058514583855867386 0.015079233795404434 -0.05658605694770813 -0.09554072469472885 0.015459313057363033 -0.04845224320888519 -0.14807236194610596 -0.04109732061624527 -0.057660117745399475 0.09270548075437546 -0.14823679625988007 -0.14158108830451965 -0.048973072320222855 -0.04179644584655762 0.09997653216123581 0.03171748295426369 -0.039411649107933044 0.1362086534500122 0.08469033986330032 0.1253388673067093 0.10248968750238419 0.020108405500650406 0.005452311597764492 -0.08873890340328217 0.13912922143936157 0.009426507167518139 0.12107671797275543 -0.12493289262056351 -0.004446328617632389 0.047290511429309845 -0.08240551501512527 0.0068338834680616856 -0.0005600247532129288 0.0199570395052433 -0.0003877831040881574 -0.08132518082857132 0.07347853481769562 0.033683132380247116 -0.12337013334035873 0.08490698039531708 0.06592812389135361 -0.06135527417063713 0.1089455634355545 -0.026195095852017403 0.08695875853300095 0.06699033826589584 0.030057476833462715 -0.03696141764521599 0.09021066129207611 0.22630703449249268 0.21359065175056458 -0.08180056512355804 0.09104056656360626 0.11712756752967834 0.060113899409770966 -0.03459610417485237 -0.08280530571937561 -0.07782500237226486 0.019237574189901352 0.13472744822502136 0.11518383026123047 0.064204141497612 0.055134743452072144 0.021567894145846367 -0.05032645910978317 -0.0470082052052021 0.024997413158416748 -0.1271626204252243 -0.08135700225830078 0.03614763915538788 -0.06893789023160934 -0.1407683789730072 0.04364636540412903 -0.08099283277988434 -0.030352065339684486 -0.05067460983991623 0.03854662925004959 0.137945756316185 -0.059372518211603165 0.11818329244852066 -0.07108446210622787 0.03127799555659294 0.06111585348844528 0.05223160237073898 -0.08622272312641144 -0.07356158643960953 -0.0007640653639100492 -0.05781436339020729 0.04445260018110275 0.028709491714835167 -0.006484962534159422 0.06728056818246841 0.0435798279941082 0.05922625958919525 0.10130561143159866 0.021933024749159813 0.08996931463479996 0.04571819677948952 -0.05283946543931961 -0.03917580842971802 -0.06170576065778732 0.03455100208520889 0.03548995405435562 -0.06400419771671295 -0.0401332825422287 -0.11135073751211166 0.06807200610637665 -0.04913981258869171 -0.04796793311834335 0.01661498472094536 -0.11053842306137085 0.003102985443547368 0.024031998589634895 0.01719219982624054 -0.05348670110106468 0.0565272755920887 0.08783254027366638 0.11153431981801987 -0.09148501604795456 -0.02623029053211212 -0.028242122381925583 -0.16530491411685944 -0.16316339373588562 -0.18247568607330322 -0.11430571228265762 -0.07212086766958237 -0.03455870971083641 -0.04191233590245247 -0.02934652753174305 -0.0232887901365757 -0.09347787499427795 -0.06400278955698013 -0.012765936553478241 -0.15751925110816956 0.07806768268346786 0.013238172978162766 0.0019059621263295412 0.02214485965669155 0.09238254278898239 -0.12848155200481415 0.00475884648039937 0.027809595689177513 0.09762644022703171 0.044658832252025604 0.020666763186454773 -0.07120616734027863 0.1375642865896225 0.12287016212940216 -0.012130578979849815 0.05471848323941231 0.00315998587757349 0.05775146558880806 -0.07950176298618317 0.15632139146327972 0.14843834936618805 0.03348028287291527 0.00047303608153015375 0.08087895065546036 0.09765255451202393 0.05212448537349701 -0.10503599047660828 0.014963958412408829 -0.10948378592729568 0.02942630648612976 0.06769435107707977 -0.05135338753461838 0.06313007324934006 0.00457787187770009 0.12031221389770508 -0.10187376290559769 -0.06455739587545395 -0.10245570540428162 0.0857311487197876 0.07534119486808777 -0.008644042536616325 0.08612727373838425 -0.06975745409727097 0.03079928457736969 -0.07445860654115677 0.10701609402894974 0.008775713853538036 -0.030142027884721756 0.12061739712953568 0.009841726161539555 -0.025585485622286797 0.014051009900867939 0.1541362702846527 0.02344818413257599 -0.06812266260385513 0.14997726678848267 -0.10584685951471329 -0.049315400421619415 0.04956886172294617 -0.0865345150232315 0.09364280104637146 -0.05118516832590103 0.024285512045025826 -0.041631508618593216 0.038260288536548615 0.0011649555526673794 -0.001152516226284206 0.08938556164503098 -0.06410284340381622 0.06621892005205154 0.03654693067073822 0.11716733872890472 -0.00887711625546217 -0.010900772176682949 -0.11194680631160736 0.022475549951195717 0.060082145035266876 -0.12037353217601776 0.02004673331975937 0.05471302568912506 -0.08299507200717926 -0.037504203617572784 -0.10757752507925034 0.03807642683386803 -0.06999975442886353 -0.021456599235534668 -0.06405643373727798 -0.10208297520875931 -0.09544524550437927 -0.09459422528743744 0.04980338737368584 0.016463836655020714 -0.08404313027858734 0.014719647355377674 0.045667435973882675 -0.15646080672740936 -0.13879111409187317 0.06609827280044556 0.10231486707925797 -0.04196888580918312 0.11258349567651749 0.030498316511511803 0.17690055072307587 0.031513214111328125 0.10445401817560196 0.18058213591575623 -0.15415871143341064 -0.10060087591409683 0.0004851167614106089 -0.03795841336250305 -0.09861823171377182 0.04202805459499359 -0.004430166445672512 -0.12953875958919525 -0.004413182381540537 0.046930331736803055 -0.09262390434741974 -0.09020459651947021 0.09474466741085052 -0.11754479259252548 0.01810135878622532 0.10049933195114136 -0.053561676293611526 -0.1044297069311142 0.11405300348997116 0.049483370035886765 -0.07123106718063354 -0.06896283477544785 0.14592580497264862 0.13433876633644104 0.0341576412320137 -0.03320448473095894 -0.029932847246527672 0.1095149964094162 -0.0699266642332077 -0.04758749157190323 0.011308710090816021 -0.008890938013792038 0.08149481564760208 0.028583267703652382 0.055188268423080444 0.10574368387460709 0.04785214364528656 0.025370215997099876 0.052182551473379135 -0.039251651614904404 -0.0017681359313428402 0.12983611226081848 0.14313052594661713 -0.05246853828430176 -0.04048255831003189 -0.11753778904676437 0.021304521709680557 0.06073673442006111 0.022382071241736412 -0.017083708196878433 0.0815470963716507 0.075665682554245 0.05296437442302704 -0.1589890718460083 -0.08927908539772034 0.030143681913614273 0.07805127650499344 -0.026999615132808685 -0.054036740213632584 -0.019189050421118736 -0.03699495270848274 -0.16740618646144867 -0.2173302173614502 0.004068519454449415 0.03745206072926521 0.09767528623342514 0.14290577173233032 -0.10437222570180893 -0.010940753854811192 -0.1340390294790268 -0.18236790597438812 -0.11735475808382034 -0.0889367163181305 -0.026719482615590096 -0.11536688357591629 0.11022595316171646 -0.08927125483751297 0.050578728318214417 -0.09124058485031128 0.026749158278107643 0.06307172775268555 0.006994358263909817 0.12975870072841644 0.09504985809326172 0.1160987988114357 -0.08715314418077469 -0.09305848181247711 0.005343092605471611 -0.12194529920816422 0.10255230218172073 0.06604063510894775 -0.07816846668720245 0.058105695992708206 0.07541342824697495 -0.10109451413154602 -0.10859473794698715 -0.07611163705587387 -0.13320626318454742 0.023802421987056732 9.773665806278586e-05 -0.05106880143284798 -0.07618137449026108 0.1031339168548584 -0.08294297754764557 -0.10032421350479126 0.03117123432457447 -0.09503986686468124 0.06366276741027832 0.16216060519218445 0.12672197818756104 -0.05518629401922226 0.010803493671119213 0.09192127734422684 0.021438773721456528 -0.07804276049137115 0.07317069172859192 -0.07822449505329132 0.0003990329569205642 0.0959099754691124 0.08590546995401382 -0.02435421012341976 0.12212023138999939 0.1317126750946045 0.0320775993168354 0.09228229522705078 0.09096858650445938 0.045269716531038284 -0.16024897992610931 -0.1426781862974167 0.17786230146884918 -0.07051268219947815 -0.13502830266952515 -0.1784668266773224 -0.11278799921274185 -0.008383749052882195 -0.05352985858917236 0.0003743549750652164 -0.02317451313138008 -0.07974816858768463 -0.13814154267311096 0.07750901579856873 0.015573756769299507 0.1842179000377655 -0.014801944606006145 -0.09855791926383972 0.07076997309923172 -0.09512922912836075 0.0266155656427145 -0.02780856378376484 0.04116150364279747 0.050474803894758224 0.16572163999080658 0.05838904157280922 0.17604659497737885 0.10587389767169952 0.18109245598316193 -0.05045580863952637 0.06860480457544327 -0.03979523479938507 0.037146151065826416 -0.007554879877716303 0.09199776500463486 -0.08395963162183762 0.07196386158466339 -0.02532861940562725 -0.12805530428886414 0.07771104574203491 -0.05549772083759308 0.08568309992551804 0.03871734067797661 -0.013355853036046028 -0.11961154639720917 0.09355257451534271 -0.09641299396753311 0.1107383668422699 0.067825086414814 0.11122622340917587 0.17242425680160522 0.12989921867847443 0.012604480609297752 -0.021043336018919945 -0.09207141399383545 -0.07990267872810364 -0.049675945192575455 -0.02062128111720085 -0.062416061758995056 -0.10695978254079819 -0.019471298903226852 -0.04552100971341133 0.2158282846212387 -0.21166864037513733 0.11705968528985977 0.016672464087605476 -0.08995506167411804 -0.04754507169127464 -0.1276351511478424 0.02724931389093399 0.05091245844960213 0.08933514356613159 -0.02372928149998188 -0.003795154392719269 0.03447237238287926 0.05894775316119194 -0.05727566033601761 0.05104624480009079 0.03783557191491127 -0.008315818384289742 0.12689702212810516 0.18365903198719025 0.10804849863052368 -0.07246831804513931 0.05717753991484642 0.013806797564029694 0.0029788361862301826 0.06526518613100052 -0.023480473086237907 -0.042821865528821945 0.09261861443519592 -0.1203511506319046 0.09369659423828125 0.001813832321204245 0.10604580491781235 0.11657864600419998 -0.0427556075155735 -0.04080597311258316 -0.060886163264513016 -0.04898097366094589 0.10046380013227463 0.09353165328502655 -0.0013048176188021898 -0.013556664809584618 -0.060900796204805374 -0.028272442519664764 -0.013076076284050941 0.07649792730808258 0.015847401693463326 -0.08095832914113998 0.06009666994214058 -0.103779636323452 -0.07107096165418625 0.046860769391059875 -0.11897255480289459 -0.09152050316333771 -0.07043889164924622 -0.08264368772506714 -0.11484406143426895 0.05438349023461342 -0.10661526769399643 0.13736313581466675 -0.06524357944726944 0.06384320557117462 0.0020045898854732513 0.05937185138463974 0.15832491219043732 0.11366302520036697 -0.019435591995716095 0.11432719230651855 -0.07986113429069519 0.09739290922880173 0.005732938181608915 -0.009160591289401054 0.11861573904752731 0.11180440336465836 -0.042523276060819626 -0.019045405089855194 -0.08671018481254578 -0.024464556947350502 0.017435850575566292 -0.05763678625226021 -0.07153873145580292 0.06994375586509705 -0.13668660819530487 -0.06984230130910873 0.01665073074400425 0.10644802451133728 0.1299610584974289 0.10490943491458893 0.040693994611501694 -0.04656808450818062 -0.00738200219348073 0.02860005386173725 0.009400974027812481 0.15410491824150085 0.018287260085344315 0.10148435831069946 -0.12209424376487732 -0.04731401056051254 0.032423581928014755 -0.026833578944206238 -0.03611258044838905 0.04597187414765358 -0.061071258038282394 0.048014819622039795 -0.02650926075875759 -0.1390707790851593 0.01039026491343975 -0.02654331736266613 -0.11411790549755096 -0.14427712559700012 -0.1614978164434433 -0.0806460976600647 -0.07199251651763916 0.011153305880725384 0.11838885396718979 0.03838970512151718 -0.012408949434757233 -0.053586676716804504 0.055278122425079346 -0.0206396896392107 -0.04221812263131142 -0.13696332275867462 -0.08043599873781204 -0.015124461613595486 0.0008596238913014531 -0.006388521753251553 0.04068296402692795 -0.0366290882229805 -0.18859684467315674 0.037111151963472366 0.27557945251464844 -0.13931429386138916 0.09514456987380981 0.07358752191066742 0.05844937264919281 -0.014764117076992989 0.07526876032352448 0.11818842589855194 0.13625891506671906 -0.02339225262403488 -0.06230606511235237 -0.015815148130059242 0.11584910750389099 -0.01508902758359909 -0.06561429053544998 0.09359873831272125 0.07281343638896942 0.07590361684560776 -0.047883737832307816 0.027169330045580864 -0.08136090636253357 -0.006032533012330532 -0.023408981040120125 0.08532001823186874 -0.06578576564788818 0.046688321977853775 0.08150845021009445 0.0054600294679403305 -0.0064330799505114555 0.07281289249658585 -0.090025894343853 0.09156616032123566 0.016608094796538353 -0.12218271940946579 0.05508724972605705 -0.01957762986421585 -0.10968531668186188 -0.042549002915620804 0.08015769720077515 -0.02349288947880268 0.052615679800510406 -0.038524940609931946 0.042416155338287354 -0.006275922991335392 0.10269635915756226 -0.05365397781133652 -0.05649633705615997 0.027360472828149796 -0.10382361710071564 -0.04621044546365738 -0.04390880465507507 0.031174350529909134 0.03504520654678345 -0.06517050415277481 -0.024246132001280785 0.06723810732364655 -0.08942042291164398 -0.029994463548064232 0.019323332235217094 -0.05352127552032471 -0.12316133826971054 -0.0020866794511675835 -0.17248974740505219 -0.07076582312583923 0.06422748416662216 0.03261330723762512 0.045676760375499725 -0.019656259566545486 0.00536176236346364 -0.02654956839978695 -0.0506935678422451 0.01621493324637413 -0.03982925042510033 -0.07296665757894516 -0.029529768973588943 -0.11132650822401047 0.025234606117010117 -0.004960054997354746 0.056982431560754776 0.1628883332014084 0.04024370387196541 0.01702689938247204 0.06806472688913345 0.15262214839458466 0.00123241962864995 -0.08159001916646957 0.03508991003036499 -0.05595211312174797 -0.05292344465851784 0.0846867635846138 -0.05041724443435669 -0.09543143957853317 0.10969327390193939 -0.07417166233062744 0.020892569795250893 0.08745279163122177 -0.013702495023608208 0.07091749459505081 0.10347281396389008 0.10277099907398224 -0.11779243499040604 -0.026089221239089966 0.03350432217121124 -0.1033870130777359 0.04634838551282883 -0.027458399534225464 -0.09946709871292114 -0.12785932421684265 -0.06942988932132721 -0.11695191264152527 -0.05897366628050804 0.020725799724459648 -0.07197995483875275 -0.055779580026865005 0.08183847367763519 -0.10213427990674973 0.0030108557548373938 0.13559675216674805 -0.03129327669739723 0.09961647540330887 -0.05245045945048332 -0.01932295598089695 0.13845860958099365 0.033652205020189285 0.16622282564640045 0.002746126614511013 -0.0039427257142961025 0.18544785678386688 0.1262461245059967 0.0015541253378614783 0.03299614042043686 0.10239109396934509 0.07729387283325195 0.13601095974445343 0.17202776670455933 0.03940233215689659 0.07543103396892548 -0.009251056239008904 -0.02299000695347786 -0.08911525458097458 -0.029603954404592514 0.0425240658223629 0.03822961077094078 -0.09835167229175568 0.0862143412232399 0.02262111008167267 -0.12738870084285736 0.11972786486148834 -0.08664737641811371 -0.03374459594488144 -0.0979776382446289 -0.0913010686635971 0.07462626695632935 0.031450554728507996 0.011991295032203197 -0.07523669302463531 -0.12860442698001862 -0.005727467127144337 0.05818399414420128 0.033106401562690735 0.03549233451485634 0.08623262494802475 -0.08261775225400925 -0.07612775266170502 -0.14584264159202576 -0.06871125102043152 -0.02263977937400341 0.03048495016992092 -0.011713454499840736 -0.06615126132965088 0.02471843920648098 0.05919431149959564 0.05843224376440048 -0.033034879714250565 -0.12048396468162537 0.081510528922081 0.06609160453081131 0.11682124435901642 -0.011901827529072762 -0.014357391744852066 -0.030712613835930824 -0.006489069201052189 -0.024535633623600006 0.1108001247048378 0.09602039307355881 -0.051707129925489426 0.006929360330104828 -0.02533203922212124 0.14191608130931854 -0.019100947305560112 0.03236708045005798 -0.2604791224002838 0.16068531572818756 -0.05946606397628784 -0.11307027190923691 0.03088291548192501 -0.02943795546889305 -0.1563495248556137 -0.09242526441812515 -0.08868909627199173 -0.023431995883584023 -0.1189182847738266 0.019213277846574783 -0.0242336243391037 0.049833718687295914 0.005113477353006601 -0.047904692590236664 0.14560756087303162 0.02946612797677517 0.17527206242084503 -0.021110229194164276 0.010412861593067646 -0.012615073472261429 -0.05077913776040077 0.11797583848237991 0.10077360272407532 0.10720928013324738 -0.04536082223057747 -0.028413955122232437 0.04452257975935936 -0.09587967395782471 -0.09419865906238556 0.00880251545459032 0.054403822869062424 0.11109873652458191 0.04839269444346428 0.12104003876447678 0.0850958451628685 0.07777947932481766 -0.0993860587477684 -0.01189111452549696 -0.07364163547754288 0.06204542890191078 0.0371665433049202 0.1020606979727745 0.07470870763063431 -0.0756349042057991 0.07315415889024734 -0.06407187879085541 0.11987269669771194 0.00370244518853724 -0.0266711562871933 -0.04027395695447922 0.06164298206567764 -0.05703984573483467 -0.07212008535861969 -0.03580541908740997 0.040394943207502365 -0.020440969616174698 0.055309589952230453 -0.181207537651062 -0.005313532892614603 0.04840967431664467 -0.08955560624599457 0.008336137980222702 0.1792171597480774 -0.07725273072719574 0.034912317991256714 0.04556848853826523 0.09319200366735458 0.12905088067054749 -0.03432208672165871 -0.05469847097992897 -0.021855276077985764 -0.10095574706792831 -0.03260831534862518 -0.010751329362392426 -0.019719967618584633 0.01491917110979557 -0.023241065442562103 -0.09432870149612427 -0.10032739490270615 0.04046465456485748 0.022262798622250557 0.03978333994746208 0.07261882722377777 0.04530862346291542 -0.05998557060956955 -0.07936199754476547 0.0652221143245697 0.07434190809726715 -0.030026018619537354 0.0010211218614131212 -0.13838554918766022 0.004417003132402897 -0.0277300626039505 0.10805153101682663 -0.07029175013303757 -0.07623253017663956 -0.09571313112974167 -0.04772147908806801 0.017956381663680077 -0.0558382123708725 0.0518324077129364 0.0030048866756260395 0.0733603835105896 0.06937405467033386 -0.08636464923620224 -0.034492384642362595 0.06314153224229813 0.030178608372807503 0.12201488763093948 0.08981972932815552 0.12153790146112442 0.16673485934734344 0.17116379737854004 0.13571232557296753 0.11775209754705429 -0.08160378783941269 -0.03810246288776398 0.1645454317331314 -0.026615126058459282 -0.02359076403081417 -0.021810520440340042 0.08803139626979828 0.023134328424930573 0.04885879158973694 -0.0723784789443016 -0.261452853679657 0.07777620851993561 0.21605698764324188 0.20476409792900085 0.05218011513352394 0.04698298126459122 0.09788451343774796 0.12347383052110672 0.16971144080162048 -0.04578522965312004 -0.06860725581645966 0.06083310395479202 0.027571287006139755 0.1163787990808487 0.11593194305896759 -0.1039176657795906 -0.03273742273449898 -0.08096978813409805 0.07053299248218536 -0.08981543034315109 -0.0730743482708931 0.09903043508529663 -0.04514889419078827 -0.09155184775590897 0.06891291588544846 -0.00760580925270915 -0.12537512183189392 0.12649932503700256 0.09449981153011322 0.113204725086689 -0.08302661776542664 0.0320458710193634 0.14051201939582825 -0.04353730008006096 0.08391009271144867 0.11350643634796143 -0.028868215158581734 -0.04967828467488289 0.06541420519351959 -0.026444755494594574 0.016222268342971802 -0.03329414874315262 -0.06937628239393234 0.0500129833817482 0.05770666524767876 -0.008636091835796833 0.04250745475292206 -0.03135073930025101 0.08701451867818832 0.04053686186671257 0.012744948267936707 -0.07069869339466095 0.01437401119619608 -0.02729327231645584 0.08213239908218384 -0.08226040005683899 -0.050248075276613235 -0.16334301233291626 -0.12654438614845276 -0.14475907385349274 0.013113136403262615 -0.08918700367212296 0.10547704249620438 0.11351702362298965 0.03681577369570732 0.04319702833890915 -0.09367973357439041 -0.06089211255311966 -0.17169350385665894 -0.09740395098924637 -0.009621035307645798 -0.13437838852405548 -0.10438975691795349 0.03930410370230675 0.0817975103855133 0.09816288948059082 -0.05464223772287369 -0.06706510484218597 -0.040179457515478134 0.026578424498438835 0.06351356953382492 -0.06819681078195572 -0.07092151790857315 0.029172653332352638 0.005798031110316515 0.12081669270992279 0.061170756816864014 0.02514980360865593 -0.06651747971773148 -0.09579192847013474 -0.09155137836933136 0.03486092388629913 0.10182031244039536 -0.03139172121882439 -0.04051894322037697 -0.019810868427157402 -0.03812021017074585 -0.0035634671803563833 -0.015681428834795952 -0.07707954198122025 0.05018715187907219 0.09499505907297134 -0.013596216216683388 0.09619976580142975 -0.032257068902254105 0.042404234409332275 0.08542340248823166 0.08868179470300674 -0.046180106699466705 0.010188396088778973 0.11814646422863007 0.13167063891887665 -0.03162506967782974 0.08563525974750519 -0.036610666662454605 -0.07149769365787506 -0.07162065804004669 -0.015819650143384933 0.07761700451374054 0.03548622131347656 0.0748489499092102 -0.029340624809265137 0.11409024894237518 0.05801522731781006 -0.09407893568277359 -0.07743639498949051 -0.06011119484901428 -0.15299655497074127 -0.04643203690648079 -0.12189357727766037 0.09000219404697418 -0.05753407999873161 0.17805196344852448 0.02198704332113266 0.039929747581481934 -0.035168543457984924 -0.09545765072107315 -0.03646733984351158 0.028424013406038284 0.04843361675739288 -0.0240696482360363 0.04839878901839256 -0.11434487253427505 -0.05731629207730293 -0.09941109269857407 -0.15008024871349335 -0.03932500258088112 -0.0011306983651593328 0.037559691816568375 0.028766069561243057 0.12761080265045166 -0.03311805799603462 0.14546114206314087 -0.04918157681822777 0.059515152126550674 -0.08299171179533005 0.030080432072281837 -0.08829798549413681 0.043253395706415176 0.05114297941327095 0.0561685711145401 0.015703324228525162 0.12087507545948029 -0.08968589454889297 0.004935361444950104 -0.007755640894174576 -0.06031402572989464 0.08201673626899719 0.008384197019040585 0.06975311040878296 -0.01532874908298254 -0.13120515644550323 0.056033823639154434 -0.031978096812963486 -0.09928575158119202 -0.07654284685850143 0.14287889003753662 0.0708448588848114 0.1316022127866745 -0.05760745704174042 0.0486859567463398 0.014221847988665104 0.06342897564172745 -0.0899195745587349 -0.014137089252471924 -0.0019749582279473543 -0.07960879802703857 0.08221566677093506 -0.0864303782582283 -0.11242689192295074 -0.1392994076013565 0.11045526713132858 -0.09161001443862915 -0.04632123187184334 0.024336399510502815 -0.21980597078800201 -0.09146444499492645 0.017411349341273308 -0.08617585897445679 -0.06925495713949203 0.12607207894325256 0.05758139118552208 -0.13427062332630157 -0.010814983397722244 -0.014056714251637459 -0.0021098547149449587 -0.05542901158332825 -0.06370828300714493 0.1377606987953186 0.04776090383529663 0.09144577383995056 0.07072097063064575 0.10885927826166153 -0.026526276022195816 0.05776122584939003 -0.02076100744307041 -0.06757525354623795 0.02251831255853176 0.11021556705236435 -0.03519890829920769 0.04701339080929756 -0.009727207012474537 -0.003584848949685693 -0.12129095196723938 -0.0008579285349696875 -0.10776392370462418 0.06286932528018951 0.000509612902533263 0.025850480422377586 0.08225719630718231 0.02983344905078411 0.08896002173423767 -0.0444384440779686 -0.0953514352440834 0.04602602869272232 -0.03826494142413139 -0.09986802190542221 0.07579925656318665 -0.03354068472981453 -0.07213687151670456 0.054371658712625504 0.08425749838352203 0.07666292786598206 -0.07476425915956497 0.07727576047182083 0.08513490855693817 -0.02843642793595791 0.02092643268406391 -0.02832518145442009 0.0616237074136734 0.0025777348782867193 -0.05886572599411011 -0.11518668383359909 0.09135076403617859 -0.009550996124744415 -0.15699996054172516 -0.0367903858423233 0.0488969124853611 0.046366963535547256 0.04527284950017929 0.07910989969968796 -0.032040394842624664 -0.02071741595864296 -0.03205510601401329 0.1483343541622162 0.12103663384914398 -0.06896252185106277 0.0325455367565155 0.05151960253715515 -0.06952472031116486 -0.04207012057304382 -0.110655777156353 -0.022242717444896698 0.05992748960852623 0.0034197750501334667 -0.10183697193861008 0.010707244277000427 0.10787363350391388 0.05004905164241791 -0.11453831940889359 -0.11077327281236649 0.019711848348379135 0.07667366415262222 -0.07557112723588943 0.10773202031850815 0.09485352784395218 -0.12004318833351135 0.08789685368537903 -0.005615229718387127 0.08275552839040756 0.0947541669011116 -0.0870322585105896 -0.018792686983942986 0.025320978835225105 0.1361137330532074 0.034870948642492294 0.03146592527627945 -0.09562215954065323 0.019670968875288963 -0.0075132111087441444 -0.04758578538894653 -0.08290044218301773 -0.11588236689567566 -0.13777317106723785 0.03574376180768013 0.029246075078845024 0.08989968150854111 -0.10598263889551163 0.06096493825316429 -0.10038737952709198 0.0019352593226358294 0.05946876108646393 -0.06896623224020004 0.037274934351444244 -0.049634892493486404 -0.021930690854787827 -0.10547912865877151 0.08863040059804916 0.03161151707172394 -0.0024856843519955873 0.011291176080703735 -0.15877285599708557 0.11781812459230423 0.08740394562482834 -0.09788230061531067 -0.057591408491134644 -0.10344892740249634 0.004781694151461124 -0.07676349580287933 0.026409771293401718 -0.015108352527022362 -0.10131938755512238 -0.0035382818896323442 0.025852512568235397 0.017617180943489075 -0.0649355947971344 -0.041433047503232956 0.007840835489332676 0.04749886691570282 0.06613191962242126 0.06751307100057602 -0.0745089054107666 -0.0735858827829361 -0.0990636870265007 -0.052990082651376724 -0.08631601929664612 -0.01049843616783619 0.1013227328658104 0.10396633297204971 -0.06870687007904053 0.09909895807504654 0.028049681335687637 -0.048899270594120026 0.02453448623418808 0.03436851128935814 0.04918263852596283 -0.14689423143863678 -0.10407901555299759 0.10385431349277496 -0.01454404927790165 0.050029207020998 -0.05368170887231827 -0.0582871288061142 -0.03832753375172615 -0.008827926591038704 0.0033680421765893698 -0.10929356515407562 -0.04560781642794609 -0.06612497568130493 0.05888622999191284 -0.08429329842329025 -0.025177843868732452 0.08846863359212875 0.02133563905954361 0.0021005438175052404 -0.07442063838243484 -0.025881774723529816 0.020674336701631546 0.04163869842886925 -0.017762834206223488 0.010736715979874134 -0.016933538019657135 -0.06572864204645157 0.09285515546798706 -0.02790139615535736 0.06524187326431274 0.00820111483335495 -0.030463486909866333 -0.0811837762594223 -0.032255686819553375 0.1614403873682022 -0.07549377530813217 0.18734166026115417 0.04282425343990326 0.05610966309905052 0.1144285723567009 -0.09185466170310974 0.03369045630097389 -0.09205195307731628 0.05554042384028435 -0.09985942393541336 0.04630507528781891 -0.09704118221998215 -0.008378067053854465 -0.07135329395532608 -0.10862135142087936 0.11843141913414001 0.01728193089365959 0.015765320509672165 0.020501330494880676 -0.03398345038294792 -0.05780727416276932 0.06722285598516464 0.12455467134714127 -0.08642266690731049 -0.010673301294445992 -0.012161810882389545 0.0944579467177391 0.0912107452750206 0.08812852948904037 -0.03395666927099228 0.015452601946890354 0.12514561414718628 0.0317244790494442 -0.09702416509389877 -0.017163507640361786 0.06702983379364014 0.02394888363778591 0.15051981806755066 0.08667998015880585 -0.00844002328813076 -0.12059210985898972 -0.07512754201889038 -0.11760378628969193 -0.00959649495780468 0.01571529172360897 -0.023899899795651436 -0.08417630940675735 -0.056426625698804855 -0.021025054156780243 0.08310443162918091 0.04433530569076538 -0.0025477188173681498 -0.0497005358338356 -0.12420748174190521 -0.09217198193073273 -0.05662574991583824 -0.03194693103432655 -0.1396230310201645 -0.19571621716022491 0.07025986909866333 -0.2171882539987564 -0.17015576362609863 0.024964984506368637 0.010543664917349815 0.06877332180738449 0.008220896124839783 -0.09095689654350281 -0.030069293454289436 -0.1243603378534317 0.0618855245411396 0.022537674754858017 0.0515623576939106 -0.051950111985206604 0.003170817159116268 0.0037319334223866463 -0.11524353921413422 -0.04359536990523338 0.08576533943414688 0.005982674658298492 0.16405826807022095 0.07458292692899704 -0.030358675867319107 -0.04537142068147659 0.0789668932557106 -0.07689434289932251 -0.012731743045151234 0.07394970953464508 0.12325725704431534 -0.09289485216140747 0.15200816094875336 0.11514563113451004 0.022900447249412537 0.014734546653926373 0.014839185401797295 0.042321596294641495 0.06739092618227005 -0.014209906570613384 0.03239012882113457 -0.014262614771723747 -0.003157678060233593 0.021987583488225937 -0.01643146015703678 -0.0028676099609583616 0.12030750513076782 0.009419862180948257 0.004183329641819 0.031941935420036316 0.08662154525518417 0.0934099331498146 -0.06137944385409355 -0.11645777523517609 -0.012463641352951527 -0.02655971422791481 0.061806946992874146 -0.14422917366027832 -0.05679231137037277 0.09825731813907623 0.001337758032605052 -0.01342336181551218 0.10071933269500732 0.045054592192173004 -0.0997224748134613 -0.06419768184423447 -0.18609577417373657 -0.0018845557933673263 0.08752607554197311 -0.046429701149463654 -0.16920624673366547 -0.10620244592428207 0.1001153439283371 0.011323977261781693 0.165148064494133 0.1306830644607544 0.1382685899734497 0.1556732952594757 0.14283297955989838 -0.054569583386182785 0.15610471367835999 -0.08850615471601486 0.09083721041679382 0.09464182704687119 -0.14330850541591644 -0.06205608695745468 -0.1164645403623581 -0.05431092903017998 -0.018934661522507668 -0.08035961538553238 -0.028872746974229813 -0.051046691834926605 -0.057642120867967606 0.025024600327014923 -0.028386155143380165 -0.06584388762712479 -0.1476549208164215 -0.07212886214256287 0.11740119010210037 0.07771915942430496 -0.12958884239196777 -0.07958665490150452 -0.172339528799057 0.018847357481718063 0.004325884860008955 -0.05694372579455376 -0.07518776506185532 -0.08272524923086166 -0.07949503511190414 0.07717850804328918 -0.072181336581707 -0.02336677722632885 0.066832035779953 0.07364869862794876 -0.0997961089015007 -0.039570339024066925 0.02607991360127926 -0.02781311236321926 0.007064250763505697 0.09326096624135971 -0.11754593253135681 0.03340310603380203 -0.030211808159947395 0.02340020053088665 0.06656176596879959 0.01324274018406868 -0.0040331329219043255 0.2075546532869339 0.010208780877292156 0.12089135497808456 0.039444953203201294 -0.09122626483440399 -0.0035083915572613478 0.15092693269252777 -0.02742660604417324 0.1312551200389862 -0.044977396726608276 0.010439950041472912 0.07333752512931824 -0.05840923264622688 -0.10087306797504425 0.03015303611755371 -0.14028838276863098 0.08070246130228043 -0.05840267241001129 -0.07957854121923447 0.030209161341190338 -0.15144498646259308 0.07001172006130219 0.01805601641535759 0.0837840586900711 0.08115795254707336 0.10528630763292313 0.10159455239772797 0.07397249341011047 0.1302281767129898 0.01816854253411293 -0.035424306988716125 -0.04296780377626419 -0.0037623413372784853 0.02456573210656643 0.059890132397413254 -0.12709733843803406 -0.11526400595903397 0.09006185829639435 -0.044464483857154846 0.01540117897093296 0.11051623523235321 -0.04361285641789436 0.09579790383577347 0.025256261229515076 0.05403600260615349 0.07954149693250656 0.12201962620019913 0.1144605353474617 -0.06665465235710144 -0.04864797741174698 -0.11805515736341476 0.044399283826351166 -0.0859258621931076 0.016218438744544983 -0.041764408349990845 -0.0734909325838089 0.030653778463602066 -0.025444256141781807 0.13121336698532104 -0.10325440764427185 0.019620297476649284 0.05332157388329506 0.10147570818662643 0.022570760920643806 -0.1607939451932907 0.03552737087011337 -0.13908962905406952 -0.12584315240383148 0.13323140144348145 0.005981029476970434 0.2420559674501419 0.13791592419147491 0.06384807825088501 -0.07158254086971283 -0.060554321855306625 0.10229133069515228 -0.056048762053251266 -0.01515458058565855 0.12184639275074005 -0.06415479630231857 -0.025548474863171577 -0.054949305951595306 0.043483585119247437 0.13737106323242188 0.030829593539237976 -0.04892805591225624 -0.08852909505367279 -0.08636850863695145 -0.009412703104317188 -0.02870076149702072 0.019311709329485893 0.025215977802872658 -0.09113797545433044 -0.02692391537129879 0.017149990424513817 -0.13552525639533997 -0.028246350586414337 0.0006164632504805923 -0.011004977859556675 0.07723016291856766 -0.020356038585305214 -0.002085228217765689 0.027625497430562973 -0.1345682591199875 -0.02648080885410309 -0.09967757016420364 -0.12121234834194183 0.00862337276339531 -0.004290928598493338 0.0064835334196686745 -0.1004868596792221 0.01763155497610569 0.02565978653728962 0.08038109540939331 0.0656597688794136 0.07183273881673813 0.007916069589555264 0.00719403475522995 -0.09275711327791214 0.0772937536239624 -0.08023130148649216 0.08453349024057388 0.022951506078243256 -0.02090499736368656 0.06223412975668907 -0.008314721286296844 0.09292653948068619 0.07704290747642517 -0.04456248879432678 0.1823757290840149 -0.08920210599899292 0.09262668341398239 0.017610132694244385 -0.10559172183275223 0.026168372482061386 0.15083138644695282 0.03574003651738167 0.06256982684135437 -0.018118977546691895 0.04050285741686821 0.09206204861402512 0.08049778640270233 0.1337699592113495 -0.13076159358024597 -0.00347699411213398 -0.09014926850795746 -0.01505009550601244 -0.017518628388643265 -0.035216495394706726 -0.053081873804330826 -0.12035508453845978 0.1451527178287506 0.024682043120265007 -0.09543730318546295 0.07414788752794266 0.034316226840019226 0.17531196773052216 0.09027073532342911 0.08851546049118042 0.07838166505098343 -0.12205725163221359 0.06377705186605453 -0.039837177842855453 -0.0939747765660286 0.057022809982299805 0.05939648672938347 0.11548029631376266 -0.0695367380976677 -0.07157605141401291 0.05605875328183174 0.08178384602069855 0.11531123518943787 -0.04387851431965828 -0.07145657390356064 0.07374697923660278 -0.07114681601524353 -0.07493838667869568 -0.07226158678531647 0.0037292740307748318 -0.015512590296566486 -0.06623069941997528 -0.09931635856628418 0.04445880651473999 -0.14635850489139557 -0.10278332978487015 -0.08941465616226196 -0.01980963721871376 0.011473321355879307 0.025051739066839218 -0.15251339972019196 -0.09455075860023499 0.004010203294456005 -0.0402027852833271 -0.05786451697349548 -0.14423073828220367 -0.017075560986995697 -0.10780510306358337 -0.09168683737516403 -0.15387308597564697 -0.09648143500089645 -0.08510711789131165 0.05602579936385155 0.04265139251947403 0.12190224230289459 0.10686328262090683 -0.09852413088083267 -0.01667594537138939 0.06195210665464401 -0.005163408815860748 0.09327934682369232 -0.11564740538597107 -0.04344397410750389 -0.0652872696518898 -0.052046310156583786 -0.01993652619421482 0.07115427404642105 0.06834285706281662 -0.12171445041894913 -0.08049936592578888 -0.10371261835098267 -0.1237683966755867 -0.12918147444725037 -0.06498182564973831 0.030569439753890038 -0.11372003704309464 -0.11935088038444519 -0.022071797400712967 0.1360807865858078 -0.014225499704480171 -0.06051607429981232 -0.07228074967861176 -0.08150477707386017 -0.01951250247657299 0.014465940184891224 -0.06926405429840088 0.07637358456850052 -0.05744055286049843 -0.05939621478319168 0.11588844656944275 -0.04319656640291214 0.045740604400634766 0.12152021378278732 0.06450828909873962 -0.04034452512860298 0.08687493205070496 0.10584300756454468 0.09195660799741745 0.11754186451435089 0.17106124758720398 0.14382979273796082 -0.008536151610314846 0.026624850928783417 0.13075704872608185 0.08895061910152435 0.13677912950515747 0.04189809411764145 -0.0738685354590416 -0.09105218946933746 -0.010622596368193626 0.10952494293451309 -0.39146777987480164 -0.15288369357585907 -0.07530918717384338 -0.04993075504899025 -0.05945456773042679 -0.03025934100151062 0.07301389425992966 0.022972069680690765 0.016747327521443367 0.08507188409566879 0.08048932254314423 0.031554050743579865 0.013712438754737377 0.050677694380283356 -0.044488079845905304 0.12016993761062622 -0.02259494923055172 -0.022460002452135086 -0.05963330715894699 0.01906709186732769 0.13771723210811615 0.11941525340080261 -0.03874830901622772 0.07424957305192947 0.08934877067804337 0.1721639782190323 0.10725734382867813 -0.04898424446582794 -0.06278716772794724 -0.021013326942920685 0.08842962235212326 0.08454594761133194 0.010414807125926018 -0.09347372502088547 -0.10950226336717606 0.029524436220526695 0.017708105966448784 -0.1376209408044815 -0.1284184455871582 -0.12308884412050247 -0.07116284221410751 -0.06179346889257431 -0.0650293380022049 -0.0504596009850502 0.03775491192936897 0.08537082374095917 0.004546727519482374 0.0760277509689331 0.1859998106956482 0.11066726595163345 -0.044082045555114746 0.01930510811507702 0.11936316639184952 -0.03232303634285927 0.07340691983699799 -0.006990325637161732 0.15540862083435059 -0.05105021968483925 -0.08399907499551773 0.01840275153517723 0.045195985585451126 0.04124240204691887 -0.15960945188999176 0.04119434952735901 -0.17603756487369537 0.026964569464325905 -0.11579594016075134 -0.054379019886255264 -0.18743139505386353 -0.08999990671873093 0.09705526381731033 -0.07947264611721039 -0.058432143181562424 -0.009263993240892887 0.13300658762454987 0.138224795460701 -0.006656713783740997 -0.06516815721988678 -0.11891741305589676 0.02780546247959137 -0.09178251773118973 -0.08051187545061111 -0.022506479173898697 -0.08551149070262909 -0.09806448966264725 0.1142156571149826 0.03206198662519455 0.09119138866662979 0.12139724940061569 -0.09542175382375717 -0.0624648779630661 -0.014660398475825787 -0.08454924076795578 0.010004591196775436 0.04916292056441307 -0.1208038181066513 0.017314812168478966 -0.03732411190867424 -0.1257331222295761 -0.09341050684452057 -0.05579575523734093 -0.07106301933526993 -0.025570355355739594 -0.0921311005949974 -0.13482514023780823 -0.019605258479714394 0.03759262338280678 0.07701846212148666 -0.09264256060123444 0.046806760132312775 0.06757940351963043 0.016589535400271416 0.11198882013559341 -0.0358392558991909 0.02023526467382908 -0.05551037937402725 0.04945090785622597 -0.03236023336648941 0.09065801650285721 -0.06966320425271988 0.08797791600227356 -0.03458976373076439 0.08053978532552719 -0.11697828769683838 0.00397886335849762 0.08180177956819534 0.14494924247264862 0.05440148338675499 0.0037110005505383015 -0.17871423065662384 -0.01227590162307024 0.09583836048841476 0.024289952591061592 0.011782188899815083 -0.031619347631931305 0.09617142379283905 -0.03559856489300728 0.025285236537456512 -0.07770375162363052 -0.11008279770612717 -0.030642133206129074 0.09357711672782898 0.01813732460141182 0.08293259888887405 0.03986022248864174 0.03198868781328201 0.05192961543798447 -0.02630424126982689 0.02135489135980606 -0.007700258865952492 0.08758647739887238 0.03625475615262985 0.028324387967586517 -0.02914200909435749 -0.031807657331228256 -0.05808049812912941 0.0901465117931366 0.12841102480888367 -0.022904381155967712 -0.07297831773757935 0.05173690617084503 0.1411484032869339 -0.007488809991627932 -0.07083767652511597 0.028587814420461655 -0.032753489911556244 -0.04709115996956825 0.09316136687994003 0.0064734481275081635 0.1026236042380333 0.08229576796293259 -0.06156764179468155 0.09938983619213104 -0.019182760268449783 -0.05358058959245682 0.07075359672307968 0.06990448385477066 0.021306149661540985 -0.06191772595047951 -0.09974339604377747 0.09276376664638519 -0.13973861932754517 -0.1534261405467987 -0.0866059809923172 -0.12055239826440811 -0.16097614169120789 -0.07017844170331955 -0.14756004512310028 -0.1426556259393692 -0.19320343434810638 0.08114489912986755 0.02464650385081768 -0.10155116021633148 0.10971283912658691 0.02696041204035282 0.00955523457378149 -0.03240271285176277 0.04805115982890129 0.10558751225471497 0.10664016008377075 -0.08541793376207352 0.0303971990942955 0.12128373980522156 0.018801698461174965 -0.03807998448610306 0.0758894830942154 -0.051523491740226746 -0.0908583328127861 -0.04164179414510727 -0.056605834513902664 0.011263029649853706 -0.04305576905608177 -0.06235284358263016 0.05763734504580498 -0.025739384815096855 -0.124335877597332 0.05494419485330582 0.0848599523305893 0.029139935970306396 0.0638163611292839 -0.11313795298337936 0.05776597931981087 -0.05502974987030029 -0.04545743018388748 -0.11130644381046295 -0.0017786528915166855 -0.014721719548106194 -0.016740435734391212 -0.08331766724586487 0.06174090877175331 -0.05215192213654518 -0.01687256060540676 -0.06518454104661942 0.03474372252821922 -0.09305903315544128 0.08439109474420547 0.059706199914216995 -0.061680279672145844 0.04161534085869789 -0.020605873316526413 -0.0005271649570204318 0.08560306578874588 -0.05198917165398598 -0.03686147555708885 0.07483076304197311 -0.0408715158700943 -0.11668683588504791 -0.09319563955068588 -0.020191391929984093 -0.12715014815330505 0.058756645768880844 -0.037095922976732254 0.2067822366952896 0.21275579929351807 0.08592194318771362 -0.06167704239487648 0.1491343080997467 0.09325000643730164 -0.05839993804693222 0.05500166863203049 -0.0030619059689342976 0.044310566037893295 -0.07968423515558243 0.06061381846666336 -0.13769888877868652 -0.02989056333899498 -0.03816289082169533 0.029914969578385353 0.04236689954996109 0.1412813812494278 -0.11594408005475998 0.1262851506471634 0.13653869926929474 0.11782342195510864 -0.06614112108945847 -0.02899276837706566 0.028724156320095062 -0.12175315618515015 -0.08715241402387619 -0.11306356638669968 0.037024322897195816 0.02584650367498398 -0.04855296015739441 -0.046313297003507614 -0.026691313832998276 0.1494632065296173 0.10230474919080734 0.09667021036148071 0.1314210146665573 -0.025321945548057556 0.07692135125398636 0.0043144673109054565 -0.005495451856404543 0.017061926424503326 -0.03512536734342575 0.059340912848711014 0.042612142860889435 -0.0730612650513649 0.10826307535171509 0.1007344126701355 0.002915591700002551 0.008945601060986519 -0.08399441093206406 -0.07568687945604324 0.004937947262078524 0.048511192202568054 0.10501785576343536 0.13660399615764618 0.07317811995744705 0.09432020038366318 0.008158176206052303 -0.05678572878241539 0.04828951507806778 -0.015254566445946693 -0.07970510423183441 -0.061928071081638336 -0.1890447735786438 -0.08763159811496735 0.0677374005317688 0.06222919747233391 0.026192136108875275 0.0020188672933727503 -0.02089175209403038 0.17334677278995514 0.06483906507492065 -0.15041252970695496 -0.0037086340598762035 -0.12436065822839737 -0.14207877218723297 -0.0008288436220027506 -0.038491390645504 0.02566426433622837 0.028139550238847733 0.028434908017516136 -0.09639152884483337 0.10016109049320221 0.12265468388795853 -0.021792622283101082 0.09628426283597946 -0.10662567615509033 0.163258358836174 0.08624232560396194 0.08303571492433548 0.09035705029964447 -0.05152164027094841 -0.020223580300807953 -0.03573233634233475 0.1666560024023056 0.1517946869134903 -0.013120045885443687 -0.058959152549505234 0.03751922398805618 -0.07249383628368378 -0.07806288450956345 -0.14585086703300476 -0.0639936774969101 -0.06078237295150757 -0.06897291541099548 -0.03004874475300312 3.2766693038865924e-06 0.07959391921758652 0.07629527151584625 0.16016417741775513 -0.07158185541629791 -0.06784031540155411 0.036193110048770905 0.09013568609952927 0.04305139556527138 -0.0978289470076561 -0.09075850248336792 0.07185860723257065 -0.006055514793843031 -0.11770719289779663 -0.07723216712474823 -0.04318609461188316 -0.09337738901376724 0.10977615416049957 -0.03087497316300869 0.1386050432920456 0.12801267206668854 0.12110927700996399 0.015077426098287106 -0.14855006337165833 -0.09394250065088272 0.04571427404880524 0.1389540433883667 0.13525907695293427 0.016743436455726624 -0.06960123777389526 -0.030227970331907272 -0.017325663939118385 0.161603182554245 0.02744409814476967 0.17274558544158936 0.04624220356345177 0.12376559525728226 0.10119229555130005 0.10262537747621536 0.13621680438518524 0.12314607203006744 0.0836348608136177 0.004301946144551039 -0.04880153015255928 -0.03737259283661842 0.008767389692366123 -0.09093368053436279 0.057851485908031464 -0.04761877283453941 -0.0013929670676589012 -0.10072721540927887 -0.12651494145393372 -0.12443932890892029 0.06108617037534714 0.10607072710990906 -0.03564106673002243 -0.11991243064403534 -0.12681718170642853 -0.13806676864624023 -0.09157063812017441 -0.08475473523139954 -0.05575824901461601 -0.030859777703881264 -0.06702137738466263 -0.058180585503578186 -0.07521970570087433 -0.03679022192955017 -0.10469403117895126 0.048426851630210876 -0.08982272446155548 -0.0033687041141092777 -0.06264246255159378 -0.06694819033145905 0.11897429078817368 -0.08655437082052231 0.11010555177927017 0.0032413750886917114 0.13022644817829132 -0.08356432616710663 0.01648344099521637 -0.029055703431367874 -0.07950838655233383 -0.0848216786980629 0.10637317597866058 0.06757987290620804 -0.09930448979139328 -0.09919997304677963 -0.09814523160457611 -0.027868764474987984 0.03440742939710617 -0.07213816791772842 -0.04935433343052864 0.03510262444615364 -0.022903619334101677 -6.322882836684585e-05 -0.0942901223897934 -0.04876144230365753 -0.05613662302494049 -0.057058338075876236 -0.09764517843723297 0.05217588692903519 0.021149367094039917 0.008497726172208786 0.0007385727949440479 0.14004234969615936 0.11085572838783264 0.008854535408318043 -0.07461430132389069 0.07447339594364166 -0.017643272876739502 -0.043350011110305786 0.008743109181523323 -0.04967118427157402 -0.08570148795843124 0.06628024578094482 -0.03005780093371868 -0.06986723840236664 -0.08388224244117737 -0.14716172218322754 0.07114888727664948 -0.03129098191857338 0.03016488067805767 0.02905464731156826 0.0909895971417427 -0.01663263887166977 0.046219781041145325 0.08940045535564423 0.07233449816703796 -0.06351057440042496 -0.054582513868808746 0.06308045238256454 -0.035244010388851166 -0.05160251632332802 -0.01784173958003521 0.009797479957342148 -0.14203718304634094 0.08134389668703079 -0.06154966354370117 0.13969136774539948 -0.02621295116841793 -0.06813880056142807 0.11313590407371521 0.06351562589406967 -0.07532617449760437 0.12413109838962555 0.06926599144935608 -0.05564985051751137 0.08544085174798965 0.09317169338464737 -0.10399812459945679 0.017439544200897217 -0.14979048073291779 0.13571050763130188 -0.04926624521613121 -0.2467605620622635 -0.20859940350055695 -0.09725076705217361 -0.17195266485214233 -0.06322717666625977 -0.11969870328903198 -0.06089476868510246 -0.06062474101781845 -0.06679598242044449 -0.05007157474756241 0.16551893949508667 -0.060838308185338974 -0.08043508231639862 0.0646965429186821 -0.03533642366528511 -0.030013801530003548 -0.020612604916095734 -0.06310705095529556 -0.04729347676038742 -0.018740547820925713 -0.002587180119007826 0.1469547003507614 -0.04320092871785164 0.045080747455358505 -0.07420261204242706 0.1108965054154396 0.0380227155983448 0.1148836761713028 0.011963363736867905 -0.03036363422870636 -0.07363974303007126 -0.023599861189723015 0.09764234721660614 -0.08445402979850769 -0.12075906991958618 -0.03726450353860855 -0.008669020608067513 0.13206914067268372 -0.014024445787072182 -0.11791162192821503 -0.11836779117584229 -0.07086808979511261 0.10778424143791199 0.11670701950788498 0.13257038593292236 0.09547074884176254 -0.11636069416999817 0.10136604309082031 -0.09083091467618942 0.0077761998400092125 0.12455116212368011 0.04352385550737381 0.04665616154670715 0.1335839182138443 0.16800539195537567 0.017800860106945038 0.02949746698141098 0.012059778906404972 0.08665072172880173 -0.0009317730437032878 -0.048627302050590515 0.12038476765155792 -0.0013066281098872423 0.05123642832040787 -0.07376972585916519 0.10841793566942215 -0.022079458460211754 -0.052789829671382904 0.04408338665962219 0.0450352244079113 -0.05374561622738838 0.10646400600671768 0.059761740267276764 -0.047285422682762146 -0.018897416070103645 0.022134777158498764 -0.1362839788198471 0.09590515494346619 -0.09899261593818665 -0.06345800310373306 0.03565062955021858 -0.033916112035512924 -0.0554906502366066 -0.030680878087878227 -0.11088111996650696 0.001072225160896778 -0.07452642917633057 -0.12982746958732605 -0.15119268000125885 -0.10670892894268036 0.004000212997198105 0.06801991164684296 0.01555598434060812 -0.07612938433885574 -0.09251122176647186 0.006354197394102812 0.09218154102563858 -0.05874745547771454 0.09592051804065704 -0.020671697333455086 -0.053950730711221695 0.12891806662082672 0.023448830470442772 -0.0925491601228714 0.077350914478302 0.05082043260335922 0.046594176441431046 -0.06423886120319366 0.0524706169962883 0.09243356436491013 -0.08406458795070648 -0.026801854372024536 0.09529202431440353 -0.12215761095285416 -0.07824937999248505 0.05663735419511795 0.11200796812772751 0.018642297014594078 -0.006352870725095272 0.08936499059200287 0.07376933097839355 0.13429959118366241 0.07365937530994415 0.06946530193090439 -0.0048238723538815975 0.11045296490192413 0.10417013615369797 -0.020732738077640533 0.12289480865001678 0.026585644111037254 -0.05033889040350914 -0.026498232036828995 0.13151860237121582 -0.08642451465129852 -0.015957294031977654 0.08410012722015381 -0.019473720341920853 -0.08470133692026138 -0.05098726972937584 -0.03748583793640137 -0.016667069867253304 0.10613501071929932 0.15746156871318817 0.05334413796663284 0.13580316305160522 0.09761786460876465 0.03169018030166626 -0.06587039679288864 -0.1318836659193039 -0.06601759791374207 -0.06318573653697968 -0.03226988762617111 -0.03982368856668472 -0.027662748470902443 -0.11267906427383423 0.05191910266876221 -0.014404170215129852 0.0022738310508430004 -0.05109119415283203 0.03594974800944328 -0.010611539706587791 0.1361514776945114 0.02578558772802353 0.1231464147567749 0.08909229934215546 0.041222766041755676 -0.08030854165554047 0.11343368142843246 0.11853516101837158 0.031492721289396286 -0.03157180920243263 -0.14039775729179382 -0.11417995393276215 -0.008427656255662441 -0.0729532539844513 -0.06599142402410507 -0.04939626529812813 0.04717332869768143 -0.10505848377943039 -0.05062875896692276 0.029617246240377426 0.023367060348391533 0.08865933120250702 -0.030834587290883064 -0.03586171939969063 0.05957052484154701 0.01576879434287548 0.05441950261592865 0.046426333487033844 -0.04934225231409073 -0.06960462778806686 -0.012651224620640278 -0.006484529003500938 -0.14399933815002441 -0.1765361875295639 -0.06255912780761719 0.0543772429227829 -0.1318722814321518 -0.01949511654675007 -0.0977649986743927 -0.07512034475803375 0.04333743453025818 -0.02609250135719776 -3.063137410208583e-05 -0.001954923616722226 -0.002677579177543521 0.04499810189008713 0.1402411013841629 0.013999132439494133 -0.05560649558901787 0.04337482154369354 -0.10543158650398254 0.06124594062566757 0.10652264952659607 0.028170298784971237 -0.05600808933377266 0.020189473405480385 -0.046531300991773605 0.04445930942893028 -0.08844060450792313 -0.06401526182889938 -0.081620953977108 0.09821255505084991 0.06858834624290466 -0.021767117083072662 -0.052624139934778214 0.08187971264123917 -0.043820757418870926 -0.009919158183038235 0.041906360536813736 -0.020667023956775665 -0.12106575071811676 0.019303396344184875 -0.10840686410665512 -0.06910304725170135 -0.10128261893987656 0.03302491456270218 0.02923298254609108 -0.07242698967456818 0.05000712350010872 -0.07035409659147263 0.05185933783650398 0.017468895763158798 0.029776377603411674 -0.08625247329473495 0.13049432635307312 0.028391648083925247 0.07036402076482773 -0.09771237522363663 0.11696858704090118 -0.009257875382900238 -0.09157006442546844 0.06357783079147339 -0.08765954524278641 0.03774671629071236 -0.04902978986501694 -0.08737151324748993 -0.18723589181900024 0.21345895528793335 0.17815937101840973 0.08045531809329987 0.16405946016311646 0.015795493498444557 0.04505547881126404 -0.014752481132745743 0.11385183781385422 0.0700545608997345 0.10716323554515839 0.14785335958003998 -0.09088744223117828 -0.05924563109874725 0.06641029566526413 -0.08538591116666794 0.05960303917527199 -0.12271400541067123 0.002147519728168845 -0.08848122507333755 -0.15599127113819122 -0.055659305304288864 -0.16596564650535583 -0.13027673959732056 -0.11613541096448898 0.02554701268672943 0.08995950222015381 0.13318510353565216 0.09551381319761276 0.12821775674819946 0.12174022942781448 -0.09497233480215073 0.12451542168855667 0.010121696628630161 0.03910721093416214 -0.060426801443099976 0.010203205980360508 0.18267132341861725 -0.03949269652366638 0.13231295347213745 -0.009447873570024967 0.03842369467020035 0.05971553921699524 -0.02397819794714451 0.04485991224646568 0.1102924719452858 0.06621932983398438 0.027218298986554146 -0.12006345391273499 -0.012775860726833344 0.05126594379544258 -0.13009515404701233 0.04150516167283058 -0.002886200789362192 -0.08652777969837189 -0.10077761858701706 -0.11928952485322952 -0.14685603976249695 0.06582419574260712 -0.1359686404466629 0.05991707369685173 -0.1467268317937851 -0.04189683496952057 -0.07766120135784149 0.00245813000947237 0.12911295890808105 -0.1082557812333107 -0.019000347703695297 -0.05577906593680382 0.046561021357774734 -0.011293735355138779 0.12298872321844101 0.05249999463558197 0.02991805598139763 0.12401333451271057 0.15726150572299957 0.12416127324104309 0.034485358744859695 0.0658867210149765 -0.06851296871900558 -0.01598994992673397 -0.07241739332675934 0.12123829871416092 0.00633980380371213 0.013753813691437244 0.10863645374774933 -0.0953742265701294 -0.07764708250761032 0.045684799551963806 -0.02954285964369774 -0.0543307289481163 0.05392308160662651 0.06985997408628464 0.08993640542030334 -0.05431506782770157 0.05801975354552269 0.016644394025206566 -0.004836967680603266 -0.04111046716570854 0.01678020879626274 0.0601813979446888 0.1296992152929306 -0.09081041812896729 -0.027875104919075966 -0.0694141685962677 -0.040669020265340805 -0.005819830112159252 -0.10883165895938873 0.0572141595184803 -0.08990351855754852 0.026429234072566032 -0.039253249764442444 0.02149282954633236 -0.11551134288311005 -0.010954671539366245 0.03596113994717598 0.08521252125501633 0.06306169182062149 -0.13228482007980347 -0.1716463267803192 -0.0035665894392877817 -0.15032024681568146 -0.12838685512542725 0.04434920847415924 -0.010740491561591625 0.1331244260072708 0.06735507398843765 0.014393562451004982 0.08960650861263275 0.041107822209596634 0.12001263350248337 -0.012487278319895267 -0.043776895850896835 -0.017955511808395386 0.06645151227712631 0.026914797723293304 0.037789858877658844 0.008518452756106853 -0.08078917115926743 -0.06008831784129143 -0.052321936935186386 0.1013505831360817 -0.10402286052703857 0.0345974825322628 0.08168892562389374 0.09235809743404388 -0.08899229764938354 0.015692654997110367 0.0034983649384230375 0.018467098474502563 -0.046184394508600235 -0.038819991052150726 0.06123487651348114 0.04116577282547951 0.13966433703899384 0.09477388113737106 0.06086261197924614 -0.09971114248037338 -0.01889224722981453 0.1106904149055481 -0.043963473290205 0.025357577949762344 -0.06376699358224869 -0.018279828131198883 0.08166497200727463 -0.027744969353079796 0.0065399762243032455 -0.0023351407144218683 0.1374214142560959 0.11642768234014511 0.0082263657823205 -0.005876524839550257 -0.03763512894511223 0.11646585166454315 -0.08842158317565918 -0.03585335239768028 -0.13330508768558502 -0.012287875637412071 -0.05202246829867363 -0.11127933114767075 0.009802336804568768 0.023672793060541153 0.03833500295877457 -0.15248414874076843 -0.06279097497463226 -0.05722840875387192 -0.05543369799852371 -0.0935412272810936 -0.005371097009629011 0.06791193783283234 0.04297929257154465 -0.15246336162090302 -0.04516495019197464 0.022526469081640244 -0.05094737559556961 0.0667164996266365 0.003388062585145235 -0.08162515610456467 -0.0029709474183619022 0.033963579684495926 -0.09997978806495667 0.09847360104322433 0.09439799189567566 0.0884116068482399 0.019382430240511894 0.054550111293792725 0.1551516056060791 -0.08362175524234772 -0.08142352849245071 -0.04401809349656105 -0.09699268639087677 -0.02547631412744522 0.01156580075621605 -0.05658461153507233 -0.07478352636098862 -0.039052240550518036 -0.015829376876354218 0.11232858151197433 0.13642166554927826 0.04646512120962143 0.07007168978452682 -0.050083331763744354 -0.01809016987681389 0.09927792847156525 0.009531339630484581 0.012860894203186035 0.09642761945724487 0.012209055945277214 -0.06281999498605728 -0.06493276357650757 0.05275458097457886 0.02234634943306446 -0.06654810160398483 -0.06854706257581711 -0.05448203161358833 0.08970823138952255 -0.03642582520842552 -0.060076791793107986 -0.08287524431943893 -0.1100693941116333 -0.015931179746985435 0.0025543668307363987 -0.0853208526968956 0.0875559151172638 0.09017018228769302 0.15714605152606964 -0.09480061382055283 0.009913831017911434 -0.06588652729988098 -0.09451836347579956 0.0716974139213562 0.25605902075767517 0.22816605865955353 0.11635958403348923 -0.03960570693016052 0.024154435843229294 0.1048281192779541 -0.04755854979157448 0.09477025270462036 0.07473345100879669 -0.05147774517536163 0.12390179187059402 0.01674807444214821 0.07152222841978073 -0.08157223463058472 -0.033015623688697815 -0.029008792713284492 0.1103842556476593 -0.06253542751073837 -0.12228062748908997 -0.10091418772935867 -0.15249702334403992 0.07092256844043732 0.10251191258430481 -0.10985203832387924 0.014024218544363976 0.08464059978723526 0.12795805931091309 0.13116370141506195 -0.06739106774330139 0.1449507474899292 0.10506369918584824 -0.007551055401563644 0.03275980055332184 0.025582026690244675 0.09211340546607971 0.06882494688034058 -0.022036707028746605 0.06553047895431519 0.00967144500464201 0.1065506786108017 -0.06933800131082535 0.07690194994211197 -0.02264968305826187 0.0628156065940857 0.02315882220864296 -0.13368184864521027 0.08923200517892838 0.028244419023394585 0.0990212932229042 0.016495302319526672 -0.07444721460342407 0.095157690346241 0.14094676077365875 -0.0318819098174572 -0.0405559279024601 0.1086963638663292 -0.0896330401301384 -0.02649577707052231 0.023639874532818794 -0.14173753559589386 -0.06978067755699158 -0.08383806049823761 -0.12333472073078156 0.026956832036376 -0.00408987607806921 0.10269515961408615 -0.0021928504575043917 -0.140028715133667 0.10662410408258438 -0.08203160017728806 0.18615706264972687 -0.0010918979533016682 -0.010825838893651962 -0.06251350045204163 0.016140781342983246 0.04640748351812363 0.0003021111187990755 -0.02182166464626789 0.1722497045993805 0.059771377593278885 0.17872469127178192 0.16959786415100098 0.03294750303030014 0.03566266968846321 0.10191661864519119 0.10425182431936264 -0.039679232984781265 -0.05204523727297783 -0.15359728038311005 -0.12761297821998596 -0.03508917614817619 -0.09942194074392319 -0.11389626562595367 0.011479121632874012 -0.08240993320941925 -0.08488667756319046 -0.07190535962581635 0.05218254774808884 -0.12948665022850037 -0.11638391762971878 -0.1334293633699417 0.0023156304378062487 -0.08840785175561905 -0.0037819829303771257 0.021367479115724564 -0.052603673189878464 -0.04368969053030014 0.06098131462931633 -0.03982185944914818 -0.03241295367479324 -0.024497302249073982 -0.10310474783182144 -0.1410750150680542 -0.0447225496172905 -0.10273601859807968 -0.09482806921005249 -0.06689134985208511 0.009484165348112583 0.11853740364313126 0.13444896042346954 0.012181898579001427 0.01904701255261898 -0.04149175062775612 -0.0015610805712640285 0.08608978241682053 0.05612499266862869 0.15068413317203522 -0.04949652776122093 0.06447893381118774 -0.07688536494970322 -0.039217110723257065 -0.05796870216727257 -0.18970485031604767 0.08145909011363983 0.1305806040763855 0.011014487594366074 -0.2321358025074005 -0.10010121017694473 -0.11215070635080338 -0.10692155361175537 -0.043959155678749084 0.07712139934301376 0.13111352920532227 0.06631165742874146 0.008761897683143616 -0.13622650504112244 -0.07919620722532272 0.07602144777774811 0.07736208289861679 0.20490290224552155 0.14782699942588806 0.10357287526130676 0.09836231917142868 -0.008659543469548225 0.14530324935913086 -0.06963127851486206 -0.07353980839252472 -0.08022059500217438 -0.048676539212465286 0.08577995747327805 -0.001338525558821857 0.04067127779126167 -0.14539746940135956 -0.09020278602838516 -0.07627065479755402 -0.14694321155548096 -0.045820172876119614 0.0706179067492485 -0.04743032902479172 -0.0265502966940403 0.05254332721233368 0.05070560425519943 -0.04606153443455696 0.00847118441015482 0.0006064133485779166 0.13065926730632782 -0.004432056564837694 0.10609238594770432 -0.034550413489341736 -0.09802327305078506 0.09969640523195267 -0.0644095316529274 0.06922181695699692 0.12960892915725708 0.07630298286676407 -0.004632989875972271 0.08463253080844879 -0.025532877072691917 -0.07635439187288284 0.08864524960517883 0.0016816304996609688 0.06574464589357376 -0.031026074662804604 0.005484001245349646 0.06318467110395432 0.0031327877659350634 -0.1996394395828247 0.04475560039281845 0.09170030802488327 -0.10207915306091309 -0.041602812707424164 0.0026740708854049444 -0.018143054097890854 0.004837040323764086 -0.12245509773492813 0.10713273286819458 0.05099122226238251 0.05390137806534767 -0.06351054459810257 -0.05580179765820503 -0.12066751718521118 -0.019546737894415855 0.003309238702058792 -0.037413425743579865 0.09885286539793015 0.04255912825465202 -0.02787085436284542 0.06395567208528519 0.0930972471833229 -0.008725962601602077 0.09300260245800018 0.08023025095462799 0.04480816423892975 -0.006941866595298052 0.04554085060954094 0.07582303136587143 0.0645972341299057 0.09460923075675964 -0.0251271054148674 0.10534574091434479 0.08072881400585175 -0.08347799628973007 -0.034224964678287506 0.05797823145985603 -0.026836706325411797 -0.05157030001282692 0.029042650014162064 -0.05443671718239784 0.040900327265262604 -0.003832345362752676 0.15135258436203003 -0.059546828269958496 -0.08438056707382202 0.08544932305812836 -0.014811157248914242 -0.09239675849676132 0.0815637931227684 0.0692647323012352 -0.10300197452306747 -0.1359511911869049 0.08511289209127426 0.08600220084190369 -0.004630873445421457 -0.11305581033229828 -0.13675472140312195 -0.09606342762708664 -0.23070959746837616 -0.06438326835632324 -0.11837930232286453 -0.014838768169283867 0.20706908404827118 0.05314038321375847 0.17176948487758636 -0.04819672182202339 -0.08825092017650604 -0.06932162493467331 -0.06729991734027863 0.011670784093439579 -0.11751148849725723 0.0008309738477692008 -0.03332195430994034 -0.005566975101828575 -0.04145471751689911 0.048873402178287506 0.04710344225168228 -0.03545520454645157 -0.08274263888597488 0.11431294679641724 0.055371303111314774 0.038945380598306656 0.11188846826553345 0.002822767710313201 0.03922967612743378 -0.015551331453025341 0.11238255351781845 -0.01949053443968296 -0.023401880636811256 -0.04354501888155937 0.11865437775850296 0.0827440395951271 -0.01685386709868908 -0.10498414933681488 -0.08950016647577286 0.017189811915159225 -0.08581575751304626 -0.10045056790113449 0.08886293321847916 -0.034499991685152054 -0.020388713106513023 0.10532757639884949 -0.04683924838900566 0.014566631056368351 -0.08295437693595886 0.11713732779026031 0.07804866135120392 0.0796641856431961 -0.108891561627388 -0.04289569333195686 -0.0570087730884552 -0.1059357225894928 0.0023714378476142883 -0.0907706618309021 -0.12044232338666916 -0.039112310856580734 0.0433260053396225 -0.044494859874248505 -0.11797553300857544 -0.06486442685127258 0.003812307259067893 -0.03326791152358055 -0.10407125949859619 0.08024057745933533 0.048980869352817535
b1 64
-0.12479536235332489 -0.061009131371974945 -0.11876190453767776 -0.11013850569725037 -0.07973428070545197 -0.015933383256196976 -0.059739433228969574 0.08901422470808029 0.01709992066025734 -0.07997563481330872 -0.07985305786132812 0.023439204320311546 -0.014014407992362976 -0.11912227421998978 0.011795601807534695 0.07719745486974716 0.03198614716529846 0.1105949878692627 0.015643944963812828 -0.23505756258964539 0.00231925118714571 0.19238606095314026 0.025219814851880074 -0.025617603212594986 -0.04127207025885582 -0.28086188435554504 0.027637826278805733 -0.0703820139169693 0.15396098792552948 -0.03576269745826721 -0.1816614717245102 -0.07301907241344452 -0.030754685401916504 0.019763370975852013 0.1378992795944214 -0.006126256659626961 0.006701233796775341 -0.10544084757566452 0.15995609760284424 0.058880455791950226 0.08862938731908798 -0.018446512520313263 0.09486529976129532 0.014006387442350388 0.02300707809627056 -0.07072137296199799 0.024722862988710403 -0.08736063539981842 -0.06989649683237076 -0.10494216531515121 0.04454965144395828 -0.17942224442958832 0.14916624128818512 0.0976974368095398 -0.16417720913887024 -0.02069888636469841 -0.21610888838768005 -0.16041573882102966 0.12603072822093964 -0.11283024400472641 0.038411300629377365 -0.10195168107748032 -0.1803845763206482 -0.07062722742557526
W2 4096
-0.10448354482650757 -0.006937358062714338 0.1148509830236435 0.09902806580066681 0.10472433269023895 -0.02966640330851078 0.06803295761346817 -0.07796355336904526 -0.01585775800049305 0.02633686177432537 -0.10843212902545929 -0.0025642693508416414 0.006430149544030428 -0.04274679347872734 -0.07582100480794907 -0.10337357223033905 0.14349111914634705 0.02305024489760399 0.045998066663742065 -0.07354817539453506 0.010794669389724731 -0.11377351731061935 0.11893057078123093 -0.16265526413917542 0.1612781435251236 0.001443766406737268 -0.01349498052150011 -0.1762090027332306 0.11749999970197678 -0.08867566287517548 0.042515166103839874 -0.09452038258314133 -0.09580110013484955 -0.03742814064025879 -0.037640560418367386 -0.07719331979751587 0.014766538515686989 0.017447980120778084 0.010379563085734844 -0.051428865641355515 -0.15832918882369995 0.09560832381248474 0.07661396265029907 0.06001587584614754 -0.07293325662612915 0.06464439630508423 -0.07313872128725052 -0.017141694203019142 -0.08838579058647156 0.11626257002353668 0.08520080149173737 -0.19121386110782623 -0.0038150837644934654 0.1199297085404396 0.03299184516072273 -0.14683949947357178 0.029452942311763763 0.1179986447095871 -0.14148163795471191 0.07113413512706757 -0.019268473610281944 -0.1509355902671814 -0.07299286872148514 -0.011479579843580723 0.037414927035570145 -0.11746366322040558 0.14694026112556458 0.001582156983204186 0.057923804968595505 0.16986708343029022 -0.16122205555438995 -0.008295620791614056 -0.13932818174362183 -0.22706155478954315 -0.14535453915596008 0.11184361577033997 -0.025325147435069084 -0.05970575660467148 0.028545480221509933 0.006951570510864258 0.03324953094124794 -0.02437007427215576 -0.01714124158024788 -0.09662098437547684 0.12929338216781616 -0.044598665088415146 0.1279618889093399 -0.12963347136974335 -0.07466106116771698 0.01697430945932865 0.11507411301136017 -0.013024276122450829 -0.17097410559654236 -0.22025683522224426 0.06027273088693619 0.011360975913703442 0.11053072661161423 -0.02516460418701172 -0.03567865118384361 0.02144726738333702 0.032519664615392685 0.016570858657360077 0.01316479966044426 0.028022784739732742 0.049720633774995804 0.06246181204915047 -0.08863145858049393 0.024780042469501495 0.004459935240447521 -0.054975468665361404 0.044248342514038086 -0.10715779662132263 -0.14059898257255554 0.10057332366704941 0.09243951737880707 -0.14497341215610504 0.07842375338077545 -0.018106738105416298 -0.02583109401166439 -0.17424170672893524 -0.14768603444099426 0.0496053509414196 -0.0378933921456337 -0.040343981236219406 0.11350514739751816 -0.23732854425907135 0.017917480319738388 -0.11043832451105118 0.03083023615181446 0.014269914478063583 0.08114615827798843 -0.0997181162238121 0.031687330454587936 0.07646219432353973 0.030352899804711342 0.01022860873490572 -0.029250493273139 -0.02353915013372898 -0.017275309190154076 0.09817727655172348 0.08283393085002899 0.07412724196910858 -0.04158993437886238 -0.07319024950265884 0.013308392837643623 -0.07530219107866287 0.014569084160029888 -0.04968750476837158 0.025458473712205887 -0.049862295389175415 -0.004120190162211657 -0.11101429164409637 -0.027278505265712738 0.048297639936208725 0.0013862635241821408 -0.03272637352347374 -0.013564673252403736 -0.03539710491895676 -0.0008252152474597096 -0.08604931086301804 0.10190354287624359 0.09175638854503632 0.00658424524590373 -0.01660950668156147 -0.0003135248553007841 -0.08967268466949463 -0.04065784439444542 -0.014286382123827934 0.062094926834106445 0.0854223296046257 0.07241735607385635 -0.05473005399107933 0.008456583134829998 0.016591709107160568 -0.0452771820127964 0.08590590953826904 0.023123735561966896 -0.036455798894166946 -0.07057473808526993 -0.15489041805267334 0.00732613867148757 -0.08478768914937973 -0.045930877327919006 -0.017759308218955994 -0.05634261295199394 0.08722181618213654 -0.051259685307741165 0.06944836676120758 0.08686579018831253 -0.13277223706245422 -0.0019015118014067411 0.04248325899243355 -0.08611391484737396 -0.020894160494208336 -0.02376984804868698 -0.04037977755069733 -0.02278238721191883 -0.05214273929595947 -0.0020389598794281483 -0.047598592936992645 0.016572901979088783 -0.015170526690781116 0.024066997691988945 -0.03708836808800697 -0.07755635678768158 0.016952840611338615 0.010630199685692787 -0.05100296810269356 -0.0018482471350580454 -0.0575878843665123 -0.09161068499088287 0.020965218544006348 0.051774900406599045 -0.04058106243610382 -0.0181137528270483 -0.029490457847714424 0.0821206271648407 0.05590779706835747 -0.021283969283103943 0.004567362833768129 -0.06622803211212158 -0.03221871703863144 0.0067680589854717255 0.0401996411383152 0.016394585371017456 -0.00462334742769599 0.03440522029995918 0.009195180609822273 0.008821503259241581 0.021804125979542732 -0.07093118876218796 -0.018204011023044586 -0.012306971475481987 0.0544281005859375 -0.019337903708219528 0.012199589051306248 -0.023520566523075104 0.04953110218048096 -0.09463901817798615 0.043358270078897476 -0.05259235203266144 0.07448340952396393 -0.0021130566019564867 0.06824039667844772 -0.022405780851840973 0.02948942966759205 0.06571966409683228 -0.07686671614646912 0.020233988761901855 0.0031277420930564404 -0.046720605343580246 0.0346461646258831 0.013661895878612995 -0.0019121492514386773 0.007316123694181442 0.06123914197087288 -0.07410880923271179 0.12786462903022766 0.057251300662755966 0.08011104166507721 -0.11134526133537292 -0.00021274815662764013 0.04052598029375076 0.12599141895771027 0.09886153787374496 -0.037570856511592865 -0.05706551671028137 -0.07886925339698792 0.037604160606861115 0.131987527012825 -0.03586805984377861 -0.003201314015313983 0.010882358998060226 -0.12866072356700897 -0.06369870901107788 0.10231876373291016 0.03314823657274246 -0.08087916672229767 -0.028159448876976967 0.07883930206298828 0.014377657324075699 -0.01744219847023487 0.020994573831558228 0.07984363287687302 0.10896226018667221 -0.07634390890598297 -0.011102027259767056 -0.03132626414299011 -0.12687097489833832 0.09930200129747391 -0.10667004436254501 0.0475141704082489 0.11516210436820984 -0.004217422101646662 0.1739763766527176 -0.013300573453307152 -0.06003497540950775 0.06959633529186249 0.0529169887304306 -0.022686675190925598 0.016047600656747818 0.11811646819114685 -0.01453057024627924 -0.08256382495164871 0.012842480093240738 -0.0067763058468699455 0.14937087893486023 0.029787790030241013 0.07551462948322296 0.02873547188937664 0.01881607621908188 0.17940521240234375 0.09048619121313095 -0.060464777052402496 -0.011800509877502918 -0.04787103086709976 0.10483650863170624 -0.09743332862854004 -0.023769240826368332 -0.054012879729270935 -0.1042531207203865 0.003275045659393072 0.026072340086102486 -0.025149300694465637 -0.1341959536075592 -0.07492537796497345 -0.06352569907903671 -0.10936170816421509 -0.05999156832695007 0.06476762145757675 0.0303966011852026 -0.049457233399152756 -0.06977348029613495 -0.17627082765102386 0.05756010115146637 0.02147292159497738 0.10051201283931732 0.1743091195821762 -0.024758853018283844 -0.038753658533096313 0.017321696504950523 0.014951309189200401 -0.05373554676771164 0.00903254933655262 -0.16982483863830566 -0.07501601427793503 0.005177374463528395 0.12957444787025452 -0.04736023768782616 0.00719206128269434 -0.1963147222995758 -0.013136621564626694 0.03646981716156006 -0.059094320982694626 0.015923384577035904 -0.11007948219776154 -0.07717950642108917 0.047511424869298935 -0.03611813485622406 0.08746200054883957 0.08671942353248596 -0.00024034219677560031 0.03632418066263199 0.02887742966413498 -0.01146693341434002 0.035081855952739716 -0.06949099153280258 0.031597524881362915 0.08584737777709961 0.1209220215678215 -0.17510227859020233 0.052935343235731125 0.04702283814549446 -0.10436458140611649 -0.0997336134314537 0.17962978780269623 -0.013459605164825916 -0.06171826273202896 -0.09571894258260727 -0.08379025757312775 -0.1553347408771515 0.06988982856273651 -0.02836761437356472 0.0912795439362526 0.0990108996629715 -0.10994276404380798 0.14605775475502014 -0.037701282650232315 -0.04296869784593582 -0.02908722683787346 0.09709799289703369 -0.23095323145389557 -0.15019571781158447 -0.04243965446949005 -0.13858966529369354 0.018161313608288765 0.05226708576083183 0.10714877396821976 -0.0039994725957512856 0.0943312793970108 0.03733709454536438 -0.09361317753791809 0.06952445954084396 0.03489946946501732 0.09332789480686188 -0.1378428190946579 0.01709522120654583 -0.14688442647457123 0.19981414079666138 0.09413579851388931 -0.032906994223594666 -0.01190079003572464 0.06308391690254211 -0.03939184173941612 0.12139040231704712 0.0540371872484684 0.048315949738025665 0.0787821039557457 0.10355756431818008 -0.06415408849716187 0.022512784227728844 -0.04914795234799385 -0.04797147959470749 0.03196689486503601 -0.08353035151958466 0.03338509052991867 -0.11400123685598373 0.0627143606543541 0.05446707084774971 -0.06243522837758064 -0.04271604120731354 0.011205549351871014 -0.04174724593758583 -0.0007004765793681145 0.011094979010522366 -0.23382078111171722 0.002594376215711236 -0.0013483441434800625 -0.01029480341821909 -0.19335278868675232 -0.093236543238163 0.07127934694290161 -0.16235323250293732 0.11627649515867233 -0.06924204528331757 0.06085476279258728 -0.09490883350372314 0.05052835866808891 0.02287544496357441 0.061565179377794266 0.06346116960048676 0.07465861737728119 -0.01876990869641304 0.12584288418293 -0.028978440910577774 -0.07675828039646149 -0.11756020784378052 -0.07883370667695999 0.06965500861406326 -0.1099180281162262 0.02377604879438877 -0.05630166828632355 -0.1471230536699295 -0.04842037707567215 0.019368484616279602 0.041463702917099 0.11309817433357239 -0.04045183211565018 -0.03184507414698601 -0.02537354826927185 0.04012903943657875 -0.07477330416440964 0.1290716677904129 -0.02138509415090084 0.008015106432139874 0.036864809691905975 0.10586179792881012 -0.048947494477033615 0.10390517860651016 0.0851278156042099 -0.00021808188466820866 0.11057732999324799 0.10159451514482498 -0.004712227266281843 0.03385687619447708 -5.230193346505985e-05 -0.05000452324748039 0.0004678236145991832 -0.02176269143819809 0.1261187195777893 -0.04441913217306137 0.13581380248069763 -0.08107686787843704 0.07813919335603714 -0.03224201127886772 0.10456441342830658 -0.0846831351518631 0.08002279698848724 0.026543866842985153 -0.15416184067726135 -0.048119258135557175 0.0580299086868763 0.002637953497469425 -0.013652825728058815 -0.06992954015731812 -0.02040591649711132 0.07333797216415405 0.13079191744327545 -0.013666210696101189 -0.08718257397413254 0.0437655933201313 -0.128423810005188 -0.030663708224892616 7.542274848100795e-28 7.878623087265169e-09 0.007371141109615564 0.005199603736400604 0.014249223284423351 0.017297908663749695 1.664161244131616e-25 0.001338387024588883 0.000783971743658185 -0.005039536859840155 -0.006193217821419239 -0.00258984905667603 -0.0055071027018129826 -2.4807755835354328e-05 -1.5674744358902953e-36 1.816852545744041e-06 -8.927338058128953e-06 2.5437773842895695e-07 6.331248573043334e-33 -1.534537285429135e-38 1.0417066990937818e-18 -0.008565479889512062 2.1560799682679704e-37 -7.363321868312252e-35 -0.0006019227439537644 1.1215527453157926e-36 6.390757789631607e-06 -9.009243512991816e-05 0.0013804372865706682 0.0014334963634610176 7.891389213899248e-32 2.1145163838806168e-31 5.4922137662050025e-33 -0.00016063457587733865 -4.234215886481751e-35 3.55245759024736e-12 4.142751606618386e-36 8.130986583394867e-31 8.35003594046313e-11 4.2460293059320975e-09 -0.0001065297401510179 -1.7430189849649358e-26 -6.881629960403068e-29 -1.0199717416393208e-34 -1.0384801614600966e-23 -9.761829067528663e-14 0.0086269685998559 0.0007656185771338642 -5.005444392385367e-37 -1.1860394020260246e-38 -2.333226855729843e-35 1.3289139753902557e-12 -1.6144571169923167e-35 -7.289487349091411e-39 -1.0534430544950536e-30 -7.297762949498576e-10 2.2281915120802697e-18 3.526825139690051e-35 -0.004332959186285734 -1.515266315056884e-36 -3.5960974736146495e-31 -3.0739362806268836e-19 3.7085584030371e-35 -0.0027408062014728785 -0.039077695459127426 0.17022323608398438 -0.007090591825544834 -0.08174171298742294 -0.043945420533418655 -0.0885728970170021 0.16758516430854797 -0.10273768752813339 0.10032214969396591 0.005300500895828009 0.05525430664420128 -0.11184276640415192 0.06395819038152695 -0.0642474815249443 -0.07185441255569458 -0.04372011870145798 0.010471615940332413 -0.1569960117340088 0.06835774332284927 -0.06142126023769379 -0.07580357044935226 0.024985553696751595 0.025970134884119034 0.020912649109959602 0.09336064755916595 0.07009784132242203 -0.06823957711458206 0.12052090466022491 -0.08908498287200928 -0.07239241153001785 0.09966601431369781 -0.05218442156910896 0.07077302783727646 0.06588955223560333 -0.06318257749080658 -0.04486958682537079 -0.1797756552696228 0.18026866018772125 -0.13684479892253876 0.03527237847447395 0.0377473384141922 -0.05906611308455467 0.1212555319070816 0.13080622255802155 -0.07150154560804367 0.0521523542702198 -0.1089329794049263 -0.11837243288755417 0.13832740485668182 0.003520854515954852 -0.1198955550789833 -0.02225263975560665 0.08813602477312088 0.10164670646190643 0.001224860199727118 0.05137378349900246 -0.012103651650249958 0.10395991802215576 0.027318935841321945 0.12388340383768082 0.022186648100614548 -0.02040746994316578 -0.03683463856577873 -0.024921109899878502 -0.06782439351081848 0.05764201283454895 -0.06858334690332413 0.06329300999641418 -0.09622372686862946 -0.05243323743343353 -0.00027047167532145977 -0.08621055632829666 -0.003282261546701193 0.02482021413743496 -0.002553563565015793 0.051059115678071976 0.03805806115269661 0.020201517269015312 0.0018054593820124865 -0.017680449411273003 -0.05079685524106026 -0.012998406775295734 -0.01572267897427082 0.06959419697523117 -0.06501437723636627 -0.010394818149507046 0.002603751141577959 0.014120749197900295 0.026048431172966957 -0.002334693679586053 0.013372155837714672 -0.07777766138315201 -0.027202436700463295 -0.0992702767252922 -0.04820460081100464 0.007556126918643713 -0.028609052300453186 -0.031590212136507034 -0.08406373113393784 0.060411177575588226 0.025625014677643776 -0.00047585100401192904 0.07130707800388336 0.008754112757742405 -0.03709742799401283 -0.08544474095106125 0.017400823533535004 -0.027125850319862366 0.07076986134052277 -0.03328734263777733 -0.01992173120379448 0.0214065108448267 -0.09976039826869965 -0.018539005890488625 -0.061337295919656754 -0.08493993431329727 -0.09424908459186554 -0.07493799179792404 0.06194031611084938 0.06344055384397507 0.04904365539550781 -0.04314660653471947 0.07474367320537567 -3.82426442229189e-05 0.027925141155719757 0.013999318704009056 0.042317457497119904 -0.0046477955766022205 0.054448265582323074 0.07337388396263123 0.1008744165301323 0.03367102891206741 -0.008396339602768421 -0.0812753215432167 0.05743792653083801 -0.12370411306619644 0.034163568168878555 -0.11499709635972977 0.05389818921685219 -0.010078387334942818 0.013619473204016685 -0.08140430599451065 0.0006553776329383254 -0.0762014165520668 -0.0062972018495202065 -0.05774218216538429 0.11453484743833542 0.05053729563951492 -0.03351566568017006 0.0004667673201765865 0.043536391109228134 0.12176117300987244 0.06627307832241058 -0.003522370709106326 -0.027271410450339317 0.019142907112836838 -0.06744292378425598 0.0356171652674675 -0.0379490926861763 -0.038196809589862823 0.03286707028746605 -0.03811416029930115 0.06605801731348038 -0.024578964337706566 -0.0502823181450367 0.012557004578411579 0.03292177617549896 0.03496082127094269 0.0071618827059865 -0.029610583558678627 0.01368738990277052 0.013096297159790993 0.030994653701782227 0.058247145265340805 0.005088080186396837 0.07978642731904984 0.06966569274663925 0.055102963000535965 -0.020987901836633682 -0.020035015419125557 -0.03982001170516014 0.0037247135769575834 -0.0638200119137764 0.10822652280330658 -0.05523643270134926 0.07959270477294922 -0.029525097459554672 0.01236342079937458 -0.037377744913101196 0.0432523712515831 0.04364515095949173 7.101548643119183e-23 -2.0936577965743603e-26 -1.1483615368021442e-26 6.7738266336191e-29 5.0513121099553316e-27 -8.036530332700373e-26 -2.2112808683207508e-22 4.915576034148819e-27 1.6078807024057215e-25 -7.353880766126824e-27 5.241828366431303e-25 -2.4632040017082187e-26 1.3631394145667615e-27 -1.2463967635752988e-27 1.6511171766282969e-22 -4.868515217812275e-19 -1.920960501777813e-09 -1.6675844690519676e-26 -2.5016269611377595e-10 -4.135878318417213e-27 -2.589845451131346e-26 -7.390962313127265e-26 -6.890242406150752e-27 -5.635770218318637e-27 -6.243487397434319e-27 -1.9566508381161455e-26 -3.705818161835543e-27 3.3216613899203765e-27 2.4014987470340071e-26 8.07567878771713e-26 3.3222580430171477e-28 -1.6782740128173934e-11 -1.4751463193807728e-26 4.752331900946624e-27 -7.090770245271605e-12 -2.0449754174478585e-06 5.053830683980718e-24 2.0346952202153517e-26 2.967476247948555e-26 1.0060254531506122e-26 6.086549529242025e-27 -5.374270223808858e-26 4.0109923279210956e-20 -1.9054491431354353e-26 -2.3886643703008303e-06 5.197138286814884e-26 -3.264212748572052e-26 2.7772034983510326e-27 -7.922325152188539e-27 -9.552191901060836e-27 -2.7894395682181994e-09 -2.2770750263134687e-07 -1.2300016040411865e-11 1.963525059866647e-28 -6.0375546127033886e-06 -8.402001115997512e-27 -1.3811304313643566e-26 1.9004834794412228e-26 -2.3818721342311413e-26 -6.426723453831231e-26 -1.1769273442041595e-05 3.1291662327228278e-28 -2.3785492117422933e-26 5.359795858793217e-26 -0.05973388999700546 -0.009812241420149803 0.21442803740501404 0.13904216885566711 0.24594630300998688 0.03489508107304573 -0.10111299902200699 -0.18601122498512268 -0.3014584481716156 -0.04294122755527496 -0.10605522990226746 -0.07963794469833374 0.054648641496896744 0.1351313591003418 -0.10971520096063614 0.01591016910970211 0.009046819061040878 -0.10286316275596619 0.09827207773923874 -0.11573779582977295 -0.031078891828656197 -0.08976218104362488 0.232865571975708 0.008733589202165604 0.12799721956253052 -0.011794955469667912 -0.11129451543092728 -0.09721285104751587 0.054735638201236725 -0.1738625317811966 0.1086958572268486 -0.09217475354671478 0.0038727778010070324 0.1418306529521942 0.12747739255428314 -0.09536568075418472 -0.0478181466460228 -0.06549296528100967 -0.18301954865455627 -0.0062012625858187675 -0.077811099588871 0.1315949708223343 0.008517282083630562 0.21197722852230072 -0.11199001222848892 -0.06297149509191513 0.05449581891298294 -0.20850491523742676 -0.22442138195037842 0.011952869594097137 0.004206775687634945 -0.07261499017477036 0.043174680322408676 0.08646872639656067 0.03306077420711517 -0.2536054849624634 0.003737839637324214 -0.018101150169968605 -0.06899372488260269 -0.06352344155311584 0.01612788438796997 -0.2385079711675644 0.11761776357889175 0.01976361684501171 0.07471617311239243 0.0042359125800430775 0.01602252759039402 -0.024638308212161064 0.047924865037202835 -0.05227174982428551 -0.010627980343997478 0.03878222033381462 0.06669031828641891 -0.06479386985301971 0.07725071907043457 -0.09405111521482468 0.0677228569984436 0.04756101965904236 -0.02472354657948017 -0.06127525120973587 -0.030905786901712418 -0.06013302505016327 0.04656795412302017 0.024731479585170746 -0.003196015255525708 0.04607350751757622 -0.01242676842957735 0.028020234778523445 0.005221930798143148 -0.03680519387125969 0.07815076410770416 0.049293577671051025 -0.11310859024524689 0.005018451251089573 -0.03589409962296486 -0.005643685348331928 -0.01672021672129631 -0.032180096954107285 -0.05865880474448204 0.11796126514673233 -0.07161272317171097 -0.03431093692779541 0.021455984562635422 0.02687223069369793 0.056055597960948944 -0.03816309943795204 0.044748496264219284 0.005373841151595116 -0.01816319301724434 -0.11083413660526276 0.04424678534269333 -0.10185498744249344 -0.007588667795062065 0.07061976194381714 0.123568594455719 -0.01881948485970497 -0.03745734691619873 0.08274095505475998 0.04527384787797928 -0.1585223227739334 -0.005656047724187374 0.0022992100566625595 -0.09273888915777206 0.049672529101371765 -0.06528985500335693 0.01437316183000803 -0.0660037025809288 -0.048049211502075195 0.025198493152856827 0.016182120889425278 0.04743143171072006 -0.07735223323106766 -0.19754260778427124 -0.036115020513534546 -0.08960993587970734 0.07219056785106659 0.04615725204348564 -0.1069210097193718 -0.023502934724092484 0.11709021031856537 -0.08832523226737976 -0.052004408091306686 0.03700995072722435 0.027667462825775146 0.07507970184087753 -0.10146936774253845 -0.01901952177286148 0.16122867166996002 0.08951776474714279 0.009647729806602001 -0.05428594350814819 0.05621746554970741 -0.03959335759282112 0.026045048609375954 0.014890910126268864 -0.09030342847108841 0.15016086399555206 0.09244073927402496 -0.1198018342256546 0.04639542102813721 0.030215680599212646 0.11445681005716324 0.06107931584119797 -0.07627865672111511 0.06299103051424026 -0.01370067149400711 0.05234982818365097 -0.056964971125125885 -0.07588405907154083 0.019679084420204163 0.06021638214588165 0.10032735019922256 0.06491454690694809 0.09945141524076462 -0.12012035399675369 -0.11453589051961899 0.18751949071884155 -0.011163420975208282 0.0038914340548217297 0.12745404243469238 0.08080454915761948 -0.057995446026325226 0.0697828158736229 0.12167096883058548 0.13723357021808624 -0.02488694153726101 0.08846291899681091 -0.1373264491558075 0.015444761142134666 0.11279474943876266 -0.019031835719943047 -0.06663815677165985 -0.1276910901069641 -0.0017100954428315163 -0.018939107656478882 -0.009602378122508526 0.10364001244306564 -0.1516210287809372 0.035049546509981155 0.037121355533599854 0.06875123828649521 -0.04449039697647095 0.006010332144796848 -0.0856611579656601 -0.02378259412944317 0.04883754253387451 -0.045077528804540634 -0.015146363526582718 -0.1889750212430954 0.08009025454521179 -0.0880194753408432 0.17065265774726868 0.00912576075643301 0.03850116953253746 0.09523305296897888 0.12274100631475449 0.15247750282287598 0.07142655551433563 0.05845809727907181 0.1430119425058365 0.030760319903492928 0.003414697013795376 -0.13180163502693176 0.045680802315473557 0.09949035197496414 0.015162144787609577 0.10240351408720016 0.03575897589325905 0.10753485560417175 -0.03824453055858612 -0.050370953977108 0.16150297224521637 -0.022076059132814407 0.0012631556019186974 0.034640438854694366 -0.1218435987830162 -0.11928433924913406 0.08436055481433868 -0.057618580758571625 -0.07268504053354263 0.0539899580180645 0.0784001499414444 0.08089376240968704 -0.11130330711603165 0.03059658221900463 0.10766462236642838 0.0009762780973687768 -0.02383471094071865 0.03668487071990967 -0.06801895052194595 0.08263001590967178 -0.07817912846803665 -0.011837832629680634 -0.03089940920472145 -0.09578657895326614 0.06743358075618744 -0.07320009171962738 0.049502793699502945 -0.09933975338935852 -0.17730523645877838 -0.09674225747585297 -0.10546109080314636 0.04928351938724518 -0.26465263962745667 0.15111102163791656 -0.04049175605177879 -0.1511266529560089 -0.05776207521557808 -0.05079420283436775 -0.11474822461605072 0.06258393079042435 0.10777595639228821 -0.1820208728313446 0.12139905244112015 -0.1375117301940918 0.0018154616700485349 0.08807853609323502 0.12146476656198502 -0.08451921492815018 -0.07575108110904694 0.1097433865070343 -0.09034671634435654 -0.005758792627602816 0.2230358123779297 -0.06937804073095322 -0.09876079857349396 -0.05270528048276901 0.005423867143690586 0.031031964346766472 0.009240183047950268 -0.05957441031932831 -0.1220862865447998 0.07355225086212158 0.14972278475761414 -0.00020034238696098328 0.16901546716690063 0.13991238176822662 -0.008097038604319096 0.06261387467384338 0.1556416153907776 0.05755283311009407 -0.018265677616000175 0.019856512546539307 0.04006493464112282 0.16927506029605865 -0.17462767660617828 -0.09832780063152313 -0.09411273151636124 -0.11456622928380966 -0.01556908618658781 -0.09658604860305786 0.15799468755722046 -0.06748820841312408 0.03347644582390785 -0.1676846295595169 -0.1307024210691452 -0.182265967130661 0.10362200438976288 0.13051821291446686 0.030900130048394203 -0.10822568088769913 -0.04859618470072746 -0.11655354499816895 -0.02592938207089901 -0.10867872089147568 -0.06919871270656586 0.041589707136154175 0.14140383899211884 0.012401614338159561 0.13853153586387634 -0.11065296083688736 -0.06982093304395676 -0.041407935321331024 -0.03533510863780975 0.08757524192333221 -0.07633715122938156 -0.1843641698360443 -0.059785325080156326 -0.03346240520477295 -0.0513182170689106 0.013098581694066525 0.011259952560067177 -0.15768398344516754 0.09277857095003128 0.10021229088306427 -0.08091320097446442 -0.1133769303560257 -0.0014247293584048748 -0.045680105686187744 -0.02346188575029373 0.006094431970268488 -0.08599091321229935 0.1170385330915451 0.012690282426774502 -0.06768500804901123 0.024091215804219246 0.005659038200974464 0.05916685611009598 -0.011325409635901451 0.1303776204586029 0.00027951732045039535 -0.019096078351140022 0.06463672965765 0.09991957992315292 -0.13365955650806427 0.012026590295135975 0.016126656904816628 -0.03962432220578194 0.060358840972185135 -0.12616892158985138 0.07003827393054962 -0.15758390724658966 -0.057180002331733704 -0.008294645696878433 0.09681537747383118 0.16446903347969055 0.13557834923267365 -0.02488521672785282 0.021451236680150032 0.08233550190925598 -0.13574178516864777 0.14316213130950928 0.057746656239032745 0.16899870336055756 -0.1339792013168335 0.08117444813251495 -0.010676422156393528 -0.012700277380645275 -0.0110098235309124 -0.0011059779208153486 0.003469205927103758 0.022245608270168304 -0.03704533725976944 -0.06505689024925232 0.02826329506933689 -0.009275832213461399 -0.0372164286673069 -0.03127174451947212 -0.03926374018192291 0.039023660123348236 -0.182285338640213 0.03340444341301918 -0.10019782185554504 0.10982205718755722 0.03256315365433693 -0.1902022361755371 0.06343994289636612 -0.023714976385235786 0.13561435043811798 0.07739165425300598 -0.08189164102077484 0.084767185151577 0.03202427178621292 0.023919260129332542 0.008098650723695755 -0.025991618633270264 -0.009990750811994076 -0.031790830194950104 0.07271705567836761 0.059972360730171204 0.10247394442558289 -0.03801416605710983 0.03850885108113289 -0.06492143869400024 0.08769475668668747 0.09185551106929779 -0.004343604668974876 0.07285919040441513 0.056281015276908875 -0.003919213078916073 -0.07897026836872101 -0.04128463938832283 -0.013981696218252182 0.03923702612519264 0.11789440363645554 -0.041707176715135574 -0.08846954256296158 -0.05317676439881325 0.08578058332204819 -0.09071364253759384 0.04964533448219299 0.06902051717042923 -0.006552377250045538 -0.03549403324723244 -0.09486839920282364 -0.046309471130371094 -0.016571421176195145 -0.031592514365911484 -0.09444541484117508 0.025379547849297523 -0.03875545784831047 -0.09512263536453247 0.04348012059926987 -0.1031462550163269 0.028309466317296028 -0.20500096678733826 0.06063554808497429 -0.06521277129650116 -0.17968802154064178 -0.25290346145629883 -0.0802115797996521 0.005387603770941496 0.04239974543452263 -0.056092385202646255 -0.10326436907052994 -0.0465654581785202 0.017100628465414047 -0.07031568139791489 0.07995326817035675 0.10436397045850754 -0.034950435161590576 -0.0055781942792236805 0.06668335199356079 0.039241816848516464 0.006119783502072096 0.04894492030143738 0.0816664770245552 -0.024212123826146126 -0.1175793930888176 0.06052183732390404 0.001919338945299387 0.055267151445150375 -0.022698765620589256 -0.05437496677041054 0.0583561547100544 0.12350106239318848 -0.20622336864471436 0.13019253313541412 -0.05879220739006996 0.04947120323777199 -0.07035983353853226 0.06033584102988243 -0.03129725903272629 0.07845588028430939 -0.1468438059091568 -0.014633198268711567 0.1971692442893982 -0.03173002600669861 0.0244302935898304 0.07653163373470306 -0.1637546867132187 -0.09525090456008911 0.014651864767074585 0.21369753777980804 0.04347740486264229 0.06628948450088501 -0.1294984072446823 -0.02326488122344017 -0.04436201602220535 0.16772960126399994 0.09496549516916275 0.04687798023223877 -0.09997151792049408 0.07302293181419373 0.06719109416007996 0.008941407315433025 0.03380175679922104 -0.08589597046375275 0.07319159805774689 0.22934271395206451 -0.09605670720338821 -0.05425013601779938 0.010882062837481499 -0.026149321347475052 -0.19215774536132812 0.09270685166120529 -0.013909543864428997 -0.04211636260151863 0.013203099370002747 -0.06648509204387665 -0.0093374690040946 0.13575924932956696 0.01827187091112137 -0.05399049073457718 -0.04144163802266121 -0.023513441905379295 0.14661088585853577 0.05587061494588852 0.04457447677850723 0.06041323393583298 0.006525381002575159 0.013260196894407272 -0.14263276755809784 0.12446347624063492 -0.03129921853542328 0.07142512500286102 -0.03826490417122841 0.03193442523479462 0.09620156139135361 0.11138347536325455 0.05874089524149895 -0.016870802268385887 -0.012357988394796848 0.1488371044397354 -0.19028909504413605 0.029344400390982628 -0.03109370917081833 0.14003194868564606 -0.08177235722541809 -0.02114894986152649 -0.03206475079059601 -0.026760447770357132 -0.03472762927412987 -0.10045819729566574 -0.16256935894489288 -0.02556650899350643 0.007940182462334633 0.0944448783993721 0.09165647625923157 0.02262001857161522 0.08730138093233109 0.13564467430114746 -0.05101579800248146 -0.041773755103349686 0.12523281574249268 0.00125396519433707 0.09535328298807144 -0.07502983510494232 0.04405305162072182 0.04801970720291138 -0.019977359101176262 0.07033149898052216 0.0454399473965168 0.043717365711927414 0.029948461800813675 -0.02502831257879734 -0.023763133212924004 0.02094690501689911 -0.01681850105524063 0.1039501428604126 -0.019190428778529167 0.06871359795331955 -0.06400862336158752 -0.11037823557853699 0.03949827328324318 0.052162379026412964 0.04363396391272545 -0.024132627993822098 0.1253320276737213 -0.035738635808229446 -0.06551308929920197 0.054792504757642746 -0.08037451654672623 0.0056084441021084785 -0.04252197965979576 -0.08341003209352493 0.06679461151361465 0.07534407079219818 0.05730757862329483 0.019321411848068237 -0.12096497416496277 0.07728327810764313 0.06565292179584503 -0.06912562251091003 0.14386767148971558 0.0026625257451087236 0.026920542120933533 0.061031799763441086 0.07049092650413513 0.06605001538991928 0.09172742068767548 0.07626960426568985 0.017205534502863884 -0.009567304514348507 -0.012398123741149902 -0.08231666684150696 -0.02257169783115387 -0.11722712963819504 0.03649008274078369 0.011903752572834492 0.03596159815788269 -0.09576127678155899 0.06103592738509178 -0.07687363028526306 0.004106270615011454 0.011971146799623966 0.06638322025537491 0.003929580561816692 -0.05582189932465553 0.026783037930727005 -0.1412329226732254 -0.03755047172307968 0.06149500980973244 -0.10557233542203903 -0.037169840186834335 -0.08456738293170929 0.052008841186761856 -0.019428318366408348 -0.010831629857420921 -0.08750944584608078 -0.07042525708675385 -0.11512693762779236 -0.023537389934062958 -0.046501096338033676 -0.05424533411860466 0.05551263689994812 -0.19801221787929535 -0.10205438733100891 0.02337973192334175 0.027300680056214333 0.14304551482200623 0.18287892639636993 -0.16557414829730988 -0.1133982315659523 0.04081203043460846 0.010541526600718498 -0.0014528344618156552 0.03912116959691048 0.002530045108869672 -0.11662553250789642 -0.03034873679280281 0.06291494518518448 -0.11706319451332092 0.10937263071537018 -0.12734976410865784 -0.010866555385291576 -0.037600383162498474 0.08536102622747421 -0.05993049219250679 0.16602279245853424 -0.039895884692668915 0.09538234025239944 0.09702847898006439 0.13190247118473053 -0.05893296003341675 0.14047813415527344 -0.06116602197289467 -0.07824677973985672 0.16991209983825684 -0.012622618116438389 0.07534840703010559 -0.13862842321395874 -0.05741816759109497 0.03871152922511101 0.022213473916053772 0.04680462181568146 0.005977204535156488 0.14058798551559448 -0.0033229158725589514 -0.08336218446493149 -0.042147036641836166 -0.010162320919334888 0.15005430579185486 0.012917584739625454 0.1287461668252945 -0.09623083472251892 0.16386979818344116 0.08545979857444763 0.020598823204636574 0.09677116572856903 0.12905290722846985 -0.01747378148138523 -0.01357360277324915 -0.028902826830744743 -0.11227858066558838 -0.019933389499783516 0.11967761069536209 0.023584824055433273 0.0332028828561306 0.033269915729761124 0.027830934152007103 -0.08520908653736115 -0.007362238597124815 -0.09680545330047607 0.01123755145817995 0.020183000713586807 -0.027940580621361732 -0.04957142472267151 -0.02761245332658291 -0.07060877233743668 0.003452374367043376 -0.1404557228088379 0.015445929020643234 0.003919331356883049 0.11752580851316452 -0.05470607429742813 -0.01765039563179016 0.09095434844493866 0.0843350812792778 0.017668792977929115 0.1166507825255394 0.11084970086812973 -0.19617332518100739 0.10002981871366501 -0.09701131284236908 0.11692725121974945 -0.04992610216140747 0.10391214489936829 0.1221516877412796 -0.019961325451731682 0.10508576780557632 -0.00889972597360611 -0.10090140998363495 -0.05293107032775879 -0.023143157362937927 -0.16423384845256805 -0.012455148622393608 -0.05162796005606651 -0.04482628032565117 -0.10818411409854889 0.026326796039938927 -0.027341224253177643 0.008040644228458405 0.019939647987484932 -0.07417692989110947 -0.054669953882694244 -0.02622864954173565 0.012520577758550644 0.004626148846000433 0.07095087319612503 0.010885575786232948 0.02858980931341648 -0.059286266565322876 -0.058602962642908096 0.05433956906199455 0.04789289832115173 -0.10969402641057968 0.1073864996433258 -0.052193280309438705 0.1015099361538887 0.029651230201125145 0.0965304747223854 -0.03366060182452202 -0.03216855227947235 0.06639163941144943 0.008210211992263794 -0.07841096818447113 0.06168954819440842 -0.09219126403331757 -0.08293469250202179 -0.119770348072052 0.11137352138757706 -0.10090246051549911 -0.04072171822190285 0.01232460793107748 -0.08059163391590118 0.034298185259103775 -0.050357572734355927 0.025619031861424446 0.04762294143438339 -0.007976356893777847 -0.032392408698797226 -0.008899228647351265 0.046167321503162384 -0.08458919078111649 -0.1538773477077484 0.15054287016391754 -0.06279666721820831 0.027897868305444717 -0.01763140596449375 0.03199659287929535 0.07390667498111725 0.07396803051233292 -0.054434653371572495 0.10263871401548386 -0.11065829545259476 -0.00306098535656929 0.0035921933595091105 -0.07061398029327393 -0.009630052372813225 0.04225332289934158 0.10941097885370255 -0.04586566984653473 0.008433467708528042 0.046464793384075165 -0.09076758474111557 -0.053769681602716446 -0.0727892518043518 -0.04021412506699562 -0.038851700723171234 -0.09051744639873505 -0.1339651644229889 0.028417188674211502 -0.05690087378025055 0.07746842503547668 0.009524473920464516 0.060441140085458755 0.14246444404125214 -0.05424371734261513 -0.18112924695014954 -0.48406457901000977 -0.054210711270570755 -0.2497856616973877 0.0283796489238739 0.1790762096643448 0.07260891795158386 -0.04477819800376892 -0.04657595977187157 0.09061527252197266 0.035946786403656006 0.021149249747395515 -0.11465645581483841 -0.0002510213234927505 -0.05964482203125954 -0.007330276537686586 -0.08563199639320374 -0.041494544595479965 -0.020030394196510315 -0.06564109027385712 -0.11116815358400345 -0.16551156342029572 -0.09607163816690445 0.13164271414279938 0.014301921240985394 -0.033556871116161346 0.12335723638534546 0.04677778109908104 -0.03270646557211876 0.13616825640201569 0.1124952882528305 -0.03733232244849205 0.023231659084558487 -0.11693534255027771 0.07585223764181137 -0.0999465137720108 0.015632426366209984 0.0880969911813736 0.13397474586963654 -0.006372703239321709 -0.093468077480793 -0.2144434154033661 -0.03262205794453621 0.09915589541196823 -0.03257419914007187 0.07539688795804977 0.1308165043592453 -0.060867249965667725 -0.014100202359259129 0.023848669603466988 -0.0018978766165673733 -0.1397354155778885 -0.036614302545785904 0.05452381446957588 0.029652997851371765 -0.0026061595417559147 0.01829916425049305 0.07814040780067444 0.09763692319393158 0.16368317604064941 0.0061132642440497875 0.1372249275445938 0.06027495115995407 -0.12311501801013947 0.044081054627895355 -0.08498787879943848 0.022149819880723953 -0.15369921922683716 0.009186861105263233 -0.030245382338762283 -0.013079408556222916 -0.12934337556362152 -0.15545043349266052 0.04781893640756607 0.06414671987295151 0.11633220314979553 -0.12024865299463272 0.15491794049739838 -0.2694181203842163 0.07512999325990677 -0.05396517366170883 0.14389163255691528 -0.005645861383527517 0.031150663271546364 -0.08079803735017776 -0.010285754688084126 -0.034851256757974625 0.23462603986263275 0.015460583381354809 -0.17052750289440155 0.1414688676595688 0.013558783568441868 -0.04292674362659454 0.011460138484835625 0.08886189013719559 -0.16003525257110596 0.010569612495601177 0.03666036203503609 0.10939226299524307 -0.17979590594768524 0.20013763010501862 0.0048446087166666985 -0.04288361221551895 -0.11773538589477539 -0.2035113275051117 -0.17311027646064758 0.07456639409065247 0.12503182888031006 -0.07086604833602905 -0.020523134618997574 0.12046629935503006 -0.0529986172914505 -0.36518460512161255 -0.07439901679754257 -0.03110308200120926 -0.0495753139257431 0.11383760720491409 -0.0780048593878746 -0.0852079689502716 -0.09547058492898941 -0.16863290965557098 -0.00634345319122076 0.0007966376142576337 -0.0024909276980906725 -0.003718051128089428 -0.0006446806364692748 -0.0016216159565374255 -0.005787665955722332 0.0028263854328542948 -0.0028371710795909166 -0.0018060986185446382 -0.0038254172541201115 -0.0023236116394400597 -0.003685122122988105 -0.0005244205240160227 0.004418656229972839 -0.03171108290553093 0.0032786570955067873 0.0022873240523040295 0.0036947811022400856 0.00045833992771804333 0.013702820055186749 0.0025900625623762608 -0.00010097183985635638 0.01427394151687622 -0.013314134441316128 0.00013776728883385658 0.03412093594670296 -1.0348482959443572e-07 -0.0028520256746560335 -0.001229700748808682 -0.0006886879564262927 -0.001979969907552004 -0.04864859953522682 0.007371534593403339 -0.001611043349839747 -0.032206129282712936 -0.0030976589769124985 -0.003776416415348649 -0.006108528934419155 -0.0004319887957535684 -0.00013863036292605102 -0.011980977840721607 0.01848650351166725 -0.037721388041973114 0.028277195990085602 0.053342122584581375 0.0019217903027310967 -0.001193822594359517 -0.0013057456817477942 -0.04017036408185959 0.06775061041116714 -0.016385896131396294 -0.004719163756817579 -0.012251029722392559 0.03803005814552307 0.003617319045588374 -0.000780030619353056 0.021923115476965904 -0.021154306828975677 -0.0030759116634726524 -0.012545951642096043 0.0004182080738246441 0.009224940091371536 -0.04429495334625244 0.08457152545452118 0.08669129014015198 -0.00891068670898676 -0.11456569284200668 -0.006266133859753609 0.05213207006454468 0.10403311252593994 0.11070770770311356 -0.004457667004317045 -0.06551613658666611 0.020521363243460655 0.040774330496788025 -0.0567609965801239 -0.08687011897563934 -0.02749558351933956 0.006535443477332592 0.00025240788818337023 -0.1121990829706192 0.009029924869537354 -0.011097020469605923 0.053442806005477905 0.14438632130622864 -0.12118063867092133 -0.09751211851835251 0.08976301550865173 -0.028519274666905403 -0.09372565150260925 -0.04683810472488403 0.0002774331078398973 -0.019338026642799377 0.02938518300652504 -0.08457490056753159 0.00302366865798831 0.024631226435303688 -0.11552312970161438 -0.020492395386099815 0.12213227897882462 -0.003223749343305826 -0.004101272206753492 -0.01614099182188511 0.0013361811870709062 -0.040195759385824203 0.05398185923695564 0.07955600321292877 -0.012966121546924114 0.003347215009853244 -0.012802144512534142 -0.01372919324785471 0.08944080770015717 0.04605821520090103 0.02417273446917534 0.029935646802186966 0.025730296969413757 -0.02191503345966339 0.09188643097877502 0.0445360504090786 0.017101189121603966 0.03842137008905411 -0.0028437396977096796 -0.02275567315518856 -0.13869288563728333 -0.0629262924194336 0.029387688264250755 -0.011219563893973827 0.04833348095417023 0.09995324164628983 0.15349428355693817 0.06442797183990479 0.14098715782165527 0.03146697208285332 -0.07188403606414795 -0.21435381472110748 -0.13581594824790955 -0.0023910044692456722 -0.09370944648981094 -0.06629687547683716 0.0382230281829834 -0.02012629806995392 -0.052609868347644806 -0.11868972331285477 0.09536521136760712 -0.08161280304193497 0.06457772850990295 -0.1324710249900818 0.04558330401778221 -0.06799540668725967 0.10903210937976837 0.008626895025372505 0.12263431400060654 -0.06395969539880753 -0.07070884108543396 -0.22900505363941193 0.042113158851861954 -0.14158044755458832 0.17133887112140656 0.08343576639890671 0.08521433174610138 0.11247087270021439 0.13398972153663635 -0.06348655372858047 0.03674127161502838 -0.027829427272081375 -0.24980898201465607 0.07791323214769363 -0.16635090112686157 -0.04684196785092354 -0.15446925163269043 0.22698447108268738 0.1029367744922638 -0.06612125784158707 0.03757500275969505 -0.19133245944976807 -0.22479143738746643 -0.030120670795440674 0.006881209556013346 0.0031609563156962395 -0.1281186193227768 0.05246854946017265 -0.06883957982063293 -0.15159179270267487 -0.14744819700717926 -0.051724597811698914 -0.16491597890853882 -0.028343437239527702 0.02647164650261402 -0.21046273410320282 -0.09903204441070557 0.030125843361020088 -0.031851962208747864 -0.023520221933722496 0.004552613478153944 -0.018124302849173546 0.003501332364976406 0.041839975863695145 -0.09932238608598709 -0.009790369309484959 0.04796062037348747 0.026821821928024292 0.1137068122625351 -0.04822786897420883 -0.0516401045024395 0.13070683181285858 -0.00010887361713685095 -0.050630904734134674 0.10331223905086517 -0.08917376399040222 0.014666717499494553 0.07646085321903229 0.03438061475753784 0.1319662481546402 -0.007318047806620598 -0.06652959436178207 0.07975777238607407 -0.056557949632406235 -0.04683968424797058 0.03197906166315079 0.07008136808872223 0.024718178436160088 -0.03283221274614334 0.018834708258509636 -0.05357441306114197 -0.044977832585573196 -0.014674816280603409 0.11704854667186737 -0.09276784956455231 -0.09742741286754608 -0.009918926283717155 0.05680280923843384 0.09612134844064713 -0.0917971059679985 0.023275593295693398 -0.06802837550640106 0.016456449404358864 0.05737605690956116 -0.06407193839550018 -0.0149376904591918 -0.012761512771248817 -0.013773213140666485 -0.0323643796145916 0.02657572366297245 0.028745168820023537 -0.04625898227095604 0.11692772805690765 -0.06903506070375443 -0.006748194340616465 0.06864722818136215 0.05546204373240471 -0.1028684601187706 0.025384970009326935 0.11435219645500183 0.0703737735748291 -0.025021759793162346 0.036357440054416656 0.03528731316328049 -0.01229593250900507 0.014523955062031746 -0.06136590242385864 0.002372040180489421 0.02064063772559166 0.054470863193273544 -0.1097763180732727 -0.04527588188648224 0.06763728708028793 0.09179787337779999 -0.11802741885185242 0.03487576171755791 0.10718271136283875 -0.03127439692616463 0.07269652932882309 0.04963725060224533 0.10189847648143768 -0.013975877314805984 0.09442819654941559 0.09677710384130478 -0.02795841544866562 -0.1644822210073471 0.09265421330928802 0.03167979419231415 0.028824124485254288 -0.11891989409923553 0.04814046621322632 0.10882968455553055 0.02829601988196373 0.03885659947991371 -0.05538716912269592 0.01960555650293827 -0.021473923698067665 -0.09095097333192825 0.045057330280542374 0.02318701706826687 -0.0016621217364445329 0.04602595418691635 -0.027188772335648537 -0.12471941858530045 0.036532655358314514 -0.1132163554430008 -0.013958905823528767 -0.036738038063049316 0.09240489453077316 -0.06817484647035599 -0.0782676711678505 0.13501094281673431 -0.02246534638106823 0.13991676270961761 0.0631752610206604 0.044317733496427536 0.04953087866306305 -0.10581411421298981 -0.00815605279058218 0.031820062547922134 -0.07399255782365799 -0.07567816972732544 0.05898457020521164 0.09315665066242218 0.09513852745294571 -0.0757218673825264 -0.03666020557284355 -0.027057228609919548 -0.05429835990071297 -0.1615905910730362 -0.18273785710334778 -0.1978118121623993 0.023103607818484306 -0.06651563942432404 -0.1162225678563118 0.16199009120464325 -0.05188055709004402 0.1184806227684021 0.006315084174275398 -0.08286558091640472 0.0008499245159327984 0.019340090453624725 0.07602749764919281 0.13375340402126312 0.05942240357398987 0.05535569414496422 -0.07195369154214859 0.03976744785904884 -0.08733980357646942 -0.0444006510078907 0.08423243463039398 -0.02726704813539982 0.015981091186404228 0.01258055865764618 0.11464763432741165 0.042910754680633545 -0.16764169931411743 -0.11731085181236267 0.09926582872867584 -0.040991462767124176 0.05787956342101097 -0.0016576799098402262 -0.10504629462957382 0.1785207837820053 -0.017334068194031715 0.08859080821275711 0.18717624247074127 0.06345842033624649 -0.1381072700023651 -0.04418962076306343 -0.10443679243326187 -0.012328433804214 -0.07687634229660034 0.11551252007484436 0.01796538382768631 -0.1268806904554367 -0.08228294551372528 0.20548750460147858 -0.012410641647875309 -0.053238093852996826 -0.1090187355875969 -0.058819591999053955 0.04787507280707359 0.031037360429763794 -0.1530083566904068 -0.16845004260540009 -0.08616571873426437 0.07214665412902832 0.09655056893825531 0.07136775553226471 -0.13576850295066833 -0.31673088669776917 -0.004714422393590212 0.15660957992076874 0.1971806436777115 0.014265005476772785 -0.2982225716114044 0.0741703063249588 -0.09434259682893753 -0.3437569737434387 -0.18716858327388763 0.11797434091567993 -0.019720057025551796 -0.06382642686367035 0.045635927468538284 -0.07052388042211533 0.15728174149990082 0.05352026969194412 0.08215154707431793 -0.0726320743560791 0.1541913002729416 -0.03663811460137367 0.24055267870426178 0.029364682734012604 0.004787372425198555 -0.1974536031484604 0.17242954671382904 -0.06166565790772438 0.07305260002613068 -0.2960386276245117 0.060870006680488586 0.08462472259998322 -0.03899451717734337 0.03607342019677162 -0.06818283349275589 -0.10597697645425797 0.05104273557662964 -0.0629337728023529 -0.05032247304916382 0.012614168226718903 0.015305198729038239 -0.08550140261650085 -0.16538570821285248 0.010525493882596493 -0.11759009212255478 0.053049519658088684 -0.09579063951969147 -0.14616429805755615 -0.31684327125549316 -0.01421694178134203 0.08429282158613205 -0.31443026661872864 0.14151470363140106 0.21874617040157318 -0.04932235926389694 -0.35256874561309814 -0.20091450214385986 -0.0544218048453331 0.26574739813804626 0.014104995876550674 0.04650893807411194 -0.10082782804965973 0.044830407947301865 -0.18502286076545715 -0.0013304643798619509 -0.05504174903035164 0.06124110892415047 0.028321389108896255 0.14927250146865845 0.12970320880413055 0.010170097462832928 -0.14032213389873505 -0.1358916014432907 -0.163161501288414 -0.06533025950193405 -0.13214029371738434 0.07095599919557571 0.03653250262141228 -0.08676514774560928 0.030974755063652992 0.10499793291091919 0.03518250957131386 -0.016314873471856117 -0.11212505400180817 -0.03957067057490349 -0.11223062127828598 0.153962641954422 -0.03592010959982872 0.08592188358306885 -0.06516416370868683 -0.009241928346455097 -0.12726157903671265 -0.020025627687573433 -0.022598939016461372 0.026694944128394127 -0.09023523330688477 -0.02352072298526764 -0.06094761937856674 -0.09175381064414978 0.10221103578805923 0.0020415314938873053 0.030987348407506943 -0.19331671297550201 -0.032706256955862045 0.0013714150991290808 0.10935512185096741 -0.11323823034763336 0.1459762305021286 -0.048326827585697174 0.08935573697090149 -0.07971374690532684 -0.14902593195438385 -0.19716282188892365 0.06429371237754822 0.06188519671559334 -0.22879233956336975 0.04688291996717453 0.021838689222931862 -0.023622820153832436 -0.0186656191945076 -0.15430127084255219 0.12633809447288513 -0.11453254520893097 -0.08306804299354553 0.016609305515885353 -0.1759336292743683 0.04111865535378456 -0.029740503057837486 -0.09568454325199127 0.12942208349704742 0.05538193881511688 -0.07936962693929672 0.007079359143972397 0.011816835962235928 -0.14544418454170227 0.13658569753170013 0.06293854117393494 -0.06691381335258484 0.1064431369304657 0.07184595614671707 -0.15138216316699982 -0.0035528005100786686 0.056176938116550446 -0.08551324903964996 -0.07811744511127472 -0.12345445901155472 -0.04750652611255646 0.2241198867559433 0.031034210696816444 0.15635453164577484 0.13292233645915985 -0.013933539390563965 0.00999128632247448 -0.01671580784022808 0.12255069613456726 -0.08571679145097733 -0.025049488991498947 -0.05382109060883522 -0.0011016805656254292 -0.062331389635801315 -0.032723743468523026 -0.0703425481915474 0.00283208885230124 0.07232483476400375 -0.07303841412067413 0.006514579989016056 -0.09888182580471039 -0.01644822023808956 -0.07538224756717682 0.10871177911758423 -0.11616305261850357 0.0787666067481041 -0.03261670470237732 0.05128469690680504 0.025966327637434006 -0.0032200568821281195 0.16022327542304993 -0.01266475673764944 -0.06781173497438431 -0.05103524401783943 -0.07945255935192108 -0.031756311655044556 -0.08809185028076172 0.07374655455350876 0.10309197753667831 0.11934549361467361 0.06711386144161224 -0.10582315921783447 0.09909380227327347 0.10317165404558182 0.13067105412483215 0.0886923298239708 -0.029805827885866165 -0.1916162073612213 -0.08612401783466339 -0.06447867304086685 -0.016956260427832603 0.0713733658194542 -0.05025526136159897 -0.10812992602586746 -0.12641358375549316 0.08587347716093063 -0.018089352175593376 -0.13146720826625824 0.06604409217834473 0.11081340909004211 0.060365404933691025 -0.013256586156785488 -0.018992476165294647 0.061087384819984436 0.10393460094928741 -0.025042621418833733 -0.05283501371741295 -0.06390099227428436 0.08639148622751236 0.0037895720452070236 0.13467611372470856 -0.0026292738039046526 -0.12642335891723633 -0.21359705924987793 0.07951536774635315 -0.04571293294429779 0.19225409626960754 0.10422106087207794 -0.10195782035589218 0.03814417123794556 -0.01687406562268734 0.07548578083515167 0.008420790545642376 0.010941525921225548 -0.17909373342990875 0.07269146293401718 -0.06590432673692703 0.052791155874729156 0.11965165287256241 0.10250207036733627 0.08219461888074875 0.029715610668063164 -0.09353453665971756 0.009250817820429802 -0.20517098903656006 0.10559020191431046 0.01568811945617199 0.03883887827396393 0.0639403685927391 0.037587374448776245 0.11712286621332169 -0.03602711111307144 -0.004692708142101765 0.11106383800506592 0.10736279934644699 -0.060157716274261475 0.08519742637872696 -0.13892798125743866 0.1225365400314331 0.03334735706448555 -0.14597776532173157 0.09729475528001785 0.16200676560401917 -0.1193586215376854 -0.1856680065393448 -0.048768989741802216 -0.14307011663913727 -0.09465637058019638 0.010533943772315979 0.13370999693870544 -0.037502311170101166 -0.07463441044092178 -0.07972436398267746 0.029706360772252083 -0.01766819693148136 -0.10160981863737106 -0.022769389674067497 -0.05256872624158859 -0.13714715838432312 -0.10217642039060593 0.06441833823919296 0.16801218688488007 -0.08670870214700699 0.028988372534513474 -0.034675732254981995 -0.07588940113782883 -0.04362389072775841 -0.0040686726570129395 0.048013828694820404 0.038483694195747375 -0.07596888393163681 0.11518500000238419 0.04856499284505844 0.06309307366609573 -0.14489486813545227 -0.029041316360235214 -0.013179576955735683 0.011105773970484734 0.03994705528020859 0.121631920337677 0.027485964819788933 -0.09093472361564636 0.09222309291362762 0.0034465305507183075 0.09257776290178299 -0.07977548986673355 -0.1676507443189621 -0.07925712317228317 -0.022541925311088562 0.041956186294555664 0.09106575697660446 -0.034726571291685104 0.12467178702354431 -0.10684147477149963 -0.08075346797704697 -0.05717507377266884 -0.05262194573879242 -0.05980347841978073 -0.11380165070295334 -0.08200815320014954 -0.13323473930358887 0.13533850014209747 -0.03477912023663521 -0.06305152922868729 0.11187379062175751 -0.023093659430742264 -0.0203164704144001 -0.026566660031676292 0.1831989586353302 0.07332900166511536 -0.09604770690202713 0.020712045952677727 -0.16988635063171387 -0.12207677215337753 -0.14048656821250916 0.04219401255249977 0.03466443344950676 0.04991457611322403 -0.008210945874452591 -0.0586634986102581 0.062406886368989944 -0.057887863367795944 -0.002819221466779709 -0.05215431749820709 0.10537057369947433 -0.0926922857761383 0.08822867274284363 0.04119520261883736 -0.08379493653774261 -0.036190591752529144 0.0701814591884613 -0.18960893154144287 -0.05157969146966934 -0.12610185146331787 0.0880335345864296 -0.1289207637310028 -0.026256127282977104 0.018761910498142242 0.11215593665838242 0.008429022505879402 0.09935766458511353 -0.003963117022067308 -0.14188186824321747 0.06508422642946243 -0.05196590721607208 0.03164996579289436 0.08452104032039642 0.13286392390727997 -0.12139686197042465 0.10954531282186508 -0.05750478431582451 0.01628296822309494 -0.1985768973827362 -0.07727333903312683 0.03443470224738121 -0.17179623246192932 0.04014886915683746 0.05999310314655304 0.10047760605812073 -0.18641841411590576 0.048109132796525955 0.06522911787033081 0.04487353190779686 -0.0462491512298584 0.12156994640827179 -0.09270500391721725 0.10420886427164078 0.07022731751203537 0.0021417709067463875 -1.1133797883644547e-08 -8.5124556790106e-05 0.0014502030098810792 -1.6717274775146507e-05 0.00029255126719363034 -0.0007300500874407589 4.029734046451239e-10 0.0003799002734012902 -0.0004516452318057418 -0.000791466620285064 -0.0041716923005878925 -0.00013112390297465026 -3.908310827682726e-05 5.8115736464969814e-05 -9.096964248556105e-08 -1.480844058487918e-10 -4.781968982570106e-06 -7.175632995219905e-18 -3.3260573124178665e-19 1.4813355403431316e-11 -1.4961411807234981e-06 -0.0003742195258382708 -3.0222907509980246e-10 -2.9984643656888466e-09 -1.0191019100602716e-05 -7.534960104749189e-07 -5.066563971922733e-06 -0.0001837590680224821 -2.4170334654627368e-05 -3.623368320404552e-05 9.669718151195106e-12 -1.6357573281999827e-11 -1.0665084093641752e-10 -3.5698315059562447e-07 -8.769244885797889e-09 1.5502747696682917e-10 -1.2354296585179218e-19 -9.968064773602237e-08 -1.059504711520276e-06 -2.877146521029772e-09 -3.475989842627314e-06 9.672295391283114e-07 -7.687239733655815e-11 2.138634513926263e-08 -3.2111032055581745e-07 -9.357435715173779e-09 -7.923525845399126e-05 -7.174424536060542e-05 -1.833079977586749e-06 -2.5849038465253216e-08 2.14285478250531e-08 3.893352914019488e-05 -1.4799397263232095e-09 -4.4578825963981217e-07 -6.102234237914672e-06 -2.9237105536594754e-06 -2.2538063429444755e-11 -1.1958215395679872e-07 -0.0011132367653772235 -7.659446055185981e-07 -1.2781805756225585e-17 7.97932379892341e-12 -5.9907048211016445e-09 -0.12767335772514343 -0.24798031151294708 -0.1437893509864807 -0.11165567487478256 -0.021104848012328148 0.011471175588667393 0.08406609296798706 -0.07334133237600327 -0.03348437324166298 0.0035173408687114716 -0.03484771028161049 -0.18503974378108978 -0.184606671333313 -0.005370326805859804 -0.19514307379722595 0.15643982589244843 0.011458158493041992 -0.0016476024175062776 0.1512177586555481 -0.1882612705230713 -0.030943607911467552 -0.001934132189489901 0.006563957780599594 -0.015478504821658134 -0.13620737195014954 0.007775746751576662 -0.0368071123957634 -0.0884166806936264 -0.03363494947552681 -0.01336728036403656 0.1918189972639084 0.08832721412181854 -0.09659289568662643 -0.003106348682194948 -0.1359957754611969 -0.22708630561828613 -0.06120786443352699 -0.09373777359724045 -0.07278519868850708 -0.14291022717952728 0.05841033533215523 0.07795419543981552 0.14208902418613434 0.06224720552563667 0.02227245457470417 -0.08161349594593048 0.06434732675552368 0.10864094644784927 -0.1565292775630951 -0.1412697583436966 -0.16863541305065155 0.019508011639118195 -0.060413721948862076 -0.016258690506219864 -0.16097860038280487 -0.061132390052080154 -0.04322638362646103 0.030587149783968925 0.1976567655801773 0.11691770702600479 0.017550602555274963 0.017503777518868446 0.10863055288791656 -0.07628485560417175 -0.11829128861427307 0.008785340934991837 -0.14362090826034546 0.04430346563458443 -0.044105902314186096 -0.18809986114501953 0.038927070796489716 0.024934958666563034 0.053941600024700165 0.1061711460351944 -0.06798550486564636 -0.07187396287918091 0.050961095839738846 -0.09619642049074173 -0.04432131350040436 0.09398778527975082 0.012361930683255196 0.033357322216033936 -0.01959921605885029 0.024043196812272072 -0.03413486108183861 0.08365672826766968 -0.0762162134051323 0.08777608722448349 0.009139496833086014 0.05029412358999252 -0.13601680099964142 0.11070415377616882 -0.008548151701688766 0.13128386437892914 -0.024065937846899033 -0.12770161032676697 0.05282242223620415 0.0599343441426754 -0.11169857531785965 0.08621694147586823 0.06159612908959389 -0.03825831413269043 -0.011124935001134872 0.12226161360740662 0.11405779421329498 -0.04610608145594597 0.04355396330356598 -4.738016286864877e-05 0.11175049841403961 0.035478293895721436 0.0034747691825032234 -0.04702857881784439 0.004037830978631973 0.0011137878755107522 -0.013280686922371387 0.05370581895112991 0.0012681344524025917 -0.03133630007505417 0.071392722427845 0.08824128657579422 0.03614352270960808 0.06338828057050705 -0.0013950790744274855 -0.16336770355701447 0.04849594831466675 0.035156890749931335 0.04669751971960068 0.01955326274037361 0.0654793307185173 -0.00907177571207285 0.1305050104856491 -0.05773190036416054 0.10193125903606415 -0.04476124420762062 0.07767912745475769 -0.08970922976732254 0.10444130003452301 0.009146199561655521 0.019297035411000252 0.09478869289159775 0.10659757256507874 0.08323574811220169 -0.10754203051328659 -0.006811386905610561 0.07733601331710815 -0.020742420107126236 -0.015622647479176521 -0.16232497990131378 0.10403896868228912 -0.08522892743349075 -0.07103361189365387 -0.032067734748125076 0.08876305818557739 0.008226522244513035 -0.06200050190091133 0.0017369089182466269 -0.025332149118185043 0.08322709053754807 -0.03959677368402481 0.04015355929732323 -0.03355911746621132 0.048754025250673294 0.023554813116788864 0.09907904267311096 -0.005467464216053486 -0.0408780612051487 -0.052563585340976715 -0.0914703831076622 -0.07766677439212799 -0.04485677555203438 0.03280085697770119 0.049914825707674026 0.055184874683618546 0.08991546183824539 -0.044424667954444885 -0.10311286896467209 0.07453367114067078 0.053637005388736725 0.024263720959424973 -0.09561198204755783 -0.16507939994335175 -0.01867736503481865 0.12391246110200882 -0.06493272632360458 0.006675514858216047 0.11895641684532166 0.005685243755578995 -0.0004461005446501076 0.03535275161266327 0.04368916153907776 0.001686912146396935 0.08763325959444046 -0.08073586970567703 0.03429735079407692 0.10835599899291992 0.0034780940040946007 0.1698092520236969 0.02788974717259407 -0.05507056787610054 0.05662594363093376 -0.24791692197322845 -0.06520712375640869 0.03028915449976921 -0.05470384657382965 0.12699627876281738 0.054498497396707535 -0.06561743468046188 -0.0038247350603342056 0.0359429195523262 0.007011645473539829 0.11976803094148636 -0.1230967566370964 0.09409336745738983 0.0647992417216301 0.2517862021923065 -0.056212376803159714 0.09823476523160934 -0.0021376728545874357 -0.06583772599697113 -0.22391380369663239 -0.11959941685199738 -0.09972819685935974 0.05890366807579994 -0.11248890310525894 -0.10922893136739731 0.09528091549873352 0.0035640716087073088 0.10462260991334915 0.05591006577014923 -0.008627592585980892 -0.09270389378070831 0.10503627359867096 0.07861028611660004 0.03651963174343109 0.12306888401508331 0.10692910850048065 -0.09504707157611847 0.0938892811536789 -0.08274195343255997 -0.014364585280418396 -0.14697018265724182 -0.12424501031637192 -0.015497992746531963 -0.2512413561344147 -0.013280193321406841 -0.03503049910068512 -0.0468139573931694 -0.0877474993467331 0.004354385659098625 -0.06805285811424255 0.06285256147384644 0.000490812468342483 0.10924156755208969 -0.22345860302448273 -0.045107074081897736 -0.1121215894818306 -0.13185088336467743 0.10460207611322403 -0.02211383730173111 -0.05117827281355858 -0.08770528435707092 -0.10114293545484543 0.03865111619234085 0.00019275190425105393 0.06896425783634186 0.12673479318618774 -0.021957792341709137 0.035643383860588074 -0.13120827078819275 -0.026129785925149918 0.022092880681157112 0.030060607939958572 -0.013332375325262547 0.007524562533944845 -0.058791473507881165 0.11450042575597763 0.03793958202004433 -0.03357855975627899 -0.06839455664157867 -0.012630230747163296 0.025272736325860023 -0.04555141180753708 -0.015108015388250351 0.07651165872812271 0.11262857168912888 0.007838591001927853 -0.03998679295182228 -0.10709750652313232 -0.0032126561272889376 0.0020695277489721775 0.04828178510069847 -0.06650394946336746 -0.04535762593150139 0.07033596932888031 -0.02060963585972786 0.04643562436103821 0.020579077303409576 0.09886156022548676 -0.006301050074398518 0.08245716989040375 0.01662234030663967 0.04703740403056145 0.007182562258094549 0.04538454860448837 0.08455324918031693 0.05266555771231651 -0.03610376641154289 -0.008633405901491642 0.05909828096628189 -0.07157253473997116 0.015338029712438583 0.06216159462928772 0.0623479038476944 -0.02808298170566559 -0.0014469267334789038 -0.10146664083003998 0.07224508374929428 -0.033915214240550995 -0.039373915642499924 0.07792863249778748 -0.13558702170848846 0.0292923916131258 0.15451841056346893 0.03651237487792969 -0.07534413784742355 -0.12158875167369843 -0.03158770874142647 0.04496602714061737 0.0647747665643692 -0.05970527604222298 0.0201425738632679 0.051405105739831924 -0.06600945442914963 0.0355549082159996 0.0377766489982605 -0.007897501811385155 -0.06372625380754471 -0.012791860848665237 -0.05380335822701454 0.22642549872398376 0.0926382765173912 0.1666419506072998 -0.031453974545001984 0.04577035829424858 0.08378206938505173 0.03909994661808014 -0.01426339615136385 0.057423751801252365 0.05422678217291832 -0.08706077188253403 -0.02281668223440647 -0.07353691011667252 0.0341678187251091 0.07400238513946533 0.050960343331098557 0.07066985964775085 -0.05859231576323509 -0.04571064934134483 -0.1001192033290863 0.0375334769487381 0.16231682896614075 0.007339511997997761 -0.133838951587677 0.009667646139860153 -0.1041812002658844 0.05213392898440361 0.07361117005348206 -0.0530891977250576 0.03929577022790909 0.14769965410232544 0.0545358769595623 -0.0743662491440773 -0.03732248768210411 0.08725482225418091 -0.11958487331867218 -0.030277194455266 0.022741390392184258 0.09815885126590729 0.023648595437407494 -0.1252838522195816 0.095071941614151 -0.04270526394248009 -0.1243002787232399 0.07116308808326721 -0.02220955863595009 -0.007886666804552078 -0.042698390781879425 0.03207286447286606 0.005197995807975531 0.04258541017770767 -0.10266169160604477 -0.06013060361146927 0.008772513829171658 -0.011609779670834541 -0.028749944642186165 -0.029301682487130165 -0.06910181045532227 0.0287424735724926 -0.00542976800352335 0.1440320611000061 0.007996437139809132 0.10523409396409988 -0.0362623855471611 0.027231646701693535 0.008711077272891998 -0.09430436044931412 0.007605845108628273 0.013447669334709644 -0.05215830355882645 0.08966588973999023 0.036526262760162354 0.09942767024040222 0.10668879002332687 -0.12205710262060165 -0.08496083319187164 0.03330593556165695 -0.06081243231892586 -0.12144012004137039 -0.05045941099524498 -0.05915867164731026 0.07327134907245636 -0.12936198711395264 0.07019446045160294 0.06057415530085564 -0.02635280415415764 -0.008456792682409286 0.05012424662709236 -0.14602991938591003 -0.04827326908707619 -0.14887022972106934 0.0991201400756836 -0.055552829056978226 0.054754309356212616 0.05105382204055786 -0.00596657395362854 0.11071238666772842 0.08150605112314224 0.05293220654129982 -0.13599708676338196 0.06374528259038925 0.09939732402563095 -0.06225702166557312 0.07973087579011917 0.06434705853462219 0.10969927906990051 -0.02619088813662529 -0.09524857997894287 -0.057213280349969864 -0.08142466843128204 0.07818296551704407 0.06967730820178986 0.08550470322370529 -0.056108929216861725 0.0016288100741803646 -0.03339598700404167 0.014260293915867805 -0.07100966572761536 -0.0013994319597259164 0.08192688971757889 0.1279105395078659 -0.04015840217471123 0.03676684945821762 -0.06078260764479637 -0.08280643820762634 0.14617469906806946 -0.06434287130832672 -0.10873515903949738 0.030909692868590355 -0.0961502343416214 0.04067409411072731 -0.12005646526813507 -0.00819007121026516 -0.11369750648736954 -0.10164973139762878 -0.09143035858869553 -0.07060444355010986 0.1347324401140213 0.03891370818018913 0.005401300732046366 -0.06298534572124481 -0.0041931974701583385 0.031097134575247765 -0.007745562121272087 0.06437310576438904 -0.15336768329143524 -0.15625475347042084 0.04828459024429321 -0.07937390357255936 0.05218095704913139 -0.12631581723690033 0.07105650752782822 -0.011853967793285847 0.011786763556301594 0.08282572776079178 0.005331968888640404 0.05259441211819649 0.07988398522138596 -0.013270871713757515 0.05175333470106125 0.06660447269678116 0.054250914603471756 0.05173661559820175 0.024344587698578835 0.0307021364569664 0.045815303921699524 -0.08911332488059998 0.03455561026930809 -0.10196944326162338 0.03645818680524826 0.029750611633062363 -0.11663293838500977 -0.049785688519477844 0.01257166638970375 0.08708123862743378 -0.061477769166231155 -0.047177158296108246 0.071463443338871 -0.07282237708568573 -0.030601542443037033 0.06010781601071358 -0.09232538193464279 0.03588397055864334 0.13157124817371368 0.014338892884552479 -0.0334794782102108 0.006755628157407045 -0.07546097040176392 0.09143874049186707 -0.0009625563398003578 0.102654367685318 -0.07851219922304153 0.1557626575231552 -0.031932760030031204 -0.0018292632885277271 0.02322663925588131 0.04521508887410164 0.014295035041868687 0.07804257422685623 0.04428916424512863 0.017309730872511864 -0.12407629936933517 0.024449337273836136 0.009743333794176579 0.05354006588459015 -0.05771046131849289 -0.07049278914928436 -0.052694275975227356 -0.07905391603708267 -0.06096884235739708 -0.1178501769900322 0.03478175401687622 0.08409269154071808 0.08209117501974106 -0.04139310494065285 -0.09158008545637131 -0.03212111443281174 0.05875461548566818 -0.07929647713899612 -0.04918716847896576 0.05978051573038101 -0.013108758255839348 0.10813707858324051 0.07045120745897293 -0.12527015805244446 -0.06393235921859741 -0.015605333261191845 0.06877205520868301 -0.07613115757703781 0.07601034641265869 -0.01359003596007824 -0.13525336980819702 -0.01180096622556448 0.06532462686300278 -0.08736924082040787 0.07459459453821182 0.013341971673071384 -0.031007498502731323 0.07773130387067795 0.11232981085777283 0.12540987133979797 0.07134847342967987 0.09019675850868225 -0.05836707353591919 -0.08042945712804794 -0.10287949442863464 -0.08234074711799622 -0.12933820486068726 -0.03311613202095032 0.102109394967556 0.05981212109327316 0.026040557771921158 0.09459322690963745 0.14439263939857483 -0.029553908854722977 0.03346030414104462 -0.059576138854026794 0.06528497487306595 0.02106350287795067 0.07337333261966705 -0.1318250596523285 0.06010245531797409 0.05370842665433884 0.0777716189622879 -0.06469181925058365 0.010798193514347076 0.011609546840190887 0.04131855070590973 -0.1245260238647461 -0.08006958663463593 -0.02173076942563057 -0.02204841934144497 -0.10087238997220993 -0.08728204667568207 -0.044580474495887756 -0.0660874992609024 0.06523619592189789 0.030098777264356613 0.09857580065727234 0.13990432024002075 0.009591133333742619 -0.029718350619077682 -0.012695376761257648 -0.08398567885160446 0.020183945074677467 -0.024548359215259552 -0.0163793433457613 -0.05130089074373245 -0.24249660968780518 -0.048706430941820145 0.068265400826931 0.12072181701660156 -0.00523477653041482 0.052432458847761154 0.029643692076206207 0.0007261726423166692 0.005289633292704821 0.004464560188353062 -0.12103316187858582 0.011607350781559944 0.08560853451490402 0.08581727743148804 0.1278422325849533 -0.002484380966052413 0.11617690324783325 0.08498428016901016 0.13543139398097992 0.011977947317063808 -0.2335626184940338 -0.04312864691019058 -0.07575030624866486 -0.1474318951368332 0.0056632948108017445 0.04625736176967621 -0.003118522698059678 -0.023954423144459724 -0.12189166992902756 0.07831088453531265 -0.08064022660255432 0.00847273226827383 -0.17595615983009338 0.00751283997669816 -0.07539115846157074 0.05310678109526634 -0.1345420926809311 0.10729209333658218 -0.068108931183815 0.08694937080144882 -0.19779349863529205 -0.11848226189613342 -0.10555576533079147 0.14734436571598053 0.10453291237354279 -0.10971605777740479 0.020374352112412453 0.1586015522480011 0.058502957224845886 0.08205346763134003 0.12996694445610046 -0.14770255982875824 0.07286792248487473 0.046340346336364746 -0.06227048859000206 -0.15518522262573242 -0.018205925822257996 -0.01757883094251156 0.07600283622741699 -0.061889342963695526 -0.06651320308446884 -0.07491545379161835 0.02801726572215557 0.07917311787605286 -0.11409012228250504 0.06117691472172737 -0.008741114288568497 0.04224194958806038 -0.2102968543767929 -0.10762516409158707 -0.0884874239563942 -0.05530247092247009 -0.017717260867357254 0.13328003883361816 -0.12052057683467865 0.08680413663387299 -0.028722738847136497 0.05633607879281044 0.09029345959424973 0.03654284402728081 -0.041010189801454544 -0.15430311858654022 -0.054985180497169495 0.11821800470352173 0.0661201998591423 0.01865222118794918 0.07035287469625473 -0.07439174503087997 -0.09778293967247009 -0.04210802912712097 0.05738719925284386 0.026516569778323174 0.10508500039577484 0.0652228593826294 0.052491314709186554 -0.10978585481643677 0.0961986854672432 -0.07491102069616318 0.06570902466773987 0.03769092634320259 0.013317415490746498 -0.13040871918201447 -0.08967160433530807 0.09788857400417328 0.026203827932476997 0.041139155626297 0.044022075831890106 0.08739373087882996 0.020895082503557205 0.08034461736679077 0.07672016322612762 0.020975084975361824 -0.04867643862962723 -0.047199688851833344 0.005088464356958866 0.1177714392542839 -0.12545007467269897 -0.04256545379757881 -0.1168382465839386 -0.008636420592665672 -0.0972469300031662 0.052649691700935364 -0.07049749791622162 0.11023089289665222 0.018881263211369514 -0.01552752684801817 -0.004105597268790007 -0.0471377931535244 -0.06281767040491104 0.12927082180976868 0.1455995738506317 -0.02440287545323372 0.01635228842496872 0.03824380040168762 -0.047790661454200745 0.08811965584754944 -0.11052652448415756 0.04142783582210541 0.11651694029569626 -0.07799125462770462 -0.03801880031824112 -0.006985752377659082 0.07646617293357849 0.026316437870264053 -0.09212891757488251 -0.2040141522884369 -0.03362623602151871 -0.10272146761417389 -0.0980754941701889 -0.00824448186904192 -0.005479543935507536 -0.07873506098985672 -0.002026675269007683 -0.11027408391237259 0.041572313755750656 0.07336640357971191 0.04076424613595009 0.062210191041231155 -0.049194082617759705 0.041823480278253555 -0.017621973529458046 0.08764307200908661 0.16748544573783875 -0.15604639053344727 -0.05696509778499603 0.04917307570576668 -0.053751200437545776 -0.06788117438554764 -0.03435268625617027 -0.03376442566514015 0.006961546838283539 -0.07593607902526855 -0.05194845050573349 0.1300058215856552 0.052361685782670975 -0.032640084624290466 0.06260159611701965 -0.004978574812412262 0.14130355417728424 -0.08216346800327301 0.07103697955608368 -0.009943492710590363 -0.03731432184576988 0.061639588326215744 0.0711202621459961 -0.061153363436460495 -0.014624576084315777 -0.06520126014947891 -0.061539001762866974 0.09389876574277878 -0.11338656395673752 -0.06986289471387863 -0.006292151287198067 -0.008576064370572567 -0.08032424747943878 -0.017753450199961662 0.12494861334562302 -0.010901353321969509 -0.013634774833917618 -0.062228478491306305 -0.07231089472770691 -0.14027711749076843 0.08860848098993301 0.08513326197862625 0.01388560701161623 0.11965996026992798 -0.07894472032785416 0.05324579402804375 -0.06550608575344086 -0.12515103816986084 0.05055289715528488 0.02587738260626793 0.11491819471120834 -0.03297354280948639 -0.057799722999334335 0.08016810566186905 -0.0061738863587379456 0.020103123039007187 -0.0003282204270362854 0.06620609015226364 -0.08851984143257141 0.0319383442401886 -0.1673341542482376 0.06512606143951416 -0.07403801381587982 0.09416767209768295 0.11194265633821487 -0.05957994610071182 -0.01481663715094328 0.10569357126951218 0.04727921634912491 -0.071347177028656 -0.03248331695795059 -0.017978642135858536 -0.14405539631843567 0.012142928317189217 0.004131435416638851 0.016528716310858727 -0.06251682341098785 -0.13452133536338806 -0.13248401880264282 0.06451401114463806 0.13333527743816376 -0.05143416300415993 0.09598074853420258 -0.14476540684700012 0.06971562653779984 -0.07104111462831497 0.052526723593473434 0.05451841279864311 0.04690880328416824 0.022968590259552002 0.029240591451525688 -0.018479440361261368 -0.006221313029527664 0.028548212721943855 -0.08544637262821198 -0.025972578674554825 -0.04564574733376503 0.04780740663409233 -0.09482832998037338 0.0019175427732989192 0.0883956104516983 0.00997082982212305 0.07400605082511902 -0.11269629001617432 -0.02058592066168785 0.10475573688745499 -0.0301001388579607 0.040836188942193985 0.09413684159517288 0.08495048433542252 0.00412356061860919 0.0028133054729551077 0.10321880131959915 0.05515708029270172 -0.05529167503118515 -0.0069524007849395275 0.038093097507953644 0.05191808193922043 0.1032709851861 0.08399418741464615 0.023043304681777954 -0.1222940981388092 -0.040725354105234146 -0.0442531444132328 0.027123285457491875 -0.09460623562335968 0.014314486645162106 -0.1352849006652832 -0.0145590053871274 -0.07664114236831665 -0.07280201464891434 0.046522147953510284 0.1226186528801918 -0.047277312725782394 0.07025059312582016 0.023372603580355644 -0.04997234418988228 0.03325282409787178 -0.09260309487581253 -0.06846786290407181 0.010935493744909763 -0.008642476052045822 -0.015534864738583565 -0.07336302846670151 0.052593424916267395 -0.16796638071537018 0.06088128685951233 -0.034372489899396896 0.10361816734075546 -0.008375545963644981 0.0309334434568882 9.63112324825488e-06 -0.007301982492208481 0.040829744189977646 -0.02018050290644169 0.012336730025708675 0.0033097409177571535 -0.09307566285133362 -0.10474789887666702 -0.12607039511203766 -0.07609102874994278 -0.05763592943549156 0.018921852111816406 0.01893339492380619 -0.01734774559736252 -0.05771626904606819 -0.10258074104785919 -0.10867368429899216 -0.034777019172906876 -0.02919025532901287 0.06428057700395584 -0.07996125519275665 0.009274081327021122 -0.014309058897197247 0.01500879880040884 0.06466463953256607 0.039402447640895844 -0.08356103301048279 -0.00026887014973908663 -0.03772102668881416 0.14542749524116516 0.07119527459144592 0.10555492341518402 -0.10013823211193085 -0.03716679662466049 0.09711403399705887 -0.08948460221290588 0.041042834520339966 0.02731824666261673 0.10465913265943527 0.05742859095335007 0.01895740069448948 0.12058559060096741 -0.06811355799436569 0.015093795023858547 0.012858849950134754 -0.08990326523780823 0.06335017830133438 0.05272017791867256 -0.04401879385113716 0.07859902083873749 -0.12345326691865921 0.009171080775558949 -0.011011598631739616 0.03327029570937157 0.02696455642580986 0.0022084361407905817 0.09673913568258286 0.0029870562721043825 -0.12590551376342773 0.04283972084522247 0.0740942507982254 0.1176946833729744 -0.03244505450129509 -0.1643514782190323 -0.04257447272539139 0.10198918730020523 0.01880236156284809 0.09381762892007828 0.12831060588359833 -0.10565395653247833 0.00673228083178401 0.1093587875366211 0.022188641130924225 0.08601076900959015 0.014974670484662056 -0.08806410431861877 0.10302866250276566 -0.05834071710705757 0.029969358816742897 -0.12496387213468552 -0.15243425965309143 -0.0443023182451725 0.015100154094398022 0.12205243110656738 -0.11393081396818161 -0.060259222984313965 0.04937556013464928 0.05264272540807724 0.033547088503837585 0.05910484120249748 0.06976096332073212 -0.05049089342355728 0.05679086595773697 -0.045024096965789795 -0.019077636301517487 0.04976332187652588 0.0643196627497673 0.0774102583527565 0.005653094500303268 -0.04552873224020004 0.0690939649939537 0.024250146001577377 0.14801809191703796 -0.012563399039208889 0.0901288315653801 0.08025659620761871 0.04786312207579613 -0.0006089155795052648 -0.06097148731350899 -0.01496842596679926 -0.08123371750116348 -0.09405914694070816 -0.03736044466495514 -0.06470149010419846 0.03893066942691803 -0.0917501375079155 0.08311595767736435 -0.04223626106977463 -0.04995162785053253 -0.059166718274354935 -0.057195261120796204 -0.01981675624847412 -0.10108808428049088 0.0551481693983078 0.018122732639312744 -0.09074938297271729 0.04124733805656433 -0.12370460480451584 0.05195889621973038 0.029732992872595787 -0.045257318764925 -0.06266128271818161 -0.05826050788164139 -0.14344434440135956 -0.005437284708023071 0.06418521702289581 0.0050386604852974415 0.08865124732255936 -0.06346786767244339 -0.06739650666713715 -0.061329327523708344 -0.03538856655359268 0.025247283279895782 0.05341999977827072 -0.09337656944990158 0.07555971294641495 -0.0031777601689100266 -0.019752657040953636 -0.09407704323530197 -0.20300976932048798 0.017158813774585724 0.024029547348618507 0.057534314692020416 -0.04737590625882149 -0.15653039515018463 0.033772025257349014 -0.07269386947154999 0.02850881591439247 -0.08651777356863022 0.13821981847286224 0.050116799771785736 -0.15487386286258698 -0.026140453293919563 -0.15960343182086945 -0.05463655665516853 0.04775893688201904 0.05414639413356781 -0.07923027873039246 0.14865848422050476 -0.020935723558068275 0.21971957385540009 0.08104924112558365 0.021076641976833344 -0.07047056406736374 -0.009840807877480984 0.01579768769443035 0.05819892883300781 -0.05217183753848076 -0.0655563548207283 0.07820172607898712 -0.06451590359210968 0.04196438938379288 0.10555922985076904 -0.0328739769756794 -0.0002959487901534885 0.027739612385630608 -0.179782897233963 0.021509859710931778 0.051259852945804596 -0.05013524368405342 -0.047955501824617386 0.01770218275487423 -0.06900837272405624 -0.06847616285085678 -0.1539556086063385 -0.11349127441644669 -0.07973707467317581 -0.05229290947318077 -0.0008435581694357097 0.037851590663194656 -0.072663314640522 0.17311017215251923 -0.031612735241651535 -0.3017430603504181 -0.13292531669139862 -0.1449410766363144 0.07465145736932755 0.07342474162578583 -0.012432866729795933 -0.08755668252706528 -0.03542235121130943 -0.07469630241394043 -0.21356864273548126 0.08010457456111908 -0.04610510542988777 -0.1412796676158905 0.04322183504700661 -0.12291675060987473 -0.010604108683764935 -0.17155101895332336 0.08712973445653915 -0.06379607319831848 -0.17010906338691711 -0.22828258574008942 -0.1148524284362793 -0.041498009115457535 0.013497981242835522 -0.004506454803049564 -0.022801578044891357 0.0032998581882566214 0.016548270359635353 -0.04365852475166321 0.10404668003320694 0.12692925333976746 -0.04697800800204277 0.0074449158273637295 0.03913784399628639 0.057617153972387314 -0.07280929386615753 0.2372225821018219 0.03266443684697151 -0.0010169956367462873 -0.18973501026630402 -0.05727027356624603 0.04440448805689812 0.012634685263037682 0.03941649571061134 -0.08966053277254105 0.08629278838634491 0.2036452740430832 -0.1901259869337082 0.12081959843635559 0.1511022299528122 0.02112213335931301 0.03589917719364166 0.17316852509975433 -0.0427248477935791 0.1189105212688446 -0.07183382660150528 -0.05961238220334053 0.23410378396511078 0.0975063219666481 -0.03472960367798805 0.02080480195581913 -0.0993850827217102 -0.007670573424547911 -0.09798170626163483 0.1030893474817276 -0.009609762579202652 0.10179070383310318 -0.14439529180526733 0.031125523149967194 -0.023954540491104126 0.04826638475060463 0.1616290956735611 0.013898649252951145 0.04957560449838638 0.07586175203323364 0.0776091068983078 0.024865396320819855 0.06614798307418823 -0.029177675023674965 -0.05416186898946762 -0.3048870265483856 -0.2946954071521759 0.07436853647232056 -0.13055245578289032 -0.030545737594366074 0.0007560594822280109 0.08112123608589172 -0.13911586999893188 -0.09078124165534973 0.03547569736838341 -0.030531084164977074 0.11895900219678879 -0.0685364305973053 0.116693876683712 -0.16636605560779572 0.12805190682411194 -0.028210721909999847 0.1356189101934433 -0.03474390506744385 0.009323067963123322 -0.17232853174209595 0.0737442821264267 -0.03640013188123703 0.18492430448532104 0.02518816851079464 -0.04641643539071083 0.048704855144023895 -0.028416067361831665 0.120346799492836 0.1108768880367279 -0.03911357372999191 -0.21843916177749634 0.08215789496898651 0.03429819643497467 -0.03519980609416962 -0.05892641097307205 0.20165355503559113 0.0825548991560936 -0.06420160084962845 0.018803078681230545 -0.02102295123040676 -0.23812587559223175 0.10908477008342743 0.017871486023068428 -0.13792644441127777 0.01617392711341381 0.08979510515928268 0.01632940024137497 -0.005136153660714626 -0.08743985742330551 0.06132705509662628 -0.02959974855184555 -0.012562143616378307 -0.06830696761608124 -0.20139825344085693 0.09992477297782898 0.07066433876752853 -0.060189973562955856 -0.12074417620897293 0.11135170608758926 0.02694816142320633 0.05955270305275917 -0.022485021501779556 0.11173110455274582 0.09917207807302475 -0.050136830657720566 0.09540927410125732 0.06379970163106918 0.12263061851263046 -0.08691000193357468 0.025753457099199295 0.09002088755369186 -0.08794388920068741 0.01970166340470314 -0.07301909476518631 -0.032805345952510834 -0.04502534493803978 -0.13515813648700714 -0.08864995092153549 -0.1364033967256546 -0.05912018567323685 -0.1138395145535469 -0.05717194825410843 -0.05227133631706238 0.11217769980430603 0.10524297505617142 -0.11536919325590134 -0.0342889241874218 -0.12095160037279129 0.017952756956219673 0.04942473769187927 0.031420353800058365 0.06026466563344002 -0.15760678052902222 -0.14691884815692902 0.02307124249637127 0.0655040517449379 0.13996762037277222 -0.08269442617893219 0.07509180903434753 0.025811927393078804 0.04591795429587364 0.08596429228782654 -0.004990316927433014 -0.0068952906876802444 0.05054622143507004 -0.02853446640074253 0.04864245653152466 0.030184680595993996 0.1076083853840828 0.06856177747249603 -0.030664358288049698 -0.09581873565912247 0.030521446838974953 -0.029143813997507095 0.02752985619008541 -0.03253243863582611 -0.0379427932202816 -0.07907257229089737 0.04052112624049187 -0.04592644423246384 -0.07144693285226822 -0.03122231736779213 0.003549041924998164 -0.0329476073384285 -0.06059453263878822 -0.13642585277557373 -0.01255393959581852 0.10432101041078568 0.10453835129737854 0.09242352098226547 -0.11632420122623444 -0.03253370150923729 -0.10683222860097885 -0.271237850189209 -0.10517782717943192 0.038773417472839355 -0.007712345104664564 0.08308123797178268 0.019493717700242996 0.054884932935237885 0.11081481724977493 -0.12064994126558304 -0.08215497434139252 -0.06226902827620506 -0.056219130754470825 0.005968526005744934 -0.025655759498476982 0.2908753454685211 -0.09121009707450867 0.018761485815048218 -0.23161986470222473 -0.12679453194141388 0.031440719962120056 -0.09615492820739746 0.11040607839822769 -0.1703961193561554 0.21134260296821594 0.01994507387280464 -0.03400420770049095 0.09232105314731598 0.029809746891260147 -0.0011092897038906813 0.04528660327196121 0.07409904897212982 -0.11795131862163544 0.04707229882478714 -0.09814943373203278 0.05591096729040146 -0.00019160201190970838 0.026115411892533302 0.017946066334843636 -0.0012202129000797868 -0.08180367201566696 -0.07438848912715912 -0.13986356556415558 0.18377690017223358 0.1786108911037445 0.09189487248659134 -0.054695598781108856 0.05304434150457382 0.059036217629909515 -0.04272574931383133 -0.050765808671712875 0.10732731968164444 0.07018381357192993 -0.006461522541940212 -0.028005992993712425 0.03192409127950668 -0.028203679248690605 -0.12744545936584473 -0.04192649573087692 0.019879121333360672 -0.025401141494512558 -0.101784847676754 0.007126593962311745 -0.006786600220948458 0.04684372618794441 0.10190719366073608 -0.09685694426298141 -0.11121325939893723 -0.03180000185966492 0.05039971321821213 -0.06077568605542183 -0.04750930890440941 0.10207298398017883 -0.05454128608107567 -0.06019626185297966 0.04931757599115372 0.022430360317230225 0.06831849366426468 0.055499691516160965 -0.036260295659303665 -0.06742805242538452 -0.10412925481796265 0.010393958538770676 -0.04337537661194801 -0.13942939043045044 0.122315414249897 -0.07561790198087692 0.12216690182685852 0.024722835049033165 -0.02529129572212696 0.08694291114807129 0.04108257219195366 -0.006025091744959354 0.10472267866134644 0.00749416695907712 -0.08115806430578232 0.10596976429224014 -0.06124066561460495 -0.07846209406852722 0.057360514998435974 0.07682733982801437 -0.04340384155511856 0.10332833230495453 0.14796286821365356 0.03581305220723152 -0.0846690908074379 0.11354395747184753 -0.08593063056468964 -0.060636769980192184 0.020767848938703537 -0.0747174397110939 0.006691269110888243 0.073725126683712 -0.013507908210158348 0.06710246205329895 0.01687830127775669
b2 64
0.09307624399662018 0.17282284796237946 0.126051127910614 -0.19984599947929382 -0.15712866187095642 0.16547171771526337 0.08547501266002655 0.1454707533121109 -0.01916186697781086 -0.15188562870025635 -0.04771219566464424 -0.1920849233865738 -4.3500758550862884e-08 0.1727747917175293 0.028579069301486015 -0.1638314127922058 -0.2041141837835312 0.002114321570843458 0.07833998650312424 -0.213156059384346 -0.13034965097904205 -0.23067599534988403 -0.2041475474834442 -0.12466059625148773 0.13259314000606537 0.06507554650306702 0.019007371738553047 0.12765498459339142 -0.04972679167985916 0.0005809056456200778 0.1288967877626419 -0.15944959223270416 -0.16492649912834167 0.16517208516597748 0.058266591280698776 0.16495905816555023 -0.0881185382604599 -0.020521223545074463 0.02260872907936573 0.1107267364859581 -0.0020123643334954977 -0.008227945305407047 0.12488576024770737 -0.010983825661242008 0.12582382559776306 -0.03556353226304054 -0.19032032787799835 0.11398759484291077 0.07579972594976425 -0.06132345646619797 0.15017545223236084 0.11012862622737885 0.10642504692077637 0.050538886338472366 -0.13752701878547668 -0.019871022552251816 -0.0779862105846405 -0.10031045228242874 -0.046311069279909134 -0.14694277942180634 0.026730475947260857 0.0787748470902443 -0.0449058897793293 -0.0822053849697113
W3 64
0.16648629307746887 0.13100826740264893 0.021172789856791496 -0.0835970863699913 -0.08561582118272781 -0.1650308221578598 0.13871917128562927 0.04652733728289604 6.52107928544865e-06 -0.19519679248332977 -0.08297259360551834 -0.10531335324048996 0.004027493763715029 0.19286766648292542 -0.0057515837252140045 -0.15816889703273773 -0.19335255026817322 -0.4868142306804657 -0.15608152747154236 -0.10344071686267853 -0.2959233224391937 -0.3181908428668976 -0.022713668644428253 -0.18186649680137634 0.07310442626476288 -0.05058557540178299 0.1667274832725525 0.2882794439792633 0.011069243773818016 -0.01328264083713293 0.12957264482975006 -0.049579303711652756 -0.06929413974285126 -0.21786516904830933 0.5706632137298584 0.11085639148950577 -0.18618085980415344 0.11532240360975266 -0.17812316119670868 0.1269618719816208 0.0013508585980162024 0.27083614468574524 -0.07721308618783951 0.058318957686424255 0.17417815327644348 -0.02730541117489338 -0.2201843559741974 -0.056599587202072144 -0.044560227543115616 -0.07674132287502289 0.15572476387023926 0.2096211016178131 -0.07331424206495285 -0.13725534081459045 -0.09794297814369202 0.05157944932579994 -0.11133020371198654 -0.05948442965745926 0.2411421686410904 -0.1959434151649475 0.1402173787355423 -0.10662784427404404 -0.33424413204193115 -0.1284116804599762
b3 1
-0.056302014738321304
