input_dim 64
hidden 64
log_input 1
y_mean 10.63614559173584
y_std 13.47303581237793
x_mean 64
0.02613801881670952 0.04717417061328888 0.06510964781045914 0.08041001856327057 0.09357549995183945 0.10541941970586777 0.11612829566001892 0.12590086460113525 0.13498130440711975 0.14354242384433746 0.15146203339099884 0.1589927226305008 0.16623398661613464 0.1732613444328308 0.17988520860671997 0.1862029880285263 0.1921343356370926 0.19789347052574158 0.20363792777061462 0.2091502696275711 0.21471600234508514 0.22003476321697235 0.2252214550971985 0.23016540706157684 0.23508252203464508 0.23998530209064484 0.24471664428710938 0.24925990402698517 0.25379788875579834 0.25829753279685974 0.2628041207790375 0.2671138048171997 0.2715283930301666 0.27586835622787476 0.2801690995693207 0.28450119495391846 0.28868672251701355 0.2929339110851288 0.29721230268478394 0.3015468418598175 0.3059708774089813 0.31039708852767944 0.3148393929004669 0.31931552290916443 0.32390591502189636 0.3285495638847351 0.33334457874298096 0.338222861289978 0.34320181608200073 0.34834054112434387 0.35355156660079956 0.35912981629371643 0.3648953139781952 0.37113699316978455 0.37759408354759216 0.3845195174217224 0.3920036256313324 0.4001755714416504 0.4093775153160095 0.4197763204574585 0.4323618710041046 0.4478464126586914 0.4689300060272217 0.5035140514373779
x_std 64
0.03338325396180153 0.042074065655469894 0.04585777595639229 0.04893245920538902 0.051342274993658066 0.05365035682916641 0.055684179067611694 0.05747300758957863 0.059049755334854126 0.060519203543663025 0.06187833845615387 0.06283872574567795 0.06385678052902222 0.06484666466712952 0.06558665633201599 0.06636913120746613 0.06706229597330093 0.06777537614107132 0.0684332549571991 0.06916527450084686 0.07006724923849106 0.07082347571849823 0.07152502238750458 0.07207836210727692 0.07273098826408386 0.07325351983308792 0.07390078157186508 0.07436206191778183 0.07501266896724701 0.0755433440208435 0.07599660009145737 0.07649201154708862 0.07701440900564194 0.07745116204023361 0.07790001481771469 0.07827811688184738 0.07871240377426147 0.07911982387304306 0.07936611771583557 0.07972341030836105 0.0800718367099762 0.08042081445455551 0.08069615811109543 0.08095142245292664 0.08121266961097717 0.08135020732879639 0.08164622634649277 0.08188984543085098 0.0820864588022232 0.08235429227352142 0.08252985775470734 0.08283491432666779 0.08298254758119583 0.0831938311457634 0.0835001990199089 0.0838138684630394 0.08411655575037003 0.08437355607748032 0.08482366800308228 0.0850764662027359 0.08541514724493027 0.08646630495786667 0.08814193308353424 0.09196121990680695
W1 4096
0.16706961393356323 -0.04369059205055237 0.055218301713466644 -0.010998176410794258 -0.0268753282725811 -0.06416274607181549 -0.058851391077041626 0.12336095422506332 0.18418467044830322 0.11652790009975433 0.10270670056343079 -0.0012738973600789905 -0.06261209398508072 -0.043515294790267944 -0.007344943005591631 0.061855822801589966 0.08432396501302719 0.07545474171638489 0.10736069828271866 0.02426130883395672 0.019744154065847397 0.14316512644290924 -0.07490301877260208 -0.029472118243575096 -0.006876653991639614 -0.002626761794090271 0.09992771595716476 0.11218249797821045 0.023479802533984184 0.12963709235191345 -0.021161580458283424 -0.06799338757991791 -0.0975356474518776 -0.1395905464887619 -0.10619758069515228 -0.15892371535301208 -0.04212507605552673 -0.10174402594566345 -0.0705522820353508 0.0037996829487383366 -0.15602149069309235 0.06183058023452759 -0.1528947651386261 0.01790008135139942 0.035202063620090485 0.05171416327357292 -0.023889463394880295 -0.09928303211927414 -0.0652027428150177 -0.05458905175328255 -0.10062819719314575 0.02799355797469616 -0.117940753698349 -0.050512127578258514 -0.13449841737747192 -0.1218111515045166 0.02386261336505413 -0.06804465502500534 0.030204040929675102 -0.0834730714559555 -0.045217011123895645 0.030280234292149544 -0.04567430168390274 0.2984268367290497 0.16497787833213806 -0.0543241947889328 0.025364238768815994 0.01736929453909397 0.025795111432671547 0.06408106535673141 0.1122485026717186 0.003055569250136614 -0.0550866536796093 -0.057076241821050644 -0.05247321352362633 0.05137994512915611 -0.1326681524515152 0.09940972179174423 -0.00867051538079977 0.14899368584156036 -0.12285330891609192 0.08429544419050217 0.07046404480934143 -0.05100858956575394 -0.04390881583094597 0.00034205990959890187 0.09896896034479141 -0.1215594932436943 -0.13022854924201965 0.017011025920510292 0.030354676768183708 -0.08993329852819443 -0.028186853975057602 0.03551241755485535 -0.0843023881316185 0.03734387084841728 -0.006600580178201199 -0.0775403380393982 0.05945587530732155 0.11166397482156754 0.03444940224289894 0.04414649307727814 -0.11167678236961365 -0.01262646447867155 0.1265837848186493 0.1137201339006424 0.11457426846027374 -0.061584461480379105 0.1303655356168747 -0.023308461531996727 0.10778619349002838 0.1264973282814026 0.11282885819673538 -0.007201649248600006 -0.03127307444810867 0.04939284548163414 -0.01200692169368267 0.17277731001377106 -0.05864330753684044 0.015422221273183823 -0.0347825363278389 -0.0762629508972168 -0.03871109336614609 -0.054539259523153305 0.11056999862194061 -0.07139488309621811 -0.09867438673973083 -0.05233720690011978 -0.14729900658130646 -0.17245616018772125 0.025755776092410088 -0.01996646262705326 -0.10110165178775787 0.13991747796535492 0.05509191006422043 -0.11095809936523438 0.09906648844480515 0.08182892948389053 -0.0552852526307106 0.02287602610886097 0.015755269676446915 -0.1538620889186859 0.04235057532787323 -0.07741232961416245 -0.04787754639983177 0.07287103682756424 0.0571645125746727 0.08593542128801346 0.17220480740070343 0.13013629615306854 0.08153539896011353 -0.0599883608520031 -0.011812438257038593 -0.007687708828598261 0.007764688692986965 0.1039431244134903 0.08993560820817947 -0.06002778559923172 0.025422103703022003 0.010349778458476067 0.029027383774518967 -0.014623715542256832 0.13949689269065857 0.1234712153673172 -0.05244956165552139 0.08024484664201736 0.08741548657417297 0.00844473484903574 -0.06148631498217583 -0.0631483793258667 -0.037412941455841064 -0.044918742030858994 0.019070874899625778 -0.058224037289619446 0.004979384131729603 0.019392402842640877 -0.11883750557899475 0.03913720324635506 -0.12167380750179291 0.00048815057380124927 0.02561778761446476 -0.15536879003047943 -0.04893086850643158 0.016522185876965523 -0.1497507244348526 -0.06786172837018967 -0.14339198172092438 0.021892396733164787 0.009723668918013573 0.02813286893069744 0.006505228113383055 0.03905825316905975 -0.09661461412906647 -0.13807541131973267 0.015272323042154312 -0.0817665234208107 -0.08380535244941711 -0.010457250289618969 0.06128137931227684 0.18373249471187592 0.025610361248254776 0.12365344166755676 0.16337858140468597 0.17513468861579895 -0.01601603254675865 -0.0007419526227749884 -0.058365482836961746 0.13852106034755707 0.09764399379491806 0.0706782266497612 0.11923857033252716 0.09910548478364944 0.039648424834012985 -0.13262617588043213 -0.022035444155335426 -0.07112955302000046 0.11310796439647675 0.0202530138194561 0.049400024116039276 0.11479683220386505 0.09157100319862366 -0.02589869312942028 0.11639564484357834 -0.05964083597064018 -0.08227043598890305 -0.011730983853340149 -0.08348298817873001 0.10546983778476715 -0.008756176568567753 -0.022945566102862358 0.026589704677462578 0.03343624249100685 -0.1211075484752655 0.006673886906355619 0.06751057505607605 0.1332463175058365 0.10771502554416656 -0.06094707176089287 -0.0899062231183052 0.10674172639846802 -0.06677636504173279 -0.07693982124328613 -0.006956585217267275 -0.0276009663939476 0.03512159362435341 0.12171865254640579 -0.02948884293437004 -0.12012278288602829 -0.09881649911403656 -0.1364814192056656 0.03232963755726814 0.17020061612129211 0.10865730047225952 0.03856474906206131 0.10500089079141617 0.09611454606056213 0.15534096956253052 0.029945148155093193 0.1343715786933899 0.06384095549583435 0.13572341203689575 -0.009095845744013786 -0.015073131769895554 -0.08642975986003876 -0.08038873970508575 -0.007514797151088715 0.10462747514247894 0.13346217572689056 0.02946281246840954 -0.061342380940914154 -0.02091488614678383 -0.12359590828418732 -0.06502176821231842 -0.1602400839328766 -0.1395013928413391 -0.19446302950382233 -0.13360121846199036 -0.09105589985847473 -0.028507761657238007 -0.0033417276572436094 -0.03432752937078476 -0.01916395127773285 0.04456351697444916 -0.09857358038425446 0.10029081255197525 -0.001041917479597032 -0.06463722139596939 -0.050019070506095886 0.06618663668632507 0.0018342609982937574 -0.09761570394039154 -0.10612569749355316 0.0008414463954977691 -0.08865736424922943 -0.0712771937251091 -0.040962424129247665 0.1739022135734558 0.1345917284488678 0.12377294152975082 0.07969051599502563 0.0636572390794754 0.10826004296541214 0.15561991930007935 0.1338219791650772 0.0771956816315651 -0.08627624064683914 -0.016382938250899315 0.05271901935338974 0.019970009103417397 -0.09530623257160187 0.07005847245454788 -0.085557721555233 -0.05690190568566322 -0.03256499767303467 -0.1213194876909256 -0.09548162668943405 -0.11518780887126923 0.00637055654078722 0.24386924505233765 0.08472400158643723 -0.054357510060071945 -0.16442488133907318 -0.14313329756259918 -0.05158678814768791 -0.058661654591560364 -0.01754680462181568 -0.029828207567334175 0.09560798108577728 0.15987156331539154 0.03276750072836876 0.03161611407995224 0.08579787611961365 -0.05897371098399162 -0.10358864068984985 0.1243077889084816 0.14153631031513214 0.06458454579114914 0.043016061186790466 0.06874372065067291 -0.1135563999414444 -0.030811652541160583 -0.06566903740167618 -0.11026971787214279 0.06392955034971237 -0.0376761332154274 -0.04021747037768364 0.013465436175465584 0.08868084102869034 -0.10203395783901215 0.09404522180557251 -0.06840384751558304 0.018267780542373657 -0.03620156645774841 0.10011550784111023 0.019468320533633232 0.08771494030952454 0.09396081417798996 -0.056198615580797195 0.0640638992190361 -0.07966934889554977 -0.06216307729482651 -0.13919763267040253 0.09027822315692902 -0.07485611736774445 0.05626405030488968 -0.054749540984630585 -0.0370597280561924 0.103577621281147 0.05394593998789787 -0.11375486850738525 0.08801963925361633 0.09219812601804733 0.033157434314489365 -0.042552802711725235 -0.022517412900924683 0.0817725732922554 0.01726023107767105 -0.09150108695030212 -0.012872569262981415 -0.013330449350178242 0.09758396446704865 0.11613385379314423 0.09380088746547699 0.11348714679479599 0.10229609906673431 -0.036292366683483124 0.11808108538389206 -0.0391947403550148 0.025997433811426163 0.06278269737958908 -0.06175149604678154 -0.04852670058608055 -0.13039886951446533 0.007780900225043297 -0.1152639389038086 -0.030014557763934135 -0.11811195313930511 -0.05408095940947533 0.023026833310723305 0.07960871607065201 -0.06928040087223053 -0.045026134699583054 0.026870468631386757 -0.07200010120868683 -0.035936035215854645 0.043209243565797806 -0.01392787043005228 -0.06755518913269043 -0.0266310703009367 0.0016249555628746748 -0.08448229730129242 -0.05233943462371826 0.030796034261584282 -0.04224671795964241 0.053317949175834656 -0.022981304675340652 -0.08298414945602417 0.06626694649457932 0.01288127712905407 0.13960711658000946 0.04682077467441559 -0.017262155190110207 0.11835320293903351 -0.04076036810874939 0.056304194033145905 -0.09972195327281952 0.04988175630569458 -0.06968200951814651 0.017086921259760857 -0.08128207921981812 0.13117103278636932 -0.03880762308835983 0.03214508667588234 0.003763366024941206 -0.08864729851484299 -0.08709950000047684 -0.08532944321632385 -0.0883762389421463 -0.008749810978770256 0.09019993245601654 0.05564825236797333 0.00673279631882906 0.14697109162807465 -0.04593253508210182 0.11785663664340973 0.049825046211481094 0.0753115862607956 -0.06413112580776215 0.0630829781293869 0.019265079870820045 -0.06804193556308746 -0.04269763082265854 -0.010553632862865925 0.012871259823441505 -0.03094574809074402 0.05056522786617279 0.04441578686237335 -0.1077127754688263 -0.10362778604030609 -0.12848448753356934 -0.16451825201511383 -0.043972257524728775 -0.03537684679031372 -0.031413231045007706 0.06481996923685074 -0.11909186094999313 -0.04596361517906189 -0.012734347954392433 0.11603863537311554 -0.020483875647187233 0.08810538053512573 0.01860792562365532 -0.06051246076822281 0.10248978435993195 0.04961919039487839 0.060842666774988174 0.12377738952636719 0.10489939898252487 0.15499800443649292 0.03867661952972412 0.11911439895629883 0.147291898727417 0.11230724304914474 0.0943184643983841 -0.08279380947351456 -0.13305175304412842 -0.049028296023607254 -0.13530200719833374 -0.12068089097738266 -0.06503044813871384 -0.07197445631027222 0.0746544748544693 -0.04833405092358589 0.13425977528095245 0.0618806853890419 -0.0063515412621200085 -0.06640250980854034 0.056070905178785324 -0.0884646400809288 -0.026105275377631187 0.02348923683166504 -0.0695464089512825 -0.08609142154455185 -0.07921743392944336 -0.07359088957309723 -0.10214036703109741 -0.09923854470252991 -0.13785135746002197 0.0047514974139630795 0.1315433382987976 -0.19280296564102173 0.08526714146137238 -0.1273769587278366 -0.02395596355199814 -0.08521843701601028 -0.04544027894735336 0.06583721935749054 -0.004551241174340248 -0.015331345610320568 -0.11432135105133057 -0.00577439833432436 -0.027031393721699715 -0.018828855827450752 0.08464983105659485 0.038333624601364136 0.16623684763908386 -0.03178407624363899 0.14561881124973297 0.0819701999425888 0.11945796757936478 0.06547244638204575 0.06151924282312393 -0.0724511593580246 0.04969336837530136 -0.03628705441951752 0.07733724266290665 0.007419428788125515 0.05515022203326225 -0.0636899545788765 0.11078751087188721 0.07671874761581421 -0.11258214712142944 -0.05883578583598137 0.07529778778553009 0.09988844394683838 0.10821430385112762 0.0747808963060379 -0.03796934336423874 -0.06310462951660156 -0.04701792076230049 -0.11474494636058807 -0.06162773817777634 0.035335082560777664 -0.11204464733600616 0.016618164256215096 -0.12337406724691391 0.06966898590326309 -0.10429224371910095 -0.047447096556425095 -0.0467907190322876 0.03215084597468376 0.022707615047693253 0.10532065480947495 -0.04636124148964882 -0.08075813204050064 0.11935451626777649 -0.06516794115304947 0.0038882759399712086 0.021926842629909515 0.12680116295814514 0.08699510246515274 0.04933815822005272 -0.07437868416309357 -0.10861397534608841 0.037806473672389984 -0.050041377544403076 -0.16655561327934265 -0.13899283111095428 -0.10803553462028503 0.09603984653949738 0.08424010127782822 0.16494004428386688 0.12791255116462708 -0.004048539325594902 0.054146986454725266 -0.06251313537359238 -0.00024674052838236094 -0.16159383952617645 0.007543900050222874 0.07873451709747314 -0.002892702352255583 0.11459260433912277 0.08894466608762741 -0.04999919980764389 0.08685364574193954 0.10015439242124557 0.07387299090623856 -0.07096495479345322 -0.027925441041588783 -0.1393687129020691 -0.0431094616651535 0.04090817645192146 -0.07694615423679352 -0.1793852597475052 -0.10034570842981339 -0.008376829326152802 -0.1389862447977066 0.04523984715342522 0.0016192598268389702 -0.06272103637456894 -0.058729421347379684 -0.04163117706775665 -0.15998275578022003 -0.12173048406839371 0.009732821024954319 0.022921158000826836 -0.059166036546230316 -0.11911393702030182 0.04640214517712593 0.022747375071048737 0.02134193480014801 -0.05777033418416977 0.11972324550151825 0.11404033750295639 0.08689074963331223 0.14940688014030457 -0.04375860095024109 -0.05384264141321182 0.13529083132743835 0.12739796936511993 0.09526143968105316 -0.03599482774734497 -0.03745494782924652 -0.06572765856981277 0.02738370932638645 -0.10621040314435959 -0.0524262860417366 -0.08501766622066498 -0.1125802993774414 0.08412253856658936 0.2064850777387619 0.12068218737840652 0.09491950273513794 0.10834043473005295 0.04347939044237137 0.09718456119298935 0.12059815227985382 0.10170242935419083 0.0055748457089066505 -0.13427534699440002 0.003979274071753025 0.0694231241941452 -0.0017421628581359982 -0.07229483127593994 0.10152215510606766 -0.01993824914097786 -0.026639282703399658 -0.0058184461668133736 -0.11311759799718857 -0.11796204745769501 -0.08131372183561325 0.03785349801182747 -0.03297564759850502 -0.12025813013315201 -0.051903363317251205 -0.13470718264579773 0.06673426926136017 -0.03399273753166199 0.09834066778421402 -0.048985112458467484 -0.08815611153841019 -0.009368943981826305 0.06999003887176514 0.06564939767122269 -0.10803665965795517 -0.09345725923776627 0.027376966550946236 -0.06587779521942139 -0.05985785648226738 -0.05118471011519432 -0.0672135204076767 0.09497475624084473 0.005326883401721716 -0.08008357882499695 -0.04300382733345032 -0.010422121733427048 -0.05482735484838486 0.06950977444648743 0.061828188598155975 -0.0880601704120636 0.07059464603662491 0.10187897831201553 -0.0238634143024683 0.13632918894290924 0.0949944332242012 0.125263974070549 -0.04234253242611885 0.08344084769487381 -0.03452138975262642 -0.08916445076465607 -0.02398873120546341 -0.07179804146289825 0.01630951650440693 -0.16460373997688293 0.1764851212501526 -0.16410303115844727 0.06022408604621887 -0.09094896912574768 -0.02598513662815094 0.037136759608983994 0.05954360216856003 0.07429798692464828 0.13820603489875793 0.0031905716750770807 0.11625991016626358 -0.06629523634910583 0.002413794631138444 -0.011463876813650131 -0.06282249838113785 -0.05478294566273689 0.041324518620967865 0.09642772376537323 -0.10001001507043839 0.04881177097558975 -0.06781476736068726 -0.03810976818203926 -0.08491168171167374 0.028364477679133415 -0.06934522092342377 -0.1266840696334839 0.07183074951171875 -0.09513533115386963 -0.027976857498288155 -0.030256694182753563 0.0610610730946064 0.04413001239299774 0.05638139322400093 -0.13835293054580688 -0.12424540519714355 0.10997721552848816 0.08793596923351288 0.058524247258901596 0.033319514244794846 0.08376803249120712 -0.017754971981048584 -0.042295750230550766 -0.04876793920993805 0.07145112007856369 0.06708215922117233 0.021017219871282578 0.08576975017786026 -0.020127052441239357 0.06285800039768219 0.117033451795578 -0.001785139786079526 -0.08908011019229889 -0.1114964559674263 -0.050339069217443466 0.0596112459897995 -0.12021775543689728 0.06306467205286026 -0.019827228039503098 -0.01883586123585701 -0.07343239337205887 -0.11296657472848892 -0.1563689112663269 -0.17091892659664154 0.04955802112817764 -0.143174409866333 0.07808244973421097 0.06469344347715378 0.07736603170633316 0.14716440439224243 -0.07453560829162598 0.11529401689767838 0.0013117124326527119 0.09173964709043503 -0.015162533149123192 0.001037816982716322 0.07995042204856873 0.06393697112798691 -0.11136607825756073 -0.0018191479612141848 -0.08300144225358963 0.008619817905128002 0.05308106914162636 0.014293791726231575 0.03588167205452919 0.03489921614527702 -0.13522110879421234 0.005711388308554888 -0.010678169317543507 -0.14456801116466522 -0.03510252386331558 0.0997469425201416 0.03845394030213356 -0.06074420362710953 -0.10336673259735107 0.04419748857617378 -0.11561829596757889 -0.11560741811990738 -0.04719540849328041 -0.0552840381860733 0.05465683341026306 -0.14566858112812042 0.08789905160665512 -0.05253991484642029 -0.09934043139219284 -0.0870700255036354 0.10146541893482208 0.03185424581170082 -0.003355145687237382 -0.0016825116472318769 -0.029325319454073906 -0.11843357980251312 -0.011084377765655518 -0.009082718752324581 0.10303512960672379 0.06402944028377533 -0.029914436861872673 0.012115451507270336 0.09210115671157837 -0.02521759271621704 0.023021811619400978 0.06656469404697418 0.10857480764389038 0.04325851425528526 0.09056514501571655 0.03359443321824074 0.07281830161809921 -0.0984584391117096 0.34055420756340027 0.1871170848608017 0.04808271303772926 -0.12772053480148315 0.09753918647766113 0.06955578923225403 0.008039374835789204 -0.0062070018611848354 0.09874250739812851 -0.06850310415029526 0.11508481204509735 0.004423833452165127 0.022704198956489563 0.06834878027439117 0.07469083368778229 0.017791150137782097 0.02766650915145874 0.05821347236633301 -0.061387334018945694 0.0023575606755912304 -0.013308811001479626 -0.07967504113912582 0.10047914832830429 -0.009790177457034588 -0.06629866361618042 0.09177607297897339 -0.059555672109127045 0.05320927873253822 -0.07587692886590958 0.024480827152729034 0.023201152682304382 -0.07810410112142563 -0.10614369064569473 -0.08365652710199356 -0.00437978794798255 -0.03891432657837868 0.03327549621462822 -0.03605993464589119 -0.11668391525745392 -0.04606364667415619 -0.08242923766374588 -0.02803298458456993 0.044448886066675186 -0.08547055721282959 0.07533460110425949 0.08385272324085236 -0.06707192957401276 0.060803771018981934 -0.026228154078125954 0.09206947684288025 -0.08844485878944397 -0.08480101823806763 0.014003925956785679 -0.07480020076036453 -0.06462126225233078 -0.020262474194169044 0.013761570677161217 -0.028135204687714577 -0.07262805849313736 -0.0331314280629158 0.030196677893400192 -0.0991947203874588 -0.05469606816768646 0.005750414915382862 0.04227718710899353 -0.0880775898694992 -0.18707960844039917 -0.07072456926107407 -0.00199614348821342 0.17052946984767914 0.0427853986620903 -0.03445211052894592 -0.06685049831867218 -0.061424754559993744 -0.038443367928266525 0.03550700098276138 -0.09865079820156097 0.03217907249927521 -0.02022196725010872 -0.0031264270655810833 0.12802579998970032 0.011507879011332989 0.13134132325649261 -0.05732151120901108 0.03481130301952362 -0.1401965618133545 -0.13708113133907318 0.019448086619377136 -0.019489673897624016 0.033436331897974014 0.051278430968523026 0.023848693817853928 -0.0434902086853981 0.06256476044654846 -0.08531186729669571 -0.039559729397296906 -0.028963077813386917 0.06191079318523407 0.04328525438904762 -0.1017972081899643 -0.10088535398244858 0.06735577434301376 -0.09980186074972153 -0.059176113456487656 0.04682981222867966 0.011680938303470612 0.12986721098423004 -0.13671185076236725 -0.052983324974775314 -0.09640629589557648 0.0038005500100553036 0.02667795680463314 -0.10413030534982681 0.13136518001556396 0.11168426275253296 -0.010654957965016365 -0.027430042624473572 -0.025218511000275612 0.15408626198768616 0.02496436983346939 -0.017511900514364243 0.0211433507502079 0.14425097405910492 0.11631855368614197 0.1856488734483719 -0.07316192239522934 -0.016205541789531708 -0.07164207100868225 -0.04483526945114136 0.06723139435052872 -0.009147333912551403 0.05035220831632614 0.11766203492879868 -0.07505384087562561 0.15234848856925964 0.0516442246735096 0.12397712469100952 0.007844959385693073 -0.0916505977511406 -0.18523822724819183 -0.06737557053565979 -0.06674066931009293 -0.1795484572649002 -0.05493814870715141 0.03626057878136635 -0.09978901594877243 0.03236180543899536 0.07208895683288574 0.03713908791542053 0.08703457564115524 -0.056418076157569885 -0.03240608796477318 0.027024973183870316 -0.04386018216609955 0.03263521566987038 0.07877939194440842 -0.1117711067199707 -0.03233146667480469 -0.0718509778380394 -0.013842432759702206 0.06168752536177635 0.11218220740556717 0.04156333580613136 -0.07021814584732056 -0.05503518134355545 0.09983952343463898 -0.029357843101024628 0.07012154161930084 -0.04765215516090393 0.05600345507264137 -0.09126388281583786 -0.11238573491573334 -0.04573000967502594 0.0022562919184565544 0.09953054785728455 -0.025847410783171654 0.09317169338464737 0.10165053606033325 -0.06040540337562561 0.07432493567466736 -0.12370187044143677 -0.09052712470293045 0.023269616067409515 -0.10380396246910095 -0.05058103799819946 0.09489487111568451 -0.004335090983659029 0.056747209280729294 -0.02902875281870365 0.0030983889009803534 0.16023646295070648 0.11322110146284103 -0.01090987864881754 -0.08819738030433655 0.13940143585205078 -0.18127591907978058 0.0682535246014595 -0.0955592542886734 0.04328742250800133 0.11880470812320709 0.040770336985588074 -0.1691291332244873 0.0769851803779602 -0.034543897956609726 -0.002862964989617467 0.12412842363119125 0.12850262224674225 -0.05885414034128189 -0.0038754430133849382 0.038434483110904694 -0.07721169292926788 -0.10286491364240646 -0.07474380731582642 0.04274100810289383 -0.1003185585141182 0.08954185247421265 -0.11818048357963562 -0.130252406001091 0.07485710829496384 -0.014345444738864899 -0.10560047626495361 0.03298060595989227 0.08942941576242447 -0.05364074930548668 -0.004342704080045223 -0.02368856966495514 0.0064255609177052975 -0.012849410064518452 0.1110212579369545 0.07105280458927155 -0.0008352797012776136 0.11662391573190689 -0.08804541826248169 -0.03107529878616333 0.1421830952167511 0.05264848470687866 0.0755109041929245 -0.02835351973772049 -0.050986696034669876 0.05372421443462372 0.09238511323928833 -0.13687124848365784 -0.11942721158266068 -0.11685949563980103 0.08880595117807388 -0.008992421440780163 0.017972415313124657 0.0023570568300783634 -0.14513710141181946 -0.15186750888824463 -0.11355788260698318 0.08700527250766754 -0.01988196186721325 -0.06406380981206894 -0.04970817267894745 0.0014044740237295628 0.009317665360867977 0.012289085425436497 -0.17602437734603882 0.07652467489242554 -0.08931327611207962 -0.06143143028020859 -0.1259351670742035 -0.010652030818164349 -0.09540261328220367 -0.12414470314979553 0.005031292326748371 0.022738410159945488 -0.08282460272312164 0.08003557473421097 0.11070642620325089 -0.0951550081372261 0.07554231584072113 0.13140366971492767 0.05447910726070404 0.10717213898897171 0.10223545879125595 0.13218554854393005 0.09887257218360901 -0.03453206643462181 0.06971526890993118 0.07332661002874374 -0.08133544027805328 -0.02824564278125763 -0.023838846012949944 -0.005060558207333088 -0.04240211844444275 -0.07143731415271759 -0.08002454787492752 -0.024990426376461983 0.08585140109062195 -0.020884640514850616 0.053980752825737 0.10095886886119843 -0.09836682677268982 -0.017187628895044327 -0.004977261647582054 0.1288175880908966 0.034722112119197845 -0.06821611523628235 -0.019271472468972206 -0.0916653424501419 0.00939367339015007 0.033706169575452805 -0.0738605186343193 0.1053428202867508 -0.009557932615280151 0.0687001571059227 -0.11285143345594406 -0.056598056107759476 -0.08049936592578888 -0.04706861451268196 -0.07887604832649231 0.08332628756761551 -0.02023068256676197 -0.005548788700252771 -0.13617171347141266 -0.09159307181835175 -0.19166450202465057 -0.13757024705410004 -0.195312038064003 0.12084156274795532 -0.13359875977039337 -0.05314309895038605 0.060193151235580444 0.04573161527514458 0.12564289569854736 -0.012789910659193993 0.0597098171710968 -0.09337782114744186 -0.034836746752262115 -0.11543314903974533 -0.22591139376163483 -0.050446052104234695 -0.1491437405347824 -0.18109960854053497 -0.1811642348766327 -0.0696675181388855 -0.007681509479880333 -0.019463656470179558 0.03820282220840454 -0.0012413827935233712 0.05162334442138672 0.013416847214102745 0.1283719390630722 -0.018037695437669754 0.06592948734760284 -0.1308765709400177 -0.07838170975446701 -0.13117650151252747 0.06924040615558624 0.10308987647294998 -0.023538151755928993 0.06487520784139633 -0.0220210961997509 0.12168507277965546 -0.06022518873214722 0.05826454237103462 0.08105472475290298 -0.04475896432995796 0.03517541289329529 0.11948266625404358 0.0386229008436203 -0.09909243136644363 0.051472801715135574 -0.11577443778514862 0.09113692492246628 0.01799016259610653 0.0655074417591095 0.00995638407766819 0.06662590801715851 0.0721152201294899 -0.05023498088121414 0.03603089973330498 0.02027735486626625 0.040918488055467606 0.09035421907901764 0.08267207443714142 -0.003330709645524621 -0.12413252145051956 -0.062568798661232 0.04903886094689369 -0.062449704855680466 0.032621972262859344 0.038550909608602524 0.01811858080327511 -0.01618869975209236 -0.15645936131477356 -0.02811563014984131 -0.011733009479939938 0.08935578912496567 -0.0426403246819973 -0.14410832524299622 0.03330967202782631 0.13148050010204315 -0.0803774818778038 -0.09396419674158096 0.1102166622877121 -0.1077399030327797 -0.012684930115938187 0.15954892337322235 -0.02171304263174534 0.2351069450378418 0.13257582485675812 0.1240210011601448 0.0650448352098465 0.06064078211784363 -0.0001992952893488109 0.010132906958460808 -0.01025328878313303 0.025873081758618355 -0.01227845810353756 -0.04717949032783508 0.09908490628004074 0.09686736017465591 0.061588168144226074 -0.015287438407540321 -0.11402278393507004 -0.008634502068161964 0.017196539789438248 0.09945154190063477 0.12200997769832611 0.14002737402915955 -0.026081057265400887 0.10315170884132385 0.0691538155078888 0.045317135751247406 -0.05071035772562027 -0.0175443384796381 0.027600755915045738 -0.11278782039880753 0.019912485033273697 0.01858063042163849 0.001819735742174089 -0.10004124790430069 0.0735965147614479 0.028178531676530838 -0.1071823313832283 0.015452474355697632 -0.06372945755720139 -0.09427916258573532 -0.0793941542506218 -0.12351104617118835 0.03840552270412445 -0.03888019546866417 0.03300284966826439 0.20651055872440338 0.19737426936626434 0.06324508786201477 0.19272203743457794 -0.10329373180866241 0.16631442308425903 0.049915894865989685 0.02028599940240383 -0.010120292194187641 0.05476980656385422 -0.09816127270460129 -0.11808604747056961 -0.019768746569752693 -0.19038031995296478 -0.1200665608048439 -0.14510104060173035 -0.0198927391320467 -0.12961305677890778 0.042276713997125626 0.03143313527107239 -0.059342335909605026 -0.054952118545770645 0.0008021819521673024 0.00889936275780201 0.07533130794763565 0.07504691183567047 0.10363521426916122 0.06316988915205002 0.03755217418074608 0.07176753878593445 0.02352345921099186 -0.05589030683040619 0.054346516728401184 0.13173368573188782 -0.008143739774823189 0.11694859713315964 0.10997399687767029 -0.07336745411157608 -0.05362799018621445 0.0950549766421318 0.063515804708004 -0.03818036615848541 -0.03209463879466057 0.0861063078045845 0.037442296743392944 -0.11457063257694244 -0.08886074274778366 -0.12293297797441483 0.07597783952951431 -0.11381375789642334 -0.03638964146375656 0.08295111358165741 0.054023098200559616 -0.005606766324490309 0.023734677582979202 -0.06399598717689514 -0.1818109005689621 -0.10012796521186829 0.06967870891094208 0.0589967742562294 -0.10516072064638138 -0.023512328043580055 0.051553137600421906 0.025840800255537033 0.04923676326870918 0.20725619792938232 0.10230828821659088 -0.17659392952919006 -0.001262621721252799 0.14363259077072144 0.1774693876504898 -0.04967007413506508 -0.07509332150220871 -0.0005927896709181368 0.03209737315773964 -0.10499583184719086 -0.17519477009773254 -0.019446007907390594 -0.046295296400785446 -0.1303306668996811 -0.1459934413433075 -0.025835927575826645 0.10629166662693024 0.055083297193050385 -0.044306430965662 0.08162832260131836 0.1813802868127823 0.05409694463014603 -0.04106593877077103 -0.012786569073796272 0.006254673004150391 -0.08893339335918427 0.07866371423006058 0.006340188905596733 -0.005176375154405832 -0.05653861165046692 0.10241146385669708 0.1208963468670845 0.0619487464427948 -0.0886877104640007 0.045444101095199585 0.10551387816667557 0.049534574151039124 0.003955123480409384 -0.04461231082677841 0.03822184354066849 0.030618753284215927 -0.10703950375318527 -0.05620960518717766 0.0119748804718256 -0.06558352708816528 -0.06614374369382858 0.021975379437208176 0.05341223254799843 -0.010403119958937168 -0.01759631186723709 -0.10593625158071518 0.09475567936897278 -0.024267971515655518 -0.06338909268379211 -0.10346455127000809 -0.017400354146957397 -0.06343851238489151 -0.06783506274223328 -0.05793857201933861 -0.05037045478820801 -0.1643061339855194 -0.0034720678813755512 0.18048277497291565 -0.19435569643974304 -0.02544417604804039 0.03694942221045494 0.002420251490548253 0.053898829966783524 0.09074179083108902 -0.17130866646766663 0.07795494049787521 -0.13164475560188293 -0.12206745147705078 -0.11460772156715393 0.09669645875692368 -0.1084967777132988 -0.17687870562076569 0.08649662882089615 -0.0005388724966906011 0.12665419280529022 0.00955095887184143 -0.020970044657588005 0.09573346376419067 0.17182374000549316 -0.044299062341451645 -0.09463784098625183 0.0267171673476696 0.0393192395567894 0.11263862252235413 0.058190517127513885 -0.019760072231292725 0.03275251016020775 0.11235176026821136 0.10291620343923569 -0.09179279953241348 0.07887718081474304 -0.13709639012813568 -0.07346176356077194 -0.10421507060527802 -0.08131537586450577 -0.0731537789106369 -0.036359645426273346 -0.022663138806819916 0.034543830901384354 -0.005673886276781559 0.10507992655038834 0.036553386598825455 0.05704965442419052 0.034467849880456924 -0.1157805323600769 -0.10419837385416031 0.1472969949245453 0.06897959113121033 -0.005454572848975658 0.05135525017976761 0.03734514117240906 0.0873333066701889 -0.02314097061753273 -0.03744165971875191 -0.050329357385635376 0.006019615102559328 -0.04839475825428963 -0.06345713138580322 0.14136888086795807 0.09743306785821915 -0.010957914404571056 0.06216198205947876 -0.02780221216380596 -0.0251096673309803 -0.06182898208498955 -0.048350825905799866 0.0071736290119588375 -0.04129957780241966 0.14641226828098297 0.1887475848197937 0.12613646686077118 -0.10165372490882874 -0.09014571458101273 0.05565537139773369 -0.07386073470115662 -0.09811485558748245 0.125233456492424 0.04220983386039734 -0.08645326644182205 -0.06707773357629776 0.10613006353378296 0.12093512713909149 -0.02670177072286606 -0.020339924842119217 -0.05962458625435829 0.027256185188889503 0.01231440156698227 -0.046002261340618134 -0.07700411975383759 -0.03578794002532959 -0.08899838477373123 -0.11722242087125778 -0.06013258919119835 0.06917772442102432 0.06736298650503159 -0.08810574561357498 0.04365602508187294 -0.08548276126384735 0.06298424303531647 -0.0753125324845314 -0.09162068367004395 0.052508801221847534 -0.049048230051994324 -0.06256082653999329 0.055329579859972 -0.07061810046434402 -0.10705780982971191 -0.028780004009604454 0.01781328395009041 -0.01930198073387146 0.04469725117087364 0.041248422116041183 0.020500997081398964 -0.0021500224247574806 0.09614098072052002 -0.06320442259311676 0.042973294854164124 -0.027193523943424225 -0.013768290169537067 0.05257078632712364 -0.025760574266314507 0.11823727190494537 0.015970587730407715 0.15202882885932922 0.09683476388454437 0.04156769439578056 0.03187892585992813 -0.20851676166057587 -0.05931289866566658 -0.05825348570942879 0.09622018039226532 -0.17216722667217255 -0.2173731029033661 -0.06762631237506866 -0.14209091663360596 0.09856070578098297 -0.08031318336725235 0.08464788645505905 -0.09306172281503677 0.10113804042339325 -0.15886181592941284 0.0877041146159172 0.05019797384738922 0.022065280005335808 -0.0213357824832201 -0.005068235564976931 0.09570738673210144 -0.001489525195211172 0.0019608032889664173 0.10385267436504364 -0.0697658360004425 -0.050869882106781006 0.10407213866710663 -0.044279973953962326 -0.06820199638605118 -0.022211842238903046 0.08196884393692017 0.10152526199817657 0.10274229943752289 0.21517202258110046 0.07970335334539413 0.1514226198196411 0.039984479546546936 0.06142464652657509 -0.04096110537648201 -0.024321740493178368 -0.04236685484647751 0.06481345742940903 0.029012376442551613 -0.05349637195467949 0.14892630279064178 -0.03327203169465065 0.14563077688217163 -0.03868209198117256 0.030980965122580528 0.04900424927473068 0.10015566647052765 -0.013333428651094437 -0.008010528050363064 -0.020725060254335403 -0.11439540982246399 -0.0696515440940857 0.020860042423009872 -0.050619371235370636 0.0970044806599617 -0.1409481316804886 -0.1302436739206314 -0.14778196811676025 -0.07060050219297409 -0.01092606969177723 -0.06990720331668854 -0.0360829196870327 0.02413111738860607 -0.16711732745170593 -0.13668517768383026 0.03087255172431469 -0.11035120487213135 -0.000734434463083744 0.036845047026872635 0.07812026888132095 0.10147546976804733 -0.10547425597906113 -0.13568727672100067 0.08071490377187729 0.05246506631374359 -0.11616646498441696 -0.1064426377415657 -0.13327106833457947 -0.02834094502031803 -0.04168182611465454 -0.008688414469361305 0.16752298176288605 0.13804060220718384 0.13369980454444885 0.09937651455402374 0.0058264946565032005 0.014517968520522118 0.06753231585025787 -0.01712588407099247 -0.020654872059822083 0.08673933148384094 -0.033817678689956665 -0.030831508338451385 -0.05794524773955345 0.037959497421979904 -0.062368813902139664 0.0929141417145729 0.026467515155673027 0.06539826095104218 0.0604773685336113 0.09225043654441833 -0.010064506903290749 -0.06871068477630615 -0.05259700119495392 -0.037843771278858185 0.039307959377765656 0.0832311138510704 0.02599485032260418 0.026157177984714508 0.13180512189865112 -0.08488911390304565 -0.04390356317162514 0.06341217458248138 -0.07237596809864044 -0.11274281144142151 -0.10762231796979904 0.13057957589626312 -0.05038335546851158 -0.0002209522936027497 -0.1134200468659401 0.008847400546073914 -0.07536058872938156 0.12000547349452972 -0.045678284019231796 -0.07718464732170105 0.10244650393724442 0.12472900003194809 0.07871907204389572 -0.04245320335030556 -0.005765383131802082 0.0005537201650440693 -0.08776634186506271 -0.017407791689038277 0.0325021855533123 0.16171710193157196 0.06038548797369003 0.014212196692824364 -0.03153537958860397 -0.04592852666974068 -0.056508831679821014 0.006833560299128294 -0.15091992914676666 0.14460217952728271 0.12257514894008636 0.07218793779611588 0.08003867417573929 -0.07690326869487762 -0.09887607395648956 0.09082556515932083 -0.04813970997929573 0.04436429217457771 -0.0932689681649208 -0.06580740213394165 0.007179847452789545 -0.1742725968360901 -0.13708175718784332 0.07639189809560776 0.060666270554065704 0.01937532238662243 0.1003979966044426 0.08205779641866684 0.09751575440168381 -0.005303410347551107 0.12403688579797745 -0.005631766282021999 0.10346778482198715 0.05831945315003395 0.15899144113063812 0.03746327385306358 -0.028525469824671745 -0.08106085658073425 -0.034564465284347534 -0.015129107050597668 -0.0595243014395237 0.13817211985588074 0.141429141163826 -0.058499787002801895 -0.019767548888921738 0.06552981585264206 0.13297055661678314 -0.04388396814465523 0.030424294993281364 -0.06863968074321747 -0.029913123697042465 0.12103065848350525 0.06331875920295715 -0.17568914592266083 0.016798224300146103 0.055874887853860855 -0.14102159440517426 0.060694899410009384 -0.06281055510044098 -0.09122329205274582 -0.10349544882774353 -0.07511493563652039 -0.11844085901975632 -0.1385677009820938 -0.0024515872355550528 0.040883924812078476 0.06060230731964111 0.0398973785340786 -0.1525779366493225 0.08355586230754852 0.046746645122766495 0.03317186236381531 0.06130934879183769 -0.09370353072881699 0.04057707637548447 0.05633794143795967 -0.04748771712183952 -0.1327972114086151 -0.13800179958343506 -0.10559189319610596 -0.06356889009475708 0.0034678271040320396 0.05291501432657242 0.09421464055776596 0.024113701656460762 0.09936144948005676 -0.10827597975730896 -0.06772255897521973 0.10827143490314484 0.11179330945014954 0.1247958391904831 0.06603202223777771 -0.009117454290390015 -0.08342432975769043 -0.111984983086586 0.080206498503685 0.06074105203151703 0.0874452143907547 0.058278728276491165 -0.1601088047027588 -0.06090777739882469 -0.07547882199287415 -0.14763376116752625 0.03192710876464844 0.049501433968544006 -0.01796528324484825 0.008611906319856644 -0.044312484562397 -0.07371878623962402 -0.03230254724621773 0.09418469667434692 0.08018741756677628 -0.07640781253576279 0.10583431273698807 0.03172298148274422 0.03928672522306442 -0.053144555538892746 -0.07602584362030029 0.021815799176692963 0.07925917208194733 -0.2242245376110077 0.013577787205576897 -0.0009937431896105409 0.3033944070339203 -0.060052290558815 -0.021698856726288795 0.12648890912532806 -0.12554025650024414 0.08209732919931412 0.040158022195100784 -0.06838198006153107 -0.17879804968833923 -0.05529403313994408 -0.16415512561798096 -0.08894083648920059 -0.052751194685697556 -0.09841526299715042 -0.007128459867089987 -0.0778442919254303 0.10568079352378845 0.010186538100242615 -0.08105980604887009 0.09329377859830856 -0.05601327493786812 0.062230635434389114 -0.0958479791879654 0.13350237905979156 -0.02453458681702614 -0.05554575473070145 0.007254091091454029 0.106876902282238 -0.07225756347179413 -0.12470993399620056 -0.07783832401037216 -0.10479027777910233 0.08042638748884201 0.022317951545119286 -0.05369451269507408 -0.02739059552550316 0.042946938425302505 -0.0775260254740715 -0.056995686143636703 0.056858886033296585 -0.04260312393307686 0.031246207654476166 0.056396763771772385 -0.09321992099285126 0.007731156423687935 -0.01806783303618431 0.044559966772794724 0.0057593160308897495 0.02502152882516384 0.020556366071105003 0.027739854529500008 0.05477108061313629 0.07074709981679916 -0.032768577337265015 -0.0019625574350357056 0.16247031092643738 -0.013020726852118969 0.12675584852695465 -0.1195974051952362 0.014871476218104362 -0.10591580718755722 0.03504466265439987 -0.14240942895412445 -0.0011501825647428632 -0.12804819643497467 -0.19090834259986877 -0.18815986812114716 -0.19166208803653717 -0.16476565599441528 -0.07751359045505524 -0.025675438344478607 0.03271673619747162 -0.049077294766902924 -0.08900551497936249 0.09097680449485779 0.06367874890565872 0.07845509052276611 -0.08419700711965561 -0.055560894310474396 -0.052347972989082336 -0.09076804667711258 0.07425554096698761 1.1424308468122035e-05 -0.042258601635694504 -0.055705491453409195 -0.031099611893296242 0.0016981279477477074 0.0012976288562640548 0.11810720711946487 -0.051320962607860565 -0.074034184217453 0.11925943940877914 0.08288171887397766 0.07985790818929672 0.14469198882579803 -0.09470059722661972 -0.08735430240631104 -0.04994858056306839 -0.03808357194066048 0.0652494728565216 -0.0800958201289177 0.007003536447882652 -0.000581049476750195 -0.019661489874124527 -0.10923125594854355 0.06855131685733795 -0.08428815752267838 -0.10093575716018677 0.12524807453155518 0.04087658226490021 0.0825587809085846 -0.010935675352811813 -0.09548032283782959 0.048192109912633896 0.06528912484645844 0.03212539851665497 0.02310783974826336 -0.05810017138719559 0.08322805911302567 -0.04126414284110069 -0.07158678770065308 0.025560449808835983 0.05975225567817688 0.20501908659934998 0.16555388271808624 0.13458558917045593 -0.07888329029083252 0.025413043797016144 0.1543784737586975 -0.09972848743200302 0.13969138264656067 0.039785269647836685 0.07005897909402847 -0.15337103605270386 -0.15921713411808014 -0.09479424357414246 -0.07809314131736755 -0.03509915620088577 0.02326427400112152 0.058334626257419586 0.0655379369854927 0.04718220606446266 0.08333896845579147 0.004776952788233757 0.03821422904729843 0.06360955536365509 -0.09136028587818146 0.13444240391254425 -0.05746638402342796 0.03333548083901405 0.14300864934921265 0.003942383918911219 0.13294894993305206 0.1036706417798996 -0.05395457521080971 0.13455387949943542 0.06816928833723068 0.06251874566078186 -0.05383450910449028 -0.0533466674387455 0.1265634447336197 0.07822486013174057 -0.02825886756181717 -0.05660600587725639 -0.0769033432006836 -0.05513123795390129 0.032754842191934586 -0.006461366545408964 0.08917699009180069 -0.06007293984293938 0.043416235595941544 0.03246487304568291 -0.08096824586391449 -0.00789467990398407 0.06242462247610092 0.032053232192993164 -0.133465975522995 0.06134872883558273 0.08251264691352844 -0.002607564441859722 -0.006789397913962603 -0.03907594829797745 -0.13131575286388397 -0.0007472431752830744 -0.1303502917289734 0.046241745352745056 -0.016161032021045685 -0.21143700182437897 -0.2222994863986969 -0.25652068853378296 0.22500506043434143 -0.19350358843803406 0.006429112050682306 0.10503511875867844 0.07257062196731567 -0.12350190430879593 0.16589073836803436 0.01407855749130249 -0.11047070473432541 -0.11102474480867386 0.05753583088517189 -0.11324760317802429 -0.15651525557041168 -0.0007032043649815023 -0.10570570826530457 0.12042352557182312 -0.06923820078372955 0.046875737607479095 -0.05934153497219086 0.058971334248781204 0.060171447694301605 0.058023665100336075 0.1011623740196228 0.06157338619232178 -0.019075511023402214 0.012099914252758026 0.11815977841615677 0.004059113562107086 -0.03963136672973633 0.04517428204417229 0.048681892454624176 -0.028822796419262886 0.009661716409027576 0.0093541219830513 0.06730950623750687 0.09653142839670181 0.009688801132142544 0.01006600446999073 0.05797642841935158 -0.11083584278821945 -0.08955825865268707 0.07415729016065598 0.03302036225795746 0.05678177997469902 -0.04969161003828049 0.05294433981180191 -0.0466604009270668 0.09357541799545288 -0.06495832651853561 0.06317490339279175 0.04177680239081383 0.006783332675695419 0.03496857360005379 0.07610485702753067 0.03408046066761017 -0.10443972796201706 -0.11988189071416855 -0.0932621881365776 0.03582560643553734 -0.08190150558948517 0.04236769303679466 -0.056815605610609055 -0.06283304840326309 0.078523188829422 -0.018596328794956207 0.18892186880111694 0.01665779948234558 -0.13334335386753082 -0.10052811354398727 -0.04484323784708977 -0.09885945171117783 0.04183574020862579 -0.014688162133097649 -0.18657401204109192 0.11793185025453568 -0.08181971311569214 -0.08514727652072906 0.15380966663360596 0.031043583527207375 -0.08393246680498123 -0.05685620754957199 0.03009963035583496 0.029019875451922417 -0.03739078715443611 0.003377538174390793 -0.09084838628768921 -0.09687654674053192 -0.06482228636741638 -0.09092502295970917 0.00842373538762331 -0.03901200741529465 0.09780945628881454 -0.07515478879213333 0.029054826125502586 -0.12497363984584808 -0.08733689785003662 0.0213290024548769 0.0594196580350399 -0.13776764273643494 -0.05105309188365936 0.04856756329536438 0.02022363245487213 -0.06402286142110825 0.028036367148160934 0.08224758505821228 0.08826254308223724 -0.038275495171546936 -0.04360339418053627 -0.015795093029737473 0.12737050652503967 -0.021368790417909622 -0.13744224607944489 -0.08495079725980759 -0.14685262739658356 0.08928156644105911 -0.07673143595457077 0.11502069979906082 0.1425469070672989 0.08624685555696487 -0.01876049116253853 0.06255856156349182 0.15623605251312256 0.09999028593301773 -0.03798038512468338 0.053940773010253906 -0.08050984144210815 0.025400429964065552 0.06850389391183853 0.13880550861358643 0.1067178025841713 0.023728149011731148 0.04764130339026451 -0.18259577453136444 -0.08836209028959274 0.03365611657500267 0.12436214089393616 0.14314834773540497 0.0791487991809845 -0.07182936370372772 -0.1629675179719925 -0.07650981843471527 -0.02874925173819065 -0.03942907229065895 0.005692085716873407 -0.0667310431599617 0.10348155349493027 0.10584042221307755 0.054364483803510666 0.019042644649744034 0.06317219138145447 -0.013520135544240475 -0.07717157155275345 -0.08914470672607422 0.04888717830181122 0.11216828972101212 -0.037428632378578186 -0.10071958601474762 -0.029020238667726517 -0.020848842337727547 -0.09368275105953217 0.0686095654964447 0.004158874973654747 -0.03342879191040993 -0.023806987330317497 0.08751434087753296 -0.11888934671878815 0.06719495356082916 0.06462984532117844 0.09695422649383545 -0.0813642144203186 0.07117551565170288 0.030692698433995247 0.011037640273571014 -0.11532096564769745 -0.04410657659173012 -0.015741080045700073 -0.04947321489453316 0.05267611891031265 -0.04637261480093002 0.09766949713230133 0.1288241446018219 0.04895789921283722 0.05348274111747742 0.08017092198133469 0.06848980486392975 0.04041409492492676 -0.04742974415421486 0.031430941075086594 -0.12429589778184891 -0.16905008256435394 -0.13475801050662994 -0.08871530741453171 0.00940920040011406 -0.16796690225601196 0.06425285339355469 -0.09667003154754639 0.0868108868598938 0.14655563235282898 0.13629871606826782 0.11477964371442795 0.023429416120052338 -0.04498396813869476 -0.08273538947105408 -0.09874848276376724 -0.13447652757167816 -0.10637285560369492 -0.0927286297082901 0.06677725911140442 -0.03415941447019577 -0.011735659092664719 -0.04653748497366905 -0.029566915705800056 0.04856869578361511 0.02447023242712021 -0.090983547270298 0.03323685750365257 -0.06367915123701096 0.08572947978973389 0.007707379292696714 0.08736462146043777 0.10721617192029953 0.059429410845041275 -0.057043034583330154 0.030635902658104897 0.051668424159288406 -0.0716765820980072 -0.10126394033432007 0.12718386948108673 0.024052375927567482 0.0903048887848854 0.016731899231672287 -0.09282398968935013 0.11757371574640274 -0.08006856590509415 0.07586757093667984 0.014150414615869522 -0.04420572146773338 -0.01409217994660139 -0.019212013110518456 0.03276296705007553 0.025323165580630302 -0.10746326297521591 -0.10090817511081696 0.03160244971513748 -0.13725285232067108 -0.10078772902488708 -0.05715429410338402 0.018702758476138115 0.06328419595956802 -0.12980373203754425 -0.06772508472204208 0.10476110130548477 -0.007914027199149132 0.12139892578125 0.10390665382146835 -0.14265687763690948 -0.21783752739429474 -0.12461599707603455 -0.17176589369773865 0.06404385715723038 0.18418973684310913 0.09632966667413712 0.12093190848827362 -0.12301195412874222 0.10199206322431564 -0.033236030489206314 0.13443779945373535 0.02541491575539112 0.03252856060862541 0.07682528346776962 0.04281944781541824 0.059946540743112564 0.02392006665468216 -0.04619720205664635 -0.09207423776388168 0.0310991033911705 -0.054079458117485046 -0.08754879981279373 -0.04260833188891411 0.013416282832622528 -0.05522551015019417 0.050946928560733795 0.039291862398386 0.056557297706604004 -0.04359700530767441 -0.0005899944808334112 -0.038171906024217606 -0.11999855190515518 -0.06983394920825958 -0.02887265384197235 0.03641272708773613 -0.09144864976406097 -0.12699250876903534 0.042194146662950516 0.07709410041570663 0.12655669450759888 0.03879643976688385 0.09340763092041016 0.07388900965452194 0.05163507163524628 -0.03328036516904831 -0.019704017788171768 0.11589320003986359 -0.0300038643181324 -0.025326116010546684 0.055276017636060715 0.03860416263341904 0.018873589113354683 0.04385165870189667 -0.05689424276351929 -0.09908142685890198 -0.10934141278266907 0.11799026280641556 0.02776089683175087 -0.12142418324947357 -0.04596690461039543 -0.09033457189798355 -0.16959241032600403 0.03296908736228943 -0.02537725120782852 -0.1170477420091629 -0.04012376815080643 -0.08825363218784332 0.03329113498330116 0.08639117330312729 -0.11187613755464554 0.1089567244052887 -0.03265921398997307 -0.1514642983675003 -0.12044842541217804 -0.134153813123703 -0.10580757260322571 0.11013349145650864 0.05066559091210365 -0.002042018575593829 0.11553829908370972 0.01465902104973793 0.12038692831993103 0.09844005852937698 -0.04165051132440567 -0.06295013427734375 0.034231092780828476 0.11571832746267319 -0.04470285400748253 -0.0751723051071167 0.030209658667445183 -0.010008560493588448 0.08972330391407013 -0.08753389120101929 -0.013698999769985676 -0.012419095262885094 -0.06583543866872787 0.02798234112560749 0.06059958413243294 -0.08367522060871124 0.03591539338231087 0.07553602010011673 0.1005486324429512 0.03687318041920662 -0.027274901047348976 -0.13860827684402466 0.09716259688138962 -0.07971534878015518 0.018094750121235847 -0.003452461678534746 0.031242815777659416 -0.0534127801656723 -0.06062721088528633 -0.06442944705486298 -0.14941376447677612 0.05650993436574936 -0.11826963722705841 -0.061961039900779724 0.009105557575821877 -0.09267021715641022 0.01813490130007267 -0.12751926481723785 -0.12897109985351562 0.021605854853987694 0.09606609493494034 0.012035644613206387 -0.022661592811346054 0.08733243495225906 0.14301729202270508 0.07701097428798676 0.22720903158187866 0.23015323281288147 0.10590603202581406 -0.004969166126102209 0.07850895822048187 0.007410530466586351 -0.09503167122602463 -0.013739594258368015 -0.11808331310749054 -0.0543978288769722 0.03426958620548248 0.032064955681562424 0.05896966531872749 -0.11575031280517578 -0.08423376083374023 0.06054330989718437 0.03893691673874855 0.0628456398844719 -0.029808703809976578 -0.03576824441552162 0.013509408570826054 0.10592904686927795 0.037134405225515366 -0.004709389992058277 -0.06821846216917038 0.07223853468894958 -0.005851856432855129 0.09698369354009628 0.04792198911309242 -0.06922522932291031 0.02935761772096157 -0.06448490917682648 0.03856135532259941 -0.05936024338006973 -0.07020991295576096 0.07103760540485382 -0.04509657993912697 0.00263217999599874 0.06848765164613724 -0.0051407883875072 0.05259905382990837 0.11852111667394638 -0.014262854121625423 0.04631838947534561 0.000878090679179877 0.06559793651103973 0.08655016869306564 0.06450651586055756 -0.07314535230398178 0.05704038590192795 0.030380411073565483 0.05697336047887802 -0.0878937691450119 0.07383035123348236 0.0755956694483757 -0.09299715608358383 -0.061686187982559204 0.010456119664013386 -0.08214385062456131 -0.1215614527463913 -0.14020054042339325 -0.05478927865624428 -0.20711174607276917 -0.14816059172153473 -0.04137802496552467 0.12049885839223862 -0.053429022431373596 -0.18219076097011566 -0.055832114070653915 -0.003251824527978897 -0.1555539071559906 -0.057483356446027756 0.09582609683275223 0.07302430272102356 0.0327361524105072 -0.042612239718437195 0.0021438675466924906 -0.04085822403430939 0.06102966144680977 -0.09858833998441696 -0.09325380623340607 0.09530805051326752 0.0772685632109642 0.1528736650943756 0.13306924700737 -0.08971114456653595 -0.11921662092208862 0.02060607075691223 0.10613507777452469 0.09155026078224182 0.11394622921943665 -0.13870233297348022 -0.01565130054950714 -0.03949194774031639 0.1608869880437851 0.12473903596401215 0.11716896295547485 0.14380298554897308 0.1374768316745758 0.05817859619855881 0.11972665041685104 0.11199840903282166 -0.021582569926977158 0.028521396219730377 -0.021565278992056847 0.1061701700091362 -0.05557907372713089 -0.07733476907014847 -0.06743371486663818 0.054130855947732925 -0.06313638389110565 0.013399694114923477 0.05881631746888161 0.0628940612077713 0.0847846120595932 0.059197042137384415 -0.07083524018526077 -0.07298751920461655 0.03815846145153046 0.09049615263938904 -0.07936421781778336 -0.1479976922273636 -0.12727592885494232 -0.09295481443405151 -0.10487882047891617 -0.05535983666777611 -0.16045160591602325 0.00771790836006403 0.21239444613456726 -0.017023475840687752 -0.19942565262317657 -0.05865965411067009 -0.03819241374731064 -0.08314895629882812 0.028150945901870728 -0.09053162485361099 -0.13046523928642273 -0.1369965672492981 0.014538943767547607 -0.08608730137348175 -0.07844202220439911 0.04821325093507767 0.01302903052419424 -0.16056741774082184 -0.2140074223279953 -0.03947015479207039 0.08071047812700272 -0.038784947246313095 -0.06467921286821365 -0.04625552520155907 -0.01485364604741335 -0.0292983315885067 0.04273676499724388 0.0775354728102684 0.07207812368869781 0.03192640095949173 -0.04816022142767906 -0.15293709933757782 0.05173132196068764 -0.10851079970598221 0.04536789655685425 -0.0914706364274025 0.07736965268850327 -0.027525724843144417 0.04190514609217644 -0.010927542112767696 -0.10260684788227081 0.018788298591971397 -0.07677570730447769 0.052424922585487366 -0.08275061845779419 -0.08670119941234589 -0.012685335241258144 -0.00733351893723011 0.05534444376826286 -0.02831198088824749 -0.0007824660860933363 0.04615875333547592 -0.15616647899150848 -0.07293175905942917 -0.08405394107103348 0.06775947660207748 0.07041333615779877 0.10979633778333664 0.04961419105529785 0.03291620314121246 0.006108534522354603 0.10795009136199951 0.09370821714401245 -0.11790411174297333 -0.11277156323194504 0.0647738054394722 -0.06696505099534988 0.09080976247787476 0.009801682084798813 -0.12568353116512299 0.08450181037187576 -0.1117226853966713 -0.12643757462501526 -0.17896391451358795 -0.1304115504026413 -0.15738970041275024 0.02684115059673786 -0.07832565158605576 0.08927479386329651 -0.021935025230050087 -0.11310917884111404 -0.05065486580133438 0.05262259766459465 0.02037203125655651 0.06392268091440201 0.10571794956922531 0.064358651638031 -0.035317640751600266 -0.07794247567653656 -0.04871265962719917 -0.09228836745023727 -0.15063568949699402 0.0675581842660904 0.023308731615543365 0.04719157889485359 -0.04484153166413307 -0.06001283600926399 -0.07233895361423492 0.020406287163496017 0.01710640825331211 0.16532166302204132 0.14217841625213623 -0.047063443809747696 0.12067387253046036 0.09571504592895508 0.01705440692603588 -0.05085304006934166 0.10132446885108948 0.034361422061920166 0.04272211715579033 0.11674518883228302 -0.0647583082318306 0.1431332677602768 -0.04909037798643112 0.0019984636455774307 0.15172472596168518 0.039661623537540436 -0.11954173445701599 0.03072945773601532 0.03449953719973564 -0.09748973697423935 -0.017266899347305298 0.1064891517162323 0.07422851771116257 0.0739336907863617 0.16005635261535645 0.021622559055685997 0.02858797274529934 -0.16145063936710358 -0.04044486582279205 0.04698367416858673 0.13190396130084991 0.0751546323299408 0.06500137597322464 -0.03480054810643196 -0.10114109516143799 -0.08266669511795044 0.03851788118481636 -0.006096647121012211 0.10580428689718246 0.07269206643104553 0.10510847717523575 0.04655203968286514 0.06318588554859161 -0.03647945821285248 -0.08875082433223724 0.09511281549930573 0.07337124645709991 -0.1305972784757614 -0.04012077674269676 -0.09098424017429352 0.09551026672124863 -0.01373528502881527 0.0007699555717408657 0.037694934755563736 -0.06500092148780823 0.08648308366537094 0.1090172529220581 -0.11854784935712814 -0.050007279962301254 -0.07859969139099121 0.09004809707403183 0.06727942079305649 -0.06180395558476448 0.02690073847770691 -0.07966665923595428 -0.1499025970697403 -0.13200591504573822 -0.11838696897029877 0.047085199505090714 -0.09318049252033234 -0.04274882376194 -0.01773894764482975 0.030791688710451126 0.04450219124555588 0.08043614029884338 0.1649765968322754 0.15651048719882965 0.004572744015604258 0.12465892732143402 0.06670858711004257 0.1043139398097992 0.06601359695196152 -0.07281719148159027 0.11298894137144089 -0.09212587773799896 0.02282288298010826 0.006894071586430073 0.12560030817985535 -0.13737648725509644 -0.11588519811630249 -0.01900036633014679 -0.06366061419248581 -0.3376215100288391 -0.03450514376163483 0.03774520382285118 0.017258543521165848 -0.0845373347401619 -0.010863958857953548 -0.04123475030064583 0.03187081962823868 -0.12666355073451996 0.030568672344088554 -0.016906315460801125 -0.04517064616084099 0.07449578493833542 -0.050386518239974976 0.010888664051890373 0.156498983502388 0.15328074991703033 0.09516766667366028 0.036539655178785324 -0.03853441774845123 0.051332440227270126 -0.10002206265926361 0.01792776584625244 0.023065315559506416 -0.09557873755693436 0.06548532843589783 0.06457677483558655 0.023328183218836784 0.07134726643562317 0.048118993639945984 0.03221593052148819 -0.005811667535454035 0.07618096470832825 -0.03142603114247322 -0.1140364557504654 0.04908646270632744 0.03858343884348869 -0.13490158319473267 0.055517178028821945 -0.09218127280473709 -0.0843280777335167 0.00973125733435154 -0.07865757495164871 -0.10019169747829437 -0.05341869220137596 -0.11503671854734421 -0.035208407789468765 -0.0018915089312940836 -0.08484580367803574 -0.09374620765447617 -0.0077239046804606915 0.1019861176609993 0.05446190759539604 0.041416920721530914 -0.06449674814939499 -0.07244138419628143 -0.14841844141483307 -0.0977211520075798 0.016716210171580315 0.08940563350915909 -0.008157068863511086 -0.03374246135354042 -0.17293085157871246 -0.004669399466365576 0.12404540181159973 -0.06873870640993118 0.023517942056059837 0.08460413664579391 0.14918112754821777 0.044047992676496506 0.038469064980745316 0.021748023107647896 0.004211082123219967 0.08666571974754333 0.07256229221820831 0.05258214473724365 -0.016020173206925392 0.1296905279159546 -0.07884223014116287 -0.06631720066070557 -0.03077193908393383 -0.0518370047211647 -0.11708817631006241 0.02140985056757927 0.009946556761860847 0.008195425383746624 0.04479272663593292 0.020457493141293526 0.020994344726204872 -0.07815853506326675 0.09018323570489883 0.01582341454923153 -0.11261826008558273 0.09982660412788391 0.041298940777778625 -0.08468932658433914 0.11597074568271637 0.10838645696640015 -0.11232095956802368 -0.05887040123343468 -0.018320517614483833 -0.06457929313182831 0.033291615545749664 0.031233595684170723 -0.0128050297498703 0.026501422747969627 -0.09387239813804626 0.07657036185264587 0.05257144942879677 -0.09508474171161652 -0.0058939470909535885 0.07132306694984436 0.05038763955235481 0.00843120738863945 0.023533599451184273 -0.07611244171857834 0.0647067129611969 -0.04093773290514946 0.05498456582427025 -0.05198895186185837 -0.062065836042165756 -0.04848404973745346 -0.07395926117897034 0.03619304671883583 0.07896352559328079 0.01255599595606327 0.002127146814018488 -0.18705569207668304 -0.0640028864145279 0.12518499791622162 0.20016008615493774 -0.02880948968231678 -0.07562357187271118 -0.25371500849723816 0.015069197863340378 0.10144785046577454 0.041491854935884476 0.01409776508808136 0.008885976858437061 -0.04150931164622307 0.11205682158470154 -0.048564475029706955 0.04373210296034813 0.12549151480197906 0.04847205430269241 0.030522136017680168 -0.06074066832661629 0.06410534679889679 0.02560218796133995 0.10496241599321365 0.027312714606523514 0.026205379515886307 0.10584239661693573 0.05743724852800369 0.09882956743240356 0.08851053565740585 0.03946502506732941 -0.026156404986977577 0.11569016426801682 -0.1164228618144989 0.09161349385976791 0.06394364684820175 -0.02710134908556938 -0.047416459769010544 0.03580136597156525 0.04671914502978325 -0.08549762517213821 0.059275344014167786 -0.04439050704240799 -0.0059748501516878605 0.10664310306310654 0.06718987971544266 0.14625510573387146 -0.0553162582218647 -0.06559880077838898 -0.0477234311401844 0.00614066980779171 -0.04967035353183746 0.1404561698436737 0.12849213182926178 0.08101168274879456 -0.021585648879408836 -0.029209280386567116 -0.03805698826909065 0.11979611963033676 -0.0004301081644371152 0.11396636813879013 0.1639176309108734 -0.07015005499124527 -0.09701058268547058 -0.1467597782611847 -0.07639874517917633 0.0022702335845679045 -0.13071170449256897 0.035906460136175156 -0.04168219491839409 0.121978260576725 0.08793530613183975 -0.08991070836782455 -0.084359310567379 -0.09315833449363708 -0.2359372079372406 -0.05355827510356903 -0.04120463505387306 3.3847405575215816e-05 0.16577109694480896 -0.028882352635264397 -0.010448710061609745 0.09113219380378723 -0.0738222524523735 0.010403982363641262 -0.014447950758039951 0.017067313194274902 0.033440522849559784 0.01098685897886753 0.06436198949813843 -0.005932459142059088 0.0762685090303421 0.0627359002828598 -0.0753314271569252 0.09248507022857666 0.09931004792451859 -0.024108534678816795 0.1223452165722847 -0.0677284225821495 0.07985997945070267 -0.01855112798511982 -0.016101444140076637 -0.04429471865296364 -0.06983652710914612 -0.04449373856186867 -0.012915104627609253 0.001209949841722846 -0.040933940559625626 -0.010469801723957062 0.09914688020944595 -0.0977994054555893 0.007241626735776663 0.029815778136253357 0.05745697021484375 -0.10662739723920822 0.04627237468957901 -0.06447328627109528 0.05025964230298996 0.0017731462139636278 -0.11750500649213791 -0.0013167100260034204 -0.04360369220376015 0.027780739590525627 -0.10041308403015137 0.008085144683718681 -0.09198836982250214 -0.009895270690321922 -0.035478245466947556 -0.0999620258808136 0.03612752631306648 0.1753859668970108 0.1754758059978485 -0.12741312384605408 -0.06652843952178955 0.154611274600029 -0.010720261372625828 0.043067388236522675 0.09649720042943954 0.07998012006282806 -0.09012776613235474 0.026596441864967346 -0.15264375507831573 -0.17366018891334534 -0.08533890545368195 -0.12784165143966675 0.07013474404811859 -0.013150899671018124 -0.034518126398324966 -0.0710500180721283 -0.07325148582458496 -0.02085026726126671 0.16833342611789703 0.011115903034806252 0.10514111071825027 -0.040339596569538116 -0.03202913701534271 -0.09271840751171112 0.060351237654685974 0.057057302445173264 0.01685980334877968 -0.008360621519386768 -0.06836189329624176 -0.10655919462442398 -0.07529518753290176 -0.0858735740184784 0.012049485929310322 -0.18468794226646423 0.042326927185058594 -0.028463702648878098 -0.07002004235982895 -0.13981887698173523 -0.05808284506201744 -0.08627797663211823 -0.12257117033004761 0.06210756301879883 -0.09628454595804214 -0.03182445839047432 -0.061692122370004654 -0.036172881722450256 0.029194742441177368 -0.013961968012154102 -0.13041970133781433 -0.07292421907186508 0.08131525665521622 0.039365559816360474 0.01820915937423706 -0.023526161909103394 -0.06843370944261551 -0.0326082780957222 0.05458202585577965 -0.044073447585105896 0.040422938764095306 0.004720681346952915 0.05706925317645073 -0.08635125309228897 -0.061773501336574554 0.04088425263762474 -0.13825485110282898 0.010206262581050396 -0.1543787568807602 0.005216813180595636 -0.07329496741294861 -0.028350884094834328 0.11465989798307419 0.05450189858675003 -0.07869395613670349 0.05725402384996414 -0.07022776454687119 0.045587096363306046 -0.06933202594518661 -0.11369206756353378 -0.04561759904026985 0.06596367061138153 -0.09436173737049103 0.04373343661427498 0.000591216841712594 0.017599746584892273 -0.07527154684066772 -0.03194214776158333 0.03493495658040047 0.08957455307245255 -0.06993893533945084 -0.03126497194170952 -0.09126222133636475 0.049432870000600815 -0.030764563009142876 0.01898048259317875 0.03733975812792778 -0.00042236517765559256 -0.05795573070645332 -0.05401427671313286 -0.007164807990193367 0.0991295576095581 0.03856445476412773 -0.02524520829319954 0.14607030153274536 0.014967584051191807 0.005068699363619089 0.022578725591301918 0.05205949768424034 0.10317914187908173 -0.06462408602237701 0.01912715658545494 -0.056961700320243835 0.04186340793967247 0.13348613679409027 0.04630555585026741 0.044213585555553436 0.06354275345802307 0.015153057873249054 0.033718738704919815 0.07518254220485687 0.047313738614320755 0.05226650834083557 0.10643993318080902 0.023113897070288658 0.11380511522293091 0.0661286860704422 0.06257861107587814 0.03344477713108063 -0.03753342479467392 0.14629757404327393 0.1581849306821823 -0.08187473565340042 0.06583280116319656 0.10485953837633133 -0.05147204175591469 -0.01086177583783865 0.13379083573818207 0.018919531255960464 -0.03504946082830429 0.0830371156334877 -0.10107436776161194 0.13663525879383087 -0.08761990070343018 0.07234037667512894 -0.0817280039191246 -0.15381546318531036 0.09272436797618866 -0.14213019609451294 0.04861605912446976 0.04668194800615311 0.00013600318925455213 -0.006356018129736185 0.03594410791993141 -0.029733382165431976 0.05575022101402283 -0.15125437080860138 -0.16780297458171844 -0.1671724170446396 -0.14166994392871857 -0.07047092914581299 0.026116302236914635 -0.08418375998735428 -0.1572001427412033 0.038650427013635635 -0.11064962297677994 -0.02071063220500946 -0.027107004076242447 0.025477174669504166 0.08312740921974182 0.07773132622241974 -0.08847852796316147 -0.024097375571727753 0.05690290033817291 -0.12009812146425247 -0.1311686784029007 -0.014468077570199966 -0.1342686414718628 0.0799509584903717 0.10263649374246597 0.11540091037750244 0.10317075997591019 -0.028862187638878822 0.010759365744888783 0.0840052142739296 0.10982131958007812 0.10028788447380066 0.011421281844377518 -0.10648506879806519 0.07739566266536713 -0.03799494355916977 -0.20257915556430817 0.015302404761314392 0.018088413402438164 -0.09364098310470581 0.019737588241696358 -0.11419278383255005 -0.11936051398515701 -0.041442032903432846 0.06294579803943634 -0.16987259685993195 0.06179174408316612 0.0917566791176796 0.04224717617034912 -0.09967225790023804 -0.005088392645120621 0.11013682931661606 -0.09423713386058807 -0.16357186436653137 0.14012236893177032 0.13519975543022156 0.07006437331438065 0.20519641041755676 -0.05584849789738655 -0.01988593488931656 -0.010062954388558865 -0.13135531544685364 -0.0419488325715065 -0.05057628080248833 0.06882312148809433 -0.037729568779468536 -0.03884196653962135 -0.10609856992959976 -0.058311183005571365 -0.0966663509607315 0.06062132492661476 -0.024495668709278107 0.00653835479170084 -0.05808785557746887 -0.1450093537569046 -0.023240206763148308 -0.021401509642601013 -0.23955416679382324 -0.13752779364585876 -0.13772675395011902 0.038454484194517136 0.017843665555119514 -0.14254073798656464 -0.07669822126626968 -0.051276255398988724 0.037473294883966446 0.058472640812397 -0.09147480875253677 -0.006885895039886236 0.0013737970730289817 -0.0031703426502645016 0.024496082216501236 -0.06722089648246765 -0.031919002532958984 -0.12626685202121735 -0.07344263046979904 0.10842679440975189 0.0706469938158989 -0.03882279619574547 0.1688220202922821 -0.1267434060573578 0.05731901898980141 -0.0795823335647583 0.11826913058757782 0.16074246168136597 -0.018878495320677757 0.07865834981203079 -0.013373810797929764 -0.06656157225370407 0.09149610251188278 0.04202995076775551 -0.04312383383512497 -0.01049044355750084 -0.006459609605371952 -0.008539624512195587 -0.017249369993805885 0.036984413862228394 0.15174166858196259 0.0670592188835144 0.13529756665229797 0.11069200187921524 0.03739276900887489 -0.015955191105604172 0.05286029353737831 0.05927559733390808 0.07972787320613861 0.011570548638701439 0.019507812336087227 -0.05144296586513519 0.059991203248500824 0.027260657399892807 -0.1072806790471077 -0.12843729555606842 -0.13664686679840088 -0.012539314106106758 -0.013376637361943722 -0.027174169197678566 -0.027731021866202354 0.05647430196404457 -0.07848053425550461 -0.10232876241207123 0.004851635545492172 0.03217924386262894 0.048448823392391205 -0.06784814596176147 -0.06431526690721512 -0.10699976980686188 -0.12359500676393509 0.005019717384129763 -0.16292785108089447 -0.10117572546005249 -0.11232466250658035 0.008919977582991123 0.0535731166601181 0.0063212234526872635 -0.08970668166875839 -0.12798240780830383 0.09957747906446457 -0.017450960353016853 0.11655566096305847 0.07027441263198853 -0.10865096747875214 0.008709272369742393 0.13858182728290558 0.15943005681037903 0.030716173350811005 -0.09862963110208511 0.03243552893400192 -0.04857294261455536 -0.0818602666258812 -0.025604138150811195 0.08150971680879593 -0.1309853494167328 -0.09024286270141602 -0.1651623398065567 -0.1098577007651329 -0.032178815454244614 -0.0037372575607150793 -0.08059699833393097 -0.13162976503372192 0.10033547878265381 -0.006606044713407755 0.029616795480251312 0.0640704408288002 0.017097732052206993 0.04492718353867531 -0.08180294930934906 -0.018925314769148827 -0.09039769321680069 0.03687139227986336 0.004507893696427345 -0.0006381474668160081 0.007786288391798735 -0.012807296589016914 -0.06643570214509964 0.06527688354253769 0.1122463047504425 0.0017153577646240592 0.04265845939517021 -0.057761501520872116 -0.03189966455101967 -0.0009694942855276167 -0.07325520366430283 0.08461389690637589 0.12123896181583405 0.06815838813781738 -0.045696672052145004 0.05595153197646141 -0.053703390061855316 -0.007305386010557413 0.12956075370311737 0.059292927384376526 0.14996318519115448 0.1313224732875824 0.03287472575902939 -0.01478145457804203 -0.019846512004733086 -0.03347180411219597 -0.06579869240522385 -0.09369387477636337 -0.06180039420723915 0.10619744658470154 0.028364436700940132 0.0461944155395031 0.06876695156097412 0.19837234914302826 0.05977887287735939 0.06224852427840233 0.06056655943393707 0.14244344830513 0.1506422460079193 0.12029679864645004 -0.07353979349136353 0.006736908107995987 -0.06922157853841782 0.05592622235417366 0.09840370714664459 -0.042882613837718964 0.017560789361596107 -0.017838850617408752 0.12737515568733215 -0.08153640478849411 0.06698334217071533 -0.0695880800485611 -0.028550254181027412 -0.004285349510610104 -0.03738066181540489 -0.12020473927259445 0.05840118229389191 -0.08542776107788086 -0.09708108007907867 0.08501339703798294 -0.08096470683813095 0.03819026052951813 -0.03231062367558479 0.10123001784086227 -0.10615673661231995 -0.11913241446018219 -0.09590887278318405 0.045627448707818985 0.11557718366384506 -0.0206162016838789 0.04737440124154091 -0.0119608324021101 0.012124157510697842 -0.02817372791469097 -0.05090712010860443 0.006908905226737261 0.1319054812192917 -0.05551955848932266 0.031286321580410004 0.033950578421354294 -0.0776507779955864 -0.05702458694577217 -0.034290749579668045 0.002292442135512829 0.0655083879828453 0.015478972345590591 -0.10266492515802383 0.02752050943672657 0.04660752788186073 -0.10754182934761047 0.07557415217161179 0.06872193515300751 -0.09419283270835876 0.07340085506439209 0.012882011011242867 -0.1352991759777069 -0.15182720124721527 -0.09236215054988861 0.08214210718870163 -0.07090631872415543 -0.07035720348358154 -0.18035365641117096 0.018614033237099648 0.0015028152847662568 0.11091388016939163 0.030444161966443062 0.11680885404348373 0.16115346550941467 0.1358206570148468 0.025639351457357407 0.0879029780626297 0.19194939732551575 -0.04294297844171524 -0.01149490661919117 -0.10077773034572601 -0.02652839384973049 0.049913134425878525 0.11904659122228622 0.06673725694417953 0.10419294983148575 0.11151890456676483 -0.07335899770259857 0.013168524950742722 0.0743645504117012 -0.06644193083047867 0.038470182567834854 -0.02920069731771946 0.007854693569242954 -0.0031005979981273413 -0.06196628883481026 0.09995079040527344 0.08969558775424957 0.014409717172384262 0.0722682997584343 -0.10899751633405685 -0.02983708120882511 -0.12301500141620636 -0.027721932157874107 0.027103926986455917 -0.14540539681911469 0.006922314874827862 -0.008725740946829319 -0.10667461156845093 0.0744427889585495 -0.09949891269207001 0.09674366563558578 0.050012752413749695 0.03874892368912697 -0.0349305160343647 0.08321721851825714 -0.11029045283794403 0.08394454419612885 0.023671863600611687 0.03724047541618347 -0.09388089925050735 -0.15758322179317474 -0.09640835970640182 -0.038149286061525345 -0.08020196855068207 0.0042433785274624825 0.12130466848611832 -0.06135835126042366 -0.010484050028026104 0.09051688760519028 0.04223424941301346 -0.04595761001110077 -0.0643337294459343 -0.1572313755750656 0.10955899208784103 0.07344134896993637 -0.011249613016843796 -0.09878411144018173 0.11915189027786255 0.12568102777004242 0.033036474138498306 0.00612040376290679 0.049259670078754425 0.07774430513381958 0.09706093370914459 0.11064053326845169 -0.11685877293348312 -0.0359078086912632 0.004011834505945444 -0.00826548133045435 0.05912179872393608 -0.03957384452223778 0.11432957649230957 0.018891924992203712 -0.048658933490514755 0.006761995144188404 0.09446802735328674 0.028328584507107735 -0.08130499720573425 -0.0018258396303281188 0.07015101611614227 0.024015862494707108 -0.08013734966516495 0.008034280501306057 -0.08268555253744125 0.08308108150959015 -0.08863003551959991 -0.03744129091501236 0.11126014590263367 0.08716714382171631 0.11336369067430496 0.11622927337884903 0.011664707213640213 -0.07462847232818604 0.001184854656457901 0.08625335246324539 -0.007224836852401495 0.014263113029301167 -0.09204109013080597 -0.08085361123085022 0.04733694717288017 -0.02410922944545746 0.028505263850092888 0.00759110227227211 -0.01670609973371029 -0.0879131332039833 -0.059193987399339676 0.033014364540576935 0.08834045380353928 -0.08312717080116272 -0.037120915949344635 -0.017744343727827072 0.09776602685451508 -0.0024599279277026653 -0.08370137214660645 -0.013528427109122276 0.07248567044734955 0.05772765725851059 0.029915010556578636 0.14769619703292847 0.03062456101179123 0.016019228845834732 -0.01568032242357731 0.014623460359871387 0.04698813334107399 0.18057380616664886 0.09950356185436249 -0.07424185425043106 0.11220971494913101 -0.018144754692912102 -0.05355784669518471 -0.1122215986251831 0.11346953362226486 -0.08129078149795532 -0.06200338900089264 -0.13261237740516663 -0.14492753148078918 -0.10457921028137207 -8.656666614115238e-05 -0.12979145348072052 -0.024387577548623085 -0.012027381919324398 0.08899179846048355 0.033896081149578094 0.07922552525997162 0.0019994284957647324 0.04075704514980316 0.07670334726572037 0.007828813046216965 0.05444725230336189 -0.059460047632455826 0.02637558989226818 0.0012880510184913874 0.08566730469465256 0.06936084479093552 -0.09093104302883148 -0.06260162591934204 -0.011021954007446766 0.11800806224346161 0.0012365055736154318 -0.07553650438785553 0.09405039995908737 0.008788809180259705 -0.019506093114614487 0.016564488410949707 -0.004013321362435818 0.0765412375330925 -0.00519421324133873 0.11364124715328217 -0.1117389127612114 0.03138143569231033 -0.12915536761283875 -0.02624870277941227 -0.12028201669454575 -0.049752384424209595 -0.041394270956516266 -0.0075500281527638435 -0.12367769330739975 -0.08266422897577286 0.0020798216573894024 -0.09311410784721375 0.18472889065742493 0.04089801385998726 -0.006010639015585184 -0.017634093761444092 0.13066799938678741 0.10995588451623917 0.08696158230304718 0.04000207036733627 -0.0669269934296608 -0.12122791260480881 -0.031645022332668304 0.02069338597357273 -0.0794820711016655 -0.03015225939452648 0.004556160420179367 0.08282213658094406 0.05161631852388382 -0.03190545737743378 0.09856133908033371 -0.07158350944519043 -0.006688028108328581 0.09502996504306793 0.031355004757642746 0.07991685718297958 0.12852731347084045 -0.025938672944903374 0.08046814054250717 0.01042253989726305 0.05105141922831535 -0.04966876655817032 0.08566141873598099 0.10183408856391907 0.01844625733792782 -0.06120634078979492 0.05208665132522583 0.05923277512192726 -0.015236198902130127 0.08212556689977646 -0.06727340817451477 0.020445339381694794 0.05681949853897095 -0.11078167706727982 -0.15922844409942627 -0.10876702517271042 -0.15737107396125793 0.08204889297485352 -0.008160530589520931 -0.1345483511686325 -0.0009879153221845627 0.05105670541524887 0.09841834008693695 0.021741485223174095 -0.04426482692360878 -0.03883592039346695 -0.135073721408844 -0.05069468542933464 -0.02828049845993519 0.09950987249612808 -0.11859894543886185 -0.1803756058216095 -0.06261498481035233 0.0038703223690390587 -0.09656911343336105 0.008792746812105179 -0.04048409312963486 0.07667534798383713 0.0550110898911953 -0.059333767741918564 0.060321297496557236 0.12218371778726578 -0.036615028977394104 0.025245603173971176 -0.1262664794921875 -0.0520210899412632 0.029756441712379456 0.011090027168393135 -0.041791848838329315 0.13598507642745972 -0.0030334251932799816 -0.02186557650566101 -0.05304088816046715 0.06269091367721558 0.09148745238780975 -0.11596193164587021 0.0551459863781929 0.010332133620977402 -0.07420400530099869 0.0672067254781723 0.11440201103687286 -0.07575616985559464 0.09965536743402481 -0.12778539955615997 -0.034937940537929535 -0.04428599774837494 0.11748218536376953 -0.004677137825638056 -0.07927444577217102 0.02119443379342556 -0.1263333559036255 0.10042712837457657 0.07754730433225632 0.008167085237801075 -0.04027539864182472 -0.07736053317785263 0.05673596262931824 0.043557871133089066 0.12377966940402985 0.04159789904952049 -0.038658540695905685 -0.03724796324968338 0.06906827539205551 0.056955281645059586 -0.04051276668906212 0.04010392352938652 -0.11206366121768951 0.08576875180006027 0.03809715434908867 0.02663327567279339 0.10489781200885773 -0.06527816504240036 0.1146099716424942 0.09517042338848114 0.08388404548168182 0.08987193554639816 0.16823311150074005 0.004020828753709793 -0.20818200707435608 0.037403542548418045 0.03125258907675743 -0.043757714331150055 0.08409909158945084 0.05233866348862648 -0.11516211926937103 0.03909173235297203 -0.0299440398812294 0.01238222699612379 0.05671089142560959 0.08590544015169144 -0.05783911421895027 0.010397756472229958 0.06498286128044128 0.16205406188964844 0.050440747290849686 -0.07656868547201157 0.08704106509685516 -0.11105792969465256 -0.02952651120722294 -0.12862204015254974 -0.08330532908439636 -0.14836934208869934 -0.1370704174041748 0.0040160431526601315 -0.15252473950386047 0.009666910395026207 -0.14357337355613708 -0.046503450721502304 -0.11034264415502548 0.11088640987873077 -0.010491286404430866 0.03344854339957237 -0.009112379513680935 0.04326276108622551 -0.1270335465669632 -0.10181257128715515 -0.04392912983894348 0.05639372766017914 0.019914958626031876 0.013952420093119144 0.01340154092758894 -0.0018664910458028316 -0.06365636736154556 -0.03466938063502312 0.1707443743944168 0.17051152884960175 0.09880112111568451 -0.049339257180690765 0.10241909325122833 0.05670352280139923 0.109442338347435 -0.035809341818094254 0.130332812666893 0.12807369232177734 -0.008931215852499008 0.056046172976493835 0.04041774943470955 -0.11183296144008636 0.07312946766614914 0.10823450982570648 -0.09062520414590836 -0.10461361706256866 0.10617310553789139 -0.13147340714931488 -0.1838642954826355 -0.007548820227384567 0.031888291239738464 0.03203605115413666 -0.08704007416963577 0.06285808235406876 -0.13940641283988953 0.03847191110253334 -0.032251276075839996 0.018221205100417137 -0.08103235810995102 -0.07822828739881516 -0.10140199214220047 0.08125683665275574 0.10569725930690765 -0.014024966396391392 0.12672626972198486 0.05273054912686348 0.03963593766093254 0.13537193834781647 0.08258768171072006 0.11610905081033707 0.046864114701747894 0.06501521915197372 -0.013041152618825436 0.07632314413785934 0.020125914365053177 -0.1111164540052414 -0.009801862761378288 0.06153060495853424 -0.04142773151397705 0.08193658292293549 0.009356070309877396 -0.07209467142820358 0.05724726989865303 0.010634967125952244 -0.03486835956573486 0.0018146818038076162 0.11677341908216476 0.05724064260721207 -0.011882568709552288 0.0334441103041172 0.06781923770904541 0.018469084054231644 0.05877689644694328 0.10268381983041763 0.033667709678411484 -0.06951387226581573 0.026997581124305725 0.049725595861673355 -0.05320886895060539 -0.07025329768657684 0.06902414560317993 -0.036815423518419266 0.03979615867137909 0.017205724492669106 -0.06627601385116577 -0.15680213272571564 -0.12187032401561737 0.03376776725053787 -0.07328794151544571 0.013482877053320408 -0.11272310465574265 0.16600395739078522 0.09024011343717575 -0.12538625299930573 0.14962121844291687 -0.05428432673215866 -0.056607991456985474 0.03516596555709839 0.11259996145963669 0.0812988430261612 0.1435408890247345 0.05890077352523804 0.07892127335071564 0.12685245275497437 -0.009751047939062119 -0.13092748820781708 -0.06401711702346802 0.005532708019018173 0.05475829169154167 -0.02534225955605507 -0.006336680613458157 -0.12768130004405975 -0.106733538210392 -0.10244537889957428 -0.14659252762794495 0.007537299767136574 -0.04545865207910538 -0.06196419149637222 0.0779368057847023 -0.011198685504496098 -0.0314020998775959 -0.09696009010076523 0.07463640719652176 -0.018684685230255127 0.07834974676370621 0.07725691050291061 -0.024237269535660744 -0.021316740661859512 -0.09262112528085709 0.0286569707095623 0.023735322058200836 0.09698977321386337 0.10247567296028137 0.07178383320569992 0.06674428284168243 -0.007291552145034075 -0.034118808805942535 -0.10866473615169525 -0.07538113743066788 0.045259151607751846 -0.06585077196359634 0.10612127929925919 -0.056128598749637604 -0.08189801126718521 0.0625087171792984 0.062015969306230545 -0.13125252723693848 -0.10185857117176056 0.0005106474854983389 -0.1129763051867485 -0.12041022628545761 -0.09873217344284058 -0.11633968353271484 0.0485771968960762 0.11220544576644897 0.040531303733587265 -0.16014589369297028 -0.007327358704060316 0.04299656301736832 -0.10590902715921402 0.07158567011356354 -0.06559374928474426 0.035674676299095154 0.09861207753419876 0.06298888474702835 0.04028245434165001 -0.008592377416789532 -0.007487563416361809 0.120002381503582 -0.04908309131860733 -0.06910151243209839 -0.11507823318243027 -0.006930412258952856 0.1059180200099945 0.07055070251226425 -0.0725507065653801 0.08854107558727264 -0.08055639266967773 0.0894678384065628 -0.06263435631990433 0.015093237161636353 0.0100423414260149 -0.11034535616636276 -0.06350068747997284 -0.037317849695682526 -0.12506507337093353 -0.1296890676021576 -0.07275432348251343 0.05132968723773956 0.061353132128715515 0.08733494579792023 0.024706093594431877 -0.05701545998454094 -0.06979618966579437 -0.114872045814991 -0.13663265109062195 -0.09250814467668533 0.03277243673801422 0.025314444676041603 0.021749868988990784 -0.060725998133420944 0.023182658478617668 0.030040793120861053 0.0664307251572609 0.07951679825782776 -0.008706130087375641 -0.003959031775593758 0.08452552556991577 -0.008561470545828342 -0.018034860491752625 0.09544263035058975 -0.07164886593818665 0.10257984697818756 0.003355930093675852 -0.07058116793632507 0.13913238048553467 0.09264291077852249 -0.019415533170104027 0.18418902158737183 -0.05120742693543434 0.17148323357105255 0.14396683871746063 0.19316428899765015 0.11995303630828857 0.04466060921549797 0.07666084915399551 -0.037763576954603195 0.10445697605609894 0.07536978274583817 0.16860991716384888 -0.042777955532073975 -0.03069952502846718 -0.09934698790311813 0.09204867482185364 -0.0011123903095722198 -0.09335636347532272 0.019354699179530144 -0.017657475546002388 -0.05937674269080162 0.11474321782588959 -0.04007861018180847 0.03301641345024109 0.05261986702680588 0.005911456886678934 -0.07662171125411987 -0.1328849345445633 -0.03804437816143036 -0.14064641296863556 0.04858548194169998 -0.0009115883731283247 -0.03128146752715111 -0.06408665329217911 0.04836341366171837 0.021957963705062866 -0.07316014170646667 0.07501616328954697 -0.06362941116094589 -0.004773891065269709 -0.03238643705844879 -0.06641989201307297 0.08297722041606903 -0.07104052603244781 -0.13500869274139404 -0.038579147309064865 -0.14622284471988678 -0.013787273317575455 -0.12109552323818207 -0.07330374419689178 0.071966752409935 -0.14255644381046295 0.0384477861225605 0.12065263092517853 -0.059192996472120285 0.020699575543403625 0.08913836628198624 0.014440125785768032 -0.04922165721654892 0.11077573895454407 -0.034699227660894394 0.02218053676187992 -0.18827594816684723 -0.20791743695735931 -0.22805079817771912 -0.04208291321992874 0.16461814939975739 -0.02105075679719448 0.20562517642974854 0.013162808492779732 -0.13866090774536133 -0.06987586617469788 -0.09604211151599884 -0.04817576706409454 -0.02703249640762806 -0.13672994077205658 0.02064354158937931 -0.10752731561660767 0.11634592711925507 0.004099330399185419 0.07496852427721024 0.03697121515870094 -0.10556387901306152 -0.06708447635173798 0.0031788612250238657 -0.0034373761154711246 0.08764782547950745 0.13429120182991028 -0.007435448467731476 -0.07342211157083511 0.0792311280965805 0.020006045699119568 0.0612289160490036 -0.035434871912002563 -0.015662603080272675 0.10000553727149963 -0.04891515150666237 0.024134943261742592 0.08262430876493454 -0.03046506829559803 -0.027794746682047844 -0.02745996229350567 0.013668164610862732 0.11164664477109909 -0.08557040989398956 0.08604516088962555 0.02153956890106201 0.11121446639299393 0.10712170600891113 0.04060548171401024 0.0019199481466785073 0.07843142002820969 0.010622442699968815 -0.131397545337677 -0.11900265514850616 -0.05882593244314194 -0.002879494335502386 -0.13862217962741852 -0.06601833552122116 0.024077337235212326 0.0005515475058928132 -0.119705431163311 0.026189733296632767 -0.059566937386989594 0.04117314890027046 0.15490415692329407 0.0064454530365765095
b1 64
0.19517874717712402 -0.1655772179365158 0.033295631408691406 0.10213938355445862 0.0738477110862732 0.007183898240327835 0.03949965909123421 -0.10394632071256638 -0.003506092820316553 0.04934922605752945 0.030554620549082756 -0.15030840039253235 -0.09422853589057922 -0.04272472858428955 0.018802708014845848 0.013164248317480087 0.09183882921934128 -0.17339833080768585 0.005991548299789429 -0.049002379179000854 -0.1927986741065979 -0.08256730437278748 0.14321063458919525 -0.01503587607294321 0.024758554995059967 -0.07492849975824356 0.1589309126138687 -0.1423002928495407 0.018728667870163918 -0.0069199418649077415 0.10894229263067245 -0.06069153547286987 -0.09814824908971786 0.08028275519609451 -0.11218602955341339 0.12738128006458282 -0.1530623435974121 -0.017541315406560898 0.02187553234398365 -0.1405605971813202 0.08304805308580399 0.04161705821752548 -0.10200058668851852 -0.09358047693967819 -0.0632954090833664 0.10360636562108994 -0.2304352968931198 0.048945456743240356 -0.09611977636814117 0.0913645401597023 -0.08419807255268097 -0.22912771999835968 0.036108531057834625 0.06522642821073532 -0.053312379866838455 -0.09591632336378098 0.14581435918807983 -0.030913544818758965 -0.04642336070537567 0.08874821662902832 -0.10944690555334091 -0.02053186111152172 -0.20928695797920227 -0.011850716546177864
W2 4096
-0.043300922960042953 0.16992521286010742 -0.15289074182510376 -0.08582676202058792 0.1837945282459259 -0.07398664206266403 0.06969381123781204 -0.14069247245788574 -0.04996642842888832 -0.2164221853017807 0.1878601461648941 -0.022041138261556625 0.019359083846211433 0.05996694415807724 -0.13935789465904236 0.15665550529956818 -0.1117081344127655 -0.13294121623039246 -0.03182561323046684 -0.0740678682923317 -0.0202645156532526 -0.02274923212826252 0.08204185962677002 0.014522712677717209 0.06312312930822372 -0.028078502044081688 -0.03447841480374336 0.035487886518239975 0.15286481380462646 -0.06480305641889572 -0.12486517429351807 0.07182701677083969 -0.08543232828378677 0.08056934922933578 -0.009256788529455662 -0.18707700073719025 -0.1589915156364441 0.08227644860744476 -0.19228968024253845 0.10125935822725296 0.06570986658334732 0.1083768755197525 -0.2395620048046112 0.058433227241039276 -0.06199491396546364 -0.047666262835264206 0.08356251567602158 -0.16846582293510437 0.06700937449932098 -0.09228349477052689 -0.0692739263176918 -0.0934876874089241 0.10170517861843109 -0.09092976897954941 0.0522233247756958 0.01771269179880619 -0.25643765926361084 0.011728390119969845 -0.19094660878181458 -0.06732790917158127 -0.04554969072341919 -0.013807233422994614 0.018467813730239868 -0.015539642423391342 -0.0006009207572788 0.035333506762981415 -0.03972236439585686 0.05332532525062561 0.010134613141417503 -0.04748060926795006 0.004033324774354696 -0.0295565128326416 0.046465277671813965 -0.04582177475094795 0.022805575281381607 -0.03154637664556503 -0.058272335678339005 0.060205742716789246 -0.005987618584185839 -0.11984433233737946 -0.006501069758087397 -0.014138810336589813 -0.06206293776631355 0.00019087533291894943 -0.04056374728679657 -0.04938157647848129 0.07448621839284897 0.03296666592359543 -0.026867510750889778 0.022293465211987495 -0.01455073244869709 0.015919143334031105 0.009665201418101788 0.06625529378652573 0.06719451397657394 -0.04213689640164375 0.014038114808499813 -0.09537339955568314 0.007161783520132303 0.0029755141586065292 0.02318895235657692 0.12241805344820023 0.079854816198349 -0.0035646387841552496 0.0973680391907692 0.08165687322616577 -0.014401936903595924 -0.023144228383898735 -0.045364078134298325 -0.03569413721561432 -0.06827568262815475 -0.08108257502317429 0.05844282731413841 -0.11115936934947968 0.007212660275399685 0.05227605253458023 -0.004135276656597853 -0.02457636408507824 -0.0004401459009386599 0.007981241680681705 -0.058751434087753296 -0.12188202887773514 0.008829749189317226 -0.08877886086702347 0.03439481183886528 -0.03781624883413315 0.1162261962890625 0.0034626959823071957 0.13755126297473907 -0.06372079253196716 -0.08746208250522614 0.0001163716078735888 -0.06682540476322174 0.009336364455521107 0.0405680313706398 -0.28987470269203186 -0.04080040752887726 0.04170393571257591 -0.07822961360216141 0.006968626752495766 0.010824393481016159 -0.013697254471480846 0.19978827238082886 -0.06992896646261215 0.12206149101257324 0.06989255547523499 -0.10499566048383713 -0.13189907371997833 -0.2020893096923828 -0.18970434367656708 -0.07643506675958633 0.12019888311624527 0.04649036005139351 -0.16589389741420746 0.032249726355075836 0.02520303800702095 0.06813964247703552 -0.014094602316617966 -0.030265290290117264 -0.052098631858825684 -0.13391907513141632 0.0267651230096817 0.037579912692308426 -0.034426506608724594 0.15352824330329895 0.07621470838785172 0.06669405102729797 -0.2110537737607956 -0.08995883166790009 -0.03829697519540787 0.04280742630362511 0.09628734737634659 0.08929180353879929 -0.02336469665169716 -0.23581728339195251 -0.04217175766825676 -0.029664795845746994 0.03356587886810303 0.019457699730992317 -0.17807410657405853 -0.041227564215660095 -0.11452823132276535 0.10624600946903229 -0.053812507539987564 0.06647627055644989 0.049192048609256744 0.08985995501279831 0.07636163383722305 -0.17937876284122467 0.12735691666603088 -0.06739089637994766 0.14882947504520416 -0.11606311798095703 -0.030096692964434624 -0.07171953469514847 -0.13732708990573883 -0.0619269497692585 -0.02784639410674572 0.05272124335169792 -0.1815371811389923 0.03459087759256363 0.20207886397838593 0.10254304111003876 -0.11718641221523285 -0.04889379069209099 -0.09806695580482483 0.09191205352544785 0.00438073743134737 0.0917951911687851 -0.08832119405269623 0.1156977042555809 0.012242680415511131 0.0012322728289291263 -0.01790110394358635 0.10135835409164429 0.2096891552209854 -0.22276204824447632 -0.06745411455631256 -0.03770344704389572 -0.03734652325510979 0.1842585802078247 -0.17155392467975616 0.07655880600214005 -0.09410865604877472 -0.05695200711488724 0.04830849543213844 0.11282479763031006 0.2678348422050476 -0.08163251727819443 0.0888604000210762 -0.1576233208179474 -0.0435778945684433 0.10037221759557724 0.06684258580207825 -0.1844603419303894 -0.011560270562767982 -0.01979070156812668 0.07129423320293427 -0.04054199531674385 0.08502578735351562 -0.06154729053378105 -0.24900144338607788 0.017976628616452217 -0.09194614738225937 0.07626011967658997 0.010149815119802952 -0.06582759320735931 -0.022237906232476234 -0.020051827654242516 -0.04972391575574875 0.14702026546001434 0.09518330544233322 -0.006914588622748852 0.006845171097666025 -0.02409489080309868 0.10833553224802017 0.10293010622262955 -0.07442636787891388 -0.0815081000328064 0.03605047985911369 -0.01361963152885437 -0.09072694182395935 -0.048379767686128616 0.002061013365164399 -0.01083229947835207 0.1517709493637085 0.06238531693816185 0.14281368255615234 0.029058244079351425 0.07410374283790588 -0.12213049083948135 0.0015715417684987187 -0.15627923607826233 0.11125516891479492 -0.004443155601620674 0.054315902292728424 0.12035511434078217 -0.03592725098133087 -0.13539116084575653 0.009672475047409534 -0.09657736122608185 0.004803389310836792 -0.1759001761674881 0.07294584810733795 -0.06609594821929932 -0.13501563668251038 -0.02245914377272129 -0.10700875520706177 -0.013932143338024616 -0.04952153563499451 0.013627934269607067 0.08058931678533554 -0.011837359517812729 -0.08609569817781448 0.005138970445841551 0.06237604469060898 -0.03337561711668968 -0.07144443690776825 -0.03880233317613602 -0.15247100591659546 -0.13009081780910492 0.015198689885437489 -0.0510878786444664 -0.17246916890144348 -0.03286147862672806 0.08573010563850403 0.04899968206882477 -0.13047686219215393 -0.08348723500967026 0.11470391601324081 -0.14418736100196838 0.07800985872745514 -0.06967847049236298 -0.030228374525904655 0.04505401849746704 -0.01718747615814209 0.01984516903758049 0.025388259440660477 -0.22484265267848969 0.01875818520784378 0.07461196929216385 -0.03783007711172104 -0.11289007216691971 -0.3277953565120697 0.0761324018239975 -0.12412229925394058 -0.060181036591529846 -0.10256000608205795 -0.05044516175985336 -0.03764861449599266 -0.15360455214977264 -0.0779336541891098 0.2086041271686554 -0.009594631381332874 -0.095279760658741 -0.07297948747873306 -0.013467074371874332 0.0420110821723938 -0.009880284778773785 -0.3363224267959595 -0.2308276742696762 -0.13180692493915558 -0.0301533006131649 -0.04886661842465401 0.19456028938293457 0.1540507823228836 -0.27443158626556396 -0.1006915271282196 0.019325612112879753 0.190015971660614 0.03318851441144943 -0.19669517874717712 -0.01778247021138668 -0.10707173496484756 -0.21832843124866486 -0.05940326303243637 -0.04191998019814491 -0.2320723980665207 0.18539802730083466 0.040517956018447876 0.08558635413646698 -0.24255256354808807 -0.26173901557922363 0.05346428602933884 -0.2558555006980896 0.02869054675102234 -0.076729916036129 0.12068633735179901 0.12264398485422134 0.10434934496879578 -0.10888860374689102 -0.05910457670688629 0.011328013613820076 -0.006725917104631662 -0.11821004003286362 0.13064171373844147 -0.10144507884979248 -0.007617680821567774 -0.045010242611169815 0.1002257838845253 -0.03690920025110245 0.061008598655462265 -0.10881773382425308 -0.14675387740135193 -0.11404377967119217 -0.03316695615649223 0.0428643673658371 0.0972631424665451 0.03978510946035385 0.06041047349572182 -0.014944632537662983 0.08755228668451309 -0.08371739089488983 0.009372376836836338 -0.12361279129981995 -0.016266604885458946 -0.06440818309783936 0.06440196186304092 -0.0032118067611008883 -0.027023641392588615 -0.017277589067816734 0.11867491155862808 0.09279978275299072 -0.0877598226070404 -0.07245612144470215 0.07816614955663681 -0.07278814166784286 -0.07939133793115616 -0.014435868710279465 0.057534873485565186 -0.0527186281979084 -0.09257809072732925 0.0794685110449791 0.08633841574192047 0.057169344276189804 -0.0640282928943634 -0.05156311020255089 -0.08472166955471039 -0.07010969519615173 0.008112475275993347 0.015890903770923615 -0.013043168000876904 0.044356126338243484 0.06162797287106514 0.10647064447402954 -0.03986555337905884 0.012776908464729786 0.07939505577087402 0.05665736645460129 -0.029250143095850945 -0.1471124291419983 0.06753644347190857 0.036190737038850784 0.007694178726524115 0.07800371199846268 0.09570286422967911 0.027134878560900688 0.12307766824960709 0.039955008774995804 -0.04186028987169266 0.01509892474859953 -0.026677636429667473 -0.0015306551940739155 0.1267678588628769 0.1303277611732483 -0.001823745551519096 0.162606343626976 0.068291574716568 0.026241077110171318 -0.16748520731925964 -0.020706916227936745 -0.14514905214309692 0.08257672935724258 0.01075064018368721 0.12903453409671783 -0.0005197807331569493 0.031080836430191994 -0.020448850467801094 0.03359488025307655 -0.024741314351558685 -0.12616600096225739 -0.04304375499486923 0.11020029336214066 0.16530191898345947 0.06661159545183182 -0.17087386548519135 0.079421766102314 -0.12769846618175507 0.151819109916687 -0.08125624060630798 0.10085462778806686 0.11591887474060059 -0.21792714297771454 -0.15025010704994202 0.012783090583980083 0.005182910710573196 0.10459877550601959 0.060087066143751144 0.03431223705410957 -0.08070401847362518 -0.10296820104122162 -0.020157065242528915 0.13453972339630127 0.17097114026546478 -0.05743982270359993 0.02892916463315487 -0.04344359412789345 -0.0672588124871254 -0.058016613125801086 0.09827210754156113 0.007110800128430128 -0.1256139874458313 0.030296090990304947 0.03349706903100014 -0.17646779119968414 0.038878343999385834 -0.15132910013198853 -0.1850067377090454 -0.17218711972236633 0.11383882164955139 0.07266203314065933 -0.009591875597834587 -0.09578502923250198 -0.05392519757151604 0.006139481905847788 0.06048090010881424 0.045649632811546326 -0.046248115599155426 0.05118480697274208 0.00861489400267601 -0.09052611142396927 0.02653045579791069 0.016030404716730118 -0.009493328630924225 -0.027062492445111275 0.01819515973329544 -0.10936032980680466 -0.007117830216884613 -0.012099353596568108 0.03177732229232788 -0.0991215705871582 0.10142236948013306 0.001851918874308467 -0.017072279006242752 0.08782047778367996 -0.10873223841190338 0.00011000331141985953 -0.0023837636690586805 -0.0189263466745615 -0.030936162918806076 0.007935166358947754 -0.0323735736310482 -0.0025426745414733887 0.04993066191673279 0.023764897137880325 -0.017019160091876984 -0.010234328918159008 0.046918727457523346 -0.04416610300540924 -0.0502392016351223 -0.02408364973962307 -0.16361218690872192 0.026056313887238503 0.001736359903588891 0.010250115767121315 -0.016155390068888664 0.0447612889111042 0.0034338210243731737 -0.09451455622911453 -0.1264897882938385 -0.030625486746430397 -0.01734275370836258 0.10702164471149445 -0.058397047221660614 0.0799872875213623 -0.05519140884280205 -0.16854293644428253 -0.024124067276716232 -0.10525758564472198 -0.038284409791231155 -0.03985349088907242 0.03791990131139755 0.00533796101808548 0.010797245427966118 -0.06907539814710617 0.04766945168375969 -0.03514356166124344 0.06553873419761658 0.05941123515367508 -0.01828129217028618 -0.011189657263457775 -0.06341048330068588 -0.021954478695988655 -0.02010001428425312 -0.12185802310705185 0.08909236639738083 0.14759518206119537 0.027719667181372643 -0.037692420184612274 0.09013447165489197 0.03885713219642639 -0.07298362255096436 0.010152095928788185 0.1194312572479248 0.07007656991481781 0.11766404658555984 0.01885824091732502 -0.10981401056051254 0.029280204325914383 0.05780033394694328 -0.03660576790571213 -0.09416849911212921 0.12493282556533813 -0.0454975888133049 -0.16209737956523895 -0.04978690296411514 -0.1588183492422104 0.02883400022983551 -0.04741256311535835 0.004667946603149176 -0.022422222420573235 -0.005610249936580658 -0.025089848786592484 0.0023445487022399902 -0.07788517326116562 0.0652119591832161 0.03833096846938133 0.05352577939629555 -0.08502192795276642 -0.02590794488787651 0.0907188281416893 -0.01851818338036537 0.06084335595369339 0.10080461949110031 -0.03754688799381256 -0.08924321830272675 -0.14633579552173615 0.018870266154408455 -0.01678820699453354 -0.09288778156042099 0.06988288462162018 0.08825106918811798 0.021137237548828125 0.023081421852111816 0.01800251565873623 0.03046533651649952 0.07782682776451111 -0.022614039480686188 -0.049071673303842545 0.08532632142305374 0.01616043969988823 -0.005443578120321035 0.09036465734243393 0.06898747384548187 -0.10313372313976288 -0.11177833378314972 -0.09407439082860947 0.040158577263355255 -0.03647543489933014 0.1315872222185135 0.14171846210956573 -0.05664101243019104 -0.05196991190314293 0.11799297481775284 0.1442558765411377 -0.07238465547561646 -0.052166473120450974 -0.012862390838563442 -0.11392097920179367 0.0357472263276577 0.022851988673210144 0.145869642496109 0.08389700204133987 0.0015276207122951746 0.049347564578056335 0.022037971764802933 0.00042423862032592297 0.022529687732458115 -0.012860110029578209 -0.18927733600139618 0.07976385205984116 -0.021482272073626518 -0.12709972262382507 0.0643552616238594 -0.09900142252445221 0.025060204789042473 -0.07555054873228073 0.1332620233297348 -0.1485258787870407 -0.055420272052288055 -0.016593439504504204 0.11281802505254745 -0.009584913030266762 0.06018488481640816 0.035135913640260696 0.04987097904086113 0.0695972889661789 0.010746886022388935 -0.13398166000843048 -0.02969609946012497 -0.21079029142856598 0.06498308479785919 -0.03838634490966797 -0.040199872106313705 -0.08502025157213211 -0.06479795277118683 -0.036816515028476715 0.09235271066427231 0.0037538877222687006 0.06351975351572037 0.013712053187191486 0.05415935069322586 -0.03178764507174492 0.087127685546875 -0.07827865332365036 -0.010156288743019104 0.13849081099033356 0.03486436605453491 0.06736411899328232 -0.2514055371284485 0.10399063676595688 0.06391226500272751 -0.20195657014846802 0.1383790522813797 0.09671042859554291 0.15080443024635315 0.09163651615381241 0.020685765892267227 0.055100224912166595 0.04465669393539429 0.07983269542455673 -0.11015661060810089 -0.12955781817436218 -0.0974864587187767 0.028787633404135704 -0.034513920545578 0.0051711685955524445 0.082222118973732 -0.10284875333309174 0.02418636530637741 0.07002364844083786 0.04690307006239891 -0.042832084000110626 -0.14883874356746674 0.03204905986785889 0.03318212553858757 0.07704579830169678 -0.1326865404844284 0.13524973392486572 0.09360040724277496 -0.11572495847940445 0.049345169216394424 -0.012093635275959969 -0.12033043801784515 0.03792446106672287 0.11711926758289337 0.12162184715270996 0.07641524821519852 -0.04828307405114174 -0.05594000220298767 0.08516569435596466 0.059636034071445465 -0.0015682507073506713 0.06258604675531387 -0.0012879637070000172 -0.10132402926683426 0.005601298063993454 0.016443584114313126 -0.1252836287021637 0.03801315277814865 0.02968132495880127 -0.0015547595685347915 0.02288226969540119 -0.07964133471250534 0.017392290756106377 -0.1385970264673233 0.0929214358329773 -0.0025956809986382723 -0.05115967243909836 0.049419548362493515 -0.1100446879863739 -0.07883425801992416 0.0649026483297348 0.026974167674779892 0.0028281405102461576 0.030442824587225914 -0.04252970591187477 0.1456180363893509 -0.010562114417552948 -0.0230991393327713 4.770260420627892e-05 -0.09472404420375824 0.11209898442029953 -0.04071966931223869 0.1404072642326355 -0.03063286282122135 0.06604422628879547 0.10499092936515808 -0.11331451684236526 -0.01721101626753807 -0.18863172829151154 0.10898744314908981 -0.003502962412312627 0.010338650085031986 0.19938163459300995 -0.1882564276456833 0.14150890707969666 -0.04480385407805443 0.06026829406619072 -0.05914944037795067 0.10706545412540436 -0.017820216715335846 -0.19403713941574097 -0.12514983117580414 0.004741879180073738 0.014130146242678165 0.0156614538282156 -0.07844958454370499 0.0013477413449436426 -0.05091829225420952 -0.09078821539878845 0.055247873067855835 0.09630724787712097 0.12593933939933777 0.07037082314491272 0.028333598747849464 -0.18943479657173157 -0.07494647800922394 -0.07961133122444153 0.034934915602207184 -0.13385581970214844 0.05931951105594635 -0.10778331756591797 0.10343021899461746 -0.24759957194328308 -0.0021035592071712017 -0.21855852007865906 -0.1364509016275406 -0.15127459168434143 0.05589279159903526 0.017868489027023315 -0.037693511694669724 0.11550664156675339 -0.029448876157402992 -0.08696521073579788 -0.028251614421606064 0.10518861562013626 0.07846999168395996 -0.12165836244821548 0.003907104954123497 0.016741488128900528 0.06344018876552582 0.06762772053480148 -0.00847172737121582 -0.007100054528564215 0.003009640146046877 0.006078237667679787 0.01809387281537056 0.015306981280446053 -0.08648168295621872 -0.07468443363904953 0.07536546885967255 0.03095836006104946 0.03211347386240959 0.06958667933940887 0.07126131653785706 -0.0689362958073616 -0.06200510263442993 0.008176802657544613 -0.02177605964243412 -0.012537374161183834 -0.10899186879396439 0.0027210121043026447 0.025239696726202965 -0.04666648432612419 0.038643740117549896 0.03469035029411316 0.053554099053144455 -0.07095136493444443 -0.05178423970937729 -0.13737890124320984 0.05342109501361847 0.04218052327632904 0.03490503132343292 0.05058402940630913 0.07341589778661728 0.0651736706495285 0.019766410812735558 -0.08942461013793945 0.024251816794276237 0.011940088123083115 -0.1412682831287384 -0.06182239204645157 -0.010476344265043736 -0.06868468225002289 -0.028665177524089813 -0.03613195940852165 -0.043650832027196884 0.06854794919490814 0.044636230915784836 0.0033109616488218307 0.03775784373283386 -0.012666959315538406 0.03531552478671074 -0.015337285585701466 0.009336041286587715 0.010139789432287216 -0.0357220321893692 -0.0006385333836078644 0.039543550461530685 0.011014271527528763 -0.06470564007759094 0.019290858879685402 0.0006009566714055836 -0.10226352512836456 0.058795444667339325 -0.10794078558683395 0.10713937878608704 0.049187302589416504 -0.24306906759738922 -0.06123286858201027 -0.05658058077096939 0.017154401168227196 0.07989494502544403 -0.06294296681880951 0.047048743814229965 -0.26263466477394104 -0.015530260279774666 0.13147836923599243 -0.05276821553707123 -0.03775247558951378 -0.10798733681440353 -0.1436515599489212 -0.11167082190513611 -0.01111224852502346 -0.20328310132026672 -0.13937033712863922 -0.015644589439034462 0.14377093315124512 -0.009389055892825127 0.16117534041404724 0.09545673429965973 -0.23899179697036743 -0.09656813740730286 0.10659172385931015 0.029693149030208588 0.11357232928276062 0.0792219415307045 0.028973089531064034 -0.04716375097632408 -0.10077818483114243 -0.07210581749677658 -0.0027177142910659313 -0.17792581021785736 0.07572963088750839 0.03463199362158775 0.08673449605703354 -0.09142050892114639 -0.1956028938293457 0.002034675097092986 -0.16775083541870117 0.14383304119110107 -0.3140963315963745 0.10914745181798935 0.031669218093156815 0.051166970282793045 -0.1057189553976059 0.0011198598658666015 -0.08234134316444397 0.04333828389644623 -0.1458999663591385 0.19358588755130768 0.05846546217799187 -0.0474129281938076 -0.10677579790353775 0.036133501678705215 0.07332269847393036 -0.1062658280134201 -0.10794959962368011 0.09330260753631592 0.057376861572265625 -0.10462024807929993 0.02485131099820137 -0.11261068284511566 0.04673319309949875 0.08871933072805405 -0.11496233940124512 -0.04620297625660896 0.00987605657428503 0.14264251291751862 0.07269730418920517 -0.14750517904758453 0.07953541725873947 -0.013637776486575603 0.10247384756803513 -0.023437941446900368 0.0897446870803833 0.009898598305881023 0.012582005001604557 -0.08835761249065399 -0.04146350920200348 -0.1071622297167778 0.08655741065740585 0.07653295248746872 -0.07939762622117996 0.0008975231903605163 0.07519009709358215 0.005138753447681665 0.08432161062955856 -0.07789387553930283 0.10485362261533737 -0.02654576674103737 0.07782168686389923 0.00755861634388566 -0.022314071655273438 0.11547999083995819 -0.08545537292957306 0.0667395293712616 -0.059794504195451736 -0.018567051738500595 -0.043659891933202744 0.11138907819986343 0.04993436112999916 -0.01118752732872963 0.01602834463119507 -0.06308887898921967 -0.04278789833188057 -0.10014665871858597 -0.021131383255124092 -0.04347113147377968 -0.01727745309472084 0.01793978177011013 -0.007954388856887817 -0.05360821262001991 -0.03640369698405266 0.007176907733082771 -0.10182978957891464 0.018866093829274178 0.02679305709898472 0.08017156273126602 0.060657791793346405 0.02119174227118492 -0.07951713353395462 -0.05052556097507477 0.04976190999150276 -0.03884543851017952 0.1087753027677536 0.007939242757856846 -0.06622305512428284 0.10278934985399246 -0.020713593810796738 0.060067445039749146 0.013591285794973373 0.005397403612732887 0.11563657969236374 0.05038817226886749 -0.018681228160858154 0.10832995921373367 0.004429255612194538 0.01905289851129055 0.013127720914781094 0.008798250928521156 -0.08974110335111618 0.08619701862335205 -0.1299724578857422 0.031205914914608 0.0762047991156578 0.08136063069105148 -0.0821627825498581 0.028274215757846832 -0.04543033614754677 0.049394506961107254 0.006783405784517527 0.07405070215463638 -0.008462167344987392 -0.03820064663887024 0.04224800318479538 -0.023024603724479675 0.039956655353307724 -0.024046536535024643 -0.03524237126111984 -0.021175116300582886 -0.10993918776512146 0.024560077115893364 0.018400060012936592 0.12860049307346344 0.12068356573581696 -0.034698113799095154 -0.05748027563095093 -0.013293960131704807 0.1012200340628624 0.09488914906978607 0.04155875742435455 0.008922595530748367 -0.10203567147254944 -0.0768718421459198 -0.031797442585229874 -0.011384984478354454 0.013522288762032986 -0.06561575084924698 0.02360997349023819 0.07663197070360184 -0.02228744886815548 0.050703514367341995 -0.007319173775613308 0.08784869313240051 0.08461889624595642 -0.10860124975442886 -0.02925705537199974 0.026385271921753883 0.11173822730779648 0.1421944499015808 -0.07877745479345322 0.07747618108987808 -0.09510571509599686 0.020835181698203087 0.024002408608794212 -0.02485790103673935 -0.0253312885761261 0.06916138529777527 0.11180673539638519 -0.11040466278791428 0.023531293496489525 -0.011881432496011257 0.08452434837818146 -0.06987668573856354 -0.05325876176357269 -0.16283905506134033 -0.04752078652381897 -0.007680038455873728 -0.11036451905965805 0.05410841852426529 0.0752565935254097 -0.0428563617169857 0.014615929685533047 -0.16146808862686157 -0.10933873802423477 -0.26357799768447876 0.006657274439930916 -0.1195649728178978 0.01196963433176279 -0.2070925533771515 -0.039027560502290726 0.08383233845233917 -0.11785822361707687 -0.20972836017608643 -0.0727158635854721 -0.10066580027341843 -0.019201690331101418 0.0059741479344666 0.11044308543205261 -0.06435421109199524 -0.26263493299484253 -0.008805116638541222 -0.0024710679426789284 -0.10512851178646088 -0.15102505683898926 -0.05351298302412033 0.030710315331816673 -0.001209792448207736 0.053530216217041016 0.007988742552697659 -0.19241797924041748 0.07128971070051193 0.04138095676898956 0.0014812935842201114 0.14985601603984833 -0.13284705579280853 -0.05056427791714668 0.04370315000414848 -0.11773711442947388 0.057763952761888504 0.07945573329925537 -0.08265914767980576 0.09694544970989227 0.10101671516895294 0.03632397949695587 0.11780095100402832 0.05481043457984924 -0.019505897536873817 0.027860339730978012 0.14257623255252838 0.042855944484472275 -0.07749561220407486 -0.14144040644168854 -0.07996068894863129 -0.10134253650903702 0.1357591450214386 0.06554365158081055 -0.1271732747554779 0.10225053876638412 0.0696708932518959 0.028446009382605553 0.06740719825029373 0.06172143667936325 -0.018000667914748192 -0.0773443877696991 -0.036757029592990875 -0.10592090338468552 -0.0677100270986557 -0.11857640743255615 0.11519765853881836 -0.18364720046520233 0.04724882170557976 -0.04026585444808006 -0.054545801132917404 0.028951631858944893 -0.07309403270483017 -0.02285059355199337 0.02964930608868599 -0.04596420377492905 -0.017946230247616768 0.077416330575943 0.042742036283016205 0.009287485852837563 -0.07302430272102356 0.10171620547771454 -0.04506934806704521 0.09818320721387863 -0.0019487465033307672 0.08844361454248428 -0.015555688180029392 -0.00422806479036808 -0.014712968841195107 -0.10144588351249695 0.10371044278144836 0.08440293371677399 0.11484254151582718 -0.1374487727880478 -0.026803042739629745 -0.0011460089590400457 0.013445893302559853 0.06271353363990784 0.10090545564889908 0.012155271135270596 0.03681400045752525 -0.10197201371192932 0.05172720178961754 -0.06651419401168823 0.029749250039458275 0.14969167113304138 0.08888270705938339 0.020007284358143806 -0.0412321463227272 -0.04699710011482239 -0.03376300260424614 -0.010641852393746376 0.06660928577184677 0.10538065433502197 -0.09500715136528015 -0.0015537868021056056 0.1293257176876068 0.04560317099094391 -0.1216864287853241 0.0022833081893622875 -0.09497484564781189 0.0748252272605896 -0.05016011744737625 0.056736696511507034 0.15311330556869507 0.12705570459365845 -0.08468479663133621 0.06620819121599197 0.1443026065826416 -0.05346013233065605 -0.12149551510810852 -0.08093761652708054 0.08381648361682892 -0.016393044963479042 0.07389261573553085 0.18185846507549286 0.012865494936704636 -0.07052730768918991 -0.13287055492401123 0.09527669847011566 -0.05274656042456627 0.03649333864450455 -0.07447446882724762 -0.02234325185418129 0.02538437396287918 0.053223613649606705 -0.12512372434139252 -5.041249096393585e-05 0.08696718513965607 0.09402745217084885 -0.06553279608488083 -0.12120014429092407 0.14697577059268951 -0.13207635283470154 -0.04984678328037262 -0.01254595909267664 0.046999070793390274 -0.13997775316238403 0.08701810985803604 0.1207713633775711 0.09760307520627975 -0.035927411168813705 -0.058428436517715454 -0.1454063355922699 0.1128954067826271 0.13864651322364807 0.12276525795459747 -0.04872812330722809 0.06079700216650963 -0.08883000165224075 0.011366847902536392 0.029206590726971626 -0.04500684514641762 -0.046417802572250366 -0.13068781793117523 -0.06585709005594254 -0.03214830532670021 -0.061792537569999695 0.015782153233885765 -0.08043015748262405 0.018585627898573875 0.014603033661842346 -0.06598729640245438 -0.06132166087627411 0.11235851049423218 -0.0044917576014995575 0.09769123792648315 0.03921666741371155 0.057779356837272644 0.1636633276939392 0.14253710210323334 -0.0037622316740453243 0.06613665819168091 0.03440738469362259 0.025071624666452408 -0.013042083010077477 -0.09227396547794342 -0.0693041980266571 -0.12497575581073761 -0.03772159293293953 -0.04328720271587372 -0.017887912690639496 0.1281750351190567 -0.07851170748472214 0.0733066126704216 -0.006185139063745737 0.031497519463300705 0.1298326849937439 -0.038602180778980255 -0.11771710216999054 -0.02214217372238636 0.11273495852947235 -0.12113188207149506 0.09226562827825546 0.084739089012146 -0.041311606764793396 -0.0324743315577507 -0.06088000535964966 -0.04678530991077423 0.12297151237726212 -0.11122942715883255 0.03448818251490593 0.0028558021876960993 -0.1324440836906433 -0.06579498201608658 0.05111503601074219 0.04975193366408348 0.039568811655044556 -0.13921090960502625 0.09784431755542755 -0.001987017225474119 0.035161543637514114 -0.0055451951920986176 -0.10753105580806732 -0.07121025770902634 -0.05806851014494896 -0.00705135241150856 -0.13796404004096985 0.09315188229084015 0.023135218769311905 -0.024633275344967842 0.08387593179941177 -0.08153832703828812 0.09709208458662033 0.12520277500152588 -0.12607870995998383 0.009636398404836655 0.02861930988729 0.032218318432569504 0.05354958027601242 0.10327662527561188 -0.007247429806739092 0.009306289255619049 -0.16591767966747284 0.02689942717552185 0.03719295561313629 -0.10737337172031403 0.05225957930088043 -0.1756778508424759 -0.023891251534223557 0.13356055319309235 -0.06528490781784058 -0.07112220674753189 -0.025881674140691757 0.03683002293109894 -0.12689942121505737 -0.1327778846025467 -0.005118144676089287 -0.06434249877929688 0.09329873323440552 -0.10595748573541641 0.020646652206778526 -0.10472916811704636 -0.1584436446428299 0.04222403094172478 0.1206163540482521 -0.12937909364700317 0.029572974890470505 0.09149117022752762 0.06309185922145844 -0.03780938684940338 -0.11892452836036682 0.10018574446439743 -0.06332914531230927 0.07702311873435974 0.02131941355764866 0.0019281333079561591 0.08851120620965958 -0.08610879629850388 0.03583500534296036 0.10744039714336395 -0.2879004180431366 0.02989155240356922 0.04575786367058754 -0.039497010409832 -0.003869739593937993 -0.03600690886378288 0.0304018035531044 0.11309071630239487 -0.09620935469865799 0.05578367039561272 -0.09632375091314316 0.04948603734374046 0.025053849443793297 0.11721997708082199 0.0645943284034729 0.07882325351238251 -0.09019608795642853 -0.08494056016206741 -0.045192427933216095 -0.02613520435988903 0.016890672966837883 -0.07434699684381485 -0.02869774028658867 0.014364059083163738 -0.12779271602630615 0.01949124224483967 0.13708868622779846 -0.05118567496538162 0.07304773479700089 0.06956562399864197 0.05897551029920578 0.011056474409997463 0.0826772153377533 0.015186727046966553 0.1333044171333313 0.06712477654218674 0.023466765880584717 0.06747743487358093 -0.0610516332089901 -0.0029997914098203182 0.014805775135755539 -0.04986150935292244 0.0537947416305542 -0.21672149002552032 -0.0764317512512207 0.005902484524995089 -0.1530042439699173 0.02603023685514927 0.012891246005892754 0.07915505766868591 0.05051707848906517 0.05114079266786575 -0.1181524470448494 0.06762649863958359 -0.05777236074209213 0.11773663759231567 -0.152005136013031 0.006077907048165798 -0.001618802547454834 0.03215601295232773 -0.033928997814655304 -0.061083611100912094 0.12996773421764374 0.06445838510990143 -0.2162734568119049 0.011128753423690796 0.02717905305325985 0.10668949037790298 0.10134884715080261 -0.043134815990924835 -0.03585992008447647 0.0692073181271553 0.06278304010629654 -0.008497146889567375 -0.11734124273061752 -0.07900622487068176 -0.012561828829348087 0.13283231854438782 0.10484103858470917 -0.0712551549077034 -0.03944722190499306 -0.04670398309826851 0.007845633663237095 0.07277660071849823 -0.08326993882656097 -0.07975026965141296 -0.09449849277734756 0.0630219578742981 -0.04447362944483757 -0.01741812564432621 -0.11040036380290985 -0.0656285360455513 -0.06022804230451584 -0.1175684854388237 0.020500216633081436 0.009550690650939941 -0.052138444036245346 0.11352936923503876 -0.021684834733605385 0.05723142623901367 -0.011986830271780491 -0.08425673842430115 0.0034407800994813442 -0.005509611219167709 0.09382615983486176 -0.06793945282697678 0.07255727052688599 0.07963749766349792 -0.02536824718117714 0.10708441585302353 -0.13560691475868225 0.06062287092208862 0.09357090294361115 0.10507282614707947 0.006762584671378136 -0.022364450618624687 0.09791427105665207 -0.039987415075302124 0.09439508616924286 0.10074049234390259 -0.14131274819374084 0.08855846524238586 -0.005001954268664122 -0.05500296503305435 0.030153699219226837 -0.08842851221561432 0.030788378790020943 0.05129645764827728 -0.1602673977613449 -0.10143548250198364 0.005880429875105619 -0.0407533161342144 0.026750754565000534 0.010779406875371933 0.06702913343906403 -0.046888697892427444 -0.08936567604541779 -0.08752350509166718 -0.024390822276473045 -0.003895734203979373 0.012860731221735477 -0.0830700546503067 -0.01504465937614441 -0.014881174080073833 0.040901556611061096 0.01585889793932438 0.06659003347158432 0.10220076888799667 -0.08519535511732101 0.030782051384449005 -0.0005849617882631719 -0.08587312698364258 0.0012942053144797683 0.019294044002890587 -0.0329640731215477 -0.049723342061042786 -0.07249176502227783 0.008040076121687889 -0.015362994745373726 0.03989115357398987 0.03532559797167778 0.010825510136783123 -0.012910529971122742 0.08881678432226181 0.0067075095139443874 0.010410679504275322 0.09964783489704132 0.033262964338064194 0.029883986338973045 -0.11971563845872879 -0.07888954877853394 -0.004655673634260893 0.031113507226109505 -0.040805425494909286 0.04036575183272362 -0.014301484450697899 -0.11238785088062286 -0.08704747259616852 -0.0390017144382 -0.06740880757570267 -0.11051025986671448 0.012721153907477856 -0.04129532724618912 -0.1075422391295433 0.006985317915678024 -0.08576031774282455 -0.07976233214139938 -0.012780709192156792 0.0615294985473156 0.030029941350221634 -0.15257011353969574 -0.06032290309667587 0.0011917875381186604 0.08158981800079346 -0.13532041013240814 -0.019033847376704216 -0.002803268376737833 0.06998775899410248 -0.10049183666706085 -0.007917202077805996 -0.053434304893016815 -0.1029801145195961 -0.04553569108247757 -0.1263880729675293 -0.00864108931273222 -0.18039914965629578 -0.12739205360412598 -0.07278580963611603 -0.14480464160442352 -0.027991488575935364 0.03896568715572357 -0.03926985710859299 -0.03417835012078285 0.0363520085811615 0.16934268176555634 0.024538982659578323 0.10535506159067154 0.07717592269182205 -0.14868216216564178 0.03371196240186691 0.07481446862220764 -0.04664286598563194 0.03282913565635681 -0.0308292955160141 0.108963742852211 0.1253986656665802 -0.027335725724697113 -0.053274814039468765 -0.08704808354377747 0.08861521631479263 -0.01670503057539463 -0.04021285101771355 -0.07474004477262497 0.004102491773664951 0.02302878350019455 0.09409482032060623 0.05761798471212387 -0.02824781835079193 -0.017312251031398773 -0.020343022421002388 -0.036634281277656555 -0.04319934919476509 -0.0612424835562706 0.050977833569049835 0.026091720908880234 0.059576794505119324 -0.03263235464692116 -0.05359489098191261 0.0934465155005455 -0.025601951405405998 0.08227749168872833 0.039082206785678864 -0.10352099686861038 0.07810362428426743 0.0409553200006485 0.07275290042161942 0.08388371765613556 -0.16689474880695343 -0.08078067749738693 0.05767716094851494 -0.16899500787258148 -0.07544486969709396 0.14408378303050995 0.01755184307694435 -0.11447056382894516 -0.09654374420642853 -0.061550796031951904 0.0085830083116889 0.07301172614097595 -0.06219251826405525 -0.08070527762174606 -0.04238474369049072 0.019946318119764328 -0.025467799976468086 0.007834190502762794 0.1788734495639801 0.03839752450585365 -0.09220569580793381 0.11113157123327255 -0.111728735268116 0.13470624387264252 -0.03176327794790268 -0.15291018784046173 -0.020349979400634766 0.12682297825813293 0.05814596638083458 0.047078486531972885 -0.07704892009496689 0.12375739961862564 -0.031164593994617462 -0.07848386466503143 -0.03127455711364746 -0.13258059322834015 0.15349829196929932 0.12107538431882858 -0.07984954863786697 -0.13419704139232635 -0.14316055178642273 -0.06860389560461044 -0.0377725325524807 0.08454787731170654 0.05827351659536362 -0.0367610789835453 0.06769643723964691 -0.17701375484466553 -0.031736839562654495 -0.08869544416666031 -0.13290512561798096 -0.018153976649045944 -0.013444527052342892 -0.00028389980434440076 0.001616298803128302 -0.08492736518383026 -0.16651597619056702 -0.008094662800431252 0.03556152433156967 0.11399175226688385 0.11941646039485931 -0.09085200726985931 0.003788471221923828 0.024399802088737488 0.0445278026163578 -0.05682617053389549 0.12740235030651093 -0.090184286236763 -0.09765204787254333 0.12221676856279373 -0.020559240132570267 -0.028876300901174545 -0.04135456308722496 -0.16561539471149445 -0.1284680813550949 0.12751460075378418 0.09915173798799515 0.0907537043094635 -0.008700338192284107 -0.03400487080216408 -0.06134665757417679 -0.12045355141162872 -0.0842367559671402 0.11141163855791092 -0.07124357670545578 -0.038971785455942154 -0.16000807285308838 -0.009869461879134178 -0.03855549544095993 -0.028326010331511497 0.09130233526229858 -0.08888637274503708 0.009113284759223461 -0.06243874877691269 0.05153106898069382 -0.09945616126060486 0.005886303260922432 0.1180812194943428 0.06184465065598488 0.03481404110789299 0.048792947083711624 -0.07707054167985916 0.0401938334107399 -0.0858905166387558 -0.013108029030263424 -0.06021560728549957 0.023333873599767685 -0.2030734419822693 -0.03497219458222389 -0.042584508657455444 -0.08403383195400238 0.1127002164721489 0.13609959185123444 0.12391597032546997 -0.02048596926033497 -0.1442258208990097 -0.02015255205333233 0.09584858268499374 -0.040297627449035645 -0.033792052417993546 0.07398765534162521 -0.059735625982284546 0.08778038620948792 -0.06844241172075272 -0.07895772159099579 -0.06049273535609245 0.09285088628530502 -0.038799479603767395 -0.09632986783981323 0.1606730967760086 -0.024141764268279076 -0.007098240777850151 -0.0319252535700798 -0.0031596992630511522 -0.026743346825242043 -0.20700101554393768 -0.19171679019927979 -0.09615574032068253 0.03391315042972565 0.03892960399389267 -0.11895031481981277 -0.2649311423301697 -0.08210575580596924 0.2270684838294983 0.07925648987293243 0.15947671234607697 0.008116750046610832 -0.18727222084999084 0.03355151042342186 -0.07604829221963882 -0.167772114276886 0.12570470571517944 -0.049309734255075455 -0.049098849296569824 -0.16357125341892242 0.032550591975450516 0.1173393651843071 0.021888332441449165 0.10584390163421631 0.1035676971077919 -0.055233363062143326 -0.05935383588075638 0.1931455284357071 0.03798852488398552 0.04545406997203827 0.0921320915222168 0.14603927731513977 -0.05939335376024246 -0.23895768821239471 -0.12098224461078644 -0.06833736598491669 0.06201409921050072 -0.049926597625017166 -0.06791868060827255 0.04168377071619034 -0.40717506408691406 0.023515518754720688 -0.18926498293876648 -0.0016860875766724348 -0.16723136603832245 -0.21790240705013275 0.06850004196166992 -0.22259396314620972 -0.02947932295501232 -0.20704270899295807 -0.02362680248916149 -0.06797204166650772 0.059733059257268906 0.004262746311724186 -0.18846657872200012 0.15223924815654755 -0.01887197047472 0.1542556881904602 0.10298769921064377 -0.009786844253540039 0.0484890341758728 -0.19207440316677094 0.14354784786701202 -0.17506329715251923 -0.0029084051493555307 -0.19102296233177185 -0.13203971087932587 -0.055037956684827805 -0.09671512991189957 -0.06574415415525436 0.09428813308477402 0.02601959928870201 -0.0371028296649456 0.09626296907663345 -0.05728960037231445 -0.027931565418839455 -0.05511271953582764 -0.11491291970014572 0.13715200126171112 -0.12439168244600296 -0.04948596656322479 -0.034856248646974564 -0.0102078877389431 -0.11177142709493637 -0.09663359075784683 -0.10848760604858398 0.023372143507003784 0.1111864224076271 -0.08257890492677689 -0.09077922254800797 -0.00253756670281291 -0.12652549147605896 -0.00507309241220355 0.1308310627937317 0.038025595247745514 -0.02229236252605915 -0.02524874545633793 -0.04534188285470009 -0.26543620228767395 -0.10971377044916153 -0.03806961327791214 -0.09375137835741043 -0.0036396074574440718 -0.08623571693897247 -0.06094849482178688 -0.14761309325695038 0.1285150796175003 0.11451436579227448 0.05097668990492821 -0.028794098645448685 -0.029846100136637688 -0.1226203516125679 -0.08134148269891739 0.014227543026208878 -0.0813855305314064 -0.16915598511695862 0.012227966450154781 -0.03809676691889763 -0.09872699528932571 0.046615514904260635 -0.045301955193281174 0.007501303218305111 -0.006961664650589228 -0.05843407288193703 -0.08138741552829742 -0.07626497000455856 0.11688970774412155 -0.1726546734571457 0.031577471643686295 -0.05528963729739189 0.06261485815048218 0.061771079897880554 -0.0689568892121315 -0.030830055475234985 0.04036561772227287 0.05243051052093506 -0.014450832270085812 0.05247152969241142 0.23419637978076935 0.034694865345954895 0.1311814934015274 -0.08033137023448944 0.07463569194078445 0.021335992962121964 0.16419653594493866 -0.0430033914744854 0.004152711480855942 -0.07926928251981735 0.07455664873123169 0.001010456238873303 0.10725454986095428 -0.0957207903265953 0.1461246758699417 -0.14392857253551483 -0.06491988152265549 0.0028987713158130646 -0.04908761754631996 0.0381273552775383 0.034590113908052444 0.11414936929941177 -0.040105175226926804 -0.1595013439655304 -0.020759519189596176 -0.03007691726088524 0.13987143337726593 0.04011886194348335 -0.01000290084630251 0.02367737889289856 -0.20197667181491852 0.018078703433275223 -0.14341166615486145 -0.1974635273218155 -0.035449448972940445 0.008152763359248638 -0.003356708213686943 -0.16962863504886627 0.008679226040840149 -0.12473627924919128 -0.08404013514518738 0.08578746020793915 0.04019351303577423 0.039861880242824554 -0.05066834017634392 -0.04007968679070473 -0.09677499532699585 -0.04494255408644676 0.11026141792535782 -0.019139181822538376 0.06362870335578918 -0.12795890867710114 -0.12347900867462158 0.012236692942678928 0.0448283925652504 0.006200029514729977 -0.03454543650150299 0.011118142865598202 -0.00479890126734972 0.09715063869953156 -0.014741209335625172 0.05168652534484863 -0.06358443945646286 -0.032309360802173615 -0.15064693987369537 -0.050527267158031464 -0.014000614173710346 -0.13848675787448883 -0.07210935652256012 0.10491138696670532 0.10470978915691376 -0.013364668004214764 0.09719967842102051 0.06283749639987946 -0.25533485412597656 0.01812930963933468 0.021658960729837418 -0.14869217574596405 -0.05400583893060684 0.01817444898188114 -0.08150400966405869 0.02559887431561947 -0.04782659932971001 -0.01832060143351555 -0.047496117651462555 -0.10185955464839935 0.07545735687017441 -0.043121468275785446 0.16108620166778564 -0.21468710899353027 0.08036444336175919 0.0250841211527586 -0.24435710906982422 0.1360323280096054 0.06049288436770439 -0.06140505149960518 0.041433706879615784 -0.10581003129482269 -0.0412108413875103 -0.04696633294224739 0.023151563480496407 0.00830996036529541 -0.07250944525003433 -0.06611102819442749 -0.040434978902339935 -0.12198187410831451 0.006487343460321426 -0.056643277406692505 0.019024519249796867 -0.09452780336141586 -0.08902757614850998 0.05473187938332558 -0.08191494643688202 0.04021709784865379 0.15007396042346954 -0.0701688677072525 -0.011528266593813896 -0.09459777921438217 0.05625306814908981 -0.050108566880226135 -0.059959668666124344 -0.12320633977651596 0.07727434486150742 0.019014468416571617 0.07357262820005417 0.002218660432845354 -0.10229537636041641 0.06040024757385254 -0.02138964831829071 -0.019245954230427742 0.056104470044374466 0.06226528808474541 0.1072421744465828 0.006847314536571503 -0.08036118745803833 -0.09224127233028412 0.1429678350687027 0.056523729115724564 0.00043544743675738573 0.009340946562588215 -0.05019121244549751 0.12574240565299988 -0.058102380484342575 -0.06098248064517975 0.06574515998363495 0.03307893127202988 0.04281538352370262 -0.16294166445732117 -0.013448750600218773 0.0009475320694036782 0.08963273465633392 -0.061226483434438705 0.0994923785328865 0.09503114223480225 -0.06687826663255692 -0.15005595982074738 -0.021105729043483734 -0.13036035001277924 -0.011229627765715122 -0.056056927889585495 0.09091471880674362 -0.07460693269968033 0.021947253495454788 0.05572497844696045 -0.04187985137104988 -0.06754190474748611 0.07032282650470734 0.0010872731218114495 -0.03733190894126892 0.044813886284828186 -0.026380926370620728 0.08164467662572861 0.020062990486621857 0.023670587688684464 -0.1454988420009613 0.040607668459415436 0.09494902193546295 -0.08002776652574539 0.09282716363668442 0.021065685898065567 -0.0950646921992302 -0.03540123626589775 0.026168378069996834 0.09840569645166397 -0.014659835956990719 -0.03213464841246605 -0.029020939022302628 0.02365787886083126 0.017222587019205093 0.04407266899943352 0.04889003187417984 -0.03946799039840698 -0.04994871839880943 -0.10935889184474945 0.043906938284635544 0.0608513318002224 -0.010098251514136791 0.00831331592053175 -0.10643763095140457 0.13968363404273987 0.0418478325009346 0.07560869306325912 0.11126962304115295 0.07693804055452347 0.038592904806137085 0.09120398759841919 -0.19656845927238464 0.04898342490196228 -0.06153435632586479 0.10653543472290039 0.09320812672376633 -0.06845824420452118 0.006188495084643364 0.019746623933315277 0.04936470091342926 -0.0505562499165535 -0.04047456383705139 0.056894801557064056 0.05013898387551308 0.07157989591360092 0.07182492315769196 -0.010352925397455692 -0.054091136902570724 -0.10854096710681915 0.04817024990916252 0.09233115613460541 -0.021160760894417763 -0.04453050717711449 -0.03079143539071083 0.05550545081496239 -0.023943724110722542 -0.03458353504538536 -0.11436492204666138 0.08684661984443665 0.12654481828212738 0.030476275831460953 -0.13848356902599335 -0.04380682855844498 0.04029643535614014 -0.0032781895715743303 -0.0007671972853131592 -0.0299864299595356 -0.007877260446548462 0.02599402703344822 -0.04104117304086685 -0.07674020528793335 -0.0033053606748580933 -0.12052949517965317 -0.03887360170483589 0.07663169503211975 0.08718262612819672 -0.007750551216304302 0.0006049997173249722 0.06765719503164291 0.010246260091662407 0.026299886405467987 -0.0350523479282856 0.026416027918457985 0.02626674994826317 -0.072498619556427 -0.02378152124583721 -0.05271502584218979 -0.08908960223197937 0.1636001169681549 -0.08192474395036697 -0.0822986289858818 -0.09750048071146011 -0.15666817128658295 0.04066344350576401 -0.06549262255430222 0.011335873045027256 0.01058715209364891 -0.08230292797088623 -0.09692113846540451 0.10533720999956131 0.05724554881453514 -0.0536472387611866 -0.08852981775999069 0.014812045730650425 -0.07336273044347763 0.0043557737953960896 -0.05039912462234497 -0.07333078980445862 0.006383995525538921 -0.08111602813005447 0.04171571508049965 0.012021600268781185 -0.010620919056236744 0.17267553508281708 -0.0365615114569664 0.010631394572556019 -0.0205501951277256 -0.023094944655895233 0.0999957025051117 0.0006773887434974313 0.09412883222103119 0.015933826565742493 -0.0012196529423817992 0.014317573048174381 -0.08534890413284302 -0.01198439672589302 -0.09883717447519302 0.013333708979189396 -0.07390588521957397 -0.0019357521086931229 -3.08792661897154e-20 -0.00019556678307708353 -0.0004273375088814646 -0.00046647913404740393 0.0009161728085018694 -0.00022257855744101107 -0.0005121543654240668 -9.800745829124935e-06 -1.027851908474986e-06 -0.0035717820283025503 -0.00030220035114325583 -1.0181696552535868e-06 -0.00036566011840477586 -1.2284576769161504e-05 1.997176877921447e-05 -0.00026372549473308027 -0.0002920636034104973 0.0037636891938745975 0.0008834148175083101 2.940905829973417e-08 -0.0009192846482619643 -3.276488132541999e-05 5.593904006673256e-08 -6.528958351736946e-07 -4.993652055418352e-06 -0.0009930165251716971 -0.00022253167117014527 -7.811688362835412e-08 -0.0005661548930220306 -5.046417936682701e-05 -0.0004011919372715056 -4.8181867896346375e-05 -7.157754680520156e-06 -4.260006971890107e-05 -4.6590783313149586e-05 -3.590261621866375e-05 -0.00023222924210131168 -0.0045349011197686195 -0.0002095605304930359 -1.140944459621096e-05 7.067996921250597e-05 -0.00046992386342026293 -2.9277682642714353e-06 -0.002114042639732361 -0.0012289558071643114 -0.0026374096050858498 -4.774547414854169e-05 -0.00033237208845093846 -0.006993873976171017 2.5469798856647685e-05 3.5263461484191794e-08 -0.00019075910677202046 -0.0002574420359451324 -0.000450910214567557 2.1341122478961733e-20 0.002382892183959484 -0.000464046053821221 -3.909323353923355e-08 0.0007618370000272989 -0.00032625446328893304 -0.00027131009846925735 -4.38736373620241e-11 -0.00016550096916034818 -0.10316105931997299 0.006269104313105345 0.1480889469385147 -0.05922553315758705 0.08755584806203842 0.09979621320962906 0.07236415892839432 -0.04277397692203522 -0.0043364157900214195 0.07952339947223663 0.005203967913985252 -0.03149076923727989 0.027251988649368286 -0.10549453645944595 0.108164943754673 0.10093201696872711 -0.02207137830555439 -0.0022452143020927906 0.03798623010516167 0.06980860978364944 0.020167727023363113 -0.12473253160715103 0.05648362264037132 0.12967084348201752 0.0046784658916294575 -0.07171562314033508 -0.06482325494289398 0.08711152523756027 0.08330735564231873 0.002781587652862072 0.12343686074018478 -0.038918279111385345 -0.01966688223183155 0.07686540484428406 0.14544935524463654 0.0076288506388664246 -0.01736009307205677 0.017338089644908905 0.09792754054069519 -0.033436644822359085 0.055834073573350906 0.056965820491313934 -0.07128340005874634 -0.06829024106264114 -0.12615764141082764 -0.004298637621104717 -0.006501711439341307 0.019456325098872185 0.0177290178835392 -0.07366997748613358 -0.10968994349241257 0.07054649293422699 -0.16589419543743134 0.04962426796555519 -0.01095909159630537 -0.026386646553874016 -0.07809033989906311 0.07362259924411774 0.12074270844459534 -0.07550375163555145 -0.1250670701265335 0.006793511565774679 -0.10294847935438156 0.13103775680065155 0.08817194402217865 0.07766235619783401 -0.04579729586839676 0.11576841026544571 -0.036675289273262024 0.05952204018831253 -0.021229352802038193 -0.008919286541640759 0.00428610946983099 0.11872736364603043 -0.02401949279010296 -0.019157838076353073 -0.03718414902687073 0.09073520451784134 0.05279930680990219 0.09199882298707962 0.10138449817895889 -0.18082448840141296 -0.004549539647996426 0.052626658231019974 0.12912467122077942 -0.19471578299999237 0.0577278733253479 0.02068592794239521 -0.06625072658061981 0.030758332461118698 0.07656114548444748 0.1703377068042755 0.12032169103622437 -0.023281874135136604 -0.10544413328170776 0.07310560345649719 -0.1318548321723938 0.051376745104789734 0.06817662715911865 0.12626735866069794 0.08550205081701279 -0.09941168129444122 -0.1548183411359787 -0.09819874167442322 0.04480750113725662 0.10256829857826233 -0.005586155690252781 0.0016133841127157211 -0.028611289337277412 0.006201952695846558 -0.14499975740909576 0.1179090216755867 -0.04992317035794258 -0.056677911430597305 -0.03112736903131008 0.08883200585842133 0.010049759410321712 0.11485976725816727 -0.01688557304441929 -0.08183680474758148 -0.06175214797258377 0.056010231375694275 -0.06870631128549576 -0.07381505519151688 -0.1843738853931427 -0.06674855202436447 0.11272259801626205 0.03349720686674118 -0.1160832867026329 -0.07844827324151993 0.20129284262657166 -0.07384368777275085 0.05161666497588158 0.00796170998364687 0.08053400367498398 -0.099931500852108 0.04496132209897041 0.15162846446037292 0.11946579068899155 -0.14020508527755737 -0.036384958773851395 -0.007538050878793001 0.12309907376766205 0.050347935408353806 0.0407392643392086 -0.05242986977100372 -0.054284002631902695 -0.05003153905272484 0.023544346913695335 0.0017510094912722707 -0.07190018147230148 0.13577313721179962 -0.06112511083483696 0.023433972150087357 -0.14055341482162476 0.03862651437520981 -0.07112742215394974 0.05547169968485832 0.04830700159072876 0.11213919520378113 0.0009306813008151948 -0.06561707705259323 -0.11638189852237701 0.14585940539836884 -0.04211781173944473 0.04097363352775574 0.04215984046459198 0.0024122907780110836 0.027606477960944176 -0.016123222187161446 -0.005686159711331129 0.014927784912288189 -0.0782124474644661 -0.007988233119249344 0.08326678723096848 -0.04500360041856766 -0.01831539161503315 -0.06361327320337296 0.125111386179924 -0.009141632355749607 -0.04442304000258446 -0.0011924462160095572 -0.06222334876656532 0.031769540160894394 -0.06067313998937607 -1.7780621419660747e-05 -0.024112725630402565 0.05788664519786835 -0.13269901275634766 0.09679210186004639 0.15669488906860352 0.14101654291152954 -0.11269958317279816 0.029107799753546715 -0.033792879432439804 0.04211430996656418 -0.0272577702999115 0.03752724826335907 -0.0005944601143710315 1.0549700164119713e-05 0.04270261153578758 0.03471693396568298 -0.0287448912858963 -0.0802924633026123 0.014406425878405571 0.02747941017150879 0.030760077759623528 -0.03715340420603752 -0.09734656661748886 -0.03135013207793236 -0.052264437079429626 0.017414912581443787 -0.010445589199662209 -0.00017676000425126404 -0.05424700304865837 0.0015921894228085876 -0.058786604553461075 0.06416142731904984 -0.025525309145450592 -8.818658443487948e-07 -0.008966554887592793 -0.03635745868086815 -0.01810922846198082 0.014584745280444622 -2.9917495339759625e-05 -0.001350119709968567 -0.06526201218366623 -0.0017682760953903198 -0.022397957742214203 -0.10984867066144943 -0.042964547872543335 3.560931121047576e-35 -0.04333119839429855 0.029390454292297363 -0.057827457785606384 0.041045017540454865 -0.05385734513401985 -0.08413051068782806 5.038883728047949e-07 -0.07242043316364288 -0.04622854292392731 0.003485814668238163 0.05777191370725632 -0.01521878782659769 -0.0056959786452353 0.0730355978012085 0.06357554346323013 -0.017694808542728424 -0.0023788444232195616 0.004522162023931742 -0.03923281282186508 0.031674839556217194 -0.05195516720414162 -0.0010309492936357856 0.0871037170290947 0.04711007699370384 -0.006901804357767105 0.01613837294280529 0.10401876270771027 0.10495679825544357 0.04147034138441086 0.08344164490699768 -0.04773041978478432 0.1040235385298729 0.0088970260694623 -0.0795431137084961 -0.05817336216568947 0.1293162703514099 -0.11333947628736496 -0.023638326674699783 -0.01945718377828598 0.028492100536823273 -0.12248332053422928 -0.016835642978549004 -0.024770738556981087 -0.06965862214565277 0.11113198846578598 -0.06182824447751045 -0.06597626954317093 0.05221876502037048 0.11285670846700668 0.032981645315885544 0.05844835191965103 -0.04926486313343048 -0.05378493666648865 0.02357090264558792 0.12390044331550598 0.0709347277879715 -0.00491745863109827 0.06688504666090012 0.0717945247888565 -0.0666147917509079 0.06530188769102097 0.0044624898582696915 0.08799134194850922 -0.09035065025091171 0.07953400909900665 -0.018966354429721832 0.044355012476444244 0.12267741560935974 0.09055226296186447 -0.07485052943229675 -0.10458048433065414 0.02707715891301632 0.07397152483463287 0.011153670959174633 -0.1013263538479805 0.0791155993938446 0.02306932955980301 0.06311486661434174 0.010628370568156242 0.16721633076667786 -0.04545121639966965 -0.0740363746881485 0.0937093049287796 0.025112954899668694 0.1058637946844101 -0.1156269982457161 0.08906195312738419 0.1095389872789383 -0.014973010867834091 0.041970107704401016 0.02791651524603367 -0.07410424947738647 0.06302734464406967 -0.17295433580875397 -0.01790696196258068 -0.0060722483322024345 -0.0008457591175101697 -0.09765317291021347 0.06293240189552307 -0.11630213260650635 0.03535808250308037 -0.027886368334293365 -0.05698424205183983 -0.08852990716695786 -0.1326645016670227 -0.04501461237668991 0.07721342146396637 -0.01674264669418335 -0.12034998089075089 0.0059789321385324 0.13410785794258118 0.0329376719892025 0.08287091553211212 -0.0015700202202424407 -0.08171617239713669 -0.06154147908091545 -0.006756204180419445 0.02321002446115017 -0.05293235927820206 0.025688014924526215 0.04641593247652054 -0.021870538592338562 -0.04931563884019852 -0.11429658532142639 -0.12197531759738922 -0.06025972589850426 0.040025390684604645 -0.10615292191505432 0.08240512758493423 0.06785767525434494 0.008486591279506683 -0.08264661580324173 -0.04213590547442436 0.0752740129828453 -0.05333011597394943 0.02865864895284176 -0.043544281274080276 0.11597920209169388 -0.029086660593748093 -0.11712183058261871 0.10891980677843094 0.08833502978086472 0.0012053023092448711 0.07362467050552368 -0.0057266768999397755 -0.007280946243554354 -0.03364776447415352 -0.046563904732465744 0.004090226721018553 0.08873969316482544 -0.03710683062672615 0.09230857342481613 -0.08645367622375488 0.1286737322807312 0.06288982927799225 -0.07208069413900375 -0.1427960991859436 -0.06832501292228699 0.14916212856769562 0.017569631338119507 0.010893493890762329 -0.08892612904310226 0.13212676346302032 -0.004778343252837658 -0.06883145868778229 0.14508306980133057 -0.0910375639796257 0.01095427293330431 -0.03368518128991127 -0.15700198709964752 0.02631106600165367 -0.1363566666841507 0.028104083612561226 -0.14354784786701202 -0.08401989936828613 -0.10764095187187195 0.08665575832128525 -0.028003502637147903 -0.0589216873049736 -0.05507201701402664 -0.013907908461987972 0.020872607827186584 0.13443021476268768 0.1263992041349411 0.0785304382443428 0.0796326994895935 -0.03542455658316612 -0.14652003347873688 -0.13763582706451416 0.15466076135635376 0.08002055436372757 -0.08490971475839615 0.13737909495830536 0.1220032125711441 -0.03353948891162872 0.16538019478321075 -0.0519234761595726 0.13636408746242523 -0.03806691616773605 -0.09726392477750778 -0.053496647626161575 0.06605929881334305 -0.04423704370856285 -0.008286564610898495 0.004868912044912577 -0.01744488812983036 0.009000077843666077 0.10185995697975159 -0.0706281065940857 -0.09784672409296036 -0.1962614208459854 0.0545634850859642 0.09055233001708984 0.009469131007790565 -0.04609943926334381 0.10032757371664047 -0.08139938116073608 -0.02759280614554882 0.009085127152502537 0.0479203425347805 -0.08779049664735794 0.09256111830472946 -0.08958441764116287 0.07967253774404526 -0.05788962543010712 -0.09343795478343964 -0.03884139657020569 0.04167331010103226 0.02926621027290821 0.03274623677134514 -0.12536031007766724 0.036547645926475525 -0.0729658231139183 0.031510498374700546 -0.015020805411040783 0.027752088382840157 0.05533372610807419 0.03673280403017998 0.04185256361961365 0.02282940223813057 -0.06659670919179916 -0.039121709764003754 0.020274244248867035 -0.08794832974672318 0.03289147466421127 0.13287785649299622 -0.05273469164967537 0.04005182161927223 -0.051904480904340744 -0.09018457680940628 0.04110744595527649 -0.009425893425941467 -0.11809512227773666 -0.030198736116290092 -0.12333906441926956 -0.07956210523843765 -0.04819714277982712 -0.11119158565998077 -0.03562678024172783 0.01602153666317463 -0.04071221873164177 -0.07921763509511948 -0.03392200544476509 -0.012113077566027641 0.06572455912828445 -0.0048170387744903564 0.018184002488851547 0.02828901819884777 -0.02928204834461212 0.0063906772993505 0.04173034057021141 -0.02639901079237461 -0.005393533501774073 0.09710527211427689 0.014787666499614716 -0.0683177188038826 0.0020461773965507746 0.0199741180986166 0.05206385254859924 0.04368572682142258 -0.2186567634344101 -0.031515803188085556 0.003159454558044672 -0.045422833412885666 0.19995270669460297 -0.1897352635860443 0.11172359436750412 -0.03889888897538185 0.1051841750741005 -0.1258159577846527 0.02051003836095333 0.1272335797548294 0.03751590475440025 -0.05220900848507881 -0.21991662681102753 -0.05721748620271683 -0.16545043885707855 -0.16659998893737793 -0.0288742333650589 -0.05492046847939491 -0.05424796789884567 -0.1443352997303009 -0.07280273735523224 0.03893847391009331 0.006903132423758507 -0.15005557239055634 0.09261362254619598 0.012581230141222477 -0.0940096527338028 -0.12037361413240433 0.19484847784042358 -0.1050771027803421 -0.00587521493434906 -8.008490840438753e-05 -0.2491122931241989 0.1034303829073906 -0.01082520466297865 0.1435791403055191 0.09533814340829849 0.004653005860745907 -0.055838074535131454 0.10031962394714355 -0.29462307691574097 -0.06853707879781723 0.12482593208551407 -0.2717650532722473 -0.06179993227124214 -0.07262369990348816 0.059643492102622986 -0.1624508947134018 -0.0897558331489563 -0.044339608401060104 0.016947977244853973 0.07435372471809387 0.05024297162890434 0.20649351179599762 -0.06182364746928215 -0.14249277114868164 -0.12479616701602936 -0.04586535319685936 0.19963233172893524 -0.01599486544728279 -0.03539733588695526 -0.05904039368033409 -0.07589903473854065 -0.14410556852817535 -0.016821037977933884 0.12172860652208328 0.04709767922759056 0.10856872797012329 -0.07230045646429062 -0.1722506433725357 0.028070922940969467 -0.06785748898983002 -0.13095416128635406 0.05849224701523781 -0.08347021043300629 -0.11098219454288483 0.02500743418931961 -0.028483305126428604 -0.09086660295724869 0.033833496272563934 0.11432386189699173 0.0867300033569336 0.0979326143860817 0.0033443395514041185 9.489775402471423e-05 0.05739852413535118 0.0717897117137909 0.05560508370399475 0.07394246757030487 -0.05027344822883606 -0.0883944183588028 -0.0681035965681076 0.0966191291809082 0.05891433730721474 0.07233811914920807 -0.09135854989290237 0.06639986485242844 -0.05570179596543312 0.018333742395043373 0.07980015128850937 -0.07151230424642563 -0.08748174458742142 0.08178833872079849 -0.10059325397014618 0.022755790501832962 0.02097412943840027 -0.10665067285299301 -0.030859198421239853 0.053007084876298904 -0.12266160547733307 -0.050068002194166183 0.022609423846006393 0.09873216599225998 -0.052421409636735916 -0.04162450134754181 0.12451759725809097 0.08479102700948715 0.08365581929683685 0.06709055602550507 0.05763240531086922 0.0029418603517115116 0.0748814269900322 0.10058439522981644 0.00297285127453506 -0.03290175646543503 0.026982996612787247 0.12178503721952438 -0.028240198269486427 -0.03293675556778908 0.133869007229805 0.012593858875334263 -0.08177691698074341 -0.02386569418013096 -0.007272067945450544 0.0015289515722543001 0.1272801011800766 -0.02937195636332035 0.09000403434038162 0.07175009697675705 0.006677102297544479 0.002809178549796343 -0.059338632971048355 0.05231107398867607 -0.031128665432333946 0.05944973602890968 -0.19549109041690826 -0.04361899197101593 -0.06208563968539238 -0.09350176900625229 -0.07725561410188675 -0.11014118790626526 -0.058528490364551544 -0.16540075838565826 0.025724148377776146 0.023826703429222107 0.02477996051311493 -0.012346194125711918 -0.06920437514781952 -0.08100712299346924 -0.10045139491558075 0.09126235544681549 0.03256094455718994 0.012245225720107555 -0.11503449827432632 -0.05604618787765503 -0.06665980070829391 0.023160407319664955 -0.024683989584445953 0.1270591765642166 -0.09573588520288467 0.016871856525540352 -0.0006573860300704837 0.06180379167199135 -0.113824263215065 0.024540964514017105 0.006299756001681089 -0.1192856952548027 0.00918495375663042 0.01643933355808258 -0.03006872907280922 -0.011323635466396809 -0.08984255790710449 0.09652277082204819 -0.008769270963966846 0.05270789563655853 -0.02150532975792885 -0.07679956406354904 0.10470227897167206 -0.05742412433028221 -0.05094494670629501 0.05631868541240692 -0.053973667323589325 0.000996104790829122 -0.02463489957153797 0.056126151233911514 0.01722807064652443 0.07115159928798676 -0.025315526872873306 -0.10071222484111786 -0.03468044102191925 -0.0990905612707138 -0.05855737254023552 0.15268680453300476 -0.005967612378299236 -0.006975434720516205 -0.14847475290298462 -0.06465057283639908 0.015922021120786667 0.09037971496582031 -0.047632016241550446 -0.06907928735017776 0.004232898820191622 0.09030811488628387 -0.04147635027766228 -0.024901332333683968 -0.034519441425800323 -0.18720632791519165 0.005376558285206556 0.009821515530347824 0.1375175267457962 0.06662948429584503 -0.09815867245197296 0.08672768622636795 -0.11853643506765366 -0.16007933020591736 0.049843620508909225 -0.058173324912786484 -0.03551061078906059 0.13900642096996307 0.04743665084242821 -0.0020692325197160244 -0.23572278022766113 0.08296853303909302 -0.017332466319203377 -0.1824057698249817 -0.07746458053588867 0.014038397930562496 0.14752168953418732 0.023106401786208153 -0.0927685871720314 0.06960590928792953 -0.013302717357873917 0.011707289144396782 -0.01121696550399065 -0.08119075745344162 -0.06796997785568237 -0.05853228271007538 0.0871826559305191 -0.07300756126642227 -0.083287313580513 0.010382981970906258 0.008243249729275703 -0.0326259583234787 -0.11350803822278976 0.14452791213989258 0.05180095136165619 -0.02015160582959652 -0.03440297767519951 0.026237614452838898 0.07004373520612717 -0.07242120057344437 -0.16211014986038208 0.09817636758089066 0.1178387701511383 -0.06296670436859131 -0.10124853253364563 0.009747412987053394 0.007919837720692158 0.0075080194510519505 0.08418858796358109 0.13702169060707092 -0.05581577494740486 0.1372157633304596 -0.06619738787412643 0.014881663955748081 -0.03851987421512604 0.09157922118902206 -0.038774874061346054 0.043601058423519135 -0.05906793102622032 0.06166118383407593 0.08827342092990875 -0.0029800741467624903 0.07613885402679443 0.12429742515087128 -0.04387161135673523 -0.17457807064056396 0.16201931238174438 0.07931826263666153 -0.0066280183382332325 0.09275134652853012 -0.04300606623291969 -0.12042658030986786 -0.08079380542039871 -0.01965451054275036 -0.040862515568733215 -0.03910749778151512 0.07543735951185226 0.03391410782933235 -0.07575403898954391 -0.22625429928302765 -0.03681887313723564 -0.18074211478233337 -0.18374986946582794 -0.06165111064910889 -0.07893671840429306 0.08507245779037476 0.02494330331683159 0.08868913352489471 -0.15706457197666168 -0.11701507121324539 0.009734293445944786 -0.05385535582900047 -0.08211948722600937 -0.1737358123064041 -0.0749143660068512 -0.10516062378883362 0.14023789763450623 -0.04083992540836334 0.0069471257738769054 0.04036794230341911 -0.1472015082836151 0.04551060125231743 -0.0714598298072815 0.07999533414840698 -0.02410406991839409 0.013551787473261356 -0.1640329509973526 -0.025958875194191933 -0.04807703569531441 -0.06324593722820282 -0.04678534343838692 -0.09030413627624512 0.09882273524999619 -0.12151311337947845 -0.18329067528247833 0.04102781042456627 -0.01384378969669342 0.3125252425670624 -0.023638015612959862 0.10320428013801575 -0.0925198569893837 -0.08592439442873001 0.12187882512807846 -0.018638789653778076 0.025204742327332497 0.01014117244631052 0.06424486637115479 -0.2573648989200592 0.1658625304698944 -0.0524105541408062 -0.10533329844474792 0.09070365875959396 -0.13939273357391357 0.017284896224737167 -0.02835971675813198 0.022277817130088806 0.035694196820259094 0.05502898246049881 0.050368472933769226 -0.14033158123493195 0.06891965121030807 -0.04011252522468567 -0.014993107877671719 0.032575782388448715 -0.009080660529434681 -0.029025085270404816 -0.0839393138885498 -0.06776262819766998 0.17930981516838074 -0.031174585223197937 -0.09037448465824127 -0.033999003469944 -0.037920985370874405 -0.16693828999996185 0.108667753636837 -0.014335946179926395 -0.0030077092815190554 -0.07647225260734558 -0.0012233260786160827 -0.004879648797214031 -0.0005480953259393573 -0.1196490228176117 0.09568358957767487 0.1087629571557045 -0.05483250319957733 -0.040875811129808426 -0.10207895189523697 0.0689752921462059 0.04264233261346817 0.030496736988425255 0.07524116337299347 -0.04498087987303734 -0.009031553752720356 -0.14234663546085358 -0.07476932555437088 0.010759463533759117 -0.12902329862117767 0.055867183953523636 -0.07980291545391083 0.11801144480705261 0.03973758593201637 0.035252220928668976 -0.027307827025651932 0.028376439586281776 0.07477813959121704 -0.002230854704976082 0.07640866935253143 0.017614062875509262 0.08690296858549118 -0.072847880423069 -0.04543789103627205 0.020336467772722244 0.043839164078235626 0.03873218223452568 -0.006983472499996424 -0.03824339434504509 0.040017712861299515 -0.10511915385723114 -0.06952916085720062 0.04965285584330559 0.019709380343556404 -0.05258671194314957 0.05956276133656502 -0.038073308765888214 0.0066902306862175465 0.08810462057590485 -0.05869564414024353 0.06264636665582657 0.03599223867058754 0.064109668135643 0.025696249678730965 -0.10688591003417969 0.02134377509355545 0.08456011116504669 -0.09390491247177124 0.08275473862886429 0.003274852642789483 -0.05719168856739998 0.009042754769325256 -0.0033952377270907164 -0.07625935971736908 0.09544215351343155 0.00280047208070755 0.09209247678518295 -0.11689978092908859 0.04170185700058937 0.03195052966475487 -0.07675579190254211 -0.14606821537017822 0.10350307077169418 -0.006119756028056145 0.04318040981888771 0.09718361496925354 0.009595765732228756 0.04002370685338974 -0.09086230397224426 -0.024491572752594948 0.021694302558898926 0.011190040968358517 0.1148260235786438 0.03670400381088257 0.11521979421377182 0.10125597566366196 0.031565237790346146 0.002282840898260474 0.007604626007378101 0.081800676882267 0.061865903437137604 0.020716670900583267 0.024613261222839355 -0.06746519356966019 0.12585973739624023 -0.028973810374736786 -0.1346178948879242 0.08483320474624634 -0.09085440635681152 0.09107152372598648 0.002840891247615218 0.027409184724092484 0.08939166367053986 0.13790041208267212 0.1119706854224205 -0.07204794883728027 -0.052126966416835785 0.09606371074914932 0.037703633308410645 0.03853439912199974 0.020880162715911865 0.04687401279807091 -0.08655758947134018 0.03486297279596329 -0.021057242527604103 -0.04618101567029953 0.02781902626156807 0.08833236247301102 0.04100877419114113 0.09134124219417572 -0.012850207276642323 -0.10273595154285431 -0.01903335377573967 0.004609673749655485 -0.053799107670784 0.07152270525693893 0.0032037426717579365 0.08765853196382523 -0.06181838735938072 0.01781516708433628 0.06875147670507431 0.06331817060709 -0.00832610484212637 0.028849996626377106 0.0958784744143486 -0.06442012637853622 0.12008637934923172 -0.00581235159188509 0.07710112631320953 -0.049055423587560654 -0.021959738805890083 0.11606033891439438 -0.02358728088438511 0.052766911685466766 -0.019752664491534233 -0.05388509854674339 0.10219429433345795 0.1365557760000229 -0.050328563898801804 -0.10081257671117783 0.06625283509492874 -0.0030115300323814154 -0.017369026318192482 -0.058834876865148544 0.07042708247900009 -0.0068061696365475655 -0.07634011656045914 0.004835837986320257 -0.045234620571136475 0.049039728939533234 0.07259811460971832 -0.0074048591777682304 -0.1775711476802826 -0.10059070587158203 0.08491789549589157 -0.06972512602806091 0.013443771749734879 0.05161510780453682 0.07299807667732239 -0.0625525414943695 -0.08968257904052734 -0.029824979603290558 0.08625414222478867 0.06387582421302795 -0.09969396889209747 0.052087314426898956 -0.10134205222129822 -0.007519906386733055 -0.0712660402059555 -0.12128404527902603 0.11339286714792252 0.10521342605352402 -0.009005852043628693 -0.029783034697175026 -0.09404735267162323 -0.06436771899461746 0.04077988117933273 -0.0870419517159462 -0.039042722433805466 -0.0267605260014534 0.14816130697727203 -0.0017365942476317286 0.07665947079658508 0.09007072448730469 0.026602255180478096 0.03231387585401535 -0.054099276661872864 -0.09232866764068604 0.013318411074578762 0.025437746196985245 0.06502371281385422 -0.023677101358771324 0.06775970011949539 0.08398095518350601 -0.057574283331632614 -0.01040190551429987 0.006381715647876263 -0.10781581699848175 -0.03661705553531647 -0.025198379531502724 0.05670851841568947 -0.011877723038196564 0.04386414587497711 0.07139679789543152 0.0794944316148758 -0.11834664642810822 0.044538188725709915 -0.08142800629138947 0.056610990315675735 -0.030000682920217514 0.005584883037954569 0.011820368468761444 0.018668830394744873 -0.007486352231353521 0.07573831081390381 -0.09548104554414749 -0.051852814853191376 -0.00989196915179491 -0.10498129576444626 0.08081929385662079 -0.04242267459630966 0.005439430475234985 0.1214839294552803 -0.052540384232997894 0.05168112367391586 -0.10521562397480011 0.04107606038451195 0.12185774743556976 0.09059356153011322 -0.03127976879477501 0.019023455679416656 0.05115649476647377 0.0506267212331295 0.07969255745410919 -0.045703839510679245 0.04806803911924362 0.07831559330224991 -0.10417859256267548 0.015957241877913475 -0.02641359716653824 0.013510738499462605 -0.10161203891038895 0.05723090097308159 0.023590678349137306 0.09777846187353134 0.07181420922279358 -0.07153547555208206 -0.025484126061201096 0.06445394456386566 0.01112406887114048 0.0007612438639625907 -0.0004775366687681526 -0.0007122200331650674 -0.005509671289473772 -0.004716755822300911 -0.006936568766832352 -0.0027031884528696537 -0.002984619466587901 -0.0013337566051632166 0.0009063649922609329 0.0018830240005627275 -0.0021683701779693365 -0.00030343743856064975 -0.0007212499622255564 -0.0012974097626283765 -9.702923307486344e-06 -0.0029628684278577566 -0.003613821929320693 -0.0008210999076254666 -0.002596184378489852 1.0239867151540238e-05 -0.006571538280695677 -0.001900897012092173 2.1514772015507333e-05 -0.0019019428873434663 -2.435409442114178e-06 -0.002250578021630645 -0.002154991729184985 -0.0012374803191050887 -0.009217795915901661 -0.0012487806379795074 0.00043362690485082567 -0.002495956141501665 -0.00030962671735323966 -0.0018669897690415382 0.0017019044607877731 -0.002417751355096698 0.0030261415522545576 -0.0025407534558326006 -0.007904959842562675 -0.0006280270172283053 -0.0014087645104154944 -0.0045726303942501545 -8.221813914133236e-05 -0.005521063692867756 -0.0006186484242789447 -0.010258836671710014 -0.00366111914627254 -0.0012381750857457519 -0.012928619980812073 0.00038631129427812994 -9.785611432278074e-09 0.0013283846201375127 0.0005826890119351447 -0.001306617632508278 0.0008612395613454282 0.00020421722729224712 -0.0045096380636096 -0.00012709329894278198 -0.0008823844837024808 -0.0046765622682869434 -0.0019336900440976024 0.0019231205806136131 -0.0004737396666314453 -0.03712782636284828 0.10379283130168915 -0.13979461789131165 -0.22942037880420685 0.11790766566991806 -0.14525073766708374 0.04121677204966545 0.08159221708774567 -0.10660840570926666 0.09301453828811646 0.09290708601474762 0.019642213359475136 0.03997662290930748 0.04776788130402565 -0.10128218680620193 -0.14101581275463104 -0.09221047163009644 -0.08684666454792023 0.04961296170949936 -0.1261550486087799 -0.08562546968460083 -0.1284080147743225 0.14343084394931793 -0.07280866801738739 0.1395624279975891 -0.01995099149644375 -0.20982109010219574 -0.03708278387784958 -0.015580132603645325 0.12439669668674469 0.0964963361620903 0.007501890882849693 0.09833945333957672 -0.028682922944426537 -0.05288507044315338 -0.06651207059621811 0.07190176844596863 0.0020270408131182194 0.06423904001712799 -0.03326557204127312 0.15084783732891083 -0.019070586189627647 -0.13851983845233917 -0.0007278815028257668 0.0069211870431900024 -0.062345657497644424 -0.030463937669992447 -0.02158498391509056 0.06854277849197388 0.022100696340203285 0.06172853335738182 -0.10028627514839172 -0.05246246978640556 -0.12734563648700714 -0.05750718340277672 0.07879294455051422 -0.15721741318702698 -0.069764643907547 -0.16894946992397308 0.1042412668466568 -0.14039887487888336 0.08275063335895538 -0.11844520270824432 0.025016574189066887 0.016584334895014763 0.0172443687915802 -0.04432385042309761 -0.09444237500429153 0.025554172694683075 -0.05375870317220688 -0.04473835229873657 -0.029916774481534958 0.043237920850515366 -0.018678056076169014 -0.03917485848069191 -0.03924001380801201 0.018017208203673363 0.028362927958369255 0.05127687752246857 -0.028621060773730278 -0.05413174629211426 0.0808267891407013 0.002210753271356225 0.0948481634259224 -0.043613582849502563 -0.012671513482928276 -0.07602661848068237 -0.05326136574149132 0.0675712525844574 0.016213838011026382 -0.03003106266260147 -0.01849963702261448 -0.029628315940499306 -0.039975009858608246 -0.010326419956982136 0.0729486420750618 0.02099590003490448 0.00042405829299241304 0.006542273331433535 0.014629167504608631 -0.009476454928517342 0.0014826505212113261 0.013397803530097008 -0.01513967476785183 -0.06727781891822815 0.00986221618950367 -0.0864613875746727 0.060751866549253464 0.02327938750386238 0.015978608280420303 -0.007862390018999577 0.001726753544062376 -0.024123091250658035 -0.05801050737500191 -0.013639762066304684 0.012364928610622883 0.060818057507276535 -0.05423276871442795 -0.09141106903553009 0.024877382442355156 -0.053364261984825134 -0.04396193102002144 0.011252084746956825 0.0787363052368164 -0.03682374209165573 0.0009540378814563155 -0.11766785383224487 0.007763775531202555 -0.005893369670957327 -0.032597023993730545 0.07419399917125702 -0.10359015315771103 -0.02712196297943592 -0.07576216012239456 -0.053841810673475266 -0.03334121033549309 0.04512765631079674 0.028554309159517288 0.10513989627361298 -0.07868438959121704 0.020851772278547287 -0.022721808403730392 0.16606926918029785 -0.08781806379556656 0.0689220279455185 0.018916409462690353 -0.07883913815021515 0.009609917178750038 -0.026164988055825233 -0.018994800746440887 0.0656794011592865 0.0379190631210804 -0.05847328528761864 0.07054729759693146 -0.1201927661895752 -0.04984534904360771 0.05860014259815216 -0.020144203677773476 0.12183113396167755 -0.04473500698804855 0.03590018302202225 -0.05225053057074547 -0.13008636236190796 0.03936584293842316 0.05266575142741203 0.03364239260554314 0.023500367999076843 -0.00021491348161362112 0.004183689132332802 0.017486130818724632 -0.02181076817214489 0.03371003642678261 0.009124113246798515 0.10834836214780807 0.022218016907572746 -0.0847327783703804 -0.03525131568312645 -0.045404355973005295 0.11408920586109161 -0.026842253282666206 -0.05847787857055664 0.04875205457210541 -0.022485608235001564 -0.06533138453960419 -0.012954731471836567 -0.051915861666202545 0.029811106622219086 0.04194541648030281 -0.0716097503900528 0.0560479462146759 0.031441580504179 -0.02452811785042286 -0.0007406252552755177 -0.004104095045477152 -0.016983816400170326 0.02579055353999138 0.015834132209420204 -0.007867515087127686 -0.02785961516201496 -0.016641441732645035 -0.04760849475860596 0.0010104611283168197 -0.06565293669700623 -0.00530772190541029 0.04974466934800148 -0.019311990588903427 -0.00476969126611948 -0.04299048334360123 -0.02378372848033905 -0.004295878577977419 -0.0067453267984092236 -0.030680444091558456 -0.04801184684038162 -0.0026920160744339228 -0.02423674426972866 0.006608820054680109 -0.030265698209404945 -0.008735615760087967 -0.05619410425424576 -0.042867716401815414 0.0018422167049720883 0.049972809851169586 -0.010756189934909344 -0.028446100652217865 0.029239753261208534 -0.044370830059051514 -0.0129775395616889 -0.014920832589268684 -0.038993194699287415 -0.008259810507297516 -0.004903354682028294 -0.002579250605776906 -0.018094422295689583 -0.06924178451299667 0.010930817574262619 -0.006040757987648249 -0.06342346221208572 -0.030454380437731743 -0.05419443920254707 0.05008556321263313 -0.004236327949911356 -0.06224048510193825 -0.012118466198444366 0.0027709980495274067 -0.018250722438097 0.017109442502260208 0.009478406980633736 0.009058364666998386 -0.006772549357265234 0.005729390773922205 0.05443017929792404 -0.0527481809258461 0.0014164819149300456 -0.013227900490164757 -0.02085682563483715 -0.023027241230010986 0.0665474683046341 -0.021438555791974068 -0.07016604393720627 0.0507233589887619 0.044203028082847595 0.08152598142623901 0.06438131630420685 -0.025276679545640945 -0.015236684121191502 0.022679133340716362 -0.037955328822135925 0.00225794012658298 -0.016561418771743774 0.050933558493852615 0.04160171374678612 0.016248486936092377 0.03544643521308899 -0.07935084402561188 -0.06380728632211685 -0.018074721097946167 0.0004060927894897759 0.057408273220062256 -0.04803958907723427 -0.06985936313867569 -0.01672639511525631 -0.023242078721523285 0.07690523564815521 -0.05725165829062462 0.030601225793361664 -0.03337826579809189 0.06714539229869843 0.019816886633634567 -0.07586287707090378 0.03926968574523926 -0.03524662181735039 0.016689596697688103 0.06676636636257172 -0.003694860264658928 -0.0312659852206707 -0.014889746904373169 0.06184997409582138 0.0166164580732584 -0.09110934287309647 0.044739123433828354 0.024194035679101944 -0.08089228719472885 0.035213079303503036 -0.0702638179063797 -0.01666926220059395 0.06473074108362198 -0.03906112536787987 -0.006995669566094875 -0.06913243234157562 0.003094560233876109 -0.07663614302873611 -0.013650242239236832 0.06410755217075348 -0.08931288868188858 0.026231396943330765 -0.014874674379825592 -0.0032568227034062147 -0.029406841844320297 -0.028816238045692444 0.02989266626536846 -0.020768610760569572 0.06954215466976166 0.13514433801174164 -0.04712959751486778 0.08666747808456421 0.009639344178140163 0.039374008774757385 0.11651162803173065 0.015505208633840084 -0.11303606629371643 0.09997674822807312 0.06298090517520905 0.08476045727729797 -0.010449846275150776 -0.13047975301742554 -0.0008503447170369327 -0.08217447996139526 -0.0418241061270237 0.09791775047779083 0.008352446369826794 0.0982557088136673 -0.09834083914756775 0.03286781162023544 -0.07469604164361954 0.06896039098501205 0.022595945745706558 0.1216830387711525 0.012134215794503689 0.008851299993693829 -0.16343626379966736 0.03853832930326462 -0.042456574738025665 0.05685248225927353 -0.02571784146130085 -0.10738366842269897 0.17085926234722137 -0.09579683840274811 0.14930911362171173 0.10323388874530792 -0.14322619140148163 -0.08079557120800018 0.02064637467265129 -0.18317961692810059 0.08661027997732162 -0.00040424364851787686 -0.10799480229616165 0.0853583961725235 -0.05574868619441986 0.015191929414868355 -0.14905229210853577 -0.011412794701755047 -0.15819276869297028 -0.04659261181950569 -0.07941123098134995 0.08007436990737915 0.10711266845464706 -0.04551498964428902 -0.10524052381515503 -0.18658190965652466 0.09534808993339539 0.055705439299345016 0.0230929646641016 0.08145465701818466 0.03671083226799965 -0.03130429983139038 0.0426272414624691 -0.09079068899154663 -0.03575555980205536 0.099492147564888 0.05268290638923645 -0.08201608806848526 0.023400744423270226 0.07600652426481247 -0.07821495831012726 0.04761123284697533 0.06875894218683243 -0.0858304351568222 0.06556381285190582 -0.06653726100921631 0.10412116348743439 0.10759851336479187 -0.07266874611377716 0.014015669003129005 0.00481391279026866 0.026937272399663925 0.06258437037467957 -0.032679006457328796 -0.07269441336393356 -0.0706891193985939 -0.09170948714017868 0.024756429716944695 0.02380864880979061 0.04173501580953598 -0.05981900170445442 0.052156154066324234 -0.047177307307720184 0.053575970232486725 -0.00580452848225832 -0.011043231002986431 0.08849994093179703 0.01946204900741577 0.06547714024782181 -0.06971901655197144 0.07260942459106445 -0.10703225433826447 -0.10238070785999298 -0.03162754327058792 0.002941198879852891 -0.04782426729798317 -0.03572854399681091 -0.05633503571152687 0.057879362255334854 0.04286833480000496 0.10822218656539917 0.07829572260379791 0.055211011320352554 -0.045610371977090836 0.04643246531486511 0.02908381260931492 -0.04297079145908356 0.06631942838430405 -0.053891949355602264 0.06908583641052246 0.06751304119825363 -0.11732044070959091 -0.016224713996052742 -0.001845062244683504 0.04840892553329468 0.0035038429778069258 -0.11397915333509445 0.1381482183933258 -0.030247000977396965 -0.05527346953749657 0.131679505109787 -0.16881230473518372 0.05556081235408783 -0.07207485288381577 0.1144697517156601 -0.0618286207318306 0.08704204112291336 0.019764777272939682 -0.07963302731513977 -0.04782934859395027 0.0756814107298851 0.03713245689868927 -0.07910472899675369 0.11395944654941559 -0.07361837476491928 -0.04253639280796051 0.111493781208992 -0.009980857372283936 -0.028046924620866776 0.055784426629543304 0.14821073412895203 0.034753601998090744 -0.15110912919044495 -0.02277819812297821 -0.2314453125 -0.0987429991364479 0.017600998282432556 -0.15334348380565643 0.008382056839764118 0.09437809139490128 0.09388720244169235 0.001429640338756144 -0.17679576575756073 -0.00513008376583457 -0.1675770878791809 -0.058084968477487564 -0.16514459252357483 0.09799548238515854 -0.0796663910150528 -0.19677184522151947 0.011015156283974648 -0.07708748430013657 0.016577845439314842 -0.0163186676800251 0.005430933553725481 -0.11112983524799347 -0.1338651478290558 -0.09768873453140259 0.11995487660169601 -0.039471641182899475 0.06644302606582642 0.014256753958761692 -0.029736923053860664 -0.08427462726831436 0.12132921814918518 0.08631159365177155 -0.1747095137834549 -0.14243930578231812 0.14375637471675873 0.11996550112962723 -0.08396027982234955 -0.03777175024151802 -0.04389839619398117 -0.07778631895780563 -0.10491283982992172 -0.0820389837026596 -0.09866511821746826 -0.11639957875013351 0.05631333217024803 -0.020836887881159782 0.087297223508358 -0.08628571778535843 0.053135938942432404 -0.013306703418493271 -0.06857616454362869 -0.015948953106999397 -0.01923561468720436 0.000589330040384084 0.05161422863602638 -0.05067434161901474 -0.06634706258773804 0.12233521789312363 -0.025091279298067093 -0.0695180594921112 0.0023404909297823906 -0.03542574495077133 -0.05857831612229347 0.0449577160179615 0.008140608668327332 0.11414893716573715 -0.14613042771816254 -0.029523048549890518 0.11715272814035416 -0.12375791370868683 -0.06261631101369858 0.034605007618665695 0.04835018515586853 -0.05721626803278923 0.00765251973643899 -0.08677878975868225 -0.06395835429430008 0.12792767584323883 0.07999758422374725 -0.02162664569914341 0.0908411294221878 -0.07873361557722092 -0.008020853623747826 -0.04665977880358696 -0.005765908397734165 0.02193380333483219 0.00870633963495493 0.14282530546188354 -0.17401371896266937 0.03205103427171707 -0.060968223959207535 0.05837252363562584 -0.08347588777542114 0.02379995957016945 -0.018856395035982132 -0.037213847041130066 0.05119171366095543 0.04344731196761131 -0.06543920189142227
b2 64
-0.1284615695476532 -0.1478196531534195 0.14845328032970428 0.10397683084011078 0.12611480057239532 0.10970047116279602 -0.10005463659763336 0.07519274950027466 0.06836910545825958 0.04785524681210518 -0.027920648455619812 -0.02014821767807007 0.1726483702659607 -0.027705000713467598 0.03984227031469345 0.09914339333772659 0.06892640143632889 0.09595472365617752 -0.0895530954003334 0.02161131240427494 -0.06730421632528305 0.08966393768787384 0.13984112441539764 0.11628971248865128 0.11829220503568649 -0.06900002807378769 0.13507422804832458 0.08172418922185898 0.16300535202026367 -0.12826032936573029 0.06984168291091919 0.14415505528450012 -0.15659365057945251 -0.052215103060007095 -0.10105425864458084 -0.007070767227560282 -0.10058046877384186 0.11388929933309555 -0.07963228970766068 -0.1965172290802002 -0.11270305514335632 0.045000772923231125 0.11510326713323593 -0.05166362598538399 -0.03260695934295654 -0.0735049843788147 -0.007245284039527178 -0.06343325972557068 0.12686704099178314 -0.14773054420948029 0.04392271116375923 -0.09651574492454529 -0.12925150990486145 0.1126168891787529 -0.006265781354159117 0.09076359868049622 -0.07875920087099075 -0.06963589787483215 -0.018074307590723038 -0.0458967462182045 -0.07801531255245209 -0.0023211820516735315 0.14490997791290283 0.06896892935037613
W3 64
0.29910632967948914 0.04638991504907608 -0.15251865983009338 -0.21852687001228333 0.13491377234458923 0.3927289843559265 0.04738304018974304 -0.2198641449213028 0.05112975090742111 -0.09699679911136627 0.1486208438873291 0.07199571281671524 -0.23044021427631378 0.020264776423573494 0.2651831805706024 -0.023122567683458328 -0.07059887796640396 0.3216829299926758 -0.11600340157747269 -0.1495518982410431 -0.10550694167613983 0.13043251633644104 0.09249325841665268 0.0938863530755043 -0.027181098237633705 0.14013154804706573 -0.1839250773191452 0.16794244945049286 -0.4870713949203491 0.2699446678161621 -0.2796483635902405 0.10989823192358017 -0.13933032751083374 -0.08725353330373764 -0.08396223932504654 0.004067062400281429 -0.05934920161962509 -0.13812914490699768 -0.10138387233018875 0.12543541193008423 0.10505226254463196 0.07481369376182556 0.17029178142547607 0.0946945771574974 0.2461474984884262 0.10260317474603653 0.04950511455535889 0.11034155637025833 -0.11020030081272125 -0.30879002809524536 0.06006016209721565 -0.07003667950630188 -0.0813542902469635 -0.00881970301270485 -0.005560561083257198 0.16803455352783203 0.06921800971031189 -0.06351602077484131 0.026941636577248573 0.000990334083326161 0.130910262465477 -0.012852037325501442 0.2626504898071289 -0.06834010034799576
b3 1
0.10367745161056519
