input_dim 64
hidden 64
log_input 1
y_mean 10.63614559173584
y_std 13.47303581237793
x_mean 64
0.02613801881670952 0.04717417061328888 0.06510964781045914 0.08041001856327057 0.09357549995183945 0.10541941970586777 0.11612829566001892 0.12590086460113525 0.13498130440711975 0.14354242384433746 0.15146203339099884 0.1589927226305008 0.16623398661613464 0.1732613444328308 0.17988520860671997 0.1862029880285263 0.1921343356370926 0.19789347052574158 0.20363792777061462 0.2091502696275711 0.21471600234508514 0.22003476321697235 0.2252214550971985 0.23016540706157684 0.23508252203464508 0.23998530209064484 0.24471664428710938 0.24925990402698517 0.25379788875579834 0.25829753279685974 0.2628041207790375 0.2671138048171997 0.2715283930301666 0.27586835622787476 0.2801690995693207 0.28450119495391846 0.28868672251701355 0.2929339110851288 0.29721230268478394 0.3015468418598175 0.3059708774089813 0.31039708852767944 0.3148393929004669 0.31931552290916443 0.32390591502189636 0.3285495638847351 0.33334457874298096 0.338222861289978 0.34320181608200073 0.34834054112434387 0.35355156660079956 0.35912981629371643 0.3648953139781952 0.37113699316978455 0.37759408354759216 0.3845195174217224 0.3920036256313324 0.4001755714416504 0.4093775153160095 0.4197763204574585 0.4323618710041046 0.4478464126586914 0.4689300060272217 0.5035140514373779
x_std 64
0.03338325396180153 0.042074065655469894 0.04585777595639229 0.04893245920538902 0.051342274993658066 0.05365035682916641 0.055684179067611694 0.05747300758957863 0.059049755334854126 0.060519203543663025 0.06187833845615387 0.06283872574567795 0.06385678052902222 0.06484666466712952 0.06558665633201599 0.06636913120746613 0.06706229597330093 0.06777537614107132 0.0684332549571991 0.06916527450084686 0.07006724923849106 0.07082347571849823 0.07152502238750458 0.07207836210727692 0.07273098826408386 0.07325351983308792 0.07390078157186508 0.07436206191778183 0.07501266896724701 0.0755433440208435 0.07599660009145737 0.07649201154708862 0.07701440900564194 0.07745116204023361 0.07790001481771469 0.07827811688184738 0.07871240377426147 0.07911982387304306 0.07936611771583557 0.07972341030836105 0.0800718367099762 0.08042081445455551 0.08069615811109543 0.08095142245292664 0.08121266961097717 0.08135020732879639 0.08164622634649277 0.08188984543085098 0.0820864588022232 0.08235429227352142 0.08252985775470734 0.08283491432666779 0.08298254758119583 0.0831938311457634 0.0835001990199089 0.0838138684630394 0.08411655575037003 0.08437355607748032 0.08482366800308228 0.0850764662027359 0.08541514724493027 0.08646630495786667 0.08814193308353424 0.09196121990680695
W1 4096
-0.012544944882392883 -0.048459287732839584 -0.009763041511178017 -0.06687655299901962 -0.018786583095788956 -0.04509621858596802 0.09443025290966034 -0.09512386471033096 0.10298258066177368 -0.007513762917369604 -0.09845977276563644 0.12793318927288055 -0.04035225510597229 -0.028770307078957558 -0.06704097986221313 0.06549744307994843 0.01522129587829113 -0.10461446642875671 -0.0654650554060936 0.09720487147569656 -0.014366679824888706 0.13216151297092438 0.1182253509759903 0.010407863184809685 0.09784340858459473 -0.11369799077510834 0.004665645305067301 -0.018805133178830147 -0.09281879663467407 0.11724929511547089 0.09989777207374573 0.08793593943119049 0.109713613986969 -0.10099856555461884 -0.03148695081472397 0.01572120375931263 -0.026582177728414536 0.12441109865903854 -0.020346473902463913 0.0297381728887558 0.018306851387023926 -0.07192526757717133 -0.007006925996392965 0.07749835401773453 -0.03578900545835495 0.070124052464962 -0.00569590600207448 0.11607963591814041 -0.03824544697999954 0.0027206430677324533 -0.09812670201063156 0.08315949887037277 -0.03057917207479477 -0.0811576098203659 -0.09113258123397827 -0.07130209356546402 0.04046916589140892 -0.12572374939918518 0.03432357683777809 -0.017675718292593956 0.0428934171795845 -0.131536066532135 -0.11195764690637589 -0.05205380171537399 -0.06826210767030716 0.08147142827510834 -0.03379996865987778 0.027111351490020752 0.04772438481450081 -0.0448308028280735 0.10786010324954987 -0.02108951285481453 0.07177472114562988 0.0036163427866995335 0.06585633009672165 0.031536269932985306 -0.0844823494553566 -0.04832050949335098 0.010142166167497635 -0.10015644878149033 -0.07189743220806122 -0.011451437138020992 -0.03758448362350464 0.010215817019343376 -0.10454581677913666 0.11717695742845535 -0.08072803914546967 0.12381090968847275 -0.05503225699067116 -0.052238430827856064 -0.03488649055361748 -0.11112160980701447 -0.003709290875121951 -0.08859257400035858 0.041248444467782974 0.07649677246809006 0.01656656712293625 -0.04477300867438316 0.10288340598344803 0.09958987683057785 -0.048952531069517136 0.030771799385547638 -0.03830018639564514 0.01334459614008665 -0.02432676963508129 -0.04446490854024887 -0.046763792634010315 0.06341759860515594 0.056818656623363495 0.07372388243675232 -0.06471281498670578 -0.017686866223812103 -0.11282950639724731 -0.06610886007547379 -0.02704622969031334 0.09024609625339508 0.007667319383472204 0.10536178946495056 -0.032236870378255844 0.03671632707118988 -0.03477056324481964 0.01933562196791172 0.07699421793222427 -0.09603770822286606 -0.05289960280060768 -0.10196782648563385 -0.025884024798870087 0.02625763975083828 -0.06385552138090134 -0.06337135285139084 0.07521005719900131 0.044392526149749756 0.06197274848818779 -0.13008368015289307 -0.11378467828035355 0.009251207113265991 0.08243298530578613 -0.1160731092095375 -0.09610511362552643 0.02678872086107731 0.025979937985539436 0.040842197835445404 0.05694412812590599 -0.11069561541080475 -0.0365433543920517 0.09508118778467178 0.06283000856637955 -0.024754205718636513 0.0185729768127203 0.07734587043523788 -0.11539620906114578 -0.006449372507631779 0.09865724295377731 0.09084026515483856 -0.00783388689160347 -0.027622342109680176 -0.09226203709840775 -0.12084533274173737 -0.06294463574886322 0.0054194126278162 -0.13063625991344452 0.03054344467818737 0.03133143484592438 0.08116766810417175 0.06505007296800613 -0.07209467887878418 0.11028409004211426 0.011810478754341602 -0.052490733563899994 -0.010709531605243683 -0.0889751985669136 -0.09146171808242798 0.08423443883657455 -0.011602343060076237 0.11732032150030136 -0.10182783752679825 -0.025231989100575447 -0.004821981303393841 0.010374718345701694 -0.059695228934288025 -0.10211097449064255 -0.05132746696472168 0.11221351474523544 -0.03305867314338684 0.014188108034431934 0.10575482249259949 0.025278907269239426 -0.03957626223564148 0.05515763908624649 -0.08254806697368622 -0.04440493881702423 -0.16069070994853973 -0.049888163805007935 0.14069560170173645 0.10927347093820572 0.10613667964935303 0.08380401134490967 0.049360573291778564 -0.024857766926288605 -0.04094560816884041 -0.08003076165914536 -0.04715181142091751 0.03751629218459129 0.05880187824368477 0.01970224268734455 0.06308821588754654 -0.10543079674243927 -0.08195610344409943 0.01876712217926979 0.07171773910522461 -0.04970300570130348 0.08248908072710037 0.06593359261751175 -0.03293302282691002 0.0356176383793354 -0.0012475543189793825 0.0955781564116478 -0.06418231874704361 0.04781993851065636 0.1037483736872673 0.08149853348731995 -0.06113468483090401 -0.04485911875963211 0.05991066247224808 0.08567680418491364 0.002704206621274352 -0.046917181462049484 0.06104812026023865 0.08065732568502426 -0.09975048899650574 0.11275171488523483 -0.05699310451745987 0.12348466366529465 -0.03840281814336777 -0.004942853469401598 0.11647410690784454 0.01449617650359869 -0.09282632917165756 0.026831017807126045 -0.024480393156409264 -0.08449230343103409 0.07555294036865234 -0.08986712247133255 0.030458077788352966 -0.11632935702800751 0.09875365346670151 -0.10355089604854584 0.02410375326871872 -0.04531147703528404 -0.10876218974590302 -0.08237415552139282 0.06167799234390259 0.08978679776191711 -0.0831565409898758 -0.07400013506412506 -0.12572753429412842 0.0230606347322464 -0.12575913965702057 0.14889095723628998 0.06149555742740631 -0.03012824058532715 0.10183274745941162 0.05658337473869324 -0.04285207763314247 0.06522568315267563 -0.033664483577013016 -0.03511271998286247 0.10474850982427597 0.07573775947093964 0.06101572513580322 0.13214585185050964 -0.04494035243988037 -0.12560231983661652 0.047205109149217606 -0.02857884205877781 0.045504458248615265 -0.04773237183690071 -0.04600251466035843 0.05392085015773773 -0.01595217175781727 -0.04618273302912712 -0.04618877172470093 -0.08696752041578293 -0.08752655982971191 -0.10558244585990906 0.030259693041443825 -0.10020799934864044 -0.09319290518760681 -0.10371687263250351 0.12073754519224167 -0.096368707716465 -0.05439329519867897 -0.03923681378364563 -0.0527980700135231 0.043417926877737045 -0.016833776608109474 0.09074004739522934 0.019479166716337204 -0.10130792111158371 -0.1167985126376152 0.04129975289106369 -0.11014553159475327 -0.1084052324295044 0.06351723521947861 -0.10659588128328323 0.09769704192876816 0.07676153630018234 0.09138046950101852 -0.025884665548801422 0.10663999617099762 0.08614363521337509 -0.041766174137592316 0.04529187083244324 -0.05867166817188263 0.057854827493429184 -0.11292510479688644 0.04978812858462334 -0.02149057574570179 -0.080527663230896 0.01122919749468565 -0.051814399659633636 0.08476180583238602 0.052289944142103195 0.03854457661509514 -0.055986516177654266 -0.07319348305463791 -0.037461623549461365 0.00021989448578096926 0.060413967818021774 -0.11873319000005722 -0.02858548052608967 0.06658292561769485 -0.015830235555768013 -0.12802639603614807 0.0865761861205101 -0.11987173557281494 -0.0015916514676064253 0.0849476084113121 -0.10860811173915863 0.10350006818771362 0.02578589878976345 0.051168572157621384 -0.05474713817238808 0.03070051595568657 -0.011389964260160923 -0.01657530479133129 0.086837999522686 0.027299195528030396 0.06363049149513245 -0.09946677088737488 0.05943921580910683 -0.08476806432008743 0.015308325178921223 0.04626774787902832 0.08939997851848602 0.12086750566959381 0.10653127729892731 0.12339446693658829 0.05339144542813301 0.06354876607656479 -0.008251693099737167 -0.016305847093462944 0.11081114411354065 -0.1186310350894928 0.03284560143947601 0.013291902840137482 0.06221098080277443 0.0778486579656601 -0.09927325695753098 0.007128856144845486 0.059585995972156525 0.0007629412575624883 0.0054884543642401695 0.01963690295815468 -0.06272956728935242 0.017295440658926964 0.1235446110367775 -0.01113369781523943 -0.10940900444984436 0.03791942074894905 -0.05568975955247879 -0.10394314676523209 -0.053727827966213226 0.04652465134859085 -0.09958536922931671 0.14129258692264557 -0.03630208224058151 0.0018194473814219236 -0.1098521500825882 -0.06856187433004379 0.07942287623882294 0.0644741877913475 -0.08996091037988663 -0.040722060948610306 0.10927124321460724 -0.014932982623577118 -0.03780699148774147 -0.1140064150094986 0.02873927727341652 -0.07584361732006073 0.11736401915550232 0.08888870477676392 -0.0280659981071949 -0.06334920227527618 -0.10756638646125793 -0.02187531627714634 -0.04511977359652519 -0.048358526080846786 0.06651625782251358 -0.10159296542406082 0.0681678056716919 0.04236303269863129 -0.06037516891956329 -0.00889750849455595 0.12571032345294952 0.0651233121752739 0.023155465722084045 -0.0602315329015255 0.12259359657764435 -0.009017587639391422 0.016026217490434647 0.09643619507551193 0.08151748031377792 -0.031337838619947433 -0.10013825446367264 -0.03218907490372658 -0.06623987853527069 -0.08406488597393036 -0.08386019617319107 0.025899315252900124 0.052408814430236816 -0.10324890166521072 0.06450866162776947 -0.07761040329933167 0.0033979190047830343 0.048593923449516296 0.06467878818511963 -0.004948286805301905 -0.040633704513311386 -0.05677182599902153 -0.06592939794063568 -0.055397357791662216 -0.016869178041815758 0.059912797063589096 0.0793740525841713 -0.01853637769818306 0.0004559904627967626 -0.0058957492001354694 0.010027540847659111 -0.12056425958871841 -0.1582368016242981 -0.10925852507352829 0.059481166303157806 0.07523898035287857 -0.03742527216672897 -0.06998787820339203 -0.029269520193338394 -0.06437888741493225 -0.06420216709375381 0.01115726213902235 0.0935632586479187 0.07760260254144669 0.010942790657281876 0.11894641816616058 -0.0019254775252193213 0.1053326353430748 -0.009025298990309238 0.07415945827960968 -0.07213713228702545 0.0945383757352829 0.06978608667850494 0.0027104143518954515 -0.11643706262111664 0.01939435303211212 -0.09009911119937897 -0.10839508473873138 0.013754194602370262 -0.10061071813106537 0.0749180018901825 -0.019164498895406723 0.014304551295936108 -0.07085788995027542 0.038042422384023666 0.08110294491052628 -0.012666638940572739 -0.10903441905975342 0.008422157727181911 -0.14427392184734344 0.070325568318367 -0.052221719175577164 0.04523899406194687 0.032101742923259735 -0.11669471114873886 -0.06586562842130661 0.01566976308822632 -0.0585021935403347 -0.02022762969136238 -0.09600798040628433 0.007477696053683758 -0.1275690793991089 -0.04569370672106743 0.03350237384438515 -0.021903667598962784 -0.05031754449009895 0.074468232691288 -0.005645140539854765 0.03993333503603935 0.13269826769828796 0.06316419690847397 0.07838059216737747 -0.06680510938167572 -0.10145381093025208 -0.12409935146570206 0.09538594633340836 0.12902916967868805 -0.005872981622815132 0.001681702327914536 0.012112544849514961 -0.02487090416252613 -0.06575744599103928 -0.13955122232437134 -0.01889512687921524 0.08919333666563034 -0.1037464439868927 -0.009226437658071518 -0.070393405854702 0.07144509255886078 0.002827370772138238 -0.0270826518535614 0.029600773006677628 0.08791301399469376 0.05635841563344002 0.04048548638820648 0.07438769191503525 0.04318377375602722 0.004138021729886532 -0.08137340098619461 -0.11539743840694427 -0.03507367894053459 0.0168597474694252 0.01737942174077034 -0.07945060729980469 0.057310208678245544 0.05088498443365097 -0.11741357296705246 0.010078636929392815 -0.0828351154923439 0.0544002540409565 -4.981496022082865e-05 -0.017355283722281456 -0.09564928710460663 -0.10546980798244476 -0.0834418535232544 0.008947432972490788 0.014540879055857658 0.013128313235938549 0.022197671234607697 0.007730999030172825 0.06131381168961525 0.1000109538435936 -0.10415572673082352 -0.06562501937150955 0.00310084642842412 -0.1275792121887207 -0.03127356618642807 -0.003456918988376856 -0.08012641966342926 -0.002437687013298273 -0.12021888047456741 -0.06636014580726624 0.017322378233075142 0.07046130299568176 0.06247515231370926 0.07563026994466782 0.10397212952375412 0.04173402115702629 0.12732568383216858 -0.08066646754741669 -0.04779619351029396 0.15162967145442963 0.11085730791091919 0.12534408271312714 0.05231790244579315 0.1140986904501915 0.08322297781705856 0.06412777304649353 -0.023795299232006073 -0.07358869910240173 0.022880472242832184 -0.09040699154138565 0.008856385014951229 0.09323529899120331 -0.09085378795862198 -0.05762377381324768 0.08924803882837296 -0.04145603999495506 -0.04026776924729347 0.10076332837343216 -0.07953695207834244 0.07191278040409088 -0.0394374281167984 -0.1327321082353592 -0.04405216500163078 -0.010987939313054085 -0.034599218517541885 -0.03906134516000748 -0.018240241333842278 -0.12222094088792801 -0.008402901701629162 -0.0995355024933815 0.056536998599767685 0.06450027972459793 0.022424966096878052 0.06270203739404678 -0.1366543471813202 -0.1453317254781723 -0.1085430458188057 -0.0327339693903923 0.06798256933689117 -0.07141738384962082 -0.10302124917507172 -0.06783956289291382 -0.08323616534471512 0.08458494395017624 0.0332130566239357 -0.06102454662322998 -0.05106757953763008 -0.07955659925937653 -0.0861840695142746 0.07104998826980591 0.014994997531175613 0.02329106628894806 -0.02511485479772091 0.003415053943172097 -0.0922880470752716 0.01859741099178791 0.06158091872930527 0.051576945930719376 0.07411820441484451 0.04027441143989563 0.025984102860093117 -0.09731567651033401 0.00119653414003551 0.0910220742225647 -0.037769805639982224 -0.13876672089099884 0.10147111862897873 -0.037554673850536346 0.0702478289604187 0.06288271397352219 0.026056168600916862 0.09039253741502762 -0.07898812741041183 0.024628600105643272 -0.1310613453388214 0.06138176843523979 -0.08319585025310516 -0.0948743224143982 -0.11336475610733032 -0.06715311110019684 -0.05383829399943352 -0.090067557990551 0.08006534725427628 0.07587353140115738 -0.044365089386701584 0.12833628058433533 0.07773178070783615 -0.0023952522315084934 0.06052989885210991 -0.07357549667358398 0.13473761081695557 0.12018352746963501 0.14270572364330292 -0.043720342218875885 -0.04767223075032234 0.1075335368514061 0.1191147193312645 -0.09382754564285278 0.0963144525885582 0.06583848595619202 -0.05409533530473709 0.10258767008781433 0.03990454599261284 0.10508459061384201 -0.08102899044752121 0.01783960685133934 -0.00843220017850399 0.029176753014326096 -0.0401790514588356 0.08141858875751495 -0.04082854837179184 -0.06909942626953125 -0.06311699002981186 -0.06748101115226746 0.040066834539175034 0.11723378300666809 -0.077327199280262 -0.06928732991218567 0.00950902234762907 0.15579676628112793 -0.02689766325056553 0.10254498571157455 -0.06216767430305481 -0.03632520139217377 0.04882911220192909 -0.013668076135218143 -0.09315697848796844 -0.031202426180243492 -0.08091515302658081 0.050738148391246796 0.08511324971914291 0.05712953209877014 0.03343004360795021 -0.047562435269355774 -0.03957229480147362 0.12186471372842789 -0.08301738649606705 0.0010546884732320905 -0.03487487509846687 0.08386563509702682 0.04325459897518158 -0.09039270877838135 0.08033405989408493 -0.09268900752067566 -0.027793999761343002 0.007255813106894493 -0.027299726381897926 0.019872575998306274 -0.041883502155542374 -0.0004804905620403588 -0.10886240005493164 -0.12793458998203278 -0.08355116099119186 0.12357331067323685 -0.06990805268287659 0.06779768317937851 -0.0836145356297493 0.10791204124689102 0.11377623677253723 -0.0133626414462924 0.11485923826694489 -0.023034177720546722 -0.12484750151634216 -0.024371329694986343 0.10135992616415024 -0.05184030905365944 -0.03884148970246315 0.05607861280441284 -0.034068137407302856 0.030010391026735306 0.023718204349279404 0.015782244503498077 -0.03210504725575447 -0.08701913058757782 -0.076436348259449 -0.09825203567743301 -0.0318756029009819 -0.1062234491109848 -0.0181847233325243 -0.060879938304424286 -0.06727607548236847 0.021101200953125954 -0.0693819522857666 0.05141476169228554 0.08443505316972733 0.05901284143328667 -0.12012477964162827 0.11312224715948105 0.055896542966365814 -0.10773278772830963 0.13994961977005005 0.05638617277145386 -0.011076483875513077 -0.02338917925953865 -0.030327768996357918 -0.014347975142300129 -0.06460525095462799 -0.11374141275882721 -0.10039004683494568 -0.06773068755865097 -0.1044682189822197 -0.06269621104001999 -0.10119777917861938 0.08529844880104065 0.01939309947192669 -0.03703245520591736 -0.03342387452721596 -0.09753701090812683 0.021745949983596802 0.022624477744102478 0.030488427728414536 -0.0716487318277359 0.0603594146668911 0.0014482837868854403 0.0670403465628624 -0.05669039487838745 -0.10196612030267715 0.07171612977981567 0.05161763355135918 0.09479265660047531 -0.1010088250041008 -0.10338820517063141 0.0144423833116889 -0.008606551215052605 0.010950930416584015 0.05645815283060074 -0.030229313299059868 0.12702776491641998 0.09655775129795074 0.11481167376041412 0.009632778353989124 -0.013180548325181007 0.10326889902353287 0.011510035954415798 -0.11183599382638931 -0.034575510770082474 -0.09777053445577621 0.08921633660793304 0.07264990359544754 0.026423253118991852 0.06294649094343185 -0.07539230585098267 -0.09317418187856674 0.06991308927536011 0.06210767477750778 -0.059532273560762405 0.09050033986568451 0.013453902676701546 -0.025866765528917313 -0.10407222807407379 0.05767307057976723 -0.03376661241054535 0.04468464106321335 0.14557701349258423 0.060613296926021576 0.020417071878910065 0.021580936387181282 -0.0409599244594574 -0.027527254074811935 -0.038996223360300064 0.061797354370355606 0.030962789431214333 0.007930302061140537 -0.06182064116001129 -0.008575457148253918 0.08006744831800461 -0.11626473069190979 0.007414370775222778 -0.11175854504108429 0.01690102368593216 -0.0730036273598671 0.09333828091621399 -0.1155502051115036 -0.1136728972196579 0.008432970382273197 -0.03885892406105995 -0.022406013682484627 -0.04268002510070801 -0.0918547585606575 -0.10722848773002625 -0.04523807391524315 -0.020795855671167374 0.07851258665323257 0.023287756368517876 0.08762873709201813 -0.08063488453626633 -0.06154526397585869 -0.03683149442076683 -0.016741160303354263 -0.07234668731689453 0.08485127240419388 -0.09641090035438538 -0.1426454484462738 0.04037024453282356 0.03963298723101616 -0.09377190470695496 0.0929979458451271 0.0711529329419136 0.10141826421022415 -0.022151509299874306 0.035484492778778076 -0.08077399432659149 0.03474419564008713 0.07532954961061478 -0.02723454125225544 0.058484576642513275 0.04159747064113617 -0.09723807871341705 -0.08552569895982742 0.09386079013347626 0.06650388985872269 0.007994881831109524 0.015274617820978165 -0.01761649176478386 -0.005353156011551619 0.10771835595369339 -0.09988842904567719 0.000691053515765816 0.0232208501547575 -0.03541107103228569 0.028241222724318504 0.0017402108060196042 0.03851320967078209 -0.10435036569833755 0.014790047891438007 0.010790448635816574 0.056961990892887115 -0.08879005908966064 0.050130169838666916 0.021051734685897827 -0.022103408351540565 0.01613001711666584 0.042529694736003876 0.019586853682994843 0.08086773008108139 0.07300079613924026 0.022067440673708916 0.0088920583948493 -0.044412028044462204 -0.11743048578500748 0.08404739946126938 -0.1126740574836731 -0.04551202431321144 -0.11277326941490173 0.06824171543121338 -0.08502303063869476 -0.016560988500714302 -0.13440413773059845 0.09220471978187561 -0.08427568525075912 0.02867129258811474 0.009713692590594292 -0.05462953448295593 -0.018898980692029 0.018062647432088852 -0.1281161606311798 -0.0454065278172493 -0.14950387179851532 -0.1520947515964508 0.07774373888969421 -0.1206650584936142 -0.11266947537660599 0.047495462000370026 -0.10318483412265778 -0.0810285285115242 -0.055011335760354996 -0.04645124822854996 -0.040226731449365616 -0.11955572664737701 -0.012650453485548496 -0.10248691588640213 0.021138593554496765 -0.10771763324737549 0.05037437379360199 -0.014610923826694489 0.07287786900997162 0.12553377449512482 -0.056750815361738205 0.11010145395994186 0.07915238291025162 0.04902837425470352 0.11723800003528595 -0.06484190374612808 -0.09179973602294922 -0.07154801487922668 0.010617795400321484 0.12145853787660599 0.1445283591747284 0.012289626523852348 -0.0034155813045799732 0.012128576636314392 0.07124727219343185 0.0905945897102356 0.01571611315011978 0.06375017762184143 0.002473020926117897 -0.02749229222536087 -0.05700431391596794 0.12670448422431946 0.07474184781312943 0.08376680314540863 0.06914982199668884 -0.021257158368825912 0.0899684727191925 -0.05307871848344803 -0.0653807744383812 0.008080963045358658 -0.10582680255174637 0.0410921610891819 0.09021275490522385 -0.07849650830030441 -0.11016929149627686 -0.04340330511331558 0.04961121827363968 -0.03268800675868988 -0.05208447203040123 -0.12176809459924698 -0.08092936873435974 -0.027399083599448204 0.1057775467634201 -0.0651835948228836 -0.10771538317203522 -0.11062734574079514 -0.08097193390130997 -0.014972636476159096 -0.09311865270137787 0.0169057734310627 -0.058379195630550385 -0.09561142325401306 -0.06853662431240082 0.03923974186182022 0.0455293208360672 -0.05286082625389099 -0.10868730396032333 0.10596401989459991 0.016866758465766907 0.10684143751859665 0.11537530273199081 0.03399019315838814 -0.025851327925920486 -0.023995570838451385 0.1305692195892334 0.1216282993555069 0.08696306496858597 0.0270112082362175 -0.10900388658046722 0.10131050646305084 -0.10986324399709702 -0.10612813383340836 -0.07120053470134735 -0.002238953486084938 -0.04135388135910034 -0.05466693639755249 0.12394580990076065 0.09361406415700912 -0.09540588408708572 -0.032970406115055084 -0.0071357726119458675 -0.03245217353105545 0.11343017220497131 -0.03570932149887085 0.06617484241724014 0.10304753482341766 -0.05962515249848366 0.005672167055308819 0.06102655827999115 0.11687023937702179 -0.01866794191300869 -0.09928753972053528 0.061075661331415176 0.09597115963697433 0.026895634829998016 0.03793314844369888 -0.1120743677020073 0.1306343376636505 0.12403061985969543 -0.04568790644407272 0.11042431741952896 -0.08104056864976883 -0.0475790798664093 0.04115944355726242 -0.1090712621808052 -0.014851654879748821 0.01661033369600773 -0.07101371139287949 -0.030477374792099 -0.047406475991010666 -0.09682220965623856 0.10941623151302338 -0.022179337218403816 0.01791204884648323 0.09817150235176086 -0.06431927531957626 -0.09661218523979187 0.03352264687418938 -0.006327920593321323 -0.004111256916075945 -0.09236465394496918 -0.08267184346914291 0.06853385269641876 0.10902145504951477 -0.10660247504711151 0.03009919822216034 0.022008726373314857 -0.06358341127634048 -0.08003117144107819 -0.11850697547197342 0.06631433963775635 0.020699860528111458 -0.08327607810497284 0.04422959312796593 -0.07189782708883286 -0.025588734075427055 0.00014795231982134283 -0.024007251486182213 0.017020108178257942 0.020084083080291748 -0.12602154910564423 -0.03462928161025047 -0.008929996751248837 0.03270070627331734 0.0666239932179451 0.05363878235220909 -0.012614150531589985 0.03241170197725296 0.03313155099749565 -0.04086443781852722 -0.03242802247405052 0.06631932407617569 -0.003785252571105957 -0.08158069849014282 -0.028984524309635162 0.06976605206727982 -0.014924355782568455 0.015599040314555168 -0.05647686868906021 0.11743432283401489 0.10747361183166504 -0.0025253614876419306 0.02580709010362625 -0.051874350756406784 -0.07953809946775436 -0.03982262685894966 -0.07576403766870499 0.12443646788597107 0.11631770431995392 -0.10559650510549545 -0.09514450281858444 -0.09658001363277435 0.040943775326013565 -0.02195371687412262 -0.12048210948705673 0.049725331366062164 -0.06919416040182114 -0.10098161548376083 0.04287447780370712 0.1028096079826355 0.09312570840120316 0.05285004526376724 -0.11670241504907608 -0.07834119349718094 -0.07341640442609787 -0.02161993272602558 -0.04448661580681801 -0.043522126972675323 -0.00614574970677495 -0.13279850780963898 -0.05463455617427826 0.002087831497192383 0.03928026184439659 -0.14146512746810913 0.02341867797076702 0.08493164926767349 -0.09439989924430847 0.040489744395017624 -0.03420665115118027 0.10851200670003891 -0.035331640392541885 0.04457426816225052 -0.02986702136695385 -0.061172422021627426 -0.025435607880353928 -0.06611672043800354 -0.07609868049621582 0.0002059627731796354 0.031571000814437866 -0.09985854476690292 -0.09443344175815582 -0.019470345228910446 0.05597761645913124 0.04238860309123993 -0.01758834719657898 -0.058600228279829025 0.08245854824781418 0.01589711382985115 -0.0107052531093359 -0.02808428555727005 -0.05695413053035736 0.07468096911907196 -0.03382289409637451 -0.09921874105930328 0.08778312802314758 -0.06323205679655075 -0.01943531259894371 -0.07350506633520126 0.08316533267498016 0.02391873113811016 -0.04734887555241585 0.08702360093593597 0.08278286457061768 0.0748344287276268 -0.04885804280638695 0.08072899281978607 0.08156805485486984 0.045174214988946915 -0.08655601739883423 -0.07320769876241684 0.09095004945993423 -0.0749833956360817 0.12430425733327866 0.11878423392772675 0.062816321849823 -0.008520112372934818 0.0052877324633300304 -0.004481807816773653 -0.057917479425668716 0.00168290501460433 -0.031220078468322754 -0.06994357705116272 0.07885570824146271 0.13011091947555542 -0.09231986850500107 -0.014109850861132145 -0.05962766334414482 0.13700109720230103 -0.041440390050411224 -0.019485831260681152 -0.09956233203411102 0.03283371403813362 0.1377912014722824 0.17224952578544617 0.03562869504094124 0.1103416159749031 -0.07964658737182617 0.08236157149076462 0.03122691437602043 -0.08827818930149078 0.060553424060344696 -0.032787468284368515 0.104509636759758 0.07449723780155182 0.11398642510175705 -0.07965631037950516 0.05479808524250984 0.06429016590118408 0.056211572140455246 0.10061509162187576 0.10342175513505936 0.07794227451086044 -0.07370845228433609 0.08465120941400528 -0.04129142314195633 0.08850016444921494 0.05623763054609299 0.0800536647439003 -0.056602127850055695 -0.11018642038106918 -0.037538398057222366 -0.000712745706550777 0.06864191591739655 -0.08730071038007736 -0.14255677163600922 -0.05594407394528389 -0.12638936936855316 -0.1140049621462822 0.02610788866877556 -0.07833754271268845 -0.01836414635181427 0.02221345342695713 -0.09979680925607681 -0.06036187335848808 -0.09272561222314835 -0.07128839939832687 -0.06630721688270569 0.09493634104728699 -0.04374416917562485 0.08941072225570679 0.11471721529960632 0.0699024423956871 0.003057868452742696 0.09395115077495575 0.10346002131700516 -0.10956122726202011 0.10262785106897354 0.10968156158924103 0.02349511906504631 -0.1454072743654251 0.048088815063238144 0.03513782098889351 -0.006077594589442015 0.1656070500612259 -0.08178353309631348 -0.05687206611037254 0.06240357458591461 0.06882872432470322 -0.09372726827859879 -0.006982934661209583 -0.05273180827498436 -0.007654197048395872 -0.063588447868824 -0.14119181036949158 0.06526665389537811 -0.1257510632276535 -0.04248253256082535 -0.00020907250291202217 0.05850830674171448 0.09672369062900543 -0.06116734817624092 -0.09053274244070053 0.06394072622060776 -0.13194997608661652 0.07895006984472275 -0.004289641976356506 0.09153802692890167 -0.04387654364109039 0.11336328089237213 0.09427499026060104 -0.10594965517520905 -0.0947420671582222 0.014121649786829948 0.09463071078062057 0.023257119581103325 -0.03245049715042114 0.057999029755592346 -0.09194406867027283 0.015389702282845974 0.08724210411310196 0.07997874915599823 0.00959622859954834 -0.05091499537229538 -0.07476810365915298 -0.036236219108104706 -0.08598533272743225 0.035414308309555054 -0.11667325347661972 -0.0075981770642101765 0.018170805647969246 0.03479372337460518 0.09991405159235 0.05883704870939255 0.08312506228685379 0.040431518107652664 0.05035270377993584 -0.012653147801756859 0.07360182702541351 0.11328092217445374 0.006778173614293337 -0.10054649412631989 -0.0559278167784214 0.05925898998975754 0.006399141158908606 0.10983878374099731 -0.041489262133836746 -0.060145407915115356 -0.09937278926372528 0.10291192680597305 -0.07362435013055801 -0.008130701258778572 -0.06164342537522316 0.07088027894496918 -0.12015552818775177 -0.03820856660604477 0.050390612334012985 -0.09638404846191406 -0.11079367250204086 -0.03761409595608711 -0.08602695167064667 0.04596300423145294 -0.0457783117890358 -0.06384219974279404 -0.10647501796483994 -0.08062192052602768 0.034243423491716385 -0.048806238919496536 0.021795397624373436 0.02651228755712509 0.09519203007221222 0.028683912009000778 0.02243221551179886 -0.03440885990858078 0.054269663989543915 0.11096014827489853 -0.07297666370868683 -0.005778508726507425 0.045429740101099014 -0.10390518605709076 -0.036087676882743835 -7.340258889598772e-05 0.025527920573949814 0.058150339871644974 -0.10432655364274979 -0.035845834761857986 0.03651995211839676 -0.08005625754594803 -0.10952923446893692 0.0009647688129916787 0.0021163125056773424 -0.08465802669525146 -0.007693000603467226 -0.0927564799785614 0.11776487529277802 0.019919492304325104 0.01283842884004116 0.10430824756622314 0.09209784120321274 -0.062403302639722824 -0.019996047019958496 -0.0751861110329628 -0.04800828546285629 0.09680487215518951 -0.025040267035365105 -0.09925372153520584 -0.02004566788673401 -0.03020033799111843 -0.010200545191764832 0.10528870671987534 0.002853882033377886 0.06986355036497116 -0.029535824432969093 -0.017075134441256523 -0.08897876739501953 0.11794249713420868 -0.03243694454431534 -0.1267385482788086 0.03121044673025608 0.017711486667394638 0.013192927464842796 -0.016434641554951668 0.04286929592490196 -0.09676854312419891 -0.014306391589343548 0.037951357662677765 0.058052919805049896 0.02072293683886528 0.02740609459578991 0.11304236948490143 0.12232821434736252 -0.028299687430262566 0.09998870640993118 0.09440358728170395 0.00339534692466259 0.12379790842533112 0.0033571759704500437 -0.0842200517654419 -0.044810567051172256 0.08086210489273071 -0.06518632173538208 0.002110605826601386 -0.032398372888565063 -0.09855794161558151 0.11629632115364075 -0.03704458847641945 -0.033301860094070435 -0.06429579854011536 -0.1005697026848793 0.10006842762231827 -0.052303873002529144 0.03314419463276863 -0.03399795666337013 0.010034204460680485 0.07282988727092743 -0.10190944373607635 -0.05407349392771721 0.078410804271698 0.006539551541209221 0.1122090071439743 -0.048413027077913284 -0.05761837214231491 0.0598137229681015 -0.062331605702638626 0.018499726429581642 -0.02025306038558483 0.13142459094524384 0.08438356220722198 -0.08841467648744583 0.01696416363120079 -0.07946398854255676 0.056998543441295624 -0.04859604686498642 -0.05248662829399109 -0.06062974035739899 -0.06983348727226257 0.14136362075805664 0.08923625200986862 0.11299438774585724 0.06523249298334122 -0.02590625360608101 -0.0938807874917984 0.09566320478916168 -0.09881748259067535 0.05897824093699455 -0.0003146318776998669 -0.08109144121408463 0.057194784283638 -0.02542405016720295 0.026682144030928612 0.11742311716079712 0.03544753044843674 -0.04797277972102165 0.07148243486881256 0.08778394758701324 0.040300026535987854 -0.04465465992689133 -0.058632742613554 0.08861519396305084 0.05430523678660393 0.015311963856220245 -0.08593160659074783 -0.07096509635448456 0.048497479408979416 -0.05289490148425102 -0.06194208189845085 0.10187123715877533 0.06322986632585526 0.017215892672538757 -0.04787248745560646 0.05621110275387764 0.02963390201330185 -0.09582915902137756 0.1250913441181183 0.1206691563129425 -0.04239552468061447 0.1217375323176384 0.09397584199905396 0.08090625703334808 0.08930008858442307 -0.019723892211914062 -0.05452846363186836 -0.0848478376865387 0.04428935423493385 -0.0898352563381195 -0.07217539101839066 -0.08854219317436218 -0.08864571899175644 0.11560512334108353 -0.058933038264513016 -0.05621067434549332 0.02060018852353096 -0.012856349349021912 -0.045413192361593246 -0.001585276098921895 0.04082053154706955 -0.11563542485237122 0.05849900841712952 -0.013971085660159588 0.008810831233859062 0.13379217684268951 0.08439017087221146 0.037733424454927444 -0.1059904471039772 -0.008512135595083237 -0.10220855474472046 -0.014294794760644436 -0.03906097263097763 -0.029634695500135422 0.12402166426181793 0.15239083766937256 -0.05590790510177612 -0.06831199675798416 0.023982763290405273 0.10863196104764938 0.05144930258393288 -0.016169434413313866 0.016462044790387154 0.08804415911436081 0.10097717493772507 0.08470266312360764 -0.08625476062297821 -0.05283958092331886 0.054454781115055084 -0.0814094990491867 0.039631713181734085 0.0624382421374321 -0.10166957229375839 0.06244241073727608 -0.08218806982040405 0.05188271775841713 0.05349326133728027 0.1106104776263237 -0.03828497231006622 0.06544148921966553 -0.073542520403862 -0.11657296866178513 -0.06248022988438606 -0.0847877562046051 -0.004872114397585392 0.10618960857391357 -0.06652451306581497 -0.025560248643159866 -0.05987336486577988 -0.11927361786365509 -0.06028873100876808 0.06326363235712051 0.09635954350233078 0.12148841470479965 -0.03253738209605217 0.003038461320102215 -0.008697752840816975 -0.05156237259507179 -0.11680316925048828 -0.08949660509824753 0.06553687900304794 -0.0072702462784945965 -0.038456548005342484 -0.018557412549853325 -0.12630169093608856 -0.14895181357860565 -0.1255393922328949 0.11334475129842758 -0.026553547009825706 -0.09019847214221954 -0.17679066956043243 0.04234927147626877 0.02419675886631012 0.09428995102643967 0.07310116291046143 -0.044432539492845535 0.08702722191810608 0.18600879609584808 0.16629809141159058 0.161060631275177 0.15683011710643768 0.10948485136032104 -0.030991844832897186 -0.08507151156663895 0.05618632584810257 0.04942278191447258 -0.08217121660709381 -0.04703381657600403 0.021963901817798615 0.03374103084206581 -0.11057805269956589 -0.09903779625892639 0.10659149289131165 -0.0740630030632019 -0.020509157329797745 0.05210290849208832 0.0023273229598999023 -0.10282008349895477 0.03768037632107735 -0.02926534414291382 -0.09319550544023514 0.10775237530469894 -0.008756384253501892 0.018052294850349426 0.002957375952973962 -0.0485832579433918 -0.030876975506544113 -0.06505297869443893 0.08122123032808304 -0.050788603723049164 0.10195295512676239 0.07810737937688828 -0.004197597503662109 0.02592536248266697 -0.04487477242946625 0.06142493337392807 0.12681324779987335 -0.021433601155877113 0.034426406025886536 0.03882445767521858 -0.04928432032465935 -0.1018088236451149 -0.07184622436761856 -0.08895456045866013 0.0030868600588291883 -0.04664122685790062 -0.10974220186471939 0.025231124833226204 -0.04465747997164726 0.05623330920934677 -0.05016350373625755 0.0049766963347792625 0.025576796382665634 -0.0374009869992733 -0.0640941932797432 -0.10203899443149567 0.13656696677207947 0.03038412146270275 -0.10314653813838959 -0.04123904928565025 0.022937003523111343 -0.017430739477276802 -0.06389874964952469 -0.037429291754961014 0.10452715307474136 -0.07729296386241913 -0.11096835136413574 0.10578912496566772 0.10840197652578354 -0.11059804260730743 0.07267623394727707 0.0599355585873127 0.07178247720003128 0.11576896160840988 0.08238295465707779 0.06017809361219406 0.11584943532943726 -0.12175954133272171 0.062033187597990036 -0.07663773745298386 -0.059172987937927246 0.009842468425631523 -0.10344970226287842 0.035974156111478806 -0.09125686436891556 -0.021408753469586372 -0.07903871685266495 -0.06434278935194016 -0.05603385344147682 0.0826646089553833 0.05134265497326851 0.07830392569303513 -0.02660459093749523 0.015393413603305817 0.06501982361078262 0.013555055484175682 -0.037915561348199844 0.008913086727261543 -0.09553036838769913 0.13867181539535522 -0.00904008187353611 0.0414019376039505 0.12787997722625732 0.002836721483618021 0.0992356464266777 0.012888584285974503 -0.06330636143684387 0.11134486645460129 0.10761035233736038 0.03837374225258827 0.055437128990888596 0.14699383080005646 0.06317126750946045 0.11363145709037781 0.016332430765032768 0.13851751387119293 0.14057038724422455 0.1040472611784935 0.04077962040901184 0.10577542334794998 0.0427507720887661 0.03998386487364769 -0.03497534990310669 -0.05949300527572632 0.0325096994638443 -0.06821229308843613 -0.09870371967554092 -0.13855458796024323 -0.0911724790930748 0.0279393270611763 -0.1194073036313057 -0.01557715144008398 -0.08778462558984756 -0.06876993179321289 -0.11073329299688339 -0.013896779157221317 -0.07859595865011215 0.08085233718156815 -0.04598050191998482 0.09202701598405838 0.054290805011987686 0.11599312722682953 0.07735615223646164 -0.11280729621648788 0.021124131977558136 0.008207510225474834 0.07536596804857254 -0.014316870830953121 -0.0045081693679094315 -0.02351246401667595 0.038473788648843765 -0.1002582237124443 -0.023241978138685226 -0.07330279797315598 0.02367500588297844 -0.0909658893942833 -0.0006525103817693889 0.11135172843933105 -0.0553676038980484 -0.11425969004631042 0.058969948440790176 -0.027640294283628464 -0.0109284408390522 -0.0858965665102005 0.033170659095048904 -0.0790620744228363 0.11031178385019302 -0.08100834488868713 0.01612953655421734 -0.0649009570479393 0.08821608126163483 0.04619605466723442 0.01061080489307642 0.1285998523235321 0.11475850641727448 -0.04239171743392944 0.11839306354522705 0.1228213980793953 -0.0804666131734848 0.13842907547950745 -0.017923539504408836 -0.0728299543261528 0.03961572423577309 -0.09422557801008224 0.1250668317079544 0.09053875505924225 0.034113842993974686 0.04470609128475189 0.053141508251428604 0.051835332065820694 -0.0022089777048677206 -0.03379010781645775 -0.06226915121078491 -0.11509484797716141 -0.01960321143269539 0.01660185493528843 -0.13648228347301483 -0.10790809988975525 -0.05005346238613129 0.011786994524300098 -0.013929018750786781 0.06626252084970474 -0.10352649539709091 0.06602901220321655 -0.12057781964540482 0.0609731562435627 -0.12679176032543182 -0.10484553873538971 -0.09548007696866989 -0.12054476141929626 -0.0383932888507843 0.05064419284462929 0.06405238062143326 -0.07317967712879181 -0.07637154310941696 0.015082142315804958 -0.11411190778017044 0.11324185132980347 -0.12458612769842148 0.10497568547725677 -0.030177155509591103 0.027628619223833084 -0.0313110314309597 0.11126869916915894 0.09660003334283829 0.08606407046318054 -0.03448336198925972 0.1423620730638504 0.14660267531871796 0.11960983276367188 -0.06938781589269638 0.07051876187324524 0.10918236523866653 -0.02703045681118965 -0.08105909079313278 -0.052870750427246094 0.0381854772567749 0.11487840861082077 0.01790999434888363 0.061888132244348526 -0.01517788041383028 0.09235440939664841 -0.08686106652021408 -0.04488113895058632 0.03758038952946663 0.054412707686424255 -0.018074342980980873 0.022112015634775162 -0.044800158590078354 -0.11647927761077881 -0.09855981171131134 -0.09070802479982376 -0.047286707907915115 0.030385052785277367 0.0714188888669014 -0.09306709468364716 -0.007738527376204729 0.017140040174126625 -0.08592624217271805 -0.02783798985183239 -0.09948567301034927 -0.032554008066654205 0.10322574526071548 0.06568730622529984 0.009106462821364403 0.04797141253948212 -0.002883289707824588 0.011461611837148666 -0.05079556256532669 0.11238741874694824 0.009251875802874565 -0.0426180437207222 -0.08574424684047699 0.09845180064439774 -0.0047338432632386684 -0.070353202521801 -0.07307865470647812 -0.11703882366418839 -0.07785791903734207 -0.02742818184196949 -0.013264437206089497 -0.0056552826426923275 -0.02733631059527397 -0.018055204302072525 -0.025937244296073914 0.0019658533856272697 0.10924730449914932 -0.04276522621512413 0.046400036662817 -0.04777097702026367 -0.05403357371687889 -0.06638168543577194 0.04553179070353508 -0.0362342894077301 0.05959254130721092 0.026481859385967255 0.0770207941532135 0.10511224716901779 -0.08650649338960648 -0.1070372462272644 0.053408052772283554 0.09056991338729858 -0.029432520270347595 0.09816494584083557 -0.015374887734651566 -0.09625400602817535 -0.01551254466176033 0.05159419775009155 0.13550381362438202 -0.0860922560095787 -0.14614561200141907 0.017544807866215706 -0.032475490123033524 0.051493652164936066 0.14705878496170044 -0.0017631580121815205 0.08288208395242691 0.13177771866321564 0.11693476885557175 -0.00907212309539318 0.09705856442451477 0.002868523821234703 -0.11366613209247589 0.05909537523984909 0.09413053095340729 -0.035715699195861816 0.033515095710754395 -0.06621527671813965 0.09585316479206085 0.04031659662723541 -0.1270684003829956 0.06073367968201637 -0.0010667303577065468 0.06339515745639801 0.11552818864583969 -0.05287420004606247 0.08550965040922165 0.08566772192716599 0.0051204608753323555 -0.081515371799469 0.05143732577562332 0.03333525359630585 0.02309824526309967 -0.1007014662027359 -0.10744451731443405 -0.011995816603302956 0.0193636454641819 0.08038271963596344 0.010212467052042484 -0.058736417442560196 -0.0040664393454790115 0.048004597425460815 -0.11004365980625153 0.04621404781937599 0.09040604531764984 -0.06491638720035553 -0.04207851365208626 -0.039313942193984985 -0.07011733949184418 -0.09166693687438965 -0.10283315181732178 0.08329356461763382 -0.08157483488321304 0.09277516603469849 -0.009723670780658722 -0.14021189510822296 -0.14471304416656494 -0.12884286046028137 -0.11714162677526474 -0.03975597396492958 0.09369102120399475 -0.06333596259355545 -0.03739427402615547 0.07859265059232712 -0.024512022733688354 -0.04436222463846207 -0.08419770747423172 -0.07324668765068054 -0.12181174010038376 -0.010709253139793873 0.013667957857251167 0.10354576259851456 0.01207231730222702 -0.07454811036586761 0.12459278851747513 0.08031705766916275 -0.07490041851997375 0.08426756411790848 -0.019037041813135147 0.1049172580242157 0.1079070195555687 0.07733651995658875 -0.022765489295125008 0.03743503615260124 -0.08731003105640411 0.005397379398345947 0.1110445037484169 -0.10632691532373428 0.016195621341466904 -0.08362562209367752 -0.08968990296125412 -0.010165169835090637 0.06346607953310013 -0.0889405682682991 -0.014673536643385887 -0.06528874486684799 0.10006444901227951 -0.043244823813438416 -0.009922745637595654 0.040053121745586395 -0.10293983668088913 0.01454673707485199 -0.0037760722916573286 0.019226383417844772 0.0056238798424601555 0.09474430233240128 0.13316610455513 -0.06054425984621048 0.034196946769952774 0.004200598690658808 0.019308265298604965 -0.04603855311870575 0.022304782643914223 -0.04416331648826599 0.07722901552915573 0.08059272170066833 0.004420089535415173 -0.0319044291973114 -0.07085587084293365 0.12001506984233856 0.1064365804195404 0.08037559688091278 -0.08683550357818604 0.03295549005270004 -0.10722972452640533 -0.08379186689853668 0.1523205041885376 -0.04295654594898224 0.012434780597686768 -0.018292464315891266 0.08805490285158157 0.05120524764060974 -0.07200329005718231 0.02800643816590309 -0.058343276381492615 0.024837031960487366 -0.02079741284251213 0.03984024003148079 0.08759976178407669 -0.02001328580081463 0.058155521750450134 -0.003397551365196705 0.032223284244537354 0.03924248740077019 0.05129561945796013 0.00814567506313324 0.028628554195165634 -0.03600234538316727 -0.07445332407951355 -0.10434965789318085 0.03231556713581085 0.10643534362316132 0.11903347074985504 0.021871061995625496 0.1023034080862999 0.07571077346801758 -0.11955232918262482 0.03694669157266617 0.12983450293540955 0.1065400019288063 0.1314239352941513 0.10238372534513474 0.07767769694328308 -0.10765662789344788 0.02220079116523266 0.06452814489603043 -0.016732344403862953 -0.016513219103217125 0.024345621466636658 0.09965042769908905 -0.10389955341815948 -0.04613765329122543 -0.0677882507443428 -0.018645744770765305 -0.0570249930024147 -0.11115401238203049 -0.029848305508494377 0.03915223106741905 -0.08524806797504425 0.08637354522943497 -0.04519227519631386 0.013429949060082436 0.016417618840932846 -0.030940426513552666 0.030539730563759804 0.017611423507332802 -0.026559870690107346 -0.06479591131210327 -0.11731956154108047 0.04803013056516647 -0.15780335664749146 0.10061296075582504 -0.050636641681194305 -0.013620654121041298 0.03824983164668083 0.10589227080345154 0.08093319833278656 -0.026239318773150444 0.10140762478113174 0.06781657040119171 -0.06059213727712631 0.09792497009038925 0.05418248474597931 -0.06859475374221802 -0.015525471419095993 0.10273455828428268 0.07645723223686218 -0.005878277588635683 -0.07003805041313171 -0.03816140815615654 0.12091611325740814 0.08888976275920868 0.001953407656401396 0.06281101703643799 0.1098281517624855 -0.04783362150192261 -0.0018218535697087646 -0.058958567678928375 0.11308339983224869 0.05381743237376213 0.0775974690914154 -0.10181808471679688 0.05507730320096016 0.01291760802268982 0.05312754213809967 0.053504448384046555 -0.021514544263482094 -0.028473401442170143 -0.09899754077196121 0.04630950465798378 -0.10563784092664719 0.02781054377555847 -0.014268886297941208 -0.004087921231985092 0.008932899683713913 0.08312493562698364 -0.10639524459838867 -0.012121142819523811 0.09236349165439606 0.11379097402095795 0.07333783805370331 -0.10910866409540176 -0.0459640733897686 0.04135027527809143 0.07572702318429947 0.09486415982246399 -0.022632407024502754 -0.07664785534143448 -0.029754363000392914 -0.09140364825725555 -0.07168447971343994 0.007850891910493374 0.10284830629825592 -0.09458182007074356 -0.1418682038784027 0.028207620605826378 0.13284409046173096 0.1333591341972351 0.06491683423519135 0.07071620970964432 -0.1470615118741989 0.020296068862080574 0.08815924823284149 -0.05279311165213585 0.14956244826316833 0.03840959444642067 0.10424067080020905 0.03480973094701767 0.11680512875318527 0.12809433043003082 -0.01011701487004757 -0.05073484033346176 -0.076116181910038 -0.0671095922589302 0.07278434932231903 0.049471549689769745 0.01624692603945732 0.06711599230766296 -0.042076513171195984 0.07109430432319641 -0.10403715819120407 0.01052095927298069 -0.04689493775367737 -0.04042434319853783 -0.04099487513303757 0.050674691796302795 0.023232106119394302 0.08767136186361313 0.051821280270814896 0.0778612270951271 -0.08245982229709625 -0.016138900071382523 -0.017851142212748528 -0.09973285347223282 -0.11211548745632172 -0.0765787661075592 -0.08142697811126709 0.0018973886035382748 0.08761816471815109 0.050850797444581985 0.0973428413271904 0.02178717590868473 -0.11183913797140121 -0.041365206241607666 -0.050946980714797974 -0.0264227706938982 -0.10487031191587448 -0.030447183176875114 0.09350908547639847 -0.008484835736453533 -0.0669555515050888 0.07684261351823807 -0.09676408767700195 -0.12684397399425507 0.09710121154785156 -0.11669283360242844 -0.021546009927988052 0.02408289536833763 0.07850143313407898 0.1463824212551117 0.13612070679664612 0.05982879549264908 0.08703191578388214 -0.015473175793886185 0.029793454334139824 -0.03903640806674957 -0.06301433593034744 -0.09111729264259338 0.09151650965213776 -0.020135032013058662 -0.08184736222028732 -0.0530572347342968 -0.13574537634849548 -0.0006494307308457792 -0.016861846670508385 0.1014532670378685 0.0521547757089138 -0.0810428336262703 -0.0980619490146637 -0.014599336311221123 -0.07966141402721405 0.04237081855535507 -0.05174337327480316 -0.1089552566409111 0.12426799535751343 -0.08810478448867798 -0.039809320122003555 -0.09942953288555145 0.04663124680519104 0.08590293675661087 -0.1178814247250557 0.11377383023500443 0.10461278259754181 -0.029993852600455284 0.02227048948407173 -0.027428794652223587 -0.06353281438350677 0.10496631264686584 0.10613664239645004 0.03943582624197006 0.12754154205322266 0.1348249465227127 0.069734588265419 -0.019563501700758934 -0.04389401525259018 0.15773385763168335 -0.05740948021411896 -0.04406440258026123 0.03611168637871742 0.039563994854688644 0.0808618813753128 0.05071379244327545 -0.07356812059879303 0.06198492273688316 -0.000865569687448442 -0.06992398947477341 0.03952470421791077 -0.06803452223539352 0.07810626924037933 0.09468862414360046 0.043623995035886765 0.0017793991137295961 -0.127387136220932 0.05098194256424904 -0.04179968684911728 0.024106934666633606 0.13796760141849518 -0.03107680380344391 -0.07247736304998398 -0.08811360597610474 -0.006076468154788017 -0.004724555648863316 -0.11737029999494553 -0.06753338128328323 -0.09642849117517471 -0.00932074710726738 0.003822082420811057 -0.019835909828543663 -0.11335756629705429 0.005729631055146456 -0.015706179663538933 -0.0855717808008194 0.09084291756153107 0.10019484162330627 0.07688973098993301 -0.012278405949473381 -0.07774768769741058 0.021372273564338684 -0.09003996849060059 -0.05753641575574875 -0.10071253776550293 0.09270136058330536 0.04170482978224754 0.02729172073304653 -0.08636819571256638 -0.014075232669711113 0.07118460536003113 -0.07407747954130173 0.12286361306905746 0.05719242990016937 -0.08965103328227997 -0.02818487025797367 -0.027927417308092117 -0.0356418713927269 0.137833833694458 0.12320871651172638 0.12882664799690247 0.053162988275289536 0.008205240592360497 -0.024152971804142 0.03468119725584984 -0.045733481645584106 0.09339667856693268 -0.04787071794271469 -0.06504767388105392 0.012686769478023052 -0.03554024547338486 0.11144734174013138 -0.07837354391813278 -0.01629604585468769 -0.054432742297649384 -0.04799573868513107 -0.06830531358718872 0.14264966547489166 0.05733056738972664 0.11889991909265518 -0.06713312864303589 0.024698233231902122 0.08834709972143173 0.0034826695919036865 0.06523758172988892 0.09135521203279495 -0.014968518167734146 0.12465858459472656 -0.07209576666355133 0.02025257796049118 0.08020703494548798 0.07959311455488205 -0.0008823560201562941 0.14569441974163055 0.001982861664146185 0.048216260969638824 -0.06249714270234108 0.005419113207608461 0.026700453832745552 -0.07429081201553345 0.02763999067246914 -0.04574310779571533 0.08361274003982544 0.10814183205366135 0.13403812050819397 0.06782814115285873 0.03766242414712906 0.07253073900938034 -0.1138443872332573 0.11614768952131271 -0.05896885320544243 -0.051430318504571915 -0.018891405314207077 -0.0637294352054596 0.04689241200685501 0.04794832319021225 -0.06880754977464676 -0.03659383952617645 0.0751887634396553 0.006596124265342951 -0.05780968442559242 -0.116475909948349 -0.025424610823392868 -0.0480215810239315 -0.11757853627204895 -0.09317722171545029 -0.10607373714447021 -0.05169082060456276 0.11318622529506683 -0.03150295838713646 -0.06244455277919769 0.019580509513616562 0.07644516974687576 0.01240861788392067 -0.0625976100564003 -0.017047949135303497 0.006334519013762474 0.11500152945518494 0.040543150156736374 0.021296901628375053 0.12978988885879517 0.024697784334421158 -0.09590692818164825 -0.09934841096401215 -0.10047156363725662 -0.1231880784034729 0.03688037768006325 0.04605542868375778 -0.07333239912986755 -0.05049477890133858 -0.08954370021820068 -0.028126394376158714 0.05173930525779724 -0.11177454143762589 -0.08133845031261444 -0.07030113786458969 -0.026335986331105232 0.016265137121081352 -0.03017374314367771 0.09161102026700974 -0.08148841559886932 0.07935552299022675 -0.06872488558292389 0.07020769268274307 -0.050732459872961044 -0.07571758329868317 0.12624551355838776 0.0021067773923277855 -0.08763318508863449 0.07115381956100464 0.09606704860925674 -0.1143084317445755 0.06345567852258682 -0.045127399265766144 0.08740328252315521 0.0453745499253273 -0.08047478646039963 0.09983324259519577 0.11339300870895386 0.10796616971492767 -0.006830581929534674 -0.08225388824939728 0.0829053670167923 -0.04618014395236969 -0.0896315947175026 0.0714368000626564 0.1161707267165184 -0.1016189306974411 0.0938308984041214 0.11228744685649872 -0.07372014969587326 -0.11858784407377243 0.12448839098215103 0.03901255130767822 -0.06161653995513916 0.11147300153970718 0.12493198364973068 -0.07832147926092148 -0.112362802028656 -0.06218805909156799 -0.030403662472963333 0.1185697615146637 0.05581795051693916 -0.10558153688907623 -0.12134372442960739 -0.14313001930713654 -0.1391088366508484 -0.03832726180553436 -0.07861972600221634 0.05899475887417793 -0.12053244560956955 -0.11891978979110718 0.10868576914072037 -0.05947009101510048 0.11844978481531143 -0.0229380764067173 -0.12396185845136642 -0.015528138726949692 0.07530496269464493 0.06742636859416962 0.042462144047021866 0.07887525111436844 -0.022425565868616104 -0.01216836180537939 0.14616656303405762 0.05271061882376671 -0.0006472043460235 0.06689447164535522 -0.08657564222812653 0.10811237245798111 -0.005548124201595783 -0.034650325775146484 -0.010462131351232529 0.05216989666223526 0.08662807941436768 -0.01817784458398819 -0.05019015073776245 -0.07288260012865067 0.04272639378905296 0.029338307678699493 0.011498761363327503 0.015360195189714432 -0.07015242427587509 0.06016461178660393 -0.03216416761279106 -0.040987711399793625 0.01892668753862381 -0.033097874373197556 0.10505100339651108 -0.06003715470433235 0.1109410896897316 0.10745926946401596 -0.12644976377487183 -0.0505082905292511 -0.00944745447486639 0.0467575266957283 -0.08889744430780411 -0.0989043340086937 0.06192434951663017 -0.10152255743741989 -0.009832019917666912 -0.02121668867766857 0.08560735732316971 -0.09043063968420029 0.03399956598877907 -0.027128243818879128 0.05095229670405388 0.08235350251197815 0.14413753151893616 -0.04398493096232414 0.11028744280338287 0.18361470103263855 -0.005494085606187582 0.11386502534151077 0.04937927797436714 -0.09767623990774155 0.09227778762578964 0.13621549308300018 -0.05606186389923096 0.10938075929880142 -0.11586979776620865 -0.019828414544463158 -0.09955988824367523 -0.13199014961719513 -0.1587807685136795 0.06157108396291733 -0.10316424816846848 -0.09958266466856003 -0.04358764365315437 0.14420466125011444 -0.0791766569018364 -0.016571762040257454 0.12431765347719193 0.13119924068450928 0.09981025010347366 -0.08645785599946976 -0.05836627632379532 0.036494817584753036 0.08192068338394165 0.050332602113485336 0.015842098742723465 -0.08559149503707886 -0.0896022617816925 0.10281068086624146 0.07728536427021027 0.0149900633841753 0.09035181254148483 -0.08672397583723068 0.015461919829249382 -0.09079616516828537 -0.07395698130130768 0.14164453744888306 0.017474094405770302 -0.07673052698373795 0.10575257986783981 -0.0677298977971077 -0.10403932631015778 0.007937479764223099 -0.0702495202422142 0.01417342759668827 -0.06825222074985504 -0.10074674338102341 -0.07907705754041672 0.029957013204693794 -0.12992790341377258 -0.05414986237883568 0.05923773720860481 0.08066052198410034 -0.11952603608369827 -0.0083813751116395 -0.09977332502603531 0.11263179779052734 0.12652011215686798 0.0933501347899437 -0.059819113463163376 -0.05085001513361931 0.017809705808758736 -0.09720619022846222 -0.02186042256653309 0.025479137897491455 0.05730563402175903 0.11656062304973602 -0.041445713490247726 -0.012143261730670929 -0.034184880554676056 -0.07123821973800659 0.013388228602707386 -0.037922848016023636 0.0210452601313591 -0.021384861320257187 0.018301842734217644 -0.1030636802315712 -0.03986427187919617 -0.011587545275688171 0.02708086557686329 0.07117391377687454 0.049233850091695786 0.028307873755693436 0.033353306353092194 -0.005501464009284973 -0.06876841187477112 0.013724302873015404 0.02020750753581524 -0.09765791893005371 0.06496086716651917 0.06056685000658035 0.024121778085827827 -0.04753663390874863 -0.027934197336435318 -0.02676464430987835 -0.1282070279121399 -0.10989287495613098 -0.08037472516298294 0.010869795456528664 -0.04815579205751419 -0.028231490403413773 -0.022445963695645332 0.12055008858442307 0.06584735214710236 0.012142282910645008 -0.06336300075054169 0.06432943791151047 0.01684427075088024 0.05279259383678436 0.046561840921640396 -0.04057813808321953 -0.05506042018532753 -0.03491835668683052 0.05965779349207878 -0.013772934675216675 -0.027721509337425232 -0.0785486251115799 -0.11383438855409622 0.052723176777362823 -0.07507303357124329 0.13736744225025177 0.03125624358654022 0.023512832820415497 -0.09182148426771164 -0.05435967817902565 -0.04205251485109329 0.003802074585109949 0.1557435393333435 0.012246680445969105 0.03102078288793564 -0.014424413442611694 0.0454566515982151 -0.11778374016284943 -0.046149276196956635 0.14430691301822662 0.11297379434108734 0.12304521352052689 -0.07193319499492645 0.10224827378988266 -0.062403514981269836 0.04905719310045242 0.02843954786658287 0.04435097426176071 0.04437465965747833 -0.05008519068360329 -0.079656220972538 0.06858386844396591 -0.018592173233628273 -0.01387047115713358 0.007329384330660105 0.08152000606060028 -0.060604028403759 0.02515603043138981 -0.06838448345661163 0.09285764396190643 0.010033036582171917 0.015851974487304688 0.0712660625576973 -0.005332475528120995 -0.016418911516666412 0.024441100656986237 0.03181462362408638 0.01860100030899048 -0.02901357226073742 0.027849335223436356 0.07833907008171082 -0.07512732595205307 0.09126784652471542 -0.12541654706001282 0.016431594267487526 -0.05883131921291351 -0.021914444863796234 -0.07799557596445084 0.02816707082092762 -0.04323946684598923 -0.036377303302288055 0.02915273606777191 -0.10370030999183655 0.06644303351640701 0.031820960342884064 -0.0777614414691925 0.02046646550297737 -0.12541092932224274 -0.05111955478787422 0.12925909459590912 0.10452782362699509 -0.04394710808992386 0.06538983434438705 0.017956620082259178 -0.1565646380186081 -0.15608985722064972 -0.0931866317987442 -0.11425621807575226 0.12791991233825684 0.029794855043292046 -0.09161945432424545 -0.06710215657949448 0.028076916933059692 0.10701574385166168 0.014743664301931858 0.021683992817997932 0.1130879819393158 0.14408349990844727 -0.037201832979917526 -0.04347237944602966 -0.061668943613767624 0.00768921198323369 0.14946357905864716 0.01563601940870285 0.04055197536945343 -0.06364721804857254 -0.10540211200714111 -0.09105794131755829 0.07398981600999832 0.02987908013164997 0.022438064217567444 0.06393411755561829 -0.05391717329621315 0.0250038243830204 -0.11361934244632721 0.005282160826027393 0.0874108225107193 -0.06852669268846512 -0.047265682369470596 0.024478424340486526 -0.0342145673930645 -0.0009380101691931486 0.106967493891716 -0.03621531277894974 -0.010218526236712933 -0.09360889345407486 0.027295690029859543 0.07665204256772995 -0.08828850090503693 -0.027667615562677383 -0.09499477595090866 0.04298924654722214 -0.07331506162881851 0.03817475214600563 -0.058579232543706894 0.03223619982600212 -0.08152879774570465 0.037169504910707474 0.08945554494857788 0.09919238835573196 -0.07090440392494202 -0.10164845734834671 -0.021664340049028397 -0.06769814342260361 -0.08757282793521881 -0.13136060535907745 -0.15296714007854462 -0.016048423945903778 -0.02750268019735813 0.03567959740757942 -0.12143435329198837 -0.02866789698600769 0.0017187068006023765 0.09455570578575134 0.046848468482494354 -0.1253247857093811 -0.05833323672413826 0.023013174533843994 -0.07507138699293137 0.09457963705062866 0.017918692901730537 0.0918542891740799 0.0790339857339859 0.11502423137426376 -0.02550211362540722 -0.05210130661725998 0.026567818596959114 0.11601781845092773 0.0561678521335125 0.00552374916151166 -0.10917346924543381 -0.07006744295358658 0.047705959528684616 0.07520351558923721 0.05590974539518356 0.08758030086755753 0.0753248929977417 0.08576024323701859 0.10648449510335922 -0.11634598672389984 0.08011970669031143 -0.06514906138181686 0.09357284009456635 0.043483588844537735 -0.034595753997564316 0.030668053776025772 -0.07508286833763123 -0.13592839241027832 -0.00409065093845129 0.058145713061094284 -0.0951475128531456 0.023628246039152145 -0.004975098185241222 -0.1196974366903305 -0.015939291566610336 -0.10663140565156937 0.03479640185832977 -0.080782949924469 0.014115817844867706 -0.019956162199378014 -0.10989578068256378 -0.08254650980234146 -0.10349439084529877 -0.03758715093135834 -0.003645871998742223 -0.031105995178222656 0.0479506216943264 0.06061027944087982 -0.006706974934786558 0.0044222017750144005 0.12667235732078552 0.05450407788157463 0.11401201039552689 0.027535978704690933 0.027428535744547844 -0.08187241852283478 0.11672332137823105 -0.010481145232915878 0.03681141883134842 -0.09338829666376114 -0.10310240834951401 0.07788053154945374 0.007982647977769375 0.025062330067157745 0.04583566635847092 -0.0430748425424099 0.015410296618938446 -0.08304514735937119 -0.08014711737632751 -0.01321788877248764 0.0401601679623127 0.021965771913528442 0.0027577276341617107 0.09540679305791855 0.02443685196340084 -0.057289257645606995 -0.013823343440890312 0.13047505915164948 0.13688646256923676 0.04659328609704971 0.11702550202608109 -0.09514984488487244 -0.110689178109169 0.11894216388463974 0.017565906047821045 -0.09808915853500366 0.026966823264956474 -0.033513233065605164 -0.01264156959950924 -0.07992102950811386 0.022211723029613495 0.09205493330955505 0.09480390697717667 -0.05578233301639557 -0.12080936133861542 -0.05730212852358818 0.06551554054021835 0.036032553762197495 -0.06053750962018967 -0.042463887482881546 0.10290040820837021 -0.11453282833099365 -0.07627829164266586 0.06935451924800873 0.016349077224731445 -0.0764012411236763 -0.018300402909517288 -0.09620485454797745 0.010993614792823792 -0.11910153180360794 0.07186215370893478 0.14407043159008026 0.14832505583763123 0.07298485934734344 -0.029686104506254196 -0.09964408725500107 0.05312957614660263 0.1233227476477623 0.01644275151193142 0.17346081137657166 0.010227414779365063 0.12954778969287872 0.05379674583673477 0.03828509524464607 -0.059766821563243866 0.07652711868286133 -0.004783838987350464 0.0027747107669711113 0.077759750187397 0.08681440353393555 0.10760604590177536 0.011484980583190918 -0.05191297456622124 -0.10500404983758926 -0.06438837200403214 -0.03823984041810036 -0.002470938954502344 -0.06907100975513458 -0.08421596139669418 -0.10127990692853928 -0.003878854913637042 0.09476113319396973 0.020129241049289703 -0.07529537379741669 -0.07336561381816864 -0.0213607307523489 -0.015258917585015297 0.004441025201231241 0.09980232268571854 0.05569623410701752 -0.01386603806167841 -0.10086377710103989 0.13680534064769745 0.07848251610994339 0.04420078918337822 -0.02120746672153473 -0.11322739720344543 -0.0865834429860115 0.07793036848306656 -0.023865649476647377 0.010343469679355621 0.024688178673386574 0.11465896666049957 -0.0740877240896225 0.04176608473062515 0.04398398473858833 0.0020245625637471676 0.019570782780647278 -0.04922131076455116 0.026148268952965736 -0.030822832137346268 -0.04021512717008591 0.03493207320570946 -0.05117635801434517 -0.10418074578046799 0.011020221747457981 -0.053585123270750046 -0.02464565634727478 0.042076438665390015 -0.1625957190990448 -0.09890341758728027 0.14843939244747162 0.0056057157926261425 0.022668281570076942 0.06985218077898026 0.1345478892326355 0.0476175881922245 0.00161657202988863 -0.10200897604227066 0.10257858783006668 0.05210185796022415 0.11376167088747025 -0.022123854607343674 -0.10106426477432251 0.019036846235394478 -0.09171207249164581 0.0874357596039772 -0.03507957607507706 -0.08605429530143738 0.002678198739886284 -0.08273069560527802 -0.0295347161591053 -0.0026075528003275394 0.039537303149700165 -0.13767103850841522 -0.033312153071165085 -0.00015215514576993883 -0.06823159009218216 0.024832742288708687 -0.040389660745859146 -0.11549261212348938 -0.09974163770675659 -0.05918038636445999 -0.13056668639183044 0.018318243324756622 0.0040794480592012405 -0.09065781533718109 -0.045584868639707565 -0.09787488728761673 0.08343683928251266 0.06565631926059723 0.056984126567840576 -0.08576390147209167 0.01721598580479622 -0.06803907454013824 0.10319768637418747 -0.04218780994415283 0.0732659101486206 -0.08151714503765106 -0.1296786516904831 0.02428668923676014 -0.07704629004001617 0.06626900285482407 0.03946635499596596 -0.07557643949985504 0.031731124967336655 -0.0928812250494957 0.06681881099939346 0.10156877338886261 -0.08892901986837387 0.007844645529985428 0.06179013475775719 -0.05920293182134628 0.011813350021839142 0.05294680967926979 -0.04957117885351181 -0.07221059501171112 -0.139165997505188 -0.08545368164777756 -0.08192992955446243 -0.0994599238038063 -0.002881160704419017 -0.04116956889629364 -0.0810139924287796 -0.04066244885325432 -0.06894832104444504 -0.1097089871764183 -0.1095207929611206 0.026205962523818016 0.0557626374065876 0.02128787338733673 0.11482629179954529 0.0862833559513092 0.01994842290878296 -0.09420425444841385 -0.06543038785457611 -0.05302000790834427 0.045625269412994385 -0.11603482812643051 0.0024763653054833412 0.09743299335241318 -0.11331827938556671 0.049709152430295944 0.05812297388911247 0.01931118406355381 -0.04258357360959053 -0.10873956978321075 0.06342203915119171 -0.07427561283111572 0.10084763169288635 0.057017672806978226 0.010313993319869041 -0.0807485431432724 -0.05340079590678215 0.07604004442691803 -0.024404030293226242 -0.04436260461807251 -0.07244661450386047 -0.03085264377295971 -0.054435212165117264 -0.05285775288939476 0.05286312475800514 0.01668086089193821 0.11005087196826935 0.0004475755267776549 -0.057918038219213486 -0.04525401443243027 -0.10488562285900116 0.03698558732867241 0.04113374277949333 0.01045733131468296 0.1172887459397316 0.025045674294233322 -0.009631014429032803 0.08040798455476761 0.04097968339920044 0.07057001441717148 0.11088186502456665 0.11638718098402023 -5.655469431076199e-05 -0.09369584918022156 0.0729389488697052 -0.04103813320398331 -0.08749557286500931 -0.10909833759069443 -0.10337173193693161 -0.1470736265182495 -0.10243882238864899 -0.10460077971220016 -0.11827479302883148 0.043767351657152176 0.0074209184385836124 -0.07029423862695694 0.03337044641375542 0.10082995146512985 -0.06285815685987473 0.0802028551697731 0.03903543949127197 0.10857407748699188 -0.014754250645637512 -0.05546516180038452 -0.04060383513569832 0.027764178812503815 -0.013800402171909809 0.07639767974615097 -0.048331186175346375 -0.023203568533062935 0.053323693573474884 -0.07118366658687592 -0.06008791923522949 0.011384546756744385 0.036097899079322815 0.09776975214481354 -0.03722093626856804 0.0007960787625052035 0.04619410261511803 0.08340851962566376 -0.014373856596648693 0.06350138038396835 -0.08347073942422867 -0.11590095609426498 -0.03888922557234764 -0.11121007800102234 0.13359317183494568 0.10796718299388885 0.05684465542435646 0.030370283871889114 0.04926345869898796 -0.05891725793480873 -0.09356972575187683 -0.06841865926980972 0.08563656359910965 -0.010773674584925175 -0.070775106549263 -0.09372296184301376 0.04438535496592522 -0.11092755198478699 -0.08772633224725723 -0.08485808968544006 -0.02999987080693245 0.09162812680006027 -0.14800849556922913 0.05581437796354294 -0.04071641340851784 -0.06100158765912056 -0.11912965774536133 -0.13832223415374756 -0.0063788918778300285 -0.07785975188016891 0.09946277737617493 -0.018918439745903015 0.0757218524813652 -0.04522698000073433 0.03383071348071098 -0.06382142007350922 0.011303785257041454 0.0816098153591156 -0.09672564268112183 -0.0803932175040245 -0.026086222380399704 0.004430507775396109 0.029339926317334175 0.12137918174266815 0.011560535058379173 0.006435186602175236 0.08104297518730164 -0.046934325248003006 0.06450328230857849 -0.01389359775930643 -0.06559152156114578 0.03908536955714226 0.08620874583721161 0.04662347957491875 0.052864644676446915 -0.08703786134719849 0.019441628828644753 -0.07085390388965607 -0.07926438748836517 0.075710229575634 0.023375529795885086 0.04543161764740944 -0.017445717006921768 0.01974678598344326 -0.032330241054296494 0.0020468856673687696 0.1393924504518509 -0.05762664973735809 -0.009172195568680763 -0.041567906737327576 -0.0367460735142231 -0.05822780355811119 0.017524439841508865 0.006982971914112568 -0.07882563024759293 0.02802777849137783 -0.08767785876989365 0.06095731258392334 0.06455307453870773 -0.07226312160491943 -0.02292567864060402 0.004760191775858402 0.011578576639294624 -0.06661944091320038 0.006698956247419119 -0.07778827846050262 -0.10584910213947296 0.09130395203828812 0.08090785890817642 0.01852138713002205 0.09938260167837143 -0.1161213219165802 0.08140888065099716 0.029775887727737427 0.006816491484642029 -0.07032038271427155 -0.10912495106458664 -0.10141705721616745 0.019570881500840187 -0.04289362579584122 0.12223688513040543 0.07947324961423874 0.06399321556091309 -0.06575796008110046 -0.012393137440085411 0.07210921496152878 0.015740346163511276 0.09667342156171799 -0.0770682692527771 0.01008590217679739 0.07609836757183075 -0.09689218550920486 0.09414982050657272 -0.09499382227659225 -0.09651048481464386 -0.004950406029820442 0.0756881907582283 0.11932262778282166 -0.05212647095322609 0.037252653390169144 0.06422311812639236 0.003396867774426937 0.12520502507686615 -0.09383659809827805 -0.085287906229496 0.044501036405563354 -0.032524581998586655 -0.03153738006949425 0.13455386459827423 0.07187435030937195 0.09168022125959396 0.11282534152269363 0.06947208195924759 -0.05533091723918915 -0.07759743183851242 0.08514674752950668 -0.008066404610872269 -0.030983993783593178 0.04679402336478233 -0.08182825893163681 -0.013880656100809574 0.006776965688914061 0.05332424119114876 -0.07368071377277374 0.11406796425580978 -0.09197714924812317 -0.0656389370560646 -0.11220291256904602 0.01956724189221859 0.03915942460298538 -0.021244939416646957 -0.03697657957673073 -0.05971229448914528 -0.08394986391067505 0.018219128251075745 0.031728971749544144 0.013284152373671532 0.11598590761423111 -0.05149185657501221 -0.021928735077381134 -0.05092034861445427 0.047793492674827576 -0.027486160397529602 -0.10719042271375656 0.05816488713026047 -0.12134888768196106 0.02024875022470951 0.051083359867334366 0.07354611158370972 0.09103625267744064 0.020367370918393135 -0.1112210750579834 0.0995166227221489 -0.028844783082604408 -0.021663283929228783 0.05369831249117851 0.02403567172586918 -0.06022271513938904 0.11414121091365814 -0.0575554184615612 0.08755872398614883 -0.07158521562814713 -0.005622871220111847 -0.06489384919404984 0.031656160950660706 0.0012600221671164036 0.0775022804737091 -0.033366262912750244 0.06657813489437103 -0.042568985372781754 0.11983705312013626 -0.054748136550188065 -0.05657330900430679 -0.07995805889368057 -0.042955610901117325 -0.017265809699892998 -0.026731299236416817 -0.049727119505405426 -0.0951877012848854 0.11635707318782806 -0.025027982890605927 0.028411472216248512 -0.0017033234471455216 0.04932985082268715 0.09795413911342621 -0.09886196255683899 0.09545151144266129 0.027988364920020103 0.027552278712391853 0.041978757828474045 -0.003535236930474639 -0.0629713386297226 0.06450164318084717 0.1117725670337677 -0.015594428405165672 0.1102932021021843 -0.16017532348632812 -0.009528229013085365 0.057313594967126846 -0.03932840749621391 -0.09204567968845367 0.11028232425451279 0.1166464164853096 -0.07289662212133408 -0.06414635479450226 0.007396084256470203 0.1416902244091034 -0.07495170086622238 0.0526740662753582 0.017077110707759857 -0.04378395900130272 0.030740974470973015 -0.09653585404157639 0.03855414688587189 -0.023210082203149796 0.032552480697631836 0.034914594143629074 0.004640316590666771 0.02258557826280594 -0.1051776260137558 0.08535695821046829 0.03467526659369469 -0.10964374989271164 -0.0023286454379558563 -0.03557918593287468 -0.09302816540002823 0.002816649852320552 -0.018791943788528442 -0.09813013672828674 -0.12654849886894226 -0.11236276477575302 0.10474776476621628 0.0723663941025734 0.021644501015543938 -0.10124998539686203 0.10424105077981949 0.10145844519138336 0.08613134175539017 0.07588433474302292 -0.06515350192785263 -0.10377462953329086 -0.08533822000026703 -0.056941427290439606 -0.10779424011707306 -0.017773838713765144 0.040148645639419556 -0.0962313562631607 -0.1100936010479927 0.016159946098923683 0.0054961908608675 -0.07341846078634262 0.018926117569208145 -0.07166610658168793 0.13424240052700043 0.006135246250778437 -0.0075357151217758656 0.09590008854866028 0.1269732117652893 0.1623230278491974 0.16307225823402405 0.0920569971203804 -0.05982977896928787 0.056944381445646286 -0.042175669223070145 -0.12217813730239868 0.06959053128957748 0.05928108096122742 -0.055856943130493164 -0.07578615844249725 -0.08008085936307907 -0.11439044028520584 0.0851430892944336 -0.02484128065407276 0.07330774515867233 0.0315391905605793 0.023545008152723312 -0.01348938699811697 -0.04352462291717529 0.06641267240047455 0.027798093855381012 0.004822245799005032 0.06008267030119896 -0.07180675864219666 0.05694471299648285 -0.10131658613681793 -0.003776972647756338 -0.10056306421756744 0.01242897566407919 0.0480535514652729 0.031150685623288155 0.04005071148276329 0.1283782422542572 0.10802960395812988 -0.09656553715467453 -0.11627443134784698 0.12322826683521271 0.039015285670757294 0.10410464555025101 -0.032259732484817505 0.11061418056488037 0.06298079341650009 0.11507933586835861 0.06365581601858139 0.028515655547380447 -0.08551255613565445 0.012924796901643276 0.03679390996694565 -0.06146858260035515 -0.10139282792806625 -0.10593593120574951 -0.021790938451886177 0.10507258772850037 0.06099124252796173 -0.005221094004809856 0.058907028287649155 -0.09865220636129379 0.029489153996109962 -0.06068647652864456 0.018992746248841286 0.0343097522854805 0.037249911576509476 -0.1030048131942749 0.026288283988833427 -0.11169400811195374 0.04372607171535492 0.11927996575832367 0.06424617767333984 -0.07585305720567703 -0.08575309067964554 0.010259335860610008 -0.010193721391260624 0.09027491509914398 -0.0388936847448349 0.04189707338809967 -0.043208710849285126 0.08784371614456177 -0.054343704134225845 -0.09345138072967529 0.03732264041900635 -0.008968457579612732 0.03271733969449997 -0.024174945428967476 -0.009303439408540726 0.060029469430446625 -0.036602213978767395 0.026335451751947403 -0.05024579539895058 -0.09339926391839981 0.09805578738451004 -0.1253424733877182 0.08026904612779617 -0.0318664126098156 0.041875142604112625 -0.029007257893681526 -0.13004522025585175 -0.04080736264586449 -0.00023844819224905223 -0.031120186671614647 -0.12712296843528748 -0.060843322426080704 0.02025388553738594 0.061395011842250824 0.10387784242630005 0.013145850971341133 0.07810883969068527 0.04545837268233299 -0.008106815628707409 0.07212456315755844 -0.062178339809179306 -0.08122462779283524 -0.06903975456953049 -0.062229856848716736 -0.05606810748577118 -0.11777448654174805 0.039961233735084534 -0.004656321834772825 -0.0007731844088993967 0.12084433436393738 0.07764851301908493 -0.06627263128757477 -0.09654112905263901 0.020844275131821632 -0.09675140678882599 0.005177238490432501 -0.014632157981395721 -0.08748840540647507 0.12581175565719604 0.06536344438791275 0.018548885360360146 -0.009256158024072647 0.13085593283176422 -0.1264761984348297 -0.0833188071846962 0.049475088715553284 0.04626024514436722 0.07378233969211578 0.1151505708694458 -0.10597726702690125 0.010879136621952057 -0.07734104990959167 -0.09099814295768738 0.10490758717060089 0.12611137330532074 0.0463515967130661 0.13860026001930237 -0.09593040496110916 0.039856746792793274 -0.12269743531942368 0.09076103568077087 0.03210092708468437 0.07496670633554459 0.012883872725069523 -0.015228345058858395 0.053217820823192596 -0.02803165279328823 -0.02062777243554592 0.04332822188735008 -0.03207361698150635 -0.08850881457328796 0.013876168988645077 -0.12179489433765411 0.055050481110811234 -0.10583845525979996 -0.08768162131309509 -0.1033213660120964 -0.003501542378216982 -0.08161640167236328 0.05296287313103676 0.03712264075875282 0.0165000781416893 -0.005032513756304979 0.10543888807296753 0.057537224143743515 0.013963124714791775 -0.09328901767730713 0.022144878283143044 0.08741189539432526 0.013250668533146381 -0.0940241813659668 0.09162038564682007 0.07787291705608368 -0.025800539180636406 0.10868498682975769 -0.04406886547803879 0.05213434249162674 -0.07250142097473145 0.05283619090914726 0.05950741842389107 0.10889174044132233 -0.05135785788297653 -0.11031031608581543 -0.06081988289952278 0.05306139215826988 0.12338344752788544 -0.11297351866960526 -0.0017149642808362842 -0.06875471770763397 -0.03801679611206055 -0.10714012384414673 -0.039500147104263306 -0.11781378835439682 0.07541875541210175 -0.050091203302145004 -0.11559020727872849 -0.12548859417438507 0.03577830642461777 -0.06644679605960846 -0.09178663790225983 0.0629645511507988 0.017999401316046715 -0.09051619470119476 0.10353504866361618 -0.003635415807366371 -0.039195869117975235 -0.046171363443136215 0.07064078003168106 0.011349942535161972 0.06452728807926178 0.049280982464551926 -0.024071598425507545 0.02535265125334263 0.017614999786019325 0.06245504692196846 -0.10471326112747192 0.11180485039949417 0.017950596287846565 0.057526446878910065 -0.024278517812490463 -0.013038097880780697 0.026526322588324547 0.036665789783000946 0.11798558384180069 0.045172449201345444 0.14710210263729095 0.07000511139631271 0.09452161192893982 -0.0016383712645620108 -0.064386747777462 0.09482121467590332 0.01927475817501545 0.05130227282643318 0.13277754187583923 0.025948084890842438 -0.07766880840063095 -0.08816464990377426 -0.06719055026769638 0.039303917437791824 -0.032411620020866394 0.12610465288162231 -0.03839290887117386 0.019992901012301445 0.13385401666164398 -0.00573237519711256 0.056085702031850815 -0.04312102124094963 0.15245333313941956 0.09978528320789337 -0.006728036794811487 -0.14075444638729095 -0.1193515732884407 0.024858685210347176 -0.0036798319779336452 0.028855960816144943 -0.020463984459638596 0.11246439814567566 -0.032636500895023346 -0.0687263235449791 0.07038076967000961 -0.01798577979207039 0.046534936875104904 0.12156235426664352 0.14903931319713593 0.12289326637983322 0.07496785372495651 0.05394311994314194 0.0886482521891594 -0.02534128725528717 -0.05671040341258049 0.13163262605667114 -0.032474976032972336 0.0037876921705901623 0.04894019290804863 -0.008825193159282207 -0.1068178191781044 -0.09207791090011597 0.04333733394742012 0.07915546745061874 0.0847935602068901 -0.08750704675912857 -0.11178873479366302 -0.06866194307804108 -0.10881466418504715 -0.07130543887615204 -0.09556077420711517 0.04947643354535103 0.04844669625163078 -0.1250389963388443 -0.035778239369392395 0.039430052042007446 0.02946510538458824 -0.09455718100070953 -0.09473342448472977 -0.04542054235935211 0.0727841779589653 -0.07104934006929398 0.026388514786958694 0.033366963267326355 -0.04939311370253563 0.10678376257419586 -0.058721497654914856 -0.0033532793167978525 -0.11923746764659882 0.07124817371368408 -0.012489218264818192 -0.028012322261929512 -0.07059897482395172 0.11486958712339401 -0.05312417075037956 0.053109053522348404 -0.10778830200433731 -0.10559194535017014 -0.1296439915895462 0.11204271018505096 0.04493776336312294 0.16396521031856537 0.07431541383266449 0.015794681385159492 -0.10767896473407745 -0.08564376831054688 0.10562790930271149 -0.06322910636663437 -0.08931760489940643 -0.012236153706908226 0.09508968144655228 0.011181912384927273 0.10693036019802094 0.09000028669834137 0.06526537239551544 -0.07193402200937271 -0.05234174802899361 -0.11077456176280975 0.0026930097956210375 -0.13460034132003784 -0.05504830926656723 -0.09733817726373672 0.11038822680711746 -0.02264343947172165 0.07252439111471176 -0.10017026215791702 -0.11144509166479111 0.03886167332530022 -0.10950340330600739 -0.095566526055336 -0.005907890852540731 -0.06380827724933624 0.0677109882235527 -0.06767693161964417 0.02764449454843998 -0.0457979254424572 -0.04569671303033829 -0.10437404364347458 0.09063196927309036 -0.006920202635228634 0.09900128096342087 0.12411900609731674 0.07221313565969467 -0.047781698405742645 0.10448386520147324 -0.09883741289377213 0.025268658995628357 0.07974353432655334 0.07889151573181152 -0.030468298122286797 0.12687654793262482 -0.015884507447481155 0.10431675612926483 0.04034532979130745 0.07984359562397003 -0.0953487679362297 0.09956177324056625 0.057987943291664124 -0.09392248094081879 0.006764797959476709 0.05014338716864586 0.008418935351073742 0.04047393798828125 0.022021714597940445 -0.07923140376806259 0.0787224993109703 0.05519196018576622 0.10165205597877502 -0.041833844035863876 -0.041293900460004807 0.017199218273162842 0.047777798026800156 -0.009946025907993317 0.06550751626491547 -0.07240821421146393 0.09159394353628159 0.05324592813849449 0.028258800506591797 -0.02991202473640442 -0.10249049216508865 -0.0009053454268723726 0.07122159749269485 -0.09790335595607758 0.09092680364847183 0.008230800740420818 0.03398241475224495 -0.063921257853508 -0.036311499774456024 0.04976307228207588 -0.056438036262989044 0.047151923179626465 0.0542631633579731 -0.029564691707491875 0.03277071937918663 -0.014641253277659416 -0.10179172456264496 -0.10572322458028793 -0.07648615539073944 0.11698228865861893 0.09325703978538513 0.023441947996616364 -0.10776173323392868 -0.08496180176734924 -0.04088348522782326 0.10867178440093994 0.07513132691383362 0.12438616901636124 -0.10776571929454803 -0.06775350123643875 -0.0351603664457798 -0.09916606545448303 -0.10511603951454163 0.12277323007583618 -0.011714237742125988 -0.0200237687677145 -0.020161936059594154 0.018833087757229805 0.0038664783351123333 -0.05154133215546608 -0.002684403443709016 0.11890581995248795 0.13144707679748535 -0.052895255386829376 0.11012148857116699 0.08163147419691086 0.029139071702957153 -0.021025903522968292 -0.005690449383109808 -0.12042410671710968 0.08317508548498154 0.10264439135789871 -0.02943830005824566 0.039554327726364136 0.021853500977158546 0.04483938217163086 -0.012461860664188862 -0.04230353236198425 0.06741306185722351 0.08741651475429535 0.08371507376432419 0.01824972964823246 0.1385420560836792 0.05237643048167229 -0.017865542322397232 -0.09802419692277908 -0.004180550575256348 0.06421853601932526 -0.03407290577888489 -0.05803009122610092 -0.10096579790115356 -0.0990237221121788 0.07526369392871857 -0.08098942786455154 0.0854303240776062 -0.09054848551750183 -0.023907115682959557 -0.07323386520147324 -0.11653772741556168 -0.027771439403295517 0.02321518026292324 0.015907272696495056 -0.10297054052352905 -0.09960447996854782 -0.028689367696642876 0.09131062030792236 0.09752868860960007 0.0927782952785492 0.06574728339910507 -0.08277888596057892 -0.06650085002183914 0.03137119114398956 0.13166406750679016 0.11418493092060089 0.10404834151268005 0.09913168102502823 -0.0003451976226642728 0.10679618269205093 0.017734412103891373 -0.061589743942022324 0.1100323274731636 0.0031873234547674656 -0.019356897100806236 -0.08023248612880707 0.05527190864086151 -0.032128892838954926 -0.03273456171154976 0.10252108424901962 0.030566206201910973 -0.01839587651193142 0.030471432954072952 -0.13400983810424805 -0.07413514703512192 0.12171760946512222 0.09594650566577911 0.04355974867939949 0.06411853432655334 -0.06590253114700317 -0.04610941559076309 -0.036671191453933716 -0.10167158395051956 0.03398284688591957 -0.01215882133692503 -0.07523985207080841 0.11906716972589493 0.07194143533706665 -0.05668818950653076 0.07255866378545761 -0.03909681364893913 -0.11300626397132874 0.049946028739213943 -0.05422753468155861 0.016141870990395546 -0.04497246444225311 0.02343900501728058 0.0570409782230854 -0.11649064719676971 -0.006739180535078049 0.046697959303855896 -0.012102218344807625 -0.12013662606477737 -0.07888098806142807 -0.013819004409015179 0.06255749613046646 -0.02585601434111595 -0.11040915548801422 0.004991691093891859 -0.00431770458817482 0.0880238488316536 -0.008207594975829124 -0.05201514810323715 0.0919310599565506 -0.0103760352358222 0.06524818390607834 -0.02539346180856228 -0.08097530156373978 0.10367287695407867 0.024724671617150307 0.009954939596354961 -0.09965722262859344 0.0032917794305831194 0.06376463919878006 -0.07831858098506927 -0.08845596760511398 0.06770456582307816 0.06664420664310455 0.09798537194728851 -0.03676360845565796 0.05508243665099144 0.07839130610227585 -0.09922957420349121 0.011679508723318577 0.02288086526095867 -0.059900473803281784 0.01834423467516899 0.06430112570524216 0.010603959672152996 -0.12013037502765656 0.04020104557275772 -0.06535698473453522 0.06636427342891693 -0.09065621346235275 0.009300335310399532 -0.07281225174665451 0.04648984968662262 -0.006739672739058733 -0.07507109642028809 0.0012057555140927434 -0.09265559911727905 0.09239634871482849 0.008210362866520882 -0.02648002840578556 0.082212895154953 -0.03305703029036522 -0.02399912104010582 0.10906386375427246 0.03771449625492096 -0.05619670823216438 0.07791496813297272 -0.09683571755886078 -0.006499104201793671 -0.08899609744548798 -0.11692694574594498 -0.014598431065678596 0.0619981549680233 -0.08363809436559677 0.0020746628288179636 -0.04325597360730171 -0.0024156454019248486 -0.0894043818116188 0.09988492727279663 -0.0646587684750557 -0.04361708462238312 0.013221790082752705 0.056258998811244965 0.09656044840812683 0.11683213710784912 0.05825846269726753 -0.058283817023038864 -0.009503438137471676 0.018408095464110374 0.03773875907063484 0.10396377742290497 0.08177953213453293 -0.006602637469768524 0.08762581646442413 0.11737515032291412 -0.07519494742155075 0.006135098170489073 -0.026802033185958862 -0.084388867020607 0.07121113687753677 0.0752689316868782 -0.02967333234846592 -0.010908248834311962 0.022186169400811195 -0.02738209441304207 0.13445906341075897
b1 64
0.11469770967960358 -0.14222057163715363 -0.11803542077541351 0.0633964091539383 -0.054084211587905884 -0.16430895030498505 -0.0690881684422493 -0.057401496917009354 -0.0886225700378418 -0.011428512632846832 -0.13022002577781677 0.012773087248206139 -0.051420167088508606 -0.10511557757854462 0.06740324199199677 0.03674771264195442 0.12100838869810104 0.005816091783344746 0.024709433317184448 -0.04593650624155998 -0.1434543877840042 -0.10818636417388916 -0.09758323431015015 -0.09680025279521942 -0.0005604058969765902 0.0951186865568161 -0.014241018332540989 0.0942642018198967 0.010750172659754753 -0.017035653814673424 -0.09113918244838715 0.112272247672081 -0.06000185385346413 0.0055184257216751575 0.15448305010795593 0.12030860036611557 -0.011948337778449059 0.02675461955368519 0.15993782877922058 0.0899636447429657 0.10662239789962769 0.0038569075986742973 -0.009714526124298573 0.05130348354578018 -0.0016762586310505867 0.029430046677589417 -0.06829527765512466 -0.07447554916143417 -0.005208989605307579 -0.1268453747034073 0.09264131635427475 -0.06515656411647797 -0.1011553555727005 -0.12819619476795197 0.07927843183279037 -0.026439253240823746 0.11611754447221756 0.035709477961063385 0.038300592452287674 0.015172096900641918 0.048125024884939194 0.12766188383102417 0.0021464989986270666 -0.03854978829622269
W2 4096
-0.05345487594604492 0.06275496631860733 0.0316803902387619 0.1119404137134552 0.01314507145434618 -0.029063841328024864 0.08173655718564987 0.03834683075547218 -0.0394623763859272 0.09196329116821289 0.1176021546125412 0.002555466489866376 -0.09993699938058853 0.06141436845064163 0.09844619780778885 0.0789971724152565 -0.07830574363470078 0.04282435402274132 0.06720105558633804 0.13872408866882324 0.020596478134393692 0.03564690425992012 -0.14587919414043427 -0.13757479190826416 -0.13600188493728638 0.02410661242902279 -0.09884141385555267 0.11663974821567535 -0.03308477997779846 0.10454627871513367 0.1346929371356964 -0.015206176787614822 0.04210404306650162 -0.10176941007375717 -0.00021968298824504018 -0.12080392241477966 -0.07037731260061264 0.041243452578783035 -0.11534734815359116 0.0918051153421402 -0.061828866600990295 -0.05554366484284401 0.05240342766046524 -0.0816093236207962 -0.035620853304862976 0.06461475044488907 0.07552096992731094 0.08793048560619354 0.10055801272392273 0.11123140901327133 0.03621335327625275 0.004804148338735104 -0.00455161789432168 0.03334930166602135 -0.12766675651073456 -0.02126508206129074 -0.13300469517707825 -0.1323593407869339 -0.017546335235238075 0.02407742850482464 -0.1074271947145462 -0.0038648019544780254 -0.10294347256422043 -0.008875491097569466 0.10552102327346802 0.02061881497502327 -0.055910855531692505 -0.07840070128440857 0.06192867457866669 -0.11493004113435745 -0.0587538406252861 0.03620278835296631 0.04529319703578949 -0.09667546302080154 -0.10471270233392715 0.11589030176401138 -0.05738803744316101 0.1083151176571846 -0.005310763139277697 0.0038588386960327625 -0.030003348365426064 0.0672987550497055 -0.010745174251496792 -0.11500325053930283 0.022242629900574684 -0.07975827157497406 0.05868585780262947 -0.05853988602757454 -0.028623027727007866 -0.023387229070067406 0.03814788535237312 0.060077913105487823 -0.08525900542736053 0.0666690245270729 -0.0585879385471344 0.05558103695511818 0.08892221748828888 -0.030641760677099228 0.07703182846307755 -0.14692135155200958 0.11828699707984924 0.05732925236225128 0.06415499746799469 0.008775980211794376 0.07709646224975586 -0.12404603511095047 0.02404131181538105 -0.03934619948267937 0.12177656590938568 -0.055287573486566544 -0.060786351561546326 0.03954380005598068 -0.06556214392185211 0.056170571595430374 -0.0681876391172409 -0.004678362049162388 -0.05932706221938133 0.08646129816770554 -0.030036764219403267 -0.005335815250873566 -0.006336079444736242 0.0038122329860925674 -0.05734403431415558 0.07191985100507736 0.09501941502094269 -0.05142706632614136 -0.09642583131790161 0.08365070819854736 -0.09208115935325623 -0.03157263994216919 -0.06759845465421677 -0.10196200013160706 0.0392703078687191 -0.07646127045154572 -0.0010187887819483876 0.009494584053754807 0.0718458965420723 0.001422796049155295 -0.07201749831438065 -0.015716329216957092 -0.03694692999124527 -0.05969864875078201 -0.09326706826686859 -0.0038029972929507494 0.0768110454082489 0.02212441712617874 0.03773658722639084 0.10372228920459747 0.026892710477113724 0.01828012801706791 -0.04502183943986893 0.020473141223192215 0.03341429680585861 -0.05696342512965202 0.07831857353448868 -0.08907106518745422 0.0611276775598526 -0.09454444795846939 0.05863780155777931 0.08334395289421082 -0.03262130171060562 0.1086307242512703 0.0888846293091774 -0.09375857561826706 0.06549990922212601 -0.03929760679602623 -0.0773877426981926 0.11792118102312088 -0.12731067836284637 -0.041115570813417435 0.026387473568320274 -0.16790072619915009 0.06375978887081146 -0.10365118086338043 -0.03414756804704666 -0.0008841503877192736 -0.06936361640691757 -0.04106305167078972 -0.08709912747144699 0.035681743174791336 -0.09577850252389908 -0.019599786028265953 -0.02615216001868248 0.04622159153223038 0.09628849476575851 -0.08825568854808807 -0.025806846097111702 0.14441882073879242 -0.08105239272117615 -0.021669931709766388 -0.00941586121916771 0.022566670551896095 0.010044076479971409 -0.002097201766446233 -0.025012899190187454 -0.04190249741077423 0.0012290169252082705 -0.02046000398695469 -0.018624484539031982 0.006004012189805508 -0.0025068020913749933 -0.046991895884275436 0.008172483183443546 -0.0057798996567726135 -0.03392899036407471 0.0002038794627878815 -0.05510963499546051 -0.02148899994790554 -0.024814045056700706 -0.050122782588005066 0.010149591602385044 0.003022899152711034 0.010452897287905216 -0.023954078555107117 0.00893152505159378 -0.03873935714364052 -0.0045494865626096725 0.0603761300444603 0.005499413702636957 -0.025200704112648964 0.005166578572243452 -0.04372268170118332 0.008761302568018436 0.005378195084631443 0.012115038931369781 0.02106919325888157 -0.06605178117752075 -0.07034014165401459 -0.0014806570252403617 -0.013189033605158329 -0.04079892486333847 0.027966449037194252 -0.03985753282904625 -0.01716100424528122 -0.02135799266397953 0.002101755002513528 0.006204483099281788 0.004678026773035526 0.0007858261815272272 -0.0172585342079401 0.00030450988560914993 -0.03351807966828346 0.07059364765882492 -0.030441155657172203 0.01642758958041668 -0.006628837436437607 -0.010425116866827011 -0.022923754528164864 0.014010335318744183 0.007402827497571707 0.03407122939825058 -0.041464462876319885 -0.04737057909369469 -0.002584313740953803 -0.03298802673816681 -0.03403143957257271 0.12872746586799622 -0.09454507380723953 -0.11925333738327026 0.11333315074443817 -0.05742400139570236 0.08118857443332672 -0.140340656042099 -0.03222659230232239 0.021759407594799995 0.0373486690223217 -0.06025337427854538 -0.07446251809597015 0.04999526962637901 -0.08583912998437881 -0.026330720633268356 0.03348194807767868 0.06993487477302551 0.09248257428407669 -0.011067594401538372 -0.022150231525301933 0.07609593868255615 -0.14764048159122467 0.06131025403738022 -0.10158112645149231 -0.04560081660747528 0.11325722932815552 -0.06924520432949066 -0.03532448038458824 -0.06297318637371063 -0.06148722767829895 0.04770581051707268 0.0675714910030365 0.08581092208623886 -0.019395112991333008 -0.028879817575216293 0.11521774530410767 0.0917508527636528 -0.05068613588809967 0.040634699165821075 0.1249246895313263 -0.09977423399686813 -0.11133603006601334 0.08772992342710495 -0.06925183534622192 -0.0259994063526392 -0.08835208415985107 0.08522165566682816 0.10848884284496307 0.027297290042042732 -0.10276476293802261 -0.013926327228546143 0.05593971535563469 0.030380237847566605 -0.06971905380487442 0.09762268513441086 -0.049794286489486694 -0.056576840579509735 0.029622605070471764 0.08469309657812119 0.07969479262828827 -0.10535161942243576 0.009048529900610447 -0.020154476165771484 0.06539729982614517 -0.10248211026191711 -0.05899658426642418 0.020376089960336685 0.02458702214062214 -0.04645098000764847 -0.1002601683139801 0.04332267493009567 0.057277414947748184 0.0480186827480793 -0.0760021060705185 0.03683460131287575 0.08836197108030319 -0.05002056434750557 0.04180862754583359 0.02164214476943016 -0.07855856418609619 0.09667341411113739 0.06254038959741592 -0.10196893662214279 -0.010807882063090801 -0.008253000676631927 -0.0049912575632333755 0.11735215038061142 -0.04924393445253372 0.08028688281774521 -0.11002345383167267 0.04616939648985863 -0.11545681208372116 -0.021294252946972847 0.11747926473617554 0.009840201586484909 -0.07836373895406723 0.05901621654629707 -0.10469762980937958 0.011648714542388916 -0.017539050430059433 0.06759952753782272 0.08655604720115662 0.032766833901405334 0.06315344572067261 -0.10382570326328278 0.019220877438783646 0.046775612980127335 -0.10534150898456573 0.029890645295381546 -0.09320171177387238 0.00027986138593405485 0.022078463807702065 0.10669951140880585 0.0309020783752203 -0.05333462357521057 0.10081540048122406 0.01729668118059635 -0.1010475754737854 -0.039935849606990814 -0.005335841793566942 -0.04643001779913902 -0.1373714804649353 0.041578833013772964 -0.050136227160692215 0.0725739374756813 -0.015050804242491722 0.03620428219437599 -0.15286731719970703 0.052907899022102356 -0.012868431396782398 -0.053132884204387665 -0.08064567297697067 -0.15640804171562195 -0.1506333351135254 0.1382836103439331 -0.03128961846232414 -0.06081231310963631 0.06264035403728485 0.0002528214827179909 -0.057150762528181076 0.07206903398036957 -0.12158163636922836 0.032631732523441315 -0.02561032585799694 -0.03814033791422844 -0.09762801975011826 -0.058649834245443344 0.06242338567972183 -0.036186233162879944 -0.15089236199855804 0.07894518226385117 -0.09720896184444427 -0.026149753481149673 0.059829141944646835 -0.025103682652115822 -0.004448497202247381 -0.1054515615105629 0.11055712401866913 0.050965018570423126 -0.01460110954940319 0.09781865775585175 -0.05660761147737503 0.11449899524450302 -0.09895280748605728 -0.06869558244943619 0.07293801754713058 0.11633062362670898 -0.03462463244795799 -0.09033224731683731 0.021573064848780632 0.039349619299173355 0.012345803901553154 0.042934615164995193 -0.08570442348718643 -0.11826285719871521 -0.04229674115777016 -0.005127760116010904 0.047170240432024 -0.11640572547912598 -0.0847211554646492 -0.03309859707951546 -0.06810136884450912 -0.04241149500012398 0.07014762610197067 0.0235980786383152 -0.11959107220172882 -0.015095437876880169 -0.06675664335489273 0.007383056916296482 -0.12539204955101013 0.10418112576007843 0.05418497696518898 -0.04366108775138855 -0.054954834282398224 -0.011607516556978226 0.03407591953873634 0.09514312446117401 0.03368298336863518 -0.0282411128282547 0.043364569544792175 0.032502010464668274 0.02579539082944393 -0.009562619030475616 0.0007596252835355699 -0.04770738631486893 -0.03232496604323387 0.02281862497329712 -0.07009903341531754 -0.006053305696696043 0.05282970145344734 -0.003863491117954254 -0.10419394820928574 0.08020033687353134 0.0016978562343865633 0.002748987404629588 -0.00019969981804024428 -0.04659503325819969 -0.06899590790271759 0.07655180245637894 -0.09289166331291199 0.03686624392867088 0.03766799345612526 0.015521200373768806 0.05864951014518738 -0.1002328097820282 0.008892716839909554 0.06937037408351898 0.06456435471773148 -0.022042738273739815 0.007927986793220043 -0.07907098531723022 0.04482170194387436 -0.06558863073587418 -0.007322097197175026 -0.09624775499105453 -0.02358817309141159 -0.08390381187200546 0.059889353811740875 -0.032477669417858124 0.05640031024813652 0.020640145987272263 -0.0964275673031807 0.020379936322569847 -0.0333232656121254 -0.00452376576140523 0.05782341584563255 -0.016531581059098244 0.0032447620760649443 0.006502007134258747 -0.08054868876934052 0.0414193719625473 -0.07385418564081192 -0.09449593722820282 0.015341212041676044 0.04122497886419296 0.032695066183805466 -0.007164405193179846 -0.06533985584974289 -0.057021334767341614 0.020613979548215866 0.04663575440645218 -0.02676737867295742 0.009215964004397392 -0.0287827979773283 0.0370473712682724 0.025966592133045197 0.06035776808857918 0.03050891123712063 0.07694826275110245 0.04944609850645065 -0.12779031693935394 -0.08092660456895828 -0.049549177289009094 -0.042191196233034134 0.10002446174621582 -0.06752761453390121 0.038484975695610046 0.0034369470085948706 -0.05754173919558525 -0.08599752187728882 -0.06048364192247391 -0.10053116083145142 0.059758201241493225 0.03293701261281967 -0.017596522346138954 -0.03752944990992546 -0.010830292478203773 -0.04425063356757164 0.06462489068508148 -0.09102457761764526 -0.07463038712739944 -0.03543109819293022 -0.006817076355218887 0.010598627850413322 -0.13090386986732483 -0.13525937497615814 0.14275728166103363 -0.011787794530391693 0.05195166915655136 0.0759546235203743 -0.059742916375398636 -0.024670373648405075 -0.03163961321115494 -0.09436672180891037 -0.01811733841896057 0.062006499618291855 -0.03883102163672447 -0.06525521725416183 0.01183065865188837 -0.03065328858792782 -0.05993347987532616 0.003936317283660173 -0.0885746106505394 0.08975882083177567 -0.0708967000246048 0.009516846388578415 -0.04609599709510803 0.11052518337965012 0.11482592672109604 -0.03250716254115105 0.06545373797416687 -0.02995838224887848 0.07467560470104218 -0.07977794855833054 0.013783921487629414 0.09747465699911118 -0.012951303273439407 -0.09047023952007294 0.06558787077665329 0.07121764868497849 0.029140710830688477 0.052235521376132965 -0.04793396592140198 -0.034863751381635666 -0.0975106805562973 0.12362182140350342 -0.04084811732172966 -0.06483623385429382 -0.12850357592105865 0.02903207391500473 -0.14418461918830872 -0.028986753895878792 -0.1103014349937439 0.04843881353735924 0.037433940917253494 0.005574346054345369 0.014941216446459293 0.09509719908237457 -0.12356243282556534 0.07278523594141006 0.01698138378560543 -0.07908235490322113 0.14166007936000824 -0.08116016536951065 0.058284692466259 -0.13777129352092743 -0.0758129432797432 -0.07905440777540207 0.10189270228147507 -0.07960517704486847 0.027579527348279953 -0.06424746662378311 -0.052489593625068665 -0.13089703023433685 0.07353820651769638 -0.0409604050219059 0.12034162133932114 0.03929125517606735 0.10660941898822784 -0.07430902123451233 -0.026253238320350647 -0.08661291748285294 -0.089114710688591 0.0033096042461693287 -0.006257061846554279 0.08634037524461746 -0.01691403053700924 0.11950860917568207 -0.05274796113371849 -0.0645354762673378 -0.11010987311601639 -0.12702609598636627 -0.015314310789108276 0.043019555509090424 -0.0024778388906270266 0.07281750440597534 0.01508590579032898 -0.0075349160470068455 -0.02945689670741558 -0.05998370051383972 -0.003643555101007223 -0.1267378032207489 -0.02662934549152851 -0.03208289295434952 -0.007709885947406292 0.00474149314686656 0.07375490665435791 0.005925525911152363 0.08982677757740021 -0.05573001503944397 0.026932138949632645 -0.0493900403380394 0.08225446939468384 0.05719146877527237 0.045554909855127335 0.060971297323703766 -0.029778005555272102 -0.05655692517757416 -0.023243246600031853 0.008003974333405495 -0.1303519457578659 -0.12682636082172394 0.045081447809934616 -0.06388428062200546 0.03505096584558487 -0.09752770513296127 -0.12376397848129272 -0.05525146424770355 -0.05932370573282242 0.05864545702934265 -0.140536367893219 0.040461041033267975 -0.050153471529483795 -0.035890791565179825 -0.02010001800954342 -0.07343267649412155 -0.062348026782274246 0.05615667626261711 -0.044786978513002396 0.003667027922347188 -0.012606363743543625 -0.0869709923863411 -0.14445310831069946 0.029637958854436874 -0.06630178540945053 -0.00457577733322978 0.05732492357492447 0.02261369489133358 0.05437346547842026 0.039718255400657654 -0.0765676200389862 0.034928590059280396 -0.03505288437008858 0.025278305634856224 -0.06406523287296295 0.08876154571771622 -0.06441011279821396 -0.028712941333651543 -0.09925093501806259 -0.05081702396273613 -0.0493028499186039 0.12359315156936646 0.06946409493684769 0.01185399666428566 -0.054558634757995605 0.014605008997023106 -0.03017142415046692 0.12588335573673248 0.022883204743266106 0.08864512294530869 0.04304201528429985 0.07667746394872665 0.026136446744203568 -0.05349971726536751 0.06592176109552383 0.08968015760183334 0.01035949308425188 0.09668885171413422 0.08249115198850632 0.04776155576109886 -0.010882905684411526 0.08880079537630081 -0.016882721334695816 0.10719304531812668 -0.12062829732894897 0.012162699364125729 0.022337714210152626 0.05117182806134224 0.12470410764217377 -0.002576491329818964 0.009980506263673306 -0.03970067948102951 0.11923442035913467 0.0954127088189125 -0.07802888005971909 -0.08524948358535767 -0.11033495515584946 -0.11584865301847458 0.079305000603199 -0.11467267572879791 0.0634789913892746 0.12724141776561737 -0.012366346083581448 -0.0029502222314476967 0.07783637195825577 0.06615347415208817 -0.037627801299095154 -0.03610806539654732 -0.08373808115720749 -0.06941317021846771 -0.09344429522752762 -0.017613567411899567 -0.12296794354915619 0.10890349745750427 0.12033582478761673 0.054810959845781326 0.08369115740060806 0.023816218599677086 0.055785562843084335 0.0414731539785862 0.07106437534093857 -0.05568080022931099 0.0035803334321826696 -0.017000094056129456 -0.12208960950374603 -0.030663659796118736 -0.04967182129621506 0.056582700461149216 -0.06939736008644104 0.02140033058822155 -0.08937536180019379 -0.0017449866281822324 0.015731312334537506 -0.010986794717609882 -0.07739413529634476 0.14223450422286987 0.001078476314432919 0.08352315425872803 0.01147107221186161 0.04520924761891365 -0.011292564682662487 0.022748978808522224 -0.08415708690881729 0.025858186185359955 0.03134053200483322 -0.09957332164049149 -0.05325755849480629 -0.1292707324028015 0.05626489967107773 0.12669247388839722 0.002599877305328846 0.02454354241490364 -0.013021021150052547 -0.0528542697429657 -0.06451818346977234 0.048942677676677704 0.12019027769565582 0.09436506778001785 -0.10162078589200974 0.03451681137084961 -0.05103660747408867 0.040607161819934845 0.15265288949012756 -0.0376342311501503 -0.04131488874554634 -0.15449436008930206 0.03991779685020447 -0.05909958481788635 0.02166731096804142 0.12122815102338791 -0.06609081476926804 -0.12369246035814285 -0.13394807279109955 -0.05534869432449341 -0.04762200266122818 0.04289265722036362 -0.09899135679006577 0.0907517522573471 0.030212687328457832 -0.1154269278049469 0.09787057340145111 0.0011871516471728683 0.0196608267724514 0.001355635584332049 -0.02625580132007599 0.07591363787651062 0.010891472920775414 -0.08424028009176254 -0.07160288095474243 -0.12119241803884506 0.07600215077400208 0.07784753292798996 0.10649832338094711 -0.10088500380516052 -0.06370033323764801 -0.023678112775087357 -0.1084088459610939 -0.06448983401060104 -0.05495666712522507 0.06559138000011444 0.12313157320022583 0.07703838497400284 0.05672716349363327 0.08772225677967072 -0.03358764201402664 -0.13998670876026154 -0.13939674198627472 0.046423643827438354 -0.051970478147268295 -0.13009265065193176 -0.11551216244697571 0.10658679902553558 0.045578647404909134 -0.06734981387853622 0.025655288249254227 0.11845413595438004 -0.007133472710847855 0.07696651667356491 0.0045873080380260944 -0.022647850215435028 -0.06449158489704132 0.050009217113256454 0.06277855485677719 -0.04363815858960152 0.005875151604413986 -0.06925366073846817 -0.10292299836874008 -0.02039192058146 -0.1960778832435608 0.049508072435855865 -0.0691598430275917 0.04817268252372742 -0.07628843188285828 0.0042291078716516495 -0.11750137060880661 0.021148763597011566 0.07547485083341599 -0.09114538133144379 0.05466146022081375 -0.09446859359741211 -0.03330191224813461 -0.09022446721792221 0.028417076915502548 0.03470966964960098 0.07737220078706741 -0.01644754409790039 -0.06352294236421585 -0.08167818188667297 -0.08692234009504318 0.042104218155145645 -0.19278380274772644 0.01629902608692646 -0.11981291323900223 0.11040603369474411 -0.034141428768634796 -0.05014747381210327 -0.013212372548878193 -0.07951442152261734 0.07123418152332306 0.01614624261856079 -0.08999085426330566 -0.025836383923888206 0.03248119726777077 0.020316675305366516 0.05504544451832771 0.08721368759870529 0.011719180271029472 -0.03948157653212547 -0.04804983735084534 -0.12002070993185043 0.09278903901576996 -0.0037493258714675903 -0.01569538749754429 0.08191222697496414 0.031195946037769318 -0.04163525253534317 -0.14604227244853973 0.08113854378461838 -0.005525385495275259 -0.06309950351715088 -0.05410904064774513 0.11635800451040268 0.019471902400255203 -0.0958721861243248 0.0028298180550336838 0.10562220215797424 -0.08903251588344574 -0.06627941131591797 -0.13148856163024902 -0.010299168527126312 -0.13828842341899872 -0.04808458685874939 -0.019261198118329048 -0.07522441446781158 -0.03353914991021156 -0.08559231460094452 -0.04024191573262215 0.10910245776176453 0.009733034297823906 -0.028304053470492363 -0.03507618606090546 0.04096904769539833 -0.08446703851222992 0.11509818583726883 0.0033119285944849253 0.0515582375228405 -0.10375808924436569 -0.07585491985082626 -0.042467132210731506 -0.028444258496165276 -0.025258807465434074 -0.0752381756901741 0.022091425955295563 0.0815405324101448 -0.01759667694568634 -0.0011396720074117184 -0.02820575423538685 0.11839368939399719 -0.10767059028148651 0.1233188733458519 0.08040796220302582 -0.13398303091526031 -0.07687079161405563 -0.10418567806482315 -0.0646519809961319 0.024454841390252113 0.0613849051296711 -0.031261228024959564 -0.026898592710494995 -0.046347230672836304 -0.03313715383410454 -0.13854312896728516 -0.1104690432548523 0.006269233766943216 0.06343457847833633 0.009131066501140594 0.054687466472387314 0.1071624681353569 -0.017111370339989662 0.08503682166337967 0.09107351303100586 0.01578519307076931 0.00047325625200755894 0.10951307415962219 0.08841878920793533 -0.025135615840554237 0.06094992533326149 0.04693294316530228 0.07820944488048553 0.12950679659843445 0.038659535348415375 -0.07299606502056122 -0.027797574177384377 -0.0954207330942154 0.18619956076145172 0.05932614579796791 -0.09374728798866272 -0.004082391504198313 0.09435085952281952 0.04151780530810356 -0.015947449952363968 -0.10308626294136047 0.012209516949951649 -0.11013402789831161 -0.028318913653492928 -0.1061980128288269 0.08368787914514542 -0.11908823251724243 0.07212481647729874 -0.08470816165208817 0.09079377353191376 0.002698216587305069 0.11708502471446991 0.018927007913589478 -0.022216033190488815 -0.0061517804861068726 0.014991125091910362 0.028984472155570984 0.07892053574323654 -0.027029089629650116 -0.09654608368873596 0.05616370961070061 -0.019374532625079155 -0.091633640229702 0.05555479973554611 0.014309611171483994 -0.03609580919146538 -0.00911285262554884 0.1474945992231369 -0.0702524185180664 -0.05172921344637871 0.07574786990880966 -0.006160872522741556 0.08180151134729385 0.09079892933368683 0.08857891708612442 -0.0633745864033699 -0.13696469366550446 -0.04015592858195305 -0.10256917029619217 0.06513164192438126 0.018898524343967438 0.12606331706047058 0.14273443818092346 -0.16801007091999054 -0.046856459230184555 -0.12947463989257812 0.07259158045053482 0.0903814285993576 -0.05156654864549637 -0.07465748488903046 0.09753032773733139 0.1050008162856102 -0.03260209038853645 -0.01675393618643284 -0.10384515672922134 -0.11499476432800293 -0.048206232488155365 -0.11330830305814743 -0.06919996440410614 0.04634040966629982 0.041309379041194916 0.034609340131282806 -0.15735533833503723 0.0541183166205883 -0.0008542339783161879 -0.14136415719985962 -0.02938625030219555 0.006465462036430836 0.062266185879707336 -0.0240506399422884 0.10176566243171692 -0.0024501371663063765 -0.0814787745475769 0.005356705281883478 -0.03973894938826561 -0.0638033077120781 0.1257743090391159 -0.12035678327083588 -0.08323483169078827 0.07376985996961594 0.012768005020916462 -0.04111326113343239 -0.036245498806238174 -0.0260419100522995 0.12649454176425934 0.066083163022995 0.003320142161101103 -0.042079001665115356 -0.02438356913626194 0.02114543318748474 0.020265839993953705 0.10160175710916519 -0.022432193160057068 -0.019887227565050125 0.0961039587855339 0.016811413690447807 0.08238201588392258 0.0780135840177536 -0.08604375272989273 0.1040119007229805 0.10557198524475098 0.10630333423614502 0.09910674393177032 0.016241468489170074 0.07720690220594406 -0.09866894036531448 0.06719161570072174 0.08707814663648605 0.02226705104112625 -0.06869016587734222 -0.07665512710809708 0.07916039228439331 0.1015719622373581 -0.12208104878664017 -0.10536235570907593 -0.06196654215455055 -0.04313184693455696 -0.11643421649932861 0.06604678928852081 -0.0018534939736127853 0.03677627816796303 0.10316324234008789 0.027605660259723663 -0.07894044369459152 0.10729244351387024 0.09230976551771164 0.06346017867326736 -0.05438988283276558 -0.10518552362918854 0.05562682822346687 0.08720315992832184 -0.05567449331283569 -0.08838988840579987 0.004094463773071766 0.004231490194797516 0.12210479378700256 -0.035973891615867615 0.02839866653084755 -0.013006215915083885 0.04379155486822128 -0.08411914855241776 0.12910504639148712 -0.04455801472067833 0.05696455016732216 -0.005522249732166529 0.12798476219177246 -0.03447840362787247 0.04471064358949661 0.13489308953285217 -0.02069309912621975 0.07969851791858673 -0.08043643087148666 0.05067233368754387 -0.11575966328382492 -0.07503578066825867 0.03799903765320778 0.11828434467315674 0.10241367667913437 -0.07883123308420181 -0.045054830610752106 -0.08872044086456299 0.08445486426353455 0.10851771384477615 -0.04344893991947174 -0.13425633311271667 0.016243526712059975 0.1106114536523819 -0.043534018099308014 -0.0863538384437561 -0.09442604333162308 0.0994006022810936 0.039620038121938705 0.02553780935704708 -0.05967382714152336 -0.009547576308250427 0.039030589163303375 0.11391624063253403 0.013726918958127499 0.11809305846691132 -0.0413147434592247 -0.010078818537294865 -0.06510644406080246 -0.01637869141995907 0.10948780924081802 -0.09928179532289505 0.045301470905542374 0.0014562212163582444 -0.028865056112408638 -0.04863486811518669 0.018394315615296364 -0.02481556497514248 -0.07386744767427444 0.001841423916630447 0.011368297040462494 0.053444456309080124 0.04011232405900955 -0.04271525517106056 0.01306653581559658 -0.11824490875005722 0.060830581933259964 -0.055356353521347046 0.05059978365898132 0.04017685353755951 0.053332556039094925 -0.05928953364491463 0.06239772588014603 0.09404110908508301 -0.031814172863960266 -0.06702864915132523 0.09866052120923996 -0.0907648429274559 0.033828333020210266 0.11682044714689255 -0.12222620844841003 0.09021062403917313 -0.07138922065496445 0.0003394035738892853 0.09664607048034668 -0.007552552502602339 0.09520851075649261 0.1186610609292984 0.04299234598875046 0.09456362575292587 0.026373934000730515 0.09561221301555634 0.02599399909377098 0.06871036440134048 0.10216914117336273 0.08100823312997818 -0.01182160247117281 -0.10566459596157074 -0.10824041068553925 -0.013978780247271061 -0.08511350303888321 0.055027350783348083 0.07653269916772842 -0.05949445813894272 0.015519511885941029 -0.06527544558048248 0.09255463629961014 -0.09847373515367508 0.06308045238256454 0.07839205116033554 -0.10373491793870926 0.09924077242612839 0.06296718865633011 0.049017276614904404 -0.03955522179603577 -0.08849228173494339 0.020220298320055008 -0.03256812319159508 0.09453599900007248 0.09053608030080795 0.0630740374326706 -0.025654105469584465 0.052306756377220154 0.055904120206832886 0.017854118719697 0.08231700956821442 0.10852542519569397 -0.10840874165296555 0.04747331887483597 0.08978790789842606 -0.1087927371263504 -0.053709398955106735 -0.1031898558139801 -0.05395405367016792 0.0772365927696228 0.07676283270120621 0.03660823032259941 0.04181339219212532 0.08636735379695892 0.040027134120464325 0.13950438797473907 -0.05078451707959175 -0.03812997788190842 -0.06597711145877838 0.01980403997004032 0.02347346767783165 0.04604960232973099 -0.062271833419799805 -0.01648116670548916 -0.0006051375530660152 0.03503327816724777 -0.08132284879684448 0.04823257401585579 -0.07367748767137527 0.002752691973000765 0.03213134780526161 -0.029894329607486725 0.06343616545200348 -0.02096305601298809 -0.08387881517410278 0.009685871191322803 0.041039325296878815 -0.08549731969833374 -0.08456415683031082 -0.036917079240083694 0.08630503714084625 0.04209231957793236 -0.1236155703663826 -0.022506898269057274 -0.10142777115106583 0.09751688688993454 -0.005191818345338106 -0.031162528321146965 -0.08477586507797241 -0.11658546328544617 -0.026369377970695496 0.009888043627142906 -0.09546314924955368 0.1546444296836853 -0.09413523972034454 0.02130272053182125 -0.05735933035612106 -0.060834288597106934 -0.05814560502767563 -0.03404665365815163 0.04885270446538925 0.006923394277691841 -0.10012607276439667 -0.013957013376057148 0.012723107822239399 -0.03853733465075493 -0.04205593466758728 -0.07954809069633484 -0.10307018458843231 0.12842495739459991 -0.03661242499947548 -0.01283840462565422 0.07713612914085388 0.04087938740849495 -0.008078747428953648 -0.021928153932094574 -0.07483653724193573 0.02899717353284359 0.08124604821205139 -0.11754274368286133 0.04922495037317276 -0.029661601409316063 -0.07085428386926651 0.10921116173267365 0.06717061996459961 0.07133684307336807 0.07525330036878586 0.0005780915962532163 0.013280093669891357 -0.02446281537413597 -0.015671344473958015 0.0003513994161039591 -0.03303167223930359 -0.022210530936717987 0.10504693537950516 0.00040756724774837494 -0.05718409642577171 -0.08770589530467987 -0.06416093558073044 0.0807807594537735 -0.04984135553240776 0.05702101066708565 0.06906279176473618 -0.0016052486607804894 0.06351134926080704 0.11676343530416489 0.07554370164871216 0.10082686692476273 0.033923834562301636 0.01808277703821659 0.08609601110219955 0.061164677143096924 0.08703296631574631 -0.07990983873605728 -0.0602731890976429 -0.0063175056129693985 -0.06268918514251709 0.009437997825443745 0.07006378471851349 -0.11343217641115189 0.016394339501857758 -0.07454050332307816 0.03150983899831772 0.12119519710540771 -0.006189183797687292 0.07535155862569809 0.10199473053216934 -0.01878649927675724 -0.08612198382616043 0.09645965695381165 0.00010763501632027328 -0.044500984251499176 -0.03273884952068329 0.010997972451150417 0.016839930787682533 -0.03605467453598976 0.1128825768828392 0.012406641617417336 0.00631759874522686 -0.03572859615087509 -0.01648547127842903 0.03858128562569618 -0.0905614122748375 -0.06327666342258453 -0.12621654570102692 -0.047278620302677155 0.04271252080798149 -0.06589863449335098 -0.11220810562372208 0.07225841283798218 0.04955156520009041 -0.05147557705640793 0.03181041032075882 -0.07802388817071915 0.07912494242191315 -0.002718784846365452 0.11468663811683655 -0.07578127086162567 0.09494231641292572 -0.027268318459391594 -0.02031681500375271 -0.02730885148048401 -0.014264368452131748 0.06814761459827423 0.08264189213514328 0.07927962392568588 -0.021509945392608643 0.11121231317520142 0.08469882607460022 -0.0811956599354744 0.06621061265468597 -0.003994510043412447 0.025778740644454956 0.06628545373678207 0.0887194350361824 -0.083384208381176 0.048555321991443634 0.11175508797168732 -0.09971446543931961 0.08124884217977524 -0.01634933240711689 -0.014571103267371655 0.10846678912639618 0.07495913654565811 0.06279632449150085 0.045778680592775345 -0.018471796065568924 -0.057822130620479584 -0.020433271303772926 -0.049183040857315063 -0.0033934800885617733 -0.020259443670511246 0.040698762983083725 -0.053802769631147385 0.10572195053100586 0.059441644698381424 -0.07431453466415405 0.03098883293569088 0.08130981028079987 -0.08719465136528015 -0.1015128344297409 0.11440888047218323 -0.016613846644759178 0.06877332180738449 0.08466999977827072 0.05634647235274315 0.05715794861316681 -0.06451049447059631 0.08941932022571564 0.03647482022643089 -0.06651263684034348 0.004194938577711582 0.11290594935417175 0.12318248301744461 0.0721239522099495 0.008604631759226322 -0.13906748592853546 -0.05879990756511688 -0.08555299043655396 0.05753747746348381 -0.06831326335668564 -0.07185937464237213 0.06278032809495926 -0.046586986631155014 -0.06110166013240814 -0.012072853744029999 -0.07051539421081543 0.04187338799238205 -0.1647038608789444 0.018392013385891914 -0.07720427215099335 0.13891209661960602 -0.11251876503229141 -0.039187584072351456 -0.11134626716375351 0.12108144909143448 -0.032318368554115295 -0.09647946059703827 0.009460021741688251 0.02122301608324051 0.007547821383923292 0.008385426364839077 0.11854195594787598 0.037117380648851395 0.061478860676288605 0.08638396114110947 0.08985818177461624 0.007668532431125641 0.13527506589889526 -0.05809246748685837 0.0672689899802208 0.0918637216091156 0.012342976406216621 -0.10062435269355774 -0.07679706811904907 -0.04569706693291664 -0.05939669907093048 -0.014472302049398422 -0.10395674407482147 -0.04449400678277016 -0.09834273904561996 0.11731576919555664 0.08788847923278809 -0.016077663749456406 0.09841440618038177 0.164818674325943 -0.09402184933423996 -0.004920651204884052 0.11271009594202042 -0.03825778141617775 -0.03411392495036125 -0.0018727821297943592 0.04412269592285156 0.040980465710163116 0.03981127589941025 -0.06783652305603027 -0.08991128206253052 0.19526423513889313 -0.019908640533685684 -0.10403365641832352 -0.0668281763792038 0.08125421404838562 -0.1109137237071991 -0.12308300286531448 -0.01342746615409851 -0.03931592404842377 0.08666609227657318 0.0007120569352991879 -0.11235711723566055 -0.008778872899711132 -0.00696276780217886 -0.04321311414241791 -0.17347881197929382 0.0895209088921547 -0.014233122579753399 0.04080326110124588 -0.009196566417813301 -0.12792474031448364 -0.12429715692996979 -0.07992459833621979 0.09038868546485901 -0.08106742799282074 0.12613457441329956 0.018786266446113586 -0.028437618166208267 0.1293068826198578 0.054688215255737305 -0.054780978709459305 0.12266793102025986 0.05659942701458931 -0.056940462440252304 0.05709991976618767 0.06090376526117325 0.0385589525103569 0.08463803678750992 0.002330300398170948 0.1959514021873474 -0.0375504195690155 -0.12075965851545334 0.053699418902397156 -0.11682935804128647 -0.04420607164502144 -0.021196216344833374 -0.18320034444332123 -0.07338757812976837 -0.009187446907162666 0.02789052575826645 0.03349340707063675 0.09429767727851868 0.11282327771186829 -0.13200363516807556 -0.03157377988100052 -0.14108575880527496 0.0013725536409765482 -0.04924115166068077 -0.0019834607373923063 -0.003172954311594367 -0.0010465624509379268 -0.0004091536975465715 0.0005336289759725332 0.0020627561025321484 -0.0005493023782037199 -8.506104495609179e-05 6.862354894110467e-06 7.611884211655706e-05 2.296607635798864e-05 0.01328902319073677 0.00013673448120243847 -0.0007120496011339128 -0.007276560645550489 -0.00279637286439538 -0.006871866062283516 -0.034094005823135376 4.7866866225376725e-05 -0.0016519834753125906 -0.0003441286098677665 -0.0033389439340680838 0.0005299935000948608 -0.0009074818808585405 0.014031714759767056 0.0003410825156606734 -0.0029112291522324085 -0.014445907436311245 0.0009771116310730577 0.00018150977848563343 -0.00023736283765174448 0.00025807085330598056 -0.0020541346166282892 -0.003262530080974102 -0.00699313310906291 4.134405025979504e-05 0.0021959671285003424 -0.00030416250228881836 -0.0002351694565732032 -0.0014910001773387194 0.007386005017906427 -0.021002205088734627 -0.00028079768526367843 0.021109718829393387 0.0004282651352696121 0.00040880125015974045 0.004837080370634794 0.008562023751437664 0.000129182924865745 -0.020787766203284264 0.010629105381667614 -0.00032347606611438096 -0.0004096267221029848 -0.00024350752937607467 -0.0006722948746755719 -4.148813241044991e-05 -0.0025631599128246307 6.422666774597019e-05 -0.0007891104323789477 0.00017703123739920557 -0.0004111374728381634 -0.0014960726257413626 -0.0032631021458655596 -9.612072972231545e-06 -0.06726314127445221 -0.03104807622730732 -0.0160004124045372 -0.07992176711559296 0.014368426986038685 0.08891497552394867 0.03219377249479294 0.0010172349866479635 0.08144064247608185 0.06431697309017181 0.10565504431724548 -0.09858264029026031 -0.03060796670615673 -0.03268926963210106 0.07600381225347519 0.02713562548160553 -0.09983371198177338 0.02059376798570156 0.06375439465045929 0.09339902549982071 0.10889369249343872 -0.018119478598237038 -0.013202215544879436 0.020672723650932312 -0.037268754094839096 0.07040221989154816 0.1050800010561943 0.01849709078669548 -0.053629692643880844 -0.0760234072804451 -0.10003982484340668 -0.08108650147914886 0.13249409198760986 0.04775204882025719 0.11808682233095169 -0.02575700357556343 -0.07719357311725616 -0.02736268937587738 -0.07994536310434341 0.08455602824687958 0.0023480334784835577 -0.03110050968825817 -0.07695451378822327 -0.10689201951026917 0.07224150747060776 -0.013801125809550285 0.040570925921201706 0.03561502322554588 -0.0949477031826973 -0.004378273151814938 -0.09637834131717682 -1.2781660188920796e-05 0.09264564514160156 0.14860570430755615 0.0427074134349823 0.09468807280063629 0.057951804250478745 -0.07698379456996918 -0.0925423800945282 -0.1187267154455185 -0.08756962418556213 0.04612467810511589 0.0028347838670015335 -0.05055200681090355 -0.016260309144854546 0.013293123804032803 -0.0373055599629879 -0.02364400587975979 -0.0863986536860466 -0.03532540798187256 -0.09502913802862167 -0.009045841172337532 -0.03373180702328682 -0.04494897276163101 -0.07004116475582123 -0.04828065261244774 0.14610476791858673 -0.07035927474498749 -0.05493967607617378 -0.03926071152091026 -0.02060820162296295 -0.12843891978263855 0.11616170406341553 -0.03923504054546356 0.11846412718296051 -0.03582470118999481 0.020512904971837997 0.008042019791901112 -0.01416279561817646 0.022535817697644234 0.004939518868923187 0.16348791122436523 0.12626086175441742 0.04584731534123421 -0.057583317160606384 -0.12960505485534668 -0.14367884397506714 -0.04258571192622185 -0.11768240481615067 0.05043802782893181 0.09690684825181961 0.05659699812531471 -0.04506800323724747 -0.1427118480205536 0.16032573580741882 -0.00683590117841959 -0.014169158414006233 0.000755365181248635 0.02439759112894535 0.06748398393392563 0.003690737998113036 -0.029446080327033997 0.06260643154382706 -0.07326194643974304 -0.14917540550231934 -0.09813016653060913 0.07619670778512955 -0.08086763322353363 -0.0784076675772667 0.005128378514200449 0.08121911436319351 0.15291781723499298 0.03468457981944084 -0.14326275885105133 -0.0012154631549492478 -0.14259092509746552 0.03893856331706047 0.08711355924606323 0.11805470287799835 0.05373521149158478 -0.04695674031972885 0.03067638725042343 -0.0882616862654686 -0.08330103754997253 0.015608823858201504 -0.04244265705347061 -0.046479906886816025 -0.05577504634857178 -0.026553206145763397 -0.01738644205033779 -0.01836414821445942 0.09875880181789398 -0.022980790585279465 -0.006224137730896473 0.0642126128077507 0.1030191108584404 0.10864444077014923 0.055822718888521194 0.01611727848649025 -0.024711068719625473 -0.07389520853757858 -0.10932514071464539 0.10355685651302338 -0.07395155727863312 0.05071601644158363 -0.08302480727434158 0.014876820147037506 0.05780564993619919 -0.12106125056743622 -0.11667777597904205 0.11588616669178009 0.016535751521587372 0.03270737826824188 0.1322481334209442 0.024501243606209755 0.006683331914246082 -0.01143396645784378 -0.020482687279582024 0.03039821982383728 0.056329041719436646 0.068766288459301 0.03012416698038578 0.004472828935831785 0.08855915814638138 -0.04900963976979256 -0.01996689848601818 -0.006933839060366154 -0.03615087643265724 -0.03417285904288292 0.02470497600734234 -0.04738130047917366 0.01938631944358349 0.07818393409252167 -0.08799096941947937 -0.0877324566245079 -0.0020756241865456104 -0.042535409331321716 0.10662652552127838 -0.08485640585422516 0.010805372148752213 -0.11181987076997757 0.10758819431066513 -0.019233008846640587 0.04709140956401825 -0.03278343006968498 0.04135371744632721 0.04065188765525818 0.008565881289541721 -0.061490971595048904 0.03149062767624855 0.00497437035664916 0.0858389362692833 0.10527303814888 0.10903751850128174 0.0696236789226532 0.05674394965171814 -0.06747055798768997 0.0841556042432785 -0.0504608154296875 -0.11079264432191849 0.055576715618371964 -0.023272249847650528 0.04495929554104805 0.05359300225973129 -0.015482938848435879 -0.0002480006078258157 -0.1370263248682022 -0.051015857607126236 0.09821407496929169 0.07617190480232239 -0.049148496240377426 -0.10921312868595123 -0.05760684609413147 -0.13995333015918732 -0.052653197199106216 -0.10498729348182678 0.022791123017668724 0.06286351382732391 -0.10705739259719849 -0.02938726916909218 -0.09191638976335526 0.10378872603178024 -0.013609818182885647 0.06862669438123703 0.08416767418384552 0.06830715388059616 -0.10686317086219788 0.07698903232812881 0.09660399705171585 -0.05798444524407387 -0.04456564411520958 0.04466981813311577 0.0366721972823143 -0.0985981822013855 0.07724346220493317 -0.049807365983724594 0.030807942152023315 -0.0007952224696055055 0.06935491412878036 0.04561176896095276 0.0367734394967556 -0.01719856448471546 0.03930864483118057 -0.029620854184031487 -0.06580382585525513 -0.03313370421528816 -0.01959490403532982 0.08275440335273743 -0.0023872111923992634 0.047821786254644394 -0.10272344201803207 -0.03517691418528557 0.08000116795301437 -0.07436515390872955 -0.09083084017038345 0.009181180968880653 0.11370079219341278 0.05003216862678528 -0.014834223315119743 0.028616486117243767 0.00645857397466898 -0.07065122574567795 0.09957701712846756 -0.025109106674790382 -0.04264754056930542 0.07872483134269714 0.00828548613935709 0.09446552395820618 0.024966783821582794 -0.027217667549848557 -0.07351130247116089 0.009185541421175003 -0.026521945372223854 0.040040094405412674 0.14842043817043304 -0.08268678188323975 -0.12172422558069229 0.0673917904496193 0.08055952191352844 0.11814378201961517 0.08392298966646194 0.12453310936689377 0.10383980721235275 -0.025940893217921257 0.01181123685091734 -0.010250626131892204 0.10991151630878448 -0.038178589195013046 0.07405897974967957 0.023981327190995216 -0.0978425145149231 0.03902529925107956 -0.12234465777873993 -0.07599783688783646 0.06884497404098511 0.0914674773812294 0.046636439859867096 -0.06523498892784119 0.10552389919757843 0.03284890204668045 -0.06937383115291595 0.09728622436523438 0.03923172503709793 -0.07461607456207275 0.10313494503498077 0.0779571458697319 -0.08655937016010284 0.10044831037521362 0.11732888221740723 0.107185497879982 0.0019038954051211476 -0.026072490960359573 0.008558492176234722 0.08706777542829514 -0.01640889048576355 -0.13085050880908966 -0.02144039236009121 0.03346752002835274 -0.026363437995314598 0.06790336221456528 -0.033170927315950394 -0.06749580055475235 0.044064927846193314 -0.00397713715210557 -0.08005598187446594 -0.16677498817443848 -0.028211809694767 0.04737795516848564 0.012745048850774765 0.1202494353055954 -0.08349344879388809 -0.08382715284824371 0.061090707778930664 -0.10141854733228683 -0.055790018290281296 -0.015453044325113297 0.021511590108275414 0.049786534160375595 0.04340800270438194 -0.027956895530223846 -0.03693165257573128 0.016622398048639297 0.027481453493237495 0.10862117260694504 -0.05598590150475502 -0.05941300839185715 -0.09255602210760117 0.10612519830465317 -0.06783701479434967 -0.09030772745609283 0.04502607882022858 0.041893891990184784 -0.11266618967056274 0.07783406227827072 0.05896851047873497 0.06038915365934372 -0.08452264964580536 0.01609107479453087 -0.010604546405375004 -0.024569496512413025 0.013322296552360058 -0.08109752833843231 -0.038968343287706375 0.0274541974067688 -0.059357888996601105 -0.0026492392644286156 0.07344046980142593 -0.0020232631359249353 -0.03173532709479332 0.059709709137678146 -0.009024342522025108 -0.04884931072592735 0.036394357681274414 -0.07016181945800781 -0.07926817238330841 0.03760135546326637 -0.005481638479977846 -0.05169049650430679 0.07223311811685562 0.05698712542653084 0.02878917194902897 0.0049556707963347435 0.09278363734483719 0.07878906279802322 0.12016487121582031 0.011945799924433231 -0.0396447516977787 -0.050453368574380875 -0.13989092409610748 0.10853631794452667 0.0489024855196476 -0.03528395667672157 0.040051400661468506 -0.042609550058841705 -0.011044317856431007 0.07858964800834656 -0.10706934332847595 -0.12121138721704483 0.04075842350721359 0.08251667767763138 0.01199842244386673 0.05067033693194389 -0.04323487728834152 -0.12051378190517426 -0.04087413474917412 -0.0760381817817688 -0.015326553955674171 -0.05922456458210945 -0.0802745521068573 0.11007755994796753 -0.014937211759388447 0.03118186816573143 -0.10532261431217194 0.003273065434768796 -0.08274193853139877 0.07483363151550293 -0.03463532775640488 -0.017232036218047142 -0.0528031662106514 0.08699335902929306 -0.08605340868234634 0.045253630727529526 0.028583437204360962 -0.06522440910339355 0.008394335396587849 -0.049269501119852066 -0.02653513289988041 0.08868937194347382 -0.10517441481351852 -0.1532677263021469 -0.008336632512509823 0.09803694486618042 -0.006259241607040167 0.14299027621746063 0.07060641795396805 0.0870121419429779 0.1235172301530838 0.01893531158566475 -0.09911312162876129 0.0896369069814682 -0.01865769922733307 -0.0068495371378958225 -0.0641024187207222 -0.04334784671664238 0.053812433034181595 -0.12788227200508118 0.06926291435956955 0.03316212072968483 0.06654959917068481 -0.12642812728881836 -0.01173131912946701 0.0847911685705185 0.049543432891368866 -0.0169359240680933 -0.03273311257362366 0.10783117264509201 0.009616957046091557 0.09741010516881943 0.02939711883664131 -0.12450068444013596 -0.004464012570679188 -0.049261219799518585 0.0003575321170501411 -0.08621183037757874 -0.06474944949150085 0.017606286332011223 -0.0499294139444828 0.04052312299609184 0.075643390417099 -0.08156237006187439 -0.0960678905248642 0.010480256751179695 -0.02641354687511921 0.0032100628595799208 0.012546478770673275 -0.1025034710764885 0.011709723621606827 0.037562046200037 -0.08074329793453217 -0.08578231185674667 -0.07769279181957245 0.008195172064006329 0.11766720563173294 0.03785773366689682 -0.028428513556718826 -0.05630309134721756 -0.09450065344572067 0.09815090894699097 -0.05408959835767746 -0.09876399487257004 -0.05543486773967743 -0.017537744715809822 -0.007517367135733366 0.07101867347955704 -0.004852814134210348 0.026499807834625244 0.014861910603940487 -0.08480905741453171 0.05221934989094734 0.047812268137931824 0.010117421858012676 0.06915193796157837 -0.05901990085840225 -0.11868461966514587 0.02715226076543331 0.10224328190088272 0.027801135554909706 0.032849401235580444 0.1370754987001419 0.05844917520880699 0.04313977435231209 -0.1103951558470726 0.08905951678752899 -0.08533552289009094 -0.07550934702157974 -0.023675503209233284 -0.07898740470409393 0.030078252777457237 -0.05369065701961517 0.10147619992494583 -0.1110963448882103 -0.08490108698606491 -0.004980932921171188 -0.11591091752052307 0.09899494796991348 -0.10274403542280197 -0.06646537035703659 -0.04093853756785393 -0.01050441712141037 -0.08291652053594589 0.13843245804309845 -0.019273996353149414 -0.09054321050643921 -0.01662500388920307 -0.06767305731773376 -0.13835766911506653 0.047189511358737946 -0.014675837941467762 -0.12783433496952057 -0.05169830471277237 0.08493118733167648 0.030040789395570755 0.06569129973649979 -0.0714166909456253 0.08791179955005646 -0.02388680726289749 0.06585296988487244 0.03530319035053253 -0.07368485629558563 -0.04924698919057846 0.11019338667392731 0.044703274965286255 0.10557308793067932 0.05627074092626572 0.07002260535955429 0.006190252024680376 -0.05239652469754219 -0.08821375668048859 0.0884036123752594 -0.12108346819877625 0.09985901415348053 0.053070202469825745 -0.0417432077229023 0.006975925527513027 0.10289481282234192 -0.07300341129302979 0.0293454397469759 -0.09280948340892792 -0.10970893502235413 0.10133731365203857 -0.0055397734977304935 0.09351067245006561 -0.11641600728034973 -0.08519361913204193 -0.06313368678092957 -0.08286578208208084 -0.008375178091228008 -0.05594876408576965 0.025426048785448074 0.13303640484809875 0.07706102728843689 -0.13671107590198517 0.09631887823343277 -0.10188750177621841 -0.029962271451950073 -0.018364449962973595 0.004206954035907984 -0.005975173786282539 0.09148087352514267 0.12985330820083618 -0.06680388003587723 0.006033068988472223 0.005923455115407705 -0.15037207305431366 -0.07368270307779312 -0.02723914198577404 0.09329853951931 -0.16063790023326874 -0.037858735769987106 0.09124559164047241 0.1146077886223793 0.07872115820646286 -0.08166036009788513 0.0979701429605484 -0.011495856568217278 0.016376936808228493 -0.09614326804876328 -0.06859996169805527 0.15395157039165497 -0.07169432193040848 -0.0019440889591351151 0.010869939811527729 -0.04104703292250633 0.12046787887811661 -0.02483910508453846 0.02478807419538498 -0.05695681646466255 -0.09486074000597 0.04501189664006233 -0.03093361295759678 -0.08667276799678802 0.012082040309906006 -0.027228163555264473 -0.10318619012832642 0.10629183799028397 0.12139128893613815 -0.1086496040225029 -0.02207498624920845 0.0445912666618824 -0.0414850190281868 -0.08972389996051788 -0.11836115270853043 -0.09429085999727249 -0.08684847503900528 -0.032985471189022064 -0.08497035503387451 0.025808289647102356 0.07355310767889023 0.03488658741116524 0.10747391730546951 0.03870408982038498 0.05516865849494934 -0.09298191964626312 0.03665263578295708 0.10463559627532959 0.08722363412380219 0.009577123448252678 -0.050089605152606964 -0.022692037746310234 -0.0991392731666565 -0.028260651975870132 -0.03699485957622528 0.06287478655576706 -0.062293827533721924 0.06335458159446716 -0.030490797013044357 0.0015155327273532748 -0.03821529075503349 -0.06584526598453522 0.12231305986642838 -0.040087468922138214 0.12863865494728088 0.08895168453454971 0.08483534306287766 0.12072142213582993 0.03608132153749466 -0.06263371556997299 0.08435127884149551 -0.019015921279788017 -0.004126971587538719 -0.0696641281247139 -0.11711076647043228 0.13624736666679382 0.09800205379724503 -0.04495960846543312 0.035238154232501984 0.07188849151134491 0.01242850348353386 -0.07424283027648926 0.06651436537504196 0.035983338952064514 -0.055694181472063065 -0.11189428716897964 0.03308236226439476 -0.11039012670516968 -0.06794048100709915 -0.003659832989796996 -0.027897236868739128 0.05602013319730759 -0.11365488916635513 0.0951693058013916 -0.051389649510383606 -0.032296840101480484 0.004902607761323452 -0.025458645075559616 0.012047587893903255 0.08540263772010803 -0.010303232818841934 -0.10702303051948547 -0.030638553202152252 -0.05274420231580734 -0.1195276528596878 -0.025928068906068802 0.11590256541967392 0.025985047221183777 -0.03941557556390762 -0.11657875031232834 0.02706880494952202 0.032621726393699646 -0.04889765754342079 0.08468431979417801 0.07321751862764359 -0.13630527257919312 -0.14963997900485992 -0.13242048025131226 0.0945529043674469 0.06574606895446777 -0.010102828964591026 0.08458251506090164 0.11483675241470337 0.03364461660385132 0.0906473696231842 0.016325918957591057 0.1124146580696106 0.0435379259288311 0.015541181899607182 0.030608460307121277 -0.08462008833885193 0.008701725862920284 -0.05282243713736534 -0.002801261842250824 -0.060764141380786896 0.06888777017593384 -0.12620477378368378 0.015099852345883846 -0.01645589992403984 -0.1296185553073883 0.0725829228758812 0.0576932393014431 0.029602257534861565 0.08782178163528442 0.08458776772022247 -0.0356808677315712 -0.02161882072687149 0.06749991327524185 -0.12844303250312805 0.036521244794130325 0.05062312260270119 -0.061319511383771896 -0.03808872401714325 -0.13608959317207336 -0.03710639476776123 0.09545839577913284 -0.05539121478796005 0.004099260549992323 0.0682203471660614 -0.11692864447832108 -0.00835639052093029 -0.042334359139204025 0.05675729364156723 0.07971759885549545 -0.05325888842344284 -0.10406086593866348 0.07123076170682907 0.0013458265457302332 0.06486880034208298 -0.06066868454217911 0.011095480062067509 -0.008319969289004803 0.059676989912986755 0.08487248420715332 -0.10006941109895706 0.12239821255207062 -0.10832168906927109 0.0027707889676094055 0.04412958398461342 0.04960017651319504 -0.006137136835604906 -0.01730133779346943 0.10216201096773148 0.016207728534936905 -0.12381306290626526 0.04655957967042923 0.09027821570634842 0.0649324506521225 -0.0018485686741769314 0.08300384134054184 0.05379652976989746 -0.01757882535457611 -0.030628742650151253 0.03219018876552582 -0.0889105349779129 0.03378620743751526 -0.060103096067905426 0.03478862717747688 -0.09393925219774246 0.009085084311664104 0.08250819891691208 0.0791873186826706 0.09991489350795746 0.005951391067355871 0.11750850081443787 -0.009757583029568195 -0.07873915880918503 0.08551640063524246 -0.07785634696483612 0.1257968693971634 -0.05501439794898033 -0.09505143761634827 0.02648538537323475 0.05144239589571953 -0.12582750618457794 -0.01999945379793644 -0.0592583566904068 0.07202569395303726 -0.04286060109734535 0.10153941810131073 0.13612116873264313 0.12474028021097183 0.006770954467356205 -0.07010741531848907 -0.11386546492576599 0.05119102820754051 0.03636110946536064 -0.04370426759123802 -0.028827950358390808 -0.0334601104259491 0.09482736140489578 -0.03351834788918495 -0.08586349338293076 0.03822074830532074 -0.07966209203004837 -0.044332634657621384 -0.034825798124074936 -0.050776802003383636 0.10859158635139465 0.09291288256645203 -0.05578230321407318 0.04596099629998207 -0.1164778620004654 0.051867514848709106 0.08985835313796997 -0.11090706288814545 0.00094802730018273 -0.0969473272562027 -0.021277152001857758 -0.03506993129849434 0.030989881604909897 0.040633443742990494 0.12181660532951355 -0.11557414382696152 -0.03045062907040119 0.09751459211111069 0.05016734451055527 0.07960403710603714 -0.045202817767858505 0.07278256118297577 -0.09304828941822052 -0.030573245137929916 0.04516776278614998 -0.015277470462024212 0.08681340515613556 -0.016802707687020302 -0.0013932102592661977 0.07256604731082916 -0.0887284055352211 0.002951144240796566 0.0878487303853035 0.12382970750331879 0.023000778630375862 0.06659532338380814 0.06464793533086777 0.06485722213983536 0.049593277275562286 -0.0018752457108348608 -0.02684447355568409 0.043226458132267 -0.027384979650378227 -0.08384430408477783 -0.07798715680837631 0.061914946883916855 -0.07380162924528122 0.05793840438127518 0.08046255260705948 0.07628069818019867 -0.08637475222349167 -0.07688584923744202 0.003391888225451112 0.04338666796684265 0.020415009930729866 -0.008098050020635128 -0.047682732343673706 -0.04718291386961937 0.0792352482676506 0.10713273286819458 -0.05630995333194733 -0.0638546273112297 -0.08456574380397797 -0.03593885898590088 -0.028437018394470215 -0.11269380152225494 -0.06677886098623276 0.08894914388656616 0.047185685485601425 -0.12819184362888336 0.1044686809182167 -0.01430764701217413 0.08246590942144394 0.04334825649857521 -0.07387571781873703 0.004698531702160835 0.03729167580604553 -0.10500457882881165 -0.1034405454993248 0.021256281062960625 0.09784957766532898 -0.016655484214425087 -0.12568551301956177 0.08033772557973862 0.06321793794631958 0.00844489224255085 0.05376878008246422 0.03998658433556557 0.061462827026844025 0.0889640673995018 0.06072636693716049 -0.011208160780370235 0.042084746062755585 0.11276209354400635 -0.11535581201314926 -0.10493213683366776 0.09136837720870972 -0.06428997963666916 0.0644116923213005 0.02872418984770775 0.01177202258259058 -0.08260642737150192 0.08349490910768509 -0.05272309482097626 -0.039358001202344894 -0.05057869106531143 -0.0687592476606369 -0.021800601854920387 0.06275751441717148 -0.06314385682344437 0.049498021602630615 0.06656850129365921 0.08798471093177795 -0.01670612208545208 -0.027310974895954132 -0.07027793675661087 0.04375486820936203 0.10907495766878128 0.079962819814682 0.1338506042957306 -0.05019740015268326 -0.01441956777125597 -0.04312669858336449 -0.04648329317569733 0.008735415525734425 -0.03296967223286629 0.09802363067865372 0.13082394003868103 -0.07834083586931229 -0.11459042131900787 0.015725325793027878 -0.06652746349573135 -0.010295161046087742 0.05408128350973129 0.09180419147014618 0.10274118185043335 -0.03562496230006218 0.0529973991215229 -0.07130692154169083 0.052532464265823364 0.05995043367147446 0.07537376135587692 -0.04775279387831688 0.11235222220420837 -0.11567363888025284 0.04763421416282654 -0.06307265162467957 -0.07151255756616592 -0.04415346309542656 0.06669434905052185 -0.03994635492563248 0.041281651705503464 -0.00024453955120407045 -0.08527181297540665 0.00796039029955864 0.08314784616231918 0.022954432293772697 0.052544109523296356 0.008444435894489288 0.046340011060237885 0.04779262840747833 0.10781975090503693 0.08108483999967575 0.11738983541727066 -0.040676794946193695 0.014040115289390087 0.00040402464219368994 -0.08549325913190842 -0.07733731716871262 -0.0994139239192009 -0.020777627825737 0.06982585042715073 0.0038457855116575956 0.007809729781001806 0.13296137750148773 0.0838896706700325 0.011966099962592125 0.11295489966869354 -0.04794822633266449 -0.11033542454242706 -0.010315707884728909 0.013477431610226631 0.06737265735864639 0.06600262224674225 -0.013162113726139069 0.04817171394824982 -0.09806410223245621 0.02611018531024456 0.07222793251276016 -0.02268373966217041 -0.11960362643003464 -0.0203879252076149 -0.07058313488960266 -0.0494326576590538 -0.06610359996557236 -0.033905208110809326 -0.048371363431215286 0.05492662638425827 0.011484467424452305 -0.03880128264427185 0.0776805579662323 -0.08131963759660721 -0.06547524780035019 0.1047150194644928 0.061953745782375336 -0.1337752491235733 -0.013922073878347874 0.02771100401878357 -0.06219401955604553 0.04657559469342232 0.02162356674671173 0.01981029473245144 0.054272983223199844 -0.09364378452301025 0.10054975748062134 0.009944213554263115 0.0076384530402719975 -0.049401551485061646 -0.0880032554268837 0.004700520541518927 0.07718606293201447 0.041781023144721985 0.03371768444776535 0.01529725082218647 -0.01982833258807659 -0.09657135605812073 -0.02145916409790516 -0.037438418716192245 0.08883380144834518 -0.011018237099051476 -0.005724282003939152 -0.022190602496266365 -0.050859369337558746 -0.09053471684455872 0.060519903898239136 -0.0024113028775900602 0.08321568369865417 -0.07373696565628052 -0.0587049163877964 -0.014879729598760605 -0.013444960117340088 0.02817525342106819 0.03416508436203003 0.09323626011610031 0.04502451419830322 0.012613514438271523 -0.059883251786231995 0.1278124302625656 0.02767891250550747 -0.08668791502714157 0.045491863042116165 0.02862527035176754 0.12017329037189484 0.08525365591049194 0.062356118112802505 0.07105957716703415 0.03960229828953743 0.10889702290296555 -0.09213925898075104 0.028010040521621704 -0.0627211481332779 0.008373896591365337 0.05519111827015877 0.10398495197296143 -0.055863264948129654 -0.029216453433036804 0.11797867715358734 -0.021375266835093498 -0.08195062726736069 0.05167136713862419 0.03509220853447914 -0.00562633853405714 0.0740758404135704 0.13896037638187408 -0.11572017520666122 0.12915748357772827 0.07738054543733597 0.10944326967000961 -0.019085293635725975 -0.05726884678006172 0.004194215871393681 0.001114344922825694 -0.046379879117012024 -0.037193674594163895 0.039026569575071335 -0.11024447530508041 0.014648059383034706 0.09814894199371338 0.028403468430042267 -0.03045044280588627 0.035433609038591385 -0.08333632349967957 0.06325459480285645 0.05075391009449959 -0.05142161622643471 -0.07810553163290024 -0.0765841007232666 0.049409471452236176 0.11722849309444427 0.02961743250489235 -0.10740774869918823 -0.02601422742009163 -0.06708574295043945 0.027433302253484726 -0.09544650465250015 0.03354554995894432 -0.045712415128946304 0.11234936863183975 -0.012657796032726765 0.022421235218644142 0.02346600592136383 0.06977666169404984 0.07074683159589767 0.09418759495019913 0.09761528670787811 0.021247949451208115 -0.040357209742069244 0.09149428457021713 0.013080412521958351 0.021076632663607597 -0.009850893169641495 -0.05444763973355293 -0.031894125044345856 0.07741539925336838 0.10481167584657669 0.08127689361572266 -0.07144322991371155 0.11509572714567184 -0.049568045884370804 -0.07967125624418259 -0.03680561110377312 -0.0029526432044804096 -0.06667762994766235 0.03681953251361847 0.04337826371192932 -0.00855147372931242 -0.06798546761274338 -0.09620828926563263 -0.007267615757882595 -0.1116393506526947 -0.03074646182358265 0.06920307129621506 -0.06809908151626587 0.10087266564369202 0.016159964725375175 0.04042762145400047 0.10924600809812546 0.07390978187322617 0.06711872667074203 -0.013270849362015724 -0.07476911693811417 0.07473764568567276 0.020738933235406876 -0.03892693296074867 -0.013754649087786674 0.045546576380729675 0.011180663481354713 0.013537069782614708 -0.09759785979986191 0.009661221876740456 -0.07641276717185974 0.08320744335651398 -0.03277556598186493 0.047438327223062515 -0.0954040139913559 0.10087072849273682 0.08133837580680847 0.009917530231177807 0.05003347247838974 0.07316870987415314 0.0631074532866478 0.059361279010772705 0.10574186593294144 -0.10512273013591766 -0.10535396635532379 0.0856606736779213 -0.04159918799996376 -0.056813087314367294 0.02190903201699257 -0.09082424640655518 0.044425804167985916 0.034330226480960846 0.06319577246904373 -0.012812912464141846 0.11564022302627563 -0.10990951955318451 0.1328132301568985 0.12387176603078842 -0.08232677727937698 -0.040904320776462555 -0.1337447613477707 0.033574506640434265 -0.07844725251197815 0.07712918519973755 0.06230064481496811 0.06861347705125809 0.021657653152942657 -0.07211090624332428 -0.02589261904358864 0.04322395473718643 -0.019435662776231766 0.02964341640472412 -0.04219985753297806 0.005421584006398916 -0.019458584487438202 0.09086696803569794 -0.06230619549751282 0.06548525393009186 -0.10056368261575699 0.018197134137153625 0.004175438545644283 0.019846893846988678 -0.04004662483930588 -0.03150174394249916 0.013396850787103176 -0.10208237171173096 0.09378150850534439 0.04653900861740112 0.12233804166316986 -0.11799325793981552 -0.03716691955924034 0.09081412106752396 0.05698995664715767 -0.021605094894766808 0.09182828664779663 -0.0066327424719929695 0.04972470924258232 -0.0848909392952919 -0.051580242812633514 0.033077776432037354 -0.0543125681579113 0.002728158375248313 -0.00681735435500741 0.0033914665691554546 -0.03391091525554657 0.07850421220064163 -0.021964149549603462 -0.03879246115684509 -0.06179935485124588 -0.007580458652228117 0.025632943958044052 -0.10545951873064041 0.06465175747871399 -0.032757069915533066 0.04357123002409935 0.04629010334610939 -0.08866248279809952 -0.020119797438383102 0.052699316293001175 0.06301567703485489 0.063465416431427 -0.10979481786489487 -0.07884272933006287 0.04495799168944359 -0.03438326716423035 0.017711428925395012 0.07170450687408447 -0.0440174862742424 -0.09791987389326096 -0.07735434919595718 0.06708790361881256 -0.033882785588502884 0.03214556351304054 -0.0013652000343427062 -0.11657361686229706 0.1319829672574997 0.026212451979517937 -0.03592165932059288 0.009461186826229095 0.011732028797268867 -0.024461066350340843 -0.03101298399269581 -0.02294371835887432 -0.04523678123950958 0.0075463359244167805 0.09221800416707993 0.096520334482193 0.08843501657247543 -0.01195437740534544 -0.12375108897686005 0.10491115599870682 0.02784799411892891 -0.027798838913440704 -0.03428075090050697 -0.07197203487157822 -0.08008520305156708 -0.01915735937654972 -0.030726991593837738 0.007212575990706682 -0.11748342216014862 -0.14109686017036438 0.07968078553676605 0.09460670500993729 -0.028138091787695885 0.0024424572475254536 -0.0074472506530582905 0.02306859754025936 0.012880658730864525 0.0034470688551664352 0.007725916802883148 -0.020641453564167023 0.011658813804388046 -0.03887319564819336 -0.0685136616230011 0.0256725512444973 0.11169110983610153 -0.025124644860625267 0.028001703321933746 -0.07997052371501923 0.07394397258758545 -0.11581386625766754 -0.047287579625844955 -0.006294957362115383 -0.04331599548459053 0.05668385326862335 0.02786429598927498 -0.08703946322202682 0.012094086967408657 -0.047099947929382324 -0.07790037989616394 0.06881436705589294 -0.047960732132196426 0.08334105461835861 0.0601285845041275 0.11286233365535736 0.1164717748761177 0.06430810689926147 0.12821552157402039 0.03807823732495308 -0.08608868718147278 0.03278793394565582 0.10620580613613129 0.08633232116699219 0.00814034603536129 -0.023243943229317665 0.08135797083377838 0.032984934747219086 -0.01933416724205017 0.009999935515224934 -0.029346441850066185 0.0440872460603714 -0.1084698960185051 0.00733068585395813 -0.048202015459537506 0.010675518773496151 -0.08681486546993256 -0.07800666242837906 0.02212739735841751 0.025599900633096695 0.12043251097202301 -0.08415508270263672 -0.008947272785007954 -0.02632061019539833 0.10605472326278687 0.024014689028263092 0.005183002445846796 0.08344639837741852 -0.009589037857949734 0.011232935823500156 -0.04783733934164047 0.13326865434646606 0.009050097316503525 -0.10855275392532349 -0.010667390190064907 -0.07971116900444031 0.09028594940900803 -0.05558061972260475 -0.04058988019824028 0.053513117134571075 0.10262471437454224 -0.08516798168420792 0.06116669625043869 -0.03225173056125641 0.09650993347167969 0.0012655151076614857 0.02918441779911518 0.02642887458205223 0.12888295948505402 0.07425056397914886 -0.0939965546131134 -0.07693028450012207 0.07226493954658508 -0.017491361126303673 0.011882870458066463 0.04214834049344063 0.09369925409555435 0.11771639436483383 -0.06642332673072815 0.0970761626958847 0.049197468906641006 0.06277540326118469 0.059160877019166946 0.009195159189403057 0.05537278577685356 -0.0811128318309784 -0.07212468981742859 -0.047132913023233414 0.02691318653523922 -0.033742502331733704 -0.030303841456770897 0.10783053189516068 0.11378324776887894 0.06738997995853424 0.05802062898874283 0.003831409616395831 0.04277844727039337 0.033731911331415176 0.0882074311375618 -0.14228762686252594 -0.029935520142316818 0.07302116602659225 0.024239489808678627 0.11730320751667023 0.050981272011995316 -0.05238253250718117 0.06038511171936989 -0.10550948977470398 -0.09969750791788101 -0.12052295356988907 -0.08101847022771835 -0.11497384309768677 0.05226223170757294 -0.006614419631659985 -0.035365305840969086 0.011397689580917358 -0.02976725995540619 0.09762533754110336 0.039506904780864716 0.08381720632314682 -0.04501739516854286 -0.03422926366329193 -0.0417686402797699 0.09835034608840942 -0.10505542159080505 0.07102003693580627 -0.09595254808664322 0.0023509240709245205 0.0994708314538002 -0.01422346942126751 0.01159331202507019 -0.037868134677410126 -0.0729064792394638 -0.02204776182770729 0.06130598485469818 -0.11919021606445312 -0.11081603169441223 -0.0068175578489899635 0.053133297711610794 0.011647192761301994 -0.05308059975504875 0.11849542707204819 0.006131015717983246 0.12658584117889404 0.07040881365537643 0.07131639868021011 0.052837539464235306 -0.0032265866175293922 -0.0389762781560421 -0.03048514761030674 -0.11551456898450851 -0.04137897863984108 0.11779815703630447 -0.05672449246048927 -0.0989215075969696 -0.09165003895759583 -0.09050294011831284 -0.04856307804584503 0.028998244553804398 0.093413807451725 0.10688544064760208 -0.055360641330480576 0.10645201802253723 -0.044413771480321884 -0.011264655739068985 -0.03665011003613472 0.022901635617017746 -0.13303770124912262 0.0032699129078537226 -0.10499491542577744 -0.07971937209367752 0.06548412889242172 0.008799856528639793 0.04705533757805824 -0.04312188923358917 0.11199861019849777 -0.04652373492717743 0.04376896470785141 -0.03711307421326637 -0.0016829542582854629 0.09158197790384293 0.10094805806875229 0.1245250403881073 -0.026765093207359314 0.10006731003522873 -0.12458110600709915 0.11719495803117752 0.09880746901035309 0.01056351512670517 0.12359379976987839 -0.1038825735449791 -0.016560213640332222 -0.019671393558382988 0.05136144906282425 -0.013830735348165035 -0.10969586670398712 -0.1015121266245842 -0.061696723103523254 0.10763957351446152 0.06814047694206238 0.10575950145721436 -0.010513510555028915 0.08108925074338913 -0.06432070583105087 0.06375329941511154 0.029923783615231514 0.12096229940652847 0.10769404470920563 -0.09722764790058136 -0.1008315235376358 -0.05881483852863312 -0.040742967277765274 -0.0872613787651062 0.0563904345035553 0.10530085116624832 0.07959100604057312 -0.0018943767063319683 -0.07272566854953766 0.14211145043373108 -0.04423326998949051 0.1212407574057579 -0.13169553875923157 0.014598343521356583 0.040352098643779755 -0.10161010175943375 0.09034880250692368 -0.02903865836560726 -0.04854690283536911 0.04286861792206764 -0.012222726829349995 -0.027106674388051033 0.08643784373998642 -0.09290757775306702 0.08873048424720764 -0.03606832027435303 -0.11160045862197876 0.08920780569314957 -0.1339227259159088 -0.09971792995929718 0.1005830466747284 0.10345392674207687 -0.03130374103784561 0.03710872307419777 0.07886394113302231 0.02348954789340496 -0.013714758679270744 -0.02447645738720894 -0.039976976811885834 0.11461355537176132 -0.07341258227825165 -0.1559501588344574 0.012497126124799252 0.01119622215628624 0.03039846569299698 -0.1336003839969635 -0.05545155704021454 -0.09439700841903687 0.01811802200973034 -0.014351698569953442 -0.10418740659952164 -0.11353661864995956 -0.022043125703930855 -0.03293364867568016 -0.05407072976231575 0.02276208996772766 0.054713550955057144 -0.06799960136413574 -0.16499407589435577 -0.001174586359411478 -0.0062783691100776196 0.151485875248909 0.12038078159093857 -0.04306252300739288 0.05576115474104881 0.06285399943590164 0.03663460165262222 -0.1078142374753952 0.03227638080716133 -0.08788134902715683 0.060113806277513504 0.10212451964616776 0.006914437282830477 -0.03433278575539589 -0.05152580514550209 0.04708072543144226 -0.11984793096780777 0.03143198788166046 -0.03319016098976135 -0.05403927341103554 0.14433316886425018 0.03066295199096203 -0.11651857942342758 -0.12956629693508148 -0.09188203513622284 -0.09761396050453186 -0.11388243734836578 -0.0024437701795250177 0.03530751168727875 -0.04202360287308693 -0.1570466011762619 -0.005490867421030998 0.04353097453713417 0.12709011137485504 0.06685183197259903 0.020629605278372765 0.13473664224147797 -0.028423743322491646 0.061315711587667465 0.021925123408436775 0.06342095136642456 -0.03145435452461243 -0.08135879784822464 0.10305672883987427 0.10974372178316116 -0.10621330142021179 -0.10735751688480377 -0.005892739165574312 0.11300560086965561 -0.12910951673984528 0.008457494899630547 0.00659951101988554 -0.003903290955349803 -0.07909799367189407 0.06600891798734665 -0.13009484112262726 -0.14262668788433075 0.05962671712040901 -0.0556139312684536 0.05828063562512398 0.010887169279158115 -0.0992901474237442 0.11700332164764404 -0.08571957051753998 -0.012756411917507648 0.11062206327915192 0.005954416934400797 -0.11551139503717422 -0.024044686928391457 0.004946019034832716 0.0698591023683548 0.132919579744339 0.11129248887300491 0.1444893330335617 0.10510007292032242 -0.028626153245568275 0.07170374691486359 0.05986957997083664 -0.0014649847289547324 -0.08081556856632233 -0.14219357073307037 -0.06480861455202103 0.0056067779660224915 -0.06989394873380661 -0.08486765623092651 -0.13351544737815857 -0.003185284323990345 -0.013634160161018372 0.032334279268980026 0.05891461297869682 0.0594361238181591 0.11683561652898788 0.004601479507982731 -0.14040718972682953 0.05144142359495163 0.03959718719124794 -0.033304717391729355 0.11618951708078384 0.14468348026275635 -0.08254162967205048 0.010232358239591122 -0.027339689433574677 0.027469251304864883 -0.044092077761888504 0.031538523733615875 0.040440451353788376 0.010423818603157997 -0.0764075294137001 0.03168440982699394 0.03913687914609909 0.11900687217712402 0.10682780295610428 -0.07902447134256363 -0.10898566246032715 -0.03682129085063934 -0.07742443680763245 0.10580869764089584 -0.08232162892818451 -0.15547394752502441 0.036990560591220856 -0.08557549864053726 -0.03880838677287102 -0.014418195001780987 -0.10265249013900757 -0.11164509505033493 -0.08341841399669647 0.025986451655626297 -0.07414552569389343 0.04062243551015854 -0.08847135305404663 0.10904805362224579 -0.14125587046146393 -0.12087554484605789 -0.08961596339941025 -0.0981903150677681 0.13960504531860352 0.07745593041181564 -0.055779799818992615 0.014380051754415035 0.05765657499432564 -0.023438485339283943 -0.07051106542348862 0.08892069011926651 -0.04757988080382347 -0.08785897493362427 0.0832989513874054 -0.10544055700302124 -0.04311009868979454 -0.01053864136338234 -0.03229595348238945 -0.015627238899469376 0.04597371444106102 -0.08948348462581635 -0.09312666952610016 0.018960971385240555 0.11644772440195084 -0.06584219634532928 0.08455384522676468 0.0022645757999271154 -7.106387784006074e-05 -0.09242850542068481 0.04504799842834473 -0.08199435472488403 -0.05432911589741707 0.06094985455274582 -0.13355287909507751 -0.03452720865607262 -0.016131214797496796 -0.01478729210793972 -0.06318335235118866 -0.01378312986344099 0.06432284414768219 -0.09872850775718689 0.0798940435051918 0.04116596654057503 -0.10877691954374313 -0.02084779366850853 -0.12349537760019302 0.030509712174534798 0.004461642354726791 0.0549207367002964 -0.05504637584090233 0.044638797640800476 0.02831762470304966 -0.07588905096054077 -0.04802754148840904 -0.020466750487685204 0.013495598919689655 -0.1533604860305786 -0.05413186922669411 0.019722528755664825 0.07329105585813522 -0.06660663336515427 0.09435168653726578 0.14844873547554016 0.10036834329366684 0.049664776772260666 0.017332026734948158 -0.0708385482430458 0.12118108570575714 -0.06531866639852524 -0.03146180510520935 -0.01465163379907608 0.026401691138744354 0.005927068181335926 -0.07305388897657394 -0.09038205444812775 0.10036803781986237 -0.11658444255590439 0.07691581547260284 -0.13096702098846436 0.0665677934885025 0.09134671837091446 0.012437884695827961 -0.04066783934831619 0.12115795910358429 -0.10136625170707703 -0.08006788045167923 0.012904495000839233 0.016519026830792427 0.0809645727276802 -0.022376682609319687 -0.06826453655958176 -0.07703381031751633 0.007701998110860586 0.0369059257209301 0.009384023025631905 -0.08592193573713303 -0.013154814019799232 -0.12649866938591003 -0.11671137809753418 -0.01374982763081789 -0.08153960853815079 0.03504173457622528 0.01571611501276493 -0.023591166362166405 -0.10148357599973679 0.0017315112054347992 -0.1139075979590416 0.013088647276163101 0.08956616371870041 0.02353900857269764 -0.011964344419538975 0.027843493968248367 -0.01718929409980774 0.048375390470027924 0.02878628484904766 0.0011563149746507406 -0.07005082070827484 0.02908739447593689 -0.10266896337270737 0.05732728913426399 0.035840366035699844 -0.0466381274163723 -0.08642929047346115 0.03147565945982933 -0.09154840558767319 -0.12045223265886307 -0.0811363235116005 -0.047717027366161346 0.018327409401535988 0.03137177601456642 0.006198689807206392 0.03554251790046692 -0.12622109055519104 0.0582365021109581 0.021044718101620674 -0.01570824347436428 0.08638224750757217 -0.04745287448167801 -0.003503795014694333 -0.11230386048555374 0.09058632701635361 0.08207128942012787 -0.03701405972242355 -0.04603670910000801 0.10537736862897873 -0.05104551091790199 0.08404674381017685 0.021996337920427322 0.009264174848794937 0.07572589069604874 -0.05218341946601868 -0.014078294858336449 -0.025598550215363503 -0.012849335558712482 0.04273201897740364 0.09503574669361115 -0.08854157477617264 -0.049248307943344116 0.07907380163669586 0.02263878472149372 -0.12174247205257416 -0.07792467623949051 -0.07745180279016495 0.08867703378200531 0.003651927225291729 -0.06044960394501686 0.03803020715713501 0.036444488912820816 0.09765174984931946 0.10070952028036118 -0.033340003341436386 -0.024665698409080505 -0.031570058315992355 0.01902949996292591 -0.03603218123316765 -0.03729085624217987 0.03443967550992966 0.04999752715229988 -0.06696505099534988 -0.013763878494501114 0.02481081709265709 -0.07062748819589615 0.07345834374427795 0.01146174781024456 0.02981499768793583 -0.008271140046417713 -0.0197425689548254 -0.0489833764731884 -0.00972350500524044 0.004290898330509663 -0.04862673580646515 -0.02296462096273899 -0.020062141120433807 0.02011125348508358 -0.11090393364429474 0.09126673638820648 0.04468061029911041 -0.08274015039205551 0.06411968916654587 -0.10620586574077606 -0.024980386719107628 -0.07220212370157242 -0.004311216529458761 0.019665051251649857 0.03655055910348892 0.03997385501861572 0.052325036376714706 0.01623375341296196 -0.006663007661700249 -0.03495566174387932 -0.01611640304327011 0.08053702116012573 0.02951989136636257 -0.012964993715286255 -0.07664980739355087 -0.0872410386800766 0.027034902945160866 -0.05089639127254486 0.015160532668232918 -0.07077368348836899 0.024974476546049118 0.08943016827106476 -0.06920094043016434 0.045051150023937225 -0.04709063842892647 0.019366782158613205 -0.02566244639456272 -0.014330732636153698 0.030061401426792145 0.004282656591385603 -0.00414526741951704 0.0028638006187975407 -0.029463304206728935 0.0010933679295703769 -0.006052441895008087 -0.007745745126157999 0.0036825661081820726 -0.008123166859149933 -0.0028419303707778454 -0.01317306887358427 -0.008638537488877773 -0.01713530905544758 -0.006590545643121004 -0.02004299685359001 -0.0034423042088747025 -0.014857819303870201 -0.016581248492002487 -0.0314999483525753 -0.007094882894307375 -0.022856950759887695 -0.012593035586178303 -0.0034676617942750454 -0.008595661260187626 -0.0016522016376256943 -0.0013010901166126132 0.055653832852840424 -0.039498843252658844 -0.004670349415391684 0.027334125712513924 1.0669038601918146e-05 -0.026265593245625496 -0.004720783326774836 -0.0001308462378801778 0.0007790168165229261 0.005310813430696726 0.027662822976708412 0.0017846112605184317 0.023412983864545822 -0.017697632312774658 -0.012195533141493797 -0.004146102350205183 -0.01734716258943081 -0.009620153345167637 -0.0071491156704723835 -0.00029165399610064924 -0.005830612499266863 0.012335187755525112 -0.00858934223651886 0.03540900722146034 -0.010637179017066956 -0.006432240828871727 -0.009281343780457973 -0.00034565344685688615 0.04584937542676926 -0.0002364294050494209 -0.014628888107836246 -0.03814096376299858 0.008975300937891006 -0.030828548595309258 0.030183449387550354 -0.01846981793642044 0.0027142055332660675 0.01983090303838253 0.10418649762868881 -0.08562742173671722 0.07139688730239868 -0.09746327251195908 -6.577186286449432e-05 -0.10096729546785355 0.030264858156442642 0.0773387998342514 -0.024053728207945824 -0.00625433586537838 0.08384902775287628 -0.0894484743475914 -0.10592783987522125 0.0997784361243248 0.0957418903708458 -0.10209856927394867 0.042112354189157486 0.07385632395744324 -0.02133016660809517 0.01278725266456604 0.004820337053388357 0.100364550948143 0.11044473201036453 0.12707990407943726 0.0410599559545517 0.005067887715995312 0.04026069864630699 -0.11352359503507614 -0.061966512352228165 -0.06902851164340973 0.030453110113739967 0.09272142499685287 -0.010262844152748585 0.029372358694672585 -0.017108967527747154 -0.10375071316957474 0.07269694656133652 0.051957570016384125 0.013561409898102283 0.04898655414581299 0.08723372966051102 -0.08807442337274551 -0.08089340478181839 -0.02013719640672207 0.09144407510757446 0.08121170103549957 -0.005736072082072496 -0.049744993448257446 0.08540673553943634 -0.053292591124773026 -0.11496897786855698 0.02978602610528469 0.11111312359571457 -0.013919517397880554 0.023979557678103447 0.05157632380723953 0.03521091863512993 -0.1345917135477066 -0.025001611560583115 -0.0634971484541893 0.08773111552000046 0.10967149585485458 -0.050208766013383865 0.02930174022912979 -0.040783245116472244 0.04429246112704277 -0.034110214561223984 0.05887236073613167 0.029354961588978767 -0.12446098774671555 0.09879972040653229 -0.18903546035289764 0.1147351935505867 -0.057037439197301865 -0.07396766543388367 -0.029132887721061707 -0.04148244112730026 -0.027945414185523987 0.021695829927921295 0.13330397009849548 -0.10204203426837921 0.05851689726114273 0.0497087687253952 -0.015571906231343746 -0.10471613705158234 0.0693221315741539 0.06149667873978615 -0.10134908556938171 -0.0850365161895752 0.018796229735016823 -0.021085616201162338 0.11406788229942322 -0.02034691721200943 -0.002042096573859453 -0.07630680501461029 0.14271508157253265 -0.015240075066685677 -0.06884083151817322 0.05135757476091385 -0.12367972731590271 -0.08928739279508591 -0.17133936285972595 -0.06157444417476654 0.010993193835020065 -0.026630183681845665 0.06655386835336685 -0.15581898391246796 -0.0049965837970376015 0.059568505734205246 -0.056680526584386826 -0.0014433005126193166 0.016250474378466606 -0.08098185807466507 -0.009197949431836605 -0.1281042844057083 -0.0905204564332962 -0.06418038159608841 0.003944812808185816 -0.14477218687534332 -0.06370442360639572 -0.1046399399638176 0.06525909900665283 -0.1532904952764511 -0.033446189016103745 0.12450873851776123 0.07246844470500946 -0.08707233518362045 0.1547575443983078 -0.009515871293842793 -0.029661480337381363 0.04487559571862221 0.00641999114304781 -0.11351325362920761 -0.04838984087109566 0.01360996812582016 0.1003020778298378 -0.052756767719984055 -0.09193893522024155 0.014310247264802456 -0.0012247237609699368 -0.07098858058452606 -0.04440460726618767 -0.036514706909656525 0.09258037060499191 -0.04935053363442421 -0.0647444874048233 -0.04635482281446457 0.10543854534626007 -0.046789709478616714 -0.025426972657442093 0.05493863672018051 0.09966041147708893 0.02468780428171158 0.04651430994272232 -0.05114464834332466 -0.0237189419567585 -0.027352778241038322 -0.01542379055172205 -0.052292291074991226 0.025637276470661163 0.019603809341788292 0.02219597063958645 -0.08197998255491257 0.08521904051303864 -0.06144915521144867 0.05477853864431381 0.02249635010957718 -0.08558796346187592 0.08713039755821228 0.07987590879201889 0.10006875544786453 -0.003982126712799072 0.06648958474397659 -0.018203647807240486 -0.1269734501838684 -0.16216272115707397 -0.07523053139448166 -0.11645853519439697 0.03946376219391823 0.0243646502494812 -0.026216352358460426 0.025690242648124695 0.02269822545349598 0.021651383489370346 0.08516157418489456 -0.018451962620019913 0.05391799286007881 0.11309617012739182 -0.020031526684761047 0.022966615855693817 0.030495397746562958 0.06885313242673874 -0.16909798979759216 -0.05782628059387207 -0.01839207485318184 0.08117696642875671 0.08112397789955139 0.010462337173521519 0.05535225570201874 -0.07267460972070694 0.13399988412857056 -0.11892280727624893 0.09230151772499084 -0.17934562265872955 -0.06350941956043243 0.04787454009056091 -0.039212342351675034 -0.016789846122264862 -0.15201471745967865 -0.08657052367925644 -0.068153515458107 -0.007673787418752909 0.0297784935683012 0.09631327539682388 -0.02436147630214691 -0.04421664774417877 -0.03382427990436554 0.0015884933527559042 0.11041669547557831 0.046991195529699326 0.009520312771201134 -0.06876591593027115 -0.029903985559940338 -0.1334172636270523 0.0661567971110344 0.06380438059568405 -0.001396309700794518 0.06922826915979385 -0.08030880242586136 0.07532335072755814 -0.10383094847202301 -0.06335454434156418 -0.15535016357898712 0.06643255800008774 0.02215459942817688 0.04780155420303345 -0.016949599608778954 -0.005832578521221876 0.024156320840120316 -0.011234908364713192 -0.01779414527118206 0.010368959978222847 0.016251156106591225 0.08080532401800156 -0.026778167113661766 0.14002951979637146 0.07927057892084122 -0.07995312660932541 -0.036954257637262344 0.06903871893882751 -0.10995681583881378 -0.00015166695811785758 0.053415652364492416 0.053095486015081406 -0.06142031028866768 0.07620516419410706 -0.07950276881456375 -0.07602951675653458 0.022457946091890335 -0.10727356374263763 -0.08677452057600021 -0.050060611218214035 -0.12295595556497574 -0.027475804090499878 -0.09479647129774094 0.027161480858922005 0.022086599841713905 0.022933335974812508 0.07646384835243225 -0.11792284995317459 0.0704251080751419 0.04090014472603798 -0.021191127598285675 0.10272181779146194 0.04357851669192314 0.11744729429483414 0.026599790900945663 -0.034029990434646606 0.06647889316082001 -0.009622502140700817 0.01105599757283926 0.075084388256073 0.052621711045503616 -0.0323779433965683 0.13928911089897156 0.029196104034781456 0.07992567867040634 -0.1022423505783081 -0.065471351146698 -0.03464881330728531 0.03756451606750488 -0.09576667100191116 -0.06579675525426865 0.1290094256401062 -0.10966122150421143 0.08147178590297699 0.034052494913339615 -0.046114590018987656 -0.045144036412239075 0.04559793695807457 -0.04034677892923355 -0.06214082986116409 -0.050747621804475784 0.06314177066087723 0.06862001866102219 0.054220687597990036 0.08033069968223572 0.0034886812791228294 -0.018554817885160446 0.02052437514066696 -0.0940057560801506 0.02646826207637787 0.023483840748667717 0.10685618966817856 0.07420189678668976 0.14926905930042267 0.038554828613996506 0.028101447969675064 -0.021676767617464066 -0.09473821520805359 0.012773699127137661 0.10243023931980133 -0.048123784363269806 0.12240573763847351 0.03460552915930748 0.11341844499111176 -0.028902903199195862 -0.015640724450349808 0.06140310689806938 0.0014866736019030213 0.07387105375528336 0.016807835549116135 0.09545373916625977 -0.09804332256317139 0.08241598308086395 0.054926369339227676 0.02301950752735138 0.05175139755010605 0.11095325648784637 0.13249537348747253 -0.05669113248586655 -0.009224970825016499 -0.055432289838790894 -0.1119074821472168 -0.132012277841568 -0.003946917597204447 -0.04391248896718025 0.06688842177391052 0.0650433897972107 0.08525010943412781 0.00484688114374876 -0.07987439632415771 0.07498472183942795 -0.15481574833393097 0.02990754321217537 -0.07901101559400558 -0.07496193051338196 0.06036776676774025 0.11679594963788986 0.012750099413096905 -0.09336032718420029 -0.10724632441997528 0.012675181962549686 0.11888682097196579 -0.11069662123918533 0.02819160930812359 0.05581307038664818 0.04702312871813774 -0.03480185195803642 -0.08449232578277588 0.13056360185146332 -0.011950838379561901 -0.07765249162912369 -0.042936790734529495 -0.03658732399344444 -0.005684638395905495 0.10013231635093689 -0.08414581418037415 -0.07765047252178192 -0.06691036373376846 0.05099201202392578 -0.08012362569570541 -0.10784229636192322 -0.031857457011938095
b2 64
-0.09094377607107162 0.0691128820180893 -0.05236614868044853 -0.02948537841439247 -0.10425132513046265 0.0909482091665268 0.053953610360622406 0.04509986564517021 -0.003204458625987172 0.09555011242628098 0.06333207339048386 -0.09772172570228577 -0.11026884615421295 0.12162525206804276 -0.043916791677474976 -0.03919428959488869 -0.06174391880631447 0.07630179077386856 -0.0959363579750061 0.11645422875881195 0.020969975739717484 -0.0916978046298027 -0.012242613360285759 0.12578202784061432 0.10744645446538925 -0.00388559652492404 0.021708616986870766 -0.12460155785083771 0.013644092716276646 0.0221478920429945 0.042461808770895004 0.016060229390859604 0.11271107196807861 0.06274502724409103 0.03543543815612793 -0.13206802308559418 0.057123009115457535 0.12746937572956085 -0.07079622894525528 0.005555503070354462 -0.11675283312797546 0.010525438003242016 -0.12344755232334137 0.10950295627117157 0.08947975933551788 -0.042121876031160355 -0.056299418210983276 0.09918420761823654 -0.10200992971658707 0.10145696997642517 0.03604873642325401 0.13785584270954132 -0.07110007852315903 0.009593848139047623 0.10136674344539642 -0.020617984235286713 -0.0028112244326621294 -0.04839606583118439 -0.02860354818403721 0.06159791350364685 0.14436344802379608 0.05042304843664169 0.023707684129476547 -0.10888276249170303
W3 64
-0.1309838593006134 0.03323286026716232 -0.07956073433160782 0.01994910091161728 0.08118925243616104 -0.104481540620327 -0.12895716726779938 -0.0012856107205152512 -0.059083305299282074 0.13189275562763214 0.0847109854221344 0.070002980530262 0.07013463973999023 0.13758502900600433 0.19686897099018097 -0.10481461137533188 0.14165836572647095 -0.06025209277868271 0.1149759516119957 -0.03405587747693062 0.07468477636575699 -0.05541514977812767 -0.0709083154797554 -0.14736822247505188 -0.16541209816932678 -0.0003541131445672363 0.04966127499938011 -0.16234168410301208 -0.0773826390504837 -0.037964437156915665 -0.091206856071949 -0.1236438900232315 -0.0907067358493805 0.021678954362869263 -0.17487205564975739 0.14358487725257874 -0.05898690223693848 0.08519647270441055 -0.08037310093641281 0.03161168843507767 0.05996628850698471 -0.04714716598391533 -0.09775914251804352 0.11123711615800858 -0.02124922163784504 0.028898995369672775 -0.04559066519141197 -0.033223219215869904 -0.05968303233385086 -0.10026435554027557 0.10727253556251526 -0.13799458742141724 0.14510312676429749 0.09739051759243011 0.04660085216164589 -0.04875776171684265 -0.01783350110054016 0.013611368834972382 -0.07181371003389359 0.1103578433394432 -0.026601625606417656 0.09992604702711105 -0.02409246563911438 -0.05702672153711319
b3 1
0.04473921284079552
