input_dim 64
hidden 64
log_input 1
y_mean 6.914583206176758
y_std 10.721464157104492
x_mean 64
0.49500179290771484 0.5777721405029297 0.6241418719291687 0.657196581363678 0.6827879548072815 0.7039804458618164 0.7221152186393738 0.7385092973709106 0.7532833218574524 0.7668097019195557 0.7795611619949341 0.7917085886001587 0.8032469749450684 0.8143076300621033 0.8251575231552124 0.8355891704559326 0.8458676338195801 0.8559868335723877 0.8659482002258301 0.8757658004760742 0.8855249881744385 0.8951756954193115 0.9046695828437805 0.9143127202987671 0.9238829612731934 0.9332808256149292 0.9427086114883423 0.9521081447601318 0.9614549875259399 0.9705960154533386 0.9800688624382019 0.9891858100891113 0.9983397126197815 1.007594347000122 1.016736388206482 1.0257939100265503 1.0347435474395752 1.043800950050354 1.0527175664901733 1.0617775917053223 1.0707074403762817 1.0799541473388672 1.0890001058578491 1.0980584621429443 1.1072306632995605 1.116495132446289 1.125673532485962 1.1348968744277954 1.1443082094192505 1.1541061401367188 1.1640501022338867 1.174195647239685 1.184786319732666 1.1956586837768555 1.2068936824798584 1.2186943292617798 1.2312251329421997 1.2447634935379028 1.2592873573303223 1.2754065990447998 1.293656826019287 1.3158215284347534 1.3453587293624878 1.3919590711593628
x_std 64
0.14946837723255157 0.1343081295490265 0.12825889885425568 0.12460935115814209 0.12292640656232834 0.12164365500211716 0.12029629200696945 0.11958875507116318 0.11884685605764389 0.11861621588468552 0.1183190643787384 0.11804075539112091 0.11790655553340912 0.11785378307104111 0.11771345138549805 0.11799115687608719 0.11804664880037308 0.1179468184709549 0.1180555522441864 0.11812470108270645 0.11824414134025574 0.11827252805233002 0.11835264414548874 0.11858552694320679 0.11878716200590134 0.11894632130861282 0.11915159225463867 0.11929038912057877 0.11947868764400482 0.11956658959388733 0.1196875274181366 0.11981545388698578 0.11977969855070114 0.11967583745718002 0.1196371391415596 0.11965009570121765 0.1196393072605133 0.11972445994615555 0.11967582255601883 0.11962499469518661 0.11953770369291306 0.11937032639980316 0.1192498728632927 0.11922388523817062 0.11903971433639526 0.11880689114332199 0.11860506981611252 0.11851820349693298 0.11845787614583969 0.11821924895048141 0.11820296198129654 0.11806714534759521 0.11799260228872299 0.11786402761936188 0.11780690401792526 0.11772587150335312 0.11744768917560577 0.11764279752969742 0.11734265834093094 0.11733957380056381 0.11748433113098145 0.11777704954147339 0.11794472485780716 0.11955230683088303
W1 4096
0.08909693360328674 0.005970689468085766 -0.07851945608854294 -0.04091347008943558 -0.12892554700374603 -0.026204440742731094 0.01304924301803112 0.06600965559482574 -0.11045801639556885 -0.01114407554268837 0.05867665633559227 -0.011229047551751137 0.04982481151819229 -0.029564984142780304 -0.08755193650722504 -0.07593537122011185 -0.010388437658548355 0.019586587324738503 0.1115497425198555 0.04398040845990181 -0.0788949579000473 -0.10148464143276215 0.03832382708787918 0.06429751217365265 -0.03630094602704048 0.0016372076934203506 0.016943437978625298 0.06021181866526604 0.07406119257211685 0.10035336762666702 0.02129484713077545 0.11491107940673828 -0.11867979168891907 0.0626412183046341 0.047638822346925735 0.04119318723678589 0.08647613972425461 -0.06609240919351578 0.07041659206151962 0.0011798195773735642 0.0055430191569030285 0.0965452566742897 -0.0518331341445446 -0.045141350477933884 -0.01214023306965828 -0.054965198040008545 -0.12177610397338867 -0.03448803722858429 0.06086423993110657 0.024473875761032104 -0.07360563427209854 -0.05615708604454994 -0.080348439514637 0.00962503906339407 0.03530878201127052 -0.0028918914031237364 -0.03401350602507591 -0.001959362532943487 0.06964728236198425 0.08258908987045288 -0.09968554228544235 -0.05621393024921417 -0.10990174114704132 0.06076126545667648 0.10640963166952133 0.07840991765260696 0.05604604259133339 0.009879634715616703 -0.010675234720110893 0.10937315970659256 -0.10749725252389908 -0.06556720286607742 0.054097581654787064 -0.08577220886945724 -0.08431906998157501 -0.06561005860567093 -0.07214519381523132 0.05876024439930916 0.006133780814707279 -0.02053413912653923 0.11445314437150955 -0.10022176057100296 0.11413943767547607 -0.06291290372610092 -0.0938463881611824 0.04923966899514198 -0.027423277497291565 -0.019212160259485245 0.11705459654331207 0.07462183386087418 0.11719970405101776 -0.013793340884149075 0.011040973477065563 0.0014509776374325156 0.11352024227380753 0.1006564274430275 0.11084352433681488 -0.011930017732083797 -0.029503701254725456 -0.11649399250745773 0.09353352338075638 0.058939505368471146 -0.06705944240093231 0.004521850496530533 -0.06296020746231079 0.10948814451694489 0.049613259732723236 0.032749153673648834 0.12229391932487488 -0.05759158730506897 -0.043410710990428925 -0.009614745154976845 -0.022849442437291145 0.04666417837142944 -0.08347578346729279 -0.04259050637483597 -0.037909794598817825 -0.07717578113079071 0.04166703298687935 -0.11398272216320038 -0.05065349489450455 0.08073516190052032 -0.07333970069885254 -0.0426459014415741 -0.03881281241774559 -0.04722951725125313 0.07846631109714508 0.08294954895973206 -0.02049499750137329 -0.0015356489457190037 -0.04226580634713173 0.04554849490523338 -0.1079632118344307 0.0769692063331604 0.08005937188863754 -0.034716106951236725 -0.018704907968640327 -0.12670664489269257 0.027408424764871597 -0.014041694812476635 -0.012765621766448021 0.03774070739746094 0.08014826476573944 -0.02489037998020649 0.09398719668388367 0.04000074043869972 -0.04282771795988083 0.07563385367393494 0.12181677669286728 -0.09201502054929733 -0.025537479668855667 -0.11743108928203583 0.039308033883571625 -0.07842989265918732 -0.01417347602546215 0.07539699226617813 0.017690490931272507 0.05385319143533707 -0.0016492967261001468 0.12327601760625839 -0.0868476927280426 0.05966602638363838 0.06116402521729469 -0.010274210013449192 0.05704500526189804 0.0816882997751236 -0.02394145354628563 0.12493902444839478 -0.020078521221876144 0.042634788900613785 0.09194936603307724 0.0006597160245291889 0.09766585379838943 0.11012490093708038 0.0069596413522958755 -0.08264583349227905 -0.10029572248458862 0.0646459236741066 -0.07359444350004196 0.02526073530316353 0.028549514710903168 0.08982902765274048 -0.027466310188174248 0.0045820907689630985 -0.017598722130060196 0.03216490149497986 -0.09781245142221451 0.11952544003725052 -0.018735889345407486 0.06166522204875946 0.103033646941185 -0.08980804681777954 -0.09840402007102966 -0.0027278049383312464 0.06654022634029388 -0.031642526388168335 0.007731662597507238 0.09737995266914368 0.11314676702022552 0.058486223220825195 -0.0021316136699169874 -0.0057477280497550964 0.12065549939870834 0.05147530883550644 -0.0899842232465744 -0.0674695074558258 0.09899846464395523 0.1193787232041359 0.017371684312820435 -0.06678327172994614 -0.036994945257902145 -0.024544505402445793 -0.11884165555238724 0.11788057535886765 0.009714999236166477 0.022499892860651016 0.07348809391260147 0.01140356995165348 0.11533765494823456 0.09511445462703705 0.07484427094459534 0.0663900151848793 0.032692477107048035 -0.014018075540661812 -0.0326617956161499 -0.10576628893613815 -0.08254414051771164 0.016056975349783897 -0.018153563141822815 0.0765206515789032 0.07623817026615143 -0.04693107306957245 0.04789429157972336 0.09327525645494461 -0.08817361295223236 0.08289986103773117 0.0055395569652318954 0.015752414241433144 0.08340480178594589 0.06263468414545059 -0.08203189074993134 -0.05979444459080696 0.06412246078252792 -0.12432634085416794 -0.06658537685871124 -0.11743387579917908 0.023041268810629845 -0.1344994306564331 0.06536789238452911 0.07916244864463806 -0.0016955978935584426 -0.1056366115808487 -0.020212940871715546 0.063759446144104 -0.04049651697278023 0.027447115629911423 -0.015763267874717712 -0.0656948834657669 -0.09292617440223694 -0.1107892170548439 -0.06266427040100098 -0.11052407324314117 0.08156713098287582 -0.09334671497344971 -0.025044916197657585 0.04690653830766678 0.039693042635917664 -0.04933594912290573 -0.09242796152830124 -0.030665434896945953 -0.010209446772933006 0.02383866161108017 0.10496498644351959 -0.05534110218286514 0.05698613077402115 -0.12413635104894638 -0.05875125899910927 -0.023434501141309738 0.035023026168346405 0.01835261657834053 -0.09058824181556702 0.02399270236492157 0.023748688399791718 -0.06254082173109055 -0.023912305012345314 -0.04656241461634636 -0.054626740515232086 0.10118421167135239 -0.07870832085609436 -0.09436812996864319 0.017242565751075745 0.03845037892460823 0.1112799271941185 -0.059715475887060165 0.0370422899723053 -0.013644266873598099 0.010467511601746082 0.06774549186229706 -0.04566588252782822 0.03135014325380325 -0.09723740071058273 0.10610557347536087 -0.1067376658320427 -0.09740658849477768 -0.02194354496896267 -0.06532828509807587 -0.023510321974754333 -0.06211947649717331 -0.11256246268749237 0.09816272556781769 0.08198872953653336 0.0583609938621521 0.1233656257390976 -0.04867102578282356 0.10778287053108215 0.09466936439275742 0.14517509937286377 0.05859661102294922 -0.054046109318733215 0.044699762016534805 0.12400134652853012 -0.006726898718625307 0.04163394868373871 -0.011839659884572029 0.11670926213264465 -0.01425267942249775 0.007325895596295595 0.008617169223725796 0.10672256350517273 -0.12532751262187958 0.03713211044669151 0.07842236757278442 0.0810663253068924 0.09224209189414978 0.11040674149990082 0.04863012582063675 0.006965041626244783 0.08299979567527771 -0.11394566297531128 0.07960864901542664 0.07482877373695374 -0.09552324563264847 -0.0632530003786087 -0.009503887966275215 -0.043678831309080124 0.10830815881490707 -0.05766425281763077 0.06813512742519379 0.10550051182508469 -0.09059402346611023 0.08967716246843338 -0.01489985454827547 0.0020148251205682755 0.0759303942322731 -0.12135845422744751 0.08475315570831299 0.05279504880309105 0.11237313598394394 0.02665763534605503 -0.07814209163188934 -0.03617780655622482 0.019297372549772263 -0.10902667790651321 0.09890653938055038 -0.03435873985290527 -0.09465757757425308 0.00900091603398323 0.01800161600112915 -0.046065572649240494 -0.03778395056724548 0.11752832680940628 -0.04682017117738724 0.10808845609426498 0.0898638442158699 -0.08134528994560242 0.09855810552835464 0.10660386085510254 0.09675262868404388 0.08559021353721619 0.05335837975144386 -0.014436997473239899 -0.03836338594555855 0.02766134962439537 -0.0871468111872673 0.04584131017327309 -0.058249734342098236 -0.041515760123729706 -0.1061495840549469 0.08822952210903168 -0.0015068469801917672 0.05813863128423691 0.07991128414869308 -0.06129143759608269 0.0982363224029541 0.06304451823234558 0.08772928267717361 0.08362571150064468 0.12028184533119202 0.13108715415000916 -0.0906590148806572 0.07830284535884857 -0.0769677609205246 0.1141902282834053 -0.014012496918439865 -0.09337473660707474 -0.05887120962142944 0.12526799738407135 0.0016613055486232042 0.09839095920324326 0.12793904542922974 0.10573908686637878 0.11167440563440323 0.11491275578737259 -0.04649173840880394 0.0031096474267542362 -0.051862046122550964 -0.01819155551493168 -0.06095153093338013 -0.10181872546672821 0.11338671296834946 -0.1057550385594368 0.004503482952713966 0.10497720539569855 0.08412802219390869 -0.06488431245088577 0.06810274720191956 -0.0897514671087265 -0.04994060471653938 0.09747615456581116 -0.04029083251953125 0.037748970091342926 0.026576900854706764 0.10613784193992615 -0.09560547024011612 -0.013262459076941013 -0.09722986817359924 -0.08807007223367691 -0.009972420521080494 -0.0021349324379116297 0.0027819566894322634 0.02519562467932701 -0.09261350333690643 -0.11523818224668503 -0.01934644766151905 0.056859660893678665 -0.00852224137634039 0.004236356820911169 0.08690854161977768 -0.03840157389640808 -0.04380576312541962 -0.09028846770524979 -0.04612068086862564 -0.0018484179163351655 -0.010040133260190487 0.05836109817028046 0.0734081044793129 -0.046310923993587494 0.08499062061309814 -0.004925791174173355 -0.10768052935600281 0.12352953851222992 0.01229812577366829 -0.06531154364347458 -0.10756045579910278 0.08276139199733734 -0.04711703211069107 0.03136848658323288 -0.0037736014928668737 -0.07226275652647018 0.04042859748005867 -0.09788712859153748 0.03968964144587517 0.02650989219546318 0.11001893877983093 -0.025867965072393417 0.03027363494038582 0.019605126231908798 0.027327606454491615 -0.023612437769770622 -0.07812869548797607 0.07898630946874619 0.014495675452053547 -0.09047289192676544 -0.03957071527838707 0.12819424271583557 0.058885056525468826 0.10369429737329483 -0.09572058171033859 -0.06102944165468216 -0.03247837722301483 0.10917016863822937 0.09727561473846436 -0.09581595659255981 -0.08333685994148254 0.05235268920660019 -0.10075567662715912 0.02542327158153057 0.08974023163318634 -0.07178808748722076 0.1215776577591896 0.11675036698579788 -0.053601544350385666 0.11543413251638412 0.06738921999931335 -0.08351103216409683 0.07606912404298782 -0.00781302060931921 -0.1032048687338829 -0.10498132556676865 -0.00011806900147348642 -0.07197465002536774 0.11976393312215805 0.1160610094666481 0.04690437763929367 0.08741256594657898 -0.06986428797245026 0.011650481261312962 -0.10421400517225266 0.024080749601125717 0.11484663188457489 0.02691633254289627 0.08712935447692871 -0.0575491227209568 0.11232742667198181 -0.0732228010892868 0.08524061739444733 0.031404197216033936 0.09962161630392075 0.08743362128734589 0.01860513724386692 -0.010167456232011318 -0.04555866867303848 0.11669423431158066 0.01302424818277359 -0.11756328493356705 0.01635519415140152 0.01834631711244583 -0.09686931222677231 -0.05916377902030945 -0.0016641999827697873 -0.035998426377773285 0.05749175325036049 0.11903010308742523 -0.027022628113627434 0.06971260160207748 0.11188551783561707 0.03212984651327133 0.050275981426239014 -0.04425165429711342 -0.0824592262506485 0.06199553608894348 -0.12347505241632462 -0.06574560701847076 -0.020681804046034813 -0.044868726283311844 -0.07589186728000641 -0.08425730466842651 -0.02714562974870205 -0.06271570920944214 -0.046793755143880844 0.022770164534449577 0.0958753153681755 -0.02180105447769165 0.0007323332829400897 0.11332807689905167 0.07323705404996872 -0.08909223973751068 0.0455961599946022 0.1090780571103096 -0.046485524624586105 0.08498944342136383 -0.08087482303380966 -0.057121600955724716 -0.0947861596941948 -0.08352983742952347 -0.09988459944725037 0.033284448087215424 -0.11913473904132843 0.11502774804830551 0.05084138363599777 0.0466538704931736 0.03219590708613396 -0.10936343669891357 -0.014711816795170307 -0.08353829383850098 -0.007112258113920689 -0.0006235225009731948 0.06704581528902054 0.12085627764463425 0.06196567416191101 0.0041405875235795975 -0.11344889551401138 -0.04812482371926308 -0.12349260598421097 0.007010708563029766 -0.008056447841227055 -0.043051827698946 -0.07521775364875793 0.06870019435882568 -0.05959227681159973 -0.07329297810792923 -0.04389166831970215 -0.10369100421667099 -0.12182055413722992 -0.10953181236982346 -0.061417143791913986 0.013761984184384346 -0.12278453260660172 0.004068075213581324 0.06694745272397995 -0.1198606938123703 -0.05811223387718201 -0.08410228043794632 -0.0955568328499794 0.028918633237481117 0.024356061592698097 -0.027511708438396454 0.04618808627128601 0.11079709976911545 0.10400600731372833 -0.1266118586063385 0.10187024623155594 0.11914047598838806 -0.07995766401290894 0.10183597356081009 0.06226302683353424 -0.026921451091766357 -0.00204575527459383 -0.0821390226483345 -0.09570910781621933 0.022584974765777588 -0.012511293403804302 0.05920367315411568 0.11963601410388947 -0.033929724246263504 -0.07330866158008575 0.04108865186572075 0.12297288328409195 -0.05232315510511398 0.011753725819289684 -0.08491425216197968 0.10888320207595825 -0.08695553988218307 0.03538261726498604 0.038971398025751114 -0.016165224835276604 0.10764802247285843 0.0024618147872388363 -0.05111456289887428 0.003433320904150605 0.06829626858234406 -0.08396089822053909 0.06553611159324646 -0.08434176445007324 0.06308802217245102 0.1094016283750534 -0.0046385047025978565 -0.0954924002289772 -0.03415844589471817 0.005836736876517534 -0.027734246104955673 -0.08091806620359421 0.004984718281775713 -0.07801036536693573 0.048412080854177475 -0.091251440346241 0.08601032942533493 0.06551097333431244 0.10868614912033081 -0.08398935198783875 0.003535036463290453 0.021153228357434273 -0.07252346724271774 0.0884002223610878 0.007724635303020477 0.003720007836818695 -0.06472087651491165 -0.07240767031908035 -0.09388277679681778 0.03040638007223606 -0.027219992130994797 0.028217541053891182 -0.010993357747793198 -0.11631327867507935 -0.09621647745370865 -0.006963471882045269 -0.010162164457142353 -0.042760349810123444 -0.11042621731758118 0.04244345799088478 -0.04880081117153168 0.11843716353178024 0.1039099469780922 0.012673670426011086 -0.0040924642235040665 -0.12910424172878265 -0.11788564175367355 -0.047400012612342834 -0.01084254402667284 -0.04422602429986 0.06483585387468338 0.04011600837111473 0.08815932273864746 0.06121664121747017 0.041086990386247635 -0.05379633978009224 -0.03760376572608948 0.0710771456360817 -0.07946333289146423 -0.06856934726238251 -0.0909380316734314 0.05292133614420891 -0.06898608058691025 -0.06707040220499039 -0.06357156485319138 -0.061796192079782486 -0.016643911600112915 -0.08928057551383972 0.04008553549647331 -0.10053671151399612 0.013024524785578251 -0.09170899540185928 0.07040160149335861 0.048306576907634735 -0.10384310781955719 0.012138246558606625 0.11066655814647675 -0.09979162365198135 0.05253621190786362 0.09426058083772659 -0.00928669236600399 -0.01930040866136551 -0.07004605233669281 -0.11992134153842926 -0.07671048492193222 0.09451624006032944 0.0017400638898834586 0.1006472259759903 -0.04680562764406204 -0.10888548940420151 -0.1249781996011734 0.027805371209979057 0.09391020238399506 0.07506464421749115 -0.1056210920214653 0.04778378829360008 -0.013304474763572216 -0.019739912822842598 -0.06996596604585648 0.02111641876399517 -0.05105755478143692 -0.05610242858529091 0.08153438568115234 0.1268182396888733 0.13143910467624664 0.09358330070972443 -0.028530187904834747 0.10581719875335693 0.07639027386903763 -0.0486908033490181 -0.06494999676942825 0.13712702691555023 0.1214175671339035 0.1471138894557953 0.007564987521618605 0.12487446516752243 0.14302504062652588 0.062374141067266464 0.00036811677273362875 0.03368599712848663 0.113361656665802 -0.05802067369222641 -0.021947737783193588 -0.08406233042478561 -0.001231460482813418 -0.022648101672530174 -0.028105001896619797 -0.043008673936128616 0.08580667525529861 0.05785674601793289 0.11640477180480957 -0.0013796400744467974 0.09054316580295563 -0.09094748646020889 -0.014196748845279217 -0.011817235499620438 -0.005159994121640921 0.0485270731151104 -0.13312844932079315 0.07910167425870895 -0.13005641102790833 -0.035395778715610504 0.03504348546266556 -0.08389881253242493 -0.059936653822660446 0.02384645864367485 -0.023826761171221733 0.10052903741598129 0.04209026321768761 0.09689762443304062 0.11067424714565277 -0.014015109278261662 -0.10564637184143066 -0.12037216871976852 0.06016692519187927 0.050632115453481674 0.009635139256715775 0.006898704916238785 0.060509830713272095 -0.04299755021929741 0.0198974572122097 0.10438693314790726 -0.05715174600481987 -0.05104634910821915 0.10269743204116821 -0.002779114991426468 -0.005912176799029112 0.11273116618394852 -0.017353974282741547 0.04845310375094414 -0.046365246176719666 0.010465645231306553 0.09520286321640015 0.04466759413480759 -0.08368953317403793 0.0982111245393753 -0.03794093057513237 0.0677463635802269 -0.027339110150933266 -0.03709324821829796 0.03997420519590378 0.12876595556735992 0.09990331530570984 0.10055909305810928 0.015034562908113003 -0.10372650623321533 0.11363721638917923 -0.04940994456410408 0.08446375280618668 0.07741143554449081 -0.11030372232198715 0.012333962135016918 -0.027115654200315475 0.06514385342597961 0.018481014296412468 0.006871362682431936 -0.026227260008454323 0.09463049471378326 0.07101164758205414 -0.06931692361831665 -0.09005668759346008 0.015212513506412506 -0.010638014413416386 0.03156551718711853 -0.0759621411561966 -0.0002902209816966206 0.049202095717191696 0.03941303864121437 0.0022483852226287127 0.07483751326799393 0.024406418204307556 -0.047401927411556244 0.09475350379943848 0.030447890982031822 -0.04722690209746361 0.019496416673064232 0.11677908152341843 -0.11811555176973343 0.019601086154580116 -0.056696705520153046 -0.018198048695921898 -0.022659117355942726 -0.07873369008302689 -0.10746143758296967 0.042291928082704544 0.013124072924256325 -0.02454400062561035 0.08593536168336868 0.12954162061214447 0.12816189229488373 -0.0666816234588623 0.010450881905853748 0.03893096745014191 0.01923694647848606 -0.02576504275202751 -0.07007642090320587 0.003018416231498122 -0.038105692714452744 0.01639815978705883 0.09707365930080414 0.08131899684667587 0.03213842213153839 0.10577648878097534 0.010251369327306747 -0.08218486607074738 0.11951835453510284 -0.02481275238096714 -0.11816191673278809 -0.010494212619960308 -0.02185758575797081 -0.09785178303718567 0.07395510375499725 0.012386462651193142 -0.1280018836259842 -0.09386418014764786 -0.05736108869314194 -0.03429172933101654 0.11736395210027695 0.06998516619205475 -0.0283956378698349 -0.0065970271825790405 -0.07277582585811615 0.11604486405849457 -0.06888673454523087 -0.05483059957623482 -0.07572048902511597 0.08480025827884674 0.00692205224186182 0.08056033402681351 0.05186040326952934 0.020389605313539505 0.06338915228843689 0.06316892802715302 -0.06065535172820091 0.013898719102144241 0.07148639112710953 -0.084044449031353 -0.020503321662545204 -0.09985443949699402 -0.034049391746520996 0.011080185882747173 -0.09795535355806351 -0.08906620740890503 -0.08310537785291672 -0.09809242933988571 0.10341708362102509 -0.11022086441516876 0.09797005355358124 0.051241058856248856 0.025442587211728096 0.019092360511422157 0.07549290359020233 0.09224451333284378 0.009415351785719395 0.07311753183603287 -0.05757702514529228 0.1117982268333435 0.10920380055904388 -0.04193670302629471 -0.06541549414396286 -0.03277840092778206 -0.01562943495810032 0.09477831423282623 0.1221865564584732 -0.09844586253166199 0.10525910556316376 -0.04874204471707344 0.02664167247712612 -0.040649574249982834 -0.08057449758052826 0.011705098673701286 0.01375123206526041 -0.0745948925614357 -0.06803235411643982 0.0672076866030693 -0.017083607614040375 -0.036215271800756454 0.09500038623809814 0.03610188886523247 0.11854929476976395 -0.04847852140665054 -0.06380486488342285 0.07698319852352142 -0.014623698778450489 -0.03755274787545204 -0.009704679250717163 0.07533188909292221 -0.09396082907915115 -0.06462888419628143 0.104288749396801 0.09245818108320236 0.03352474048733711 0.042811233550310135 0.033975183963775635 0.10664596408605576 0.010431653819978237 -0.018919160589575768 -0.005019944626837969 0.114117830991745 -0.02031048946082592 -0.000672502676025033 -0.018944574519991875 0.07822645455598831 0.11592123657464981 -0.06993360817432404 -0.06527063995599747 -0.050762102007865906 0.004743705037981272 0.015460515394806862 0.0484105721116066 0.08763346821069717 0.010880771093070507 0.028142381459474564 0.03945586457848549 0.01655660942196846 0.01068749651312828 0.08748012036085129 -0.031742896884679794 0.016877930611371994 -0.045059479773044586 -0.07291290909051895 0.017389869317412376 0.034742992371320724 -0.0009092409745790064 -0.04588032886385918 0.0733814686536789 0.09141061455011368 -0.05194590985774994 -0.04834659397602081 0.028478484600782394 -0.14025263488292694 -0.11000610142946243 -0.09010500460863113 -0.06426803022623062 0.09590233862400055 -0.08239952474832535 -0.06693334132432938 0.008487645536661148 0.05650302767753601 0.009447692893445492 0.05557961389422417 -0.05411108210682869 0.11717092990875244 0.002262289170175791 0.09020310640335083 -0.12134866416454315 -0.07142527401447296 0.008089650422334671 0.012306193821132183 0.0462031252682209 -0.015007837675511837 -0.013327392749488354 -0.06277423352003098 -0.07786903530359268 -0.08037366718053818 -0.12123312056064606 -0.06161602586507797 0.014712966047227383 -0.07739261537790298 -0.10440878570079803 0.08327290415763855 -0.11846733838319778 -0.12307345867156982 -0.11041273921728134 -0.0959286168217659 -0.017239145934581757 0.04066671431064606 0.08216504007577896 0.028433294966816902 0.09230007231235504 -0.12210824340581894 -0.0889626070857048 0.10384507477283478 -0.07625675201416016 -0.07901782542467117 -0.03388650715351105 0.0206381194293499 0.011382753029465675 -0.06816743314266205 0.0740852802991867 -0.04258797690272331 -0.10864461213350296 0.09841491281986237 -0.03613416850566864 0.043065816164016724 -0.13122199475765228 0.1049458384513855 -0.0891546905040741 0.1029348075389862 0.012227088212966919 -0.05067680403590202 0.09770673513412476 -0.013081204146146774 0.10792989283800125 -0.08994831889867783 0.11105336248874664 -0.06284162402153015 0.0620313324034214 0.1314546912908554 -0.08502933382987976 0.020173443481326103 0.03693358227610588 -0.05281023308634758 -0.08550027757883072 -0.026536917313933372 0.051687195897102356 -0.01917864941060543 0.04985792562365532 -0.0071951476857066154 -0.12213419377803802 -0.058296095579862595 0.011834131553769112 -0.08631676435470581 -0.05114453285932541 -0.09395376592874527 0.0818132534623146 0.06123855337500572 -0.0582263208925724 0.016346098855137825 0.11534447222948074 -0.07185079902410507 -0.04460163787007332 0.05277658626437187 0.10367397218942642 0.1105799525976181 -0.06577005237340927 -0.05436134338378906 -0.04756879433989525 -0.03366025164723396 0.03813726082444191 0.12873977422714233 -0.05775206908583641 -0.08130138367414474 0.02246643416583538 0.01816791296005249 -0.02802157588303089 -0.06705880165100098 0.044133711606264114 0.10117954015731812 0.11762720346450806 -0.029660457745194435 -0.11127616465091705 -0.0760737732052803 0.03056524321436882 -0.05510575324296951 -0.10449611395597458 -0.02579234167933464 0.032795000821352005 0.09215465188026428 -0.0991232693195343 0.1125851720571518 -0.0006408963818103075 -0.05001555755734444 -0.07909777760505676 0.04978874325752258 -0.018900031223893166 -0.054947227239608765 -0.019044239073991776 0.016454463824629784 -0.03779191896319389 0.04122920334339142 0.06709226220846176 0.09359246492385864 -0.1383475959300995 -0.06666325032711029 -0.002801622496917844 0.08409050107002258 0.01898781582713127 0.0802907645702362 0.012418234720826149 0.00951807014644146 -0.12550048530101776 0.038884662091732025 0.005994709674268961 0.054716531187295914 0.11904916912317276 0.11817425489425659 -0.0007641096599400043 0.000429632724262774 0.06754108518362045 0.021073974668979645 -0.04513285309076309 0.06911680102348328 0.0031240605749189854 0.006135306321084499 -0.0454898439347744 0.021777905523777008 9.59086901275441e-05 -0.06626412272453308 -0.12230850011110306 0.060663383454084396 0.04810129106044769 -0.10857629030942917 -0.06876339018344879 0.03564984351396561 0.011695720255374908 0.04371681436896324 -0.03352279216051102 -0.1064140573143959 -0.00015286676352843642 0.014976663514971733 -0.0992136225104332 0.11617737263441086 -0.07076911628246307 0.010008418932557106 -0.1029784232378006 -0.0804046243429184 0.0020056325010955334 -0.10413825511932373 0.10268279910087585 0.11459055542945862 -0.06073736399412155 0.0008062649285420775 0.1223960891366005 -0.038855478167533875 0.0556490533053875 0.09178747236728668 -0.013120097108185291 0.09997102618217468 -0.028996502980589867 0.04785100743174553 0.11323128640651703 0.14220625162124634 0.05172918736934662 0.145781472325325 -0.05065491795539856 0.056072086095809937 0.044912341982126236 -0.0031443412881344557 0.026921410113573074 -0.06658652424812317 -0.016949523240327835 -0.014334827661514282 -0.12488291412591934 -0.1329880654811859 0.006999402306973934 -0.11737245321273804 -0.1250721663236618 -0.018147923052310944 0.02704804576933384 0.07138930261135101 -0.10884716361761093 -0.007499337662011385 -0.04384247958660126 -0.02466980740427971 -0.07094206660985947 -0.11894606053829193 -0.053456734865903854 -0.10123804956674576 -0.07744529098272324 -0.03963332995772362 -0.08480124920606613 0.10866870731115341 -0.118367500603199 -0.04020807892084122 0.022841647267341614 -0.005385155323892832 0.07068255543708801 -0.07207338511943817 -0.03852870315313339 0.05380631610751152 -0.05716034770011902 0.03292250633239746 -0.024294216185808182 0.02340031787753105 0.0636860653758049 0.1071050837635994 0.06620887666940689 -0.10224378108978271 0.0118412459269166 0.11484542489051819 0.08658380061388016 -0.021666711196303368 0.051764968782663345 0.06121597811579704 -0.020705359056591988 0.06344324350357056 0.0747312605381012 0.04440973699092865 0.097869373857975 0.10486777871847153 0.07854480296373367 0.08554182946681976 -0.028452249243855476 0.006471451837569475 -0.09036306291818619 0.0643235370516777 -0.005272588226944208 -0.08435152471065521 0.010862682946026325 -0.031344108283519745 0.11779636144638062 -0.09889346361160278 0.0463695228099823 -0.11637332290410995 -0.0530206672847271 -0.019965460523962975 -0.12032267451286316 0.03303908184170723 0.08259312808513641 0.015570370480418205 -0.08155694603919983 -0.09804052859544754 -0.013840235769748688 0.11328540742397308 -0.03233644738793373 0.020346524193882942 0.009427358396351337 0.04172658920288086 -0.02830248884856701 0.06662191450595856 -0.09742510318756104 -0.07449770718812943 -0.05679476261138916 0.057027366012334824 0.0049892901442945 -0.1252358853816986 -0.0719660148024559 -0.10837407410144806 -0.07281647622585297 0.0046760146506130695 -0.09494118392467499 0.10619981586933136 0.05563746765255928 0.017145326361060143 -0.022215168923139572 -0.007422750350087881 -0.12070533633232117 -0.11865940690040588 0.04001414030790329 -0.028841042891144753 0.004195789806544781 -0.028423305600881577 -0.09538329392671585 0.03592338040471077 -0.06976572424173355 0.04883670434355736 -0.11537454277276993 -0.01793513633310795 -0.035933710634708405 0.012910544872283936 -0.12022921442985535 0.057139892131090164 0.09849277883768082 0.03759200870990753 0.10305362939834595 0.04106656089425087 -0.10522634536027908 0.08993934839963913 0.10299231857061386 -0.04966140538454056 -0.09254350513219833 -0.06854072213172913 0.028236284852027893 0.0071961842477321625 0.09464816749095917 -0.010192693211138248 0.09130081534385681 -0.08150067925453186 0.07409293204545975 0.07633475214242935 -0.03397694230079651 0.026222648099064827 0.08009042590856552 0.025825433433055878 0.04314444214105606 0.049688879400491714 -0.09122201055288315 0.06474245339632034 0.08367884904146194 -0.11001168936491013 0.055411551147699356 0.07478895038366318 -0.08385232836008072 0.0500759556889534 -0.11181347072124481 0.031476639211177826 -0.11031469702720642 0.023709740489721298 0.022931568324565887 -0.03945787996053696 0.08495396375656128 0.03904178738594055 0.03471647948026657 -0.11445966362953186 0.04138829559087753 -0.08623445779085159 0.06630212068557739 0.09528316557407379 -0.054902467876672745 -0.06425496190786362 0.05613560602068901 0.06982541084289551 0.02343056909739971 -0.08707377314567566 0.013932548463344574 -0.0772939994931221 0.03998260945081711 -0.007095934357494116 -0.0690402239561081 0.04317918419837952 0.05666784197092056 0.10838503390550613 -0.02010340429842472 0.09019681066274643 -0.06458617001771927 0.018955368548631668 0.11326819658279419 -0.04613170027732849 0.005021243821829557 0.08501483500003815 0.10572908073663712 0.06908529251813889 -0.13736309111118317 0.05928691849112511 0.09879008680582047 -0.0592585913836956 0.009353638626635075 0.06844951212406158 0.05518900975584984 -0.08684726059436798 -0.1289292573928833 0.09763480722904205 0.04124627262353897 0.07786022126674652 0.07086455821990967 -0.051268089562654495 -0.03503954038023949 0.10779200494289398 0.04213345795869827 0.08487340062856674 -0.11873271316289902 -0.10463833808898926 0.04452911764383316 0.08162371814250946 0.00033867283491417766 -0.03826826065778732 0.04044966399669647 0.04658447206020355 -0.06613899022340775 0.039040058851242065 0.08078397810459137 -0.1052025556564331 -0.008785560727119446 -0.09479332715272903 0.06108112260699272 -0.04077678546309471 -0.04245694726705551 -0.07365690916776657 -0.04782973229885101 -0.06425121426582336 0.0720575824379921 -0.06144977733492851 -0.1116386353969574 0.05153355374932289 -0.09276951849460602 -0.056970056146383286 0.08599620312452316 -0.07848738878965378 -0.09158318489789963 0.08228194713592529 0.01243169978260994 0.07353084534406662 0.0626889169216156 0.012208166532218456 0.04668252170085907 0.07796210795640945 0.029507169499993324 0.009047014638781548 -0.0029018486384302378 -0.03246903792023659 0.1340971440076828 0.008221178315579891 0.11079692095518112 0.08171697705984116 0.1211225762963295 0.14887318015098572 -0.03906572237610817 0.13808618485927582 -0.07322673499584198 -0.04252198338508606 -0.06810525059700012 -0.01972241885960102 -0.041239406913518906 0.11805751919746399 0.06654118001461029 0.07200134545564651 0.047491032630205154 -0.035131100565195084 -0.00960332341492176 -0.032555002719163895 0.09568378329277039 0.02860632725059986 -0.10144690424203873 -0.10248894989490509 -0.02851261757314205 0.10666463524103165 0.020197952166199684 0.018424900248646736 -0.039462972432374954 0.10483192652463913 -0.08974992483854294 -0.08061617612838745 -0.03925979882478714 0.042345333844423294 -0.08607993274927139 0.05982840806245804 0.10131905972957611 0.0169224850833416 -0.1186622753739357 -0.03872142732143402 0.0963357612490654 0.07348401099443436 -0.08006979525089264 0.0453980527818203 -0.01815393567085266 -0.09656867384910583 0.0979418009519577 0.09345347434282303 -0.04660291597247124 -0.029565120115876198 -0.029771121218800545 -0.10770026594400406 -0.1104583665728569 -0.09196408092975616 -0.00149970268830657 0.019413230940699577 0.06689315289258957 -0.055649809539318085 0.09789694845676422 0.010689619928598404 0.03530913591384888 -0.038756806403398514 0.017724787816405296 -0.010018179193139076 -0.0382840670645237 -0.06053399294614792 -0.11157427728176117 -0.023506032302975655 0.05603385716676712 0.011984995566308498 -0.06349070370197296 0.039596378803253174 -0.02992779202759266 -0.1017654538154602 0.08346495032310486 0.04941254481673241 -0.10794351994991302 0.035169169306755066 0.06315255910158157 -0.03868437185883522 0.005647292826324701 -0.010881202295422554 0.007472078315913677 0.1197514683008194 0.05187017470598221 0.009528719820082188 -0.08262509852647781 0.11119005084037781 -0.004423162899911404 -0.10517702996730804 0.11663685739040375 0.0010744119063019753 -0.0018003889126703143 0.03455318883061409 0.004720831755548716 0.011303872801363468 -0.10232214629650116 0.009738767519593239 0.11681076139211655 0.10762957483530045 -0.051091551780700684 -0.11947271972894669 -0.10507438331842422 -0.07825260609388351 0.1162387877702713 -0.018163245171308517 -0.11418116837739944 0.06943171471357346 -0.12881316244602203 -0.07735709100961685 0.03277003765106201 -0.011214415542781353 0.07810334116220474 -0.07534841448068619 -0.08546281605958939 0.03444517403841019 -0.08308185636997223 0.0029725716449320316 -0.10324229300022125 0.06956988573074341 -0.02195640653371811 -0.11449480801820755 0.008910280652344227 0.06742441654205322 0.0890093445777893 -0.09352768957614899 0.10351043194532394 -0.028547927737236023 0.05522492527961731 0.014688731171190739 0.11121415346860886 -0.1016334742307663 0.03289392217993736 0.04380253329873085 -0.07419367134571075 -0.030532583594322205 0.06403299421072006 -0.015634678304195404 0.10429729521274567 -0.02694467082619667 0.03821783885359764 -0.08752243220806122 0.10011676698923111 -0.027561159804463387 -0.02267172373831272 0.024545295163989067 0.09728452563285828 0.11211854964494705 -0.1162850633263588 0.01702503301203251 0.09943601489067078 -0.10320638865232468 0.11129018664360046 -0.0646827295422554 -0.12707476317882538 0.10208997875452042 -0.07700912654399872 0.07976296544075012 -0.12862305343151093 -0.05615672096610069 0.09046297520399094 -0.10803043842315674 0.05609191209077835 -0.05547372251749039 0.07535246014595032 0.08736185729503632 -0.09488942474126816 -0.046895548701286316 -0.03589075803756714 -0.04186340421438217 -0.08384639769792557 0.06824544072151184 -0.05947697162628174 0.04757643863558769 -0.09312105178833008 0.012452954426407814 -0.032887768000364304 0.03850153833627701 -0.09030068665742874 -0.11020498722791672 -0.0031325393356382847 0.0108468197286129 -0.08954382687807083 -0.06626670807600021 0.08351711928844452 0.01611766591668129 0.012864361517131329 0.09402267634868622 0.06878980249166489 -0.050006967037916183 -0.1268341988325119 0.0885518491268158 0.0028758838307112455 -0.06065879762172699 0.005476506892591715 0.10816893726587296 0.12831246852874756 -0.06020776927471161 0.03842366859316826 -0.009509834460914135 -0.0055056847631931305 0.05324546992778778 0.12320764362812042 0.050851404666900635 0.1137058436870575 0.07834694534540176 0.04289086535573006 -0.1287468522787094 0.07555565237998962 0.10588380694389343 -0.021506981924176216 0.11897339671850204 -0.012232287786900997 0.09752871096134186 -0.12087582796812057 0.11929655075073242 -0.07759667187929153 -0.11194374412298203 -0.03699241578578949 -0.05632718279957771 0.03201102465391159 -0.04139971733093262 -0.07111375033855438 0.02880791947245598 0.08683998882770538 0.03250491991639137 -0.10181394964456558 0.12050998955965042 0.03819083794951439 -0.1077902764081955 0.09007017314434052 0.08449718356132507 0.05442896857857704 0.03891570866107941 -0.039958275854587555 -0.08409888297319412 -0.03532975912094116 0.003117893123999238 0.11782943457365036 -0.030127370730042458 0.04449910297989845 -0.07359708100557327 -0.10284245014190674 0.07266311347484589 -0.05598520115017891 0.10570019483566284 -0.07272807508707047 0.10555210709571838 0.11440728604793549 -0.08953069150447845 0.09712774306535721 -0.034878529608249664 0.05645127221941948 -0.04024331271648407 0.10720372200012207 0.06855054199695587 -0.04523518308997154 0.049462899565696716 -0.12385186553001404 -0.10940121114253998 -0.07373394817113876 -0.055619992315769196 0.023146774619817734 -0.060614388436079025 -0.13309597969055176 -0.02795025147497654 -0.011577406898140907 0.11218973994255066 0.034471262246370316 -0.029220368713140488 -0.06416232138872147 0.12900716066360474 -0.04663253203034401 -0.09724254906177521 0.06931019574403763 -0.11201360076665878 0.10780338197946548 -0.03941385820508003 -0.013453464955091476 -0.015297782607376575 0.06416178494691849 0.05090373009443283 -0.059149112552404404 0.1147097796201706 -0.09644737094640732 0.08984452486038208 -0.04630978778004646 -0.09935852885246277 0.08282117545604706 -0.052864015102386475 0.06823470443487167 -0.01601685769855976 -0.0789608359336853 0.0542122945189476 0.02611595205962658 -0.04873577132821083 0.0962485671043396 -0.10051655024290085 0.09913798421621323 0.042811281979084015 0.01748712733387947 0.016311148181557655 0.06401368975639343 -0.09055254608392715 0.11252855509519577 0.04149378463625908 0.02606700360774994 -0.01772451587021351 -0.0439482107758522 -0.09117946773767471 0.010004427284002304 -0.12743912637233734 0.03157298266887665 -0.057009074836969376 0.07723451405763626 0.02492501400411129 -0.01805143430829048 -0.011396745219826698 0.03849729523062706 0.1022246852517128 0.11074242740869522 -0.03712034970521927 -0.09443209320306778 0.05346290394663811 -0.12354562431573868 -0.10075577348470688 0.09293816983699799 -0.04406566917896271 -0.008595938794314861 0.02318011038005352 -0.06208470091223717 -0.10482672601938248 0.016945214942097664 -0.10343219339847565 0.03858309984207153 0.06546244770288467 0.08782260864973068 0.08511493355035782 -0.026254627853631973 -0.0175046157091856 0.07945500314235687 -0.04410373419523239 -0.07077328115701675 0.0023329134564846754 -0.10242443531751633 0.09685512632131577 0.08108700066804886 -0.08492425084114075 -0.11712934821844101 0.10710717737674713 0.10046549886465073 0.004791844170540571 0.03962301090359688 -0.03445791080594063 -0.08798887580633163 -0.05478741228580475 0.07590141147375107 0.039525821805000305 -0.044552166014909744 -0.12397938966751099 0.08593188226222992 0.07373649626970291 0.02112223394215107 -0.0744527280330658 0.005195581819862127 -0.020879466086626053 0.04087183251976967 0.09281246364116669 0.11281999200582504 -0.09989459812641144 0.05059061571955681 -0.06468793749809265 -0.03508083149790764 -0.12899523973464966 0.09888216853141785 0.02977748215198517 0.10400266200304031 -0.07487351447343826 0.08821593970060349 0.10979103296995163 -0.07182079553604126 -0.013858836144208908 -0.03593520075082779 -0.08679203689098358 0.026434874162077904 -0.050840407609939575 0.04644029214978218 0.0031159110367298126 -0.05090739578008652 0.07810737937688828 0.02516348846256733 -0.04466753453016281 -0.0006097347359173 -0.0050588869489729404 0.12019441276788712 0.00581442192196846 -0.09082438796758652 0.039923761039972305 -0.03256205841898918 0.02977002039551735 -0.06742051988840103 -0.08597835898399353 -0.014403603971004486 -0.1149144396185875 -0.028561223298311234 0.016339099034667015 0.10476996749639511 0.07758374512195587 0.010539359413087368 0.11147815734148026 0.03100457414984703 -0.08876851946115494 -0.08916451036930084 -0.07413718849420547 0.038016218692064285 0.1212424486875534 -0.02378266490995884 -0.09349721670150757 -0.09616578370332718 -0.08316125720739365 0.021641431376338005 0.10238732397556305 -0.09288226813077927 -0.1240190640091896 -0.0705246701836586 -0.0787341520190239 -0.08877340704202652 -0.03695487231016159 0.011352375149726868 -0.03558148816227913 -0.06027853116393089 -0.049903061240911484 0.008922305889427662 -0.050167858600616455 -0.07648497074842453 -0.08979082852602005 -0.11662350594997406 -0.0013515729224309325 0.019227154552936554 0.048544056713581085 -0.060585808008909225 0.11828657984733582 0.04667261242866516 -0.07242174446582794 0.006032360251992941 0.053543683141469955 -0.067951500415802 0.04903343319892883 0.005770554766058922 0.11854660511016846 7.301481673493981e-06 -0.009851794689893723 -0.005259244702756405 -0.021295873448252678 -0.01768614910542965 0.016567984595894814 -0.080243781208992 0.13353458046913147 0.0110453637316823 0.0334286130964756 0.09787862747907639 -0.008725769817829132 0.014420471154153347 0.09714165329933167 0.04685904085636139 0.087070994079113 0.10353538393974304 -0.04550285264849663 0.0931844487786293 -0.12085751444101334 -0.11413051933050156 0.018615353852510452 -0.006956150289624929 -0.038473352789878845 -0.10941266268491745 0.1077074483036995 0.037384018301963806 0.01183393970131874 -0.05273055657744408 -0.024670809507369995 -0.030876299366354942 -0.11235933750867844 0.028948653489351273 -0.05576073378324509 -0.06277956813573837 -0.017405414953827858 -0.05735044181346893 0.07167799025774002 0.032281387597322464 0.018644336611032486 0.009970096871256828 0.028181640431284904 0.07797423750162125 0.09245535731315613 -0.04569593444466591 -0.10750488191843033 -0.03621656820178032 0.09964274615049362 0.019314086064696312 -0.09412501752376556 -0.0035330569371581078 0.0879150927066803 0.0009745399001985788 -0.10047189891338348 -0.10557299852371216 0.0999227836728096 0.020097708329558372 -0.07762221246957779 -0.12997888028621674 -0.09109897911548615 -0.05213867127895355 0.05341343581676483 -0.14088074862957 -0.12137787789106369 0.042515795677900314 0.04451783373951912 -0.14059843122959137 -0.06787576526403427 -0.11784116923809052 -0.05157323554158211 -0.07982409745454788 0.04235666245222092 -0.014895478263497353 0.03693302348256111 0.023374803364276886 0.03568503260612488 -0.07158119976520538 0.04239676520228386 0.020136123523116112 0.03639349713921547 -0.0009869596688076854 0.07161424309015274 0.10507176071405411 0.04937523230910301 -0.00746882613748312 0.058977484703063965 -0.1081508919596672 -0.0867106094956398 0.06175326928496361 -0.11333873122930527 -0.03432696685194969 -0.07179630547761917 0.08646153658628464 0.00820077583193779 -0.033282388001680374 -0.08853865414857864 -0.07653297483921051 0.09831371158361435 -0.02797100879251957 0.014706820249557495 -0.052602618932724 -0.11002875119447708 -0.10495205223560333 0.0025460761971771717 -0.004071554634720087 -0.0006997753516770899 0.11705083400011063 0.06777682155370712 0.0718245804309845 0.12466251850128174 0.043795403093099594 0.07388506829738617 0.024651778861880302 0.03207233175635338 -0.11832576990127563 -0.09521392732858658 -0.026549411937594414 -0.059820543974637985 0.10917828232049942 0.015694748610258102 -0.01226054411381483 0.11873707920312881 -0.04552847146987915 -0.08924706280231476 -0.06438502669334412 -0.12175227701663971 -0.014623962342739105 0.11033234745264053 -0.07357749342918396 -0.09190100431442261 0.03516503423452377 0.09037061780691147 -0.11553794890642166 -0.08278994262218475 0.031607501208782196 -0.07364100962877274 0.01732022687792778 0.06218980997800827 -0.056789327412843704 0.10967004299163818 -0.03766230121254921 0.06977693736553192 0.007424375042319298 -0.08137419819831848 -0.09301512688398361 0.11508333683013916 0.11500055342912674 -0.017136046662926674 -0.04365774244070053 -0.11830917000770569 -0.031333621591329575 0.085377536714077 -0.008331033401191235 0.03572579473257065 0.10586513578891754 -0.11078742146492004 0.09107100963592529 0.07763353735208511 -0.053954411298036575 -0.035857394337654114 0.07991021871566772 -0.09857689589262009 -0.11940588802099228 0.09181564301252365 0.0714796856045723 -0.07175260037183762 0.08233339339494705 0.05632548779249191 -0.013737358152866364 -0.11428488045930862 0.04469263553619385 0.04355314373970032 0.11735054850578308 0.047440994530916214 -0.027814485132694244 -0.056699320673942566 0.0812913104891777 -0.10626290738582611 -0.042458660900592804 -0.08042477816343307 0.04886550456285477 -0.06014150753617287 0.05317234247922897 -0.02634652704000473 0.03298916295170784 0.09870811551809311 -0.037313561886548996 -0.07175201177597046 -0.10929383337497711 0.11091655492782593 -0.12142156064510345 0.01738528534770012 -0.08634919673204422 -0.10983650386333466 0.018169302493333817 -0.015505662187933922 0.1079355925321579 -0.09074530005455017 0.08004371076822281 0.02099795825779438 0.06719715893268585 -0.10625188052654266 -0.07711116224527359 0.10027898102998734 -0.056780196726322174 0.06251464784145355 0.08703137934207916 -0.05799492821097374 0.007734015583992004 0.0771796852350235 -0.040774308145046234 0.08008703589439392 -0.002538579748943448 -0.020110683515667915 0.09143587201833725 0.0917077288031578 -0.0011202547466382384 0.06410901993513107 -0.043996844440698624 -0.04630567133426666 0.029515190050005913 0.0561538003385067 -0.06356795132160187 0.06716573238372803 -0.031798265874385834 -0.009270957671105862 -0.0041880421340465546 0.014963728375732899 0.005069971550256014 0.033586014062166214 0.025782397016882896 -0.04099014401435852 0.08469151705503464 -0.09366004168987274 -0.021159937605261803 0.10116201639175415 0.0360635444521904 0.08009088039398193 -0.029385657981038094 0.01821270026266575 -0.056204866617918015 -0.058955468237400055 0.01991615816950798 0.026499541476368904 0.07514934986829758 -0.05774902552366257 0.09403961151838303 0.11446667462587357 0.10870882123708725 0.07558619230985641 -0.02507355809211731 -0.12267372012138367 -0.09899622946977615 0.10557454824447632 0.05296705663204193 0.06879401206970215 0.05694923922419548 0.06056137755513191 0.04252845048904419 -0.11198993027210236 0.054427046328783035 -0.12269166111946106 -0.0856146439909935 -0.02949070744216442 -0.020974140614271164 0.12619732320308685 -0.04886197671294212 -0.02300354465842247 0.08771051466464996 0.09324700385332108 -0.08267271518707275 -0.08317417651414871 -0.09114841371774673 -0.11862475425004959 0.03012729622423649 -0.0549900084733963 0.011249694041907787 0.10092320293188095 0.0479619987308979 0.00705513684079051 -0.07795683294534683 -0.11634217202663422 0.02126014232635498 0.011798107996582985 0.013768890872597694 -0.11544940620660782 0.08235934376716614 -0.001373444334603846 -0.06797725707292557 0.042462293058633804 -0.0018828670727089047 -0.1100095883011818 0.03139157220721245 -0.09011878818273544 -0.1010233461856842 0.08563174307346344 0.02334296703338623 -0.008112127892673016 0.05714936554431915 -0.06407041847705841 -0.09456953406333923 0.06347380578517914 0.07025592774152756 -0.1133759468793869 -0.017545469105243683 -0.03737647831439972 0.10734260082244873 0.09207378327846527 0.10153134912252426 -0.09750345349311829 0.03089975379407406 0.09542935341596603 0.08194825798273087 0.05183761939406395 -0.05769137293100357 -0.028285156935453415 0.11335994303226471 -0.1015997976064682 0.07591982930898666 0.021177202463150024 -0.019960671663284302 0.03261367604136467 0.10130126774311066 -0.07449739426374435 0.1259434074163437 0.05202861875295639 -0.05795454606413841 -0.07026208192110062 0.14046066999435425 0.04828762635588646 -0.0032931193709373474 0.09613161534070969 0.12043454498052597 0.05110987648367882 -0.08258804678916931 -0.027605555951595306 0.07276465743780136 0.03044789843261242 0.03639212250709534 0.038838278502225876 -0.0766746774315834 0.060366757214069366 -0.028220437467098236 0.09421190619468689 -0.014271055348217487 -0.05820438638329506 0.012460892088711262 -0.12145687639713287 -0.040274541825056076 0.10608075559139252 -0.07687966525554657 -0.10187569260597229 0.03276420757174492 0.04471350461244583 -0.09767962992191315 -0.12661001086235046 -0.02269388549029827 0.0035741105675697327 -0.05759894847869873 0.04559068754315376 -0.061319779604673386 0.02321283333003521 0.09021735191345215 0.0334017239511013 0.09133239090442657 0.029604144394397736 -0.04615079239010811 -0.021414995193481445 -0.07955093681812286 0.048594601452350616 0.030838526785373688 0.09904763847589493 -0.06839725375175476 0.09009756147861481 -0.06290791928768158 0.09690781682729721 -0.044543925672769547 -0.0035910664591938257 -0.039346832782030106 0.0034622959792613983 -0.08545219898223877 0.07305784523487091 0.07168262451887131 -0.06964971125125885 -0.12304233759641647 -0.11109620332717896 -0.005042893812060356 -0.10235711187124252 0.00836305133998394 0.10517750680446625 -0.09292397648096085 -0.10750367492437363 -0.10875728726387024 0.02294289693236351 0.002001093700528145 0.03878069669008255 0.08073980361223221 0.015724392607808113 -0.009324299171566963 0.05451303347945213 0.03890208527445793 0.0480891652405262 -0.09431596100330353 0.11817410588264465 -0.047938328236341476 -0.05342412367463112 -0.05916420370340347 0.1078256368637085 -0.08488015085458755 -0.07504405826330185 0.02246864326298237 0.04616198688745499 -0.04639710113406181 -0.10527313500642776 0.005617772229015827 0.05415209010243416 -0.06731472164392471 -0.04372216761112213 -0.10513825714588165 0.04611964151263237 0.001203311956487596 0.04637305438518524 0.07555815577507019 0.03374524414539337 0.03931797295808792 0.03161032870411873 -0.0991000384092331 -0.1277937889099121 -0.12753131985664368 -0.10282734781503677 -0.010960816405713558 0.015772948041558266 0.09594547003507614 -0.09450647979974747 -0.09550456702709198 -0.06303272396326065 -0.08702661097049713 -0.0229848213493824 0.026235854253172874 -0.0434592068195343 -0.03955291211605072 -0.03951343521475792 0.12375747412443161 0.029386790469288826 -0.10432157665491104 -0.00844008568674326 -0.07089703530073166 0.0034636929631233215 0.07979335635900497 0.06595676392316818 -0.023623334243893623 0.06724239885807037 0.010370873846113682 0.06337334215641022 -0.09037558734416962 -0.09888754785060883 0.14683404564857483 0.07010957598686218 -0.09224923700094223 0.10485324263572693 0.0567537359893322 0.0256078839302063 -0.07662682235240936 -0.01327837910503149 -0.09284138679504395 -0.008149789646267891 -0.10448023676872253 -0.08683431893587112 0.09989268332719803 0.02612956427037716 -0.05807838588953018 0.04811163619160652 0.08587255328893661 -0.06729016453027725 -0.08337877690792084 0.13180223107337952 0.12959398329257965 0.010957568883895874 0.03948371112346649 -0.06845571100711823 0.12700770795345306 0.05751093849539757 0.028122704476118088 0.09842003136873245 0.11865497380495071 -0.0040300460532307625 0.007338865660130978 0.07187318056821823 0.037586115300655365 0.11431685835123062 0.0010098905768245459 0.11777883768081665 0.016747837886214256 0.0870557352900505 0.05516945570707321 0.0832846537232399 0.049318667501211166 -0.055505361407995224 -0.005497775971889496 -0.04314253479242325 0.10226643830537796 -0.028844894841313362 -0.052962977439165115 -0.11491319537162781 -0.12068402022123337 -0.06832858920097351 -0.04279543459415436 0.03183574602007866 -0.053565628826618195 -0.12957337498664856 -0.08441691100597382 -0.11786320060491562 0.04574964940547943 -0.07101735472679138 0.030797675251960754 -0.005844770930707455 0.09660042822360992 -0.1261877864599228 0.04727111756801605 0.07648923248052597 -0.08539212495088577 -0.022198433056473732 -0.03684181347489357 -0.04775872454047203 -0.007018392905592918 0.0904262512922287 -0.09263528883457184 0.0635332390666008 -0.01612986996769905 0.10846041142940521 -0.015680233016610146 -0.08392385393381119 -0.10371685028076172 0.06693075597286224 -0.07094259560108185 -0.010326097719371319 -0.05356810986995697 0.07922540605068207 -0.0431780181825161 -0.12566491961479187 -0.018259206786751747 -0.1235782653093338 -0.05706110969185829 -0.11814214289188385 0.04557593911886215 0.0248161219060421 -0.07219402492046356 0.024046139791607857 0.06326984614133835 -0.00791933387517929 -0.1250399798154831 0.03994869068264961 0.07986406981945038 0.029557429254055023 0.010039759799838066 -0.06557178497314453 -0.10130752623081207 -0.12856337428092957 -0.10702989995479584 -0.05580742657184601 -0.09978994727134705 0.09917398542165756 0.029799453914165497 0.057604819536209106 -0.03393715247511864 0.10947003960609436 0.11190836131572723 -0.02883617952466011 -0.0699240192770958 0.0014348233817145228 -0.02062678150832653 0.041829075664281845 -0.04926137253642082 -0.10674251616001129 -0.08353100717067719 -0.11882257461547852 -0.05812143161892891 -0.01886156015098095 0.01292427908629179 -0.09610535204410553 -0.09120314568281174 -0.037341710180044174 0.04443041980266571 -0.043129242956638336 0.07999511808156967 -0.12091319262981415 -0.049575287848711014 -0.05781520903110504 0.02177276834845543 0.02960883267223835 0.08388807624578476 0.10774783045053482 0.10319364070892334 -0.04854223504662514 0.0951264277100563 0.09739597886800766 0.059521667659282684 -0.11842378228902817 -0.03795367851853371 -0.057216499000787735 0.0847683995962143 0.021223612129688263 -0.043216582387685776 0.030781829729676247 0.028304437175393105 0.03244427219033241 0.003695310791954398 0.017148306593298912 -0.08583588898181915 -0.08183713257312775 -0.05053418129682541 -0.08831528574228287 -0.01840142346918583 -0.11403734982013702 -0.07118728756904602 0.11129329353570938 0.003990659490227699 0.011086205020546913 0.0890868753194809 0.104604572057724 -0.08889038860797882 -0.04410479962825775 0.09936605393886566 0.07182162255048752 -0.062375787645578384 -0.03479660302400589 0.03232191875576973 0.11129344999790192 -0.03093617409467697 -0.03341737762093544 -0.021938364952802658 0.042582541704177856 -0.045457836240530014 0.05856617912650108 -0.03339853882789612 -0.06880118697881699 -0.04733653366565704 0.10276002436876297 -0.11012718826532364 -0.1299736201763153 0.045151036232709885 -0.09621253609657288 -0.05349789932370186 -0.07128731906414032 -0.09049011766910553 -0.04346514865756035 0.04320096597075462 -0.1422606259584427 -0.12372284382581711 0.03681279346346855 0.04345783591270447 0.07142462581396103 0.0065734838135540485 -0.022379232570528984 -0.0109788179397583 -0.03774642571806908 0.04966360330581665 -0.029946520924568176 -0.04494048282504082 -0.04971620440483093 -0.02759065292775631 -0.09358219802379608 0.08911333233118057 0.11380648612976074 -0.03636506199836731 0.08865474909543991 0.03347880020737648 0.037081241607666016 -0.011306908912956715 -0.07484238594770432 0.10678382962942123 -0.09042257815599442 0.07044835388660431 -0.09616994112730026 -0.08781776577234268 -0.0968906432390213 0.11440259963274002 0.05184735730290413 0.052363209426403046 0.07703239470720291 -0.11283956468105316 -0.0883869156241417 -0.06701211631298065 -0.09850907325744629 -0.11439084261655807 -0.09450135380029678 -0.06959895044565201 -0.09936656057834625 -0.05224211513996124 0.0641719326376915 -0.06990091502666473 0.043946873396635056 0.03804892674088478 -0.08698388189077377 -0.08589769154787064 0.02961084246635437 0.030695023015141487 0.11390601843595505 0.05379580333828926 0.10772249102592468 -0.037562135607004166 -0.044133856892585754 0.03443022817373276 -0.06703301519155502 -0.08158883452415466 0.07935797423124313 -0.08947494626045227 -0.033707112073898315 -0.09611324220895767 -0.04101727157831192 0.018258091062307358 0.06808257848024368 0.0510919913649559 -0.03673125058412552 0.10580763220787048 -0.0331854522228241 -0.10185302048921585 0.010802863165736198 0.1232219859957695 -0.04180161654949188 0.07699524611234665 0.06928141415119171 -0.08656280487775803 -0.03178653120994568 0.009837006218731403 0.0409851148724556 0.08556357771158218 -0.0317484512925148 0.06492973864078522 0.049844566732645035 -0.03328494727611542 -0.09145910292863846 -0.0377928726375103 0.03074563294649124 -0.03252441808581352 -0.0791190043091774 0.09107376635074615 -0.06129075586795807 -0.02124406397342682 -0.06896550953388214 0.09845974296331406 -0.026520876213908195 0.08388593047857285 0.0495319701731205 0.024098366498947144 0.09559421986341476 -0.020142948254942894 0.12253423780202866 -0.08413030952215195 0.08730089664459229 -0.11635477840900421 -0.015308952890336514 -0.07854171842336655 -0.07450921088457108 -0.11799190938472748 -0.025865551084280014 0.05443863198161125 -0.09131460636854172 -0.10884901136159897 0.03640284761786461 -0.0003880996664520353 -0.07240384817123413 0.06399275362491608 0.0903642475605011 0.06550510227680206 0.02992206998169422 -0.07142853736877441 -0.06535110622644424 0.0382443442940712 -0.038941193372011185 -0.04537062719464302 0.0465766005218029 0.025260079652071 0.01492104772478342 -0.05604980140924454 0.058230429887771606 0.06842083483934402 -0.08099555224180222 -0.053782396018505096 -0.07994425296783447 -0.020670535042881966 0.024154625833034515 -0.011815160512924194 -0.06848163157701492 0.12138344347476959 0.04320491477847099 0.10052298754453659 0.0973619744181633 0.10895559191703796 -0.1149786114692688 -0.10317661613225937 0.010746839456260204 -0.11014356464147568 0.05196612328290939 0.08301705867052078 0.11270304769277573 0.05112298205494881 0.04436466097831726 -0.09735825657844543 0.06445296108722687 -0.06223643571138382 0.02778570167720318 -0.02215234562754631 -0.005659752991050482 0.013013111427426338 0.11148712784051895 -0.11556702107191086 0.057058271020650864 -0.03798799216747284 -0.12121275812387466 0.021928878501057625 0.06906519085168839 -0.048528265208005905 -0.014945149421691895 -0.11640026420354843 0.06477869302034378 -0.10163135081529617 0.07056679576635361 0.07952231913805008 0.07997048646211624 0.010339589789509773 -0.10294509679079056 0.012893377803266048 0.016864018514752388 -0.05635851249098778 0.1062244102358818 0.060806579887866974 -0.08128898590803146 -0.08368459343910217 -0.005130513105541468 -0.03644268214702606 0.012009416706860065 0.003609222127124667 -0.03958408907055855 0.08694788813591003 -0.10823435336351395 -0.034633222967386246 0.0887412503361702 0.03652060776948929 -0.02265208214521408 0.03890229016542435 0.12348978966474533 -0.02711864747107029 -0.021898111328482628 -0.038896460086107254 0.04342144727706909 -0.0705830454826355 -0.1063356027007103 -0.04800425469875336 0.06915801763534546 -0.0049322256818413734 0.03212522715330124 0.08419570326805115 -0.0897759348154068 -0.08988042920827866 0.11346926540136337 -0.05494518205523491 -0.01656208001077175 0.07501018047332764 -0.026446031406521797 -0.02727217599749565 0.13103032112121582 -0.09392065554857254 0.05721794441342354 -0.11614260822534561 0.09416202455759048 -0.011189712211489677 -0.03995233401656151 -0.0760330855846405 -0.08018240332603455 0.07803331315517426 0.05623561888933182 0.08778460323810577 0.0576825886964798 0.017936553806066513 0.09644696861505508 -0.09503316134214401 0.004620043560862541 -0.1212824359536171 0.10672755539417267 -0.09002622216939926 -0.05438166484236717 0.11514955013990402 -0.10132397711277008 0.025277666747570038 0.10029949247837067 0.10124962031841278 0.03125622123479843 -0.06315428763628006 0.031690068542957306 -0.010950959287583828 -0.011666607111692429 0.08588837087154388 0.041086044162511826 -0.09340503066778183 0.03755532205104828 0.10282721370458603 -0.00164764781948179 -0.07271957397460938 -0.013933644630014896 -0.033356115221977234 0.02600190043449402 0.12305081635713577 -0.1094670444726944 0.030873697251081467 0.09688063710927963 -0.09735710918903351 0.08265259861946106 -0.017748739570379257 -0.0801510438323021 -0.04054004326462746 0.04137596860527992 0.10168413072824478 0.10509982705116272 -0.09518489241600037 0.0005958976689726114 -0.0008515050285495818 -0.02779359370470047 0.10671164095401764 0.09885513037443161 -0.03883315250277519 -0.05874745175242424 0.08261366188526154 -0.0852707102894783 -0.05825074017047882 0.023345086723566055 -0.00849197804927826 -0.08955845236778259 0.1367047131061554 0.028524935245513916 -0.00392401497811079 0.03673812001943588 0.05832664296030998 0.013778691180050373 0.12504038214683533 -0.08549023419618607 0.03193739056587219 -0.05282438173890114 0.11830201745033264 -0.07247739285230637 0.09359628707170486 0.02048145979642868 0.01743466407060623 -0.007641327567398548 0.07944434136152267 -0.06289691478013992 0.07428546249866486 -0.09497535973787308 0.0981772318482399 -0.11383159458637238 -0.011838428676128387 0.029497964307665825 0.0974360853433609 0.011319711804389954 0.13243353366851807 -0.08548465371131897 -0.04968252778053284 -0.11191003024578094 0.09139735251665115 -0.1004384309053421 0.053895432502031326 -0.05660388991236687 -0.04710117727518082 -0.013826875016093254 0.056688133627176285 0.052823521196842194 -0.01930493488907814 -0.05133621767163277 -0.01861964538693428 0.08449791371822357 0.10293198376893997 0.08756450563669205 0.03218996152281761 -0.11855171620845795 0.009965102188289165 -0.06473308056592941 -0.0006755937938578427 -0.09476874768733978 -0.05461031571030617 -0.040857575833797455 0.0970965102314949 0.05433664098381996 -0.05397069826722145 -0.001156390062533319 0.07273507863283157 0.007444173563271761 -0.11175886541604996 0.09325914829969406 0.11265431344509125 0.01361166499555111 0.026570795103907585 -0.04253246635198593 0.019174186512827873 0.016458090394735336 -0.013330753892660141 -0.038625091314315796 0.08233032375574112 0.09047801792621613 -0.008549719117581844 0.015365291386842728 0.1270572394132614 -0.08415544033050537 0.05410251393914223 -0.07769641280174255 0.07860560715198517 -0.10727204382419586 0.053585659712553024 0.010837689973413944 -0.0970776155591011 -0.09905880689620972 0.11066508293151855 0.004640308674424887 -0.043422989547252655 -0.05240761861205101 0.06160292774438858 -0.0017527776071801782 -0.09073086827993393 -0.034156884998083115 0.061247631907463074 -0.07154462486505508 0.09500810503959656 -0.11208190023899078 0.04457203298807144 -0.08423338085412979 0.06060096621513367 0.04707958549261093 0.06606996059417725 -0.01477302610874176 -0.11832361668348312 -0.10467983037233353 -0.006878058426082134 -0.003947517368942499 -0.05607699230313301 0.05538232624530792 -0.0728938952088356 -0.045365333557128906 0.0018566634971648455 -0.11831867694854736 -0.033490799367427826 0.10536463558673859 0.11741936951875687 -0.0655670315027237 -0.0013586445711553097 -0.001988509204238653 -0.11053821444511414 0.07574798911809921 -0.031850770115852356 0.05778591334819794 -0.06364358216524124 0.0007798732258379459 0.018373949453234673 0.04896191880106926 -0.017150314524769783 -0.07050758600234985 -0.058677490800619125 -0.007683723699301481 -0.09830263257026672 -0.10448341816663742 0.05417793616652489 0.08921869844198227 0.02601267397403717 0.002472920110449195 -0.00592050701379776 0.0778355747461319 -0.09175188094377518 0.05378192663192749 -0.06748886406421661 -0.05996043235063553 -0.002176041714847088 -0.09089980274438858 0.07911702990531921 -0.052556104958057404 0.10791724175214767 -0.0330737940967083 -0.06980692595243454 -0.017775883898139 -0.04848823696374893 -0.1061057522892952 0.10350582748651505 0.08010832220315933 0.008731110952794552 -0.0880381241440773 0.024121984839439392 0.02702113799750805 0.031466301530599594 -0.03235705569386482 -0.12028966099023819 -0.01998654566705227 0.06158818304538727 0.10409902036190033 -0.09324447810649872 0.08962465822696686 -0.01976758986711502 -0.00047023058868944645 -0.1152234748005867 0.12035742402076721 0.006720999255776405 0.11940810829401016 0.10678989440202713 -0.09184250235557556 -0.0566297322511673 -0.07371605932712555 -0.10289987176656723 -0.08975393325090408 -0.02200394868850708 0.10020653903484344 0.05592503026127815 0.041355691850185394 0.0440373457968235 0.05240199714899063 0.08629363030195236 -0.06427370756864548 0.08088028430938721 0.04152362793684006 -0.026759590953588486 0.08740666508674622 -0.10880681127309799 0.05003676563501358 -0.07501450181007385 0.11120765656232834 0.00997410248965025 -0.09313800185918808 -0.014365979470312595 -0.010848418809473515 0.11774769425392151 -0.019118105992674828 -0.09023270010948181 0.06205260008573532 0.003725192742422223 0.018778281286358833 0.08052653819322586 -0.12082937359809875 0.0549805723130703 -0.0024603893980383873 0.0055961599573493 0.12359905987977982 0.043457306921482086 0.12951073050498962 0.09351899474859238 0.10642476379871368 0.02693861722946167 0.03080364502966404 0.05117970332503319 0.09148767590522766 -0.04430268332362175 0.005553833674639463 -0.0057813129387795925 -0.016998853534460068 0.05702555179595947 0.004129627253860235 0.0023604165762662888 -0.09204088151454926 -0.03624080866575241 -0.046388350427150726 -0.07826803624629974 -0.016129517927765846 0.01576005294919014 0.07448948174715042 0.05855906009674072 0.0010932517470791936 0.11108066141605377 0.05186738818883896 -0.07707415521144867 0.056094516068696976 -0.026882354170084 -0.07256021350622177 0.1195620745420456 0.018033143132925034 0.01770430989563465 -0.07247700542211533 0.04474490508437157 0.0720544382929802 -0.022028902545571327 0.010856229811906815 0.05462082847952843 0.11958874017000198 -0.09391647577285767 0.10900021344423294 0.07950803637504578 0.10458693653345108 0.09603707492351532 0.07921242713928223 0.0002231673861388117 0.10730458796024323 -0.08937188237905502 0.0842834860086441 -0.06679341942071915 -0.009295892901718616 -0.001229477347806096 0.0015766555443406105 -0.12528090178966522 -0.04677693545818329 -0.08504071831703186 0.08933763206005096 -0.12568636238574982 -0.035683564841747284 -0.0021246569231152534 0.06792154163122177 0.09720150381326675 0.11525967717170715 0.04841840639710426 0.09085158258676529 0.08655098080635071 -0.0006921013118699193 -0.024640973657369614 -0.08307461440563202 0.03201030567288399 0.01246831938624382 -0.018981941044330597 -0.0023320333566516638 0.02124914526939392 0.07662620395421982 0.05815544351935387 0.046248484402894974 0.13182571530342102 0.1303727775812149 0.11455487459897995 0.08048544079065323 -0.0291847325861454 -0.07166843861341476 -0.023324210196733475 -0.09424041956663132 0.06523793935775757 0.047750961035490036 0.09022197127342224 0.009985432028770447 0.012984649278223515 -0.0785701647400856 -0.019164809957146645 -0.0029699159786105156 -0.009227455593645573 0.1039242371916771 -0.030967196449637413 0.10270732641220093 -0.05956532806158066 0.11328674852848053 -0.09348675608634949 -0.022285372018814087 -0.02179313637316227 0.012191664427518845 -0.0018972196849063039 0.02566472254693508 -0.05527098849415779 0.03118015080690384 0.05239672586321831 0.12784482538700104 0.041373759508132935 0.11244753748178482 0.058979570865631104 0.007982132956385612 0.08954507857561111 0.010965891182422638 -0.06619405001401901 -0.0062812198884785175 -0.03190136328339577 0.09371006488800049 -0.001428794115781784 -0.033078208565711975 0.0361979678273201 -0.0026398582849651575 -0.011162559501826763 -0.08561160415410995 -0.0303511880338192 0.10247306525707245 0.06293100863695145 0.0376087911427021 -0.016090692952275276 -0.0797630250453949 0.10332159698009491 0.004173245746642351 0.046421781182289124 -0.02030852623283863 -0.037541698664426804 0.09980785846710205 0.12069156765937805 0.08550237864255905 -0.11202096939086914 0.11407344043254852 -0.09532619267702103 -0.039908114820718765 0.09051422029733658 0.006611637771129608 -0.0889134407043457 0.07539626955986023 0.13433049619197845 0.07592583447694778 -0.09994444251060486 0.13616444170475006 -0.09097461402416229 0.08069735765457153 -0.05775563418865204 0.026955919340252876 0.03745823726058006 0.05154629051685333 -0.04280751943588257 0.04442281275987625 -0.09422053396701813 -0.03765442594885826 0.041425593197345734 -0.08271340280771255 0.05379485338926315 -0.03770885244011879 0.10470809787511826 0.0749940425157547 0.04010689631104469 -0.07560016959905624 0.09427497535943985 -0.015329278074204922 0.029404129832983017 -0.07538546621799469 -0.052118245512247086 -0.10232197493314743 0.08546166121959686 -0.11620307713747025 0.002447874750941992 -0.036651600152254105 -0.05681955814361572 -0.0318470261991024 -0.004224851261824369 -0.004063094034790993 -0.023516671732068062 -0.02972763031721115 0.0960104689002037 0.019660400226712227 -0.09806045144796371 0.04817021265625954 -0.09076724946498871 -0.02734348550438881 -0.05767010152339935 -0.1255752295255661 -0.12645255029201508 -0.06573944538831711 -0.04695628210902214 -0.07205647230148315 0.08641974627971649 -0.0012652187142521143 -0.017676031216979027 -0.07820238918066025 0.017797261476516724 0.07330399751663208 0.04268676042556763 0.04152059182524681 0.0707947164773941 0.11586587131023407 0.1186957135796547 -0.009666435420513153 -0.10511211305856705 -0.06020583212375641 -0.0030137498397380114 0.018300805240869522 0.12907758355140686 0.11029954254627228 0.11252843588590622 -0.10281785577535629 -0.12920618057250977 0.05550899729132652 0.038589030504226685 -0.03978947177529335 0.0755298063158989 -0.0866180807352066 -0.06899312883615494 -0.0998116210103035 0.0071213520132005215 -0.1158866435289383 0.011145631782710552 -0.004760471172630787 -0.05719553679227829 -0.09381565451622009 0.0372810885310173 -0.00840620044618845 -0.09632318466901779 -0.10358001291751862 0.03849780559539795 -0.08227261900901794 -0.07038199156522751 0.016604524105787277 -0.11387182027101517 0.017021991312503815 0.016156477853655815 -0.006885698530822992 0.09615764766931534 0.0656910315155983 -0.1060553789138794 -0.10263217240571976 -0.039690468460321426 -0.08693859726190567 0.010397369042038918 0.02992807701230049 -0.04605502262711525 0.07668416202068329 -0.1240072250366211 -0.054743554443120956 0.025656234472990036 -0.04970802739262581 -0.0375385656952858 -0.10958138853311539 -0.11984873563051224 0.05709817633032799 -0.03612927347421646 -0.1151079535484314 0.032234445214271545 -0.10837908089160919 0.06359118223190308 0.0659879595041275 -0.017498496919870377 0.09734359383583069 0.10360762476921082 0.12767457962036133 -0.10218612104654312 -0.0752052441239357 0.05044332519173622 0.023511845618486404 -0.08845124393701553 -0.014800201170146465 0.04924507439136505 -0.014099500142037868 0.04351375624537468 -0.036733485758304596 0.06825040280818939 0.10914570093154907 -0.05782177671790123 -0.09014008939266205 -0.0055920714512467384 -0.03461388498544693 -0.005259953439235687 0.10484516620635986 0.007552844472229481 -0.01984046958386898 0.09467480331659317 -0.03847253695130348 -0.0930272787809372 0.022272814065217972 -0.06231464073061943 -0.0924542173743248 0.0008162246667779982 0.018167957663536072 0.041330162435770035 -0.01432098913937807 0.023526107892394066 0.02404984086751938 -0.019509797915816307 -0.09917475283145905 -0.07950564473867416 0.03374980017542839 -0.10220394283533096 0.01604324020445347 0.0005580011056736112 0.04440750181674957 0.04850224032998085 0.05461607873439789 -0.06738575547933578 0.0074892593547701836 0.10760942101478577 0.056707751005887985 -0.036975324153900146 0.10336863994598389 -0.07930132746696472 0.09410291910171509 -0.11199341714382172 -0.08269627392292023 0.053017351776361465 -0.02822008542716503 0.038884133100509644 0.009592264890670776 -0.033514540642499924 0.09874752163887024 -0.003352629952132702 0.11734184622764587 0.046646665781736374 0.053592026233673096 -0.08015993982553482 0.038953252136707306 -0.07146970927715302 0.11168225109577179 -0.04638019576668739 0.08551454544067383 -0.08064261823892593 0.11646272242069244 -0.04508392885327339 0.03681182861328125 0.12804505228996277 0.11030592024326324 -0.01896868273615837 0.0801103338599205 0.015619715675711632 -0.067299485206604 -0.04264262691140175 -0.01022267248481512 0.10860321670770645 0.10450512170791626 -0.031619466841220856 0.051526907831430435 0.07189297676086426 0.032178834080696106 -0.10076168179512024 -0.08861200511455536 -0.007022154983133078 0.060462627559900284 -0.06822270154953003 0.09408249706029892 0.10258841514587402 0.0198742114007473 0.04509706422686577 -0.11039744317531586 -0.06954711675643921 0.007585001643747091 0.03835589066147804 -0.0661015510559082 0.004879131447523832 0.07023859769105911 -0.018044820055365562 -0.04393289238214493 0.012452710419893265 0.0133862579241395 0.019941875711083412 -0.04537787288427353 -0.02379618026316166 -0.04817040637135506 0.11746656149625778 0.11599976569414139 0.03574937582015991 0.0038746544159948826 -0.01991087943315506 0.1019124761223793 0.09980751574039459 0.0711074098944664 0.04965841770172119 0.04932684823870659 -0.032554615288972855 0.10137347131967545 -0.005341705400496721 -0.023245686665177345 0.04008159786462784 -0.025470683351159096 0.020902281627058983 0.009596563875675201 0.003068476915359497 0.03897761553525925 0.09381384402513504 -0.09275005757808685 -0.05482107773423195 -0.06219931319355965 -0.04308468848466873 -0.10510321706533432 0.03345228731632233 -0.04726337268948555 -0.09699935466051102 -0.09671574085950851 -0.09830494970083237 0.00041269013308919966 -0.09890992939472198 0.044616591185331345 -0.06262533366680145 0.0465809665620327 0.09692198038101196 0.02482249215245247 0.0571335144340992 0.015357685275375843 -0.08302584290504456 -0.1300206035375595 0.07713056355714798 -0.012145552784204483 0.05170677229762077 -0.042740270495414734 -0.08358152210712433 -0.09268452227115631 -0.006400053855031729 0.1064857468008995 0.055084556341171265 0.06932771950960159 -0.05555061623454094 0.055720146745443344 -0.013684400357306004 -0.11196823418140411 -0.057534389197826385 0.09423071891069412 -0.12455698102712631 0.07519632577896118 -0.08414310961961746 -0.033885225653648376 -0.05125536397099495 0.08682331442832947 -0.11731375008821487 0.07237417995929718 0.056758008897304535 0.08773200213909149 -0.08155091851949692 0.09935837239027023 -0.0575781874358654 0.10514453053474426 0.07125254720449448 -0.06195824220776558 -0.11516360193490982 0.05245135352015495 -0.008464610204100609 0.0557141974568367 -0.0063957329839468 0.09938313812017441 -0.023817766457796097 -0.027470968663692474 -0.004886277485638857 -0.021650055423378944 0.08800826221704483 -0.033816587179899216 0.1405947208404541 0.0257465410977602 -0.004842315334826708 -0.0765647292137146 -0.01860412023961544 -0.041704658418893814 -0.053009118884801865 -0.10977611690759659 -0.003008967963978648 0.12127163261175156 0.04718557000160217 -0.042414408177137375 0.1286405324935913 0.04311478137969971 0.12778861820697784 0.05838504806160927 0.05969540774822235 -0.05527779832482338 0.034513626247644424 -0.05858171358704567 0.11934404075145721 -0.059496939182281494 -0.0015082821482792497 0.09424694627523422 -0.0010462430072948337 -0.07985768467187881 -0.084065742790699 -0.021128954365849495 -0.048482418060302734 -0.052320923656225204 0.01732785999774933 0.05006822198629379 -0.10252860933542252 -0.11553188413381577 -0.054573554545640945 0.10428934544324875 -0.06128941476345062 -0.06437532603740692 0.12548550963401794 0.03075529634952545 -0.00788100529462099 -0.06536111235618591 -0.05642283707857132 0.0724232867360115 0.016991568729281425 0.007737600244581699 0.12827935814857483 0.08853832632303238 0.0071160453371703625 -0.019844219088554382 -0.0012022486189380288 0.06474930047988892 0.013421005569398403 -0.018889665603637695 0.09878960996866226 -0.10757651180028915 0.05394019931554794 -0.0399005226790905 -0.021143099293112755 -0.033240146934986115 -0.09252113848924637 0.04169449582695961 0.021685339510440826 0.033795226365327835 0.03342253342270851 0.10509049147367477 -0.11325753480195999 -0.09651826322078705 -0.10383870452642441 -0.036956608295440674 0.1299108862876892 -0.10093477368354797 0.08318184316158295 -0.07572077214717865 0.07608083635568619 0.02231980301439762 -0.013053908944129944 0.05465143918991089 0.04234078899025917 -0.12405534833669662 -0.011314211413264275 0.031162191182374954 0.08867348730564117 -0.06630338728427887 -0.0029934754129499197 -0.08790446817874908 -0.011835122480988503 -0.0762692242860794 -0.0816800519824028 -0.059393808245658875 -0.06748974323272705 -0.08227318525314331 -0.11550770699977875 -0.08041173219680786 -0.07975631952285767 0.07242830097675323 -0.02076919749379158 0.11483431607484818 0.10960397869348526 0.11438287794589996 0.030269568786025047 0.05250725522637367 0.03261682391166687 0.10146574676036835 0.07332365959882736 0.05064511299133301 -0.030579721555113792 -0.10411625355482101 -0.06699750572443008 -0.006429185625165701 0.07607106119394302 0.00700317183509469 -0.06791204959154129 -0.11718420684337616 -0.09773384779691696 0.03217094764113426 -0.05105910077691078 0.02033110149204731 -0.12377060204744339 -0.11636292189359665 0.11271947622299194 -0.1203702837228775 0.024816472083330154 0.10075045377016068 -0.13190221786499023 0.034375276416540146 -0.0521225780248642 -0.0657426044344902 -0.12569403648376465 0.0873200073838234 -0.13390859961509705 -0.09702012687921524 0.0606081448495388 -0.12224743515253067 -0.020158983767032623 0.029923394322395325 -0.09406479448080063 0.09559094905853271 -0.0848434641957283 0.0350506529211998 0.001606007106602192 0.012678403407335281 0.08455904573202133 -0.0723889023065567 0.06720791757106781 0.0025238003581762314 0.07221835851669312 0.06705415993928909 0.043017659336328506 0.053950633853673935 -0.008906583301723003 0.09042475372552872 0.02604232355952263 0.047905806452035904 0.08133479207754135 0.017051341012120247 0.0038096378557384014 -0.07372449338436127 0.031958967447280884 -0.11679502576589584 -0.019863221794366837 -0.12293701618909836 -0.07002510130405426 0.0535743422806263 -0.09435785561800003 0.09785952419042587 -0.105740025639534 -0.08343985676765442 -0.04724889621138573 0.010828250087797642 -0.12281452119350433 -0.1332809329032898 -0.04561175778508186 -0.053254012018442154 0.06822472810745239 -0.10126504302024841 0.07407441735267639 0.08450184017419815 0.021273242309689522 -0.10831233859062195 0.014426297508180141 0.05596689507365227 0.024168480187654495 -0.09230821579694748 0.03748060017824173 -0.018616491928696632 0.040460944175720215 0.04152465611696243 -0.0013257935643196106 0.003986411262303591 0.017057206481695175 0.03355380520224571 0.026496637612581253 0.10145746171474457 0.02121756784617901 -0.09176413714885712 0.06818459182977676 0.015395404770970345 -0.059699270874261856 -0.11181237548589706 -0.08181700855493546 -0.026923712342977524 0.12284756451845169 -0.005087646655738354 0.09935376793146133 0.11543771624565125 -0.013177578337490559 -0.06674928963184357 -0.1011703684926033 -0.0719575360417366 -0.05086679384112358 0.08309601247310638 0.06327839940786362 -0.0031093540601432323 -0.007441116496920586 -0.025586789473891258 0.07059592008590698 0.05782642215490341 0.0449310839176178 0.014719534665346146 0.09507730603218079 -0.062303368002176285 -0.04559236019849777 -0.043484847992658615 -0.04361412674188614 -0.10156532377004623 -0.11773517727851868 0.09031019359827042 -0.028316473588347435 -0.06852450966835022 -0.06760644912719727 -0.037928175181150436 -0.016480764374136925 0.06510522961616516 0.017840232700109482 0.09118665009737015 0.0027444609440863132 0.04168543592095375 -0.042718686163425446 0.005813075695186853 -0.002550607779994607 -0.10391666740179062 0.028171515092253685 0.08251097053289413 -0.06171606853604317 0.11071401089429855 -0.0633067935705185 -0.06379822641611099 0.05143342912197113 0.08520184457302094 -0.0215701162815094 -0.11094540357589722 -0.09230007231235504 -0.012133932672441006 -0.10213813930749893 -0.005712373182177544 0.09497596323490143 -0.038459911942481995 0.010507830418646336 -0.12601248919963837 -0.10462623834609985 0.1062113419175148 -0.06965547800064087 0.12736210227012634 0.05514075607061386 0.017643168568611145 0.03314018249511719 -0.035629987716674805 -0.08762810379266739 0.026345206424593925 -0.0702124685049057 -0.0697949007153511 -0.047741442918777466 0.040290411561727524 -0.03305038437247276 0.028654759749770164 0.052616581320762634 -0.11756163090467453 -0.049087733030319214 0.052011653780937195 0.0013126463163644075 0.04488338530063629 0.017710356041789055 -0.10474894940853119 0.07357273250818253 -0.04792313277721405 -0.08309825509786606 0.08429434895515442 0.009436599910259247 -0.04903409630060196 0.02177284099161625 0.005518101155757904 -0.05925625190138817 -0.08816254884004593 0.06804760545492172 0.017691103741526604 -0.016213135793805122 -0.06148357316851616 0.034983765333890915 -0.057594384998083115 -0.1056632399559021 0.12564948201179504 -0.05975810065865517 0.03217689320445061 0.012124234810471535 -0.017042120918631554 0.03790406137704849 -0.05782737582921982 -0.00524930190294981 -0.02247980423271656 0.0775330439209938 -0.09108087420463562 0.11739625036716461 -0.11969022452831268 0.04221856966614723 -0.09325127303600311 0.08561135828495026 -0.0721714124083519 0.11772283166646957 0.00925733894109726 -0.09781275689601898 -0.07522420585155487 0.11207565665245056 0.0704713761806488 -0.12099283188581467 -0.09424454718828201 0.06233303248882294 -0.08662211894989014 -0.01645852066576481 0.04827958717942238 -0.08541199564933777 -0.08863558620214462 0.030046632513403893 0.04901573061943054 -0.11952324956655502 -0.005133660975843668 0.09226048737764359 -0.06446849554777145 -0.09601971507072449 -0.10337481647729874 0.037083882838487625 -0.008869385346770287 -0.08117631077766418 -0.05230500176548958 -0.06583912670612335 0.07499022781848907 -0.07055269181728363 -0.08329740166664124 0.11149425059556961 0.07455017417669296 -0.11409511417150497 0.06815481185913086 -0.02308342047035694 0.12612037360668182 -0.10597687214612961 -0.018969779834151268 -0.06206152215600014 -0.006854234728962183 -0.016597328707575798 0.11874004453420639 -0.06022327020764351 0.07948631048202515 -0.09640385210514069 0.11936099082231522 -0.08238920569419861 -0.0009943476179614663 0.12800540030002594 0.014704417437314987 0.08569006621837616 -0.016588160768151283 -0.013198157772421837 -0.003888860112056136 -0.09159011393785477 0.0520322322845459 0.1074371486902237 -0.055531855672597885 0.0011754027800634503 -0.07601992040872574 0.04018989950418472 0.0602974034845829 -0.036333296447992325 -0.03255521506071091 -0.10650570690631866 -0.007370537146925926 -0.11029618978500366 -0.08596237748861313 0.06318049132823944 -0.046557389199733734 0.081272192299366 -0.10237029939889908 0.056196779012680054 0.03367295116186142 -0.012045523151755333 -0.12473909556865692 0.10754559934139252 0.07730678468942642 0.04219403490424156 -0.0852600559592247 0.018009738996624947 -0.1207071915268898 -0.03832884505391121 -0.05285083130002022 0.08048156648874283 0.015445821918547153 -0.09492423385381699 0.03162640333175659 -0.11872384697198868 0.11701665818691254 0.00216404115781188 -0.08515200018882751 -0.07917656004428864 -0.08270911872386932 0.020029598847031593 0.03851697966456413 0.01720302738249302 -0.03941209614276886 0.0579790398478508 -0.07956743240356445 -0.012560469098389149 -0.06935809552669525 -0.0694124847650528 0.08928170800209045 -0.08041629940271378 -0.11924882233142853 -0.06724293529987335 0.10563113540410995 0.11376099288463593 -0.1033669039607048 0.04399377480149269 -0.06055159494280815 0.013250773772597313 0.10031729936599731 0.06398221850395203 0.04822184517979622 0.06706076860427856 -0.001405996852554381 0.10810784250497818 -0.02305535413324833 -0.05420852079987526 -0.07182738929986954 -0.018894340842962265 0.0513242669403553 -0.08084668964147568 0.052904073148965836 -0.08973504602909088 -0.041978154331445694 0.03804946318268776 0.018721548840403557 -0.005036679562181234 0.012273028492927551 -0.07274071127176285 0.13793060183525085 -0.09765180945396423 0.057208526879549026 0.051854681223630905 -0.10806932300329208 0.04380086064338684 0.06910129636526108 0.07731963694095612 0.11308275908231735 -0.003928951919078827 0.08867552131414413 0.11341415345668793 0.004311661701649427 0.06930440664291382 -0.020246757194399834 0.018955780193209648 -0.0010375826386734843 0.08630050718784332 0.11506375670433044 -0.03525090590119362 0.06393592804670334 -0.07696029543876648 0.07614310085773468 0.08518736809492111 -0.09888248890638351 -0.06486935913562775 -0.07581697404384613 -0.06796904653310776 0.0238711629062891 -0.002210145117715001 -0.11186223477125168 -0.07313017547130585 0.07207284867763519 0.05334474891424179 0.06473197042942047 0.10284466296434402 -0.005011756904423237 0.03704533725976944 -0.006496544927358627 -0.09156791120767593 0.07470057159662247 -0.10159694403409958 -0.021684039384126663 -0.027200454846024513 0.1049511507153511 -0.06503801792860031 -0.06395276635885239 -0.06044170632958412 0.10775648057460785 -0.01332907285541296 -0.0907563790678978 0.07254617661237717 0.06838268041610718 0.00911122839897871 -0.05804208293557167 0.11565368622541428 -0.03750850260257721 0.049721818417310715 0.07472197711467743 0.06380635499954224 -0.06286635994911194 0.034811217337846756 -0.09486229717731476 0.11089994758367538 0.1363031268119812 0.03901485353708267 0.09010640531778336 0.09896974265575409 0.10585979372262955 0.11248030513525009 -0.06720226258039474 -0.09047581255435944 0.057080499827861786 0.07251723110675812 -0.0333024337887764 -0.0007224109722301364 -0.04058188572525978 0.0022275885567069054 -0.02105850726366043 0.11013031005859375 0.06927051395177841 0.010604792274534702 -0.028023147955536842 0.0712762326002121 -0.07432690262794495 -0.026089590042829514 0.04275346174836159 -0.07196210324764252 0.044256944209337234 0.11276465654373169 -0.005559866316616535 0.10819469392299652 0.05991527810692787 -0.028168313205242157 -0.05432048812508583 -0.023885440081357956 -0.05501861125230789 0.020215917378664017 0.10135695338249207 0.10742312669754028 0.03214848414063454 -0.05515670403838158 -0.05184975638985634 -0.04946262016892433 -0.046709269285202026 0.02930397167801857 0.09033485502004623 0.034955330193042755 0.020085347816348076 0.11597666889429092 -0.05080745369195938 -0.04690902680158615 0.009149023331701756 0.11831481009721756 0.07999315112829208 -0.011301719583570957 -0.11094534397125244 -0.05405683070421219 0.1100451722741127 -0.021940387785434723 -0.04752645641565323 0.11717839539051056 -0.11018916219472885 -0.04877156764268875 0.04756544530391693 0.08415576815605164 -0.07908216118812561 0.09702709317207336 -0.1343238651752472 -0.017287055030465126
b1 64
-0.11241062730550766 0.08424238860607147 0.033032823354005814 -0.07111969590187073 -0.11115215718746185 -0.0494111105799675 0.11897782236337662 -0.07055438309907913 0.0013829825911670923 -0.09423963725566864 0.021933184936642647 0.08646831661462784 0.04234645888209343 -0.07534878700971603 0.0958513617515564 -0.007390556391328573 0.10263918340206146 -0.07462973892688751 0.14174142479896545 0.06297962367534637 -0.016293860971927643 -0.09463627636432648 0.021283231675624847 0.10076064616441727 0.010316669940948486 -0.046231694519519806 0.06921987980604172 -0.05636987462639809 0.06279953569173813 -0.08493033051490784 0.12914061546325684 -0.09626224637031555 0.017512604594230652 -0.07518250495195389 -0.04387621209025383 0.02727947011590004 0.1261097639799118 -0.02011517807841301 0.07182390242815018 0.101143978536129 -0.12758295238018036 0.07435591518878937 0.11089448630809784 -0.07390477508306503 -0.09588760882616043 -0.05369681119918823 -0.0124814473092556 0.11700259894132614 0.1250423938035965 -0.015757564455270767 -0.02816077135503292 0.05584769695997238 0.04308963939547539 -0.022780627012252808 0.12219817191362381 -0.08697351813316345 -0.0006944268243387341 0.03854372352361679 0.06709014624357224 0.002646049251779914 0.10761798918247223 0.10530667752027512 -0.011601685546338558 -0.011909128166735172
W2 4096
0.03925815224647522 -0.11062673479318619 -0.027748245745897293 -0.05874726548790932 0.12922272086143494 0.037813231348991394 0.08712764084339142 0.0327618233859539 -0.0016733682714402676 -0.06677917391061783 -0.08931919932365417 0.1383615881204605 -0.0810580626130104 0.0313543900847435 0.0014379958156496286 -0.07663636654615402 0.012460037134587765 0.07396947592496872 0.0762765184044838 0.015494665130972862 0.10912735015153885 0.11700224131345749 -0.0866125300526619 -0.05586107075214386 -0.020402463153004646 -0.026391038671135902 0.10862558335065842 -0.04474985599517822 -0.08807548880577087 -0.05939335748553276 -0.09730174392461777 -0.0872127115726471 0.01578349992632866 -0.033172838389873505 0.1495075672864914 0.06961144506931305 0.030939094722270966 -0.03810505196452141 -0.037407562136650085 -0.11146731674671173 0.0022515514865517616 -0.04503466933965683 0.01808856427669525 -0.04937978833913803 0.12617605924606323 0.008634316734969616 0.04778728261590004 0.041628818958997726 -0.016302887350320816 0.09593914449214935 0.019001660868525505 0.0066122012212872505 -0.05246322974562645 0.051985543221235275 0.014702997170388699 0.0018982692854478955 -0.09026945382356644 0.013478415086865425 0.01700003631412983 0.11810130625963211 0.11578021943569183 0.07594417035579681 -0.08065051585435867 -0.0121928621083498 0.02093481458723545 0.05293012410402298 -0.029050394892692566 0.04827863350510597 -0.1295374035835266 -0.015891816467046738 -0.08526868373155594 -0.012779086828231812 -0.07814548909664154 0.03670851141214371 0.10109943896532059 -0.00494763720780611 -0.030534792691469193 -0.00796437170356512 -0.057689934968948364 -0.08303387463092804 -0.03188295662403107 -0.06771419197320938 -0.05930603668093681 -0.14049997925758362 0.08037957549095154 0.009977152571082115 0.08925694972276688 -0.03373952955007553 -0.043793097138404846 0.062327608466148376 0.09541689604520798 0.007717851083725691 -0.04260912537574768 -0.06903847306966782 0.012173937633633614 0.025026101619005203 -0.07811721414327621 -0.03675586357712746 -0.04716278612613678 0.07315684109926224 0.05538251996040344 -0.10754986107349396 -0.09334905445575714 -0.09140466153621674 -0.10256022214889526 -0.07652591168880463 -0.10570751875638962 0.0665719285607338 -0.032570891082286835 0.09939301013946533 0.09585443884134293 0.07985704392194748 -0.005543477833271027 0.08836380392313004 0.06595540046691895 0.001527987071312964 0.08778656274080276 -0.01128217950463295 0.10611876100301743 -0.0705663412809372 0.11108806729316711 -0.07517624646425247 0.1297539323568344 -0.12040696293115616 0.09479124844074249 0.022887686267495155 0.00011693483247654513 -0.012914886698126793 -0.054981425404548645 -0.12103737145662308 0.0122476601973176 -0.06734053790569305 0.11405442655086517 0.11127572506666183 0.07998394966125488 -0.07078051567077637 0.08088172972202301 0.034684404730796814 0.10472070425748825 0.04209297150373459 -0.04900120943784714 0.026768095791339874 0.024653267115354538 -0.0691647157073021 0.013579982332885265 -0.06191820651292801 0.07642684131860733 0.10646199434995651 0.09941243380308151 0.062040891498327255 0.04582487419247627 -0.12075608223676682 -0.018791992217302322 0.0880696028470993 0.023437848314642906 0.05588533729314804 -0.06694108992815018 -0.02984134666621685 -0.11151248961687088 -0.1138494536280632 0.023535780608654022 0.0012260351795703173 0.03964710608124733 -0.00046445868792943656 0.029668468981981277 -0.02271341159939766 -0.0424828827381134 0.038248032331466675 -0.013509636744856834 0.010652223601937294 -0.008643421344459057 0.1272960901260376 -0.03985992819070816 -0.06577051430940628 0.06944471597671509 -0.10617449134588242 0.04054480046033859 -0.11505590379238129 0.1005106195807457 0.061267297714948654 -0.05058562010526657 -0.11391231417655945 0.04730755835771561 0.05020845681428909 -0.051647208631038666 -0.051748961210250854 0.07639838755130768 -0.04566238820552826 -0.08219395577907562 0.05960720777511597 0.04219045490026474 -0.08314644545316696 0.028939994052052498 0.029665961861610413 0.008003952912986279 -0.029570795595645905 0.06366470456123352 -0.07051894068717957 0.10070103406906128 0.052890751510858536 0.09586427360773087 -0.01137924287468195 -0.056445542722940445 0.0771469995379448 0.09876734763383865 0.07050320506095886 0.06651484221220016 -0.07016225159168243 0.12447133660316467 -0.04649173468351364 0.13905510306358337 0.09802938252687454 0.12046881765127182 0.08394119888544083 0.010201484896242619 -0.05720812454819679 0.08915241062641144 0.0970512181520462 -0.08533095568418503 -0.05741338059306145 -0.0025311880744993687 -0.024739956483244896 -0.023265091702342033 -0.03254257142543793 0.0581844300031662 -0.0027324098628014326 0.001271492918021977 0.06361066550016403 0.05503028631210327 -0.052743759006261826 0.0402304045855999 -0.00305957137607038 -0.018477197736501694 0.029128188267350197 -0.07841472327709198 0.007675916887819767 -0.08028217405080795 0.06848475337028503 -0.07355841249227524 0.07393809407949448 0.06503058969974518 -0.0625436082482338 0.1470976620912552 0.013183369301259518 -0.03483704850077629 -0.09376152604818344 -0.04064582660794258 -0.06759949028491974 -0.007281554397195578 0.11177053302526474 -0.08253663778305054 -0.036002546548843384 -0.00705140084028244 -0.1091962605714798 0.05707424506545067 -0.0776854157447815 0.032431710511446 -0.10458064824342728 -0.03284895792603493 0.06585898250341415 0.017834948375821114 0.1003463864326477 -0.07723280787467957 0.04843435436487198 -0.09436573088169098 0.02223665453493595 -0.07841169834136963 -0.07331812381744385 -0.004030659329146147 0.030188174918293953 -0.08395011723041534 -0.05460145324468613 -0.1321076899766922 0.03061632253229618 -0.042756736278533936 0.056057970970869064 0.02960541658103466 -0.08597826212644577 -0.016730211675167084 0.07582886517047882 0.018905095756053925 -0.11695493012666702 -0.06142226606607437 0.0002643855114001781 -0.1162545308470726 0.09982241690158844 -0.04664861038327217 0.02072685956954956 0.007209372706711292 -0.09616344422101974 -0.0005102753057144582 0.014438328333199024 0.05620228499174118 -0.05023348331451416 -0.09504824131727219 0.07877882570028305 0.066196970641613 0.01917004957795143 0.09563920646905899 -0.02703738585114479 -0.07376230508089066 0.00036453313077799976 -0.041501741856336594 -0.05582720786333084 0.04709045588970184 -0.07817429304122925 0.0670078694820404 -0.05185515806078911 -0.11449657380580902 -0.04524108022451401 -0.10143179446458817 -0.019006509333848953 0.08731256425380707 -0.014936056919395924 -0.05420887470245361 0.025585871189832687 -0.12411906570196152 0.021250296384096146 0.08058943599462509 -0.06887708604335785 -0.003535493742674589 0.005087420344352722 0.07912401109933853 -0.0993347018957138 0.11714620143175125 -0.0104700718075037 0.12199973315000534 -0.0073682512156665325 -0.09510888904333115 -0.023855527862906456 -0.016100529581308365 0.11579529196023941 0.010117417201399803 -0.01820833422243595 -0.1106080710887909 0.059537503868341446 -0.009605791419744492 0.0731586292386055 -0.03436935693025589 -0.10907980054616928 -0.01879790611565113 -0.02215876244008541 -0.003146270290017128 -0.1253836452960968 0.12219356745481491 -0.02591802552342415 0.10465056449174881 0.06118818372488022 -0.005083795636892319 -0.0991360992193222 0.017750941216945648 -0.10429445654153824 -0.030408328399062157 0.0016371295787394047 0.06851483881473541 -0.13428305089473724 0.07364723831415176 0.0948568806052208 0.0846671462059021 0.08993975818157196 -0.08771596848964691 0.0387987457215786 0.0025236201472580433 -0.07833582907915115 -0.09135090559720993 0.06101718172430992 0.09350338578224182 -0.04705163836479187 -0.03732340782880783 -0.017274850979447365 0.05181486904621124 0.08179295808076859 0.12814725935459137 -0.07257696986198425 -0.06443165987730026 0.01650611311197281 0.031158076599240303 0.10335195064544678 -0.10211490094661713 -0.01856173761188984 -0.0075734867714345455 -0.05014117434620857 -0.07331208884716034 -0.028125952929258347 0.023139366880059242 -0.06547079235315323 -0.09906069189310074 0.0654258131980896 0.072857566177845 -0.03841270133852959 0.008093364536762238 -0.10178649425506592 -0.05292946845293045 0.0324951633810997 -0.10100092738866806 -0.04453679174184799 -0.08033446967601776 0.03432606905698776 0.03371080383658409 0.022330764681100845 0.03594420850276947 0.003562365425750613 0.11522229015827179 0.03085216134786606 0.07978728413581848 0.10387933999300003 -0.019325649365782738 0.07267528772354126 0.12440431863069534 -0.01873137056827545 -0.1051260456442833 -0.0983167216181755 0.1357893943786621 0.02304813638329506 -0.11647795140743256 -0.017184818163514137 -0.09764952212572098 -0.020985804498195648 0.04817546159029007 0.04760010167956352 -0.026165436953306198 -0.01861785352230072 0.08117387443780899 -0.023417765274643898 0.1336657702922821 0.007432434242218733 -0.0034011448733508587 0.1299191266298294 -0.11579474806785583 -0.0009137231390923262 0.02251121588051319 0.07513215392827988 0.054905492812395096 -0.06787226349115372 0.14317382872104645 -0.0501708909869194 -0.003938286565244198 -0.022799210622906685 -0.07403260469436646 -0.048490822315216064 -0.030211925506591797 -0.0299337450414896 -0.11308117210865021 -0.08684813231229782 0.1199965626001358 0.11304062604904175 0.0062804571352899075 -0.017594557255506516 -0.02319401130080223 0.09372880309820175 0.04404385760426521 0.09449869394302368 -0.011908326297998428 -0.06549949198961258 0.1022673174738884 0.03939580172300339 0.0858105793595314 -0.011202028021216393 -0.08235982805490494 -0.006124727427959442 -0.05535220727324486 -0.011498328298330307 -0.04904220253229141 -0.0099418880417943 0.007267239969223738 -0.018781332299113274 0.018778163939714432 -0.047117043286561966 0.06706873327493668 -0.039673712104558945 0.023007333278656006 0.07731043547391891 -0.0823528990149498 0.05900432541966438 0.09276267141103745 0.048791006207466125 -0.04118507727980614 -0.08301926404237747 0.02799929678440094 0.031779125332832336 -0.048473697155714035 -0.005405907519161701 -0.038903288543224335 0.051041506230831146 -0.01994660496711731 -0.06589033454656601 -0.07544711977243423 0.037313882261514664 0.050443824380636215 -0.05804089084267616 0.008367776870727539 0.0011222496395930648 0.04677166789770126 0.03300069272518158 -0.019286686554551125 -0.048278503119945526 -0.03797644004225731 0.04436102509498596 0.012853113934397697 -0.12281720340251923 0.007081335410475731 0.05766889825463295 -0.01666208729147911 -0.057748161256313324 0.0775778517127037 -0.004783214535564184 0.019538041204214096 -0.06928147375583649 0.02566704899072647 -0.048733245581388474 -0.07724746316671371 -0.09978236258029938 0.07597623765468597 -0.07773159444332123 -0.11867827922105789 -0.09518509358167648 0.09128885716199875 -0.12127023935317993 0.044831883162260056 0.1041061207652092 -0.09693710505962372 -0.0889003723859787 0.09397860616445541 0.014449567534029484 -0.0023245716001838446 0.05931103974580765 -0.012070768512785435 0.010557047091424465 -0.09025849401950836 -0.11101160198450089 0.015091094188392162 -0.12094920873641968 -0.03205978870391846 0.07891445606946945 0.014482362195849419 -0.051206573843955994 -0.0035398914478719234 -0.10293517261743546 0.1021118089556694 0.09950707107782364 0.09116366505622864 0.0318133570253849 -0.0002831460442394018 0.004667662084102631 0.1272927075624466 0.10661301016807556 -0.07720320671796799 0.060597293078899384 -0.10005888342857361 0.077300064265728 0.03326532989740372 -0.018907656893134117 0.08394919335842133 0.04227513074874878 0.016772737726569176 0.0290071964263916 0.004881595261394978 -0.1007547676563263 -0.08916427940130234 -0.045965299010276794 0.0021855065133422613 -0.09079252928495407 0.012618373148143291 -0.04093515872955322 -0.07232435047626495 0.02174609713256359 -0.12531042098999023 0.06709681451320648 0.09606281667947769 -0.06097391992807388 0.107192762196064 0.062357377260923386 -0.11835372447967529 0.005720674060285091 0.026622973382472992 -0.032369162887334824 -0.02992619201540947 0.08382970839738846 0.037817008793354034 -0.026505030691623688 0.0507560595870018 0.08895564079284668 0.055174436420202255 0.071480393409729 0.12775418162345886 -0.03975151479244232 0.09898240119218826 -0.05154162645339966 -0.007845867425203323 0.07259150594472885 0.004071426577866077 -0.014553021639585495 -0.05201937258243561 0.007284248247742653 -0.004744082223623991 -0.03246642276644707 -0.06767912954092026 -0.11287537217140198 0.07270780950784683 -0.024575261399149895 0.03113914281129837 0.0941552072763443 0.12124676257371902 0.027311287820339203 -0.13132236897945404 -0.03645773231983185 0.05999809503555298 0.044396523386240005 -0.08256002515554428 0.058117445558309555 -0.07226194441318512 0.11377647519111633 0.02031572349369526 -0.10612761229276657 -0.008175008930265903 -0.0687653124332428 0.047539956867694855 -0.05704930052161217 -0.05866667255759239 -0.005043655633926392 -0.08561281859874725 -0.04385409876704216 0.04339362308382988 -0.006834097672253847 -0.1198837161064148 0.06903834640979767 0.0383872464299202 -0.1147361695766449 0.0019013788551092148 -0.0037357283290475607 -0.10025670379400253 0.10863281041383743 -0.10553770512342453 0.00550366286188364 -0.026644252240657806 -0.093264639377594 -0.08712892234325409 0.12195976823568344 0.06309609115123749 0.10324931889772415 0.06717386841773987 0.010981305502355099 0.0019029889954254031 -0.010225018486380577 0.07749336957931519 0.057326190173625946 -0.09137748181819916 -0.11964903026819229 -0.03135991469025612 -0.005935132037848234 -0.018184101209044456 0.09719806164503098 -0.001871164538897574 -0.08173753321170807 -0.10400227457284927 -0.0003733804915100336 0.020766621455550194 0.03734513744711876 0.04386339336633682 -0.12933090329170227 -0.04193417727947235 -0.03473936393857002 0.027030011638998985 0.05633245036005974 -0.034661028534173965 -0.014123935252428055 0.09694728255271912 -0.014663929119706154 -0.057567596435546875 -0.06453566998243332 -0.06301120668649673 0.04302069917321205 0.09943951666355133 -0.04146682098507881 -0.047974638640880585 -0.06896181404590607 -0.04035497084259987 0.03206147998571396 0.03686521202325821 0.11286559700965881 0.0847405269742012 0.08923269808292389 -0.02640306018292904 0.07472716271877289 0.0668109655380249 -0.02510223537683487 0.03333935886621475 -0.022831445559859276 -0.04963875561952591 -6.863693124614656e-05 -0.09844844788312912 -0.05270044505596161 -0.07846365123987198 0.0692496970295906 -0.09760701656341553 0.09200024604797363 -0.00104326696600765 0.060259442776441574 -0.10663089156150818 0.07791753858327866 0.07289596647024155 -0.061795711517333984 0.0175455454736948 0.00016500607307534665 0.0030602742917835712 0.06937352567911148 0.0006134063005447388 -0.06018485873937607 -0.07328806817531586 0.03655692934989929 -0.018851405009627342 -0.052224140614271164 0.12717504799365997 -0.10079555958509445 -0.06854187697172165 -0.04537336155772209 0.023968230932950974 0.04846015200018883 0.10948072373867035 -0.08556410670280457 -0.0632125660777092 0.10493991523981094 -0.05140171945095062 0.027622489258646965 0.1015869528055191 -0.10916725546121597 -0.11017215996980667 -0.08983536064624786 0.09517458081245422 -0.029789051041007042 -0.09623723477125168 0.07596562057733536 0.06673873960971832 0.04820530116558075 0.12509477138519287 -0.07929254323244095 0.009805080480873585 -0.07770263403654099 -0.053377579897642136 0.01808922551572323 -0.05460789427161217 0.08731493353843689 -0.03852096199989319 -0.10769601166248322 -0.060691654682159424 0.03150079399347305 0.035595085471868515 -0.04876292124390602 0.09029438346624374 0.027624530717730522 -0.12073047459125519 -0.00983830913901329 -0.07185079902410507 -0.006413339637219906 -0.15762896835803986 0.09176245331764221 -0.07583606243133545 0.04076029360294342 -0.004501784685999155 -0.04192007705569267 0.11934252828359604 -0.11789676547050476 0.03813531994819641 -0.07218334078788757 -0.10968226939439774 -0.055451471358537674 -0.10873157531023026 -0.08490593731403351 0.0921570435166359 0.08195149898529053 0.06012085825204849 -0.10484575480222702 -0.08474795520305634 -0.021050043404102325 -0.00321879587136209 0.04685594514012337 -0.09155870974063873 -0.009356416761875153 -0.07341352105140686 0.14268016815185547 -0.09593074768781662 0.07925064861774445 -0.016853803768754005 0.08697311580181122 0.09659276902675629 0.004987898748368025 0.10659489780664444 -0.046367935836315155 -0.07084622979164124 0.009937534108757973 0.01644098199903965 0.07079987227916718 0.029422610998153687 0.039053142070770264 0.011779681779444218 -0.11718722432851791 0.09439127892255783 -0.024618634954094887 -0.014868074096739292 -0.10730807483196259 -0.030621374025940895 0.04342753440141678 0.08724653720855713 -0.12838047742843628 0.11337631195783615 -0.010438524186611176 0.0648764967918396 0.02632089890539646 0.12286589294672012 0.10933011770248413 0.1228136345744133 0.02138073928654194 -0.0766419991850853 0.09104913473129272 -0.04656997695565224 -0.007940520532429218 0.11474048346281052 0.10583537817001343 0.13445159792900085 0.00292586674913764 0.06974977254867554 0.08971498906612396 -0.084332674741745 0.09382959455251694 0.06531687080860138 0.10981310158967972 -0.060666196048259735 0.059385623782873154 -0.04317549616098404 0.06535268574953079 0.046330526471138 0.0507272332906723 0.12008374184370041 0.08691851049661636 -0.005454203113913536 -0.07738642394542694 -0.13297148048877716 -0.09181275218725204 -0.08338888734579086 0.06869916617870331 0.11494093388319016 -0.09596813470125198 0.10799464583396912 0.04911249130964279 0.08589700609445572 0.03183772414922714 0.1009770855307579 0.09694863110780716 0.08468271791934967 -0.02615998685359955 -0.014667450450360775 0.0032024974934756756 -0.05438080430030823 -0.02953905053436756 0.11149966716766357 -0.1094336062669754 -0.03260212391614914 0.039974913001060486 0.08997904509305954 -0.11116379499435425 0.020278608426451683 0.022709371522068977 0.02680782787501812 0.04358062520623207 0.03463415801525116 -0.07673317193984985 -0.1122545376420021 -0.037406884133815765 0.048566125333309174 -0.06810831278562546 -0.08169643580913544 -0.09844373911619186 -0.014519233256578445 0.019201643764972687 -0.11468356102705002 -0.04137108474969864 -0.02662835456430912 -0.045408621430397034 0.04369641840457916 -0.05634528771042824 0.01591292768716812 -0.007699034176766872 -0.015431535430252552 -0.002254872117191553 -0.10764309018850327 0.07114429771900177 0.09864544123411179 -0.021165335550904274 0.02851276285946369 -0.0642809048295021 -0.07067340612411499 0.08509138226509094 0.042380303144454956 0.045611195266246796 0.02244323492050171 0.013206117786467075 -0.10006187856197357 0.10884594917297363 0.09724167734384537 -0.08601406961679459 -0.12893153727054596 -0.034342024475336075 0.06907349079847336 -0.058319639414548874 0.013657101429998875 0.03807078301906586 -0.10207807272672653 0.031079744920134544 -0.013551207259297371 -0.03304058685898781 0.10358662158250809 0.11419843137264252 -0.04997025057673454 0.06454996764659882 -0.10620909184217453 0.10753212124109268 -0.12162880599498749 0.042959440499544144 0.06103460118174553 0.0583997443318367 0.029041312634944916 -0.05736876279115677 -0.08756522089242935 -0.0735354945063591 -0.031449101865291595 0.11538242548704147 0.05654812976717949 -0.050649359822273254 0.01654285378754139 -0.04569534212350845 -0.1242428794503212 -0.008646468631923199 0.017176151275634766 0.11647495627403259 0.028323497623205185 0.11649633944034576 -0.06414961814880371 -0.05683604255318642 0.03985906392335892 0.09845808148384094 -0.0766327902674675 0.09797383099794388 -0.017543794587254524 -0.08406414836645126 0.11120030283927917 0.05896841362118721 -0.14426463842391968 0.07456910610198975 -0.05722208321094513 -0.021698782220482826 0.028753221035003662 0.07961175590753555 0.09036986529827118 -0.01995169371366501 -0.026835564523935318 0.032405100762844086 -0.11319190263748169 -0.03286079689860344 0.08474793285131454 0.11102518439292908 -0.019058331847190857 -0.010534710250794888 0.0657377615571022 -0.10265616327524185 -0.051002297550439835 -0.05577855929732323 -0.07745978236198425 -0.038612306118011475 -0.13176947832107544 0.04452880844473839 0.009426649659872055 0.1564469188451767 0.13768421113491058 0.1198546439409256 -0.085980124771595 -0.006606601644307375 -0.07015156745910645 -0.0035328303929418325 -0.06859330832958221 0.08991135656833649 0.09078183770179749 -0.06318482011556625 -0.026847030967473984 -0.020377807319164276 0.1021256297826767 -0.0045622908510267735 0.0006292772013694048 0.05647768825292587 -0.07368901371955872 0.03938119485974312 -0.09507383406162262 -0.07605482637882233 0.10092439502477646 0.11258033663034439 0.10123179852962494 -0.01639482006430626 0.09931067377328873 -0.018444979563355446 0.11493287980556488 0.05849384889006615 -0.07691913843154907 0.1034180074930191 0.10404734313488007 0.11582136899232864 -0.032180968672037125 -0.11666981875896454 0.03503717482089996 0.02743564173579216 -0.04623287543654442 0.10236579179763794 0.04288588836789131 -0.05309516564011574 -0.0055497209541499615 0.02363407053053379 0.060365378856658936 -0.13193167746067047 -0.09703276306390762 0.05713150277733803 -0.06183408945798874 -0.025774477049708366 -0.08566487580537796 -0.04261729493737221 0.023792801424860954 0.04496220126748085 0.04886667802929878 0.10045337677001953 0.03880051523447037 -0.06387921422719955 -0.06622155755758286 0.010425574146211147 -0.0689922571182251 0.11337190121412277 -0.050199806690216064 0.006313283462077379 0.01871766895055771 0.08056526631116867 -0.02639273926615715 0.0014870857121422887 0.1159791648387909 -0.013978861272335052 -0.10549849271774292 0.058763280510902405 0.06932605803012848 -0.10973846167325974 -0.08929712325334549 -0.028372345492243767 -0.03520442917943001 0.03126746416091919 -0.06727156043052673 0.004572081379592419 -0.12184040248394012 -0.09965585917234421 -0.007479872088879347 0.030732816085219383 0.02346782572567463 0.038916509598493576 -0.05444472283124924 0.10238558799028397 0.00802451279014349 -0.08329477906227112 -0.05921033024787903 -0.10540945827960968 0.11248089373111725 0.056696902960538864 0.13723142445087433 -0.0916038379073143 0.008120672777295113 -0.061279553920030594 -0.009058274328708649 -0.052411701530218124 -0.06434360146522522 0.07855112105607986 0.08181088417768478 0.10463092476129532 -0.026670731604099274 -0.09617305546998978 0.08093968033790588 0.11294585466384888 0.016873303800821304 -0.08413423597812653 0.026234257966279984 -0.03825382888317108 0.07024992257356644 0.09940430521965027 0.11221718043088913 -0.021438095718622208 0.03167548030614853 0.047593023627996445 -0.034320931881666183 -0.1199856773018837 0.01475038006901741 -0.05591429024934769 -0.0029274877160787582 0.0038827997632324696 0.06737571209669113 -0.11152664572000504 -0.039282046258449554 -0.023322179913520813 0.0331486240029335 0.0016541522927582264 -0.042047660797834396 -0.11689286679029465 0.06242181733250618 -0.03976143151521683 -0.026690825819969177 0.0024430479388684034 -0.1226683035492897 -0.02838584966957569 0.0004451892455108464 -0.050308071076869965 -0.09642785042524338 -0.06223210692405701 -0.03470943495631218 0.08339103311300278 -0.04567867890000343 -0.09128408879041672 0.061304911971092224 0.004433262627571821 0.08524197340011597 3.250473673688248e-05 0.009241722524166107 0.02546205185353756 -0.001011138316243887 0.012878796085715294 0.04137815907597542 0.012998509220778942 0.05742848291993141 -0.004617613740265369 -0.008237805217504501 0.04809192568063736 0.037635453045368195 -0.07121618837118149 -0.01361639890819788 -0.00044029729906469584 -0.09561511129140854 -0.10550343990325928 0.10740908980369568 -0.06142442300915718 0.10950944572687149 -0.0918181762099266 -0.08320625126361847 0.01941223442554474 0.04831099510192871 -0.04060811176896095 -0.023739729076623917 0.09173821657896042 -0.04246506094932556 -0.013013176620006561 -0.029136523604393005 0.06814417243003845 0.0878639817237854 -0.0001742142776492983 -0.04794977605342865 0.028278736397624016 0.0203202236443758 -0.10231292992830276 0.055923301726579666 -0.09065407514572144 -0.12960226833820343 -0.06779605895280838 0.03505418077111244 0.027822347357869148 0.12844592332839966 -0.04003777727484703 0.0003557093732524663 0.021635176613926888 -0.04019967466592789 -0.07316767424345016 0.0840582549571991 -0.03091380000114441 0.0813562273979187 -0.026929248124361038 0.10383137315511703 0.07319790124893188 0.11806181073188782 -0.006837296765297651 0.020545249804854393 0.05181184783577919 0.11130738258361816 -0.10235554724931717 0.04473189637064934 0.09756326675415039 0.07981134951114655 0.11338619887828827 -0.017139656469225883 -0.03642887622117996 -0.09027880430221558 -0.052514396607875824 -0.0032599850092083216 0.11091971397399902 0.08239378780126572 0.048181530088186264 0.04616105929017067 0.012416994199156761 0.02699657343327999 0.05677584186196327 -0.08376823365688324 -0.00408476497977972 0.039526402950286865 -0.00560736283659935 -0.1308235079050064 0.07144825905561447 0.037857964634895325 -0.01805601269006729 -0.09756553173065186 -0.06873545050621033 0.08502989262342453 0.01873299852013588 -0.06442800909280777 -0.045757852494716644 -0.0546906404197216 0.1133798286318779 -0.04538808390498161 -0.08334579318761826 -0.045018475502729416 -0.09717106819152832 -0.029785994440317154 -0.01916491985321045 -0.006236255168914795 -0.08707282692193985 -0.03751465305685997 0.08297672122716904 0.010830763727426529 -0.029735475778579712 -0.042116325348615646 0.13080477714538574 0.11676393449306488 0.042190857231616974 -0.037067562341690063 -0.061228882521390915 0.03622123599052429 -0.10688364505767822 -0.033092040568590164 0.02745664119720459 0.12895019352436066 0.049423087388277054 -0.03968827426433563 0.111129991710186 0.11843204498291016 -0.04561027139425278 0.12424241751432419 -0.06019968539476395 0.0008121792925521731 0.11378514766693115 0.14064443111419678 0.0954834520816803 -0.08567936718463898 -0.06643208861351013 0.04042547196149826 -0.013191855512559414 -0.031676262617111206 0.020468518137931824 0.06533091515302658 0.08615247160196304 -0.0863170176744461 -0.09391119331121445 0.005611390341073275 -0.05031591281294823 -0.08185307681560516 -0.0792807787656784 0.10703574120998383 0.05269784480333328 -0.023925965651869774 0.04997601360082626 0.016796117648482323 -0.07161609828472137 0.1664375513792038 0.07249193638563156 0.13916277885437012 0.10934994369745255 0.047631826251745224 -0.09427682310342789 -0.06693363934755325 -0.008734842762351036 -0.021233225241303444 0.06372806429862976 -0.05015367642045021 0.09492328017950058 -0.10378933697938919 -0.0680471733212471 0.016190305352211 -0.06951925903558731 0.06136710196733475 -0.017240099608898163 0.06835801899433136 0.10679987072944641 0.07740319520235062 0.04824218899011612 0.019978296011686325 0.00018751360767055303 0.12351464480161667 -0.018656788393855095 0.009410914033651352 -0.03705279529094696 0.07292867451906204 -0.10167619585990906 -0.05035559833049774 -0.10857183486223221 0.06339316815137863 0.1295984387397766 -0.07926346361637115 -0.03950788453221321 0.14086993038654327 -0.03862026706337929 0.1473960131406784 -0.0935761108994484 -0.12340350449085236 -0.03544074296951294 -0.022737892344594002 0.02823619171977043 -0.006639332510530949 -0.08812812715768814 0.03168518468737602 -0.08768834173679352 0.1071876585483551 0.09081821143627167 0.12296469509601593 0.026594936847686768 -0.001476902631111443 -0.12565816938877106 -0.04961635544896126 0.020596113055944443 0.06362476944923401 -0.04878567159175873 -0.04874609783291817 -0.05597347766160965 0.020252766087651253 0.023885322734713554 0.0751827210187912 0.06366688758134842 0.08179087191820145 0.1165902242064476 0.1437200903892517 -0.007737910374999046 -0.04333452880382538 0.10765697062015533 -0.1174437627196312 0.09480340778827667 0.04790371656417847 -0.1084645688533783 0.018467213958501816 -0.03416889160871506 -0.09736191481351852 0.08567501604557037 0.029430817812681198 0.060266051441431046 -0.12349078804254532 0.08584525436162949 0.1273225098848343 -0.051634978502988815 -0.08383415639400482 0.044666845351457596 -0.11938688158988953 0.11107394099235535 -0.08819225430488586 -0.07151199132204056 -0.09092142432928085 0.011637195013463497 -0.07700542360544205 0.06516305357217789 0.08363769203424454 -0.04128483310341835 -0.011474200524389744 -0.11142940074205399 0.03528325632214546 0.05779679864645004 0.07531265169382095 0.027449851855635643 -0.0030259385239332914 0.09669347107410431 -0.1293955296278 -0.12184786051511765 -0.06404376029968262 -0.10005687922239304 0.04956311360001564 0.004169923719018698 0.01677972637116909 0.11330708861351013 -0.07622279226779938 0.05898351967334747 -0.11655733734369278 -0.13811558485031128 -0.0538976825773716 0.000155292174895294 0.030070805922150612 -0.059966836124658585 0.12737099826335907 -0.012348976917564869 0.10841533541679382 -0.07646895200014114 -0.060428187251091 0.014824943616986275 0.032815415412187576 -0.02626821957528591 -0.07864435762166977 -0.10916998237371445 0.06219743564724922 0.04098833352327347 0.07939054816961288 0.12169761955738068 0.07969542592763901 0.10863369703292847 -0.04013373702764511 -0.03964525833725929 0.010044923052191734 -0.00033769343281164765 -0.10096164047718048 0.011371791362762451 -0.11078070849180222 0.030780574306845665 0.030371319502592087 0.09869945049285889 0.055750999599695206 0.09050431102514267 -0.10836045444011688 0.002720164367929101 -0.12438306212425232 -0.04381724074482918 0.15722684562206268 0.13100425899028778 -0.023544074967503548 0.007705087307840586 0.03763642907142639 -0.052831217646598816 0.054478950798511505 -0.05242949351668358 -0.10909958183765411 0.03732142224907875 0.006137525197118521 -0.028123656287789345 -0.06353488564491272 0.0363125279545784 0.057631056755781174 0.13333261013031006 -0.09445416927337646 -0.09967253357172012 -0.016633808612823486 -0.051849931478500366 0.037366434931755066 0.0966852456331253 0.061647266149520874 -0.09286157041788101 0.00945271272212267 0.07154875993728638 -0.009940319694578648 0.11895903199911118 0.051019325852394104 -0.07291007041931152 -0.030666140839457512 -0.026384742930531502 0.03781341016292572 -0.021595679223537445 -0.0018578659510239959 -0.07020530849695206 -0.02436668612062931 -0.05779462307691574 0.11467014253139496 0.08180397748947144 -0.0014062979025766253 -0.043001335114240646 -0.08822613954544067 0.03257182985544205 0.14028356969356537 -0.08611747622489929 0.009998016059398651 0.10063081979751587 -0.07101903855800629 0.10981385409832001 -0.02917642332613468 0.02522958815097809 0.08886049687862396 0.0851728618144989 -0.07997596263885498 0.07040680199861526 0.07839379459619522 -0.11324817687273026 -0.05596724525094032 -0.11048498749732971 -0.09741668403148651 -0.11316493153572083 -0.11964572221040726 -0.05746935307979584 -0.016789458692073822 0.09406723827123642 -0.012282531708478928 -0.05413343384861946 -0.08064614236354828 -0.06134909763932228 0.0813959613442421 -0.10803496837615967 0.12637139856815338 0.07453867793083191 0.10137676447629929 0.13303934037685394 -0.07673773169517517 0.02654552459716797 0.00980161502957344 -0.0316622331738472 0.039422132074832916 -0.0047704605385661125 0.01651746965944767 -0.10621955245733261 0.10606275498867035 -0.09257671236991882 0.07180707901716232 0.1082959994673729 0.10051966458559036 0.05457240715622902 0.09132979810237885 -0.03950939327478409 0.09717575460672379 -0.10702039301395416 0.11806931346654892 0.026143649592995644 0.11112072318792343 0.07699470967054367 0.07088787853717804 0.019219204783439636 0.05183296650648117 0.08486149460077286 -0.1041284054517746 -0.0314750075340271 -0.058682795614004135 -0.09427368640899658 0.12700840830802917 0.0872877836227417 0.04501853138208389 0.027108710259199142 0.030086075887084007 -0.04425109550356865 -0.015497404150664806 -0.11360807716846466 0.06948993355035782 0.004625522531569004 -0.013250546529889107 0.10691823810338974 0.11623688042163849 -0.01977313682436943 0.06678260117769241 0.09452788531780243 -0.0037747968453913927 0.0901879221200943 -0.08060559630393982 0.08401787281036377 0.10606742650270462 -0.0536859966814518 -0.018070204183459282 -0.08202186226844788 -0.06848166137933731 -0.04046725481748581 0.11642269790172577 -0.01201554760336876 -0.04085468500852585 -0.10083232820034027 -0.06366363912820816 -0.07293900102376938 -0.0487903468310833 -0.045921292155981064 0.0896647572517395 -0.06920775771141052 -0.09890124946832657 0.05362148582935333 0.02970295585691929 0.03479642793536186 0.008285138756036758 0.04421648383140564 0.08825884014368057 -0.0026306593790650368 0.12534239888191223 -0.11082497239112854 0.028444824740290642 0.0747876986861229 0.007447347044944763 -0.025110086426138878 0.05747755989432335 -0.025110537186264992 -0.051125261932611465 0.06872278451919556 -0.08636437356472015 0.018297525122761726 0.09512969851493835 0.07199401408433914 -0.09734091907739639 0.05347716808319092 -0.021084215492010117 0.13420219719409943 0.028335871174931526 -0.06974514573812485 -0.02940422296524048 -0.04564293473958969 -0.07798470556735992 -0.05506623163819313 -0.08450377732515335 -0.060445718467235565 0.04238631948828697 -0.08065426349639893 -0.008868144825100899 0.0927020013332367 0.04141783341765404 0.04073186218738556 0.040515873581171036 0.11255381256341934 0.09682208299636841 -0.01230187900364399 0.08064992725849152 -0.04285815730690956 -0.08867314457893372 -0.06144629418849945 0.010590204037725925 -0.08459505438804626 0.09208028763532639 0.031663961708545685 -0.0005514119984582067 -0.07133186608552933 0.11279915273189545 -0.08717315644025803 -0.09550564736127853 -0.04041409119963646 0.14837120473384857 0.01017483975738287 -0.04501453787088394 -0.033547934144735336 0.13427728414535522 -0.010023762471973896 0.004228992387652397 -0.024041740223765373 0.034854646772146225 0.05366665497422218 -0.013897694647312164 0.005036084447056055 -0.12414821237325668 0.010679912753403187 -0.11067492514848709 -0.0965016707777977 0.04735269397497177 0.0312839150428772 0.052225686609745026 0.03074544481933117 0.11035896837711334 -0.10432887077331543 0.02203569933772087 -0.05140554532408714 0.14097537100315094 0.1149323433637619 -0.09544891119003296 0.031273167580366135 0.034868430346250534 -0.029146546497941017 -0.03243465721607208 0.13847658038139343 0.12739133834838867 0.09596844017505646 -0.018198180943727493 -0.10284455120563507 0.0625387653708458 -0.03603021427989006 -0.08693468570709229 0.04908721148967743 0.08505284041166306 -0.12326672673225403 -0.002642635488882661 0.0021393471397459507 0.027872508391737938 0.004390501417219639 -0.08066947758197784 -0.11341550946235657 0.006323580164462328 0.023422591388225555 -0.02921403758227825 0.06688665598630905 -0.014280340634286404 0.018702514469623566 -0.020675024017691612 -0.050382573157548904 0.0606067068874836 -0.055282991379499435 0.09488952159881592 0.06232953444123268 -0.017491484060883522 0.07392099499702454 0.07507939636707306 -0.01355102751404047 -0.03485580533742905 0.088695228099823 -0.0767514556646347 0.020909413695335388 0.08632225543260574 0.09396346658468246 -0.115389384329319 -0.0025097383186221123 0.016960717737674713 -0.07963632047176361 -0.04047774150967598 -0.009941497817635536 0.12603816390037537 0.08213885128498077 -0.07026002556085587 0.05690065771341324 -0.10380890220403671 0.13026288151741028 -0.06198311224579811 -0.09017960727214813 0.00498040858656168 -0.025868454948067665 0.08159151673316956 0.06658003479242325 0.04297548532485962 -0.03131489455699921 0.02042308822274208 0.08637431263923645 0.027268394827842712 -0.07456990331411362 -0.029913906008005142 0.055815454572439194 0.020713405683636665 0.03563917428255081 -0.01729002222418785 0.005748201161623001 -0.022222334519028664 0.06757813692092896 0.02036438323557377 0.08908985555171967 0.04267086461186409 0.06095034256577492 0.08830195665359497 -0.06612391024827957 -0.06656552851200104 -0.0044275554828345776 0.03395039215683937 -0.07175451517105103 0.018089869990944862 -0.02397083304822445 -0.12854166328907013 0.013830970041453838 0.10817180573940277 0.06385349482297897 -0.04301196709275246 -0.11168189346790314 0.021392464637756348 0.006383831147104502 -0.04152091220021248 -0.056030526757240295 0.058260392397642136 0.12272237241268158 0.10737628489732742 0.09924428910017014 -0.1326756775379181 0.06605910509824753 0.040171001106500626 -0.13252829015254974 -0.08159839361906052 0.11752569675445557 -0.09539968520402908 -0.10510316491127014 0.04530230164527893 0.021967507898807526 -0.11466959118843079 -0.05030125379562378 -0.03752501308917999 0.030337495729327202 0.13255594670772552 -0.07322252541780472 -0.03971831873059273 0.04944968223571777 0.02422584779560566 0.045853570103645325 -0.041674088686704636 0.02780972607433796 -0.08119869232177734 0.10498814284801483 0.02639094740152359 -0.09457696974277496 -0.08029883354902267 0.11417420953512192 -0.06889208406209946 0.08839511126279831 -0.10748250782489777 -0.0838935449719429 -0.040867339819669724 0.012370286509394646 -0.01025818008929491 0.03927748277783394 -0.06625707447528839 0.012776871211826801 0.09622414410114288 0.04503963515162468 0.07808283716440201 0.00491845840588212 0.08908959478139877 -0.014290304854512215 0.05256763845682144 0.09918253123760223 -0.12251334637403488 -0.039234790951013565 0.07641151547431946 0.0805361419916153 0.03631529584527016 -0.07457958161830902 -0.04998117312788963 0.005512530915439129 -0.13281551003456116 -0.012565219774842262 -0.0028119769413024187 -0.04664505645632744 0.12221667915582657 0.04826680198311806 0.09972880035638809 0.0057205017656087875 -0.11488503217697144 0.0020906345453113317 -0.004257846157997847 0.05274495482444763 -0.11786532402038574 0.05484325811266899 -0.014298376627266407 -0.020767509937286377 -0.05797252058982849 -0.03486693277955055 0.004307453520596027 0.02168637327849865 -0.09336021542549133 0.09654539078474045 -0.09221183508634567 0.027816126123070717 -0.026980850845575333 -0.06445276737213135 0.13608479499816895 0.04175262898206711 0.05282817780971527 -0.1035437136888504 0.050185658037662506 0.0887937843799591 -0.10268383473157883 0.08322101086378098 -0.03606756776571274 -0.01698525808751583 -0.04306837171316147 0.038312025368213654 0.11335011571645737 0.09904531389474869 0.020634867250919342 -0.04132051393389702 -0.0615253821015358 0.1122521311044693 0.09411516040563583 0.07661702483892441 -0.04685234650969505 -0.0761655643582344 -0.0559256449341774 -0.02859899029135704 0.09311406314373016 0.10689280927181244 0.03786919265985489 0.1010296493768692 0.055889636278152466 -0.10738745331764221 -0.03712458536028862 -0.1232929602265358 0.018317576497793198 -0.009593144990503788 0.11554932594299316 0.03004947304725647 0.08779862523078918 0.09593061357736588 -0.024878457188606262 -0.046297233551740646 -0.07063733786344528 0.007906343787908554 0.018948251381516457 0.07227764278650284 -0.09482265263795853 0.08614645898342133 -0.05520007759332657 -0.02242015115916729 -0.03799981251358986 -0.003250347450375557 -0.033563580363988876 -0.0003788138856180012 0.009300564415752888 0.02719948999583721 -0.07055433094501495 -0.023824965581297874 -0.06133390590548515 -0.05798173323273659 -0.04548385739326477 -0.09986621886491776 -0.07866906374692917 0.06161204352974892 -0.09229477494955063 0.026806708425283432 0.02035391516983509 -0.05753028392791748 -0.1104164868593216 0.01761816069483757 0.06082936003804207 -0.012569494545459747 -0.0660652443766594 0.0051436894573271275 0.05170942470431328 0.017527326941490173 -0.06949563324451447 0.02728801593184471 -0.07703855633735657 0.06549964100122452 0.07880398631095886 0.0396907702088356 -0.05797705054283142 -0.009537878446280956 0.08444153517484665 0.05143702030181885 0.06271327286958694 -0.11098423600196838 0.04744661971926689 0.1356300711631775 0.10229893773794174 0.00590925570577383 0.011675945483148098 -0.052868444472551346 0.051241956651210785 0.08733271807432175 -0.03935886174440384 -0.023838866502046585 0.06292655318975449 0.07682380080223083 -0.05724278464913368 -0.10626739263534546 -0.10963427275419235 0.11155708879232407 0.0780535489320755 -0.07754971832036972 0.005914473906159401 -0.09920869022607803 0.10416220873594284 -0.12340281903743744 -0.083609439432621 0.008018274791538715 -0.10473767668008804 0.0702185407280922 -0.14055633544921875 0.011847116984426975 0.0750589668750763 -0.009625370614230633 -0.13904345035552979 0.011488985270261765 -0.0073977927677333355 0.015432657673954964 0.07949620485305786 -0.0895504355430603 0.017825620248913765 0.01802038587629795 -0.07403886318206787 0.07988864928483963 -0.009653683751821518 0.014715456403791904 0.0967879593372345 -0.0063989413902163506 -0.008102194406092167 0.09474605321884155 -0.049837544560432434 0.13026486337184906 0.06009303405880928 0.0989871397614479 -0.016547560691833496 -0.1251850426197052 0.048163481056690216 0.014445735141634941 0.02442825958132744 0.08401273190975189 0.04000550135970116 0.08226422965526581 0.090712770819664 -0.0573464073240757 0.05414378643035889 -0.10002251714468002 -0.048900265246629715 -0.015463157556951046 -0.04530178755521774 0.04482536390423775 0.005553620867431164 0.07306385040283203 0.022736581042408943 -0.12259739637374878 -0.08500058948993683 -0.10702559351921082 0.06328705698251724 0.0711398795247078 -0.006706826388835907 0.10101626068353653 0.08784015476703644 0.0782734826207161 -0.027554623782634735 0.04109187424182892 0.028275758028030396 -0.013723473995923996 -0.03913756087422371 -0.014254203997552395 0.08739565312862396 -0.08781873434782028 -0.009483861736953259 0.126239612698555 0.04479651898145676 0.08178293704986572 -0.1223721131682396 0.04423084855079651 -0.029048200696706772 0.03788527101278305 -0.10780329257249832 0.037348393350839615 -0.06482343375682831 0.0018465518951416016 -0.03283565118908882 0.04548189789056778 0.08977671712636948 -0.0393131822347641 0.07812941074371338 -0.029152611270546913 0.10497801005840302 0.09747777879238129 -0.0959147959947586 0.07799083739519119 -0.09509735554456711 0.026207156479358673 0.0953698381781578 0.02101641148328781 -0.07640749216079712 -0.05810357630252838 0.02012587897479534 0.06181124225258827 0.07059970498085022 -0.027423858642578125 0.02815879136323929 -0.0344339944422245 0.11333874613046646 0.11144784092903137 -0.12114359438419342 0.0992748886346817 -0.11286325752735138 0.06951332837343216 0.04943496361374855 -0.07131180912256241 -0.010286466218531132 -0.1132832020521164 -0.10688640922307968 0.03641676530241966 7.816032302798703e-05 -0.05076276883482933 -0.11620587855577469 -0.05210348591208458 0.10114607959985733 0.08028897643089294 -0.07425106316804886 -0.06251601874828339 0.047232989221811295 -0.02415003627538681 -0.02569054625928402 -0.08745408058166504 0.0358295775949955 0.010643603280186653 -0.042481429874897 -0.06878244131803513 -0.004589889198541641 -0.02338409423828125 0.038748662918806076 -0.0002021961408900097 -0.03948913514614105 -0.08185621351003647 -0.09963318705558777 0.07997039705514908 0.038188058882951736 -0.05156191438436508 -0.032889727503061295 0.07003256678581238 0.03466137871146202 -0.04127916321158409 0.12796667218208313 0.030533485114574432 -0.07598476856946945 -0.008725287392735481 0.009304819628596306 0.04654679074883461 0.01830301061272621 0.0804399773478508 -0.005252829287201166 0.08932916820049286 0.06758692860603333 0.047396931797266006 0.10182534903287888 0.055078547447919846 -0.07449331879615784 -0.11478869616985321 0.010216071270406246 -0.04106000065803528 -0.030538368970155716 0.005043662153184414 0.012507643550634384 0.08267804980278015 -0.06284363567829132 0.021796755492687225 0.021320989355444908 -0.038062047213315964 -0.10519760102033615 -0.08243605494499207 0.06734652072191238 -0.021299203857779503 0.003987966105341911 0.05644449591636658 -0.08851544559001923 0.11216580122709274 -0.08883552253246307 -0.10004881769418716 -0.015023098327219486 0.0005125637981109321 -0.043962445110082626 -0.015378477051854134 0.04914769530296326 0.007329277694225311 0.08162609487771988 0.028759680688381195 -0.07346832007169724 0.001123473048210144 -0.04527690261602402 0.10941098630428314 0.0022855049464851618 -0.11809087544679642 -0.06400522589683533 -0.03844612464308739 -0.10506992787122726 -0.09090965986251831 0.08561590313911438 0.09853620827198029 -0.036473650485277176 -0.012893430888652802 -0.10622461885213852 0.030904589220881462 -0.04585377871990204 -0.021650293841958046 0.0005706342635676265 -0.01781400665640831 0.05281231179833412 0.08190536499023438 0.022742565721273422 0.03495188057422638 0.12746849656105042 -0.0505090095102787 -0.029180116951465607 -0.025288883596658707 -0.06663353741168976 0.12887060642242432 -0.08063308894634247 -0.0757816731929779 -0.09797059744596481 -0.10014456510543823 -0.10304532945156097 0.08095353096723557 -0.1295342594385147 0.06660899519920349 -0.012533584609627724 -0.07136516273021698 0.004864321555942297 0.010221917182207108 -0.022662878036499023 -0.07026872038841248 -0.1577485054731369 0.06979449093341827 -0.048336055129766464 -0.023136083036661148 -0.08041095733642578 0.1153373196721077 0.06268852949142456 0.05321330577135086 0.06026798114180565 0.0697043389081955 -0.09101011604070663 -0.027431482449173927 -0.012685553170740604 -0.0521443746984005 0.07977122068405151 -0.06385790556669235 0.03768092766404152 -0.049695905297994614 -0.01720341295003891 -0.006759212352335453 0.02027212455868721 -0.03428265452384949 -0.015196647495031357 -0.054321229457855225 0.133915975689888 0.11947175115346909 -0.006988930515944958 0.09697112441062927 0.08860939741134644 0.01710660755634308 0.10052075982093811 -0.047098029404878616 -0.015210538171231747 -0.015838881954550743 0.10394677519798279 -0.08025377988815308 0.1363283097743988 0.08206003904342651 0.02929518185555935 0.050741665065288544 -0.06579654663801193 -0.0203988216817379 -0.10000024735927582 0.0418742336332798 0.03063269332051277 -0.05671028792858124 -0.05262191966176033 0.08109608292579651 0.0038584424182772636 0.0014746690867468715 -0.058003321290016174 0.09580222517251968 -0.08175276964902878 -0.008586023934185505 -0.03192389756441116 -0.08798977732658386 -0.06757095456123352 0.1318053901195526 0.06702370196580887 0.041468944400548935 0.06238483637571335 0.139633908867836 -0.004553444217890501 -0.03789591044187546 0.0023349716793745756 0.07357536256313324 -0.01738831400871277 0.10179326683282852 0.010582346469163895 -0.050984013825654984 0.06253963708877563 -0.06711763143539429 -0.020309941843152046 -0.09641598910093307 -0.10052270442247391 0.08445799350738525 -0.07791360467672348 0.03339363634586334 -0.010757255367934704 -0.04549998417496681 0.0377013236284256 -0.03172053024172783 -0.005158948712050915 -0.037303376942873 0.01585548184812069 -0.05817161872982979 -0.004064946435391903 -0.06572239845991135 -0.09402180463075638 0.0024782326072454453 -0.07839266955852509 0.05166664719581604 -0.09111704677343369 0.013577112928032875 0.07708851993083954 -0.04239945113658905 0.011347755789756775 -0.02687308005988598 -0.11450894176959991 0.03978925943374634 0.10295608639717102 -0.0555138885974884 -0.0553884282708168 0.03830433636903763 -0.06709856539964676 -0.016293693333864212 -0.06327670812606812 0.057208914309740067 0.07470865547657013 -0.07788126915693283 0.09835462272167206 -0.016596684232354164 -0.015928706154227257 -0.10952557623386383 0.00031876092543825507 0.13137373328208923 -0.01716962829232216 -0.0648336112499237 -0.0027530048973858356 -0.10696855187416077 0.09929358959197998 0.07987114787101746 -0.10133696347475052 0.09443141520023346 0.05414202809333801 0.016669632866978645 -0.08798294514417648 -0.03948388993740082 0.08813387900590897 0.0953301414847374 0.03536851331591606 -0.06693165004253387 -0.07628841698169708 0.03526507318019867 0.11976297944784164 0.03759332373738289 -0.04948293790221214 0.1253456324338913 -0.03421439602971077 -0.035104382783174515 0.007060891482979059 0.0646645799279213 0.03655724227428436 0.10510136932134628 0.05000343918800354 0.04003918170928955 -0.11202254146337509 0.01390598900616169 -0.06221059337258339 -0.061472952365875244 -0.05835084244608879 -0.09052176028490067 -0.04925058037042618 -0.08629854768514633 -0.1087496280670166 -0.03267065808176994 -0.008020997978746891 0.060165226459503174 -0.07143162935972214 0.013438592664897442 0.05994439870119095 -0.04530733823776245 -0.0729551836848259 -0.08625388145446777 -0.0836620032787323 -0.027783464640378952 0.1080239787697792 -0.043162476271390915 -0.13498729467391968 0.002554256236180663 -0.08152689784765244 0.09909162670373917 0.08060308545827866 -0.01035668421536684 0.11509886384010315 -0.06025361269712448 -0.051867082715034485 -0.08724864572286606 -0.10604285448789597 -0.10829904675483704 0.08351606875658035 0.10939154028892517 0.10444842278957367 -0.0897243544459343 0.015436185523867607 -0.06868448853492737 0.041949331760406494 0.04434085637331009 -0.0461067371070385 -0.04450239986181259 -0.024111736565828323 -0.04199277237057686 0.13965868949890137 0.011979663744568825 -0.03699536994099617 0.06990031152963638 -0.014548830687999725 -0.004574216436594725 0.0959840640425682 0.0699303150177002 -0.06338849663734436 -0.02132834494113922 0.04277310147881508 -0.049802158027887344 0.11350355297327042 -0.024592958390712738 0.1103697419166565 0.04628736898303032 0.08149705827236176 -0.05075112357735634 -0.06546914577484131 -0.09498563408851624 -0.08091254532337189 -0.061507243663072586 0.09704979509115219 0.08110305666923523 -0.056054022163152695 -0.04195065423846245 0.03241380676627159 -0.11896685510873795 0.010772652924060822 -0.0034285609144717455 -0.11228170245885849 -0.03443446382880211 -0.05345787853002548 0.05302963778376579 -0.06335452198982239 -0.08489033579826355 0.04537173733115196 0.011506899259984493 -0.13859394192695618 0.04361557960510254 -0.027639193460345268 -0.13341611623764038 -0.0442851185798645 -0.021576838567852974 -0.11741408705711365 0.009930659085512161 -0.04080655425786972 0.08087941259145737 -0.13633309304714203 -0.04008369520306587 -0.0952192172408104 0.09479536861181259 -0.09092551469802856 0.07982248067855835 0.055748067796230316 0.10897558182477951 0.06516911834478378 -0.08138784021139145 0.04790414124727249 -0.11901351809501648 0.02393410913646221 0.006363701540976763 0.0740799680352211 0.11536745727062225 -0.014637426473200321 -0.0734250396490097 -0.0038896556943655014 -0.07865341007709503 0.09714396297931671 0.0698230192065239 -0.07170242816209793 -0.09071572124958038 0.03159983828663826 -0.03357910364866257 0.006296845618635416 -0.004682161379605532 -0.010722019709646702 -0.05945315957069397 0.031010780483484268 0.07108908146619797 -0.05922723188996315 0.0842374637722969 -0.023652780801057816 0.04042605310678482 -0.11599396169185638 0.059422146528959274 0.13329735398292542 0.04671848565340042 -0.05670963227748871 -0.04879071190953255 -0.05666885897517204 0.019475294277071953 -0.033227451145648956 0.07846333086490631 -0.018119262531399727 0.1078544482588768 0.06931840628385544 -0.015343490056693554 -0.057840511202812195 -0.1053137555718422 -0.09820539504289627 0.10042653232812881 0.08885478973388672 -0.07592713087797165 -0.039787083864212036 -0.01748531498014927 -0.007653798442333937 0.014284777455031872 0.03997927904129028 -0.0019171376479789615 -0.09045280516147614 0.10754445940256119 -0.08068358898162842 0.04933248832821846 0.013580771163105965 0.09866698831319809 0.036977119743824005 0.04258723556995392 -0.10234299302101135 0.037345193326473236 -0.10067874193191528 -0.031790606677532196 0.13159847259521484 0.07346833497285843 -0.06737799197435379 0.10331980884075165 -0.04694446548819542 -0.04551829770207405 0.08962077647447586 0.047722816467285156 0.04768270254135132 -0.05173327773809433 0.10241677612066269 -0.06358669698238373 -0.10340360552072525 -0.13561438024044037 0.018618693575263023 -0.10867457836866379 -0.049348656088113785 0.134280264377594 0.0981505736708641 -0.0004145242855884135 -0.09063530713319778 -0.07657763361930847 -0.038572490215301514 -0.09370146691799164 0.08145111799240112 -0.03911416232585907 0.06598062068223953 -0.06648639589548111 0.11460039764642715 0.0877029076218605 -0.0893971249461174 0.16318827867507935 0.12086448073387146 -0.07926567643880844 -0.018110115081071854 -0.09224317222833633 0.10455335676670074 0.13191598653793335 -0.03204808011651039 0.009999006986618042 -0.12280523031949997 -0.01723622903227806 0.08222710341215134 -0.0384204275906086 0.006829009857028723 0.1437903493642807 -0.11485409736633301 -0.0050775534473359585 0.02691909298300743 0.11956160515546799 -0.05806567892432213 -0.010577992536127567 0.0802667886018753 0.014588613063097 0.12177573889493942 0.07045542448759079 0.12274711579084396 -0.02523907646536827 0.012475785799324512 -0.0839378610253334 -0.08057726174592972 -0.04695591703057289 -0.031834594905376434 0.013920838944613934 0.019405854865908623 0.10284384340047836 -0.0794033333659172 -0.03223982825875282 0.07508757710456848 -0.06058979779481888 0.018796393647789955 0.03645586594939232 0.009607689455151558 -0.018470490351319313 -0.10590801388025284 0.08277231454849243 -0.08832798898220062 0.14925995469093323 -0.007082019466906786 0.03649565204977989 -0.11690758168697357 -0.019106486812233925 0.13489177823066711 -0.0004666193563025445 -0.0711248368024826 -0.08762866258621216 -0.047596219927072525 0.04913729056715965 0.017476454377174377 0.11665457487106323 -0.008195876143872738 0.015916019678115845 -0.04469292238354683 0.023779282346367836 -0.02910519950091839 -0.0004191868647467345 0.10163412243127823 -0.0519336462020874 0.08496134728193283 -0.08926240354776382 -0.04653764143586159 -2.2688043827656657e-05 0.05413386598229408 0.033211592584848404 0.008128947578370571 -0.04524166136980057 -0.049202948808670044 -0.07041451334953308 0.02037501335144043 -0.08211565762758255 0.05982232093811035 -0.07887698709964752 -0.09422937780618668 -0.0397123284637928 0.09702607989311218 0.06382326036691666 -0.03433873876929283 0.1007155105471611 0.047484323382377625 -0.03302374109625816 0.0642562285065651 -0.095282182097435 -0.11697576195001602 0.032259270548820496 -0.05430421605706215 -0.04005782678723335 -0.10242553055286407 -1.0285639291396365e-05 0.004248712211847305 0.09777673333883286 -0.001735174679197371 0.020163342356681824 -0.10072612762451172 0.018911095336079597 0.0538678802549839 -0.06952870637178421 -0.05624985322356224 0.039156556129455566 -0.04343094304203987 0.06582082062959671 0.05190470442175865 -0.11215311288833618 0.0034852451644837856 0.08859643340110779 -0.09459058195352554 0.04221141338348389 0.014202242717146873 -0.0637349858880043 0.10051359236240387 -0.05307957902550697 0.00933986995369196 0.09448601305484772 -0.11600615829229355 -0.08590315282344818 0.010182001627981663 0.00019620727107394487 0.008861564099788666 0.10687607526779175 0.051652729511260986 -0.0435275137424469 -0.055936139076948166 -0.1019352376461029 0.09790626168251038 0.04657779261469841 0.09084955602884293 -0.09356023371219635 0.02867959253489971 -0.10237950086593628 0.07959432154893875 -0.09018409252166748 -8.335072925547138e-05 -0.10811017453670502 -0.014704924076795578 -0.06737770885229111 0.1260068565607071 -0.06979579478502274 0.03480362147092819 0.07716590166091919 0.10237422585487366 -0.08683493733406067 -0.03851611539721489 -0.1126251071691513 -0.0008958360413089395 -0.0543694868683815 0.04478909447789192 -0.10611872375011444 -0.0170535109937191 -0.020524756982922554 -0.0792761892080307 -0.03620750829577446 0.006026874296367168 0.08790275454521179 0.08052750676870346 0.05195082351565361 0.07528848201036453 -0.09422025829553604 -0.08240453153848648 -0.013063312508165836 -0.024072764441370964 -0.07610263675451279 0.08060481399297714 0.02961152046918869 0.047057975083589554 0.11094610393047333 0.060961414128541946 0.00474518071860075 0.10744444280862808 -0.042426370084285736 -0.10589787364006042 -0.05455432087182999 0.08853916823863983 -0.07727070152759552 0.12814374268054962 -0.044338855892419815 0.04833046719431877 0.07674623280763626 0.06182422116398811 -0.07370495051145554 -0.016382185742259026 -0.0042389165610075 -0.09389524906873703 -0.06946921348571777 -0.04657674580812454 -0.12891677021980286 -0.0057377442717552185 -0.060436949133872986 -0.07997199147939682 -0.02899268828332424 0.056505460292100906 -0.017507901415228844 0.11326825618743896 0.00842716358602047 0.03371880576014519 0.10824421793222427 -0.10400691628456116 -0.03563890606164932 -0.08725754171609879 0.09553223103284836 -0.05021171644330025 -0.015267757698893547 0.05329489707946777 0.03772645443677902 0.008206984959542751 0.06537578254938126 -0.03937326371669769 0.11000258475542068 -0.1210738942027092 0.09072822332382202 -0.012431924231350422 0.10894029587507248 -0.030814435333013535 -0.1091419979929924 0.09115172177553177 -0.08906346559524536 -0.001076600281521678 0.039540473371744156 0.08298220485448837 0.032115638256073 0.103457972407341 0.125425785779953 0.03027471899986267 -0.08396270871162415 -0.09137603640556335 0.008827383629977703 -0.021930456161499023 0.10666877031326294 0.10524343699216843 -0.09477420151233673 -0.012618448585271835 -0.04988127574324608 -0.08732358366250992 -0.04056636244058609 0.007019843440502882 -0.012096053920686245 -0.046652186661958694 0.036670152097940445 0.03806907311081886 0.09128965437412262 0.09269236773252487 -0.051500651985406876 -0.05255906283855438 -0.07699237018823624 0.07752958685159683 0.06316880136728287 -0.04219095781445503 0.015173391439020634 -0.0338539220392704 0.1270054429769516 0.12329097092151642 -0.002253100508823991 0.1049557700753212 0.06611572206020355 -0.07318015396595001 0.02431691624224186 0.04276713728904724 0.13141301274299622 0.1357114166021347 0.04998112469911575 0.0899612307548523 -0.09107499569654465 0.11621110886335373 -0.11639999598264694 0.0017907212022691965 0.033929381519556046 -0.1167914941906929 0.10782589018344879 -0.09176529198884964 0.13356293737888336 0.09938275068998337 -0.04396406188607216 0.02551247924566269 0.0077731492929160595 -0.03416764736175537 -0.09802267700433731 0.07875431329011917 -0.05670271813869476 -0.04842650145292282 -0.020289843901991844 0.10576125234365463 -0.04707064479589462 0.1001763790845871 0.0367332361638546 0.1346452385187149 0.006664235144853592 0.08802950382232666 0.01208439189940691 -0.05320068821310997 -0.02997332625091076 -0.060037799179553986 -0.09433851391077042 0.09842491894960403 0.048651739954948425 0.13097210228443146 -0.07418670505285263 -0.11176495254039764 -0.029676537960767746 -0.017017964273691177 -0.061754629015922546 -0.04314485564827919 -0.027922453358769417 -0.0964524894952774 -0.07750412076711655 -0.056009531021118164 0.09262943267822266 -0.11848418414592743 0.014589224942028522 0.0955045223236084 0.034429728984832764 -0.05393730103969574 -0.022862188518047333 -0.04966515302658081 0.07397335767745972 -0.017454704269766808 -0.11245006322860718 -0.020477525889873505 -0.10342159122228622 0.04374212771654129 -0.013046757318079472 -0.12304843217134476 0.023486724123358727 -0.07869186252355576 -0.0286563690751791 0.028877170756459236 0.059332042932510376 0.02854401059448719 0.08179745078086853 -0.05704636871814728 0.0448167510330677 0.10224742442369461 -0.10884502530097961 0.09359893947839737 0.023979226127266884 -0.05608208477497101 -0.053480684757232666 -0.020739709958434105 -0.0017657100688666105 0.00823986530303955 -0.07810214161872864 -0.042452264577150345 0.11440237611532211 -0.13956022262573242 -0.08198519051074982 0.027781233191490173 0.10518042743206024 0.03772459179162979 0.03806203231215477 0.08677811175584793 -0.046918611973524094 0.007766320835798979 -0.11285224556922913 -0.027517570182681084 0.005644290708005428 -0.12644648551940918 -0.026291418820619583 -0.014728045091032982 0.06189887225627899 0.061416417360305786 0.02392292581498623 0.10409720242023468 0.05351972579956055 -0.10278885066509247 -0.06885600090026855 0.037321899086236954 -0.07560337334871292 0.0917564183473587 0.03723171725869179 -0.11065021902322769 0.05912744998931885 -0.05522271618247032 -0.021340692415833473 -0.013517841696739197 -0.08329135179519653 0.0766419917345047 0.11588265001773834 0.042158663272857666 -0.020997071638703346 -0.025761570781469345 -8.34805250633508e-05 0.07131855934858322 -0.12473118305206299 0.056148335337638855 -0.018105529248714447 0.13817259669303894 0.13283708691596985 0.05387013033032417 -0.08753778040409088 0.03810065984725952 -0.05586852878332138 0.006065463647246361 0.117280513048172 -0.0849204957485199 -0.07713206112384796 0.035343192517757416 -0.032385051250457764 -0.11963802576065063 0.030458519235253334 -0.10097629576921463 0.0032431953586637974 0.06530696153640747 0.09072466939687729 0.026439905166625977 -0.0246399138122797 -0.08327443897724152 -0.10032942146062851 -0.02561628445982933 0.017109183594584465 0.016044994816184044 0.05159879848361015 -0.05307529494166374 -0.03549997881054878 0.13039425015449524 0.09186401963233948 0.07688713073730469 0.08946972340345383 0.0928691178560257 -0.09094081073999405 0.04212087020277977 0.041205182671546936 -0.07635702937841415 -0.09412749111652374 0.07776715606451035 -0.01588144153356552 -0.07094347476959229 0.03441137075424194 0.05909654498100281 -0.026266023516654968 0.008438299410045147 0.11202671378850937 -0.07247698307037354 -0.05999760329723358 -0.09147555381059647 0.07164211571216583 0.055875539779663086 -0.0069482396356761456 0.017916720360517502 0.008634787984192371 -0.073776014149189 -0.010019665583968163 0.04308212548494339 0.05053218454122543 0.1128292828798294 -0.015266732312738895 0.08524633944034576 0.012510423548519611 0.009810557588934898 0.029016802087426186 0.04579446464776993 0.0636783018708229 0.0939609631896019 -0.08161542564630508 0.1006912961602211 0.00296266027726233 -0.002331228693947196 -0.07196420431137085 0.1224345788359642 0.11002060025930405 0.027284353971481323 -0.08094730228185654 -0.11093662679195404 -0.05110107362270355 0.074693463742733 -0.03997984156012535 -0.06831630319356918 -0.051630862057209015 0.02045624330639839 -0.11382190883159637 -0.06048326566815376 -0.13364438712596893 -0.005469358526170254 0.05461537465453148 0.04409073665738106 -0.06513337045907974 -0.05054675415158272 0.06573536992073059 0.055480558425188065 0.0891365110874176 0.019175607711076736 0.04035921022295952 0.1203380823135376 0.1344413012266159 0.06361768394708633 -0.10170691460371017 -0.009837443009018898 0.08338216692209244 0.08248978108167648 0.0091929966583848 -0.04820844158530235 -0.09315331280231476 -0.10182039439678192 0.04187237471342087 0.02513371966779232 -0.10713252425193787 -0.010649878531694412 0.09150584787130356 -0.10625550895929337 0.09734483063220978 -0.00842981692403555 -0.11282959580421448 0.09746597707271576 0.09484792500734329 -0.029837194830179214 -0.03227536752820015 -0.10741119086742401 -0.026942718774080276 -0.07892727106809616 0.08473699539899826 -0.09733041375875473 -0.0058998484164476395 -0.1441720426082611 0.09533319622278214 0.11111681908369064 0.09624678641557693 -0.052808668464422226 0.093495674431324 -0.11515017598867416 -0.04842709004878998 -0.0010059196501970291 -0.10034437477588654 0.03677086904644966 0.06453165411949158 -0.0456184484064579 -0.028345409780740738 0.049698200076818466 -0.014496644027531147 0.01993379183113575 0.0979677066206932 0.018179675564169884 0.06698043644428253 -0.016849970445036888 0.07019335776567459 -0.043137483298778534 0.12444138526916504 0.02106708474457264 -0.09375038743019104 0.1092945858836174 -0.014599449932575226 0.1121588721871376 -0.030190609395503998 0.049473002552986145 0.015550633892416954 0.019057346507906914 0.08365924656391144 -0.027835629880428314 -0.12511026859283447 0.056560587137937546 0.06416384130716324 -0.07056817412376404 -0.11035896092653275 0.015234268270432949 -0.07569258660078049 -0.07554857432842255 -0.061900991946458817 -0.09259220957756042 0.05965949967503548 -0.06946925818920135 0.09763363003730774 0.039960991591215134 0.05607464909553528 0.1297197788953781 0.027053484693169594 -0.05114392936229706 0.12552890181541443 -0.050448063760995865 0.03878641501069069 -0.08967001736164093 -0.01890379935503006 0.06557854264974594 -0.0430283397436142 -0.03011447750031948 0.021867234259843826 0.036252718418836594 -0.042309120297431946 -0.05814998224377632 0.12846273183822632 0.08179345726966858 0.09673165529966354 0.059683460742235184 0.010407648049294949 0.0320633240044117 -0.09739227592945099 0.07659202069044113 0.11133258789777756 0.10098608583211899 0.10513975471258163 -0.10739443451166153 0.033018168061971664 0.008349021896719933 -0.1211368590593338 -0.0870833545923233 -0.05497985705733299 0.03225027769804001 -0.10670103132724762 0.09217610210180283 -0.11682015657424927 -0.05284218490123749 0.09144610166549683 0.06020355969667435 -0.003166833659633994 -0.034174129366874695 -0.02738216333091259 -0.02756689116358757 0.04189210385084152 0.007492926437407732 0.04408346489071846 0.13214588165283203 -0.007620777934789658 -0.03997977077960968 0.059638287872076035 0.04708433896303177 -0.05123158544301987 0.05790925398468971 0.0735090970993042 -0.1247396469116211 0.07556988298892975 0.09448132663965225 -0.11021415144205093 0.11437521874904633 -0.05678075551986694 -0.11259026825428009 0.015465636737644672 -0.06819882988929749 -0.08053503185510635 -0.12254063040018082 -0.10247090458869934 -0.1078198254108429 0.07574314624071121 0.01800609566271305 0.08674100041389465 -0.06271440535783768 0.01043501403182745 -0.05839339643716812 0.05084851011633873 -0.06192336603999138 0.0150193115696311 -0.05955710634589195 0.022520367056131363 0.08094920963048935 0.07803811877965927 0.1013132631778717 -0.06064186617732048 -0.09159697592258453 -0.08396754413843155 0.01177425216883421 -0.079742431640625 0.08381194621324539 -0.10108959674835205 -0.08246684819459915 -0.04625271260738373 -0.010402416810393333 -0.09952012449502945 0.047390274703502655 0.08786465227603912 -0.06708678603172302 0.07861114293336868 -0.05795514956116676 -0.09825056791305542 0.052514154464006424 0.041773032397031784 -0.07407668977975845 0.06209063529968262 0.0405147410929203 -0.1353946328163147 0.08069608360528946 0.02154703065752983 0.001450512558221817 -0.08483666926622391 0.016704658046364784 -0.1251085251569748 0.1050219014286995 -0.07864511758089066 -0.031208200380206108 0.08158013969659805 0.09162246435880661 0.05684738606214523 -0.09226564317941666 -0.020038731396198273 0.02063637785613537 -0.021232467144727707 -0.09575403481721878 -0.017617007717490196 -0.10916870832443237 0.008066238835453987 -0.12317976355552673 -0.0024624778889119625 0.10058654844760895 0.09965477883815765 -0.016793005168437958 -0.016950098797678947 0.09662966430187225 -0.0510539636015892 0.0441431924700737 -0.06751319020986557 0.00124101631809026 -0.09130974113941193 -0.006197197362780571 -0.01653102971613407 -0.038455862551927567 0.008786175400018692 -0.09604723006486893 -0.04803350940346718 0.12463535368442535 -0.11061868816614151 0.07497172057628632 -0.07258948683738708 -0.023202918469905853 0.014306409284472466 0.09520922601222992 -0.032275836914777756 0.02322237193584442 -0.07938114553689957 0.11137835681438446 -0.05750288814306259 -0.09560046344995499 0.06521562486886978 0.07594259828329086 0.09143474698066711 -0.019833775237202644 0.07391580194234848 -0.03316868469119072 -0.12236057221889496 -0.007705122232437134 0.0979137122631073 -0.016816772520542145 0.025144727900624275 0.12793710827827454 -0.10186468809843063 -0.10554686188697815 -0.057748232036828995 -0.08475638926029205 -0.07470577210187912 0.07131194323301315 0.016409635543823242 0.1261652708053589 0.09167923033237457 0.14892958104610443 0.11248951405286789 0.0767403319478035 0.01153979916125536 0.051534805446863174 0.10482126474380493 0.04819128289818764 -0.017474157735705376 0.10446862876415253 -0.10752449929714203 -0.059491001069545746 0.07838650047779083 0.03413143381476402 0.08877947926521301 0.014664796181023121 0.10821463167667389 0.10981741547584534 -0.029223607853055 0.05335105210542679 0.0338900052011013 0.07816571742296219 0.06358447670936584 -0.022140352055430412 0.07704377174377441 -0.036910418421030045 -0.13594450056552887 -0.05241329222917557 0.05285637080669403 -0.057144876569509506 0.023247303441166878 0.06125753000378609 0.07246299833059311 0.03862693905830383 -0.10407988727092743 -0.031168363988399506 0.04327193275094032 0.096176378428936 -0.10471072793006897 -0.11042270064353943 -0.106814906001091 -2.119442797265947e-06 -0.08028045296669006 -0.07975809276103973 -0.11617825925350189 0.14109191298484802 0.0071586850099265575 -0.07824432104825974 -0.1057068333029747 -0.0652012899518013 0.06234064698219299 0.1163148358464241 0.08092159777879715 0.12652014195919037 -0.035318028181791306 0.09915192425251007 -0.10995131731033325 -0.05951187014579773 -0.08456049859523773 0.03341519460082054 -0.10240200906991959 0.04744719713926315 0.13390731811523438 -0.07019603997468948 0.10130772739648819 -0.11934594810009003 -0.06375784426927567 -0.07311098277568817 -0.0140903415158391 0.007177963852882385 -0.0030834584031254053 0.09808062762022018 0.08387915790081024 -0.10966402292251587 0.10091834515333176 0.06897589564323425 -0.08067553490400314 -0.08819813281297684 0.07461690157651901 -0.02066098153591156 0.010198780335485935 -0.09431257843971252 -0.04839063808321953 0.03921566903591156 0.03178730979561806 -0.04734722524881363 0.07990682125091553 -0.09071476012468338 -0.04456465691328049 -0.10455850511789322 0.07993891835212708 0.019612545147538185 -0.11091134697198868 -0.08938585221767426 0.04144071415066719 -0.06161888316273689 0.02488214522600174 -0.02219865284860134 -0.11414424329996109 -0.0045546479523181915 -0.061958689242601395 -0.1359962821006775 -0.06263062357902527 0.007541134487837553 -0.049607645720243454 0.023759014904499054 0.07330849021673203 -0.0909191146492958 -0.13596419990062714 -0.06565039604902267 -0.0163559727370739 -0.020386898890137672 -0.12203036993741989 -0.07344860583543777 -0.0241586584597826 -0.07194618135690689 -0.039899930357933044 0.019905591383576393 0.045180052518844604 0.05289222300052643 -0.07571373134851456 -0.007314891554415226 0.07813020050525665 0.09541380405426025 -0.0725347027182579 -0.05661886930465698 -0.13098657131195068 0.08287899196147919 0.012749355286359787 -0.026120614260435104 0.009256724268198013 0.09599170833826065 -0.08128903806209564 -0.05060665309429169 -0.0037654079496860504 -0.12981346249580383 0.03440180793404579 -0.09716233611106873 -0.07721619307994843 0.08113989233970642 -0.055414989590644836 0.010393341071903706 0.03173289820551872 0.10121726989746094 -0.09099531918764114 0.014052526094019413 -0.00939380656927824 -0.07958274334669113 -0.07998453825712204 -0.04656447842717171 -0.08553118258714676 -0.099350206553936 0.10637692362070084 -0.07017836719751358 0.16054905951023102 0.008367643691599369 0.008507504127919674 0.12321916222572327 0.09753474593162537 -0.03677859157323837 -0.00278325192630291 0.02008410356938839 0.07681427150964737 -0.10817230492830276 0.10883230715990067 -0.08630005270242691 0.1288311779499054 -0.06651300936937332 -0.021060731261968613 0.11070910841226578 0.09224513918161392 0.05507076904177666 0.06660948693752289 0.0161763746291399 -0.09054554253816605 0.11642701178789139 -0.06006285175681114 0.0926971286535263 -0.07138554751873016 -0.11315575987100601 -0.1361587941646576 0.0035590967163443565 -0.023736434057354927 0.1246366873383522 0.13975150883197784 -0.008922186680138111 0.11895055323839188 0.02446635626256466 -0.07350152730941772 0.07096747308969498 0.0911710262298584 -0.11049263924360275 -0.020525995641946793 -0.03547940030694008 0.030770016834139824 0.054623354226350784 0.023228194564580917 0.021842725574970245 -0.040935903787612915 0.027036886662244797 0.1279311627149582 0.12422282993793488 0.07782243192195892 -0.008893988095223904 0.1255759447813034 0.08968090265989304 -0.03883146122097969 -0.04520590230822563 -0.07707930356264114 1.5443929441971704e-06 -0.09927450865507126 -0.013813850469887257 0.07119753956794739 -0.09547605365514755 -0.025175096467137337 0.039361435920000076 -0.045768849551677704 -0.10237133502960205 0.028781510889530182 0.10787543654441833 -0.07185613363981247 -0.10094238072633743 0.06712570786476135 0.00764803308993578 0.06297802180051804 -0.0598815381526947 -0.09290370345115662 -0.08527582883834839 0.07620102167129517 0.1130913645029068 0.07373835146427155 0.056742068380117416 0.003588748164474964 -0.02847684919834137 -0.060385383665561676 -0.09857044368982315 -0.0297107957303524 -0.035889673978090286 -0.00019322543812450022 -0.027654631063342094 -0.017131054773926735 -0.08291099220514297 0.0637533962726593 -0.04162388667464256 0.0023559981491416693 0.020578064024448395 0.09360241889953613 0.02716987580060959 0.07507350295782089 -0.03757463023066521 0.027310824021697044 0.027118554338812828 -0.029705379158258438 0.03650866448879242 0.070058174431324 0.008924070745706558 -0.060429688543081284 -0.06267818063497543 -0.0037505747750401497 0.0010983519023284316 0.018730897456407547 -0.11987153440713882 -0.0946514680981636 -0.06328431516885757 0.08044372498989105 -0.05792037025094032 -0.014097223989665508 0.01804465986788273 0.09505448490381241 -0.022824790328741074 -0.023695891723036766 -0.036415088921785355 0.07509350776672363 -0.02689051814377308 0.0785340964794159 -0.11013446748256683 1.975761551875621e-05 0.06355257332324982 -0.08065325766801834 0.09159829467535019 0.022019438445568085 -0.0477852039039135 -0.06815344095230103 0.06047622859477997 -0.014764927327632904 0.0036011722404509783 -0.05181753635406494 -0.09734847396612167 -0.11946678161621094 -0.09722260385751724 0.08059931546449661 -0.09942187368869781 -0.036269932985305786 -0.009876623749732971 -0.09805759787559509 -0.10001394897699356 -0.11833909153938293 0.06351073831319809 0.07558874785900116 0.06020117178559303 0.02023417502641678 -0.11976809054613113 0.10352315753698349 0.06802048534154892 -0.08864354342222214 -0.053338922560214996 -0.0770447850227356 0.021974792703986168 -0.08756551891565323 0.06927710026502609 -0.11278680711984634 -0.0018158117309212685 0.11224688589572906 -0.11723309755325317 0.11299768090248108 -0.03152056783437729 -0.028709786012768745 0.006269036326557398 -0.07288924604654312 -0.00534906005486846 -0.06470046192407608 0.06648020446300507 -0.11950745433568954 -0.055773019790649414 0.10434435307979584 -0.042145416140556335 0.0772274062037468 0.05406556650996208 0.023466559126973152 0.08782609552145004 0.0981249287724495 -0.01144504640251398 0.0003261794045101851 -0.07439733296632767 0.09212365746498108 0.06667428463697433 0.10262484848499298 -0.12431444972753525 0.06219274178147316 0.11645454168319702 0.05369780957698822 0.036209508776664734 -0.0019165417179465294 -0.07218274474143982 0.09251219779253006 0.12446998804807663 -0.00801677443087101 -0.058812521398067474 0.028180984780192375 -0.11769169569015503 -0.004627017769962549 0.1145884245634079 0.025619281455874443 -0.015997665002942085 -0.1001400277018547 0.0819815918803215 0.0848977342247963 -0.09661269187927246 -0.015174579806625843 0.002017230959609151 0.06050657853484154 0.016887180507183075 0.0734698697924614 -0.03431029990315437 0.011874299496412277 -0.07833243161439896 0.04138045012950897 0.08083619177341461 -0.03456393629312515 0.03549852594733238 -0.0364668108522892 0.08798877149820328 -0.06083354353904724 0.121436707675457 -0.015231786295771599 -0.055116452276706696 0.05716533213853836 -0.028729232028126717 -0.05555088445544243 -0.016873521730303764 -0.124221570789814 0.02682197280228138 -0.0666772797703743 -0.07799684256315231 -0.004947212059050798 -0.005505787208676338 0.1251785010099411 -0.06265110522508621 -0.037050239741802216 0.034558989107608795 0.07031869143247604 -0.004271356388926506 0.048323389142751694 -0.012233593501150608 0.025032149627804756 -0.013992798514664173 0.06732355058193207 0.03627743199467659 0.04592122882604599 0.06781896203756332 -0.04449052736163139 0.031342651695013046 -0.0013466768432408571 0.004867054987698793 -0.09476775676012039 -0.08637885749340057 0.006520718801766634 0.12928256392478943 -0.08106864243745804 0.10458344221115112 -0.028983762487769127 0.09668295830488205 0.007629147730767727 -0.07840277999639511 0.08444445580244064 0.07908379286527634 0.05183447152376175 -0.010738753713667393 0.07262545078992844 0.03925779089331627 -0.11431491374969482 -0.06250666081905365 -0.032843299210071564 -0.07270260155200958 0.07157941907644272 0.03226342052221298 0.08080492168664932 -0.1349845826625824 0.04604095593094826 0.07058878242969513 -0.06335368752479553 0.08756806701421738 -0.10217340290546417 0.020297352224588394 0.13880950212478638 0.009951530955731869 0.02279299683868885 0.015038220211863518 0.12730415165424347 0.014835182577371597 -0.04114414379000664 0.018030373379588127 0.10449516028165817 -0.07762622088193893 -0.02497226931154728 0.09681674093008041 -0.03488757088780403 0.0736139640212059 0.06985991448163986 -0.11567019671201706 0.050360821187496185 -0.08130369335412979 0.01480045821517706 -0.07635848969221115 0.08957278728485107 0.1150016114115715 0.0021979946177452803 -0.028437897562980652 -0.06842310726642609 0.04208528995513916 0.0890500470995903 -0.11414586752653122 0.09316795319318771 0.09100265800952911 -0.04472846910357475 0.05703527480363846 -0.11403879523277283 0.07283525913953781 0.019334789365530014 -0.014651081524789333 0.006535881664603949 0.012359103187918663 -0.026667388156056404 -0.08557594567537308 0.13601644337177277 0.12449735403060913 0.035282380878925323 0.10879608988761902 -0.12455769628286362 -0.05014761909842491 0.07805231958627701 0.096381776034832 0.019747363403439522 -0.09046876430511475 -0.06574372947216034 0.01436632126569748 0.04284583032131195 -0.05739312991499901 0.07005801796913147 -0.05554189160466194 -0.05108402669429779 -0.02883164770901203 -0.03491783142089844 -0.09263244271278381 0.05094087868928909 0.03971882537007332 -0.019725419580936432 -0.040283117443323135 -0.051088202744722366 -0.12155485153198242 0.012605767697095871 -0.07854190468788147 0.06505009531974792 -0.03873557969927788 0.03555065393447876 0.1021706610918045 0.11087091267108917 -0.031481605023145676 -0.014660865999758244 0.08330906182527542 0.061391498893499374 -0.010385499335825443 -0.05204920843243599 -0.03928808122873306 0.10177317261695862 0.06879332661628723 0.11843790113925934 0.11134907603263855 0.08476095646619797 -0.04769366979598999 -0.0873587355017662 -0.11592914164066315 0.08496593683958054 0.10121283680200577 0.08584403991699219 0.04221140965819359 0.09791003912687302 0.07979923486709595 0.09658866375684738 -0.08528385311365128 -0.03765163570642471 0.0022476220037788153 0.06514830887317657 -0.0034530728589743376 0.03599049523472786 0.06975442171096802 -0.0589350163936615 0.03756443411111832 0.0009564207284711301 0.01219251286238432 -0.07288327813148499 0.05496064946055412 -0.010518726892769337 -0.076856330037117 0.04121198132634163 0.04043428972363472 -0.12968015670776367 -0.023064663633704185 -0.005028840154409409 -0.036032967269420624 -0.07192479819059372 0.02720567211508751 0.07889761030673981 -0.03664981201291084 0.04027041420340538 -0.0691085085272789 -0.03490935266017914 -0.08924094587564468 0.11474811285734177 0.0834658294916153 -0.003701260546222329 0.11011884361505508 -0.013752645812928677 0.00859715137630701 0.05855225771665573 0.11674550920724869 -0.022838091477751732 0.012679255567491055 -0.10690584778785706 -0.06966555863618851 -0.06500667333602905 0.07194793224334717 -0.08780033141374588 -0.02503449283540249 0.007443026173859835 -0.059062372893095016 -0.018817488104104996 -0.039108555763959885 0.009187889285385609 0.06279894709587097 -0.08669842779636383 0.06886613368988037 -0.1285705417394638 -0.06413418054580688 -0.13219819962978363 0.09711629152297974 -0.11172124743461609 -0.09032449126243591 0.013464677147567272 -0.10527139157056808 -0.043997831642627716 0.056756485253572464 -0.12904785573482513 0.06407900154590607 0.06554693728685379 0.08665010333061218 -0.10024208575487137 -0.0130461435765028 0.11748494952917099 0.105784110724926 -0.03682546317577362 -0.05206943675875664 -0.059304673224687576 0.12190412729978561 -0.05896110087633133 0.04904827103018761 -0.05709534510970116 -0.03151162341237068 -0.0009269606089219451 0.041851408779621124 0.03849145025014877 -0.08809458464384079 -0.07948266714811325 0.04190941900014877 -0.10198196023702621 -0.030896732583642006 0.11083477735519409 0.0015679469797760248 -0.045671332627534866 0.047859515994787216 0.12468268722295761 -0.08730877935886383 -0.1028016060590744 -0.03858543559908867 -0.006976560689508915 -0.017457662150263786 0.045891985297203064 0.06419234722852707 -0.131429523229599 0.00205918843857944 -0.04282902926206589 -0.03999337926506996 -0.05719383433461189 0.04416358843445778 0.03163588419556618 0.12648996710777283 0.039865896105766296 -0.0873735249042511 0.10020039230585098 0.09585130214691162 0.10576297342777252 -0.09363649785518646 -0.04898620396852493 0.03165461868047714 -0.11165585368871689 0.09545640647411346 -0.08643868565559387 -0.07717370986938477 -0.09598219394683838 0.07540645450353622 -0.028346819803118706 0.10632585734128952 -0.07826980203390121 0.07481666654348373 -0.0452372208237648 0.014486529864370823 -0.062386222183704376 -0.07589314132928848 -0.03311348706483841 0.00642049266025424 -0.06343523412942886 0.011017240583896637 -0.004591881763190031 0.08632911741733551 -0.026356367394328117 -0.06705216318368912 0.019603347405791283 0.07694284617900848 -0.062324851751327515 0.016268208622932434 0.04768359288573265 0.019588880240917206 0.027244776487350464 -0.03660709783434868 0.012116440571844578 0.0487503819167614 0.10485506057739258 0.08298083394765854 0.09871567785739899 0.019450752064585686 0.08199723809957504 -0.07319849729537964 0.03437582403421402 0.04774477705359459 0.020012490451335907 -0.007453805301338434 0.061637841165065765 -0.0057054865173995495 0.09198564291000366 -0.0019384752959012985 -0.023348812013864517 -0.0010917820036411285 -0.02118406444787979 -0.04316355660557747 0.002038035774603486 0.025461966171860695 0.05655324086546898 0.027402425184845924 0.02205573581159115 -0.011910532601177692 0.009190005250275135 -0.008072816766798496 -0.041063208132982254 -0.09057372808456421 -0.008465184830129147 0.027431311085820198 0.062060799449682236 -0.033480238169431686 -0.05255943909287453 0.01068207062780857 0.005942171439528465 -0.04491494596004486 -0.04985794797539711 0.006375514902174473 0.008531374856829643 -0.06081622093915939 0.007112459279596806 0.003931012004613876 -0.05799240991473198 0.04941493272781372 0.05326684191823006 0.008923004381358624 0.07027977705001831 0.0452280230820179 0.09819686412811279 0.08423352986574173 -0.040126726031303406 0.0010781747987493873 -0.01960085704922676 0.06836263835430145 -0.09419586509466171 0.07597201317548752 0.006802934221923351 -0.01387752778828144 0.02898780070245266 -0.08172386884689331 -0.06944741308689117 -0.1235852986574173 0.037951793521642685 0.03644774854183197 0.04296764358878136 0.04250315576791763 0.1028127372264862 -0.07962381839752197 -0.018303165212273598 0.009190576151013374 0.026701245456933975 0.10664215683937073 0.09027589112520218 0.09443927556276321 0.11155976355075836 -0.08669412136077881 0.0738687589764595 -0.08130739629268646 0.04135911539196968 -0.010157275944948196 0.06945101171731949 -0.03279200568795204 0.059420712292194366 -0.011723946779966354 -0.051397331058979034 -0.010946996510028839 0.105769082903862 0.10832536220550537 0.026910537853837013 0.013472103513777256 -0.038518086075782776 -0.012583211064338684 0.030880479142069817 0.006498953327536583 -0.08097679167985916 0.014386183582246304 -0.10155174881219864 -0.06238581985235214 0.014639165252447128 -0.11903058737516403 0.0338965505361557 0.10186176747083664 0.08363323658704758 0.11937543749809265 -0.03463512659072876 0.009730354882776737 0.11018107086420059 -0.09411129355430603 0.04443451762199402 0.07854650169610977 0.01959722489118576 -0.03231113776564598 0.03110933117568493 0.05023780092597008 0.03819860890507698 -0.039265502244234085 0.04514177143573761 0.011633731424808502 -0.05728304758667946 0.0007525851833634079 0.1049140989780426 0.10921945422887802 0.002075501251965761 0.03425257280468941 -0.0052438899874687195 0.07130976766347885 0.10681458562612534 0.018912333995103836 0.11592064797878265 0.010524542070925236 0.05967177078127861 0.08994080871343613 -0.09514976292848587 0.06289374083280563 0.052972566336393356 0.09092365950345993 0.030113903805613518 -0.009836280718445778 0.07696311920881271 -0.013645770959556103 0.0968814417719841 -0.09221577644348145 0.057977110147476196 -0.03292374685406685 0.06348290294408798 0.05890356004238129 -0.09032749384641647 -0.095085509121418 -0.03262074664235115 -0.025006916373968124 -0.04463754594326019 0.10055141896009445 -0.11633986979722977 -0.053653426468372345 0.07319942116737366 0.12856315076351166 -0.006579532288014889 -0.021565252915024757 0.09865941107273102 -0.03293050453066826 0.08558794856071472 0.08161430805921555 0.1080322340130806 -0.00752685684710741 0.12958113849163055 0.06271270662546158 -0.0899706780910492 -0.036132920533418655 0.025718338787555695 -0.08844035118818283 0.10664617270231247
b2 64
-0.057241715490818024 -0.1378016173839569 -0.10405892878770828 -0.017278477549552917 0.008447423577308655 -0.07339177280664444 0.05986170470714569 -0.11170673370361328 0.045495595782995224 -0.008524377830326557 -0.11732729524374008 0.10683316737413406 -0.0530419759452343 -0.08774910867214203 0.0050840312615036964 0.07084216177463531 0.0775972530245781 -0.12237407267093658 -0.09247523546218872 0.05982391908764839 -0.04451587796211243 0.05817500874400139 -0.09641905874013901 0.0987185686826706 -0.036535199731588364 0.06453119218349457 0.10922666639089584 0.11612661927938461 0.07639586925506592 0.054978203028440475 0.1114954799413681 -0.06235435977578163 0.05639632046222687 0.04921426624059677 -0.05813690274953842 -0.017577482387423515 0.014695516787469387 0.021898377686738968 0.026744801551103592 0.06449122726917267 -0.11603798717260361 0.05755764991044998 -0.01048059482127428 -0.09125740826129913 0.027399424463510513 0.04050459340214729 0.006193310022354126 -0.029593249782919884 0.1233677789568901 -0.06356121599674225 0.0225827693939209 0.043586183339357376 0.0692233294248581 -0.08820659667253494 -0.11840447038412094 0.02797865681350231 -0.10257388651371002 0.1058247908949852 0.05686883628368378 -0.010829277336597443 0.11381059885025024 -0.06740140169858932 0.043151576071977615 -0.016052331775426865
W3 64
-0.11656548082828522 -0.10069803148508072 -0.046711280941963196 -0.07883240282535553 0.012235058471560478 -0.0650310218334198 -0.056236814707517624 0.07519368827342987 0.06253599375486374 0.03413035720586777 0.08365869522094727 0.12225555628538132 -0.022031817585229874 0.09745383262634277 0.0445113405585289 -0.049528419971466064 -0.066398024559021 0.07628541439771652 -0.1180218830704689 -0.05685650557279587 -0.07065041363239288 -0.07136837393045425 -0.0824805200099945 -0.012642149813473225 0.03201046213507652 -0.01899208500981331 0.03791619837284088 0.1269730031490326 -0.0041735973209142685 -0.02649768628180027 0.0930481106042862 0.035333964973688126 0.015908075496554375 0.010493829846382141 -0.036006052047014236 -0.09560783952474594 -0.0977574959397316 0.11235468834638596 0.040912091732025146 -0.09951206296682358 0.10756653547286987 0.009413418360054493 0.10512653738260269 -0.022026047110557556 0.08126217871904373 -0.014789597131311893 -0.13902641832828522 0.07695455849170685 -0.0642237514257431 0.0805051326751709 -0.04719408601522446 0.08254043012857437 0.09419285506010056 -0.04885265603661537 0.10183766484260559 -0.05464955419301987 -0.1170923039317131 0.06686365604400635 -0.10407333076000214 0.05097252130508423 -0.1265910565853119 -0.006543176714330912 0.055055178701877594 -0.0076066115871071815
b3 1
0.08081821352243423
