input_dim 64
hidden 64
log_input 0
y_mean 2.432708263397217
y_std 5.415857315063477
x_mean 64
0.8604187965393066 0.7569590210914612 0.6686896085739136 0.5968438386917114 0.5340814590454102 0.48187291622161865 0.4381480813026428 0.40000465512275696 0.36706116795539856 0.33715781569480896 0.30993643403053284 0.2855354845523834 0.26343366503715515 0.24305462837219238 0.2244780957698822 0.20743708312511444 0.19196274876594543 0.17713385820388794 0.16350612044334412 0.15088272094726562 0.13940943777561188 0.1283281296491623 0.11825710535049438 0.1094866544008255 0.10080966353416443 0.09408042579889297 0.08676987141370773 0.07993614673614502 0.0749221220612526 0.06966478377580643 0.06441862136125565 0.06022555008530617 0.056563105434179306 0.05192437022924423 0.04848117008805275 0.04484732449054718 0.042021654546260834 0.03878551349043846 0.035802729427814484 0.03326654061675072 0.03034711815416813 0.028220150619745255 0.026074938476085663 0.02452736161649227 0.023085443302989006 0.02116250991821289 0.019717056304216385 0.018537472933530807 0.01679108291864395 0.015812382102012634 0.014586453326046467 0.013292549178004265 0.012303432449698448 0.011165481060743332 0.010610471479594707 0.009752865880727768 0.00859821867197752 0.007818959653377533 0.007261068094521761 0.006389463320374489 0.0059199025854468346 0.005244656931608915 0.004537282977253199 0.0029578309040516615
x_std 64
0.2066403478384018 0.2750648856163025 0.3172907829284668 0.34169724583625793 0.35716497898101807 0.3655577600002289 0.369344025850296 0.37022289633750916 0.36895135045051575 0.3663623332977295 0.36254873871803284 0.3576677739620209 0.3521963655948639 0.34587332606315613 0.3394351601600647 0.332673579454422 0.3259619176387787 0.318231463432312 0.3104640245437622 0.30188071727752686 0.29406264424324036 0.285291850566864 0.2769797444343567 0.2693291902542114 0.2609706521034241 0.2543185353279114 0.2458188235759735 0.23754730820655823 0.232091024518013 0.22495396435260773 0.2175729125738144 0.21183016896247864 0.2066384106874466 0.19817394018173218 0.19195763766765594 0.18529030680656433 0.1799774318933487 0.1731732338666916 0.16614790260791779 0.1604524403810501 0.15344814956188202 0.1484103500843048 0.14297333359718323 0.13921208679676056 0.13537397980690002 0.12957631051540375 0.12541936337947845 0.12199126929044724 0.11611877381801605 0.11276187002658844 0.10845936834812164 0.10358138382434845 0.09997708350419998 0.09546813368797302 0.09381109476089478 0.09005776047706604 0.0842980369925499 0.0806678906083107 0.07854066789150238 0.07391174882650375 0.07182760536670685 0.06815093755722046 0.06378263980150223 0.051865290850400925
W1 4096
-0.15093785524368286 -0.014898681081831455 0.08184871077537537 -0.11636423319578171 0.0031276866793632507 -0.13847647607326508 -0.09592434763908386 0.027448376640677452 0.05661113187670708 0.09874249249696732 0.04076859727501869 0.05382396653294563 0.029338324442505836 -0.05155336111783981 -0.08935866504907608 0.06222931295633316 0.03872831165790558 -0.05163707211613655 -0.04617680236697197 -0.019924892112612724 -0.1054263710975647 0.10260900855064392 0.014790819957852364 0.10550414025783539 0.0050260284915566444 -0.00042481700074858963 0.02455664612352848 0.025545932352542877 -0.09166939556598663 -0.04258113354444504 0.06207437813282013 0.07729803770780563 0.10986489802598953 0.12698745727539062 -0.04993356764316559 0.046790216118097305 0.10273265838623047 -0.06743115186691284 0.01656246744096279 -0.006012324243783951 0.006834276486188173 -0.011808952316641808 0.14417675137519836 -0.026757709681987762 0.05137164518237114 0.13876865804195404 0.14149732887744904 0.062274541705846786 -0.042294494807720184 0.04564065858721733 -0.05767542123794556 0.09074366837739944 -0.014833231456577778 0.01178781595081091 0.06807506084442139 -0.04918930307030678 0.11392267048358917 -0.07469327747821808 0.12884016335010529 0.09611637890338898 0.06613553315401077 -0.08067824691534042 -0.03638068214058876 -0.07755143940448761 -0.16145749390125275 -0.10238516330718994 -0.04008179157972336 -0.1466105580329895 0.048943791538476944 -0.05159834772348404 0.0673132911324501 0.011068901978433132 0.06975027173757553 0.040569204837083817 0.01635720767080784 0.11092565953731537 0.03620600700378418 0.08745521306991577 0.08516062051057816 -0.03418755903840065 -0.00494557386264205 -0.06038687750697136 0.10319694131612778 0.11615303158760071 0.13353939354419708 0.024655405431985855 0.07320744544267654 0.11504369974136353 0.045650456100702286 0.11602771282196045 0.03695300221443176 0.07968688756227493 0.008830293081700802 -0.0009477485436946154 0.12700589001178741 -0.08696293830871582 0.03842887282371521 -0.0858081504702568 -0.045199304819107056 0.07678849995136261 -0.04748137667775154 -0.06158045679330826 0.05752846226096153 0.022246358916163445 -0.002900004619732499 0.04785873740911484 -0.09436967223882675 -0.014808091334998608 0.07831726223230362 -0.06342902779579163 0.1112532839179039 0.11247982084751129 0.09745166450738907 -0.05981847643852234 0.032190337777137756 -0.06628706306219101 -0.08372976630926132 -0.007454339414834976 -0.0719476118683815 0.11444257199764252 0.05101447552442551 -0.04871176555752754 0.0017162833828479052 -0.014658507890999317 0.03199616074562073 0.03596566990017891 -0.020703963935375214 0.06733261048793793 0.01347430795431137 0.04755684733390808 0.08767007291316986 0.09177771955728531 0.008455915376543999 0.08396200835704803 0.056717175990343094 0.038460757583379745 0.07693816721439362 0.016614234074950218 0.030980391427874565 -0.004424998536705971 -0.08210229128599167 -0.07613608986139297 0.06464970856904984 0.013119954615831375 0.04381469637155533 0.015569016337394714 0.10396446287631989 0.09199613332748413 -0.007911328226327896 -0.037319671362638474 0.009754213504493237 -0.022984597831964493 0.06327841430902481 0.08226200193166733 -0.06763551384210587 -0.002893816912546754 0.022780604660511017 0.020996350795030594 -0.08339899033308029 0.036311183124780655 0.025330815464258194 0.002704945858567953 0.11043896526098251 -0.049881160259246826 0.09981482475996017 0.10278639197349548 0.04836467280983925 0.08473679423332214 0.08744197338819504 0.0837065652012825 -0.00794273056089878 -0.06186032295227051 0.09937430173158646 -0.018922116607427597 -0.016708582639694214 -0.06246906891465187 0.07999812811613083 0.10961734503507614 -0.039587438106536865 -0.0004776098649017513 0.09505824744701385 0.020496591925621033 -0.004684696439653635 0.06967127323150635 -0.018394023180007935 0.03487542271614075 0.0978466048836708 -0.050921130925416946 -0.002393843373283744 -0.02362123318016529 0.03268095850944519 -0.029793236404657364 -0.021653827279806137 -0.07576895505189896 0.0242923554033041 0.035423506051301956 0.025267021730542183 -0.009404318407177925 0.028075287118554115 -0.025297392159700394 0.05981971696019173 0.05561024323105812 0.050240274518728256 -0.08495336771011353 -0.03563699871301651 0.04804530367255211 -0.04722132533788681 0.023655366152524948 -0.07628720998764038 -0.06755630671977997 -0.007207500282675028 0.05498563125729561 0.014648940414190292 -0.04090840369462967 0.07978292554616928 0.04528834670782089 0.011667463928461075 0.027575308457016945 0.08236151933670044 -0.01708640530705452 -0.015546801500022411 0.047237709164619446 -0.021918976679444313 -0.039059706032276154 0.04131940007209778 -0.00021306339476723224 0.02111871726810932 -0.002606210531666875 0.05509678274393082 0.05929933860898018 -0.026811832562088966 -0.07647552341222763 0.019671928137540817 0.06289759278297424 -0.016683930531144142 -0.04104737564921379 0.053075000643730164 -0.03686957433819771 -0.00393997598439455 0.00385372550226748 -0.04069354012608528 0.0024096989072859287 -0.07627470046281815 0.06051230803132057 -0.0018965338822454214 -0.036991167813539505 0.029757291078567505 0.007452869322150946 -0.051953256130218506 -0.05760551616549492 -0.04347222298383713 0.03502603992819786 0.02575264684855938 -0.08369666337966919 0.05158042535185814 0.044539399445056915 0.10085074603557587 -0.09987233579158783 0.0140231316909194 0.08094501495361328 0.11059259623289108 0.013444183394312859 0.09389319270849228 0.10133101046085358 -0.1320497989654541 0.049728844314813614 -0.09284450113773346 -0.11551065742969513 -0.015349109657108784 -0.08460208773612976 0.09967050701379776 -0.12495764344930649 -0.06665613502264023 -0.1302446722984314 -0.1060226708650589 -0.1170978844165802 -0.07326091080904007 0.053942348808050156 -0.09112536162137985 -0.11312920600175858 -0.10092969983816147 0.009164855815470219 -0.07013259083032608 -0.06379079073667526 0.033573731780052185 -0.0849725753068924 -0.03418790549039841 0.07030367851257324 -0.11321676522493362 -0.05428929626941681 -0.11077147722244263 0.06635817885398865 0.023373808711767197 -0.08308465033769608 0.06898317486047745 -0.09826232492923737 0.0027772323228418827 -0.014288297854363918 -0.14838454127311707 -0.05507848411798477 0.042431000620126724 -0.11494382470846176 -0.040021862834692 0.039128873497247696 -0.12780874967575073 -0.017163416370749474 -0.15992937982082367 -0.012448051944375038 -0.011012963019311428 0.04111852869391441 -0.07412945479154587 -0.09442077577114105 0.03243522346019745 -0.12553314864635468 0.048736076802015305 -0.04156564548611641 -0.13231202960014343 -0.09854226559400558 -0.09579376131296158 0.028075577691197395 0.2694205641746521 0.17617636919021606 0.10053505003452301 0.11427919566631317 -0.06443313509225845 -0.0720231756567955 0.05373283848166466 -0.1267494559288025 -0.09406033158302307 -0.046519357711076736 -0.0360247977077961 0.1029777005314827 0.10093077272176743 0.08439112454652786 -0.07827405631542206 -0.10833733528852463 -0.11730525642633438 0.03897158429026604 -0.00552387535572052 0.005910936277359724 0.03808588907122612 -0.060034189373254776 0.11254430562257767 -0.011427055113017559 0.10415451228618622 -0.07996508479118347 -0.014673442579805851 -0.10367612540721893 -0.09094177931547165 -0.057849589735269547 0.04074925184249878 0.04053473472595215 0.0736180990934372 -0.10842921584844589 0.031116319820284843 -0.05114813148975372 -0.003242251230403781 -0.11766707897186279 -0.04728754982352257 0.048679061233997345 0.026158630847930908 0.027555279433727264 0.020277610048651695 0.06367102265357971 -0.024486979469656944 0.09300858527421951 0.0892171859741211 -0.0435258187353611 0.09614352136850357 -0.014105936512351036 -0.033222608268260956 -0.062399838119745255 -0.107444167137146 0.10196395963430405 -0.060876648873090744 -0.04518037661910057 0.043597035109996796 -0.10228464752435684 0.08747163414955139 0.027411416172981262 -0.1269104927778244 -0.07119467109441757 0.033932942897081375 0.03295162320137024 -0.02768886648118496 -0.021261785179376602 0.08815248310565948 -0.06298365443944931 -0.0642038881778717 -0.006546099670231342 0.08490800112485886 -0.045876018702983856 -0.02994038537144661 0.07748305052518845 0.05507460981607437 0.017340725287795067 -0.034636251628398895 0.0070383669808506966 0.10188887268304825 0.06343506276607513 0.015813510864973068 -0.0016413553385064006 0.06857023388147354 0.02555115893483162 -0.026359129697084427 -0.04703342169523239 0.10066553205251694 -0.03139110282063484 0.05767994001507759 0.039123550057411194 -0.0632830560207367 -0.06980565935373306 0.0281754769384861 -0.0033474345691502094 0.024099532514810562 -0.011001966893672943 0.0456409752368927 -0.036076027899980545 -0.06043720617890358 0.03712308406829834 0.022000158205628395 0.003330049803480506 0.07779324799776077 0.02255157008767128 0.06331029534339905 0.007250441238284111 -0.021408872678875923 0.042874060571193695 0.021623529493808746 0.07017342001199722 0.047089383006095886 0.017123866826295853 -0.0389416478574276 0.05390464514493942 -0.039990123361349106 0.019171617925167084 0.008437172509729862 -0.032485347241163254 0.019822152331471443 -0.02575848251581192 0.06959369033575058 -0.03140084072947502 0.004500743467360735 -0.007417533081024885 0.017262114211916924 0.061733100563287735 -0.03221474215388298 0.01696372963488102 -0.0181892029941082 0.08586642146110535 0.0372941829264164 0.11539055407047272 0.010116880759596825 -0.08109056204557419 0.05648893117904663 -0.01492281910032034 0.06663790345191956 -0.03617304190993309 0.04231991991400719 0.0740557536482811 -0.06962255388498306 0.061942245811223984 -0.08131872862577438 0.04800548031926155 0.006746906321495771 -0.011796672828495502 0.07769156247377396 0.03052213042974472 0.030613912269473076 0.07356148213148117 0.025459719821810722 0.046510614454746246 -0.07643396407365799 0.023390591144561768 -0.0031304717995226383 -0.04366579279303551 0.04356599226593971 -0.05145927518606186 -0.015116928145289421 0.04244412109255791 0.07878536731004715 0.06679896265268326 0.011777498759329319 0.07882668823003769 0.032157592475414276 -0.04599940404295921 0.05060601606965065 -0.02372981235384941 -0.03345487266778946 0.030212411656975746 -0.014829121530056 -0.023909322917461395 -0.07196275889873505 -0.05699395388364792 -0.07454196363687515 -0.04681814834475517 -0.048578422516584396 -0.04969679191708565 -0.04292052611708641 -0.015677519142627716 -0.03314068168401718 -0.034996312111616135 -0.015194656327366829 -0.03329487144947052 -0.019990557804703712 -0.022182244807481766 -0.030776139348745346 -0.021069159731268883 -0.016462769359350204 -0.019563574343919754 -0.022418620064854622 -0.019579315558075905 0.18433834612369537 0.10377590358257294 0.07182905822992325 -0.03304097056388855 -0.08505629003047943 0.09271302819252014 -0.10006032884120941 -0.052912864834070206 -0.0878705382347107 0.09611178934574127 0.08226718753576279 0.0690016970038414 0.024289468303322792 0.018888214603066444 0.028946949169039726 0.07019676268100739 0.027394771575927734 0.0029390943236649036 -0.07512892782688141 -0.07086662948131561 0.0751882940530777 0.049379218369722366 -0.08886411041021347 0.04642593115568161 -0.07619887590408325 0.09522712230682373 0.030503451824188232 0.09235906600952148 0.10104244947433472 -0.012491526082158089 -0.08058103919029236 -0.01585620455443859 -0.1003456711769104 -0.06916087120771408 -0.03720614314079285 -0.0026841077487915754 0.029034212231636047 0.006881160661578178 -0.05763465166091919 0.00470905564725399 0.04910799115896225 -0.05193643271923065 0.057005707174539566 -0.037746038287878036 0.06507345288991928 -0.07549092173576355 0.014252579770982265 0.0003570528351701796 -0.08646655827760696 0.01589285582304001 -0.029530534520745277 0.037926241755485535 0.07087922841310501 -0.06937532871961594 -0.02321937307715416 0.052163850516080856 0.048562776297330856 0.017330240458250046 -0.03480227664113045 -0.06836630403995514 -0.011593619361519814 -0.08725445717573166 -0.022091375663876534 -0.04403483122587204 -0.1184200569987297 0.08622119575738907 0.023667609319090843 -0.10403241217136383 0.05402226746082306 -0.15106256306171417 -0.09654093533754349 -0.1197991669178009 -0.005393213126808405 -0.04650771617889404 -0.09647130966186523 0.07807248830795288 -0.017375003546476364 0.1320541650056839 0.11674213409423828 -0.06686585396528244 0.13068172335624695 0.0664949044585228 -0.08669478446245193 -0.09293046593666077 0.017072251066565514 0.12711475789546967 -0.022035351023077965 -0.053200602531433105 -0.04172944277524948 -0.04135456681251526 0.0876467376947403 -0.06832809001207352 -0.0681900903582573 -0.015460026450455189 0.1259206235408783 0.10892011970281601 -0.030418479815125465 0.09886150807142258 -0.05239870399236679 0.07558739930391312 0.15364931523799896 -0.0014645855408161879 0.10043369978666306 -0.04566289857029915 -0.02124617248773575 0.1160302460193634 0.14437837898731232 -0.02076718956232071 0.11330591887235641 -0.009114080108702183 0.08331587165594101 -0.05135136842727661 0.08917271345853806 0.11745081096887589 -0.05215420946478844 0.13383498787879944 0.052131954580545425 0.13529011607170105 0.0346011184155941 0.13494926691055298 0.1426052749156952 0.13896311819553375 0.1319975107908249 0.046813759952783585 -0.0532919205725193 0.014660152606666088 0.1203678548336029 -0.03346407413482666 -0.008541159331798553 -0.0351555310189724 0.029314901679754257 0.0781218484044075 0.020936155691742897 0.08999831974506378 -0.005644974764436483 -0.03674808889627457 0.08855824917554855 0.06934020668268204 -0.09306741505861282 0.06385580450296402 -0.012392036616802216 0.017977554351091385 -0.05707039311528206 -0.10458848625421524 0.0957454964518547 0.07840234786272049 -0.05538268759846687 -0.11088795214891434 -0.06901668012142181 0.07832891494035721 -0.08828870207071304 -0.083340585231781 -0.10637931525707245 -0.06337613612413406 -0.01237934548407793 -0.05353466421365738 -0.09593126177787781 0.050487346947193146 -0.02058846317231655 0.009190555661916733 0.10229136794805527 -0.00857698917388916 0.09737124294042587 -0.010859660804271698 -0.021516315639019012 -0.11796972900629044 -0.10388601571321487 -0.11046575754880905 -0.12178279459476471 -0.12361122667789459 0.07915668189525604 0.021987659856677055 0.033949077129364014 0.013966764323413372 0.0381973534822464 -0.008355442434549332 -0.046798016875982285 0.06402977555990219 -0.08645091950893402 0.0589413121342659 0.004518013913184404 0.028411436825990677 0.060605622828006744 -0.06328388303518295 0.06508568674325943 0.0561133436858654 -0.05306652933359146 0.042069096118211746 -0.028867898508906364 -0.07675906270742416 0.013745436444878578 0.10512614995241165 0.032342202961444855 -0.11178853362798691 0.023586224764585495 -0.11803197115659714 -0.14884965121746063 -0.0857190191745758 -0.08669467270374298 -0.13187405467033386 -0.03081117570400238 0.05935097858309746 0.059565622359514236 -0.04285678267478943 0.024028576910495758 0.06458780169487 -0.012122104875743389 0.024996640160679817 0.09549805521965027 0.09652752429246902 0.08823873102664948 -0.08162567764520645 0.10913863033056259 0.07024412602186203 0.1120108813047409 0.028331737965345383 -0.07629349082708359 -0.06484967470169067 0.08205655217170715 0.05274730920791626 -0.10155443847179413 0.007127243559807539 -0.051488351076841354 0.022356361150741577 0.009528420865535736 0.027532896026968956 -0.024178247898817062 0.05545928701758385 -0.08869673311710358 0.11726657301187515 0.08452843129634857 -0.010312489233911037 0.08266080915927887 -0.08604075014591217 0.06882690638303757 0.04831108823418617 0.10058093070983887 0.03879306837916374 0.14007563889026642 -0.08339697867631912 0.12264946103096008 -0.0541151687502861 0.00851514283567667 0.07776570320129395 0.0233218502253294 0.023235401138663292 0.1260460466146469 0.09512370079755783 0.09825792908668518 0.08441829681396484 0.04304007813334465 -0.08985733240842819 0.11429458856582642 -0.07303018122911453 -0.04394993931055069 0.020857539027929306 0.02253749780356884 0.0368078276515007 0.08771704882383347 0.030610958114266396 0.08450276404619217 0.02507532574236393 0.009561622515320778 0.080487459897995 0.03911862522363663 -0.0014900114620104432 0.042934615164995193 -0.009676745161414146 -0.001028489670716226 0.05299859121441841 0.05670900270342827 0.0543992817401886 0.08616770058870316 0.03418424353003502 0.0395456962287426 0.01204969733953476 0.04845705255866051 0.09079520404338837 0.01001742109656334 0.07040339708328247 0.08007605373859406 0.06772839277982712 0.10433491319417953 0.0908939316868782 0.0804741382598877 0.02419527992606163 0.09949647635221481 0.037142954766750336 0.10447436571121216 -0.03061443381011486 0.07809888571500778 -0.006503981538116932 0.038317639380693436 0.03872634842991829 -0.016804164275527 0.09250010550022125 -0.004798608366400003 0.054389260709285736 0.019476762041449547 0.04669084772467613 0.017408080399036407 0.10789604485034943 0.001737347338348627 0.030175574123859406 0.06361151486635208 0.08227476477622986 0.06732233613729477 0.025478871539235115 -0.007501167245209217 0.020072264596819878 0.040711987763643265 0.05714265629649162 0.12214403599500656 0.09063247591257095 0.13816294074058533 0.08138767629861832 0.03613793104887009 -0.013609274290502071 0.06789117306470871 -0.04930003359913826 -0.08463321626186371 -0.049454979598522186 0.08449700474739075 -0.12445918470621109 0.0176710058003664 -0.045269690454006195 -0.035724326968193054 0.05282840132713318 0.003661382244899869 -0.005154830403625965 -0.06086733564734459 -0.0700603649020195 -0.011034075170755386 0.001371298567391932 -0.05933067575097084 -0.09207551926374435 0.11159680783748627 0.09666908532381058 0.09857442229986191 -0.05268445611000061 -0.03288862481713295 -0.008190982975065708 -0.0020740004256367683 0.10413825511932373 0.014160364866256714 0.10161194205284119 -0.02799224853515625 0.08727852255105972 0.05034847557544708 0.03841712325811386 0.0783357098698616 0.06438817828893661 -0.04075776785612106 0.06728336960077286 0.00923677533864975 0.08587547391653061 0.10093550384044647 0.07767179608345032 0.1007106751203537 -0.058404114097356796 -0.05608167126774788 -0.08369927108287811 -0.07637400925159454 0.013362588360905647 0.02807553857564926 0.05878688767552376 0.04076158255338669 -0.00685860775411129 0.00031842803582549095 0.06754575669765472 -0.026491237804293633 -0.008700879290699959 0.02680230513215065 -0.01198622491210699 -0.0027184486389160156 0.0028666064608842134 0.0349869467318058 0.046648427844047546 0.006841563619673252 -0.0333445705473423 0.023153772577643394 0.017978396266698837 0.042726725339889526 0.020303579047322273 -0.0038576447404921055 -0.0019781426526606083 -0.020629191771149635 0.16720876097679138 0.036284491419792175 0.09643363952636719 0.03266696259379387 0.11371293663978577 0.07329181581735611 0.08240091055631638 -0.10607142746448517 -0.08408205211162567 -0.018058402463793755 -0.038688670843839645 -0.031565114855766296 0.011850493028759956 -0.12780329585075378 0.016147220507264137 0.08528617769479752 -0.06223888695240021 -0.13089340925216675 -0.018259750679135323 0.04335598647594452 -0.05130666494369507 -0.11756404489278793 0.06574683636426926 -0.1063590943813324 0.009470753371715546 0.00540844677016139 -0.025420140475034714 -0.14855431020259857 -0.031096866354346275 -0.059898484498262405 -0.08286945521831512 -0.1436426043510437 -0.0765669196844101 0.02613053470849991 -0.1477603316307068 0.029194459319114685 0.024823512881994247 -0.022987879812717438 0.0498049333691597 -0.07980498671531677 -0.04554552957415581 -0.046251822263002396 -0.14975914359092712 -0.0016312804073095322 0.010286368429660797 -0.13425730168819427 -0.022553838789463043 -0.013876480050384998 -0.16769270598888397 -0.1070110946893692 -0.18202155828475952 -0.13594628870487213 -0.038026999682188034 -0.15740185976028442 -0.11506518721580505 -0.0075571658089756966 -0.1523635983467102 -0.06485145539045334 -0.13461029529571533 -0.1285945028066635 -0.06868128478527069 0.05616452172398567 -0.12519434094429016 0.04556318745017052 0.04570607841014862 -0.022037550806999207 0.11586003005504608 0.13804498314857483 -0.013075376860797405 -0.07413733005523682 -0.024464869871735573 -0.1016809344291687 0.08237452805042267 -0.006808865815401077 0.09473477303981781 0.07282540947198868 0.0003167942340951413 -0.08293357491493225 -0.10432510077953339 -0.07176458835601807 -0.07428349554538727 0.04434121772646904 0.09115330874919891 0.04498860612511635 -0.03867866471409798 -0.03442046418786049 -0.06352608650922775 0.025688642635941505 -0.07191090285778046 0.02024165168404579 -0.09306871891021729 -0.04761647433042526 -0.06555402278900146 0.055011067539453506 0.013794157654047012 -0.09172982722520828 0.06500382721424103 -0.11430384963750839 0.01725880056619644 -0.039481762796640396 0.05913669243454933 -0.07635541260242462 0.046064067631959915 0.07458333671092987 -0.022314907982945442 -0.040646038949489594 -0.10171729326248169 0.021373795345425606 0.06130833178758621 0.004653207026422024 -0.06495022028684616 0.02260385826230049 -0.06929785013198853 0.0002520819252822548 0.03215884417295456 -0.04463296756148338 -0.05943214148283005 0.027406152337789536 -0.0057811676524579525 0.0832037702202797 0.0013848713133484125 0.05945315957069397 -0.06816578656435013 0.06119995564222336 0.024123577401041985 0.13874024152755737 0.04073215648531914 0.02331676334142685 -0.09802993386983871 0.04207703843712807 0.05110999196767807 0.004254980944097042 0.04124708101153374 -0.07081441581249237 -0.03748539462685585 0.07553120702505112 0.06848002970218658 0.07310880720615387 0.025537900626659393 0.008954686112701893 0.0015733070904389024 0.06881735473871231 0.09755264967679977 -0.08113467693328857 0.09385456144809723 0.0470258891582489 -0.06337598711252213 0.005200113169848919 0.013429784215986729 -0.09479497373104095 -0.10265698283910751 -0.11264080554246902 -0.04781804233789444 -0.05107325688004494 0.04157011955976486 -0.0823902115225792 -0.055410049855709076 -0.11109841614961624 0.04850931465625763 0.057129472494125366 -0.0933523178100586 -0.0616120770573616 -0.03703467547893524 -0.03260785713791847 0.03002012148499489 -0.006993367336690426 0.005520800594240427 0.018868086859583855 -0.01972060650587082 -0.005681107752025127 -0.05908872187137604 -0.01266423985362053 -0.0356522798538208 -0.08612160384654999 -0.09397779405117035 -0.06479939818382263 -0.0846157968044281 0.006888710893690586 -0.0033936717081815004 -0.061572931706905365 0.017772041261196136 -0.0202068779617548 0.0018213398288935423 -0.027805937454104424 -0.055339515209198 -0.021550336852669716 -0.06876679509878159 -0.03904750943183899 -0.0018227589316666126 -0.05005370453000069 0.000728169921785593 0.04623451083898544 -0.03696874529123306 0.04778897017240524 0.006915438920259476 0.07133883982896805 0.059844497591257095 -0.01574171520769596 0.04401134327054024 0.03601699694991112 0.032354582101106644 -0.05965710058808327 0.008873024955391884 -0.06788147240877151 -0.05403279885649681 -0.060273583978414536 0.010203218087553978 0.024811340495944023 -0.019116666167974472 0.022649012506008148 -0.04122006148099899 0.02991388738155365 -0.014364362694323063 0.010164017789065838 -0.024927297607064247 0.00986106414347887 0.01553724892437458 -0.01175705250352621 0.009948663413524628 -0.007642279379069805 0.0007821323815733194 0.011340240947902203 0.004992598667740822 0.008478991687297821 0.003711481112986803 -0.00581890856847167 -0.001922208466567099 0.005810634233057499 -0.004331693984568119 -0.0042012715712189674 -0.0031285020522773266 -0.0011598117416724563 0.004555969033390284 0.006647760048508644 -0.006514109205454588 -0.006296094972640276 0.004149029031395912 0.002813700120896101 -0.005959958769381046 0.002744741039350629 -0.010745521634817123 -0.010569047182798386 -0.0018562317127361894 0.0015306719578802586 -0.001356627675704658 0.01752742938697338 0.010453407652676105 0.0005609300569631159 -0.0011568570043891668 -0.0005802458035759628 0.01395559124648571 -0.003963703289628029 -0.005880019161850214 -0.05933995172381401 -0.04577399790287018 0.12590423226356506 0.14523890614509583 0.07384471595287323 -0.08631901443004608 0.07641772925853729 -0.0017251769313588738 -0.05104491487145424 -0.08822347968816757 -0.08614838123321533 -0.09360978752374649 0.033768728375434875 -0.04987722635269165 0.03720173239707947 0.05776757001876831 0.041347067803144455 -0.013006600551307201 -0.08209911733865738 0.034140363335609436 0.04754018038511276 0.03642621636390686 0.0600791797041893 0.04489029198884964 0.06093534454703331 -0.0439545139670372 -0.0650477260351181 -0.038506511598825455 -0.03691333904862404 -0.00622915755957365 -0.06191713735461235 -0.02288517914712429 -0.057010624557733536 -0.008244073018431664 0.06523797661066055 0.0424833707511425 -0.0707736536860466 0.05436455085873604 -0.021099427714943886 0.06799083948135376 -0.03251563757658005 -0.0670873150229454 0.07538634538650513 -0.08731668442487717 0.07938756048679352 0.05765078216791153 -0.020066846162080765 0.023347968235611916 0.029977906495332718 -0.016352681443095207 0.015862097963690758 0.03263801336288452 0.023893484845757484 0.03250231593847275 0.020324399694800377 -0.07518012076616287 -0.04208652675151825 -0.05423324555158615 0.03393283486366272 -0.04099787026643753 0.0748939961194992 -0.039596833288669586 0.008639282546937466 -0.022090643644332886 -0.009717459790408611 0.012619692832231522 0.09072121232748032 0.04169774428009987 0.172685906291008 0.028827976435422897 0.0658205896615982 0.030019156634807587 0.029311414808034897 0.1285369098186493 0.06642425060272217 -0.03243175894021988 0.002847961150109768 0.001073899446055293 0.041250694543123245 -0.06253081560134888 0.01774190366268158 0.08535540848970413 0.027637919411063194 -0.07016849517822266 0.0779203251004219 0.022011667490005493 0.0047340975143015385 -0.03318784385919571 0.028325479477643967 -0.07723309099674225 -0.016745533794164658 -0.06282517313957214 -0.06703639775514603 -0.05136170610785484 -0.011053941212594509 -0.08493301272392273 -0.06509979814291 -0.06356889009475708 0.008982205763459206 -0.04177284240722656 -0.024319471791386604 -0.04615161940455437 -0.001503206673078239 -0.03984569385647774 -0.026928359642624855 -0.043457236140966415 -0.02586561255156994 0.033975422382354736 0.032875221222639084 -0.033961497247219086 -0.041132617741823196 -0.025006793439388275 -0.0015620560152456164 -0.03519969806075096 -0.016037115827202797 0.018918339163064957 -0.022477688267827034 -0.03547358140349388 -0.030606064945459366 -0.022567017003893852 -0.008400104939937592 -0.011101778596639633 -0.019927924498915672 -0.005332420580089092 -0.004204290919005871 -0.009293029084801674 -0.026731202378869057 -0.021979814395308495 -0.039961326867341995 0.009245045483112335 -0.01954573765397072 0.040981393307447433 -0.026431428268551826 0.010109473019838333 0.08050481230020523 -0.11808175593614578 0.02823674865067005 0.04068596661090851 0.07010063529014587 0.0852726474404335 -0.02979135699570179 -0.04727219045162201 -0.10561662912368774 -0.049870070070028305 0.038588572293519974 -0.07696221023797989 -0.06511113792657852 -0.0006871281075291336 0.07078046351671219 0.08035343140363693 0.07779345661401749 0.08935541659593582 -0.07702241837978363 0.05413160100579262 0.07278329879045486 0.04518664628267288 0.004910471849143505 -0.056822728365659714 -0.003900117939338088 -0.044332414865493774 0.0008867939468473196 0.06783722341060638 0.03900725767016411 0.05129038915038109 -0.07995019853115082 0.04717220366001129 0.05064379796385765 0.012821092270314693 0.06213090196251869 -0.09952431917190552 0.07056069374084473 0.09015852212905884 -0.10458311438560486 0.023180117830634117 0.09600742161273956 0.10757803916931152 -0.09028550982475281 0.08703307062387466 0.033097874373197556 0.009458559565246105 0.0030694296583533287 -0.03368433564901352 0.008564325049519539 -0.04642969369888306 0.07650844007730484 0.030360594391822815 -0.039534833282232285 0.08551529049873352 0.05828537419438362 0.07097353786230087 0.02983691170811653 0.0877295657992363 -0.13107076287269592 0.038118455559015274 -0.008094246499240398 -0.10200299322605133 -0.12350674718618393 0.023823993280529976 -0.05387327820062637 0.11263858526945114 0.07235480099916458 -0.05646417662501335 -0.11173661053180695 -0.08948905020952225 -0.043575119227170944 -0.07898468524217606 -0.05417661368846893 0.08291453868150711 -0.0003248076536692679 0.058146435767412186 -0.090499646961689 -0.003198241116479039 0.06388573348522186 -0.03337046131491661 -0.024487309157848358 0.07296113669872284 0.06102312356233597 0.014029932208359241 0.10417628288269043 -0.07248756289482117 0.06519336253404617 0.024622023105621338 0.02162374183535576 0.05513802170753479 -0.06504237651824951 0.10028281062841415 0.04638119041919708 -0.08056414127349854 -0.019956253468990326 -0.0664081871509552 0.020190371200442314 0.0363997258245945 0.0433289110660553 0.10060913115739822 0.0335472896695137 0.009026873856782913 0.009673144668340683 0.058415427803993225 0.08212128281593323 -0.028021158650517464 -0.008655696175992489 0.06351363658905029 -0.0073141902685165405 0.1141042411327362 0.03694451227784157 0.008904858492314816 -0.021978752687573433 0.07740452140569687 0.11195505410432816 -0.031203193590044975 -0.06932637095451355 0.022895572707057 -0.05065194517374039 0.10601603239774704 -0.020254017785191536 0.017357686534523964 -0.065990149974823 0.07485323399305344 -0.12483835965394974 -0.16735360026359558 0.0012453049421310425 -0.014993666671216488 0.048741038888692856 -0.1214708462357521 0.032881591469049454 -0.09186522662639618 -0.06846559047698975 0.03644247725605965 -0.06036163866519928 -0.10522845387458801 -0.022141233086586 -0.08318112045526505 0.036425743252038956 -0.07041149586439133 0.12838855385780334 0.05872214213013649 -0.047763641923666 0.05885972082614899 0.07789288461208344 0.10090717673301697 0.05767003074288368 0.10104282200336456 -0.04769603908061981 0.09344106912612915 0.03562794625759125 -0.09166733920574188 -0.07530234754085541 0.06406499445438385 0.043405696749687195 -0.057092830538749695 0.08544910699129105 -0.04150044173002243 0.10285866260528564 -0.05534428730607033 0.015462354756891727 0.08539789170026779 0.1279875934123993 -0.049253690987825394 0.08633928745985031 0.07796388119459152 0.040573690086603165 0.04451411962509155 0.00202579447068274 0.1480035036802292 0.15587930381298065 0.11892858147621155 0.1498340517282486 0.08718241751194 0.1307944804430008 0.1047782152891159 0.00018424044537823647 0.11044812202453613 0.0677233338356018 0.04096046835184097 -0.028095243498682976 0.11241158843040466 -0.05073269084095955 0.05384112522006035 0.07853508740663528 -0.043497830629348755 0.004553082399070263 -0.1092500388622284 -0.09028694033622742 -0.06234082952141762 -0.039054013788700104 -0.04651058092713356 -0.047590211033821106 0.07251999527215958 -0.11599911749362946 0.10633978992700577 0.006017383653670549 0.08767364919185638 -0.02389298938214779 0.031672436743974686 -0.05672457814216614 0.11559104919433594 0.11596062034368515 0.08454078435897827 0.005727285053580999 -0.08112967759370804 -0.09947287291288376 0.0033083362504839897 0.09113191813230515 0.062096141278743744 -0.003729385556653142 0.0313311442732811 0.10425075888633728 -0.036007530987262726 -0.07987737655639648 0.03118128888309002 -0.018722178414463997 0.08775360882282257 0.021415356546640396 -0.08904068171977997 -0.02964218147099018 0.020885534584522247 0.06365595757961273 -0.07293536514043808 0.0884997546672821 0.009428109042346478 -0.0769324004650116 -0.018192309886217117 0.09568843245506287 0.09835673123598099 0.06956839561462402 -0.042948782444000244 -0.06099976226687431 0.01560314279049635 0.11242121458053589 -0.05943186953663826 0.09345700591802597 -0.04836070537567139 0.06797721236944199 0.014944519847631454 0.04735406115651131 -0.0007902579382061958 0.0179681908339262 -0.023093396797776222 0.04742484539747238 0.03143537417054176 0.0302566010504961 -0.009994901716709137 0.06561142206192017 -0.01695079728960991 0.04345717281103134 0.011991078965365887 -0.0525396354496479 -0.16694208979606628 -0.13807140290737152 -0.11093787848949432 -0.10418803989887238 -0.11087576299905777 0.08599956333637238 0.06083260476589203 -0.06558135151863098 0.12083931267261505 -0.06216307729482651 0.08435246348381042 0.08617693930864334 -0.07420402765274048 0.10408481955528259 -0.09166232496500015 0.026019828394055367 -0.025918742641806602 0.10044330358505249 -0.00401664711534977 -0.09570987522602081 -0.045202337205410004 0.08378424495458603 0.06359881162643433 0.033696457743644714 -0.009700925089418888 0.11379716545343399 0.031672704964876175 0.02469670958817005 0.023975541815161705 0.08518355339765549 0.04201951622962952 0.0774986520409584 0.04892374202609062 -0.031653303653001785 0.09926825016736984 0.01022428646683693 0.07148852199316025 0.04930661618709564 -0.06683988124132156 -0.0040627820417284966 -0.029855694621801376 0.010847457684576511 -0.028014082461595535 0.03965095058083534 -0.019982287660241127 -0.015682755038142204 0.1058710366487503 0.00669563515111804 0.02659766376018524 0.029106181114912033 0.05100007727742195 0.060046758502721786 -0.06889382004737854 -0.0385236032307148 0.04192347824573517 0.05409141257405281 0.059200990945100784 0.01121254451572895 -0.005025151185691357 -0.06046897917985916 0.014467436820268631 -0.09621688723564148 0.08163490891456604 0.09321355074644089 0.049687087535858154 0.12524005770683289 -0.05408073961734772 0.019628074020147324 -0.06133796647191048 -0.03398720547556877 -0.07993579655885696 -0.0029531202744692564 -0.041557665914297104 -0.0003075754502788186 -0.04107452183961868 0.010476102121174335 -0.03603294864296913 0.1173824667930603 -0.05392632260918617 0.0939793512225151 -0.002336055738851428 -0.0019015492871403694 -0.04882349073886871 0.055575788021087646 -0.06359174102544785 0.001092103193514049 -0.10157311707735062 0.08775201439857483 -0.08264225721359253 0.023437414318323135 -0.07567688077688217 0.08814479410648346 0.010823318734765053 0.08539386093616486 0.020317355170845985 -0.02334829606115818 0.051931556314229965 -0.018295764923095703 0.008264941163361073 -0.08466969430446625 -0.06471922993659973 -0.020026760175824165 -0.09611950069665909 -0.019174158573150635 0.042227890342473984 -0.006825161166489124 -0.03459331393241882 -0.05763842165470123 0.05158011615276337 -0.04626638814806938 -0.03844434767961502 -0.08226779103279114 -0.06098645552992821 -0.10399088263511658 -0.07656319439411163 -0.09630472213029861 -0.007286685984581709 0.0263650082051754 -0.04307034984230995 0.03218875452876091 0.009310060180723667 -0.03487372770905495 -0.08916491270065308 -0.04413989558815956 0.0035316047724336386 0.02517627738416195 -0.04277278110384941 -0.03303569182753563 -0.03006962314248085 -0.01920630969107151 -0.032211899757385254 0.01433668751269579 0.08990943431854248 0.09841573238372803 0.11026597768068314 0.12461505830287933 0.06847498565912247 0.04933139681816101 0.02547348663210869 0.0660579651594162 0.010873164050281048 -0.04244805872440338 0.05248013511300087 -0.032354895025491714 -0.06389259546995163 -0.014879679307341576 -0.07173388451337814 0.06001430004835129 -0.01963152177631855 -0.045497357845306396 0.07250617444515228 -0.04323241114616394 0.08526303619146347 -0.01144923735409975 0.09623308479785919 0.0409720204770565 0.1013038381934166 0.002259784145280719 0.0005471588810905814 -0.040781427174806595 0.020553959533572197 0.06784474104642868 0.02874402143061161 -0.00889209471642971 -0.015030082315206528 0.02360876277089119 0.013456965796649456 -0.022277580574154854 0.11966396868228912 0.10173316299915314 0.005400975700467825 0.032511577010154724 0.026990750804543495 0.11229807883501053 0.11094596236944199 0.06081251800060272 0.052121032029390335 0.1127520352602005 0.028696246445178986 0.005825365893542767 0.06366445124149323 0.08151788264513016 0.011910997331142426 0.047488342970609665 0.004200422670692205 -0.03838943690061569 -0.005803573410958052 0.00620163232088089 -0.06573588401079178 0.0305173322558403 0.06505649536848068 -0.05076109245419502 0.012698293663561344 0.031206263229250908 -0.010253488086163998 -0.07450046390295029 0.01985086500644684 0.08905073255300522 0.059429608285427094 -0.043070584535598755 -0.05536835268139839 0.08432501554489136 -0.06288662552833557 0.06803657114505768 0.03138400614261627 0.04253542423248291 -0.014778329990804195 0.07018022239208221 -0.05758687108755112 0.07167623192071915 -0.06436587125062943 0.043049510568380356 -0.028546469286084175 0.08942098915576935 0.10174251347780228 0.10243048518896103 0.06834237277507782 0.03540972247719765 0.040037691593170166 -0.04023608937859535 0.038767457008361816 -0.01950303465127945 0.10169749706983566 -0.029431072995066643 -0.04536337032914162 0.06371095776557922 -0.04195130243897438 0.034742727875709534 0.008263655006885529 0.06723972409963608 0.11474161595106125 0.04509798809885979 0.11513762176036835 0.07931111007928848 0.09194980561733246 0.05716681480407715 0.034935906529426575 0.040883228182792664 0.06126672402024269 0.0013042936334386468 0.059361763298511505 0.04815715178847313 0.09685016423463821 0.019235802814364433 0.08334272354841232 0.05354581028223038 0.0635070726275444 0.03774303197860718 -0.015793610364198685 0.03701643645763397 -0.014974655583500862 -0.08266735076904297 0.02138989232480526 -0.10839127004146576 -0.0946158841252327 0.0012046401388943195 0.034753911197185516 0.09264139831066132 -0.005796202924102545 -0.10632680356502533 -0.04743920639157295 -0.00100787915289402 -0.08050313591957092 -0.040657348930835724 0.030108477920293808 -0.094495490193367 0.10975337773561478 0.12240467965602875 0.09301767498254776 0.04038660228252411 0.0007802032632753253 -0.02607489377260208 0.11289083957672119 -0.03132876753807068 -0.03623579815030098 0.12290673702955246 0.05175568908452988 0.03727061673998833 0.07689150422811508 -0.07316029071807861 -0.024729885160923004 0.06493504345417023 0.08047710359096527 -0.015386211685836315 -0.024959174916148186 -0.0545203723013401 -0.05177099257707596 -0.08266067504882812 0.00354360812343657 -0.0645984411239624 0.10269271582365036 0.0482000969350338 0.0919731929898262 0.017583372071385384 0.11283822357654572 0.060888517647981644 0.031392160803079605 0.09761597961187363 0.029042350128293037 -0.044752173125743866 0.06541953980922699 0.04303883761167526 0.08306414633989334 -0.031881023198366165 -0.05745697021484375 -0.08233223110437393 -0.01704755611717701 -0.025134311988949776 0.07667036354541779 0.08391287177801132 -0.010358049534261227 0.10628334432840347 0.034624386578798294 -0.06615809351205826 0.06407925486564636 0.006851205602288246 0.059938810765743256 0.018384162336587906 0.13427166640758514 0.12276884913444519 0.09488441795110703 0.03665050491690636 -0.09923876821994781 -0.06061272323131561 0.09073903411626816 0.003435262944549322 -0.06988736242055893 -0.08094414323568344 -0.016869820654392242 0.06854795664548874 -0.02400404028594494 -0.03731146454811096 0.008290818892419338 -0.09035436064004898 0.06505542993545532 0.0910012349486351 -0.05173404514789581 -0.06880925595760345 0.036055322736501694 -0.02578030899167061 0.05729508399963379 -0.023354263976216316 0.07006505876779556 -0.08586537092924118 -0.060691606253385544 0.07923723757266998 -0.08449028432369232 0.0176314078271389 0.0895845964550972 0.10599257051944733 0.07616882771253586 0.06559134274721146 0.06168094649910927 -0.006744245532900095 0.10700800269842148 -0.01293346006423235 -0.028199806809425354 0.005599129479378462 -0.06484076380729675 0.05541814863681793 -0.036398839205503464 0.027709199115633965 0.06765759736299515 -0.07353565841913223 0.0671788901090622 0.029964476823806763 -0.09084834158420563 -0.08724071085453033 -0.08073639124631882 0.0030645723454654217 -0.10668519884347916 -0.05046305060386658 -0.007437470834702253 -0.10247879475355148 -0.08581017702817917 -0.0749741941690445 0.030181750655174255 0.023888753727078438 -0.03681611642241478 -0.037888672202825546 -0.06900867074728012 -0.05662836879491806 0.06252333521842957 -0.04981108754873276 -0.11902802437543869 -0.0036483847070485353 0.0023648464120924473 0.06867334246635437 0.06361327320337296 -0.09015263617038727 -0.020650461316108704 -0.10600263625383377 -0.014173864386975765 -0.06863439828157425 -0.07592155039310455 -0.04440515860915184 -0.01793408952653408 0.048148322850465775 -0.02361241541802883 0.11622597277164459 -0.03390408307313919 -0.09010414034128189 -0.003415467916056514 0.09602882713079453 0.017349516972899437 0.02438523806631565 0.011862317100167274 0.08522741496562958 -0.10695070028305054 0.0780671238899231 -0.10301420092582703 0.07919121533632278 0.08785764873027802 0.02470654435455799 0.10266873240470886 0.06879902631044388 0.09803497046232224 -0.03341390937566757 0.03735530748963356 0.10690479725599289 0.10308791697025299 0.10122526437044144 0.10945073515176773 0.04441794008016586 0.03175961598753929 -0.01713140308856964 0.0739765539765358 0.01580694504082203 -0.05239134281873703 0.11662950366735458 0.11338783800601959 0.059518806636333466 0.06419654190540314 0.039657112210989 0.03142325580120087 0.10286913067102432 0.1147681474685669 -0.006204590667039156 -0.0469045415520668 0.02585330791771412 0.02457071840763092 -0.03162984922528267 -0.0017752451822161674 -0.03324834629893303 0.0005181415472179651 0.11398597806692123 0.07793606072664261 0.012309981510043144 0.04788379371166229 0.07635335624217987 0.03193280100822449 0.10683708637952805 -0.05819876119494438 -0.10542124509811401 -0.06751947849988937 -0.05343485623598099 0.013006019406020641 0.022933155298233032 -0.11131418496370316 -0.12962284684181213 0.09621798992156982 -0.0031115624587982893 -0.12380429357290268 -0.036806877702474594 -0.12094061076641083 -0.10811933875083923 -0.017490923404693604 -0.12219276279211044 -0.07043806463479996 0.049767982214689255 0.08028200268745422 -0.12632672488689423 -0.004266066942363977 -0.1214292049407959 0.05320088937878609 -0.009205672889947891 -0.07530367374420166 0.07152660936117172 -0.05372985452413559 0.029284438118338585 -0.09155206382274628 -0.11034275591373444 -0.14566150307655334 -0.16954700648784637 -0.09503977000713348 0.0029492280445992947 -0.11286436766386032 -0.08644752949476242 -0.12157006561756134 -0.12032821029424667 -0.14454102516174316 -0.14343121647834778 -0.12341982126235962 -0.12134616076946259 -0.08434782922267914 -0.1739252358675003 -0.028216883540153503 -0.07366233319044113 0.030460204929113388 -0.07578887790441513 -0.18818658590316772 -0.09503445774316788 -0.10812997072935104 -0.023282714188098907 -0.009373567998409271 -0.12281526625156403 -0.046709850430488586 0.04499942064285278 -0.13894116878509521 -0.16400782763957977 -0.08030736446380615 -0.023074466735124588 -0.03801414370536804 -0.0211550984531641 -0.1394670605659485 0.008792399428784847 -0.05091322958469391 0.0855577364563942 0.014467544853687286 -0.028592843562364578 0.023892804980278015 0.11180054396390915 -0.05960245802998543 0.10107144713401794 -0.020930420607328415 0.09854239225387573 -0.05207255482673645 -0.02075031027197838 0.07409567385911942 -0.018738074228167534 0.06355508416891098 0.045703284442424774 0.10509252548217773 -0.09840352088212967 0.10510286688804626 -0.04751776531338692 0.06256098300218582 0.11063249409198761 0.051336947828531265 -0.10871784389019012 0.08619161695241928 -0.08452367037534714 0.06600973755121231 -0.04159191995859146 0.06714454293251038 -0.07329320162534714 -0.03779398649930954 0.03548668324947357 -0.0002732243447098881 0.11581696569919586 0.08451101183891296 -0.015016519464552402 -0.10141542553901672 -0.06230182200670242 -0.05957905575633049 0.10485025495290756 0.10534749925136566 -0.08925137668848038 -0.06757263094186783 -0.08116772770881653 0.051813919097185135 0.025696055963635445 -0.02561964839696884 0.0841730535030365 0.037184927612543106 -0.030073417350649834 -0.0756421908736229 0.07303622364997864 0.10000725835561752 0.020228009670972824 -0.04279574379324913 -0.029168834909796715 -0.033317361027002335 0.08270830661058426 0.08062885701656342 -0.0698283314704895 -0.027037005871534348 0.04943032190203667 -0.016363874077796936 -0.027763936668634415 0.02004903554916382 0.06459428369998932 -0.05421934649348259 0.07323791086673737 -0.042519453912973404 -0.02898833155632019 0.03311581909656525 -0.02799820527434349 -0.051308415830135345 0.07566289603710175 0.027798283845186234 0.04259664565324783 0.03342995420098305 -0.029154639691114426 -0.08710865676403046 0.025914011523127556 0.08243486285209656 0.08550321310758591 0.020261893048882484 -0.09231513738632202 -0.061130523681640625 -0.09704157710075378 0.08269616961479187 -0.053994279354810715 -0.03268558904528618 0.021679077297449112 0.009803793393075466 -0.0638575404882431 -0.07298621535301208 0.014242230914533138 0.06936363130807877 0.05320411175489426 0.010513349436223507 -0.04271704703569412 0.08128219097852707 0.06737267225980759 0.02728911116719246 0.0006622776854783297 0.06559731066226959 -0.023745784536004066 -0.004555636551231146 -0.09085185080766678 -0.07220135629177094 0.04624449834227562 -0.028238870203495026 -0.00654332572594285 0.0012876272667199373 -0.017924970015883446 0.013140839524567127 -0.0037050112150609493 0.00935492105782032 -0.012548764236271381 -0.018759043887257576 -0.007319048512727022 -0.011502411216497421 0.016216546297073364 0.015747390687465668 0.11742542684078217 -0.12319544702768326 -0.11769309639930725 -0.06830456107854843 -0.030788645148277283 -0.12834611535072327 0.019738756120204926 -0.12656132876873016 0.07361719757318497 -0.09246860444545746 -0.07635137438774109 0.09245719760656357 0.07703274488449097 0.12593738734722137 -0.0031860347371548414 -0.08009032905101776 0.07457393407821655 -0.023074425756931305 0.0033606321085244417 0.06730945408344269 0.12985847890377045 0.0935203954577446 -0.0284908264875412 -0.09053599834442139 0.027565227821469307 0.07118968665599823 -0.05376372113823891 0.10186132788658142 0.09235179424285889 -0.0408870130777359 0.020812593400478363 0.017574431374669075 -0.030516471713781357 0.12428956478834152 0.03790871053934097 -0.052736856043338776 -0.0021780459210276604 0.11849729716777802 0.023764852434396744 -0.06597188860177994 0.05583333969116211 0.07909103482961655 -0.08326447010040283 0.015161468647420406 0.0046316469088196754 -0.01814131811261177 -0.02170339971780777 0.047533247619867325 0.09211833029985428 0.007003773469477892 -0.06450122594833374 -0.001026454265229404 0.07717295736074448 0.016362424939870834 -0.04427669569849968 -0.06698446720838547 0.003564764279872179 0.02051180601119995 0.021440329030156136 0.012150952592492104 0.09110638499259949 0.025062009692192078 0.07538038492202759 0.07962639629840851 -0.10946127772331238 -0.11025606095790863 -0.1143084242939949 -0.08009357750415802 0.014707612805068493 -0.13020718097686768 -0.07960081845521927 0.0005388135323300958 -0.058587197214365005 -0.00023050107120070606 -0.038471583276987076 -0.03144275024533272 -0.04800066724419594 0.10859386622905731 -0.04963286593556404 0.023656610399484634 0.060297660529613495 0.006618593819439411 -0.043174970895051956 -0.11750688403844833 0.0036453281063586473 -0.02913844771683216 -0.09966437518596649 -0.024997541680932045 0.1112905740737915 0.07860507816076279 0.04237871244549751 -0.0763128474354744 -0.007237080484628677 -0.07908972352743149 -0.002134529408067465 0.023886768147349358 -0.09810438752174377 -0.027773575857281685 0.00993588287383318 -0.08473365008831024 0.07614921033382416 0.029345685616135597 0.045164354145526886 -0.06375188380479813 0.0011446927674114704 0.03318001329898834 0.14127299189567566 0.042342424392700195 -0.06585504114627838 0.11596207320690155 0.005780870094895363 -0.04441992565989494 -0.07742157578468323 0.007240146864205599 0.10968705266714096 0.05621722713112831 0.009524324908852577 0.11762125045061111 0.01159362681210041 0.11841311305761337 -0.05795397236943245 -0.0740131363272667 0.08534770458936691 -0.05491252988576889 -0.008074415847659111 0.06801941990852356 0.08270478248596191 0.013138523325324059 -0.16733534634113312 0.06022920832037926 -0.08222238719463348 -0.09046708792448044 -0.09566608816385269 0.024664144963026047 -0.04690484330058098 -0.07553581148386002 -0.13426007330417633 -0.036037471145391464 -0.09524808079004288 0.04314765706658363 0.09748325496912003 0.06124003231525421 0.10272955894470215 -0.09436888247728348 -0.04158297926187515 -0.038940660655498505 -0.014945397153496742 0.06377411633729935 0.010036864317953587 0.07414045929908752 -0.04639086499810219 -0.10244133323431015 0.08610313385725021 0.11127199977636337 -0.027699973434209824 0.05834083631634712 -0.013806012459099293 0.04345550015568733 0.015314824879169464 0.03664063289761543 0.00519753759726882 -0.08328156918287277 0.12837053835391998 0.08582921326160431 0.07290536165237427 0.08504650741815567 0.10448077321052551 -0.02447495236992836 0.06635835021734238 0.05385488271713257 0.06881684064865112 -0.0005765176611021161 -0.05686059221625328 -0.0221736840903759 0.015590328723192215 0.10057459026575089 0.0610819011926651 0.10955409705638885 0.046119458973407745 0.12011095136404037 -0.05365033820271492 0.004500819370150566 -0.0745633989572525 0.06683062016963959 0.10602667927742004 0.002528298180550337 0.0885889008641243 0.0012626266106963158 -0.07423447072505951 0.005861794576048851 -0.022606821730732918 -0.09602487087249756 0.05013491213321686 0.013390894047915936 0.0025859875604510307 -0.02225753851234913 -0.047832079231739044 0.08044791966676712 0.020099688321352005 -0.01203970704227686 -0.06459832936525345 -0.07051102817058563 0.0898987203836441 0.09208361804485321 0.06156391650438309 0.0005694665014743805 -0.0598481111228466 0.06515438109636307 -0.041731663048267365 -0.024608511477708817 0.0011677943402901292 0.10601864010095596 -0.03156546130776405 0.04528325796127319 -0.07721677422523499 -0.05171027034521103 0.00517239049077034 0.0627051591873169 0.09947394579648972 0.03339511156082153 -0.09480904787778854 0.09078594297170639 0.013826956041157246 -0.020653123036026955 -0.005345421377569437 -0.0507955327630043 -0.08018332719802856 -0.04028838872909546 -0.014100374653935432 -0.06411050260066986 0.09724441170692444 0.016721172258257866 0.09919381141662598 0.051407527178525925 0.016683362424373627 -0.029733043164014816 -0.02292829565703869 0.04956763982772827 -0.001755253761075437 -0.020073233172297478 0.06311220675706863 0.08431102335453033 0.04981226846575737 0.10132239758968353 0.050938013941049576 -0.02855619043111801 0.10070311278104782 0.08139277994632721 -0.007875405251979828 0.038085147738456726 -0.01192990317940712 0.032544273883104324 0.04020383581519127 0.08755136281251907 -0.05552031844854355 0.02028413489460945 0.07454416155815125 0.07915040850639343 -0.058833714574575424 -0.1251155287027359 0.0806933045387268 -0.04333769530057907 0.02679884061217308 -0.05572282150387764 0.053009629249572754 -0.029832620173692703 0.08413960784673691 0.04904068261384964 -0.09638150781393051 -0.05098242312669754 0.025479666888713837 -0.08458816260099411 0.027653802186250687 -0.04556034877896309 0.09126608073711395 -0.0521526001393795 -0.035964902490377426 -0.041451554745435715 0.004136511590331793 -0.05496532469987869 0.06285462528467178 0.10069859027862549 0.09173376858234406 0.007858228869736195 -0.029646066948771477 -0.008247148245573044 -0.08091669529676437 0.004345785826444626 -0.03805668652057648 0.08737349510192871 0.04215659946203232 0.02440495230257511 0.007473838981240988 0.032989151775836945 -0.047418639063835144 0.017405863851308823 -0.011634502559900284 -0.060113921761512756 0.02406703308224678 0.06336183100938797 -0.04842927306890488 -0.03018403798341751 -0.05882810428738594 0.05651204660534859 0.021056003868579865 -0.043333955109119415 -0.005619787145406008 -0.03351301699876785 -0.0431797094643116 -0.009039944969117641 0.030385971069335938 0.06439916044473648 -0.0010809698142111301 -0.01495412364602089 -0.03190535306930542 0.015585931949317455 0.0700984001159668 0.010628152638673782 0.03587622195482254 -0.017844272777438164 0.1815582662820816 0.13159413635730743 0.09734411537647247 -0.0013999580405652523 -0.05207731947302818 -0.03643973916769028 -0.06654747575521469 0.04128703474998474 0.035096876323223114 -0.08705981075763702 0.012453395873308182 0.05042221397161484 0.10236808657646179 0.027383318170905113 0.04446776583790779 0.0011161818401888013 0.08524751663208008 -0.08967914432287216 0.007703255396336317 0.11114465445280075 -0.056312642991542816 0.03602703660726547 0.0649431124329567 -0.07870940119028091 -0.09951000660657883 -0.012723156251013279 -0.08212362974882126 0.09638138115406036 -0.10570361465215683 0.05095073953270912 0.0747632086277008 0.009753069840371609 -0.09245406091213226 -0.13066956400871277 -0.04941096156835556 -0.07050144672393799 -0.07070878148078918 -0.06686142832040787 -0.050284191966056824 -0.07527235895395279 -0.04538491740822792 0.04229477792978287 0.02257823757827282 -0.10019824653863907 0.0034865266643464565 -0.0582784041762352 -0.08771823346614838 0.011218109168112278 -0.13079261779785156 -0.0035597688984125853 -0.09537480026483536 -0.12876372039318085 -0.03452691063284874 -0.0724998340010643 -0.1118982806801796 -0.04930155351758003 -0.06157049909234047 -0.043931666761636734 -0.03123907931149006 -0.021567223593592644 -0.06333338469266891 -0.0997883751988411 -0.024037806317210197 -0.06796707212924957 -0.10371014475822449 -0.06456376612186432 -0.09480136632919312 -0.07463493943214417 0.10790088772773743 0.03393930196762085 0.09275870025157928 0.06337285786867142 0.04407479614019394 0.04527367278933525 0.0834473967552185 -0.007913073524832726 -0.06100989505648613 0.07502011954784393 0.0904131680727005 -0.02683878317475319 0.0754944309592247 0.12453543394804001 -0.03299036994576454 -0.014618461951613426 0.027652418240904808 0.06437572091817856 -0.031600017100572586 0.011670518666505814 -0.020116999745368958 -0.0830543041229248 0.034526802599430084 0.05433915555477142 0.016840500757098198 0.05230388417840004 0.07916147261857986 0.05690653249621391 0.023470070213079453 -0.04469073563814163 0.017105193808674812 -0.06601502746343613 0.03923474997282028 0.06476321816444397 0.06108725443482399 -0.06101318076252937 -0.01642203889787197 0.01423938013613224 0.0681891143321991 0.00015597361198160797 0.006684629246592522 -0.030277960002422333 -0.011829933151602745 0.013879685662686825 -0.04961748793721199 -0.023049496114253998 -0.014306235127151012 0.01734365150332451 -0.035531185567379 0.04715120792388916 -0.051509276032447815 0.03494676947593689 0.004208481404930353 0.03347260504961014 -0.030764790251851082 -0.01618986576795578 -0.024719487875699997 0.04838664084672928 0.035476453602313995 0.03180554881691933 0.005371532868593931 0.018889274448156357 0.008730915375053883 0.03917892649769783 0.08117608726024628 0.09930992871522903 0.07560001313686371 -0.043117109686136246 -0.03515831381082535 0.10482348501682281 0.018496841192245483 0.09284922480583191 -0.0012824498116970062 0.00020892643078695983 0.09177190065383911 -0.03806111961603165 0.0443529412150383 0.0427096001803875 -0.008953061886131763 0.004261802416294813 -0.02833753079175949 -0.012985777109861374 -0.01677597314119339 0.07954742759466171 0.07091647386550903 -0.06762401014566422 0.028517751023173332 -0.016869405284523964 0.07604683190584183 0.07122043520212173 -0.03389688953757286 0.046015579253435135 0.08219654113054276 0.008326049894094467 -0.017532099038362503 -0.03210848942399025 -0.021094702184200287 0.07810015976428986 -0.020590556785464287 0.04255664348602295 -0.055348221212625504 -0.021573275327682495 0.07511896640062332 -0.021821044385433197 0.04659495875239372 -0.07669758051633835 0.05674915015697479 0.015370950102806091 -0.024246685206890106 -0.020529743283987045 -0.028487903997302055 0.04659831523895264 0.024712160229682922 -0.06333136558532715 -0.00533314049243927 -0.026764104142785072 -0.057310789823532104 -0.027271943166851997 -0.07061595469713211 -0.034725289791822433 0.03226559981703758 0.06932662427425385 0.08582611382007599 0.06153886020183563 -0.0435650534927845 -0.10439062118530273 0.04438028484582901 -0.027409937232732773 -0.03415443375706673 -0.14186634123325348 0.01895308494567871 -0.031013494357466698 -0.06034361571073532 -0.03074733540415764 -0.1040017157793045 -0.11392643302679062 0.0579659678041935 0.06500895321369171 0.0029264355544000864 -0.0771234855055809 -0.03777937963604927 -0.07786821573972702 0.03764300048351288 -0.04895174130797386 0.11480681598186493 0.08657702058553696 0.03595444932579994 -0.06762448698282242 0.06918423622846603 0.04708339273929596 -0.07470831274986267 0.10842979699373245 -0.01915830746293068 0.11019469797611237 -0.03566305711865425 0.09959343075752258 -0.04596513509750366 -0.005581332370638847 -0.0809069350361824 0.11799433827400208 -0.053250595927238464 -0.03071492724120617 0.07398431748151779 -0.0660463497042656 -0.023293398320674896 0.008333824574947357 0.08047708868980408 -0.00676751509308815 0.03546130284667015 0.06213970109820366 0.01740577258169651 -0.008295124396681786 0.04733411222696304 0.02077389508485794 -0.020190291106700897 0.016908422112464905 -0.031109318137168884 0.04851466044783592 0.024821901693940163 -0.058292269706726074 0.06912907212972641 -0.05263017490506172 -0.015850232914090157 0.1012614443898201 -0.028709955513477325 -0.028957709670066833 0.050559159368276596 -0.006095523945987225 -0.08734436333179474 0.03860108181834221 -0.0756896510720253 -0.08426561206579208 -0.12582293152809143 0.005358283873647451 -0.00854423176497221 0.07925983518362045 0.08137562870979309 0.057044368237257004 -0.06930165737867355 -0.12675286829471588 -0.07495938986539841 -0.026174817234277725 0.11334295570850372 0.0903298407793045 0.058985885232686996 -0.0571320578455925 -0.04542506858706474 0.08847961574792862 -0.04238921031355858 -0.06350013613700867 0.05740722268819809 -0.10518988221883774 0.030399737879633904 -0.07734282314777374 0.08530785888433456 -0.05286891385912895 0.008855202235281467 0.08464754372835159 0.0803992748260498 0.05846619978547096 -0.012704753316938877 0.059514742344617844 0.02180425263941288 0.06187277287244797 -0.08840223401784897 0.0672958567738533 0.051117777824401855 0.08033560961484909 0.05721421167254448 0.07556714117527008 -0.02007312700152397 0.04125092923641205 0.041651733219623566 -0.08098040521144867 0.09125678986310959 0.06009494885802269 0.10739143937826157 -0.07067973166704178 0.012824184261262417 -0.11162622272968292 -0.0473686046898365 -0.008137424476444721 -0.07442458719015121 0.0041741253808140755 0.09032394737005234 -0.07746924459934235 0.032711781561374664 0.06594797223806381 -0.009311012923717499 0.0737224891781807 -0.07594045251607895 0.004222176503390074 0.052712686359882355 0.021978091448545456 0.027273472398519516 0.11771909147500992 -0.039038363844156265 -0.03524250164628029 -0.014474363997578621 -0.04601337015628815 -0.07886156439781189 0.019302112981677055 0.09186293929815292 -0.07836585491895676 0.017249736934900284 -0.03936302289366722 0.04389972239732742 -0.016592921689152718 -0.09779074788093567 -0.09558708965778351 -0.0738917887210846 -0.03881600871682167 -0.037904735654592514 -0.06962554156780243 -0.05040191486477852 0.057916309684515 -0.041390687227249146 -0.03391457349061966 -0.05579470843076706 0.07274718582630157 0.0429491251707077 -0.05515236034989357 0.08624076098203659 0.02441178262233734 -0.026370573788881302 -0.037078745663166046 -0.009365196339786053 0.0004925114917568862 0.03283749520778656 -0.1175222098827362 -0.09438728541135788 -0.13043957948684692 -0.05745575949549675 -0.1368834376335144 -0.14791637659072876 0.012482247315347195 -0.14550961554050446 0.006662576459348202 -0.03603234514594078 -0.08799721300601959 0.03628747910261154 -0.06713763624429703 -0.007378995884209871 0.02604537643492222 -0.08115531504154205 -0.04749854654073715 0.06101454049348831 0.0374319925904274 0.035513587296009064 0.022191695868968964 -0.03619923070073128 0.05168268829584122 -0.0032883489038795233 -0.13359388709068298 0.014552580192685127 0.020579976961016655 0.0030640033073723316 0.012323860079050064 -0.04762838035821915 -0.026826748624444008 0.0605778768658638 0.004890143871307373 -0.017746899276971817 0.02946561388671398 0.06695051491260529 -0.031235136091709137 -0.009957020170986652 0.05494894087314606 -0.03453659266233444 0.0893806517124176 -0.0009803491411730647 -0.017434103414416313 0.09448232501745224 -0.035713646560907364 -0.029151195660233498 0.04126756638288498 0.09726841747760773 0.10282031446695328 0.08706014603376389 0.10326332598924637 0.005548457615077496 -0.0442817397415638 0.08543068170547485 0.08075201511383057 0.12707999348640442 -0.0016495331656187773 -0.04080094397068024 -0.06000112369656563 0.04653477296233177 0.08402835577726364 -0.025871265679597855 0.045909520238637924 -0.05300988629460335 0.12436076253652573 0.1073906347155571 -0.04444924369454384 -0.011625740677118301 0.07679419219493866 0.1044914647936821 0.01646154746413231 0.11934806406497955 0.11997660994529724 0.06819123774766922 0.12824216485023499 0.12020640820264816 0.0049020471051335335 -0.021037893369793892 0.0847415030002594 0.04689177870750427 0.04680947586894035 0.13399454951286316 0.021614665165543556 0.09589748829603195 0.05833583325147629 0.04788246378302574 0.09284588694572449 0.030677251517772675 -0.008564193733036518 -0.05871233716607094 0.025300951674580574 -0.040267642587423325 0.07506660372018814 0.09753940999507904 0.12459743767976761 0.040792837738990784 0.016041843220591545 -0.025522638112306595 -0.07005678117275238 -0.06230601295828819 0.055550917983055115 0.07837235927581787 -0.021351467818021774 -0.007983461022377014 0.09463653713464737 -0.08131622523069382 -0.008301781490445137 0.009441669099032879 -0.08657078444957733 -0.10517989099025726 0.06553667038679123 0.05533928796648979 -0.005656925030052662 0.04840522259473801 -0.10939593613147736 -0.10330242663621902 -0.1020350381731987 -0.09199313819408417 6.617303006350994e-05 -0.09926861524581909 0.0530671663582325 -0.04622728005051613 0.054372336715459824 0.036925338208675385 0.024611245840787888 -0.06981093436479568 0.05586836859583855 -0.06845215708017349 0.07471351325511932 0.004868370946496725 0.032003071159124374 -0.10088343173265457 -0.00650018872693181 -0.014919806271791458 0.06495953351259232 -0.08048424869775772 -0.012060294859111309 -0.0610806979238987 -0.012814892455935478 0.056627143174409866 -0.043432656675577164 0.04878365993499756 -0.04205261170864105 0.054554376751184464 0.008669648319482803 0.04849068820476532 0.03248084336519241 -0.05144160985946655 -0.049828384071588516 -0.023154405876994133 0.018098589032888412 -0.08258742839097977 0.06869393587112427 -0.014311450533568859 0.006616176106035709 0.049535416066646576 -0.024317173287272453 0.028708795085549355 -0.06651532649993896 0.0746840387582779 0.05327225476503372 0.03456026688218117 0.05635795742273331 -0.04502393305301666 0.11926959455013275 0.1167781800031662 -0.08126910775899887 0.005925147794187069 -0.03220662847161293 0.11201667785644531 0.004082494881004095 0.07445640861988068 0.010563550516963005 -0.07556062191724777 -0.07799401879310608 0.11949139833450317 -0.01614048331975937 -0.02078726701438427 0.011921044439077377 -0.01958579383790493 0.058218926191329956 0.06488605588674545 0.03317816182971001 0.10100138187408447 -0.027565011754631996 0.08950687944889069 0.048190295696258545 -0.0011956137605011463 0.12366631627082825 0.010182523168623447 -0.041024088859558105 -0.06807683408260345 -0.053214240819215775 0.09601642936468124 0.030255693942308426 0.012206241488456726 0.001840877579525113 -0.0005418198998086154 0.049737993627786636 0.06685247272253036 0.04680822417140007 -0.017525028437376022 0.06699543446302414 0.02362814173102379 0.07526331394910812 0.022851955145597458 -0.03079075925052166 0.016008995473384857 -0.0005613962421193719 0.03143209218978882 0.012293619103729725 0.003304901998490095 -0.025215979665517807 0.029793046414852142 -0.006869734264910221 0.003816218813881278 0.01998012885451317 0.0005494045908562839 0.03215772286057472 -0.04047297313809395 -0.0049064490012824535 0.007475327234715223 0.09399460256099701 0.10208480805158615 0.05133621767163277 0.03950166329741478 0.09325267374515533 0.050987642258405685 -0.04710187390446663 0.04408831149339676 0.03732001408934593 0.02296256646513939 0.05903952568769455 -0.023807711899280548 -0.002927497960627079 0.05116690322756767 -0.07655424624681473 0.02523169293999672 0.03941714018583298 -0.01820738986134529 0.020046038553118706 0.008725283667445183 0.06041082367300987 -0.05190139636397362 0.06394068151712418 0.05333175137639046 -0.01929512247443199 -0.051574334502220154 -0.05353647097945213 -0.025281298905611038 0.0040277442894876 0.09085151553153992 0.09674954414367676 0.05772346630692482 -0.013269023969769478 0.07963751256465912 0.003722555935382843 -0.058088961988687515 0.08876751363277435 -0.00030519330175593495 0.007507847156375647 0.024095794185996056 -0.028554333373904228 0.01535260770469904 0.1058759018778801 0.04197555035352707 0.03520731255412102 0.013402821496129036 0.012388959527015686 -0.07745020091533661 0.0327809676527977 0.023540737107396126 0.04421118274331093 0.0750444084405899 0.056547779589891434 0.0008639667648822069 0.0958312377333641 -0.062338560819625854 -0.05273180454969406 0.07852473109960556 -0.0721609815955162 0.04733650013804436 0.04310211166739464 0.12439250200986862 0.06319728493690491 0.031131502240896225 -0.00391554506495595 0.09142670780420303 0.056994691491127014 0.025417480617761612 -0.030330995097756386 -0.06382455676794052 -0.06339649856090546 0.055386170744895935 -0.06740443408489227 -0.06742386519908905 0.037193093448877335 0.06252159923315048 0.07350558042526245 0.037704747170209885 -0.022211460396647453 0.01538720540702343 -0.006425638683140278 -0.0001451763091608882 0.03604249283671379 0.06829825043678284 -0.03730995953083038 -0.027203213423490524 0.05523617938160896 0.06307223439216614 -0.0010184211423620582 -0.03545786067843437 -0.054956234991550446 0.0363590270280838 -0.012532617896795273 0.02438778430223465 0.02370666339993477 -0.015460772439837456 0.01967877335846424 0.04455363377928734 -0.041510336101055145 -0.01846865937113762 0.0012530002277344465 -0.046034928411245346 0.07479846477508545 -0.02906687557697296 0.07064829021692276 0.01149726752191782 0.06726031750440598 0.008944476954638958 0.0186065174639225 0.030022092163562775 -0.05000866577029228 0.04218918830156326 0.03902582451701164 -0.06264210492372513 -0.0018449543276801705 0.08603789657354355 -0.025324273854494095 -0.009434332139790058 -0.07072144001722336 0.04246704652905464 -0.024415843188762665 0.03116801753640175 0.06539493054151535 0.032904841005802155 -0.0028248424641788006 -0.031892079859972 -0.024202998727560043 -0.09492719173431396 -0.11069248616695404 0.08036713302135468 0.0678219422698021 -0.11439112573862076 -0.00929152499884367 0.023157410323619843 -0.11466028541326523 0.09099478274583817 -0.09346013516187668 -0.024525320157408714 -0.11084067821502686 0.06693089008331299 0.11410864442586899 -0.02017582394182682 0.02382570691406727 0.022751104086637497 -0.07033465802669525 0.0202163178473711 -0.10358741134405136 0.1149725392460823 0.11572333425283432 -0.03220891207456589 0.10806918889284134 -0.08352071791887283 0.0296510998159647 0.021160705015063286 0.023083128035068512 0.04129842668771744 -0.05726688355207443 -0.0588483102619648 0.10936707258224487 0.0008215121342800558 -0.028204791247844696 -0.0868811160326004 0.033748213201761246 -0.046131014823913574 -0.07967232912778854 0.0818464607000351 -0.018670428544282913 0.02875438705086708 0.023288194090127945 0.05504240095615387 0.027232348918914795 0.10086994618177414 -0.05491141974925995 -0.06711240857839584 0.05612149462103844 -0.02942322939634323 0.04012591391801834 0.09513852745294571 0.037875596433877945 -0.011333822272717953 -0.014145777560770512 -0.000869935320224613 -0.02618812583386898 -0.03759816661477089 -0.05909882113337517 -0.014364837668836117 0.018457580357789993 -0.058088257908821106 0.061937373131513596 -0.03943997994065285 0.03120638057589531 0.062208544462919235 -0.04292172193527222 -0.022015050053596497 0.0014787781983613968 0.019954834133386612 0.09018386155366898 -0.019335150718688965 0.053388919681310654 0.0008084890432655811 0.09805180877447128 0.0653357207775116 0.06195969134569168 -0.025070542469620705 0.03841789439320564 -0.06584545224905014 -0.009884982369840145 -0.09439042210578918 0.011046826839447021 0.024181535467505455 -0.0651753693819046 0.02738751471042633 -0.03875722363591194 -0.04375660791993141 -0.054671917110681534 0.03854762017726898 -0.05172093212604523 0.027889400720596313 0.032621048390865326 0.04136419668793678 -0.06662818789482117 0.036451440304517746 -0.015138842165470123 -0.04252220317721367 -0.041015397757291794 -0.03891988471150398 -0.02470635250210762 0.05535724386572838 -0.04417697712779045 0.08084939420223236 0.07968533039093018 0.06004432216286659 0.061299312859773636 0.060107775032520294 -0.03898756206035614 0.05591827630996704 0.06257915496826172 -0.008441504091024399 0.025143519043922424 0.07601912319660187 0.0624636746942997 0.029010916128754616 0.09268853068351746 0.0590800866484642 0.038774676620960236 0.029315123334527016 0.023881634697318077 -0.05372248962521553 -0.03873381391167641 -0.03035835549235344 0.040409334003925323 0.05182987451553345 0.0279128048568964 -0.06335556507110596 -0.05362432077527046 0.13825269043445587 -0.027783310040831566 -0.1107967272400856 -0.08325350284576416 0.11833731085062027 0.08886907994747162 -0.07972171902656555 -0.09822146594524384 -0.01916937157511711 0.06863395124673843 0.0015068699140101671 0.0068937330506742 -0.08398977667093277 0.0394437275826931 0.05801825597882271 0.02395995892584324 0.12232717126607895 0.11118239164352417 0.03685002028942108 0.026030678302049637 0.029974259436130524 -0.06119663640856743 0.04705556109547615 0.08034197986125946 0.07850116491317749 -0.05944175645709038 -0.003434461774304509 -0.03986961767077446 0.036081377416849136 0.046410586684942245 -0.061360910534858704 -0.11239473521709442 0.026482710614800453 0.028495552018284798 0.07946877926588058 0.09164930135011673 0.01600557565689087 -0.07804298400878906 -0.03012622334063053 -0.07804986089468002 0.02997712418437004 0.06468617916107178 0.07489164173603058 0.0013222303241491318 -0.09497947245836258 -0.03023499809205532 0.0584288164973259 0.009224609471857548 -0.028480416163802147 -0.01075444370508194 0.01281872671097517 -0.097397081553936 -0.07009770721197128 0.07613588869571686 -0.0065439133904874325 0.09774009138345718 0.04027620702981949 -0.0030055998358875513 0.08665857464075089 -0.07402340322732925 -0.026885947212576866 0.10146909952163696 -0.1131991297006607 0.00032360584009438753 -0.0696319192647934 -0.046762604266405106 -0.024273009970784187 -0.059768687933683395 -0.010209277272224426 -0.08049333840608597 -0.016446469351649284 0.10028865933418274 -0.050047583878040314 0.03795783966779709 0.08709345757961273 0.024797771126031876 -0.004165547899901867 -0.0029995241202414036 -0.07553064823150635 -0.08163987845182419 0.13018320500850677 -0.07253023236989975 -0.09214939177036285 0.08014686405658722 -0.048199426382780075 0.00011638378055067733 0.09874449670314789 -0.006490659434348345 -0.032397881150245667 -0.004841939080506563 0.12252530455589294 -0.055537376552820206 0.10320327430963516 -0.06891775131225586 -0.0032533605117350817 0.07672683149576187 0.051034439355134964 -0.015432583168148994 0.08766047656536102 0.03450489044189453 0.12092920392751694 0.09901086241006851 0.037917885929346085 0.11579325050115585 0.010335953906178474 0.03997650370001793 -0.024947622790932655 0.10372548550367355 0.007451778277754784 0.10359609872102737 -0.036529697477817535 -0.016104502603411674 -0.06099865585565567 -0.022091293707489967 0.09612853825092316 0.06138123944401741 0.021862948313355446 0.034435056149959564 0.029376771301031113 -0.04958447068929672 0.04373961687088013 -0.028438663110136986 0.0699937492609024 0.09291441738605499 -0.07623188197612762 -0.037299901247024536 0.009311403147876263 0.14348112046718597 -0.010726995766162872 0.00432194396853447 0.06790879368782043 -0.03201470151543617 0.014629222452640533 -0.008566605858504772 0.08577346056699753 -0.04875659570097923 -0.062457285821437836 0.02090955525636673 0.013907632790505886 0.0921216532588005 0.052134815603494644 0.02453659288585186 0.054349083453416824 0.10761681944131851 0.033205948770046234 0.04288749769330025 -0.015634331852197647 0.05421805381774902 0.010073920711874962 -0.0921240895986557 0.07492188364267349 0.013442682102322578 -0.03330424055457115 0.09002956748008728 -0.0549284927546978 0.06179020553827286 -0.024467818439006805 -0.05677257478237152 0.041765570640563965 0.01030625682324171 0.06868696957826614 -0.016075439751148224 -0.021350441500544548 -0.04193885624408722 -0.016215885058045387 -0.06625640392303467 0.07976491004228592 -0.024643369019031525 -0.046261876821517944 -0.040463417768478394 -0.07123978435993195 -0.0838250145316124 -0.005223075859248638 -0.0040825409814715385 0.019617652520537376 0.008366766385734081 -0.011095292866230011 -0.020912982523441315 -0.04354105889797211 -0.02748742140829563 -0.03937714919447899 -0.013311364687979221 -0.02941509149968624 -0.027207739651203156 -0.02879801020026207 -0.025418169796466827 -0.025517161935567856 -0.024015747010707855 -0.03068394958972931 -0.026903536170721054 0.2413281947374344 0.112734854221344 0.20249265432357788 0.08414452522993088 0.033360905945301056 -0.004536800552159548 -0.09726682305335999 0.07445299625396729 0.05995114892721176 0.11560872942209244 -0.11059906333684921 -0.040068645030260086 -0.012071329168975353 -0.03678315132856369 -0.06919146329164505 -0.06429202109575272 0.12714926898479462 -0.003735107369720936 -0.04277057945728302 0.05037853494286537 -0.05786445364356041 -0.09790169447660446 -0.0714905634522438 0.01789052039384842 0.028730059042572975 -0.044567737728357315 0.05851208418607712 0.002618661615997553 -0.09880458563566208 -0.09338351339101791 0.05004722252488136 0.07069449871778488 -0.050843894481658936 -0.004659503698348999 0.04661468043923378 -0.016688041388988495 -0.0952678918838501 -0.06820892542600632 -0.06409910321235657 0.04735701531171799 -0.10465320199728012 -0.03661545738577843 -0.040911536663770676 -0.018904050812125206 -0.09330981969833374 0.061731062829494476 0.03984092175960541 -0.1053856909275055 -0.016247477382421494 -0.12782298028469086 0.023195955902338028 -0.0018489541253075004 -0.03129369020462036 -0.07357829064130783 -0.028796041384339333 -0.12795965373516083 -0.0674063190817833 -0.006893035024404526 0.017380043864250183 -0.03298855200409889 0.00689440593123436 -0.031401872634887695 0.06093594431877136 0.020529907196760178 0.021228108555078506 -0.08532483130693436 0.10775768011808395 -0.13828490674495697 -0.16195546090602875 0.0521581806242466 -0.04159397631883621 -0.045027147978544235 -0.04887941852211952 -0.025424545630812645 0.07323458790779114 0.0317390151321888 0.04650146886706352 -0.08402396738529205 -0.03950309380888939 -0.096885085105896 -0.04044795408844948 -0.006707035470753908 -0.09776369482278824 -0.08251596242189407 0.1149761900305748 0.12727198004722595 -0.06481901556253433 0.05252338945865631 -0.07124525308609009 0.030082514509558678 0.03221031278371811 -0.05267021432518959 0.028387432917952538 0.08844684064388275 0.05133410170674324 -0.012208242900669575 0.06349184364080429 0.1154223084449768 0.060100190341472626 -0.007156624458730221 -0.08246604353189468 -0.04859783127903938 0.011000778526067734 -0.045827291905879974 0.02566460147500038 -0.045729849487543106 0.10869499295949936 -0.005635185167193413 0.10373403877019882 -0.07197792083024979 0.0059623029083013535 0.06579727679491043 0.07104901224374771 0.08196839690208435 0.01777004450559616 -0.04891885817050934 0.09076164662837982 -0.0012367886956781149 0.06677934527397156 0.05086743086576462 0.04310747608542442 0.0554213710129261 0.014962111599743366 -0.045313943177461624 -0.050916124135255814 -0.0270673930644989 0.024691587314009666 -0.03917776048183441 -0.168377086520195 0.13040563464164734 -0.08190618455410004 0.00164496386423707 -0.06760750710964203 -0.009545255452394485 -0.11891232430934906 -0.09489553421735764 -0.14900550246238708 0.05121006444096565 -0.04545212537050247 0.0700828805565834 -0.10552208125591278 0.06245821714401245 0.003424455411732197 -0.08979800343513489 0.06309226155281067 -0.09143403172492981 -0.07616531848907471 0.10211159288883209 -0.07080107927322388 -0.054287541657686234 -0.08254871517419815 -0.05137000232934952 -0.04893367365002632 0.11331813037395477 -0.08807280659675598 -0.07371414452791214 0.002282822271808982 0.11280772089958191 0.09645337611436844 -0.015174905769526958 0.0524401031434536 0.026210052892565727 0.004079615697264671 -0.03984120488166809 0.11116115003824234 0.03450886160135269 -0.0052831233479082584 0.07402645796537399 -0.05921495705842972 -0.02925187349319458 0.04735267162322998 0.06207491084933281 -0.039551474153995514 0.13502724468708038 -0.029326023533940315 0.07335371524095535 -0.05650988221168518 -0.011150033213198185 0.023054681718349457 0.046690795570611954 0.07311586290597916 0.06498487293720245 -0.027187863364815712 0.03569047152996063 0.07103392481803894 -0.07357846200466156 0.026549702510237694 -0.03808198124170303 -0.03330986946821213 0.06886709481477737 0.048764072358608246 0.027281058952212334 0.11329330503940582 0.00328084547072649 -0.012238064780831337 0.001481883693486452 0.02145613171160221 -0.0899708941578865 0.002610202645882964 0.024392109364271164 0.03401165083050728 -0.0060431985184550285 0.021667437627911568 -0.03695208951830864 0.04329622536897659 0.005179079715162516 -0.0553692951798439 -0.004834893625229597 0.09341542422771454 0.027744045481085777 0.06549866497516632 -0.04984389245510101 -0.075395368039608 0.04459967836737633 0.10524281859397888 0.03063458763062954 -0.004705942701548338 0.028598468750715256 -0.0768943503499031 0.02776261419057846 -0.0426006056368351 -0.029345478862524033 0.09647250920534134 0.09378621727228165 -0.06161269173026085 0.0656096562743187 -0.030782995745539665 0.08720667660236359 0.06381912529468536 0.0571945421397686 0.06654147803783417 -0.004758866969496012 0.010862846858799458 0.07180691510438919 -0.05450453236699104 -0.030799956992268562 -0.05927569791674614 -0.05571552738547325 0.0675547868013382 -0.030414992943406105 -0.025080760940909386 0.051194220781326294 -0.0035000022035092115 -0.03683243319392204 0.030447930097579956 -0.023541275411844254 -0.014022826217114925 -0.03565727546811104 -0.03984479606151581 0.0005531411152333021 0.08285746723413467 0.038112740963697433 0.07215125113725662 0.0447995588183403 0.061226073652505875 -0.017774075269699097 0.10545777529478073 -0.09768066555261612 -0.10686492919921875 0.07705391943454742 -0.07611222565174103 0.11342418193817139 0.06070386990904808 -0.09604623168706894 -0.06175567954778671 0.03683925420045853 -0.02170979045331478 0.022221801802515984 0.09894613176584244 -0.09490770101547241 -0.10562531650066376 -0.011383958160877228 0.004987203516066074 -0.07373633235692978 -0.1282958835363388 -0.07605768740177155 0.0953187495470047 -0.0581672340631485 -0.0692639872431755 0.015199435874819756 0.10215214639902115 -0.0920724868774414 0.09297570586204529 0.07198680937290192 -0.038980912417173386 -0.011192859150469303 -0.046720441430807114 -0.07002347707748413 0.005323600023984909 0.058990415185689926 -0.05479133129119873 0.047212131321430206 -0.0015627514803782105 -0.03951357305049896 0.0905253067612648 -0.026643140241503716 -0.03718108683824539 -0.03329585865139961 -0.017265642061829567 0.03149252012372017 0.012376041151583195 0.05449968948960304 0.07519406825304031 -0.09595740586519241 -0.0816025361418724 0.07642211019992828 0.07394085079431534 -0.10778182744979858 0.010446431115269661 0.05191156268119812 0.05233824625611305 -0.10509399324655533 0.030189523473381996 0.09557922184467316 0.10533557832241058 0.07145877182483673 -0.08721594512462616 0.03784889727830887 -0.014047502540051937 0.03197842463850975 0.00869032833725214 0.020666012540459633 -0.09972818195819855 -0.0005842128884978592 -0.14515455067157745 -0.05881301686167717 -0.12631449103355408 -0.12355067580938339 0.10189907997846603 -0.11418365687131882 0.004656725097447634 -0.10141433775424957 0.10720350593328476 -0.03387055546045303 0.0996759757399559 0.12043819576501846 0.05877915397286415 -0.08392123878002167 -0.04200783371925354 -0.04933004453778267 -0.04092444106936455 0.001204066094942391 0.08975017070770264 -0.011660542339086533 0.018816210329532623 0.017135491594672203 -0.06748007237911224 -0.03304944932460785 -0.08917216956615448 0.024651557207107544 -0.022567493841052055 0.04432481527328491 -0.012530059553682804 0.00952005386352539 0.021831601858139038 0.015965215861797333 0.04656093195080757 -0.0015962468460202217 -0.011908464133739471 0.0715809166431427 0.12378588318824768 0.09160077571868896 -0.06796570867300034 -0.0171843022108078 -0.02900736592710018 -0.0534786656498909 -0.016985179856419563 0.15086421370506287 0.09047617763280869 0.0912015438079834 0.031447045505046844 -0.02457546256482601 -0.03030218742787838 -0.02714533358812332 0.11835813522338867 0.03655174747109413 0.015861690044403076 0.0919547826051712 0.10069377720355988 -0.044664282351732254 -0.048525914549827576 0.05783873423933983 0.02291691116988659 -0.07530045509338379 0.014322374016046524 0.004527704324573278 0.014285377226769924 0.07840610295534134 0.05339289456605911 0.07258141785860062 0.09649616479873657 0.07148054987192154 -0.031728051602840424 -0.01850910671055317 0.019166557118296623 0.05009504035115242 0.025646865367889404 0.01870157942175865 0.03417345508933067 0.06371059268712997 0.04873499646782875 0.06408977508544922 -0.015874845907092094 -0.037735920399427414 0.06133701652288437 0.07694914937019348 0.09131183475255966 0.013940156437456608 -0.08012130111455917 -0.033795617520809174 0.10313484817743301 -0.016560884192585945 -0.005526809021830559 0.03127840906381607 -0.021626783534884453 0.0975755900144577 -0.011604693718254566 0.07671789079904556 0.08082021027803421 -0.015203611925244331 0.10377763956785202 -0.012051102705299854 0.03780052438378334 0.05651743337512016 0.01708691194653511 0.09174185991287231 0.08518531173467636 0.039960239082574844 0.09037554264068604 -0.018538057804107666 0.002861611545085907 -0.01776561513543129 0.09846583753824234 -0.008835405111312866 0.08968779444694519 0.01612473838031292 0.07736896723508835 0.030155448243021965 -0.01667354628443718 0.0638531744480133 0.0020977628882974386 0.0728757381439209 -0.013683442957699299 0.06318118423223495 -0.0019523602677509189 0.05794025957584381 0.053274672478437424 -0.020197799429297447 0.014715041033923626 0.0494951456785202 -0.025392228737473488 -0.06541139632463455 0.1385650485754013 -0.026037801057100296 0.05135182663798332 0.1080428957939148 -0.0007601907709613442 -0.038073230534791946 0.12010253220796585 0.10207664966583252 0.08292732387781143 -0.02932674065232277 0.03646286949515343 -0.06291896104812622 -0.11630966514348984 -0.05622551962733269 -0.09307893365621567 -0.049953483045101166 0.10127633810043335 0.03136599063873291 -0.004563925787806511 -0.06847623735666275 0.10743171721696854 0.021069979295134544 0.025239916518330574 0.011151078157126904 -0.03445018082857132 0.06546059250831604 0.002743481658399105 -0.003733324585482478 -0.02841610088944435 -0.10001315921545029 -0.07219147682189941 0.02364090085029602 -0.03747868537902832 -0.14571531116962433 0.009160107932984829 -0.1531325727701187 -0.1339765042066574 0.02943922020494938 -0.1554875373840332 -0.04372541606426239 -0.07117825746536255 -0.058271374553442 -0.02385535091161728 -0.09688550233840942 -0.10496039688587189 -0.09129809588193893 -0.10201169550418854 -0.12623240053653717 -0.13918334245681763 0.0074217477813363075 -0.06864965707063675 -0.07393653690814972 -0.1561148464679718 -0.02490541897714138 -0.026553267613053322 -0.13601958751678467 -0.12771368026733398 -0.007827497087419033 0.03705035522580147 0.03215346112847328 -0.012015447951853275 0.01459172647446394 0.04566669091582298 0.1553179770708084 -0.031887151300907135 0.025223106145858765 -0.06484607607126236 0.03019195981323719 0.013482565060257912 -0.0804944708943367 -0.030622048303484917 -0.07948385924100876 -0.06932160258293152 0.0747266635298729 -0.048671264201402664 -0.002758368384093046 0.05867614224553108 0.06049148365855217 0.0879695862531662 -0.017453523352742195 -0.05780727416276932 -0.0011481347028166056 -0.016440287232398987 0.02196795679628849 -0.07212124764919281 -0.028759056702256203 0.01922891102731228 -0.075754813849926 0.0024552817922085524 0.002350509399548173 0.04862673580646515 -0.014691650867462158 -0.07513917237520218 -0.0558675080537796 -0.02529982663691044 0.021955294534564018 0.07318995893001556 0.037894368171691895 -0.07670379430055618 0.03474334627389908 -0.06330042332410812 -0.04987574741244316 0.04178263619542122 0.06394947320222855 -0.0022938204929232597 0.039337363094091415 0.05397673323750496 0.08281967788934708 -0.06276989728212357 0.0727340430021286 0.06564751267433167 0.015475885011255741 0.06421004980802536 -0.08747746050357819 0.026204733178019524 0.03186095505952835 -0.033798299729824066 -0.03819022700190544 0.04111768677830696 -0.007470375392585993 0.07431448996067047 -0.0770917758345604 0.002546491799876094 0.0581781342625618
b1 64
0.13779933750629425 -0.038169972598552704 0.0008037044899538159 -0.0973643809556961 -0.10800967365503311 0.0646059513092041 -0.05139701068401337 0.16648466885089874 0.07454701513051987 -0.054263461381196976 0.03474825620651245 -0.02133912965655327 0.026739543303847313 -0.12360125780105591 0.07799448072910309 -0.00223557953722775 0.08166481554508209 -0.12320700287818909 -0.1119275763630867 0.042328231036663055 0.0859592854976654 -0.08064594119787216 0.05026626214385033 -0.053468745201826096 -0.08252348005771637 0.08822522312402725 -0.08100496232509613 0.01301033515483141 -0.10078375041484833 0.05264570191502571 0.06627675145864487 0.060956988483667374 0.07548423856496811 -0.150771364569664 0.09089747816324234 0.07913881540298462 -0.03709721192717552 -0.10048142075538635 0.0420771986246109 -0.07217150926589966 0.04667156562209129 0.009264920838177204 -0.03328102082014084 -0.07745576649904251 -0.011352114379405975 -0.023075640201568604 0.10343048721551895 0.016909142956137657 -0.02041439712047577 0.027697106823325157 0.018601886928081512 -0.08612879365682602 0.08881675451993942 0.06865429878234863 0.11506753414869308 0.020444341003894806 -0.048284512013196945 0.04193376377224922 0.01672426238656044 -0.14725972712039948 0.1222211942076683 0.052093151956796646 0.1337546706199646 -0.12164101004600525
W2 4096
0.021468158811330795 -0.010418481193482876 0.0012876685941591859 0.010245430283248425 9.586888999035187e-31 0.022033309563994408 0.03921518847346306 -0.029258912429213524 -0.031300999224185944 -0.08567536622285843 0.0031814374960958958 0.023076945915818214 0.022242242470383644 0.021794568747282028 -0.0022911163978278637 0.06056566536426544 0.032331857830286026 0.000172591840964742 0.05074628069996834 -0.025897957384586334 0.05982135608792305 -0.0033897249959409237 -0.08551643043756485 0.001636506407521665 -0.019480176270008087 -0.002081785351037979 -0.013215572573244572 -0.09326257556676865 0.04441143944859505 0.005946625955402851 -0.02611715905368328 6.654512264298773e-30 -0.023984242230653763 0.003752059070393443 -0.023763278499245644 8.9525621546761e-31 0.009933313354849815 -0.027495291084051132 -8.830134174786508e-05 -0.00014123723667580634 0.0038869294803589582 -0.03556009754538536 2.828628566931002e-06 -0.05877310410141945 -0.03608659654855728 0.08901355415582657 -0.017844123765826225 0.010493574663996696 -0.07320334017276764 -0.0043647210113704205 4.611974873114377e-05 0.09829992055892944 0.0313488207757473 -0.08206957578659058 -0.02287493459880352 0.03077586367726326 -3.4170664093835512e-06 -1.8224634459329536e-06 -0.05011425539851189 -0.015004431828856468 1.0177158401347697e-05 0.07756201922893524 -0.037409041076898575 0.06471625715494156 -0.019706202670931816 0.0416465625166893 -0.05318425968289375 -0.00014098166138865054 1.1990683560725302e-05 -0.00909344106912613 -0.00945631880313158 0.01471872441470623 -0.006253224331885576 -0.017827365547418594 0.013212701305747032 0.021464461460709572 -0.04664405807852745 -0.013557606376707554 5.229794908245822e-08 0.012408928014338017 0.001755072851665318 1.037616499388605e-07 0.02399883046746254 -2.8316326279309578e-05 0.005706694908440113 -0.015323114581406116 0.06120522320270538 -0.012609644792973995 -0.005584335885941982 -0.002994120353832841 -0.015189992263913155 -0.056413087993860245 0.00595239968970418 -0.0004321316664572805 -0.05483120679855347 2.5064950932573993e-06 -0.01892116852104664 -0.0001468405534978956 -0.02390073798596859 -0.029400378465652466 0.006622237153351307 -0.0005613269750028849 0.0010133878095075488 0.00021079201542306691 -0.00700831925496459 0.01690526492893696 -0.0024915358517318964 0.03987438604235649 -0.010120698250830173 -0.007125610485672951 0.0034452970139682293 -0.0014486216241493821 -0.029253646731376648 -0.0064051286317408085 -0.009915603324770927 0.03882980719208717 0.000915209879167378 0.022847086191177368 -0.0010080526117235422 -0.009762201458215714 -0.010142732411623001 0.008053401485085487 0.019818048924207687 0.03405582159757614 0.0021772650070488453 0.034517161548137665 0.002652420662343502 -0.01611720211803913 0.03633604198694229 0.04387066140770912 0.0005981059512123466 0.00041521163075231016 0.026893187314271927 0.030258551239967346 -0.005678730085492134 0.010110383853316307 0.0012582435738295317 -0.0459122471511364 -0.034383874386548996 -0.052004389464855194 0.02875753492116928 0.011516193859279156 0.025791076943278313 -0.022141864523291588 0.0009126404765993357 -0.0032958441879600286 0.002519599162042141 -0.009891889989376068 0.0338469073176384 -0.030612759292125702 -0.021639106795191765 -0.06292635947465897 0.030893631279468536 -0.07060784846544266 0.023983748629689217 0.055956967175006866 0.010819843970239162 0.03845226392149925 0.009425955824553967 0.024146785959601402 0.03464005887508392 -0.0010051823919638991 -0.03231179341673851 0.05430808663368225 -0.03296935558319092 0.045549146831035614 -0.08066746592521667 -0.009862625040113926 0.01089529413729906 0.0007760808221064508 0.00999577809125185 -0.013155914843082428 0.017768388614058495 0.022475356236100197 0.04783330112695694 -0.014980725012719631 0.005175676662474871 0.009763436391949654 0.0013900022022426128 0.015801070258021355 0.0205937959253788 -0.05571489781141281 -0.008173162117600441 -0.015789534896612167 0.0004131879541091621 -0.07947718352079391 -0.010811085812747478 -0.015023753046989441 -0.059820108115673065 0.034577954560518265 0.034026265144348145 -0.013448464684188366 0.0020015668123960495 0.00013071713328827173 0.03417186439037323 0.0018831054912880063 -0.006232307758182287 -0.008335646241903305 0.008082653395831585 -0.001719169202260673 -0.01771312579512596 -0.0007793179247528315 -0.014837605878710747 -0.009112298488616943 -0.0017169784987345338 -0.016567589715123177 -0.011392376385629177 0.004498729482293129 -0.01236857008188963 0.0010892043355852365 -9.511566167930141e-05 0.027689840644598007 -0.02514108270406723 -6.958387338551475e-11 -0.00954548828303814 -3.79230514226947e-05 -0.0007016921299509704 0.0008272997220046818 -5.090791455586441e-05 0.028050316497683525 -0.0011542185675352812 0.0010976658668369055 -0.007000077050179243 0.007729200646281242 0.010286277160048485 -0.00953761674463749 -0.00023800937924534082 -1.3793633968361974e-07 -0.00015548498777206987 0.00571263674646616 -0.000548617506865412 0.007303131278604269 -0.010694136843085289 -0.018794570118188858 -1.6054675143095665e-05 0.0006229032878763974 0.0003443970635998994 -0.019215984269976616 0.0078018163330852985 0.003942279610782862 -0.0033900984562933445 -0.017972800880670547 -1.7305924870925082e-07 0.03763659670948982 0.00044179943506605923 -0.004940664395689964 0.009753224439918995 0.014758222736418247 -1.521515571312193e-07 -0.00011628473293967545 0.0131855309009552 -0.02296190895140171 -0.00026317499577999115 -0.048472970724105835 -0.005668545141816139 -0.0002910647599492222 -0.04513147473335266 -0.07722495496273041 0.059757769107818604 0.047425754368305206 0.10315031558275223 0.15719656646251678 0.044481728225946426 -0.08659611642360687 0.10603992640972137 -0.14190387725830078 -0.09261702001094818 -0.10404644906520844 0.04589894041419029 -0.0747927650809288 0.10437218844890594 0.06887441128492355 0.13597923517227173 0.004041245672851801 -0.008478478528559208 0.06579454988241196 0.027697637677192688 -0.08606091886758804 -0.012080029584467411 0.12211360782384872 -0.0005887824227102101 0.007685353048145771 -0.053964078426361084 -0.08401636779308319 0.0742466002702713 -0.09216951578855515 -0.0643877312541008 0.06351939588785172 0.04237053170800209 0.044657401740550995 0.11826731264591217 0.031350359320640564 -0.08325102925300598 0.006614780984818935 0.0067366971634328365 0.10318043828010559 0.11249940097332001 0.02459391951560974 0.08395913988351822 0.047684814780950546 -0.09797656536102295 -0.02756010740995407 -0.07902063429355621 0.04987090080976486 0.08264268189668655 0.04714439436793327 0.04649869725108147 -0.04325868934392929 0.09004516154527664 -0.13128583133220673 0.04804994538426399 0.040174804627895355 -0.04240194708108902 0.03449030965566635 -0.09058325737714767 -0.02188260667026043 -0.016030794009566307 0.05310627073049545 0.0950719490647316 -0.09949816018342972 -0.06155569106340408 0.12015346437692642 -0.04183511063456535 -0.06993957608938217 -0.18867748975753784 -0.01676916517317295 -0.09320660680532455 -0.09958100318908691 -0.08089184761047363 0.004019103012979031 -0.014155291020870209 -0.05502917990088463 -0.07897014170885086 0.09030336886644363 -0.17481662333011627 -0.030055547133088112 -0.03286705166101456 0.0028489648830145597 0.10066664963960648 -0.016501102596521378 -0.020240740850567818 -0.023640736937522888 -0.007554368115961552 0.08186249434947968 -0.00423837173730135 0.0558069571852684 0.03651706129312515 0.011780941858887672 0.13741576671600342 0.0063151209615170956 -0.03472037985920906 -0.2104823887348175 0.1436031311750412 -0.00851581059396267 0.061675652861595154 -0.0037614384200423956 0.08462493121623993 0.06783223152160645 -0.11178667098283768 -0.045436613261699677 0.005905484780669212 -0.12026022374629974 0.04412401095032692 0.05998872593045235 -0.08666783571243286 -0.051557138562202454 -0.027833014726638794 -0.09622487425804138 -0.1259479969739914 -0.07360625267028809 -0.09845536202192307 0.09443226456642151 0.09717734158039093 -0.039041098207235336 0.05231475830078125 0.0653400719165802 -0.01996995136141777 -0.08625748008489609 -0.04186439886689186 -0.13077133893966675 0.038853719830513 0.0636015385389328 -0.19872134923934937 -0.062464915215969086 0.08304231613874435 0.02229171060025692 -0.04458266869187355 0.013086048886179924 0.03327024728059769 -0.11539477109909058 0.029279621317982674 0.05042765289545059 0.04992308095097542 0.04275636747479439 0.06360416859388351 -0.0881420448422432 0.054409876465797424 0.042199719697237015 -0.12517604231834412 -0.06071266159415245 0.047387536615133286 -0.011156250722706318 0.08382514864206314 -0.0179059449583292 -0.113174669444561 0.05920790508389473 -0.04305518418550491 -0.06705016642808914 -0.12353118509054184 0.02494433894753456 0.05103806406259537 0.028037074953317642 -0.006275423336774111 0.08330197632312775 -0.004070078954100609 0.03357069194316864 -0.08972924947738647 -0.05269844830036163 0.029268581420183182 0.07291356474161148 0.11617502570152283 -0.04710027575492859 0.025047622621059418 0.07770523428916931 0.10208047181367874 -0.04483313485980034 0.10053455084562302 -0.10968272387981415 0.09976751357316971 -0.050113774836063385 -0.07287894934415817 -0.05558834597468376 0.0015629963018000126 -0.016375809907913208 0.04345875605940819 0.05498794466257095 0.13227446377277374 0.14145727455615997 0.047906938940286636 -0.009711643680930138 0.10172867029905319 0.14026786386966705 0.061741460114717484 -0.11303509771823883 -0.012110809795558453 0.04887411370873451 -0.030191635712981224 0.039244577288627625 -0.00786278210580349 0.050566043704748154 -0.04655367136001587 0.03343356028199196 -0.11693551391363144 -0.0647958442568779 0.015070094726979733 -0.019668186083436012 -0.02776510827243328 -0.09127594530582428 0.03503076732158661 0.07425874471664429 0.011052785441279411 -0.014630384743213654 0.05801041051745415 0.01385543029755354 -0.03230423852801323 0.01993280090391636 -0.001628655125387013 -0.07143903523683548 -0.0028999103233218193 7.579279917990789e-05 -0.07954497635364532 -0.0008230310631915927 -0.01920827478170395 0.0016773865791037679 0.0006547811790369451 0.04355393350124359 -0.019268864765763283 -0.09494759887456894 -0.03017337992787361 0.07812093198299408 -0.015841573476791382 0.015486369840800762 -0.04282506927847862 0.020507527515292168 -0.026253171265125275 -0.07488839328289032 0.023554377257823944 8.311170677188784e-05 -0.017580546438694 -0.03912172466516495 0.007493995595723391 0.04433339834213257 0.06081274524331093 0.010221928358078003 -0.09868167340755463 -0.008281253278255463 -0.05041425675153732 0.017014333978295326 -0.02880692109465599 -0.02146948128938675 -0.034850332885980606 -0.033473145216703415 0.005020450800657272 0.047911517322063446 -0.01072322390973568 -0.10239309072494507 -0.05475429818034172 0.05370817333459854 -0.06386953592300415 -0.003478208789601922 -0.060192596167325974 0.03849180042743683 -0.14075687527656555 0.004768811631947756 -0.0226448867470026 -0.03389609605073929 0.06615964323282242 0.06483670324087143 -0.016547145321965218 0.024033458903431892 0.033838674426078796 0.04635404050350189 0.0867132917046547 -0.05343641713261604 -0.015089418739080429 0.026050329208374023 -0.002115793526172638 -0.06736645102500916 0.12686599791049957 0.028312765061855316 -0.10011287778615952 0.02128461003303528 -0.06209362670779228 -0.05940023437142372 -0.06338057667016983 0.04970298334956169 -0.012812504544854164 -0.022668829187750816 -0.04550077021121979 -0.038204871118068695 0.026228101924061775 -0.046931009739637375 -0.05524071678519249 0.026529600843787193 -0.045440465211868286 -0.05971738323569298 -0.07514747977256775 -0.10848136246204376 0.06122535094618797 -0.02051175758242607 0.10850582271814346 0.07543540745973587 0.0982888713479042 0.05542260408401489 0.10578927397727966 -0.08281277865171432 0.004547984339296818 -0.006166189908981323 -0.08204324543476105 -0.0061160190962255 -0.05234198644757271 0.07368076592683792 -0.055850423872470856 -0.006120861507952213 -0.04896467924118042 -0.09157199412584305 -0.0666903629899025 -0.037540484219789505 0.08651167154312134 -0.12420772761106491 0.06257759034633636 -0.0030543406028300524 0.1018599346280098 -0.0414988212287426 -0.01701405830681324 -0.020481711253523827 -0.018146729096770287 -0.02731076441705227 -0.038132552057504654 -0.004182743839919567 0.027252182364463806 0.03732196241617203 -0.0011443221010267735 -0.019499188289046288 0.006748120300471783 -0.01632688380777836 -0.003988693933933973 -0.022146956995129585 0.028178073465824127 -0.01463360246270895 -0.005540191195905209 0.0065522948279976845 0.0175479706376791 -0.0024393682833760977 -0.027677172794938087 0.03476455435156822 -0.0017280721804127097 -0.0053599923849105835 -0.006335483863949776 -0.0024869570042937994 -0.011955547146499157 -0.0026272167451679707 0.033811260014772415 -0.013799650594592094 -0.008066302165389061 -0.01139064785093069 -0.05087927728891373 0.0019049430266022682 -0.017893517389893532 -0.00039819913217797875 -0.005302452947944403 -0.010331153869628906 -0.011370057240128517 0.0042252317070961 -0.002475933637470007 -0.03884251043200493 -0.012154236435890198 0.033813197165727615 -0.00568529823794961 -0.010108414106070995 0.0026230488438159227 0.00876174122095108 -0.018683258444070816 0.02279198355972767 -0.01861427165567875 -0.0029662109445780516 -0.004708259366452694 0.004131023772060871 -0.03471481055021286 -0.01610880345106125 0.033855605870485306 -0.02882200852036476 -0.010307271033525467 -0.014458103105425835 -0.020314309746026993 -0.004019808489829302 -0.020093996077775955 -0.020549220964312553 -0.003061762312427163 -0.0039288937114179134 -0.004596357233822346 0.0056846472434699535 -0.0453067347407341 -4.163877576068842e-12 -0.032305993139743805 -0.03413224592804909 -0.006747046019881964 -0.008131205104291439 -0.0053071556612849236 0.0336044542491436 -0.04994140937924385 0.08124050498008728 -0.028771301731467247 0.011779706925153732 -0.04194752126932144 0.014384804293513298 0.00176301843021065 -0.0018228550907224417 -0.011752584017813206 -0.030387122184038162 -0.02917291410267353 0.005543546285480261 0.006947600282728672 0.0003584731020964682 0.006922662723809481 0.004163059871643782 -0.01664101518690586 -0.04901968315243721 0.03840458020567894 -0.0299611184746027 -0.00795901007950306 -0.02234562486410141 0.00011819254723377526 0.021627511829137802 0.05394085869193077 -0.0020060865208506584 0.020932769402861595 0.01257018931210041 0.019558988511562347 -0.023694416508078575 0.014828148297965527 -0.011469410732388496 -0.003924260381609201 -0.018357066437602043 0.07867100834846497 -0.015687275677919388 -0.022405071184039116 -0.008200609125196934 0.0006478495197370648 -0.014333932660520077 -0.003876687027513981 0.012014909647405148 0.031667545437812805 -0.006764931138604879 -0.002981707453727722 -0.09225745499134064 0.009161675348877907 0.004799031186848879 0.028300344944000244 -0.08063185960054398 -0.01075129397213459 -0.04375045746564865 -0.006881942041218281 -0.0036839963868260384 -0.044181860983371735 0.03702882304787636 -0.04811085760593414 0.013077421113848686 -0.14142575860023499 -0.055692508816719055 0.030349792912602425 -0.022332264110445976 -0.02192261442542076 -0.0808892473578453 -0.016927165910601616 0.03905317187309265 0.04893426224589348 0.023371778428554535 -0.11653172224760056 -0.053173452615737915 -0.029881518334150314 -0.0029846050310879946 -0.0017924308776855469 0.03622601181268692 0.013840117491781712 0.018451297655701637 0.08474143594503403 0.06972131133079529 -0.049566809087991714 0.09907709062099457 -0.015881963074207306 0.05289992690086365 0.043824151158332825 -0.031646065413951874 -0.03711512312293053 0.011943682096898556 -0.012577125802636147 -0.009848317131400108 0.04457075148820877 0.08549756556749344 -0.08200053125619888 0.045652374625205994 -0.05497240275144577 0.035623107105493546 0.07064427435398102 0.0413237065076828 -0.09483389556407928 0.067127525806427 -0.015436087734997272 -0.03034082055091858 0.031216884031891823 0.03717729449272156 -0.0483577735722065 0.011294486932456493 -0.07878009229898453 0.018644535914063454 0.06786587089300156 -0.09912960976362228 0.011726204305887222 0.029653439298272133 -0.086837537586689 0.12538093328475952 -0.0036484538577497005 -0.09758283942937851 -0.021112367510795593 0.03424925357103348 -0.07336664944887161 -0.013236005790531635 0.13381458818912506 0.10722622275352478 -0.07557383924722672 -0.010116695426404476 -0.13019856810569763 -0.14705148339271545 -0.021532412618398666 -0.009586242958903313 0.03679896518588066 -0.01913757249712944 0.03862824663519859 0.053237151354551315 -0.049175553023815155 -0.04666224122047424 0.015442213043570518 0.0050862994976341724 -0.04264543205499649 0.01002668309956789 0.049449216574430466 0.11080821603536606 -0.03207049518823624 0.08894284814596176 0.12837743759155273 -0.061944011598825455 0.09393768757581711 -0.05053236335515976 0.003106615273281932 -0.14683111011981964 0.06451763212680817 -0.09121669083833694 -0.006121581420302391 0.05049140378832817 0.03893904387950897 -0.04464904963970184 0.0474005863070488 0.08683736622333527 0.029238983988761902 0.049319155514240265 0.07311370223760605 -0.019714804366230965 0.04116521403193474 0.06673385202884674 0.09074799716472626 0.05665243789553642 -0.025730416178703308 -0.1306418925523758 0.06706296652555466 -0.04146189242601395 -0.037169598042964935 -0.01640372909605503 -0.010393719188869 -0.03269495069980621 0.032327231019735336 -0.050624337047338486 0.04162092134356499 -0.15104812383651733 -0.03157981112599373 0.12043464183807373 -0.03275381028652191 -0.1293417066335678 0.13119910657405853 -0.04019096493721008 -0.012077164836227894 -0.06876292079687119 -0.0012106731301173568 0.07682613283395767 -0.013581624254584312 -0.03889133408665657 0.0852506086230278 -0.042723964899778366 0.07835424691438675 0.07063819468021393 0.008553254418075085 -0.016400039196014404 0.062153030186891556 0.033540815114974976 0.02427908591926098 -0.07247933000326157 0.06811418384313583 0.07963638752698898 -0.022618368268013 0.03263108804821968 -0.022884398698806763 0.053604818880558014 0.10177293419837952 0.003674024948850274 -0.03292881324887276 -0.018814316019415855 -0.03238656371831894 -0.11190665513277054 0.005929452832788229 0.0628296285867691 0.07453873753547668 -0.00816386379301548 -0.023193329572677612 -0.13874642550945282 0.06568139046430588 0.005610537715256214 -0.08051665872335434 -0.0007271155482158065 -0.07085036486387253 0.0034764637239277363 -0.02774599939584732 0.09822691231966019 -0.023279938846826553 0.07361205667257309 -0.0018689970020204782 -0.0047456915490329266 -0.00643449742347002 -0.11771010607481003 0.054766230285167694 -0.0687880888581276 -0.04208291694521904 -0.039976540952920914 0.008447043597698212 0.06389100104570389 -0.02546278014779091 -0.026303650811314583 0.03714090958237648 0.013649899512529373 -0.008977712132036686 -0.0390155091881752 0.03826368227601051 -0.04272669926285744 -0.041865456849336624 -0.03255447745323181 -0.08312536776065826 0.03384866937994957 -0.005637500435113907 0.0064146872609853745 -0.007355079986155033 0.0006402389844879508 -0.02193675935268402 -0.024474874138832092 -0.0039666942320764065 -0.004409767221659422 -0.010328587144613266 -0.013120085932314396 -0.017957570031285286 -0.017181281000375748 -0.003963904920965433 0.004502355121076107 -0.024213284254074097 -0.02552204579114914 -0.03768826648592949 -0.0015095009002834558 -0.001887450460344553 -0.018514517694711685 -0.008746185339987278 -0.005547490902245045 -0.008983763866126537 -0.010778392665088177 -0.013678109273314476 -0.013899344019591808 -0.0013082948280498385 -0.0026017127092927694 0.003972325474023819 -0.006719609722495079 -0.004020891152322292 -0.025483494624495506 -0.0043907794170081615 -0.0007631650078110397 -0.01221373025327921 -0.011049933731555939 -0.003830498782917857 -0.005536447744816542 -0.023537376895546913 -0.019011683762073517 0.0008078235550783575 -0.004794960841536522 -0.011000641621649265 -0.004895421210676432 -0.0231984481215477 0.001206632237881422 -0.020434461534023285 -0.0016548160929232836 -0.010049604810774326 -0.009036827832460403 -0.012217017821967602 -0.010973641648888588 0.004052476026117802 -0.005081864073872566 -0.0035969391465187073 -0.02470557391643524 -0.014299500733613968 -0.010700982064008713 -0.003119385801255703 -0.01547926478087902 -0.014489608816802502 -0.00675767520442605 -0.03129037097096443 -0.0026462040841579437 -0.05445617064833641 -0.11573997139930725 -0.14143000543117523 0.041872378438711166 0.13903570175170898 -0.011191126890480518 -0.05396797135472298 -0.03873540461063385 -0.0413874089717865 -0.03767342492938042 -0.07344842702150345 -0.0048393746837973595 -0.003320377552881837 -0.006253113970160484 0.014063992537558079 -0.0926460549235344 -0.03416381776332855 -0.07217159867286682 -0.03554254397749901 -0.06996746361255646 -0.058360639959573746 -0.03428816422820091 -0.12760910391807556 0.04589327797293663 -0.048853643238544464 0.08884530514478683 -0.028720952570438385 0.008005021139979362 -0.07620859891176224 -0.006752073764801025 -0.12326310575008392 0.1278022825717926 -0.021627899259328842 -0.012445477768778801 0.09758779406547546 0.07164129614830017 -0.10634917765855789 -0.048105038702487946 0.013508777134120464 0.04786987602710724 -0.03919900208711624 -0.07592718303203583 0.12308033555746078 0.10602167248725891 0.12305723875761032 -1.8156289627313527e-07 -0.047704052180051804 -0.0533984936773777 -0.09754782170057297 -0.05576694384217262 0.04527837410569191 -0.017957521602511406 -0.0663449764251709 0.028371527791023254 0.006489951629191637 0.10118655115365982 0.0003847747575491667 0.0717625692486763 -0.04929060861468315 -0.0029032195452600718 0.0747947096824646 -0.049886588007211685 0.027378395199775696 0.030210549011826515 -0.008151613175868988 -0.0038459831848740578 -0.0030225194059312344 5.856300444584406e-10 0.010298492386937141 0.0045038205571472645 -9.41239923122339e-05 -0.0023533201310783625 0.0003954461426474154 -0.007157390005886555 -0.006173338741064072 -0.007076949346810579 0.0050408728420734406 -0.001087663695216179 -0.0061697023920714855 -0.00041695896652527153 -0.01687091402709484 -1.2724855196211138e-06 -0.0012025610776618123 -0.007760602980852127 -0.0016709115589037538 -0.005212675780057907 -0.007178893778473139 0.0018773627234622836 -0.008663791231811047 0.00471248384565115 -0.0028637282084673643 0.005243892781436443 -0.0020740446634590626 -0.0005278486642055213 -0.009461194276809692 0.010149670764803886 -0.0018298197537660599 4.961549393556197e-07 -0.0003979039320256561 0.0017457808135077357 -0.0048570791259408 0.001282028271816671 -0.0012565824436023831 -0.01295008696615696 -0.00923319160938263 -0.0003953077248297632 0.0009066473576240242 -0.004376239143311977 0.008793067187070847 0.007142283488065004 -0.005462775006890297 -0.0005241043400019407 -0.0012785808648914099 -0.00101080525200814 0.004127230495214462 -0.0020954145584255457 -0.0028339140117168427 -0.003719459753483534 -0.00043456139974296093 -0.0021682404913008213 -0.0006058290600776672 0.0012594646541401744 0.0005356030887924135 0.004764572251588106 0.0016273250803351402 -0.0022310095373541117 -0.010691755451261997 -0.0007257512188516557 -0.04668315872550011 0.023285146802663803 0.06972432136535645 0.009290967136621475 -0.15191549062728882 0.0429050587117672 -0.0018398098181933165 -0.054916299879550934 -0.017297349870204926 0.03204391896724701 0.001756769954226911 -0.05308280140161514 -0.0902908444404602 0.05159561708569527 0.0036283768713474274 -0.030285222455859184 0.0835900828242302 -0.026447279378771782 -0.045422691851854324 -0.0443071648478508 -0.03136007860302925 -0.007449482101947069 0.10358668863773346 -0.056841373443603516 0.07882928103208542 -0.1168871745467186 0.005585792940109968 -0.0974576398730278 -0.06540018320083618 -0.0452573299407959 0.09351903200149536 -0.002483374672010541 0.0015132505213841796 0.07176554203033447 -0.019531963393092155 -0.0874282643198967 -0.07353557646274567 -0.05097780004143715 0.07018275558948517 -0.07740069180727005 0.05549602210521698 -0.121589794754982 -0.0990561991930008 0.04322562739253044 -0.04920940101146698 -0.024756142869591713 -0.09953974932432175 -0.02193344570696354 -0.0031092094723135233 0.04320273548364639 -0.005724573507905006 -0.04948238655924797 0.07277891039848328 0.06159762665629387 -0.04666924476623535 -0.09461391717195511 0.018409771844744682 0.02857181802392006 0.041376855224370956 0.027117164805531502 0.10595240443944931 -0.0022687376476824284 0.04089413583278656 0.01863224059343338 0.11304479092359543 0.017559798434376717 -0.05427079647779465 -0.016685601323843002 -0.13169895112514496 -0.06891338527202606 -0.050752926617860794 -0.005042198114097118 0.06466005742549896 0.07785290479660034 -0.08961641043424606 0.10994609445333481 -0.12671688199043274 -0.01710381917655468 -0.09132244437932968 -0.01575930416584015 -0.06320559233427048 -0.010864179581403732 -0.049101848155260086 -0.01723548024892807 0.003918044734746218 0.11223630607128143 0.08417031168937683 0.069410540163517 -0.03882116451859474 -0.07361169904470444 0.02992733009159565 -0.006649598479270935 -0.0529746413230896 0.035701923072338104 -0.04051337018609047 -0.09371975064277649 -0.02360950969159603 0.05154263973236084 -0.05409964546561241 -0.03456173837184906 0.08408643305301666 0.08604127913713455 -0.043694913387298584 0.0005950664053671062 0.0768456980586052 0.04163329303264618 0.02528698369860649 -0.10851533710956573 -0.01530326809734106 0.011066657491028309 0.08619159460067749 -0.08658993244171143 -0.07963239401578903 -0.07559557259082794 0.0012406400637701154 0.060421835631132126 0.09174417704343796 -0.08509114384651184 0.014869054779410362 0.014875651337206364 0.06881608068943024 0.10898027569055557 0.02660176530480385 0.039228957146406174 -0.050421979278326035 -0.06287085264921188 0.03842250257730484 0.023256083950400352 -0.02803863026201725 0.01576872542500496 0.011232453398406506 -0.00024401584232691675 -0.002878272207453847 0.01405653078109026 -0.0022482320200651884 0.0029321794863790274 0.005124223884195089 0.027770496904850006 0.005251046270132065 -0.006703353952616453 0.012936383485794067 -0.0017166987527161837 -0.011744106188416481 -0.00563474977388978 0.005693056154996157 0.00010200222459388897 0.006767414975911379 0.010198513977229595 -0.013256436213850975 -0.04639877378940582 -0.0078676026314497 0.03521820530295372 0.017559848725795746 0.014829417690634727 0.0030089542269706726 -0.03892996907234192 -0.0002414109039818868 0.0020928545854985714 -0.01516459509730339 -0.04614691808819771 -0.03884213790297508 -0.0003939543676096946 0.026948820799589157 -0.00955774076282978 -0.027333158999681473 0.0200820192694664 -0.0013349000364542007 -0.0004207974416203797 0.0014401490334421396 0.0038860102649778128 0.03541231155395508 0.006682448089122772 0.029995422810316086 0.004880425985902548 -0.004876734688878059 0.0016489929985255003 -0.006268433295190334 -0.0016060698544606566 -0.029171288013458252 -0.0036839907988905907 0.01989832893013954 0.01463395543396473 -0.0026009599678218365 0.0070388237945735455 0.03984881564974785 -0.012375805526971817 0.007781255524605513 -0.010751643218100071 -0.017801785841584206 0.00990960095077753 -0.019369587302207947 -0.0021045920439064503 -0.0007967795827426016 -0.0011321969795972109 -0.06912688910961151 -4.861950856138719e-06 -0.0038977935910224915 0.026698941364884377 -0.009057201445102692 0.003177295671775937 0.03856543451547623 -1.495902429704543e-10 0.011265727691352367 -0.0018904556054621935 0.0003635358007159084 0.0037266453728079796 -0.021776730194687843 0.0002424526755930856 0.020337184891104698 -0.01624971255660057 0.00039291984285227954 0.060424625873565674 -8.396887278649956e-05 -6.0152376413213915e-09 -0.0007769463700242341 0.0016385407652705908 0.0002350267459405586 -0.004996538627892733 -0.004312639590352774 -0.009285287000238895 4.655354157723224e-10 0.007538542151451111 0.0017944516148418188 -0.007636234629899263 0.007028503343462944 -0.01146783959120512 -0.003755961311981082 -0.01189231127500534 0.0008651584503240883 9.196325834182062e-08 -0.007798871956765652 0.043148674070835114 -0.0016546226106584072 -0.05060744285583496 -0.0033733006566762924 -0.00044775372953154147 0.01286921463906765 -0.0010698921978473663 -0.025814397260546684 -0.01988351158797741 -0.034453123807907104 -0.010623794980347157 -0.004224251490086317 -0.0066830869764089584 -0.019280778244137764 -6.1832028386277216e-09 -0.020665397867560387 0.00155528518371284 -0.006744948215782642 -0.00789804756641388 -0.0024767383001744747 1.871286940513528e-06 -0.015445210039615631 -0.009778207167983055 -0.01978139393031597 0.0004434859147295356 0.060325294733047485 0.019579989835619926 -0.01564929075539112 -0.04172069579362869 -0.11605608463287354 -0.057303618639707565 -0.04302002489566803 -0.011931794695556164 0.04378528520464897 -0.004143178462982178 0.050846945494413376 0.05457589030265808 -0.036470603197813034 0.025078019127249718 -0.11628346145153046 0.030380260199308395 -0.08191201835870743 -0.0004899376071989536 0.05889011174440384 -0.053456008434295654 -0.056789580732584 0.05279605835676193 0.07032402604818344 0.10314386337995529 0.023528678342700005 0.09694267064332962 -0.06094209477305412 -0.03598199412226677 0.11579673737287521 0.00036221364280208945 0.017763517796993256 0.038139890879392624 -0.0688907653093338 0.026154331862926483 0.0710861012339592 0.0925259217619896 0.1028677225112915 -0.0014107867609709501 -0.10095033049583435 -0.03615978732705116 0.07218948751688004 -0.01447427086532116 -0.06539526581764221 -0.07376020401716232 0.06909450143575668 -0.12107870727777481 -0.021555263549089432 -0.05100353807210922 -0.04919079318642616 -0.04713616147637367 -0.043710533529520035 -0.04684638977050781 0.1333320140838623 0.0932297334074974 -0.019137024879455566 -0.11548798531293869 0.02251746505498886 0.029725931584835052 0.028851237148046494 -0.14200592041015625 -0.012323413975536823 -0.10486448556184769 0.09771929681301117 0.03254605084657669 -0.06203646585345268 0.01934368908405304 -0.013156990520656109 0.0038282889872789383 0.04231521859765053 0.00844376441091299 -0.007940432988107204 -0.011098443530499935 0.036845214664936066 -0.027328170835971832 -0.005328033585101366 -0.05198291316628456 -0.02100098505616188 0.015996934846043587 -0.07391742616891861 -0.004119035322219133 -0.03049769252538681 -0.007693037856370211 -1.274772110093636e-08 -0.003991377539932728 0.0591377317905426 0.07403513789176941 0.07732882350683212 -0.01034558191895485 0.07161853462457657 0.03461157903075218 -0.005692613776773214 -0.02338189072906971 -0.016176246106624603 -0.05005184933543205 0.032201822847127914 -0.07099486887454987 -0.07467642426490784 -0.0015014715027064085 0.07767416536808014 -0.02484578639268875 0.003955984953790903 4.49854233863789e-08 -0.030481534078717232 -0.003939926158636808 0.02796326018869877 -0.014380625449120998 0.032370440661907196 -0.025617778301239014 -0.0551721453666687 -0.0071810157969594 -0.03736357018351555 -0.004105000756680965 -0.043534502387046814 0.04580146074295044 -0.059120528399944305 -0.0010394541313871741 -0.04471071437001228 -0.053716156631708145 0.00012912722013425082 -0.07695554941892624 -0.004674235824495554 -0.08937080204486847 0.0015957242576405406 -0.028270626440644264 -0.04109612852334976 -0.02035840041935444 -0.03561912477016449 -0.0012617353349924088 0.020711295306682587 0.0350523479282856 0.050678156316280365 0.08057143539190292 -0.09497835487127304 -0.08861864358186722 0.052170462906360626 0.12753711640834808 -0.02822391875088215 0.07330963015556335 -0.08554297685623169 -0.12777318060398102 0.014350653626024723 0.024630945175886154 0.04458557441830635 0.07389434427022934 -0.052823878824710846 -0.07437142729759216 -0.014700040221214294 0.09920139610767365 0.054020579904317856 -0.030572740361094475 -0.10557572543621063 0.09144684672355652 -0.06337200105190277 0.06896693259477615 0.05012761056423187 0.1045699343085289 -0.09138157963752747 0.007850777357816696 -0.09187707304954529 -0.012289161793887615 -0.06979699432849884 -0.0016764011234045029 -0.10370651632547379 0.06761693954467773 0.04468553513288498 0.10152368992567062 -0.06484755128622055 0.02352002076804638 0.06733708083629608 0.07683341205120087 -0.018261628225445747 -0.09026587754487991 -0.06459759175777435 -0.02018338069319725 -0.08406975865364075 -0.0022495370358228683 0.09703847020864487 0.047615714371204376 0.09892478585243225 0.0960533544421196 -0.06174734979867935 0.020669953897595406 0.09426889568567276 0.07534864544868469 -0.05634487792849541 -0.011834905482828617 0.0032658083364367485 -0.09055513143539429 -0.0784117728471756 0.05152434483170509 0.058527231216430664 0.08408506214618683 0.0713765099644661 0.06342566013336182 -0.08223819732666016 -0.01535977702587843 -0.1343884915113449 -0.09943283349275589 -0.05096239596605301 0.0079486183822155 -0.010120845399796963 0.05538226291537285 -0.03324452415108681 0.12932436168193817 -0.07470336556434631 0.007679118774831295 0.051256436854600906 0.02306017465889454 0.06872811913490295 -6.868795026093721e-05 0.03087887354195118 -0.0030312337912619114 0.055276770144701004 0.04736778512597084 0.06373683363199234 -0.019145194441080093 0.0063176993280649185 -0.05935997888445854 -0.04584282636642456 -0.027906902134418488 0.12457522004842758 -0.08239372074604034 0.07956787943840027 0.07854688167572021 -0.08831609785556793 -0.04819728806614876 0.07121167331933975 0.12687675654888153 -0.009082765318453312 -0.06253989785909653 0.10976466536521912 -0.05303974822163582 -0.018550503998994827 -0.0223443154245615 0.03964679315686226 -0.06638288497924805 -0.07327386736869812 -0.10990556329488754 -0.10311310738325119 -0.04278193414211273 -0.02283971570432186 -0.05487048998475075 0.06157238781452179 -0.08806630223989487 -0.04265155270695686 0.047891389578580856 -0.011766704730689526 -0.10448751598596573 -0.0780467838048935 -0.0868324562907219 -0.057927630841732025 -0.04906059056520462 0.12449630349874496 -0.09273689985275269 0.09958516061306 0.018026353791356087 -0.08901505172252655 -0.05643905699253082 0.06309918314218521 0.0629974752664566 -0.03335774689912796 -0.04661819338798523 -0.04959695041179657 0.05571344494819641 -0.02421373501420021 -0.04721293970942497 -0.07112133502960205 0.03452952578663826 -0.049570415169000626 -0.04186449572443962 -0.09232983738183975 0.027815023437142372 -0.0621146485209465 -0.035839591175317764 0.018863793462514877 -0.03737592324614525 0.07660609483718872 -0.006868055090308189 -0.11989810317754745 -0.005025296472012997 -0.006527240853756666 -0.02568456158041954 -0.043597567826509476 0.06021777540445328 0.07716810703277588 -0.021472889930009842 -0.07369735836982727 -0.03791525959968567 0.03489406406879425 0.029626967385411263 -0.055631935596466064 -0.03650273010134697 0.038726501166820526 -0.07268186658620834 0.07111865282058716 -0.013120366260409355 -0.0810149759054184 -0.07379819452762604 -0.029001304879784584 0.04571162536740303 0.051056064665317535 0.01695908047258854 -0.022702563554048538 -0.08032765984535217 0.027249092236161232 -0.04452415183186531 -0.026125077158212662 0.03276698291301727 -0.012460517697036266 -0.009581193327903748 -0.021123822778463364 0.018147587776184082 0.0052111269906163216 0.01201540045440197 -0.06201658770442009 0.0818525105714798 -0.06901054084300995 0.03782183304429054 0.028370853513479233 -0.03977292776107788 0.04575914144515991 0.053191546350717545 -0.09708551317453384 0.0008887337753549218 0.12910284101963043 0.09740837663412094 0.02634446881711483 0.02931131049990654 0.020093390718102455 -0.05736821889877319 0.07250766456127167 -0.13298621773719788 -0.013713073916733265 0.12288662046194077 0.13944965600967407 0.04604492336511612 -0.0073667182587087154 0.003506006207317114 0.018429206684231758 -0.030621778219938278 -0.06583111733198166 0.0764937773346901 -0.13245078921318054 0.0051446957513689995 -0.10361799597740173 0.046982377767562866 -0.08953549712896347 -0.027821009978652 -0.027783464640378952 0.1207643449306488 -0.10778151452541351 -0.013599543832242489 0.03515753895044327 0.03536294028162956 -0.11319068819284439 -0.0743136778473854 0.034854158759117126 -0.050759218633174896 0.050091683864593506 0.027108298614621162 -0.004895786754786968 -0.10252214223146439 -0.025844303891062737 0.095619335770607 0.05600792542099953 -0.025862352922558784 0.11455219984054565 0.038030534982681274 -0.028257781639695168 -0.0023148334585130215 0.12543118000030518 -0.07414069026708603 0.06816557794809341 -0.020779060199856758 0.0035316089633852243 0.05101997032761574 -0.012463103979825974 -0.05503268167376518 -0.030267398804426193 0.09339236468076706 -0.06868510693311691 -0.08115452527999878 0.04325703904032707 -0.08260461688041687 -0.12297561019659042 -0.05065613612532616 -0.03940442204475403 0.04219968244433403 -0.09927797317504883 -0.04074621945619583 -0.00762135349214077 -0.08984769880771637 0.07656138390302658 -0.13402159512043 -0.056136488914489746 -0.008001690730452538 -0.006551586091518402 -0.08515339344739914 0.01639101654291153 -0.032519206404685974 0.1077677458524704 -0.05654563754796982 -0.05664966627955437 -0.07669995725154877 0.07556399703025818 -0.09451217204332352 0.009231767617166042 -0.10448986291885376 -0.009658128954470158 0.10197823494672775 -0.04661969467997551 -0.014483078382909298 0.07357683032751083 0.0137736015021801 -0.08610657602548599 0.12715062499046326 0.04670630395412445 -0.04787677526473999 -0.08907013386487961 -0.06863456964492798 0.03898749500513077 -0.006541464943438768 0.05187942087650299 0.0521215982735157 -0.016972778365015984 0.016177339479327202 -0.10067347437143326 -0.034197185188531876 0.10044875741004944 -0.025298655033111572 -0.05541539564728737 -0.05324874073266983 -0.023487763479351997 0.08473356813192368 0.06845124065876007 -0.04146307706832886 0.03877505287528038 -0.010988880880177021 0.011276671662926674 -0.04795634001493454 0.030421927571296692 -0.03717021271586418 -0.02309432253241539 0.10324466973543167 -0.06877879798412323 -0.024548206478357315 0.03252366557717323 -0.006226657889783382 -0.09345122426748276 0.04316325485706329 0.10745508223772049 -0.02476225607097149 0.10657861828804016 0.002167872153222561 0.04108593240380287 -0.0919802337884903 0.020385848358273506 -0.03006354533135891 -0.022574499249458313 0.11440986394882202 0.034461408853530884 -0.002624867483973503 -0.10722621530294418 -0.050318628549575806 0.08360238373279572 6.972645678615663e-06 0.06280071288347244 -0.010398756712675095 0.02601502276957035 0.024931004270911217 0.062225859612226486 0.04874386638402939 0.04539467766880989 0.08536818623542786 0.06785836815834045 0.029165012761950493 -0.04683602601289749 0.08543489128351212 0.11107002198696136 0.12877467274665833 -0.07024625688791275 -0.01960928365588188 -0.04541037976741791 -0.09478659927845001 0.04361990839242935 0.08028962463140488 0.060295622795820236 -0.013293445110321045 -0.08462660014629364 0.022769466042518616 0.11441853642463684 0.07279570400714874 0.06562304496765137 -0.05105016380548477 -0.12324762344360352 0.0976957380771637 0.08618473261594772 -0.07474857568740845 -0.04820632189512253 0.03960186988115311 -0.09763771295547485 0.05736066401004791 -0.022525733336806297 -0.09426789730787277 -0.025926321744918823 0.09716871380805969 0.09342463314533234 0.008996950462460518 -0.06185480207204819 0.07465709000825882 -0.0629192665219307 0.025860292837023735 0.0774286761879921 0.07999101281166077 -0.006607087329030037 -8.485939906677231e-05 0.013822612352669239 -0.08180069178342819 -0.02524886652827263 -0.04452356696128845 -0.029354915022850037 0.03813716024160385 -0.11254483461380005 0.10678917914628983 -0.11176808923482895 -0.08745837956666946 -0.06055934727191925 -0.0017827278934419155 0.10754387080669403 -0.0019393612165004015 -0.013881567865610123 -0.0005687843658961356 0.09364914149045944 -0.01759873330593109 0.08049391955137253 -0.037970419973134995 0.064922034740448 0.14007894694805145 -0.11528033763170242 0.038051340728998184 -0.016942089423537254 0.12357543408870697 -0.11809398233890533 -0.10143661499023438 0.04343247413635254 0.0429857075214386 0.03582372888922691 0.06403195858001709 0.10090041905641556 0.06082713603973389 -0.057816240936517715 0.006394141353666782 0.08555654436349869 -0.03894111514091492 0.1360321342945099 0.058708008378744125 -0.0859556570649147 -0.12024722248315811 -0.03498896583914757 0.014752406626939774 -0.13058491051197052 -0.1001160517334938 0.10211249440908432 -0.007172329816967249 -0.02913794293999672 0.1207563653588295 -0.008007979951798916 0.0250417347997427 0.08791086077690125 0.1593228578567505 0.021542740985751152 -0.0217962134629488 -0.08185228705406189 -0.09299702942371368 -0.05372627452015877 -0.08767492324113846 -0.05081283673644066 -0.13876044750213623 0.0447600893676281 -0.046848736703395844 0.0596705786883831 0.05725282058119774 -0.022142017260193825 0.017917457967996597 -0.05953332781791687 -0.006919512525200844 -0.07421174645423889 -0.10089954733848572 0.05594320967793465 -0.008355747908353806 -0.02713361382484436 0.09046147018671036 -0.031675372272729874 -0.0581192672252655 -0.054045066237449646 -0.009887152351439 -0.007976802997291088 0.08093301206827164 -0.09709154814481735 0.09994912892580032 -0.035355325788259506 -0.018626103177666664 -0.10998781770467758 -0.022774668410420418 -0.08100816607475281 0.0175875686109066 0.042294781655073166 0.08841999620199203 0.04711383208632469 -0.002866624854505062 0.057787396013736725 -0.012462999671697617 -0.06881704181432724 -0.05623217299580574 0.1372326910495758 0.07050071656703949 0.07595257461071014 -0.11081914603710175 0.13055558502674103 -0.07180315256118774 0.024623535573482513 -0.02049492858350277 0.1089518666267395 -0.0534655936062336 -0.1210647001862526 0.07055915892124176 0.04713850095868111 -0.09761108458042145 0.07344303280115128 -0.05739372596144676 0.050030339509248734 0.02077253721654415 0.06816872954368591 0.05446645990014076 -0.07499710470438004 0.10466217994689941 -0.07942526042461395 -0.04355396330356598 0.04270851984620094 -0.08033982664346695 0.13308358192443848 -0.021382207050919533 0.021081160753965378 0.02776108868420124 -0.027096236124634743 -0.19162771105766296 0.03983226791024208 -0.07562021911144257 -0.10270549356937408 0.06109413132071495 0.05445302650332451 -0.015943409875035286 -0.08181644976139069 0.061529628932476044 0.027088884264230728 -0.08416979759931564 -0.09145084023475647 -0.028403539210557938 0.01637108623981476 -0.012357553467154503 0.06908803433179855 0.0010069742565974593 -0.05593368783593178 0.09736733138561249 0.09939128905534744 0.05975576117634773 -0.0830286294221878 0.008893495425581932 -0.03870993107557297 -0.1078314408659935 0.0560927577316761 -0.0843823105096817 0.11419352889060974 0.0024422230198979378 -0.0729273334145546 0.0603615827858448 0.1289285123348236 0.05546536296606064 0.06881429255008698 0.0026378233451396227 -0.10873674601316452 -0.06174219772219658 0.0691109225153923 0.0946984812617302 0.07158568501472473 -0.1301857829093933 -0.08243260532617569 -0.04850568249821663 -0.0386657789349556 0.07090426236391068 0.057866279035806656 -0.08600813895463943 0.07476520538330078 0.057103902101516724 -0.038073308765888214 -0.08781324326992035 0.08920720219612122 -0.04913165047764778 0.014005006290972233 0.014246861450374126 -0.01576394960284233 -0.04125212877988815 -0.041710060089826584 -0.015636617317795753 0.07191018015146255 -0.03392159938812256 0.013680673204362392 -0.03260734677314758 -0.09548340737819672 -0.11106445640325546 -0.0063475328497588634 -0.01902109943330288 -0.031025204807519913 0.151719868183136 -0.09576935321092606 0.07604310661554337 -0.08461140841245651 0.028534051030874252 0.0029478149954229593 -0.11733974516391754 -0.08334319293498993 -0.00209663063287735 0.012559352442622185 -0.05118254944682121 0.03918857499957085 -0.0016248192405328155 0.1328887790441513 0.0569186806678772 -0.015825895592570305 -0.07546643167734146 -0.04595668613910675 0.000527215248439461 -0.03552393987774849 -0.05605820193886757 0.0901361033320427 0.0425400473177433 0.018911683931946754 0.06355754286050797 -0.08836779743432999 0.1171276718378067 0.08814720064401627 -0.04869965836405754 -0.08283566683530807 -0.06330377608537674 -0.053816959261894226 -0.040194395929574966 -0.04587673023343086 0.0002737908507697284 -0.08817793428897858 -0.06301838904619217 -0.06400223821401596 0.0162931140512228 -0.026244644075632095 -0.07375260442495346 0.10150783509016037 0.015582446940243244 -0.07561026513576508 0.04922167584300041 -0.00915219634771347 -0.10605187714099884 -2.651220711413771e-05 0.08653220534324646 -0.08649255335330963 -0.025595566257834435 0.06716509908437729 -0.03295500949025154 0.0333448126912117 -0.055403221398591995 0.03684325888752937 -0.07612261921167374 0.011681798845529556 -0.04371775686740875 0.06303249299526215 0.03850468993186951 0.05074838921427727 -0.08416494727134705 0.05033821612596512 0.01826065219938755 0.05125368386507034 0.06545590609312057 -0.07668761163949966 0.03622374311089516 -0.015379605814814568 0.07522803544998169 -0.13386403024196625 -0.00629448750987649 -0.008965656161308289 0.006374023854732513 -0.005248804111033678 0.124491848051548 -0.06743702292442322 0.10909229516983032 0.05803601071238518 0.03547724336385727 -0.12484665960073471 -0.09916088730096817 0.06186256185173988 -0.08754447102546692 0.10608076304197311 0.05777047574520111 0.08266258984804153 0.08394208550453186 0.006040638312697411 0.12597282230854034 0.12026051431894302 0.05182421952486038 0.1003909632563591 -0.12739232182502747 0.04951141029596329 0.07179712504148483 0.07784903049468994 0.06671946495771408 -0.05352604389190674 0.08207708597183228 -0.060621026903390884 -0.07480713725090027 0.06855114549398422 0.04654046148061752 -0.038768310099840164 0.06921286880970001 0.13054899871349335 -0.015440116636455059 -0.06696382164955139 -0.036035794764757156 0.11475890874862671 0.043085888028144836 -0.06106729805469513 0.04387039318680763 -0.05125364661216736 -0.12118521332740784 -0.07140062004327774 0.09652383625507355 -0.02998208813369274 -0.0067393179051578045 -0.0403558723628521 -0.05289724841713905 0.008520696312189102 -0.03723469376564026 -0.013973887078464031 0.006867587566375732 0.08388476073741913 -0.09770318120718002 0.00296043511480093 -0.09939318895339966 0.016194019466638565 -0.061924293637275696 0.04939061030745506 -0.07633199542760849 -0.08354086428880692 -0.02095101773738861 -0.0639713928103447 0.0624377503991127 0.08034105598926544 0.08885036408901215 0.014449830166995525 0.10183428972959518 -0.07097207754850388 -0.016300301998853683 -0.09790258854627609 0.0815940871834755 -0.08965038508176804 -0.09911631047725677 0.06369180232286453 0.06511370092630386 -0.09103177487850189 -0.014971286058425903 0.01511734165251255 0.09799017757177353 -0.04894106835126877 0.0383707731962204 0.02977282553911209 -0.06663819402456284 0.10750386118888855 -0.036672502756118774 0.05533796548843384 0.05087971314787865 0.09856284409761429 0.035452861338853836 0.05961695685982704 -0.05324651673436165 0.08845743536949158 -0.044770706444978714 -0.10724999010562897 -0.031579796224832535 -0.04127821698784828 0.022090034559369087 0.022417420521378517 0.095490463078022 0.08042241632938385 -0.11485861986875534 -0.08569082617759705 0.057872921228408813 0.09055749326944351 -0.08650410175323486 -0.09347112476825714 -0.0015965697821229696 0.036129169166088104 0.0910671278834343 -0.03566718474030495 0.0654907375574112 0.12922412157058716 0.08075479418039322 -0.05085846781730652 -0.02088506706058979 -0.002831270918250084 -0.020958304405212402 0.08214619010686874 -0.010779330506920815 0.10089822858572006 0.05159458890557289 0.018469003960490227 0.06227019056677818 0.10598555207252502 0.0090192761272192 -0.02439497970044613 0.10878594219684601 -0.07376082241535187 0.0934324711561203 0.10274262726306915 -0.08455672115087509 0.07739639282226562 0.09774584323167801 -0.07376950979232788 -0.09326276183128357 -0.06734436750411987 0.09815705567598343 0.08422405272722244 0.12695114314556122 -0.06649436056613922 -0.04363240674138069 0.07613473385572433 -0.0667707547545433 0.0008186745108105242 0.0778757780790329 -0.06875573843717575 0.06722448021173477 0.035666242241859436 0.021556654945015907 0.007373061962425709 0.07202289998531342 -0.017010485753417015 0.016608726233243942 0.09084176272153854 -0.08416905254125595 0.1076798364520073 0.03764533996582031 -0.015306158922612667 0.042613428086042404 -0.06241106986999512 -0.05733008310198784 0.08162028342485428 -0.05835876241326332 0.10839927941560745 0.07079393416643143 0.0890682190656662 0.08291376382112503 -0.057965267449617386 -0.07798945903778076 0.06802313774824142 0.04554346948862076 -0.005034136585891247 -0.038205333054065704 0.01732923835515976 -0.001999496715143323 -0.0065986220724880695 -0.006245423574000597 -0.011409448459744453 0.002191113540902734 2.9603135772049427e-05 0.012039883993566036 -0.031503066420555115 -0.06596247106790543 0.010370772331953049 -0.023758158087730408 -0.004507279023528099 -0.04058664292097092 0.002829104894772172 -2.1272442154440796e-06 0.00041009410051628947 0.010207178071141243 0.0032921230886131525 -0.001745517598465085 -0.06720910221338272 -0.001415041508153081 -0.010706945322453976 -0.006331359036266804 -0.0024655801244080067 0.06981398165225983 -0.023742172867059708 -0.013399049639701843 -0.044593799859285355 -0.010596293956041336 -0.009915962815284729 0.0016456585144624114 -0.0042956313118338585 -0.00014040060341358185 -0.012246772646903992 -0.0733431726694107 -0.0009859754936769605 0.0025116256438195705 -0.002096759621053934 0.001858286326751113 -0.0007191451149992645 0.005769939627498388 0.01210062950849533 0.022483590990304947 0.024182341992855072 -0.00514389481395483 0.030669735744595528 -0.0030394799541682005 -1.8649393496161792e-06 -0.0070878141559660435 -0.019613776355981827 -0.0027381456457078457 0.0031298839021474123 -0.012457123026251793 -0.0004450255073606968 -0.002273301361128688 0.02353832684457302 0.04948188364505768 -0.004905744921416044 -0.035693101584911346 0.0016366146737709641 0.003981895744800568 -0.022970348596572876 -0.08400210738182068 -0.04305049777030945 0.018678387627005577 0.06002860516309738 -0.04709797725081444 -0.03097698837518692 -0.0057885292917490005 -0.022522874176502228 -0.07978928089141846 -0.04043010249733925 0.08611824363470078 -0.050080589950084686 -0.040289394557476044 -0.06256711483001709 -0.049784060567617416 -0.026436230167746544 -5.12717742822133e-05 0.008669680915772915 -7.413278581225313e-06 0.05604155361652374 0.10553009808063507 -0.06914684921503067 0.04575655236840248 0.11076048761606216 -0.051452431827783585 -0.06560719013214111 0.011680300347507 -0.09960126876831055 -0.07581425458192825 0.047471605241298676 -0.11970273405313492 -0.01779886707663536 -0.0032356763258576393 0.14388839900493622 -0.10431648045778275 -0.05449019744992256 -0.026858031749725342 0.01997564546763897 -0.045455820858478546 0.006007470190525055 0.013686096295714378 0.03696804866194725 0.06339297443628311 0.05532002076506615 0.025967493653297424 -0.017615584656596184 0.02055494487285614 -0.036737002432346344 -0.006933789700269699 0.052013956010341644 -0.05465236306190491 -0.06447716057300568 0.11876017600297928 0.02696518786251545 -0.028643880039453506 0.054548557847738266 -0.08251872658729553 -0.017698733136057854 0.05344449356198311 0.10987232625484467 0.024331219494342804 -0.040287163108587265 -0.011394169181585312 -0.001806724932976067 -0.000494584790430963 -0.004151747561991215 -3.2624713639961556e-05 -0.01767840050160885 -0.0241252314299345 5.340572170098312e-05 -0.004370254464447498 -0.0014894971391186118 0.008535531349480152 0.002006029710173607 -0.0023396445903927088 -4.280894215502595e-12 0.0011299869511276484 -0.014526809565722942 -0.002810765290632844 -0.000505755131598562 7.695165322729736e-07 -0.0038518267683684826 -0.003438898827880621 -0.020571118220686913 -0.04225104674696922 -0.01219658087939024 -0.03914470598101616 0.003275612834841013 0.02609921246767044 1.4634770062471603e-09 -0.006921137683093548 -0.00434937933459878 -0.014764895662665367 -0.007066617254167795 0.05053982511162758 -0.005184101406484842 4.5500550186261535e-05 -0.022158252075314522 -0.03888855129480362 0.012138428166508675 -0.00976893212646246 0.021743103861808777 -0.0037776671815663576 0.001416501123458147 -8.764786616666242e-05 0.03261089697480202 0.010345003567636013 0.03536234796047211 0.005563792772591114 -0.015703313052654266 -1.9110043467662763e-06 0.001311244210228324 -0.00248917518183589 0.034400515258312225 -0.011056422255933285 0.008570968173444271 0.004262737929821014 -0.0006758238305337727 0.009369634091854095 -0.04068896174430847 0.019129469990730286 0.0002244827337563038 -0.0009405551827512681 0.0012561160838231444 0.004059982486069202 -0.01907389797270298 -0.0031701840925961733 0.009797683916985989 0.05372602492570877 -0.05229880288243294 -0.003058016300201416 -0.018435440957546234 -0.06670741736888885 0.04313571751117706 -0.0034112290013581514 -0.017625566571950912 0.07363651692867279 0.044903531670570374 0.06561058014631271 -0.045194946229457855 0.029007406905293465 -0.0011508313473314047 -0.0392729677259922 -1.5674377865248717e-31 0.005435542203485966 0.06093120202422142 1.6870084042097235e-29 -0.009650503285229206 0.037713099271059036 0.06562117487192154 0.012601068243384361 -0.07269390672445297 -0.016417311504483223 0.006298803258687258 0.0768684446811676 0.022231560200452805 -0.029670963063836098 0.03319825232028961 -7.030949927866459e-05 -0.01790233887732029 0.004276373889297247 -0.09342212229967117 -0.007271732669323683 -0.016772199422121048 0.04063113033771515 0.020061587914824486 2.332870666156029e-29 0.008040728978812695 -0.0977020263671875 -0.02204234153032303 -0.10353250056505203 -0.07194142788648605 -0.011760007590055466 0.052134428173303604 -0.037374161183834076 0.028173131868243217 -0.04664647579193115 -0.028343791142106056 0.017327433452010155 -0.0330076701939106 0.014981342479586601 -0.005544093903154135 -0.09047738462686539 0.02019990235567093 -0.005222063511610031 -0.05821506306529045 0.11295919865369797 0.025911862030625343 -0.07023274153470993 -1.7296915757469833e-05 -0.049792028963565826 0.05845393240451813 0.06561914831399918 0.019102448597550392 0.017778193578124046 0.053249724209308624 -0.03743647038936615 -0.00034913295530714095 -0.015397943556308746 -0.030283154919743538 -0.02318516932427883 -0.09101968258619308 -0.056271180510520935 0.05294465646147728 -0.05960450321435928 -0.048520512878894806 0.055524762719869614 -0.06693307310342789 -0.015263390727341175 0.03845077380537987 -0.08340172469615936 -0.06931181997060776 -0.04402153939008713 -0.05688697472214699 -0.0845673680305481 -0.004647590219974518 -0.01311830710619688 0.007074224296957254 0.011186107993125916 -0.06536824256181717 -0.028059842064976692 -0.04779628664255142 0.06741943955421448 -0.11805638670921326 0.036641646176576614 0.07113036513328552 -0.03879198431968689 -0.029312049970030785 0.002540015382692218 -0.09778756648302078 -0.07209049165248871 -0.07246389240026474 0.03356866165995598 0.05500033497810364 -0.09373871982097626 0.009063520468771458 0.02072705700993538 -0.029214946553111076 -0.06829168647527695 0.03657936677336693 0.04872043430805206 0.0007730305660516024 -0.07036127150058746 -0.08840461820363998 -0.0381200835108757 -0.03979744017124176 0.0004815845168195665 0.01565971039235592 0.08029145002365112 -0.031300537288188934 0.026172442361712456 0.018311472609639168 0.0889243483543396 0.06317207962274551 0.05412326380610466 0.14867281913757324 0.108714759349823 -0.09102398157119751 0.02390376850962639 -0.15625712275505066 -0.06330323219299316 -0.00047751632519066334 -0.03165936470031738 -0.032824039459228516 0.1392958015203476 0.010778313502669334 0.0929948091506958 -0.06606891751289368 -0.046177368611097336 -0.07482423633337021 0.008217968977987766 -0.002648906782269478 -0.0006935633718967438 0.038058068603277206 -4.148288644501008e-05 -0.08862637728452682 0.11566068977117538 0.10186060518026352 0.03641809523105621 0.03496880084276199 -0.09800562262535095 -0.06355519592761993 0.04630148038268089 0.10295962542295456 0.0160874892026186 0.03953986242413521 0.075127974152565 0.0045956894755363464 -0.046776916831731796 0.11063117533922195 0.12250279635190964 0.048265278339385986 0.07804234325885773 0.09573803097009659 -0.02978319302201271 0.09049031138420105 -0.02390482649207115 -0.029244864359498024 0.052110183984041214 0.014014963991940022 -0.10897315293550491 0.07846666127443314 -0.01947646401822567 0.008960583247244358 -0.021110307425260544 -0.09717534482479095 -0.035247981548309326 -0.09515529125928879 -0.09308664500713348 -0.009020883589982986 -0.09320441633462906 -0.10700422525405884 0.0895661935210228 0.06945066899061203 0.014737114310264587 -0.02724861167371273 -0.10883859544992447 -0.08897244930267334 -0.04435865581035614 -0.0224599651992321 0.13129393756389618 -0.0725790485739708 0.03727158531546593 -0.005785435903817415 -0.04193425923585892 0.04855241999030113 0.13805420696735382 -0.005939828231930733 -0.03655019775032997 -0.024558821693062782 -0.0433940514922142 -0.09040994197130203 0.08700652420520782 0.0216072928160429 0.05606240779161453 0.08382751047611237 -0.014044089242815971 -0.04148198664188385 -0.1629219502210617 0.0754915326833725 0.08599308878183365 0.06944665312767029 -0.010263696312904358 -0.04389115795493126 0.052495136857032776 -0.06360441446304321 -0.07101259380578995 0.07459370046854019 0.05363502725958824 -0.015758823603391647 -0.047144815325737 0.09774728119373322 0.010115466080605984 0.05622114986181259 0.10348647087812424 0.05039967596530914 -0.0028290459886193275 -0.07640765607357025 -0.024903539568185806 0.001827581669203937 -0.014453800395131111 0.09964244067668915 0.007020937278866768 0.0747285857796669 -0.005711900535970926 0.10073654353618622 -0.0955503061413765 -0.08408726006746292 0.02152899093925953 0.1208774596452713 0.07458552718162537 -0.019724633544683456 -0.012375466525554657 -0.015342025086283684 -0.01100495457649231 0.0830664336681366 0.12713640928268433 -0.07463096082210541 -0.12170401215553284 0.11655829101800919 -0.06985729187726974 -0.05259246751666069 0.0914720743894577 -0.07694150507450104 0.04326912388205528 0.012722545303404331 0.010914552956819534 -0.10804793983697891 -0.0344855934381485 0.017850320786237717 -0.03343892842531204 0.052268438041210175 0.014809153974056244 -0.00116053712554276 0.04402407631278038 -0.10268968343734741 0.051841627806425095 -0.0662945955991745 0.04493211209774017 -0.04412950947880745 0.00012436725955922157 0.0378912054002285 -0.0016866745427250862 -0.06455036252737045 0.05468856543302536 -0.001828822074458003 0.08782575279474258 -0.013278194703161716 -0.06514815241098404 -0.012824131175875664 0.06304705142974854 -0.06242506951093674 0.004954110365360975 -0.08779563754796982 -0.1414388120174408 -0.06991563737392426 -0.026693904772400856 0.10858213156461716 0.08603209257125854 0.0403674952685833 -0.08513958752155304 -0.048546332865953445 0.025814775377511978 -0.049788448959589005 -0.04467194899916649 -0.041407279670238495 -0.027077248319983482 0.08117663860321045 0.03269444778561592 0.07593908160924911 0.009751635603606701 0.018398933112621307 0.0003076717839576304 0.015232831239700317 -0.06771861016750336 0.001380721922032535 -0.05089789256453514 -0.03598187863826752 -0.038082726299762726 0.04240608960390091 0.11251884698867798 0.016145488247275352 -0.007578399032354355 0.06198725476861 0.048056721687316895 0.017928870394825935 0.0022637255024164915 -0.08091399818658829 0.1228959858417511 0.0007474269368685782 -0.052028656005859375 0.022372286766767502 0.1020548865199089 -0.008745374158024788 0.055052269250154495 0.01423462014645338 -0.11317218840122223 0.05195097625255585 0.07099408656358719 0.01875312253832817 0.051434919238090515 0.027308635413646698 -0.11038600653409958 0.09114571660757065 0.009588831104338169 -0.03689742833375931 -0.030663195997476578 0.02372792363166809 0.06178676709532738 -0.030715160071849823 0.007953769527375698 -0.05112873762845993 0.035720959305763245 -0.04294538125395775 -0.07550881803035736 -0.06652333587408066 0.06696069240570068 -0.05022682622075081 -0.0018744631670415401 -0.027022212743759155 0.034865230321884155 0.11948401480913162 0.011783731169998646 -0.0059241438284516335 0.06265569478273392 0.023636914789676666 0.08014678210020065 -0.08973416686058044 0.07525735348463058 -0.010478471405804157 -0.07826889306306839 0.02225610241293907 -0.10053753852844238 0.1018206924200058 0.08032361418008804 -0.08772121369838715 -0.0016711837379261851 0.019312847405672073 0.09713335335254669 -0.005169849842786789 -0.13018569350242615 0.10110676288604736 0.15857964754104614 0.060740966349840164 0.03423992916941643 0.10070950537919998 -0.003772101830691099 0.04954967647790909 0.11232159286737442 -0.017058786004781723 -0.11073379963636398 -0.04631725326180458 0.10391745716333389 0.009729990735650063 0.08744166791439056 -0.15079548954963684 -0.0370875708758831 -0.06396616250276566 -0.055455226451158524 -0.01360413059592247 0.11231856793165207 0.08797336369752884 0.02257852628827095 -0.13034774363040924 -0.046342238783836365 -0.1268799751996994 -0.1063503548502922 -0.09778132289648056 -0.004289397969841957 0.023419978097081184 0.05337315425276756 -0.06102258339524269 0.05555788800120354 -0.0835326537489891 0.04492983594536781 0.07500822097063065 0.12595540285110474 -0.04242503643035889 -0.0019260738044977188 0.08923697471618652 -0.010586893185973167 -0.05987992510199547 0.03448624163866043 0.11636791378259659 -0.058623507618904114 0.11364752054214478 0.14680655300617218 -0.017430363222956657 0.0615343376994133 0.05541977286338806 -0.040188804268836975 -0.0906258225440979 0.0006412870716303587 0.010722009465098381 0.08174531161785126 0.013146881945431232 -0.06211839243769646 -0.06908925622701645 -0.11030575633049011 -0.0232503991574049 0.04096738249063492 0.09744817763566971 0.0311591736972332 0.13005560636520386 -0.07012651115655899 0.02623097412288189 -0.09647186845541 0.07268000394105911 0.08071748167276382 -0.050808344036340714 -0.1314430683851242 -0.07699430733919144 0.07223206013441086 -0.00011381972581148148 0.05903451517224312 0.1483573466539383 0.09106136113405228 -0.10699384659528732 0.003804656909778714 -0.11201158910989761 -0.08468780666589737 -0.0654086247086525 -0.030504312366247177 0.10182423889636993 -0.01460243295878172 -0.05299647897481918 0.12058472633361816 -0.08198687434196472 -0.047017671167850494 -0.006212849635630846 -0.05198155716061592 0.07220546901226044 0.03759582340717316 -0.05408310145139694 -0.046055447310209274 0.08384885638952255 -0.05436744913458824 -0.07564520835876465 -0.00803558249026537 -0.06808576732873917 0.01885177567601204 -0.08120014518499374 -0.08839895576238632 0.0902734026312828 -0.0994463860988617 0.11478716135025024 -0.14981955289840698 -0.020925337448716164 -0.04032185673713684 -0.04022868350148201 0.12741683423519135 0.09391161054372787 -0.03762148320674896 0.10513819009065628 -0.0934739038348198 0.06420952081680298 0.02211041934788227 0.008601055480539799 0.02600065805017948 0.058430347591638565 0.04155416786670685 0.10269029438495636 -0.009331290610134602 -0.02169208601117134 -0.019806701689958572 0.10313846170902252 -0.0252354945987463 -0.034224797040224075 0.09376224130392075 -0.05491696298122406 -0.026125984266400337 -0.08622928708791733 0.027229392901062965 0.06367246806621552 0.04443874582648277 0.11203734576702118 -0.11519089341163635 0.09675940126180649 -0.04866071045398712 -0.07583718746900558 0.07639016211032867 0.0473811961710453 0.07312290370464325 0.0642213299870491 -0.10312292724847794 -0.05960336700081825 -0.020460914820432663 0.029000023379921913 -0.03194121643900871 -0.03907829895615578 0.05430779233574867 -0.08290904760360718 0.024955205619335175 -0.10345097631216049 -0.045257750898599625 0.04414774104952812 0.032077252864837646 0.06415141373872757 0.027822742238640785 0.01810976304113865 0.11095254868268967 0.1001005545258522 0.07838541269302368 -0.09802544116973877 0.04600108042359352 -0.12505975365638733 -0.06775619834661484 -0.044895801693201065 -0.095973439514637 0.008512930944561958 -0.10221608728170395 0.026179272681474686 0.079679474234581 -0.03800085186958313 0.033561497926712036 0.05159716680645943 -0.09318196773529053 0.035818520933389664 -0.01801041141152382 0.054370488971471786 -0.007837292738258839 -0.10573229938745499 -0.10244525223970413 -0.020029190927743912 -0.07276374846696854 -0.04950056970119476 -0.030369754880666733 0.05648141726851463 0.030865786597132683 0.03482084721326828 -0.09898118674755096 -0.08937239646911621 0.10925353318452835 0.06392144411802292 0.041644152253866196 0.04454944655299187 0.05501805245876312 0.0772101879119873 0.0389377735555172 0.1313784122467041 0.08182517439126968 -0.0036696982569992542 0.022567516192793846 0.12765741348266602 0.005436279345303774 0.01088623981922865 -0.07520193606615067 -0.1011679545044899 0.07269793003797531 0.022360332310199738 0.046138834208250046 0.06915786862373352 -0.08871965855360031 0.11101184785366058 -0.09131170064210892 -0.10012125968933105 -0.058842968195676804 0.14585725963115692 -0.04171270504593849 0.004610250238329172 0.040564198046922684 -0.004812789149582386 0.08701430261135101 0.057654887437820435 -0.02552182786166668 -0.04842600226402283 -0.012405093759298325 -0.12327606230974197 0.1107078343629837 0.013009103015065193 0.10957089811563492 0.0772823616862297 -0.016956374049186707 0.009548382833600044 0.10350853949785233 0.11478479951620102 -0.08844957500696182 -0.12313127517700195 -0.10393350571393967 -0.021364133805036545 0.10871590673923492 -0.04805387184023857 -0.054153360426425934 -0.0020003821700811386 0.049390215426683426 -0.03621109575033188 0.03928115963935852 0.01632193848490715 0.03174370154738426 -0.08355183899402618 -0.03646066412329674 -0.016918055713176727 -0.02858566679060459 0.03374829888343811 -0.07265312969684601 -0.05861824005842209 0.07943271100521088 0.0507868267595768 0.11659115552902222 -0.03206844627857208 0.0029472943861037493 -0.0028174109756946564 -0.11797018349170685 0.02500860020518303 -0.0034301511477679014 0.12331458181142807 0.023619187995791435 0.05401922017335892 -0.059462495148181915 -0.03991153836250305 0.0145413838326931 0.02382775768637657 -0.06951795518398285 -0.04071896895766258 -0.014369286596775055 -0.04683438315987587 0.11260561645030975 -0.02494019642472267 -0.09354078024625778 -0.0501033253967762 0.011696436442434788 -0.013193836435675621 0.0034442059695720673 -0.021173443645238876 -0.005776774138212204 -0.020449241623282433 -0.000413527392083779 0.08666472136974335 -0.004094308242201805 -0.042544104158878326 0.023122191429138184 -0.07470501214265823 -0.09277144819498062 -0.07138235121965408 0.016808249056339264 0.008288400247693062 -0.0743151381611824 0.006818421185016632 -0.08072487264871597 -0.07732196897268295 0.04579778015613556 0.10286960750818253 0.07127727568149567 -0.04635722190141678 0.0312822200357914 0.04699616879224777 -0.006831069942563772 -0.023951170966029167 -0.04090995341539383 -0.040508147329092026 0.03680426999926567 0.0827479213476181 0.003282989840954542 0.08789782226085663 -0.003889117855578661 0.053707223385572433 -0.025705130770802498 -0.029882222414016724 0.05783749744296074 0.09730825573205948 0.0681072399020195 -0.00699655432254076 -0.10432662814855576 0.02711806446313858 -0.06106097623705864 0.016175126656889915 -0.010810233652591705 0.04555438458919525 -0.03018740378320217 0.06084481254220009 -0.004550962708890438 0.06315530836582184 -0.08695362508296967 0.10465829074382782 0.04318235069513321 -0.09547951817512512 -0.04189047962427139 -0.03593038022518158 0.06656418740749359 0.0845525711774826 -0.02251908741891384 -0.054614003747701645 -0.04510650038719177 0.07542187720537186 0.031396884471178055 0.02374282479286194 0.00024208941613323987 -0.03339015692472458 -0.010384827852249146 -0.08386389911174774 -0.015506312251091003 0.0712788924574852 0.02972348965704441 0.046692851930856705 -0.05062403157353401 -0.05143279582262039 -0.1063370406627655 0.09279608726501465 0.08320204168558121 0.04532979056239128 -0.019716260954737663 -0.01759536750614643 -0.019858036190271378 -0.04328319802880287 -0.02765343338251114 -0.12976442277431488 0.018470399081707 0.019379597157239914 0.06017174571752548 -0.036175187677145004 -0.006576007232069969 -0.01689835451543331 0.01858004368841648 -0.07418372482061386 -0.0008302669157274067 0.049697477370500565 -0.015602068044245243 0.10111739486455917 0.01538350060582161 0.045061226934194565 0.0854235514998436 0.01726548932492733 -0.02296239696443081 -0.08901571482419968 0.023044727742671967 0.07825421541929245 -0.04584653303027153 -0.1204468384385109 0.05117737874388695 0.008688916452229023 0.011198286898434162 -0.09474501013755798 0.06300811469554901 -0.02982884645462036 -0.014129147864878178 0.06864497810602188 0.010468644089996815 0.09351518750190735 -0.020002366974949837 -0.022000158205628395 0.034966617822647095 0.00542433699592948 0.02777273952960968 0.06222895160317421 0.08928965032100677 -0.03458954393863678 -0.01809432916343212 0.03794378787279129 0.041262127459049225 -0.01950492337346077 -0.05246914550662041 0.0019302315777167678 0.0227219071239233 0.014143366366624832 0.02283843420445919 -0.10211721807718277 -0.10618533939123154 -0.011494124308228493 -0.07811006158590317 -0.021996676921844482 -0.038235172629356384 -0.0073580387979745865 -0.023137392476201057 0.09102309495210648 0.05824633315205574 -0.04356168210506439 0.01498648151755333 -0.05751373618841171 0.03344471752643585 0.0736885517835617 0.05045865848660469 0.08087363839149475 -0.03667270392179489 0.01390733104199171 -0.002773427404463291 0.02314724214375019 -0.008945577777922153 -0.09492621570825577 0.03788062930107117 -0.07218421250581741 0.11060207337141037 0.009867684915661812 0.010870992206037045 -0.023449979722499847 -0.028574256226420403 -0.056752219796180725 0.1133161336183548 -0.061711207032203674 0.0027196495793759823 0.043489694595336914 0.02295297011733055 -0.018852781504392624 0.03205078840255737 0.008955688215792179 0.010704035870730877 -0.04721856489777565 0.10170591622591019 -0.05028136074542999 -0.03313148766756058 0.07795450836420059 0.09481218457221985 0.041154272854328156 -0.007531034294515848 0.00828491896390915 0.0354454480111599 0.014567033387720585 0.031034531071782112 0.03984133526682854 -0.04865294322371483 -0.03130532428622246 0.08105122298002243 0.024477941915392876 -0.03611190617084503 -0.03963102400302887 -0.044953275471925735 -0.03531333804130554 0.010454841889441013 -0.09443064779043198 0.052235476672649384 -0.08789036422967911 0.01721053384244442 -0.01076829619705677 0.01881084032356739 -0.05383872613310814 -0.048303477466106415 0.03158878535032272 -0.020763272419571877 0.04944031685590744 -0.02224421687424183 -0.06758293509483337 0.07611586898565292 -0.0762094184756279 0.05270382761955261 -0.09477876126766205 -0.03208896890282631 -0.02778852917253971 -0.03972049430012703 -0.007353648077696562 0.018441947177052498 -0.04889030382037163 -0.0808827131986618 0.030160361900925636 -0.06039350852370262 0.009257763624191284 -0.06457797437906265 -0.03406914696097374 0.06462214142084122 -0.04775427281856537 0.0006828396581113338 -0.08943265676498413 -0.026894070208072662 -0.026742560788989067 0.04102017357945442 -0.034230563789606094 0.0030777021311223507 0.07435711473226547 0.05850262567400932 -0.018405526876449585 -0.0284231286495924 -0.07330164313316345 0.0721714124083519 0.05137855187058449 -0.04625773802399635 0.0072779846377670765 -0.04037761315703392 0.00621843384578824 0.0001223096187459305 0.0004677682009059936 -0.0010572790633887053 0.0010112185264006257 -0.0021716412156820297 0.006163015495985746 0.032076869159936905 0.025615422055125237 -0.016158387064933777 0.009927469305694103 0.00698262732475996 0.0009978384478017688 -0.005295075010508299 -0.0036340311635285616 -0.00011350683780619875 0.011039393953979015 0.0029129486065357924 0.027626194059848785 -0.00011408102727727965 -0.022829998284578323 9.825450433709193e-06 -0.003254462732002139 0.0030624479986727238 0.002427594270557165 -0.05010833218693733 0.015778863802552223 0.00017022360407281667 -0.021754546090960503 0.00898522324860096 -0.003954610321670771 -0.0008435669587925076 0.014738364145159721 -6.310386879704311e-07 -0.010138231329619884 -0.01316880527883768 9.466333722230047e-06 0.0011598451528698206 0.001500681391917169 0.009963742457330227 -3.732108962140046e-05 0.04692681133747101 -0.030881356447935104 -0.028014924377202988 -0.037886373698711395 -0.0032052488531917334 0.03669899329543114 0.00018902846204582602 1.0727325161496992e-07 -0.00687418645247817 -0.0024583011399954557 0.005553781520575285 0.0008762655779719353 -0.001022982643917203 -3.3882679417729378e-06 -0.0003222608647774905 0.005055295303463936 0.04514843970537186 -0.00021194118016865104 0.017060186713933945 0.0019511061254888773 -0.003066909732297063 0.13968415558338165 0.14510047435760498 -0.0235800351947546 -0.007752943318337202 -0.024447845295071602 -0.17531637847423553 0.04997219145298004 -0.03882285952568054 0.04047268629074097 -0.060903117060661316 -0.020832372829318047 -0.10134100914001465 0.032013699412345886 -0.04065552353858948 -0.0025238506495952606 0.1036984920501709 0.12785476446151733 0.03864046186208725 -0.08508161455392838 -0.08331932872533798 -0.043671075254678726 0.028277957811951637 0.12672124803066254 0.08281005918979645 -0.038053832948207855 0.015031188726425171 -0.07748450338840485 0.04397027939558029 -0.009159313514828682 -0.08782871067523956 -0.013968068175017834 -0.08159811794757843 0.06205090880393982 -0.016921361908316612 -0.06261619180440903 0.0561765655875206 0.055056095123291016 0.04656356945633888 0.06438504159450531 -0.05868019163608551 -0.061256587505340576 0.06995519995689392 0.12515589594841003 0.05508853495121002 0.07329180091619492 -0.14033810794353485 0.029440075159072876 -0.0028850764501839876 0.06758132576942444 -0.07430684566497803 -0.11914963275194168 -0.10509460419416428 -0.007278012577444315 -0.07291173189878464 0.05576719343662262 -0.17413753271102905 0.059592243283987045 -0.010617498308420181 -0.08051804453134537 -0.01356146577745676 -0.025906164199113846 -0.044755157083272934 0.0047658649273216724 0.061640627682209015 -0.08681432902812958 0.01400651503354311 0.07038706541061401 -0.05168437957763672 -0.005065953824669123 0.021628281101584435 0.024890301749110222 0.07463330775499344 -0.022992048412561417 -0.03259551525115967 0.017392506822943687 -0.02940850332379341 -0.05775262042880058 -0.0033150971867144108 -0.002317853271961212 -0.04740707576274872 -0.00107960042078048 -0.03931272029876709 0.04863857477903366 -0.05889702960848808 0.07134008407592773 5.329009218257852e-05 -0.05647417530417442 -0.014382680878043175 -0.00973128154873848 -0.0001115517079597339 -0.09474059194326401 0.0635659471154213 -0.004302048124372959 0.02277328073978424 0.0024441515561193228 -1.688634256424848e-05 0.041918523609638214 -0.037148091942071915 -0.02812032401561737 -6.254928037601561e-26 -0.07995340973138809 0.007532108575105667 -8.102077799776453e-07 0.048064421862363815 -0.04741895943880081 0.03890412300825119 0.00014527987514156848 0.09704145044088364 -0.038172513246536255 -0.0008857802022248507 0.014506916515529156 -0.07969748228788376 0.06828375905752182 0.003796017961576581 -0.0006591063574887812 0.04692735895514488 -0.052244480699300766 -0.06653089076280594 -0.03811638057231903 0.028113070875406265 6.984356355297699e-30 2.328864957566619e-31 -0.077699676156044 -0.05083170905709267 7.913383342383895e-06 0.07262160629034042 0.006002859678119421 -0.021613700315356255 -0.004990822169929743 -0.0010621972614899278 -0.0019786939956247807 -0.00022775139950681478 -0.010858124122023582 0.0027196072041988373 -0.0005755433812737465 -0.0028084146324545145 0.0018688749987632036 -0.0017950304318219423 -0.004951473791152239 -0.008057923056185246 0.0011479593813419342 -0.0012978699523955584 -0.004203662276268005 -0.004427678883075714 -0.0008573317318223417 -6.684023537673056e-05 -0.0007710622157901525 -0.001440234947949648 -0.004145050421357155 -0.004669788293540478 -0.005941575858741999 -0.006009169854223728 -0.003550871042534709 -0.0028506270609796047 0.00010208845196757466 0.0028480489272624254 -0.0019035192672163248 0.001018004841171205 -0.0013131218729540706 -0.01183127611875534 0.002500880043953657 -2.9922002795501612e-05 -0.004260104149580002 -0.01210831943899393 -0.005759724881500006 0.0008370306459255517 -0.0013780698645859957 -0.0038689984939992428 -0.003331537591293454 -0.002517271088436246 -0.005979081150144339 -0.0029614155646413565 -0.006229904945939779 0.006097058299928904 0.00030652209534309804 -0.0024808745365589857 -0.0017879917286336422 -0.002032230142503977 -0.011504136025905609 -0.0002644200867507607 -0.0028870347887277603 -0.007223507389426231 -0.002126704901456833 -0.002914841752499342 -0.006052367854863405 -0.017843343317508698 -0.0002609271614346653 -8.8607041107025e-05 -0.015276347286999226 0.0029365841764956713 -0.00021982441830914468 -7.147764699766412e-05 -0.011375022120773792 0.005120901390910149 0.02307116985321045 0.0035854929592460394 4.244471240367193e-30 -0.02115781232714653 -0.01595926843583584 -0.0008222452597692609 -0.00013015813601668924 -0.04379735887050629 -0.05252259597182274 0.04453994333744049 -2.602580025268253e-05 0.022900057956576347 1.4004898503117147e-06 -0.07150476425886154 0.02077414281666279 -3.726052355546017e-09 -0.0032763085328042507 0.0019493697909638286 0.08951053768396378 1.2445239892973766e-27 -0.04930487275123596 1.3957415490040148e-07 -0.0004166754079051316 -8.592607164623798e-30 -0.001777513651177287 0.042214635759592056 0.013376063667237759 -3.950266091123922e-06 -0.03813588246703148 -2.7729115634699657e-28 0.017816664651036263 0.00530035886913538 -0.0081686582416296 -5.131334896367672e-30 -0.02327154576778412 0.03913785144686699 1.9996602986793732e-06 0.0007364038610830903 -0.004280097782611847 0.0018232130678370595 8.103779723386893e-28 -0.012884681113064289 0.06283217668533325 -0.01017915178090334 -0.07667175680398941 -0.0016309877391904593 -0.009605606086552143 -3.380222324267379e-07 1.256983094922985e-28 -0.01844700425863266 -0.06258843094110489 0.03638515621423721 -0.0006602699868381023 0.004253958351910114 6.080577798263463e-28 -1.6768933358823667e-27 -0.050907887518405914 -0.0030057423282414675 -1.7532510532475246e-24 -0.07435266673564911 2.6183101908827666e-06 0.04062962532043457 0.04819529503583908 0.10166868567466736 -0.11006443202495575 -0.0034031590912491083 0.02092079445719719 -0.1731700748205185 0.0717078447341919 -0.028209393844008446 -0.05060277879238129 0.11626934260129929 -0.11661435663700104 0.13148966431617737 -0.11729419976472855 0.0741381123661995 -0.09146030247211456 -0.05103321745991707 -0.038812439888715744 -0.00474767480045557 0.006634305231273174 0.025262054055929184 -0.04250076040625572 0.013322613202035427 0.07849163562059402 0.060901448130607605 0.025346826761960983 -0.03187495842576027 -0.11058167368173599 -0.12483078986406326 0.045020535588264465 -0.023588519543409348 0.01160183735191822 -0.060725826770067215 -0.004154583904892206 -0.04565592482686043 0.06632282584905624 0.12224090099334717 0.04536639153957367 -0.062203582376241684 -0.05370853468775749 0.044652536511421204 0.11956379562616348 -0.03565169498324394 0.09135681390762329 0.05971686542034149 -0.12293466925621033 -0.10435086488723755 0.04850838705897331 -0.027844684198498726 -0.07816015183925629 -0.010822685435414314 0.013945634476840496 -0.04330842196941376 -0.083185113966465 0.0018878274131566286 -0.015229703858494759 -0.11619717627763748 0.06137190759181976 0.06169433146715164 -0.08918289095163345 0.05850594490766525 0.14140720665454865 -0.06147310137748718 -0.03735153004527092 -0.06765519827604294 0.0051451176404953 0.011044233106076717 -0.04481097310781479 -0.007953877560794353 0.001242028083652258 -0.003930249251425266 0.01393255777657032 0.02869080938398838 -0.012372256256639957 -0.024780014529824257 -0.00031394491088576615 0.03552732989192009 0.004244436509907246 0.039033208042383194 -0.000975308008491993 -0.0015465925680473447 0.01831582747399807 -0.0004155741189606488 0.004016726743429899 -0.008633261546492577 -0.019031288102269173 0.04365904629230499 -0.041281044483184814 -0.017684482038021088 -0.003946384415030479 0.012691940180957317 -0.0065869539976119995 -0.0664832666516304 -0.013344806618988514 -0.00417859572917223 0.054986074566841125 -0.0011598932323977351 0.058684397488832474 -0.005021037068217993 0.01276735682040453 -0.01898348331451416 0.04107591137290001 -0.0029973776545375586 0.01443187054246664 0.021714286878705025 0.020900730043649673 0.0019145228434354067 0.0020702253095805645 0.039309218525886536 -0.0008367810514755547 -0.015131784602999687 -0.0022973448503762484 0.020977633073925972 -0.020837273448705673 -0.001139397150836885 -0.0015349984169006348 0.0010341181186959147 -0.023823987692594528 -0.06698473542928696 -0.06095628812909126 -0.0007172198384068906 -0.004524410702288151 -0.025526121258735657 0.05919763073325157 0.001660762820392847 -0.06011657789349556 0.005724893882870674 0.03341767191886902 -0.00024285078688990325 -0.07044664025306702 0.09598347544670105 0.07072813808917999 -0.026015324518084526 0.06520351022481918 -0.04246697947382927 -0.03857580944895744 0.04729824885725975 0.08388713747262955 0.08443424850702286 -0.03349211439490318 -0.09614250808954239 0.056393127888441086 -0.02567826397716999 -0.031242620199918747 0.0154122831299901 -0.007814689539372921 -0.011780904605984688 -0.052821360528469086 0.03782326728105545 0.053419388830661774 -0.061640623956918716 0.048819221556186676 -0.010003232397139072 -0.06041788309812546 -0.09091708064079285 0.06500464677810669 0.1106593981385231 0.07451816648244858 -0.006883355788886547 0.03480679914355278 0.11222930997610092 0.014653310179710388 0.0017820681678131223 0.025198785588145256 -0.05631386488676071 0.01996263675391674 -0.0871381163597107 -0.028318000957369804 0.0633704662322998 0.04310031235218048 0.0007288939086720347 -0.08422341197729111 -0.0573369599878788 0.08302891254425049 -0.07336259633302689 -0.008024798706173897 0.03449159860610962 -0.0028308213222771883 0.021847354248166084 -0.036904476583004 -0.09086126834154129 0.074656181037426 -0.10774209350347519 -0.021659910678863525 0.07445097714662552 0.022891106083989143 -0.08646410703659058 -0.05925869941711426 0.003222215222194791 -0.023266756907105446 0.07660888880491257 -0.0626327395439148 0.01974879950284958 -0.009298335760831833 0.10154157876968384 -0.027643688023090363 -0.0025942083448171616 -0.03664471209049225 -0.03287779912352562 -0.02333827316761017 -0.003398026805371046 0.026683207601308823 0.05165072903037071 0.03437982127070427 -0.0824902132153511 -0.038919251412153244 0.02225242741405964 -0.06036905571818352 -0.029777590185403824 -0.021644361317157745 -7.813327442818263e-07 -0.039360690861940384 -0.025840068235993385 -0.007068831939250231 -0.029982471838593483 0.08902374655008316 0.08787211030721664 0.015124237164855003 0.0999528095126152 -0.0162760391831398 -0.058713264763355255 -0.032042164355516434 -0.0657624900341034 0.05380363389849663 -0.005459865089505911 0.022207222878932953 -0.0023196290712803602 0.03045038878917694 -0.01506919413805008 -0.04264215752482414 -0.01100509986281395 -0.04621939733624458 -0.020663080736994743 -0.004391779657453299 -0.010001546703279018 -0.11248794943094254 -0.047736868262290955 -0.08320393413305283 -0.06064153462648392 0.0293100718408823 -0.01824313960969448 -0.020446527749300003 -0.03172352537512779 0.02649492770433426 -0.01094804611057043 -0.035678986459970474 0.09785236418247223 -0.023016534745693207 -0.06380705535411835 -0.06106235086917877 0.03886798769235611 -0.010514641180634499 0.020034991204738617 0.03411893919110298 -0.03798118606209755 -0.0507306344807148 -0.010892169550061226 -0.0661601647734642 0.024218076840043068 -0.04300650581717491 -0.03241180628538132 -0.0620458722114563 0.0635523572564125 -0.0005940635455772281 -0.031802959740161896 0.0003591675194911659 0.025236424058675766 0.019434938207268715 -0.0672995001077652 -0.03769011050462723 -0.054112695157527924 -0.03608478233218193 -0.0047045620158314705 0.012117418460547924 -0.02189873531460762 -0.07862294465303421 -0.004528687801212072 0.040294162929058075 -0.03453875705599785 -0.1105121374130249 -0.04598567262291908 -0.0588538758456707 0.12094351649284363 -0.03156472370028496 0.020710444077849388 0.01150299608707428 0.09187198430299759 -0.03944321721792221 0.0031773813534528017 -0.019998978823423386 0.01653582602739334 0.03917662426829338 -0.07544481009244919 0.010689056478440762 -0.05153702571988106 -0.024055225774645805 -0.004596312064677477 0.05824446305632591 -0.02941787987947464 0.061246175318956375 -0.06958357244729996 0.12983635067939758 0.0152162229642272 0.04321399703621864 -0.02229337766766548 -0.041378386318683624 -0.04430464282631874 0.02011420764029026 -0.019651034846901894 -0.08285227417945862 -0.03777531534433365 0.01798909716308117 0.04881947115063667 0.06525911390781403 0.009199295192956924 0.020199136808514595 -0.037946850061416626 0.005085894837975502 -0.025219552218914032 -0.0654119998216629 -0.04890236258506775 -0.021436819806694984 -0.11648275703191757 0.014339687302708626 -0.05690450221300125 -0.006814482621848583 0.04862989857792854 -0.01860404573380947 0.04410574585199356 -0.028515441343188286 -0.05079279839992523 -0.010494455695152283 0.05442609637975693 -0.07780558615922928 0.08488715440034866 -0.002902127103880048 -0.00488094799220562 -0.07320424914360046 0.04217250645160675 -0.033445898443460464 0.02814260683953762 -0.02978411503136158 -0.00180832261685282 0.06589401513338089 0.03890640288591385 -0.04962044581770897 -0.000780155067332089 -0.022312918677926064 0.0606849379837513 0.002272541169077158 -0.002187545644119382 -0.05962926149368286 -0.002819111803546548 0.08844643086194992 0.08880525827407837 -0.0063025630079209805 -0.02114635333418846 0.046086836606264114 0.0746191069483757 -6.46076732664369e-05 0.012554042041301727 0.010547706857323647 -0.056233104318380356 -0.01151719968765974 -0.0389929935336113 0.019553292542696 -0.08926292508840561 -0.0019917997997254133 -0.016161687672138214 0.08447583019733429 -0.006994657684117556 -0.011086849495768547 -0.08982967585325241 -0.0744735524058342 0.023474032059311867 0.05081893131136894 -0.019928734749555588 -0.0057983072474598885 -0.012215489521622658 0.05312470346689224 -0.07205565273761749 -0.019416403025388718 -0.0316745787858963 0.007491625379770994 -0.037389323115348816
b2 64
-0.0670672357082367 -0.0452105775475502 0.031223617494106293 -0.01330970972776413 -0.06590894609689713 0.0925644040107727 -0.029114188626408577 0.012440340593457222 0.09174983948469162 -0.060049235820770264 0.010247387923300266 0.03924797475337982 -0.08614297956228256 -0.005464496091008186 -0.02016495354473591 -0.022023461759090424 -0.002985913073644042 0.1357416957616806 0.15587355196475983 -0.007854209281504154 -0.06011901795864105 0.062317829579114914 0.08136288821697235 0.08515772223472595 0.014242450706660748 0.07935051620006561 0.06455723941326141 0.013238596729934216 -0.12581667304039001 -0.06378913670778275 0.0562920980155468 0.11126459389925003 0.1209103912115097 0.05197348818182945 0.013849256560206413 -0.07807589322328568 -0.02434244006872177 -0.003659052075818181 -0.03820154443383217 -0.0922829806804657 0.040243882685899734 -0.0328766368329525 -0.06268320977687836 -0.0018842784920707345 -0.06934059411287308 -0.030985746532678604 0.013668585568666458 0.044448237866163254 0.052861571311950684 0.052459362894296646 0.0825604796409607 -0.09269760549068451 -0.0018298579379916191 -0.03171733766794205 0.09847686439752579 -0.09476333111524582 0.015079866163432598 -0.03523443639278412 0.022238317877054214 -0.054095569998025894 0.03980575129389763 0.09631979465484619 0.026315439492464066 -0.04876188933849335
W3 64
-0.0400255024433136 -0.009706237353384495 -0.004614430945366621 -0.0008473903289996088 -0.10654028505086899 0.13100649416446686 0.041310809552669525 0.0843811184167862 -0.054571982473134995 -0.010072991251945496 0.01016439963132143 0.015568009577691555 0.07408491522073746 0.07036308944225311 0.020662426948547363 -0.0792517215013504 0.00011663664918160066 0.08939369767904282 0.037532124668359756 -0.00021527515491470695 0.002745188307017088 0.04215548560023308 0.03843167424201965 -0.07534579932689667 0.057146914303302765 0.07324621081352234 -0.12276884913444519 -0.08479594439268112 -0.0462222546339035 0.10795646160840988 -0.11028097569942474 0.07352550327777863 0.054402921348810196 0.05973675474524498 -0.056149180978536606 -0.036590445786714554 -0.0027651202399283648 -0.08700890839099884 -0.0008039637468755245 -0.1059325635433197 0.020732585340738297 0.03452012315392494 0.11750652641057968 0.009937860071659088 -0.11553516238927841 0.07770894467830658 0.1272929608821869 0.08133338391780853 -0.13194291293621063 0.018077975139021873 -0.03224444016814232 -0.041069116443395615 -0.030672701075673103 0.0008051530458033085 0.11653897911310196 0.08863896131515503 0.0010315572144463658 0.04556238651275635 0.13942183554172516 -0.022402692586183548 -0.019846253097057343 0.018285928294062614 -0.03403613343834877 0.08535678684711456
b3 1
0.03595244884490967
