input_dim 64
hidden 64
log_input 0
y_mean 1.1833332777023315
y_std 1.8010220527648926
x_mean 64
0.8709450364112854 0.7904341816902161 0.7242322564125061 0.6642687320709229 0.6078593134880066 0.5503551959991455 0.499433696269989 0.4514288306236267 0.40750524401664734 0.3687114715576172 0.33058643341064453 0.2981020212173462 0.26877424120903015 0.24320615828037262 0.2211083173751831 0.20239520072937012 0.18666718900203705 0.16991151869297028 0.15460428595542908 0.14080452919006348 0.12929196655750275 0.11820658296346664 0.10855032503604889 0.1000606119632721 0.09266133606433868 0.08551950752735138 0.07994099706411362 0.07252105325460434 0.06739673018455505 0.06340974569320679 0.05863117799162865 0.05505107343196869 0.05098404362797737 0.048663340508937836 0.044474344700574875 0.041208017617464066 0.03834744170308113 0.035193152725696564 0.0323808528482914 0.030658047646284103 0.027621665969491005 0.025996165350079536 0.023671632632613182 0.022084921598434448 0.02047892101109028 0.01952553540468216 0.018244776874780655 0.01718929223716259 0.015775617212057114 0.015005677938461304 0.014195705763995647 0.013456374406814575 0.012590168975293636 0.01110620517283678 0.01044350117444992 0.009677845984697342 0.008814665488898754 0.007851781323552132 0.0068876189179718494 0.00602180790156126 0.005264459643512964 0.004505525808781385 0.003951840102672577 0.003082882845774293
x_std 64
0.26532477140426636 0.3445804715156555 0.3950817584991455 0.42957696318626404 0.45249417424201965 0.4676538407802582 0.47521841526031494 0.47597891092300415 0.4727383255958557 0.4663221538066864 0.45624104142189026 0.4447192847728729 0.4321095645427704 0.4185671806335449 0.40545764565467834 0.3932463228702545 0.38179200887680054 0.36797675490379333 0.35417380928993225 0.34104856848716736 0.3289834260940552 0.3166404664516449 0.30539798736572266 0.29487088322639465 0.2851824164390564 0.2748623490333557 0.2667396664619446 0.25465235114097595 0.24643701314926147 0.23959052562713623 0.23083160817623138 0.22436845302581787 0.2161271721124649 0.2116943895816803 0.20265349745750427 0.19544805586338043 0.1888432651758194 0.18118108808994293 0.17383576929569244 0.16932986676692963 0.1608610898256302 0.15630491077899933 0.14919374883174896 0.14399997889995575 0.1389039158821106 0.13591761887073517 0.13142399489879608 0.12759441137313843 0.12232091277837753 0.11940032243728638 0.11621272563934326 0.11331366747617722 0.10967778414487839 0.10298671573400497 0.09997639805078506 0.09634018689393997 0.09200054407119751 0.08684912323951721 0.0813589096069336 0.07613743841648102 0.0712488666176796 0.06598945707082748 0.06195627152919769 0.05487663671374321
W1 4096
-0.0780390053987503 0.03170643374323845 0.08078023046255112 0.11540176719427109 -0.012987702153623104 -0.0836264118552208 0.04253068193793297 -0.07818977534770966 0.02295452542603016 0.004033264704048634 -0.09561478346586227 -0.011306675150990486 0.08708152174949646 -0.034222882241010666 -0.060999974608421326 0.001816264004446566 0.03816865757107735 -0.06184818595647812 0.012597094289958477 -0.05527757480740547 0.002482146490365267 -0.024192843586206436 -0.018690407276153564 0.05048719793558121 -0.066656693816185 0.09071273356676102 0.015916112810373306 0.08987880498170853 -0.07246352732181549 -0.07284408062696457 -0.0696566104888916 -0.00987959373742342 -0.042195964604616165 0.06056458503007889 0.06999567896127701 0.043525490909814835 0.07476043701171875 0.07789494097232819 0.019123831763863564 0.010495210066437721 0.027230139821767807 0.015314416959881783 0.028437277302145958 -0.029763156548142433 -0.030276533216238022 -0.030908377841114998 -0.03997090831398964 0.017060507088899612 -0.00388163304887712 0.04053303599357605 -0.05859759822487831 0.0426318384706974 -0.045425042510032654 -0.05943402647972107 0.001954104285687208 -0.004987560212612152 0.019082732498645782 -0.007297718897461891 0.03850748389959335 -0.04294145479798317 0.04715721309185028 -0.009862849488854408 0.020844949409365654 0.027092086151242256 0.08900626748800278 0.06522201746702194 -0.09846531599760056 0.08380870521068573 -0.0658855214715004 0.03628351166844368 -0.10311885178089142 0.06551165133714676 -0.01840885542333126 -0.06939851492643356 0.0444793738424778 0.08035194128751755 0.026921875774860382 0.06702429056167603 0.019448261708021164 -0.10047517716884613 -0.10243188589811325 0.056486841291189194 -0.05374614894390106 -0.07482773065567017 0.08296260982751846 0.0420965775847435 -0.014609894715249538 -0.019418399780988693 -0.08401047438383102 0.03369361162185669 -0.05697200074791908 0.03668202832341194 -0.0051618898287415504 -0.08069594204425812 0.013156664557754993 0.0395478680729866 -0.05401060730218887 0.005121540278196335 -0.013803128153085709 0.013811394572257996 0.016586752608418465 -0.04784040525555611 -0.07516375184059143 0.06667403876781464 -0.09162601083517075 -0.08441297709941864 0.030051859095692635 0.00885009765625 -0.0496886745095253 -0.09153830260038376 0.061280250549316406 0.0442119725048542 0.054021213203668594 0.0011885729618370533 -0.007627378683537245 0.03008609637618065 0.027560949325561523 -0.018807172775268555 -0.04061836004257202 0.0444469153881073 -0.0035494486801326275 0.03969720005989075 0.015888480469584465 0.019525906071066856 0.06040727347135544 0.04560205340385437 -0.07869509607553482 0.001911188242956996 0.010454096831381321 -0.05641584470868111 0.04682699963450432 -0.018629692494869232 -0.03286362811923027 0.03873863071203232 0.02104528807103634 0.06211442872881889 0.04243436083197594 0.041792694479227066 -0.054697562009096146 0.00039500274579040706 0.03248290717601776 -0.06833106279373169 -0.028320128098130226 0.05728716403245926 0.05579226464033127 -0.021174076944589615 -0.011939563788473606 0.03442433848977089 0.06604083627462387 0.007143006194382906 0.02153742127120495 -0.034071918576955795 -0.05048258230090141 0.07063586264848709 0.0887090414762497 -0.016081178560853004 0.001722006592899561 -0.0330570712685585 -0.014164706692099571 0.0699041485786438 0.07081727683544159 0.031179780140519142 -0.08033798635005951 0.037669409066438675 0.029217466711997986 0.07476790249347687 0.01831282116472721 -0.07925806939601898 0.06067154183983803 0.04647213965654373 -0.08621169626712799 -0.04910503700375557 0.03741633892059326 -0.01851808838546276 0.025381701067090034 -0.01854870840907097 -0.058679670095443726 -0.06136152520775795 -0.08527502417564392 -0.057901766151189804 0.03339966759085655 -0.021276570856571198 0.020361600443720818 -0.024966154247522354 0.028145119547843933 -0.017572684213519096 0.023786261677742004 -0.06193265691399574 0.016455892473459244 -0.022327415645122528 0.04853964224457741 -0.01807492785155773 0.04514439031481743 0.07831060886383057 -0.010031761601567268 -0.04113360866904259 -0.06807034462690353 0.04863445460796356 -0.00936943106353283 -0.06998611241579056 0.0385294184088707 0.035752661526203156 -0.00963070709258318 0.09675654023885727 0.06525533646345139 -0.060529161244630814 0.03846162185072899 0.02616262249648571 -0.046326324343681335 0.055582523345947266 0.06704707443714142 0.08735765516757965 -0.05172281339764595 0.003651438746601343 0.0751907154917717 0.0682230144739151 0.05312199518084526 0.052820462733507156 -0.0794932171702385 0.07805123925209045 0.05762338638305664 -0.00399043457582593 0.07023622840642929 -0.06464836746454239 0.06652632355690002 0.055626943707466125 0.05121494457125664 0.05540483444929123 -0.06012855842709541 -0.040297284722328186 0.08121364563703537 -0.0008323063957504928 -0.00982637982815504 0.009899466298520565 -0.03350548818707466 0.08671259135007858 0.05399099737405777 0.014471051283180714 -0.05843723937869072 -0.02467935159802437 0.05327846109867096 -0.009097263216972351 0.05269516259431839 -0.04610740393400192 -0.04824931174516678 0.011983362026512623 -0.04622819647192955 0.04877480864524841 0.0376678891479969 -0.03707781434059143 -0.006110859103500843 0.025683820247650146 -0.05948778614401817 -0.043359607458114624 -0.1051897332072258 0.01743043027818203 -0.12479069828987122 -0.022621426731348038 -0.08942434936761856 0.058266766369342804 -0.0576806478202343 -0.06150687485933304 0.007434980943799019 -0.028061652556061745 -0.10827106237411499 0.060235850512981415 -0.047971583902835846 0.04968249797821045 -0.05611690133810043 -0.04677174985408783 0.037712838500738144 -0.05667341500520706 -0.022191008552908897 -0.08659030497074127 -0.09816591441631317 -0.012097787111997604 0.10849875956773758 -0.12256346642971039 0.028991013765335083 0.04810468852519989 0.04221674054861069 -0.016671741381287575 -0.09199416637420654 0.09450098127126694 -0.008436323143541813 0.09305673837661743 -0.025014154613018036 -0.08992849290370941 -0.10912830382585526 -0.049802813678979874 0.07155909389257431 -0.026061709970235825 -0.04156112298369408 -0.12040254473686218 -0.03795396909117699 0.06690546125173569 -0.07126683741807938 -0.08808520436286926 0.10255108028650284 -0.09157122671604156 -0.06329382956027985 -0.1057683452963829 0.05867265537381172 0.10297738760709763 0.017271660268306732 -0.04836062714457512 -0.0837249681353569 0.04121262580156326 -0.08621937036514282 -0.04324017092585564 -0.051095496863126755 -0.007920756004750729 -0.048266734927892685 0.04752374440431595 -0.007665877230465412 -0.03536585345864296 -0.013559864833950996 -0.03854023665189743 -0.08072949200868607 -0.09233270585536957 -0.02467648871243 -0.06863713264465332 -0.07318126410245895 -0.04905267804861069 -0.025569314137101173 -0.07159585505723953 -0.03557642549276352 -0.06739521771669388 -0.09479672461748123 0.05209864303469658 -0.09069230407476425 -0.09573615342378616 -0.09768927097320557 0.07020068168640137 -0.03569711744785309 0.06301340460777283 -0.01719406619668007 0.06060181185603142 -0.1306035965681076 0.09993917495012283 -0.01779448240995407 -0.05069144070148468 -0.012517844326794147 -0.06757469475269318 -0.07211031019687653 0.03699019178748131 -0.0860842615365982 -0.08263419568538666 -0.1003720685839653 0.004146425519138575 0.055087409913539886 -0.07042180746793747 0.0016212423797696829 -0.12289512157440186 0.0530388243496418 -0.052864063531160355 0.01372844260185957 0.032813090831041336 0.0025266213342547417 0.09717030823230743 0.01618979685008526 -0.09014645963907242 0.012523982673883438 0.0924406424164772 0.07253289967775345 -0.021836910396814346 0.061014316976070404 -0.07757950574159622 -0.017782649025321007 0.07168412953615189 -0.10395005345344543 -0.06444171071052551 0.013974744826555252 0.10792484879493713 0.1134398803114891 0.10337583720684052 0.03894767165184021 -0.09855586290359497 -0.06303326785564423 -0.0399654246866703 -0.027365252375602722 0.0732085332274437 -0.07265277206897736 0.07727646082639694 -0.09996292740106583 -0.06507842987775803 0.06110024079680443 0.0745459645986557 0.08999499678611755 -0.04893984645605087 -0.1098722293972969 -0.009705706499516964 -0.02904997579753399 0.08342299610376358 -0.12690582871437073 -0.03644663840532303 0.0925576314330101 0.08614553511142731 -0.1327972114086151 -0.02537274919450283 0.08627934008836746 -0.03107435628771782 -0.11623138934373856 0.051962241530418396 -0.11802367120981216 -0.0455179437994957 0.032587017863988876 -0.11393629014492035 -0.05397934839129448 -0.10728463530540466 -0.05533253401517868 -0.01976066827774048 -0.08464786410331726 -0.08875590562820435 0.06454730778932571 -0.03058304451406002 -0.026650335639715195 -0.12153900414705276 0.07629188150167465 -0.12527155876159668 -0.07741499692201614 -0.018048342317342758 -0.10013881325721741 -0.044374674558639526 0.010900299064815044 -0.005536112003028393 0.05698080360889435 -0.07773126661777496 -0.05442539602518082 0.09794620424509048 0.036558300256729126 0.09033089131116867 -0.10950937122106552 -0.009050467051565647 0.059467244893312454 0.07510300725698471 0.009929240681231022 0.03310899809002876 -0.07474187016487122 0.022762225940823555 -0.03033962845802307 -0.030184874311089516 -0.0585734024643898 -0.07733482867479324 0.008927845396101475 -0.022333303466439247 -0.03805454447865486 -0.05168360844254494 0.20809102058410645 0.15294291079044342 0.007233457174152136 0.03172839805483818 0.04756620153784752 0.029959196224808693 0.01683332398533821 0.09937208145856857 -0.12983208894729614 -0.046093787997961044 0.07405970990657806 -0.059924930334091187 -0.1058373749256134 0.06637194752693176 0.008212247863411903 -0.016626300290226936 0.02109101228415966 -0.10244111716747284 -0.035827282816171646 0.045124638825654984 -0.09911032021045685 0.06883282959461212 -0.09694531559944153 -0.010165642946958542 -0.09294656664133072 0.09104171395301819 0.07224783301353455 0.008786920458078384 0.09751074761152267 -0.06340784579515457 0.0638740211725235 0.06991467624902725 -0.003823815146461129 0.08195728063583374 0.023137537762522697 -0.05084995552897453 0.02368176355957985 0.08262907713651657 0.049604278057813644 -0.03482615202665329 -0.09906692057847977 0.014051057398319244 0.09283377230167389 0.07360347360372543 -0.10699784010648727 -0.042098574340343475 0.015404553152620792 -0.08478820323944092 -0.004710993729531765 0.004906537011265755 0.09593160450458527 -0.0065589845180511475 -0.07676556706428528 -0.08562780171632767 0.07574590295553207 0.039694588631391525 0.08252131193876266 -0.075178362429142 -0.04730605334043503 0.04547395557165146 0.06360723078250885 0.009094273671507835 -0.023487988859415054 0.007869996130466461 -0.08076146245002747 0.008106810040771961 0.07912241667509079 -0.05259630084037781 0.03806507587432861 -0.04038942605257034 -0.10322651267051697 -0.06076017767190933 -0.07948382198810577 -0.11768162250518799 0.03430270403623581 0.06952422112226486 0.08846551179885864 0.023073356598615646 -0.05075579509139061 0.03671790286898613 0.024479515850543976 0.01971016637980938 0.02354813553392887 -0.046310123056173325 0.10036924481391907 0.07272837311029434 -0.04833746328949928 -0.024390416219830513 -0.00911641400307417 0.10429402440786362 -0.1112867072224617 -0.024632230401039124 -0.07944568991661072 0.06791038811206818 0.09398860484361649 -0.11057005077600479 0.06758615374565125 0.06101883947849274 -0.07773004472255707 0.08741743117570877 0.04761204868555069 0.09785936772823334 -0.05549095943570137 -0.07164940237998962 0.015222374349832535 0.09264639019966125 -0.015631655231118202 -0.08059881627559662 -0.10336019098758698 0.03787954896688461 0.08241412043571472 0.09025683254003525 -0.09058119356632233 -0.0021066670306026936 -0.09979700297117233 -0.07711771130561829 0.05622737854719162 0.015456453897058964 0.04526244103908539 -0.07298581302165985 -0.03155197575688362 0.10654673725366592 -0.05646408721804619 0.08451388031244278 0.09941474348306656 0.02258278802037239 0.063481405377388 -0.04909632354974747 0.13706408441066742 0.032187145203351974 0.007367443758994341 0.017554640769958496 -0.040121011435985565 -0.021910885348916054 -0.09802112728357315 -0.05704715847969055 -0.06339056044816971 0.01660793274641037 -0.0680709034204483 -0.05363709479570389 0.017664773389697075 -0.0907302051782608 -0.09139467030763626 -0.07993850111961365 0.07310282438993454 0.002054660115391016 0.01109256874769926 0.03274594247341156 -0.027529263868927956 -0.06009881943464279 0.014975141733884811 0.09830410778522491 -0.01824907399713993 -0.030930422246456146 0.0014650073135271668 0.04864048212766647 -0.06702838093042374 0.09063107520341873 0.051097322255373 -0.07936450839042664 -0.002424589591100812 0.050113897770643234 0.001966358395293355 -0.02775662951171398 0.03198331966996193 0.010003790259361267 -0.004263239912688732 0.08545361459255219 -0.04392889142036438 -0.0779406800866127 0.05506322160363197 -0.006390593945980072 0.05506433546543121 0.05149911344051361 0.09025999903678894 0.014414744451642036 0.10472709685564041 -0.0924660786986351 0.0783383846282959 -0.0714087039232254 -0.003624067408964038 0.04831758141517639 -0.009386526420712471 -0.05012475699186325 -0.040678661316633224 -0.030966632068157196 -0.04691599681973457 -0.05676023289561272 -0.04116053879261017 0.005378018133342266 -0.03553815931081772 0.02337622456252575 -0.09514102339744568 0.007464225869625807 0.06890840083360672 0.07741421461105347 -0.03851833939552307 -0.012894252315163612 0.04910510405898094 0.018490618094801903 -0.08257099241018295 0.08961189538240433 -0.08630279451608658 -0.06211178004741669 0.10912230610847473 0.12022388726472855 -0.05235517397522926 -0.09312523901462555 0.012396794743835926 -0.04767872020602226 0.03710223734378815 0.0575396865606308 -0.06814905256032944 0.024086764082312584 0.05981896445155144 0.0958409532904625 0.06949925422668457 0.05659126862883568 -0.06930816918611526 0.0780620351433754 0.0763227567076683 -0.09197233617305756 -0.07745709270238876 0.09188173711299896 -0.047677502036094666 0.03853536397218704 0.007461941801011562 -0.08986939489841461 0.0838099792599678 0.06547853350639343 0.06435873359441757 -0.059721801429986954 0.027997585013508797 -0.0737994834780693 0.07337401062250137 0.046520914882421494 0.009074738249182701 0.06473515182733536 0.08406344056129456 0.06777642667293549 0.0696430429816246 0.07038674503564835 -0.06324052810668945 -0.05218352749943733 -0.0070807007141411304 0.09220220148563385 -0.015875589102506638 0.07523871213197708 -0.06045927852392197 0.0791405439376831 0.015271364711225033 0.06280091404914856 -0.00917844008654356 -0.03448713198304176 -0.03890787437558174 0.06643285602331161 0.0645388811826706 -0.11723379045724869 -0.07258720695972443 0.06063836067914963 0.09337961673736572 -0.11230606585741043 0.03790172562003136 -0.021828409284353256 -0.013636773452162743 0.07258665561676025 0.0003367311437614262 -0.11169193685054779 0.05469544231891632 0.07052228599786758 -0.0630989745259285 0.05295459181070328 0.11192045360803604 -0.023458248004317284 -0.024425966665148735 0.057584550231695175 -0.047297004610300064 0.10480815172195435 -0.05682683363556862 0.1213039979338646 -0.007878347299993038 -0.06391752511262894 -0.004138415679335594 0.027227969840168953 0.08598609268665314 -0.06275387108325958 0.0835685059428215 -0.050803642719984055 -0.03839350864291191 -0.07638197392225266 0.00942506454885006 0.04326850548386574 0.06987509876489639 -0.07681342959403992 0.05949052423238754 0.0813312977552414 0.10451977699995041 -0.03058445081114769 0.05470366030931473 -0.004467918071895838 -0.029546508565545082 0.0803595557808876 -0.0026480737142264843 0.073338583111763 0.013207649812102318 0.10209151357412338 0.046768367290496826 -0.08514408022165298 0.020257912576198578 0.01619766652584076 -0.10649514198303223 0.03422534093260765 0.053054600954055786 -0.09705689549446106 0.04508103057742119 0.011156023479998112 -0.08996506780385971 -0.03837902098894119 0.01433412916958332 -0.04821765050292015 -0.06294891983270645 0.034396275877952576 -0.04604979604482651 0.09020307660102844 -0.049683455377817154 -0.003123361384496093 0.025673216208815575 -0.10349331051111221 -0.04158451408147812 0.09319665282964706 0.08322295546531677 -0.09779921174049377 0.09332865476608276 0.0015399258118122816 -0.004741528071463108 0.05853927507996559 -0.016365576535463333 0.09542952477931976 0.009208034723997116 -0.05348672345280647 -0.08946764469146729 0.07955945283174515 0.04077701270580292 0.09375423938035965 0.014592698775231838 -0.10497569292783737 -0.03817681595683098 0.07662802934646606 -0.019354088231921196 0.11049413681030273 0.05713396519422531 -0.05239163711667061 -0.06361230462789536 0.03549763932824135 0.055927716195583344 -0.07860711961984634 -0.07017136365175247 0.05605310574173927 -0.008421282283961773 0.06771165877580643 0.01323076244443655 -0.10665969550609589 0.03046337328851223 -0.07415913045406342 0.032289061695337296 0.07876836508512497 -0.09160815179347992 0.0738491490483284 0.018840860575437546 -0.021790100261569023 0.02526944875717163 -0.02527577430009842 0.05899738147854805 0.07351444661617279 -0.053117625415325165 0.059895109385252 -0.07918181270360947 0.06217696890234947 -0.0077791293151676655 0.0892004668712616 0.08979636430740356 -0.026845410466194153 0.028741396963596344 0.038951680064201355 0.07360093295574188 -0.1014212816953659 0.04376537352800369 0.08941894769668579 0.0680643618106842 -0.0018442741129547358 -0.0217275507748127 -0.08934125304222107 -0.020761866122484207 -0.037297941744327545 0.07072608917951584 -0.068018339574337 -0.031931281089782715 -0.05465313419699669 -0.025634128600358963 0.012758965604007244 0.00011616142001003027 -0.0827084556221962 0.07222259789705276 0.004420844838023186 0.06920158863067627 -0.09509891271591187 0.07330329716205597 0.03147885948419571 -0.035481855273246765 0.08018749952316284 0.07286388427019119 -0.06942426413297653 0.022941522300243378 -0.014998241327702999 0.06492527574300766 0.05264187231659889 -0.0382525809109211 -0.019341347739100456 -0.03809293732047081 -0.04717263951897621 0.012791826389729977 -0.05778313800692558 0.052531518042087555 -0.007984471507370472 -0.03275182843208313 -0.029813729226589203 0.04388923570513725 -0.06831124424934387 0.041746366769075394 -0.03248840570449829 -0.056760091334581375 -0.017073020339012146 -0.0503493994474411 -0.010822407901287079 -0.026870086789131165 -0.00026761734625324607 0.04918602108955383 0.0025088784750550985 0.05645841360092163 0.035596635192632675 -0.07775599509477615 0.06743849813938141 0.009913977235555649 -0.030058693140745163 0.01679120771586895 0.04386148974299431 0.03027511201798916 -0.028001373633742332 -0.07747211307287216 -0.07797182351350784 -0.06220131367444992 0.025649501010775566 0.11154602468013763 -0.012190515175461769 0.06157355010509491 0.10695337504148483 0.07017304748296738 0.044251665472984314 0.0862952470779419 -0.0011823471868410707 0.11652560532093048 -0.009234458208084106 -0.07899671792984009 0.05915489420294762 -0.07860393822193146 0.02791893482208252 -0.013716727495193481 -0.014824733138084412 0.12330354005098343 0.00615136232227087 -0.0018577976152300835 0.06066747382283211 -0.04836214706301689 0.10924200713634491 -0.01718340814113617 0.036548543721437454 -0.036222320050001144 -0.05660075694322586 0.10186679661273956 -0.04729920253157616 0.09018955379724503 -0.0218411423265934 0.038397882133722305 0.005808301270008087 -0.06256543099880219 0.02758844569325447 -0.0061238473281264305 0.07476896792650223 -0.0784582644701004 -0.0168131273239851 0.0020478179212659597 0.0902295932173729 0.056042108684778214 -0.04561075195670128 0.04139630123972893 0.05938973277807236 -0.043720752000808716 -0.007353220134973526 -0.03521697223186493 -0.01963520050048828 0.08384907990694046 -0.0029896509367972612 0.07103455811738968 -0.042679313570261 -0.001339860842563212 0.057384636253118515 0.0235034991055727 -0.04895628243684769 0.04722842201590538 -0.0418788380920887 0.023567240685224533 -0.04434453323483467 0.22236289083957672 0.008253046311438084 -0.15418466925621033 0.013819050043821335 0.050834424793720245 -0.09147769212722778 0.005211173556745052 0.10995782166719437 -0.10686267167329788 0.044634778052568436 -0.09717303514480591 -0.07931790500879288 -0.023045219480991364 0.04770893603563309 0.09524481743574142 0.017154401168227196 -0.005598296411335468 0.07571090757846832 -0.05396706238389015 -0.007342518772929907 -0.043592534959316254 -0.027583567425608635 0.08991321176290512 0.10571496188640594 -0.06718146055936813 -0.09234616905450821 -0.039056409150362015 0.009892603382468224 -0.0802517682313919 0.08939359337091446 -0.001014954294078052 -0.002852000994607806 -0.113563172519207 0.0008377364138141274 0.07668355107307434 0.05865231528878212 0.06822981685400009 -0.04900646582245827 -0.06619487702846527 0.05369512736797333 0.08024799823760986 -0.058786895126104355 0.07961919903755188 0.07675285637378693 0.09530969709157944 -0.021462326869368553 -0.10147880762815475 -0.07332424819469452 0.034983206540346146 -0.011534113436937332 -0.035989630967378616 0.04190414026379585 0.018339166417717934 0.037653904408216476 0.017491748556494713 0.007896626368165016 0.07704371958971024 0.014326164498925209 0.07617896795272827 -0.05259014666080475 0.06145362928509712 -0.05715337023139 -0.06412170827388763 0.05235018581151962 0.062180325388908386 0.10723569989204407 -0.12630079686641693 0.08571991324424744 0.0010099069913849235 0.004622500855475664 -0.02248179353773594 -0.09596186131238937 -0.12583594024181366 0.09982955455780029 -0.11045408248901367 0.10841682553291321 0.11143042892217636 0.027624784037470818 -0.025884108617901802 -0.08976013213396072 -0.032273050397634506 -0.010813186876475811 0.09733951091766357 -0.043489597737789154 -0.013612083159387112 -0.11828120052814484 0.01830165646970272 -0.09298021346330643 0.06271559000015259 -0.10057567805051804 -0.09111887961626053 -0.06547775119543076 0.11052936315536499 -0.08076224476099014 -0.09781660884618759 -0.0580793134868145 -0.05804000422358513 -0.04385953024029732 -0.034681856632232666 0.02379901148378849 -0.0072477408684790134 0.1008399948477745 -0.015955667942762375 -0.05663348734378815 0.09369736909866333 -0.04190319404006004 0.07682881504297256 0.0016290713101625443 0.06055270507931709 -0.06318017840385437 -0.05078878626227379 0.07517127692699432 0.07320256531238556 -0.11522600799798965 0.04055606573820114 0.018950339406728745 -0.07848367094993591 -0.04616716131567955 0.024939313530921936 0.021646708250045776 0.0676150768995285 -0.02626679837703705 -0.05093977600336075 -0.058921366930007935 -0.005808902904391289 -0.021819721907377243 -0.09160881489515305 -0.056645527482032776 0.2273503541946411 0.10786301642656326 -0.08746959269046783 0.005059861112385988 0.08109919726848602 -0.0708099901676178 -0.12475334852933884 -0.0877804309129715 0.02574698068201542 0.1262655407190323 0.042001716792583466 0.08042026311159134 -0.007192223332822323 -0.08230426162481308 -0.03310886397957802 -0.039558716118335724 -0.04732866212725639 -0.046689461916685104 0.08047676086425781 -0.046239737421274185 0.02788352034986019 -0.09146223962306976 0.0996352955698967 0.07112398743629456 -0.09698078036308289 -0.023776089772582054 -0.015517345629632473 0.030409686267375946 -0.09955981373786926 0.01867583952844143 0.08937514573335648 -0.004745682701468468 -0.011972645297646523 -0.02938181906938553 0.09316547214984894 -0.07542181015014648 -0.04797135666012764 -0.03574516996741295 -0.01166862528771162 0.0056821866892278194 -0.11006566882133484 0.09036952257156372 0.03275945782661438 -0.07425098121166229 0.03043835237622261 -0.06534914672374725 0.03625736013054848 -0.009628566913306713 -0.04610220715403557 -0.007059791591018438 0.01152556762099266 -0.1026081070303917 0.06617774814367294 -0.11012764275074005 -0.04619873687624931 -0.0921977087855339 -0.07799506932497025 0.03374899551272392 -0.07143756002187729 0.05935046821832657 -0.00846848450601101 -0.01586121879518032 -0.01956595666706562 0.033124569803476334 0.20342367887496948 0.05881873890757561 -0.09896145015954971 0.007004645653069019 -0.013185305520892143 0.054181743413209915 0.017217382788658142 -0.11510210484266281 0.009531548246741295 -0.10366123914718628 -0.029276708140969276 -0.12067015469074249 -0.018686583265662193 0.012856434099376202 0.018957216292619705 0.11398468166589737 -0.0981578454375267 0.05649999529123306 0.0609651654958725 -0.06847424805164337 -0.10574036091566086 0.022312909364700317 -0.015079201199114323 0.09982427209615707 0.07315178215503693 0.07662852853536606 -0.02262694016098976 -0.011293139308691025 0.03157102316617966 0.03408700227737427 -0.0982413962483406 -0.021834591403603554 -0.018748098984360695 -0.05945276841521263 -0.02454536221921444 -0.093718983232975 0.10535290092229843 0.055424198508262634 -0.001751729054376483 -0.11095378547906876 -0.019511982798576355 0.06231173127889633 0.09707875549793243 -0.04750902205705643 -0.00015644170343875885 0.0032200091518461704 -0.10129403322935104 0.05662144720554352 0.08440408855676651 0.05218903347849846 0.05346231535077095 -0.05117060989141464 0.006326936185359955 -0.08504895120859146 0.007410199381411076 0.07307153940200806 0.046973176300525665 0.07799512892961502 -0.0470474511384964 -0.020913057029247284 -0.058057572692632675 0.013344833627343178 0.07873751223087311 0.047433190047740936 -0.03222682327032089 -0.027002710849046707 0.0550389364361763 -0.02966221794486046 0.056595683097839355 -0.004303270485252142 -0.007058573886752129 0.021684451028704643 0.07208570092916489 -0.10195738077163696 -0.0776386484503746 0.008851034566760063 -0.0721939355134964 -0.03833165764808655 0.08006450533866882 0.07121811807155609 0.0458039753139019 -0.06288289278745651 0.014037937857210636 -0.08040225505828857 -0.041983313858509064 0.050201166421175 -0.09833107143640518 -0.07242380082607269 0.03143499046564102 -0.06749706715345383 0.044289495795965195 0.08707550168037415 -0.07033585011959076 0.10671644657850266 0.07732109725475311 0.014855005778372288 0.11069167405366898 -0.06640799343585968 -0.055978648364543915 -0.06928475201129913 0.07316663861274719 0.04198630526661873 -0.07152226567268372 -0.07650995999574661 0.10828685760498047 0.04725098982453346 0.03764037787914276 -0.09731944650411606 0.03633223846554756 -0.016512397676706314 0.06534303724765778 -0.03687750920653343 0.07664955407381058 0.07735700905323029 -0.07392022013664246 -0.0002788783749565482 0.0800061896443367 -0.09319296479225159 0.0076134963892400265 -0.07529416680335999 0.015419279225170612 0.07829049974679947 -0.012243709526956081 0.021414920687675476 0.01732720248401165 -0.018404435366392136 -0.02785540372133255 0.09202127903699875 0.006534075364470482 -0.095931276679039 0.00405614310875535 0.10229680687189102 -0.0022727276664227247 0.073366679251194 -0.10191372781991959 0.01802251674234867 -0.05794046074151993 0.004188168328255415 -0.13628201186656952 0.04666030406951904 0.08291823416948318 0.08542443066835403 -0.005787454079836607 -0.004234572406858206 0.005661951843649149 0.0006699301302433014 -0.07759714126586914 0.10455530136823654 0.08762140572071075 0.0372745506465435 -0.010179965756833553 -0.06373859196901321 -0.10797857493162155 -0.10403542220592499 -0.072506383061409 0.03304702416062355 -0.13151830434799194 0.0425553061068058 -0.06951851397752762 0.0006173393339850008 -0.08682098984718323 0.011754553765058517 0.04823046922683716 -0.11708039045333862 0.0400506928563118 -0.07803986221551895 0.09571301192045212 -0.04241679981350899 -0.0916290208697319 0.08620146661996841 0.0890161395072937 -0.09516407549381256 0.0826665461063385 -0.11577476561069489 -0.09663756191730499 -0.07551439851522446 -0.10827863961458206 -0.03097260184586048 -0.009971879422664642 0.07553993165493011 -0.10660815238952637 0.0743241086602211 -0.0551627092063427 -0.05482817813754082 -0.01681995950639248 -0.05201861262321472 -0.10581300407648087 -0.0328519232571125 0.09017270058393478 0.013453294523060322 0.09019586443901062 0.04203557223081589 0.031896840780973434 0.11943851411342621 -0.0767047181725502 0.07742545008659363 -0.03085665963590145 -0.06467020511627197 0.026438400149345398 0.07089899480342865 0.016119614243507385 -0.040165189653635025 0.08501708507537842 -0.05146875977516174 -0.04214310646057129 0.06539809703826904 -0.060762595385313034 0.00811693910509348 0.07416660338640213 -0.07224488258361816 0.03468901291489601 0.06878162175416946 0.07090659439563751 -0.027028555050492287 -0.06320968270301819 0.00937359593808651 -0.007572487462311983 0.05627380311489105 0.028440266847610474 -0.0432538241147995 -0.054861556738615036 -0.034543897956609726 -0.02644519694149494 0.00612410344183445 0.03524884581565857 -0.05621849745512009 -0.026343826204538345 -0.049474216997623444 0.02769983373582363 0.02737635001540184 0.02928508073091507 0.044886838644742966 -0.06302686035633087 0.002556346356868744 -0.009057978168129921 -0.06618741899728775 0.005194423254579306 -0.03015649877488613 0.01455263514071703 -0.021408559754490852 -0.03815609589219093 -0.029012687504291534 -0.028473300859332085 -0.024012168869376183 0.015985839068889618 -0.015015030279755592 0.008985381573438644 -0.03639545664191246 -0.0219065360724926 0.01295548491179943 -0.013736209832131863 -0.026344241574406624 -0.007332307752221823 -0.01448572613298893 0.00317403650842607 0.0032652125228196383 0.22961370646953583 0.09846524894237518 -0.0510343462228775 -0.05063273385167122 -0.10606175661087036 -0.030850818380713463 0.11581806093454361 0.07548214495182037 0.03937877342104912 -0.0211744736880064 0.10881860554218292 0.017061926424503326 -0.11535954475402832 0.04548892751336098 0.04816713184118271 0.05159458890557289 0.05885683000087738 0.054611340165138245 -0.11336322128772736 -0.116388238966465 -0.02996685728430748 -0.10902233421802521 -0.0962180346250534 0.09337405115365982 -0.07577115297317505 -0.04131590202450752 0.035903558135032654 -0.09153994172811508 -0.09516157954931259 0.018078608438372612 -0.0926765725016594 0.040026601403951645 -0.07294435799121857 0.004591365810483694 0.07969187945127487 -0.048449866473674774 0.02037886530160904 -0.08444574475288391 -0.05783456563949585 -0.1156064122915268 0.000826583884190768 0.004280198365449905 0.05347898602485657 -0.010323485359549522 0.04508994519710541 0.059483788907527924 -0.07435735315084457 0.05604936182498932 0.07601894438266754 0.026374880224466324 0.02723408304154873 -0.0803760439157486 -0.1060560792684555 -0.08952869474887848 -0.06163131818175316 0.03844607621431351 0.04638361185789108 0.0035137892700731754 -0.005463788751512766 0.010671664029359818 -0.04242965579032898 -0.011537725105881691 -0.058409325778484344 -0.06331326067447662 0.061892956495285034 0.02243986539542675 0.03209714964032173 -0.004157835152000189 0.046774450689554214 -0.010376050136983395 -0.005244532134383917 0.09269347041845322 0.08545822650194168 0.05202232301235199 -0.040369912981987 -0.0711192712187767 0.10172471404075623 0.06775214523077011 -0.03749675303697586 0.04584169760346413 0.02355867810547352 -0.04967981204390526 -0.02435602806508541 0.021763412281870842 -0.048242952674627304 -0.016028113663196564 -0.038147781044244766 0.0313832126557827 -0.00010375921556260437 -0.04011101275682449 0.007035365793853998 -0.04785234481096268 -0.04595395177602768 -0.048266634345054626 0.008602194488048553 0.006703059654682875 0.01941472291946411 -0.014187024906277657 -0.018952874466776848 -0.06816734373569489 -0.0059235733933746815 -0.04624564200639725 -0.06012551113963127 0.03617573156952858 0.06386349350214005 0.05058015510439873 0.047760073095560074 -0.061197929084300995 -0.07023272663354874 0.04195546731352806 0.05648805573582649 -0.06252197921276093 -0.07245098799467087 -0.04470445215702057 0.045569948852062225 0.06279366463422775 0.03295835852622986 -0.060011960566043854 0.025674624368548393 0.016778722405433655 0.003669850993901491 0.035281307995319366 0.07073596119880676 -0.04884447157382965 -0.02996228262782097 -0.011897178366780281 -0.006027107127010822 -0.008329289965331554 0.10579430311918259 0.21049967408180237 0.0435742512345314 0.11030673235654831 -0.009745045565068722 -0.1197996735572815 -0.13136963546276093 0.08801303058862686 -0.07845942676067352 0.035890042781829834 0.06027521938085556 0.010456766001880169 -0.04243050515651703 -0.05212444067001343 0.10367339104413986 -0.09677877277135849 -0.039612673223018646 0.05436187982559204 0.029812315478920937 0.0233578160405159 0.06316770613193512 -0.06541047990322113 0.03194308280944824 -0.09322947263717651 -0.062377408146858215 -0.0801449567079544 -0.108830027282238 -0.031633008271455765 0.05739991366863251 0.09488055855035782 0.06813762336969376 -0.04373334348201752 -0.06148736923933029 -0.01540645956993103 0.04191975295543671 -0.10211978852748871 0.027575615793466568 -0.09561003744602203 -0.06454376876354218 0.002079360419884324 -0.07428675889968872 0.026317410171031952 0.091884545981884 0.04175739735364914 0.08140271157026291 0.03371123597025871 -0.10520927608013153 -0.09986987709999084 0.04072728380560875 0.01814427599310875 0.09780078381299973 0.060025546699762344 -0.055962953716516495 0.005879280157387257 0.04017774388194084 -0.07062501460313797 -0.0006423770682886243 0.06781702488660812 0.004791530314832926 -0.002290917094796896 -0.00746280699968338 0.08671598136425018 0.054228950291872025 0.03496504947543144 0.023046139627695084 -0.016229724511504173 -0.09408494830131531 0.013121698051691055 -0.09818093478679657 -0.037133652716875076 0.0035283672623336315 0.032159194350242615 -0.10424046963453293 -0.048430170863866806 0.11467809975147247 0.047667525708675385 -0.06026496738195419 -0.0370602123439312 0.05623025447130203 0.028832485899329185 0.008162694983184338 0.04475443437695503 0.052438389509916306 -0.0327615924179554 0.050380557775497437 0.09240858256816864 0.05940756946802139 0.023447802290320396 0.03043331205844879 0.029647991061210632 0.07840339839458466 -0.0364350825548172 0.04087185487151146 0.06242700293660164 -0.0876784473657608 -0.06741777062416077 0.007254486903548241 0.0828089639544487 -0.013979907147586346 0.10020430386066437 0.0429682694375515 -0.060754984617233276 0.08374164998531342 0.04448322951793671 0.039301320910453796 -0.05978304147720337 -0.07407532632350922 0.09373350441455841 0.06949403882026672 -0.008869471028447151 0.011876331642270088 0.012216982431709766 0.080358125269413 -0.03627753257751465 -0.09283343702554703 0.03235620632767677 -0.062239427119493484 -0.03023141622543335 0.0700141191482544 0.08037946373224258 -0.008740514516830444 -0.05417739972472191 -0.0770810917019844 0.04472636803984642 -0.04601091891527176 -0.012808248400688171 -0.016383351758122444 -0.019088003784418106 0.25407806038856506 -0.06008704751729965 0.0836818739771843 0.07156184315681458 0.005137908738106489 0.05381528660655022 -0.11811747401952744 0.0942358672618866 0.07370918244123459 -0.07202547043561935 0.03836943209171295 -0.06626354902982712 -0.09938196837902069 -0.12100527435541153 0.048037879168987274 -0.10428574681282043 0.08411769568920135 0.10436161607503891 -0.12074138224124908 0.015108454041182995 -0.05416855216026306 -0.02100205048918724 -0.12076453864574432 -0.07033393532037735 0.017276715487241745 0.03321161866188049 0.0737261101603508 -0.015071412548422813 0.027845092117786407 0.027987027540802956 0.06728363782167435 -0.004176279995590448 -0.06360724568367004 0.022836582735180855 -0.007105429191142321 0.07085584849119186 0.015956498682498932 0.087242990732193 -0.03363163024187088 0.036307886242866516 -0.01700809970498085 -0.12670861184597015 -0.08084365725517273 -0.0009249472059309483 -0.11529532074928284 -0.024877328425645828 -0.09622073173522949 -0.0889647826552391 0.04615495726466179 -0.0020245772320777178 -0.0015995244029909372 -0.06690923869609833 -0.10200841724872589 0.019674895331263542 -0.037716470658779144 0.0034942578058689833 -0.09184404462575912 -0.09976101666688919 -0.08974646776914597 -0.0035311453975737095 -0.08987605571746826 0.054349131882190704 0.032807931303977966 0.0074159386567771435 -0.08169881254434586 0.0320792980492115 -0.08270030468702316 0.08828003704547882 0.06361496448516846 0.016817845404148102 0.04167579859495163 -0.013478402979671955 0.05930201709270477 0.007762810681015253 -0.07099010050296783 0.0336284376680851 0.042872410267591476 -0.009072119370102882 0.06919769197702408 0.019873758777976036 -0.08261799067258835 -0.04107026755809784 -0.037844885140657425 -0.05895585939288139 0.012817177921533585 0.058274418115615845 -0.1039755642414093 0.09965430200099945 0.08705727756023407 0.0760054662823677 -0.04233136773109436 -0.018239324912428856 -0.09281191229820251 0.06491147726774216 -0.00491076847538352 0.021831367164850235 0.042597778141498566 0.05385338515043259 0.02085176110267639 0.08114306628704071 -0.007558113895356655 0.06695498526096344 -0.016163555905222893 -0.0011796198086813092 -0.09374608099460602 -0.025214070454239845 -0.005401033442467451 0.07418419420719147 0.06260067969560623 -0.0971456989645958 -0.08320553600788116 -0.048241786658763885 0.03926197811961174 -0.09582710266113281 -0.04702300578355789 -0.031358394771814346 0.07535354048013687 -0.07868991792201996 -0.05770277976989746 0.05363588407635689 -0.06087746471166611 0.010558700188994408 0.06156441569328308 -0.035370804369449615 -0.018671633675694466 0.09124325960874557 -0.019739484414458275 0.03629312291741371 0.20433412492275238 0.09404353052377701 -0.08396757394075394 -0.07389284670352936 -0.11172167211771011 -0.13756141066551208 -0.14352647960186005 -0.04598822072148323 0.09170994162559509 0.06236805021762848 -0.029371395707130432 0.06471043080091476 -0.0415787547826767 -0.09810831397771835 0.006036474369466305 -0.07025797665119171 0.092549167573452 -0.07065670192241669 0.10697148740291595 0.06179794669151306 0.09759612381458282 0.018742356449365616 0.08381319791078568 0.029845602810382843 0.07151556015014648 0.0819866731762886 0.045143455266952515 0.0732613056898117 -0.028396477922797203 -0.05018692836165428 -0.02581363171339035 0.09923630952835083 0.07093220949172974 0.09895780682563782 -0.07377316057682037 -0.014317041262984276 0.06132027879357338 -0.055116474628448486 0.00996655598282814 0.05940490588545799 -0.016326097771525383 -0.06829850375652313 0.04101695492863655 -0.10565963387489319 0.07590803503990173 -0.08239299058914185 0.04802811145782471 -0.09195190668106079 -0.06382924318313599 0.03780794516205788 0.0641210600733757 -0.01190266478806734 -0.09944752603769302 0.09240017831325531 -0.07341699302196503 -0.04246407747268677 0.01893666759133339 -0.023239463567733765 0.03337671235203743 -0.031240787357091904 -0.06502438336610794 -0.003816660726442933 -0.07396245002746582 -0.058403197675943375 -0.0944313108921051 -0.06425303965806961 -0.06206602230668068 0.09478716552257538 0.040774594992399216 0.045294102281332016 0.022874105721712112 0.05440283939242363 0.07996048778295517 -0.019307870417833328 -0.0417669415473938 -0.08404538035392761 0.08389769494533539 -0.02406376786530018 0.043491411954164505 0.03269059956073761 0.0058731515891849995 -0.06616920977830887 -0.031501393765211105 0.016996195539832115 0.003645952558144927 0.0791495069861412 0.054056745022535324 -0.015696106478571892 0.03699903190135956 -0.043431930243968964 0.023124534636735916 0.05140100419521332 0.052600715309381485 0.04622528702020645 0.06488418579101562 0.04972250387072563 -0.08898057788610458 0.05510081350803375 0.016754312440752983 0.05362876504659653 0.07204928249120712 0.0892195925116539 0.09513714909553528 -0.05202585458755493 0.10342612862586975 -0.08700017631053925 0.042466457933187485 0.04651452973484993 -0.015681009739637375 0.08391928672790527 -0.10100474953651428 0.09951359778642654 0.051602981984615326 -0.07193541526794434 -0.022558176890015602 0.055002570152282715 -0.028572238981723785 0.028898054733872414 0.012312996201217175 0.06978195160627365 0.07004404067993164 0.025520537048578262 -0.07388903945684433 0.09162484854459763 -0.0016176460776478052 -0.05649670585989952 0.04567874222993851 0.00664097536355257 -0.00853793416172266 0.08553008735179901 -0.09472021460533142 -0.05603574961423874 0.0692012757062912 -0.03788264840841293 -0.09662872552871704 -0.017346462234854698 -0.04182553291320801 -0.09260763227939606 0.022379707545042038 0.11282481253147125 -0.010591771453619003 -0.11108871549367905 -0.1198100596666336 0.04070086404681206 0.022993506863713264 -0.13117095828056335 -0.032970160245895386 -0.09368925541639328 -0.04778851941227913 0.0804823711514473 -0.09828070551156998 -0.12206096947193146 0.030723895877599716 0.04123876988887787 0.0368664525449276 -0.12963850796222687 -0.02146882750093937 -0.007238659542053938 -0.03605319559574127 -0.059183452278375626 0.010097670368850231 0.06977644562721252 -0.12480845302343369 0.05741347372531891 -0.012295125983655453 -0.023784413933753967 -0.07075381278991699 0.032470643520355225 -0.08815452456474304 0.04600914567708969 0.07063625752925873 -0.07570706307888031 0.03704163432121277 0.002522472059354186 0.09289658069610596 -0.028610844165086746 -0.06851829588413239 -0.0705316886305809 -0.09719721227884293 -0.03755168989300728 0.06342492252588272 0.08516621589660645 -0.014080822467803955 0.10903225094079971 -0.07105787098407745 -0.05913636460900307 0.06268152594566345 -0.0747961476445198 0.011537285521626472 0.10298637300729752 -0.03969733044505119 0.10017111152410507 -0.012327779084444046 0.0478484146296978 -0.11022055149078369 0.07483519613742828 0.05265423655509949 -0.10209531337022781 0.02022949419915676 0.011172806844115257 -0.07134272158145905 0.08928060531616211 0.11259011924266815 0.09691185504198074 0.0855572372674942 -0.016436560079455376 0.014280416071414948 -0.04878413304686546 0.019100572913885117 -0.07632198929786682 0.04581293836236 0.019943661987781525 0.11088892072439194 -0.09363075345754623 -0.06151897832751274 0.11381477862596512 -0.09608162939548492 -0.009852551855146885 -0.07762052118778229 -0.09214245527982712 -0.047432538121938705 -0.002284068614244461 -0.017924970015883446 0.04153233394026756 -0.07696718722581863 -0.09597302973270416 0.025857651606202126 0.0395229309797287 -0.03642551228404045 -0.04441189765930176 0.026666918769478798 0.05125298351049423 0.0605199821293354 0.11277993023395538 -0.09064634144306183 0.037189412862062454 -0.07675814628601074 0.016682717949151993 0.0733790248632431 0.056126028299331665 0.03661596029996872 0.07937618345022202 -0.056992944329977036 0.10297047346830368 0.06635241955518723 -0.07731771469116211 -0.03894602134823799 0.04115370661020279 0.08219017088413239 0.003956347703933716 0.025164635851979256 -0.016744054853916168 -0.07994583249092102 -0.027024034410715103 -0.016070649027824402 -0.06335262954235077 -0.08603523671627045 0.04277227818965912 0.02347073331475258 0.09670362621545792 0.02418004907667637 -0.08545876294374466 0.038643963634967804 -0.06881467998027802 0.014407929033041 -0.07245100289583206 0.0821797177195549 -0.00109874305780977 0.026415428146719933 0.07596748322248459 0.0066149551421403885 -0.02025405876338482 0.06650995463132858 0.0223990511149168 -0.007255030330270529 0.01155932154506445 -0.08422950655221939 0.06566010415554047 -0.06711160391569138 0.04407676309347153 0.003569522174075246 0.0472479909658432 -0.002437826944515109 -0.06257683038711548 0.07466326653957367 0.0698012039065361 -0.0012234542518854141 0.025244981050491333 0.08548960089683533 0.06414490938186646 -0.009869938716292381 -0.0036878190003335476 0.08200429379940033 -0.05407491326332092 -0.04371517151594162 0.00672916928306222 -0.06846212595701218 -0.06090332195162773 0.025370772927999496 0.02234959788620472 0.007927948608994484 -0.03850369527935982 0.06723707169294357 0.08426276594400406 -0.060106124728918076 -0.025829629972577095 0.024864405393600464 0.01841713860630989 0.06707649677991867 0.033045750111341476 0.008589595556259155 -0.0023083495907485485 0.05374750867486 -0.030779052525758743 -0.02399514988064766 -0.010606429539620876 0.013129054568707943 0.02922052890062332 0.04879392310976982 0.04069676622748375 -0.01978432759642601 -0.047841671854257584 -0.07549651712179184 0.06516727805137634 -0.035139866173267365 0.10174576938152313 0.04666967689990997 -0.034893691539764404 0.07028578221797943 -0.015830913558602333 -0.0476963184773922 -0.06246482953429222 -0.05013487488031387 -0.054414793848991394 -0.08718106150627136 0.07823187857866287 0.013080696575343609 0.07551918923854828 -0.049926966428756714 0.0219850093126297 -0.0033934745006263256 -0.010866878554224968 0.08873189240694046 -0.06344094127416611 0.07562614232301712 0.036854587495326996 -0.034965094178915024 -0.06981959939002991 0.06877879053354263 -0.034183282405138016 0.071271613240242 0.009279021061956882 0.017408013343811035 0.04052074998617172 0.08584047108888626 0.05062761902809143 0.046312958002090454 0.07274855673313141 -0.06604522466659546 0.037212975323200226 0.0038761713076382875 -0.020014328882098198 0.07665780931711197 -0.03967755287885666 0.0033114063553512096 -0.05529575049877167 0.041561782360076904 0.04617347940802574 0.08036025613546371 0.021233560517430305 0.08226645737886429 -0.01508546993136406 -0.059716351330280304 0.03096506930887699 0.00799767579883337 -0.045909374952316284 -0.018728064373135567 -0.013938811607658863 0.013800485990941525 0.023097295314073563 0.05905834212899208 0.014646458439528942 0.05422309413552284 -0.02831481397151947 0.0075942594558000565 0.03224291279911995 -0.02014043740928173 -0.011849839240312576 0.027706855908036232 0.016613883897662163 0.02814243547618389 -0.0017418891657143831 -0.037612222135066986 0.06589074432849884 0.04491817206144333 0.08150573074817657 0.05535819008946419 0.046229299157857895 0.050565555691719055 -0.05156425014138222 0.0009882297599688172 0.020680809393525124 -0.010671081952750683 -0.04261191561818123 -0.03659350425004959 0.008854782208800316 -0.03803032264113426 -0.061575599014759064 -0.04424135014414787 -0.009086020290851593 0.06142353639006615 0.0014389893040060997 0.057768404483795166 -0.005704040639102459 0.005891312845051289 -0.041337039321660995 0.05896905064582825 0.02070983126759529 -0.076160728931427 0.022653963416814804 -0.017650296911597252 -0.003206949681043625 -0.037885963916778564 0.025994176045060158 -0.03155538812279701 0.04427593573927879 -0.028903113678097725 0.01935598999261856 -0.045636679977178574 0.02575084939599037 -0.016606252640485764 -0.049812693148851395 0.03234204277396202 0.003534468589350581 -0.021193144842982292 -0.0529889240860939 -0.03683018684387207 0.01492362841963768 0.026762444525957108 0.00844341330230236 0.05284958705306053 -0.018553702160716057 -0.045282140374183655 0.007198269944638014 0.01262334268540144 -0.005642944946885109 -0.00328237796202302 -0.0036229880061000586 -0.0023747391533106565 -0.06262043118476868 -0.06582658737897873 -0.10677294433116913 -0.09359639883041382 -0.015961885452270508 0.05441725254058838 -0.023611994460225105 0.08499294519424438 -0.06824931502342224 -0.06545296311378479 0.031539369374513626 0.0003649056889116764 0.0994613841176033 0.03845706209540367 -0.044967327266931534 0.07325512170791626 0.10182306915521622 -0.06313741952180862 -0.046969879418611526 -0.01139429397881031 -0.01845775730907917 -0.04708995297551155 0.11424967646598816 0.02732810005545616 0.00815550982952118 0.10953958332538605 -0.0703110620379448 0.009996582753956318 -0.0015012474032118917 -0.023551058024168015 0.0461261123418808 0.0004694333183579147 -0.013711931183934212 0.020303716883063316 0.07660723477602005 -0.06176307424902916 -0.05029456317424774 -0.08048263937234879 0.06360512971878052 0.03148706629872322 0.08010563254356384 0.05331322178244591 0.012598663568496704 0.0543292835354805 -0.08036746084690094 0.05762340500950813 -0.050814058631658554 0.06155583634972572 -0.0040867868810892105 -0.04350727051496506 0.050100453197956085 0.031236078590154648 -0.026975223794579506 0.09572455286979675 0.08010150492191315 0.015296033583581448 0.08337979763746262 0.07572831958532333 -0.03324303776025772 0.0102632911875844 0.06937960535287857 -0.011455565690994263 -0.08306019008159637 0.04491166025400162 0.011251810006797314 -0.017562761902809143 -0.085817351937294 -0.051122166216373444 0.06051257252693176 -0.0494864247739315 0.035868752747774124 -0.03782075271010399 0.11791214346885681 -0.019031431525945663 -0.11335515975952148 -0.013093488290905952 0.0674659013748169 0.03511360287666321 0.03056979365646839 0.029847826808691025 0.08813776075839996 0.011715928092598915 -0.08164467662572861 0.11240748316049576 -0.008338020183146 -0.03691479191184044 -0.0575542226433754 -0.09508215636014938 -0.05789768695831299 -0.061807382851839066 0.10484668612480164 -0.006427133455872536 -0.028569668531417847 0.06424512714147568 0.0008643537876196206 0.08459684997797012 0.034175120294094086 0.10098214447498322 -0.022536659613251686 -0.0662340372800827 -0.048508912324905396 0.10595137625932693 0.08590062707662582 -0.03169075772166252 -0.029202230274677277 -0.0907372534275055 -0.037979912012815475 0.010968105867505074 0.06424351781606674 -0.04988953098654747 -0.05726321041584015 0.08017656207084656 -0.02984612062573433 0.046190064400434494 -0.07428786903619766 0.06287699192762375 -0.07922928035259247 -0.05063917487859726 -0.10172737389802933 -0.08579008281230927 0.08046210557222366 0.0898718610405922 -0.01692378520965576 0.07618490606546402 0.025194086134433746 0.00124756945297122 0.06056087091565132 0.030013849958777428 -0.051040373742580414 -0.005927419289946556 0.05006944760680199 0.026765452697873116 -0.03983277454972267 -0.07520937919616699 0.06194358319044113 0.06053987890481949 0.04140901938080788 -0.0344068706035614 0.03879048302769661 0.059932027012109756 -0.03540102764964104 -0.02649114467203617 -0.005035128444433212 0.03472505137324333 -0.03323479741811752 -0.018401240929961205 0.016689250245690346 0.03863804414868355 0.024625033140182495 -0.02075473591685295 -0.01989547722041607 0.010785195045173168 -0.0398271270096302 0.06300085783004761 0.025339853018522263 -0.03927061706781387 0.059007372707128525 0.015348206274211407 -0.058456454426050186 0.008422913029789925 -0.059066981077194214 -0.030438266694545746 0.04427066445350647 -0.044136323034763336 -0.039930444210767746 -0.010141851380467415 -0.03414635360240936 -0.04348738119006157 0.008986364118754864 0.043781086802482605 0.06095601245760918 0.054070986807346344 0.04647078737616539 0.07443154603242874 0.009424581192433834 -0.04685053601861 0.008491079322993755 -0.009686723351478577 0.002763142343610525 0.0015754380729049444 -0.006704271305352449 -0.005381365772336721 -0.005411915015429258 -0.012115510180592537 -0.014285088516771793 -0.004251330159604549 -0.006570207886397839 -0.007025591097772121 -0.009335298091173172 -0.0123436339199543 -0.007443145848810673 0.06602906435728073 0.11980783194303513 -0.12162987142801285 -0.105284184217453 0.03141403943300247 0.023711303249001503 0.01873268000781536 -0.041144076734781265 0.03341749683022499 -0.07058928161859512 0.09049004316329956 -0.031179379671812057 -0.09173039346933365 -0.059922751039266586 0.0026465868577361107 0.1177949458360672 0.08528060466051102 0.0696525126695633 0.01945900358259678 -0.052035536617040634 0.1227588951587677 0.10184118151664734 0.015035651624202728 -0.04461544007062912 -0.057438526302576065 -0.004265089984983206 0.06422064453363419 -0.06134238466620445 -0.04313458874821663 0.08525783568620682 -0.057835839688777924 -0.0039322590455412865 -0.05802438408136368 -0.0054464032873511314 -0.06888977438211441 0.10299075394868851 -0.0390317402780056 -0.06533685326576233 -0.078788623213768 0.029438406229019165 -0.03733476623892784 0.061052050441503525 0.09664886444807053 0.04285936802625656 0.0818573534488678 -0.05728846788406372 -0.07986843585968018 -0.053350191563367844 -0.08591245114803314 0.09612349420785904 -0.03248688578605652 0.033211641013622284 -0.03523841127753258 0.02387288771569729 0.05471007525920868 -0.06035474315285683 0.03742034360766411 -0.03184811398386955 0.046411268413066864 -0.03770767152309418 0.0030802565161138773 -0.0043157474137842655 0.023437807336449623 0.03050212934613228 -0.06989879161119461 0.0073048691265285015 0.06771733611822128 0.03636756166815758 0.09270346909761429 0.04766359552741051 0.024970373138785362 0.05677342787384987 0.010930783115327358 -0.04056333377957344 -0.02394198253750801 -0.03195621445775032 0.12309349328279495 0.02535352110862732 -0.0663260966539383 -0.07077616453170776 0.05728653445839882 -0.07760831713676453 0.11436088383197784 0.06653594225645065 -0.0602191761136055 0.0846332311630249 -0.007167671341449022 0.0443241260945797 -0.02321084402501583 0.02318970113992691 0.06130087748169899 -0.043971892446279526 0.04595363140106201 -0.043178919702768326 -0.0167679600417614 -0.05713553726673126 -0.004198731388896704 -0.027409859001636505 0.03738121688365936 0.08728218078613281 0.09334632009267807 0.08805292099714279 -0.047467611730098724 -0.04195110872387886 -0.036138035356998444 0.08831474184989929 0.07141737639904022 0.08302069455385208 -0.031565286219120026 0.010774397291243076 -0.009750230237841606 0.04681480675935745 -0.07104627788066864 -0.07477230578660965 0.10295277833938599 -0.024579742923378944 0.015755414962768555 -0.036232203245162964 0.04994378983974457 -0.0038589080795645714 -0.05467253923416138 -0.06923098862171173 -0.07427892088890076 0.048164721578359604 -0.02012215182185173 0.020297540351748466 -0.047912292182445526 0.02322603017091751 0.19182951748371124 0.06772641092538834 0.00270737218670547 -0.10593058913946152 -0.023652106523513794 -0.02215907722711563 0.08416476845741272 0.004166011698544025 0.11271005868911743 0.00013191200559958816 -0.11229179799556732 -0.05999960005283356 -0.10275967419147491 0.02462802268564701 0.05665621906518936 0.08475980907678604 0.0701959878206253 -0.01815635710954666 -0.0894494280219078 0.08066383749246597 0.024408485740423203 0.11317131668329239 -0.008684453554451466 0.07908106595277786 0.039166469126939774 0.0985317975282669 0.0050681233406066895 -0.024458022788167 -0.024896150454878807 0.010592781938612461 -0.03587411344051361 -0.08237820118665695 0.017388267442584038 0.08034197241067886 -0.10017833113670349 0.09992044419050217 -0.10630906373262405 -0.008554631844162941 0.077857606112957 -0.06824605911970139 -0.09896893799304962 -0.03641976788640022 0.03221593052148819 0.045620180666446686 0.0883101373910904 0.10144434869289398 -0.049019232392311096 0.07767054438591003 -0.07128237187862396 0.040405984967947006 -0.07740035653114319 -0.10199040919542313 0.03529741242527962 0.10409782826900482 0.10057010501623154 -0.07691356539726257 0.005157030653208494 -0.08547791838645935 -0.10915078967809677 -0.09629599004983902 0.07431350648403168 -0.08547116070985794 -0.02912920154631138 -0.03227875754237175 -0.011075770482420921 0.0004832918057218194 -0.05977416783571243 0.027362490072846413 0.05123382434248924 -0.017779283225536346 -0.04846606403589249 0.003222099272534251 0.039096102118492126 -0.05887042358517647 0.0404713973402977 0.01187871303409338 0.037561431527137756 0.08529608696699142 0.02939560078084469 0.0810382217168808 0.056302908807992935 -0.08598078787326813 0.086466483771801 -0.022223159670829773 0.0673704743385315 -0.017330771312117577 0.06212972104549408 -0.08380895107984543 -0.08345519006252289 -0.04972919076681137 -0.0432380773127079 0.06075262650847435 0.06634937971830368 0.0256803035736084 0.08773743361234665 0.016548706218600273 0.00817154161632061 0.06219767406582832 -0.08454860746860504 0.09243645519018173 0.033039357513189316 0.036282312124967575 -0.021510105580091476 -0.04554400593042374 -0.029510781168937683 -0.0016421983018517494 -0.018109038472175598 -0.003252860391512513 0.04394408315420151 0.014991799369454384 -0.02194967120885849 0.03928915783762932 -0.003628152422606945 0.01205658633261919 0.07587337493896484 -0.055952031165361404 0.0037754892837256193 -0.04311428964138031 -0.0416908822953701 -0.0024553006514906883 0.08597330003976822 0.03436119481921196 0.028404101729393005 0.017732195556163788 -0.05621767416596413 -0.07124441117048264 0.08716949075460434 -0.07710158824920654 -0.026211783289909363 0.014939703047275543 0.01693962886929512 0.01135028712451458 0.02525520883500576 0.039421334862709045 0.014386121183633804 0.03168237954378128 0.03898060694336891 -0.014297719113528728 0.06233236938714981 0.021073242649435997 0.03546932712197304 0.017470944672822952 -0.04038557410240173 0.03039831668138504 0.02708273008465767 0.030559126287698746 -0.02640174701809883 0.054117538034915924 0.015965119004249573 -0.040546536445617676 0.04913688451051712 -0.030892647802829742 0.04725469648838043 -0.027276011183857918 0.008976119570434093 0.013235238380730152 -0.05927996337413788 -0.021424682810902596 -0.03716641291975975 0.03601764515042305 -0.07674634456634521 -0.0034664510749280453 -0.05844086781144142 0.0026159912813454866 0.06241711229085922 -0.059641849249601364 -0.07230094075202942 -0.0833439901471138 0.03814517706632614 0.07057840377092361 0.041549939662218094 0.06513211876153946 0.01466250978410244 -0.019075952470302582 -0.02958795800805092 0.041203249245882034 -0.0265155341476202 0.04621223360300064 0.03665761277079582 0.04750554636120796 0.016204899176955223 0.06888828426599503 0.03558249771595001 0.0009377338574267924 -0.061646584421396255 0.0034836980048567057 0.024536386132240295 0.024667711928486824 0.02011040225625038 0.03750559687614441 -0.021602895110845566 0.05907760187983513 -0.08074681460857391 0.011137480847537518 -0.02379005402326584 -0.018095314502716064 0.048802755773067474 0.11797334998846054 -0.06414810568094254 -0.057654060423374176 -0.0876912921667099 0.07293757051229477 0.05875195190310478 0.05973335728049278 0.07355090975761414 0.11335238814353943 0.09656286239624023 0.013488230295479298 -0.06518174707889557 -0.023156141862273216 -0.01846039481461048 0.07570317387580872 0.09433010220527649 -0.06925725936889648 0.0032094307243824005 -0.07405759394168854 0.11802168190479279 0.010122699663043022 0.06029125675559044 -0.047410763800144196 -0.008147560991346836 -0.002866592491045594 -0.038014329969882965 0.07862626016139984 0.08876577764749527 -0.05889413505792618 0.09701747447252274 -0.06393516063690186 0.07129109650850296 -0.07826172560453415 -0.04883256182074547 0.10197684168815613 -0.07749330252408981 0.0030352601315826178 -0.06364398449659348 -0.05813504755496979 -0.06035395339131355 0.07974294573068619 0.0920552909374237 0.08720298856496811 -0.011663930490612984 0.04861177131533623 0.0780445784330368 -0.0648760199546814 -0.02104245498776436 -0.011475377716124058 0.06090385839343071 -0.08845295011997223 -0.015875868499279022 0.09268809109926224 -0.0916048064827919 -0.0728706419467926 -0.017862029373645782 0.05734569579362869 -0.050088588148355484 0.023958761245012283 -0.07943037897348404 0.09389430284500122 -0.0326264388859272 -0.02129470370709896 -0.08892296254634857 -0.017019661143422127 0.08808998763561249 0.04966367408633232 -0.04322386533021927 0.048513710498809814 -0.06894375383853912 0.06790238618850708 -0.06162966415286064 0.013992886058986187 0.017219966277480125 -0.01653461717069149 0.05863305181264877 0.005297832656651735 0.10075962543487549 -0.007359998766332865 0.09636707603931427 0.02745245024561882 0.06961410492658615 0.01627352088689804 0.014410875737667084 0.05704241618514061 0.07672091573476791 0.04651789367198944 0.02557987906038761 -0.040916476398706436 0.08345109969377518 -0.07900834828615189 -0.000920722319278866 0.011880308389663696 0.047023408114910126 0.03231285884976387 0.03051646798849106 0.04682895541191101 -0.02196061983704567 0.05812385305762291 -0.06040474772453308 0.07472646981477737 0.004163721576333046 0.005139109678566456 0.05124978348612785 0.02969382517039776 0.08357173949480057 -0.028717344626784325 -0.08502842485904694 -0.005414871498942375 -0.017945831641554832 -0.0438881441950798 0.09025577455759048 0.05831809341907501 0.1000567078590393 0.0963151678442955 0.08709752559661865 0.06926404684782028 0.053486168384552 -0.05626258626580238 0.0392419807612896 0.09855810552835464 -0.06269699335098267 -0.09039495885372162 -0.019813936203718185 -0.021343952044844627 0.031026696786284447 -0.008957483805716038 0.07682329416275024 0.09576105326414108 0.07804012298583984 -0.0590251162648201 0.039341434836387634 0.041983217000961304 -0.024589670822024345 -0.011174245737493038 -0.10020130127668381 0.01950153149664402 -0.005440858192741871 0.005688229110091925 0.02463536523282528 -0.019813595339655876 -0.0603613443672657 -0.0961705818772316 -0.006741756107658148 -0.009738707914948463 0.024693382903933525 0.1080353707075119 0.04021497443318367 -0.10740349441766739 -0.09921253472566605 0.011271701194345951 -0.017400383949279785 0.013777795247733593 0.025459734722971916 -0.05828649923205376 0.00690253684297204 0.028590470552444458 0.04316107928752899 -0.08203186094760895 0.030447043478488922 -0.059504974633455276 -0.10261650383472443 0.022990459576249123 0.09447780251502991 0.02315688692033291 -0.0421709269285202 0.10435115545988083 0.07200510799884796 0.0003422894806135446 0.0525730662047863 0.05114475265145302 -0.03806944563984871 -0.031416114419698715 -0.05866224318742752 -0.01477061863988638 -0.04086766391992569 0.09294144809246063 -0.02678285352885723 0.09623213857412338 0.057512786239385605 0.09080515801906586 0.06561195105314255 0.056664902716875076 -0.007910782471299171 0.07092003524303436 -0.07864730060100555 0.018547959625720978 0.05376875028014183 -0.077670618891716 -0.09436166286468506 -0.08996937423944473 -0.04282510280609131 -0.09216812998056412 -0.05209622159600258 0.08695894479751587 0.04513015225529671 0.08200953900814056 -0.024286339059472084 0.0322721004486084 -0.009616745635867119 -0.0874863713979721 0.020627925172448158 -0.04927545413374901 -0.015299412421882153 0.06735257804393768 -0.02256402000784874 -0.03629930689930916 -0.04903198033571243 0.04140861704945564 0.107083261013031 0.025127200409770012 0.05950289964675903 0.006927041802555323 -0.03830331191420555 0.023455433547496796 -0.10760533064603806 0.0808522179722786 0.06372947990894318 -0.09510858356952667 0.019648604094982147 0.10157618671655655 -0.046879105269908905 0.05080871284008026 0.013738702982664108 0.06923781335353851 0.03058023564517498 -0.09661517292261124 -0.07164300233125687 -0.061780814081430435 -0.04935281723737717 0.015128620900213718 0.1037529930472374 -0.059613775461912155 -0.06863895803689957 -0.06756212562322617 0.08954934030771255 -0.07573629170656204 0.09950593113899231 0.013744110241532326 0.07075212150812149 0.04288402199745178 -0.04489726573228836 -0.011479436419904232 0.06034082546830177 0.04940072074532509 -0.08107620477676392 -0.023297742009162903 0.10284736007452011 -0.015928607434034348 0.10671436041593552 0.08424832671880722 -0.0038915907498449087 -0.11430449038743973 0.013654433190822601 0.11758004128932953 -0.04377368092536926 -0.07696375250816345 0.0183427557349205 -0.05623771995306015 0.014570722356438637 -0.00043358898255974054 -1.8737235222943127e-05 0.14449401199817657 -0.010347907431423664 0.0030117023270577192 0.083195760846138 -0.05454704165458679 -0.042207807302474976 -0.029667526483535767 -0.03094700165092945 0.05955017730593681 -0.027018116787075996 -0.03563179075717926 0.08368542790412903 -0.05174519121646881 0.11976709961891174 0.018439576029777527 0.06121329963207245 0.09621409326791763 -0.04424593597650528 0.004443151876330376 0.1136888638138771 -0.0005735950544476509 -0.04805245250463486 0.07266604900360107 -0.07091949880123138 0.1275823563337326 -0.050339531153440475 -0.06569281965494156 -0.009990090504288673 -0.07137086987495422 -0.04394065588712692 0.09733220934867859 0.07075035572052002 0.06293915957212448 0.10976390540599823 -0.021737635135650635 0.11973027139902115 -0.07137022912502289 0.07015163451433182 -0.03730760142207146 -0.07603205740451813 -0.07635322213172913 0.033843543380498886 0.07791271805763245 0.09687088429927826 0.09529176354408264 0.006486516445875168 0.07896337658166885 -0.0625104308128357 0.06745374947786331 0.07515347003936768 0.03136118873953819 -0.012639863416552544 0.07978048920631409 -0.014270374551415443 -0.10759095847606659 -0.05686153843998909 0.007406955119222403 -0.08241783082485199 0.04706931114196777 -0.002088150940835476 -0.03328626975417137 -0.0907297283411026 -0.031452108174562454 0.03205230459570885 0.08467303961515427 -0.0509205162525177 -0.04739319160580635 -0.09298990666866302 0.10340259969234467 0.04941321909427643 -0.125176340341568 -0.0795082226395607 -0.08518923819065094 0.07888446003198624 0.07086652517318726 0.09252188354730606 0.0019523737719282508 0.07499720901250839 -0.012438497506082058 -0.03282135725021362 -0.030337153002619743 0.024488942697644234 -0.03172799572348595 0.027837779372930527 0.027625160291790962 -0.0363750085234642 0.07498672604560852 0.08572293817996979 -0.036357372999191284 0.07564950734376907 -0.025744467973709106 0.018798282369971275 0.08791550993919373 -0.10256361216306686 0.005247884429991245 -0.060945525765419006 -0.05098342150449753 -0.031015915796160698 -0.057517506182193756 0.005548096727579832 0.10118788480758667 0.025196893140673637 0.06966786831617355 0.10369176417589188 -0.02337220497429371 0.07895584404468536 0.027138521894812584 -0.0942891538143158 -0.09585466980934143 -0.056016094982624054 0.012454534880816936 -0.0645974799990654 -0.055030521005392075 -0.08754889667034149 0.08186659216880798 -0.024487854912877083 -0.07408635318279266 -0.05431007593870163 0.0859544649720192 0.07516764849424362 0.14680474996566772 0.06231733411550522 -0.07019811868667603 0.05192635580897331 0.013257665559649467 -0.07610169053077698 -0.042061347514390945 -0.03296917304396629 0.09674353897571564 -0.04996737465262413 -0.051683373749256134 -0.04570065438747406 0.06280583143234253 0.03526245057582855 0.06647153198719025 0.08639019727706909 0.02948068268597126 0.09295720607042313 -0.10574478656053543 0.03668155521154404 -0.09311245381832123 0.0921228751540184 -0.07194630056619644 -0.08329688757658005 0.009112738072872162 -0.012477191165089607 -0.03259355202317238 0.01757841743528843 0.0840853750705719 -0.0547153614461422 -0.04140308499336243 0.04423633962869644 -0.058422062546014786 0.04094367101788521 0.006265804637223482 -0.029953017830848694 -0.09286940842866898 0.04266901686787605 -0.02053651213645935 0.021351920440793037 -0.06847335398197174 -0.0607864186167717 -0.05248451605439186 0.0049761696718633175 -0.0015182390343397856 0.07901527732610703 -0.011883428320288658 -0.03374287486076355 -0.0340907946228981 -0.03705395758152008 -0.0008752421708777547 0.0063219210132956505 -0.03023398295044899 0.010045746341347694 0.020262856036424637 0.045338112860918045 -0.020059455186128616 -0.01649618335068226 0.01036438811570406 0.033466827124357224 -0.027187390252947807 -0.01428223680704832 0.031653158366680145 -0.05720570683479309 0.003663311479613185 -0.014464335516095161 0.015454347245395184 0.05223269388079643 0.03767536208033562 0.03911063075065613 -0.06506767123937607 0.03750280663371086 0.04280368983745575 0.034632205963134766 0.05579459294676781 0.0217351783066988 -0.03714708238840103 -0.012344923801720142 -0.0018698291387408972 0.02110138162970543 -0.055023327469825745 0.03425757214426994 -0.030172739177942276 0.023989267647266388 0.006629311945289373 -0.05472347140312195 -0.03295598924160004 -0.06390969455242157 0.05912959575653076 0.01598053239285946 -0.06572070717811584 -0.019000645726919174 -0.017449883744120598 -0.04577291011810303 -0.044382933527231216 -0.019083820283412933 0.028388727456331253 0.057817745953798294 -0.07546551525592804 0.008197067305445671 0.043865710496902466 -0.06804456561803818 -0.069227434694767 0.048552706837654114 0.03406912833452225 0.03918568044900894 0.07480019330978394 -0.06662893295288086 -0.0017024752451106906 0.05366101115942001 -0.034604512155056 -0.026948032900691032 0.00597400963306427 0.050769105553627014 -0.01728035695850849 -0.04735429212450981 -0.030496956780552864 -0.04216181859374046 0.06622897833585739 -0.0499776229262352 0.06244039162993431 0.07742540538311005 0.058801740407943726 0.0694514736533165 -0.03947434946894646 0.07646026462316513 -0.1127968579530716 -0.09263189882040024 0.04630015790462494 -0.10614430159330368 -0.04132470861077309 0.01848169043660164 -0.0066087376326322556 0.017324522137641907 0.022042706608772278 0.022202441468834877 0.02253653295338154 0.050067827105522156 0.0766744539141655 0.0564579963684082 0.0218647550791502 0.055885255336761475 0.0471220500767231 0.01094816718250513 -0.010151113383471966 -0.08964558690786362 -0.10202442109584808 -0.013485964387655258 -0.08061772584915161 -0.0664556547999382 -0.1005297526717186 0.04402855783700943 0.06984324753284454 -0.05636608973145485 -0.01731010712683201 0.09096737951040268 0.045525211840867996 0.05436515808105469 -0.032307203859090805 -0.06416875869035721 -0.042663488537073135 0.0457911379635334 -0.05376767739653587 0.03247060999274254 0.040394529700279236 -0.0768597200512886 -0.03273637965321541 -0.09221503138542175 -0.014746998436748981 -0.03540816158056259 0.09028615802526474 -0.01735907979309559 0.02101391740143299 0.04362304508686066 -0.07169335335493088 0.026224011555314064 -0.02394801937043667 -0.011552516371011734 0.02189108170568943 0.025778770446777344 0.07387648522853851 -0.08836257457733154 -0.06546700745820999 0.006800906732678413 0.061487261205911636 -0.02873123064637184 -0.06448205560445786 -0.04632234945893288 0.0013853025157004595 -0.03692058101296425 0.01050341036170721 -0.061235226690769196 0.10045421123504639 -0.011672982946038246 -0.0786890760064125 -0.08694294095039368 0.09610149264335632 0.07830546796321869 0.046382445842027664 0.018410205841064453 -0.057469792664051056 0.08150062710046768 -0.027143701910972595 0.08770022541284561 -0.006146365776658058 -0.012885979376733303 -0.09668536484241486 0.07538934797048569 0.09802833199501038 0.08699975907802582 0.07267817854881287 0.014179888181388378 -0.043190427124500275 -0.05833546072244644 -0.04180680960416794 -0.053037334233522415 -0.013247741386294365 0.0424811914563179 0.05086398869752884 0.07160965353250504 -0.04964631050825119 -0.05478119105100632 -0.09311556071043015 -0.08605169504880905 0.060932159423828125 0.004030565731227398 0.0038985537830740213 0.10258300602436066 0.01321432739496231 -0.017715372145175934 -0.05155105143785477 0.06638708710670471 -0.09241409599781036 -0.014652460813522339 0.07344486564397812 0.07170186936855316 -0.025701245293021202 0.04937829077243805 0.09578026086091995 -0.08366284519433975 -0.050852321088314056 -0.028181541711091995 0.038802750408649445 -0.06357957422733307 0.07667838037014008 0.014076889492571354 0.05576502904295921 -0.03109561651945114 0.07302619516849518 -0.04440596327185631 -0.047620970755815506 -0.028698500245809555 -0.03952915221452713 0.004185443744063377 -0.10494835674762726 -0.003646823577582836 -0.03605802357196808 -0.02517865039408207 0.048048894852399826 0.040044043213129044 0.019647445529699326 0.03688028082251549 0.09204171597957611 -0.04707476124167442 -0.03995570167899132 0.029824301600456238 -0.02474539540708065 -0.12078652530908585 0.010384155437350273 0.04900084063410759 -0.018063519150018692 -0.05453003942966461 -0.08293241262435913 -0.08501645922660828 0.07724253088235855 0.08842741698026657 -0.04034541919827461 -0.1190796047449112 0.036781858652830124 -0.1303778737783432 -0.04831984266638756 0.020710185170173645 -0.06576970219612122 0.053235068917274475 -0.11196855455636978 0.10910961776971817 -0.07802092283964157 -0.08660898357629776 0.012116124853491783 0.08747013658285141 -0.10346958786249161 -0.08814337104558945 0.0925036147236824 0.08623633533716202 -0.09765971451997757 0.019738350063562393 0.04001850262284279 -0.06252552568912506 -0.10276815295219421 0.1035441979765892 0.07503888010978699 -0.10146968066692352 0.039608120918273926 -0.03166778013110161 -0.03519979864358902 -0.07177814096212387 0.05215663090348244 -0.10919686406850815 0.029916031286120415 -0.07691282778978348 0.10940208286046982 -0.08449456095695496 0.04524947702884674 -0.046739235520362854 -0.026258215308189392 -0.03561858832836151 -0.0034149836283177137 -0.10991466045379639 -0.06846988201141357 0.01882993057370186 0.043966423720121384 -0.07644462585449219 -0.04701046645641327 0.0529024638235569 -0.0718654915690422 0.03438686579465866 0.07938582450151443 -0.08535435795783997 -0.03632612153887749 -0.09299895912408829 -0.03635922446846962 0.02872435189783573 -0.05298181250691414 0.09661395847797394 0.04298136755824089 0.11858018487691879 -0.08157902210950851 -0.09549203515052795 -0.11068098247051239 -0.09585294872522354 0.015837617218494415 0.054668888449668884 -0.013996193185448647 0.056420039385557175 -0.09614907950162888 0.05198358744382858 0.01937064528465271 -0.09257068485021591 -0.012152822688221931 -0.05428672209382057 0.12299613654613495 -0.06429082155227661 0.10163509845733643 3.7555691960733384e-05 -0.0841386467218399 -0.08199698477983475 -0.05573587864637375 -0.0009555963333696127 0.06076011806726456 0.03608988970518112 -0.004648175556212664 0.12001803517341614 -0.01422112062573433 -0.05603315681219101 -0.01960812881588936 -0.0997137501835823 -0.0026610030326992273 -0.0047886669635772705 -0.05967951565980911 0.01401328481733799 -0.05982476845383644 -0.052284449338912964 0.06512438505887985 0.07322770357131958 0.03683842718601227 0.04709894582629204 -0.06808211654424667 -0.03413255512714386 -0.053022079169750214 0.05773984268307686 -0.08436770737171173 -0.14696380496025085 0.047940485179424286 -0.029415452852845192 -0.050103433430194855 0.06138773262500763 0.08325182646512985 0.10600461810827255 -0.09896576404571533 -0.08389793336391449 -0.13004861772060394 -0.05752173066139221 0.032625988125801086 -0.1248321682214737 -0.09001193940639496 0.11072520911693573 -0.06214148551225662 0.054509155452251434 -0.02060540020465851 -0.03324146941304207 0.10072946548461914 0.06189575791358948 0.0656084418296814 -0.1164231151342392 -0.07324843853712082 0.03708194941282272 0.03984503820538521 -0.041332218796014786 0.0471615195274353 -0.005854741204530001 -0.08126332610845566 -0.023226818069815636 -0.018183350563049316 0.016423577442765236 -0.06725270301103592 0.009185636416077614 0.03019367717206478 0.05674063786864281 -0.03875797241926193 0.05410434678196907 -0.07784465700387955 -0.05473240837454796 0.07564560323953629 -0.01326980534940958 0.09864649176597595 -0.10032249242067337 -0.09965325891971588 -0.06747663021087646 -0.05484350025653839 -0.057807594537734985 -0.11631503701210022 0.09161662310361862 -0.02439560741186142 0.049095071852207184 -0.0648701936006546 0.10684084892272949 -0.03737078234553337 0.10317742079496384 -0.05745983123779297 0.08238504081964493 -0.10425880551338196 0.0815010666847229 -0.09725793451070786 -0.014580202288925648 -0.10619425028562546 0.05864869803190231 0.08239086717367172 0.04339001327753067 -0.10506615042686462 0.11042459309101105 -0.05987543612718582 -0.07276938855648041 -0.08062279224395752 0.11188583076000214 -0.07929109036922455 -0.005404507275670767 0.1179082915186882 -0.06096956506371498 0.06410644203424454 0.0267360620200634 0.13508647680282593 0.02114914171397686 -0.06675683706998825 -0.06811237335205078 -0.06608124822378159 -0.02109679952263832 0.06825657933950424 -0.06081795319914818 0.028147654607892036 0.10703298449516296 0.03306889533996582 0.039159633219242096 -0.07096374779939651 0.10039598494768143 0.11083504557609558 -0.014257488772273064 0.10809678584337234 -0.026058845221996307 0.06659223139286041 -0.009641744196414948 -0.0023371544666588306 0.06134919822216034 0.0840601995587349 0.09125827997922897 -0.028585290536284447 0.08442112058401108 -0.08013701438903809 -0.08200998604297638 -0.010272606275975704 0.00826245080679655 0.08944028615951538 -0.037987686693668365 0.07979195564985275 0.019415486603975296 0.055329810827970505 0.07495619356632233 -0.0366629958152771 0.03204236179590225 0.07968341559171677 -0.037359241396188736 0.03979269787669182 -0.02301659621298313 -0.05565410852432251 0.06963721662759781 -0.02530643157660961 -0.012733912095427513 0.09221985191106796 0.08505778759717941 0.08503764122724533 -0.04646898806095123 -0.06474917382001877 -0.09086384624242783 0.010591842234134674 -0.022570084780454636 0.029602862894535065 -0.09734298288822174 0.013066885061562061 0.11591655015945435 0.07425136119127274 0.0904480442404747 -0.029623135924339294 -0.021069496870040894 -0.030777275562286377 -0.06699269264936447 0.008219298906624317 0.06127617880702019 -0.07343686372041702 -0.07409979403018951 0.11577802896499634 -0.08526524156332016 -0.035679325461387634 -0.1155107393860817 -0.06412085145711899 -0.10788989067077637 0.023626521229743958 -0.010886866599321365 0.09831457585096359 0.017721759155392647 0.020762404426932335 -0.004863446112722158 0.003057371126487851 0.055731527507305145 0.10118011385202408 0.05265214294195175 0.057462144643068314 -0.1078089028596878 -0.03815798833966255 -0.10135558992624283 0.036427974700927734 -0.059223126620054245 -0.07339093834161758 -0.06096697971224785 -0.08692952245473862 -0.017499590292572975 0.08257988095283508 -0.07909324765205383 -0.05716449394822121 -0.07160793244838715 0.011986278928816319 -0.05406871810555458 0.0340273454785347 0.0808618888258934 0.012020307593047619 0.08437412232160568 0.07309572398662567 -0.002981318859383464 -0.025277547538280487 0.08206690847873688 0.051657866686582565 0.009622727520763874 -0.0787486881017685 0.052175361663103104 -0.028733327984809875 0.1487022191286087 0.13978932797908783 0.13859622180461884 -0.10322599112987518 -0.08004509657621384 0.006736609153449535 0.009248771704733372 0.009621473960578442 0.008997934870421886 -0.05439251288771629 -0.05828746780753136 0.09921325743198395 0.0075613162480294704 -0.021804511547088623 -0.1327066421508789 -0.09888551384210587 0.05038778483867645 -0.04584077373147011 0.06872418522834778 0.02407039888203144 -0.045413848012685776 -0.05042615905404091 -0.08522561937570572 -0.08400693535804749 0.017634334042668343 -0.0591614805161953 0.05430034548044205 0.028025593608617783 0.026133857667446136 -0.023992957547307014 -0.05776111036539078 -0.11438198387622833 -0.01534693967550993 -0.026565296575427055 -0.015157606452703476 0.09431189298629761 -0.07524001598358154 0.08160076290369034 0.0907423198223114 -0.06573368608951569 -0.06360796093940735 -0.11476495862007141 0.02970382384955883 0.07658833265304565 0.08504346013069153 0.03092288225889206 0.06736407428979874 0.04968414083123207 0.03428928554058075 -0.06742740422487259 -0.10217475146055222 -0.0366927832365036 -0.06472564488649368 0.06342874467372894 0.0147834038361907 0.049368709325790405 0.05779296159744263 -0.007945549674332142 0.0611044242978096 -0.009850441478192806 -0.0370626337826252 0.0025983338709920645 0.04339073225855827 -0.06310238689184189 0.20085780322551727 0.10421599447727203 -0.089589424431324 0.09213348478078842 -0.007299646735191345 0.0972336009144783 -0.06982865929603577 -0.11207686364650726 0.028378089889883995 -0.026951491832733154 -0.014918385073542595 -0.04625196009874344 -0.11813883483409882 -0.020646309480071068 0.017324984073638916 0.006390615366399288 0.01135927066206932 -0.017215687781572342 -0.10253820568323135 0.014164505526423454 0.11030343919992447 0.08795718848705292 -0.04318132624030113 -0.014666487462818623 -0.12428724020719528 0.05379220470786095 -0.054510124027729034 -0.07182243466377258 0.01537957601249218 0.01173720695078373 -0.10436737537384033 -0.10232792794704437 -0.07092955708503723 -0.02558141201734543 0.0008163411403074861 -0.10847533494234085 -0.026735356077551842 -0.02400326356291771 -0.05162574723362923 0.04445819929242134 0.10324667394161224 0.02770090289413929 0.003193747950717807 0.04814428463578224 0.03715815767645836 0.007490020245313644 -0.061383649706840515 -0.07560165971517563 0.041384439915418625 -0.030300427228212357 0.031990718096494675 -0.0020041903480887413 0.02682134509086609 0.1047937273979187 0.017583323642611504 0.09627045691013336 0.08067726343870163 0.010404226370155811 0.021678384393453598 -0.010314378887414932 0.07495035976171494 -0.06933947652578354 0.028576761484146118 -0.06688479334115982 -0.03098260425031185 -0.049618035554885864 0.03699981048703194 0.042955368757247925 0.0638069286942482 0.05860346183180809 0.019567668437957764 0.036333344876766205 -0.07202852517366409 0.025074593722820282 0.012134223245084286 0.03693404793739319 -0.027252089232206345 -0.004395508673042059 0.0784398540854454 0.023002682253718376 0.035951778292655945 -0.032290417701005936 0.00044161995174363256 0.015977388247847557 -0.011415750719606876 0.040433261543512344 -0.037303611636161804 0.06726869940757751 0.0157028716057539 0.07725672423839569 -0.03573587164282799 0.05865985155105591 -0.044036176055669785 0.043021902441978455 0.054517410695552826 0.028217120096087456 -0.015054742805659771 0.03163272514939308 -0.08022260665893555 0.06419709324836731 0.018270088359713554 -0.046375930309295654 0.02761378511786461 0.03892405703663826 0.08347946405410767 -0.05165824294090271 -0.0413908027112484 0.04370531067252159 -0.031280118972063065 0.025796612724661827 0.0731072649359703 0.026741331443190575 -0.015312821604311466 -0.019299328327178955 0.046588897705078125 0.021807663142681122 0.06688068062067032 0.07241668552160263 -0.04075929895043373 -0.09115220606327057 -0.07050549238920212 0.01805061474442482 -0.020175177603960037 0.03291740640997887 0.05141179636120796 -0.049965307116508484 -0.03742682561278343 0.04516876861453056 0.06814215332269669 0.1523292064666748 0.07460420578718185 0.06065663322806358 0.0026805929373949766 -0.06876347213983536 0.053608961403369904 0.09997919946908951 0.03239825740456581 0.010317877866327763 -0.03949591517448425 0.0953468456864357 -0.060206156224012375 0.038454484194517136 0.06392087042331696 -0.09170622378587723 -0.06703094393014908 0.06799395382404327 -0.04833371937274933 -0.02860734984278679 -0.02432657964527607 -0.0050608268938958645 0.0050466544926166534 0.030898047611117363 -0.04163581132888794 -0.04435073956847191 -0.06521416455507278 -0.0956193208694458 0.06418967992067337 -0.10649018734693527 -0.00455802958458662 0.08645907044410706 0.05172590911388397 -0.0472591258585453 0.0425976999104023 -0.04235144704580307 0.015718622133135796 0.08350327610969543 -0.09364581108093262 -0.07075684517621994 -0.01863410323858261 0.028601592406630516 -0.07017142325639725 0.05292336270213127 -0.011963065713644028 -0.0042330180294811726 -0.00146358588244766 -0.08988992124795914 -0.07032958418130875 -0.0873461589217186 0.006382922641932964 -0.08239807188510895 -0.011086087673902512 0.014066730625927448 0.07519233971834183 -0.004166177939623594 -0.06229250133037567 0.03655421733856201 0.05103028193116188 -0.0018263761885464191 0.034246720373630524 -0.0269071776419878 -0.026148896664381027 0.04193568229675293 0.10584371536970139 0.12065205723047256 0.12432712316513062 -0.032316140830516815 0.061387062072753906 -0.022513041272759438 -0.13681606948375702 -0.1380065679550171 -0.016156446188688278 0.05261055752635002 0.008225737139582634 0.08711209893226624 0.08402031660079956 -0.09130832552909851 -0.10449714958667755 0.06165749952197075 0.004095280077308416 -0.014302793890237808 -0.05064096674323082 -0.06762490421533585 -0.002132005523890257 0.08612126111984253 0.002985280239954591 0.0828150287270546 0.006105667445808649 -0.08717041462659836 -0.053453147411346436 0.0984259620308876 0.051644761115312576 -0.016883226111531258 -0.028227414935827255 -0.10315913707017899 -0.06659293919801712 0.0725380927324295 0.0802212804555893 0.0260612890124321 -0.02118884027004242 0.037747107446193695 -0.07923373579978943 -0.09841523319482803 0.04461650922894478 -0.07737846672534943 -0.07048334926366806 -0.030002588406205177 -0.08651895821094513 0.010888134129345417 0.05805973336100578 0.017528416588902473 0.002545952098444104 0.012289607897400856 -0.09533479809761047 0.045864537358284 0.019661836326122284 -0.0472387969493866 0.030820921063423157 0.058924801647663116 0.0873793363571167 -0.07805421203374863 -0.08737576007843018 -0.0012477700365707278 0.0675303116440773 0.06996526569128036 0.08497463911771774 -0.05586369335651398 -0.08294419199228287 0.0985288918018341 -0.08574775606393814 0.0416555255651474 0.034046757966279984 -0.07498718798160553 0.08363649994134903 -0.09026968479156494 -0.03680749237537384 0.043826691806316376 -0.1050509512424469 0.09873509407043457 0.020198233425617218 -0.08844731748104095 0.0636107325553894 -0.05201844871044159 0.05725918710231781 0.05426802486181259 0.10496363043785095 0.0762140154838562 -0.0840638130903244 0.038751550018787384 0.007203695829957724 0.10064594447612762 0.0011111765634268522 -0.0021089452784508467 -0.005785709246993065 0.09694118797779083 -0.041899487376213074 0.032531943172216415 0.045593809336423874 -0.051106665283441544 0.02048911154270172 -0.07691390067338943 0.019595898687839508 -0.03514432907104492 -0.009765898808836937 0.10048265755176544 0.07464250922203064 0.025958210229873657 -0.04176723212003708 -0.017946990206837654 0.0825178399682045 -0.02895849384367466 0.05013912171125412 0.062473926693201065 0.011982045136392117 0.08058961480855942 0.012887993827462196 0.00803722720593214 -0.06762155890464783 -0.004984709434211254 -0.06373588740825653 -0.0035774880088865757 0.02993861399590969 0.08349800109863281 0.0888538509607315 0.042599745094776154 0.015084601938724518 -0.042198020964860916 -0.022585874423384666 0.07067673653364182 -0.06508563458919525 -0.07963252812623978
b1 64
-0.12938395142555237 0.04706302657723427 -0.04794691503047943 0.08137750625610352 -0.046573456376791 0.038573138415813446 -0.08349830657243729 0.13237115740776062 -0.025770800188183784 0.06530100107192993 0.061216503381729126 0.011192752048373222 0.010456845164299011 -0.102422334253788 0.08528368920087814 -0.1263381987810135 -0.07119029760360718 -0.013122781179845333 0.03152003511786461 -0.11470627039670944 0.1112196072936058 0.0433184914290905 0.018171008676290512 -0.02466236613690853 0.030656063929200172 0.10601458698511124 -0.054889190942049026 -0.02686825394630432 0.021476760506629944 -0.07250872254371643 0.13509155809879303 0.005410753656178713 0.04725417122244835 -0.10807286202907562 -0.041579317301511765 -0.09603561460971832 0.0026279636658728123 -0.07061734795570374 0.05556473508477211 0.016643326729536057 0.12239986658096313 -0.032130707055330276 0.02460634522140026 0.04137696698307991 -0.024202357977628708 0.10883504152297974 0.05095991492271423 0.06371396034955978 0.05332479998469353 0.08653967082500458 -0.07665878534317017 -0.059470608830451965 0.02234642021358013 0.08062586188316345 -0.05108499526977539 0.013230910524725914 0.051393747329711914 -0.019670885056257248 -0.10232140868902206 -0.04269334673881531 -0.038470733910799026 0.040735673159360886 -0.06882145255804062 -0.018580041825771332
W2 4096
-0.06762941181659698 0.005498302634805441 0.05872822925448418 0.023314105346798897 0.08309026807546616 0.11398029327392578 0.09858682751655579 -0.0601494126021862 0.11717572063207626 -0.056664157658815384 0.07002685964107513 0.07875347882509232 -0.045299846678972244 0.021161632612347603 -0.032822899520397186 -0.08616991341114044 -0.09990798681974411 -0.07871200889348984 -0.13952066004276276 -0.0850946381688118 0.08978059887886047 -0.014555094763636589 -0.06555560231208801 -0.10753516852855682 -0.04825561121106148 0.020077571272850037 -0.11521774530410767 0.009180912747979164 -0.13657814264297485 -0.016323579475283623 -0.06076985225081444 0.015476813539862633 -0.017078610137104988 -0.05595832318067551 0.011061650700867176 0.012754525989294052 -0.04210365563631058 0.03026830218732357 -0.05520445108413696 -0.03280286490917206 0.0071860430762171745 -0.004470605403184891 -0.05525640770792961 -0.01939385198056698 -0.06338677555322647 -0.06821399182081223 0.03342708200216293 -0.01017399039119482 -0.0019040420884266496 -0.07513372600078583 -0.00772676058113575 0.044309500604867935 -0.04854847490787506 0.12022209912538528 -0.10979156196117401 0.110738106071949 -0.08726867288351059 0.05729595571756363 -0.13012740015983582 -0.09632227569818497 -0.00022339123825076967 -0.04358319565653801 -0.11816543340682983 0.08418944478034973 -3.124798922726768e-06 0.001676029060035944 0.007280576974153519 -0.009376583620905876 -4.873573045100594e-15 1.6843723965206633e-16 1.8710248639308702e-07 1.2995114047953393e-05 5.3685157014315976e-11 -1.672097738047995e-10 -0.008567656390368938 0.014881791546940804 -0.0015829926123842597 4.5650112951989286e-06 0.0015960087766870856 0.004938954021781683 -1.739773779263487e-06 6.141994465108658e-13 -0.00957068894058466 1.2934027980582297e-11 -0.016003239899873734 0.009382535703480244 0.017143769189715385 0.015390994027256966 -0.0017131705535575747 -0.0015433459775522351 -2.3888418354545138e-08 -9.182243047689553e-06 0.001875950605608523 -0.008825059980154037 -1.9394663741629853e-15 -0.021064214408397675 -0.00646400498226285 -0.0001159732710220851 0.008034910075366497 0.03831206262111664 0.0004382764454931021 -3.443855405294016e-07 4.5097920519765466e-05 5.87441547850176e-07 -0.001882203621789813 0.0012760115787386894 -0.0180240198969841 9.60997786023654e-05 -0.004281726200133562 -0.007496196776628494 -3.318701910504096e-11 -6.132476846687496e-05 -6.362026461204096e-10 0.018616868183016777 -0.00852733850479126 0.021028999239206314 -0.0005134139209985733 -5.174494435777888e-05 -1.4977929446301393e-14 -3.54291806040286e-16 -0.005343195982277393 -1.3315909518692853e-13 -0.00019157046335749328 0.0016963036032393575 0.0007490310235880315 -0.003629278624430299 -7.661393510716152e-07 -0.0011242639739066362 0.02894105762243271 -0.0851876512169838 -0.011448515579104424 -0.03832382708787918 -0.0759279802441597 0.071095310151577 -0.067555733025074 0.04003138840198517 -0.016792302951216698 -0.00954881589859724 0.07121247798204422 0.009466160088777542 -0.04219489544630051 0.039558906108140945 0.03314149007201195 -0.06037743762135506 0.0012372148921713233 -0.015038834884762764 -0.07761743664741516 -0.024447577074170113 0.04349583387374878 -0.029893940314650536 -0.044046800583601 0.01838431879878044 -0.12885402143001556 0.013047000393271446 0.024240946397185326 -0.033849749714136124 0.055309463292360306 -0.033629409968853 0.04286471754312515 -0.03420308232307434 -0.03865073621273041 -0.014330152422189713 -0.0016218068776652217 -0.0002484437427483499 0.030516942963004112 0.0011899162782356143 0.018394438549876213 -0.02150772139430046 -0.056935567408800125 -0.004001472145318985 -0.015685932710766792 0.02790864370763302 -0.008536322973668575 -0.004588710609823465 -0.11977910995483398 -0.06245703250169754 -0.050587646663188934 -0.08620136231184006 -0.013454766012728214 -0.012189232744276524 -0.10266643017530441 0.06205422058701515 6.546676740981638e-05 0.10607113689184189 -0.008160894736647606 0.056010838598012924 -0.05049901083111763 -0.04811714589595795 -0.02407444827258587 -0.07850778102874756 -0.11405026167631149 -0.03384118899703026 -0.04684866592288017 -0.03019694983959198 0.07646439969539642 -0.04263238608837128 -0.0480373352766037 0.118581123650074 0.05881492793560028 -0.11809663474559784 0.07486284524202347 0.03549637272953987 -0.014413920231163502 0.0878649652004242 0.05352593958377838 -0.01726505719125271 -0.052129171788692474 0.11790793389081955 -0.05158659443259239 0.03806108608841896 0.1185556948184967 0.0735512301325798 -0.02581372670829296 0.04910145327448845 -0.05140988156199455 -0.08795896917581558 0.036068301647901535 0.08759760856628418 0.0453617088496685 -0.06800712645053864 0.09059164673089981 0.11999021470546722 0.11595290154218674 -0.02254238724708557 0.039693836122751236 0.07620063424110413 0.008693653158843517 -0.07558191567659378 -0.05675988271832466 0.02641904540359974 0.08267000317573547 0.0889512225985527 0.11499663442373276 0.09335589408874512 0.0828864797949791 -0.022056588903069496 -0.028745029121637344 0.0038940010126680136 -0.1004687175154686 -0.055821340531110764 0.09083458036184311 -0.0869004875421524 0.07763046026229858 0.10088114440441132 -0.08929786831140518 -0.03856560215353966 0.07127329707145691 -0.09359917044639587 -0.046266619116067886 -0.013429529964923859 0.01760696992278099 0.019180063158273697 0.0590742863714695 -0.018457850441336632 -0.04948709160089493 -0.10385109484195709 -0.053523994982242584 -0.07637941092252731 0.023478589951992035 0.012149224057793617 0.01575237512588501 0.04826359450817108 -0.06431539356708527 -0.009513345547020435 -0.0017405274556949735 -0.08364827185869217 0.05386625602841377 0.07980357110500336 -0.02002815157175064 -0.03686460107564926 -0.02274250239133835 0.013458933681249619 -0.07641568779945374 -0.04082293435931206 0.03785526379942894 0.052342843264341354 0.07286276668310165 0.03247386962175369 0.05993257462978363 0.05073459446430206 -0.1110411211848259 -0.08279141038656235 -0.010799194686114788 -0.03582656383514404 0.050856463611125946 0.07607480138540268 0.11851386725902557 -0.08774808794260025 0.09044142812490463 0.007114107720553875 -0.06049100682139397 -0.12945808470249176 -0.13677549362182617 0.01360104326158762 0.02325328253209591 -0.07965037226676941 0.014704054221510887 0.02538142539560795 0.09947579354047775 0.024339107796549797 0.019040659070014954 0.10565686225891113 -0.06702312082052231 0.1099545881152153 0.1160314530134201 -0.08143441379070282 -0.03665294870734215 -0.10343948751688004 -0.03851731866598129 0.04620249941945076 -0.10937649011611938 0.008059673011302948 -0.04107154160737991 0.040046367794275284 -0.028259558603167534 -0.12849223613739014 -0.042179737240076065 -0.05758759751915932 -0.01623038575053215 -0.019691091030836105 0.01194869913160801 0.0018484988249838352 0.045620065182447433 0.011676373891532421 -0.013099444098770618 -0.01835859939455986 0.08774882555007935 0.013089541345834732 0.059878163039684296 0.08053242415189743 -0.024032386019825935 0.08192335069179535 0.002452634274959564 0.008879435248672962 -0.05126599967479706 0.09388165920972824 0.08276882767677307 0.1328522264957428 -0.062056586146354675 -0.01023609098047018 -0.0868951603770256 -0.0708799809217453 0.08240025490522385 -0.0844566598534584 0.12492808699607849 0.003209953662008047 0.039767250418663025 0.023856692016124725 0.012900113128125668 -0.043734945356845856 0.12060421705245972 0.03667295724153519 -0.010423170402646065 -0.013607116416096687 -0.025551127269864082 -0.08420196920633316 -0.05855980142951012 0.00707300566136837 0.02999967522919178 -0.06445729732513428 0.011917936615645885 0.013928258791565895 -0.01703760400414467 -0.04654239863157272 -0.06705934554338455 0.039086196571588516 -0.04558511823415756 0.042752258479595184 0.1021362841129303 -0.11080122739076614 0.016942288726568222 -0.0717100277543068 -0.06297144293785095 0.00749941123649478 -0.08568203449249268 0.09665326774120331 0.020402681082487106 0.07825105637311935 0.12115686386823654 0.10242194682359695 0.0003534748393576592 -0.13107246160507202 0.013261059299111366 0.06023982912302017 -0.04168219119310379 0.01924731954932213 0.008747117593884468 -0.04962889105081558 -0.04913072660565376 0.0671607106924057 -0.036481618881225586 -0.0890277847647667 0.05254226550459862 0.029451657086610794 -0.02786090224981308 0.015299319289624691 0.03864734247326851 0.030031105503439903 0.07496358454227448 -0.0596906803548336 -0.05780666321516037 -0.05502878129482269 -0.03836465999484062 0.07558520138263702 0.0036909598857164383 -0.0276928823441267 -0.05652351304888725 0.007914870046079159 0.010783737525343895 0.08913492411375046 -0.08219027519226074 -0.01579916849732399 0.06880238652229309 -0.02022947371006012 0.06476423889398575 -0.0269506573677063 0.03003951907157898 0.06109718978404999 -0.024877984076738358 -0.04502641409635544 -0.011952927336096764 0.0015971335815265775 0.02284703403711319 0.0012824836885556579 0.00011533436190802604 0.028582902625203133 0.00030369008891284466 -0.06717050075531006 0.02330740913748741 0.03110601007938385 0.010979689657688141 -0.0678301751613617 -0.09560009092092514 -0.044835541397333145 -0.0059302132576704025 -0.021061470732092857 -0.03909442573785782 0.05497244372963905 -0.07110674679279327 0.02228221669793129 0.08432705700397491 -0.10599984973669052 -0.03344056010246277 -0.10545790195465088 -0.04945377632975578 -0.0742737278342247 -0.022226892411708832 0.07827086746692657 -0.009338137693703175 -0.004488784819841385 -0.008904246613383293 -0.013384898193180561 0.014936688356101513 0.018111160025000572 0.022531399503350258 -0.0162197295576334 0.01018193643540144 0.01854703016579151 0.014734028838574886 0.021155837923288345 0.002234530169516802 0.004008355550467968 -0.02731684222817421 -0.02767043374478817 -0.0020678965374827385 0.0023123575374484062 0.010374676436185837 0.010591872036457062 0.015886452049016953 -0.014897206798195839 -0.013287855312228203 -0.02911382168531418 -0.013630700297653675 0.004411056637763977 -0.026531832292675972 -0.008783054538071156 -0.018114695325493813 -0.01719631627202034 0.020558640360832214 -0.008720642887055874 -0.0023464448750019073 -0.0010593533515930176 -0.007665017619729042 -0.006268829107284546 0.00814143382012844 -0.0014739816542714834 -0.0006338445236906409 -0.018442755565047264 0.016868509352207184 -0.004941117484122515 -0.0003917476860806346 0.005365178920328617 -0.004843654576689005 -0.020521292462944984 0.002357247518375516 0.0073770638555288315 0.004219929687678814 -0.030548762530088425 -0.005346956662833691 -0.024261435493826866 0.0002537409891374409 0.011079966090619564 0.011356089264154434 0.019814565777778625 -0.006241435185074806 0.0012556285364553332 -0.00908910296857357 -0.0022505028173327446 -0.019821608439087868 -0.013814668171107769 -0.01579013280570507 -0.0023199585266411304 -0.05544380471110344 0.05311032384634018 -0.02741136960685253 0.07231205701828003 -0.012745202518999577 -0.014829544350504875 0.11396870762109756 -0.005505725741386414 0.06236106902360916 -0.026837358251214027 -0.0696980357170105 -0.036040253937244415 -0.07926595211029053 -0.041534554213285446 0.09022432565689087 -0.0523611344397068 -0.09286687523126602 -0.03668265789747238 -0.10377827286720276 -0.06249714270234108 -0.030296001583337784 0.03951558470726013 -0.03932808339595795 0.05237695202231407 0.02803964726626873 0.0337197482585907 0.017909057438373566 -0.07452718168497086 -0.10993508249521255 0.0759764164686203 0.07163961976766586 -0.06962544471025467 -0.07479092478752136 0.0956495851278305 0.022039299830794334 -0.04219267889857292 0.0869201123714447 0.028166241943836212 -0.04920000210404396 -0.017026910558342934 -0.11801787465810776 0.10658778250217438 -0.08213301748037338 -0.010494736023247242 0.010865956544876099 -0.08127249777317047 0.02251170203089714 0.026109062135219574 -0.005416282452642918 0.06026914343237877 -0.061151739209890366 0.015330704860389233 -0.055756956338882446 0.11129685491323471 0.05749412253499031 0.11949743330478668 0.09738337993621826 -0.040127478539943695 0.058294378221035004 0.023213056847453117 0.009389380924403667 -0.09702767431735992 -0.05411062389612198 0.08093492686748505 -0.0010857494780793786 -0.006078594829887152 0.0004810014506801963 -6.52596281724982e-05 -0.020242976024746895 -0.013924317434430122 -0.03416544198989868 0.008680490776896477 -0.02462838962674141 -0.05542711541056633 -0.03552177548408508 -0.0003973795974161476 -0.0020148251205682755 -0.00273036677390337 0.03561188653111458 0.0012224094243720174 0.0050195674411952496 -0.013949680142104626 -0.007886183448135853 0.02141042985022068 -0.013315742835402489 0.000784236122854054 -0.011662007309496403 -0.001845123595558107 0.009445819072425365 -0.0681358054280281 0.008528483100235462 0.0004258895351085812 0.00579451909288764 -0.00017898136866278946 0.039058033376932144 0.0009331015171483159 -0.003694498213008046 -0.00032768474193289876 0.0005874925409443676 0.04343736544251442 0.03313823044300079 0.00047315863776020706 0.05930925905704498 -0.0004166060243733227 0.0015723926480859518 0.0017103876452893019 0.0012753724586218596 0.013126113452017307 -0.00044747107313014567 0.020406709983944893 -0.017801547423005104 -0.06261913478374481 0.051388293504714966 -0.0005106592434458435 0.0011916160583496094 -0.005655428860336542 0.019549764692783356 -0.00017410176224075258 -0.010099032893776894 -0.01993992179632187 -0.016726331785321236 0.03999694064259529 -0.0027108960784971714 0.017504971474409103 0.0006788413738831878 -0.0034663230180740356 -0.002711458830162883 0.0003168253169860691 -0.010698272846639156 0.05599748715758324 -0.04478655755519867 0.028600668534636497 0.06188919022679329 0.10078375041484833 0.08088269084692001 -0.0034891373943537474 0.07681948691606522 0.0656994953751564 -0.0030793293844908476 -0.06815478950738907 -0.06548883020877838 0.027311736717820168 0.049396879971027374 0.06456250697374344 -0.0014840232906863093 0.014126323163509369 0.00128352758474648 0.06557763367891312 -0.08574853837490082 0.02414759062230587 0.0275631844997406 -0.011030199006199837 0.017811771482229233 0.09883458912372589 -0.0635581985116005 -0.010719814337790012 -0.0468159019947052 0.09358292818069458 -0.01755833812057972 -0.032931312918663025 0.04482011869549751 0.011571347713470459 -0.002003247383981943 0.01193946786224842 0.09166334569454193 -0.007021385710686445 0.13233385980129242 0.025453120470046997 -0.008990464732050896 0.02776779606938362 -0.011446989141404629 0.03790917247533798 -0.02997840940952301 -0.0389770045876503 -0.00918384175747633 -0.06696686893701553 -0.08433586359024048 -0.023967226967215538 0.01222660019993782 0.06687815487384796 0.02993720769882202 -0.0731305330991745 -0.10709619522094727 0.10692048817873001 0.013733782805502415 -0.0005051774205639958 0.033918917179107666 0.009040853008627892 0.012289704754948616 -0.03706412389874458 -0.03552907332777977 0.05354287475347519 0.017888212576508522 -0.011567354202270508 -0.005306599661707878 0.03436336666345596 0.12375809997320175 -0.048480551689863205 0.055151861160993576 -0.013271338306367397 -0.07699375599622726 0.11321496218442917 -0.04850679636001587 -0.09950143843889236 -0.01064916793256998 -0.015650728717446327 -0.03513604775071144 0.015308554284274578 0.03433763608336449 -0.07720424234867096 -0.12839491665363312 -0.05347790941596031 0.09507866948843002 0.05636769160628319 -0.09903386980295181 0.0017428445862606168 -0.03148533031344414 -0.024935439229011536 -0.13882769644260406 0.05138072371482849 -0.19968780875205994 0.06753713637590408 0.10469307005405426 0.007999448105692863 -0.0432438887655735 -0.01202748529613018 -0.04242744669318199 -0.0011420432711020112 0.0846426859498024 0.03445059806108475 -0.059265587478876114 0.05303177237510681 -0.1284017264842987 -0.039550572633743286 0.017598595470190048 -0.0025014232378453016 0.00035339462920092046 0.06575833261013031 -0.0717267096042633 -0.0040651545859873295 0.043419916182756424 -0.07418551295995712 -0.0014769557164981961 0.09828779846429825 -0.03376147523522377 0.11300759762525558 0.015575217083096504 0.09187731891870499 -0.02990170381963253 0.026262953877449036 -0.10174757987260818 -0.11600322276353836 -0.054266419261693954 -0.04947422444820404 -0.07376649230718613 -0.04293818771839142 -0.0002875981153920293 -0.01458156481385231 -0.0064376164227724075 -0.03480568155646324 2.36149316247547e-12 3.735021736339661e-10 -0.05105791240930557 -0.014324295334517956 1.4103077213001303e-11 1.3601074259905754e-11 0.06499674916267395 -0.024276845157146454 -0.00010878384637180716 -4.238661421851475e-09 0.033294014632701874 -0.006696826778352261 -0.03234034776687622 -0.0402115173637867 0.034924037754535675 0.0013800382148474455 -0.06366553157567978 -0.02887614443898201 -0.0366654098033905 0.002002747729420662 -0.008608672767877579 -0.046842124313116074 -0.001101739821024239 -0.002836469328030944 -0.03579900041222572 -0.008163531310856342 -0.0058006057515740395 -0.014879102818667889 -0.015591377392411232 0.009246613830327988 0.059286292642354965 -0.007213490083813667 0.0006137772579677403 0.043319497257471085 -0.006565714720636606 -0.02282431535422802 -0.050153594464063644 0.008245734497904778 -0.08166851848363876 0.020743906497955322 -0.019243035465478897 -0.02730279229581356 5.365112617139369e-15 -0.003106527030467987 -0.02219756878912449 0.006670164410024881 0.0758679136633873 -0.016397587954998016 0.04165547341108322 -0.014247318729758263 -0.0010122339008376002 8.005966766269634e-13 -0.021461687982082367 -0.014803781174123287 -0.0031671414617449045 4.6854325773892924e-05 0.04879436269402504 0.07218369096517563 -0.022087255492806435 -0.01518888771533966 -0.07162892073392868 0.034600481390953064 -0.0115046426653862 -0.048312194645404816 0.050587378442287445 -0.12054011970758438 -0.08548178523778915 0.10299593210220337 -0.05681103467941284 0.0851471945643425 -0.11293276399374008 -0.10815149545669556 0.007401233538985252 -0.03686508908867836 -0.0625680536031723 0.001043289084918797 0.10186277329921722 0.004398946650326252 0.05245490372180939 0.0048106019385159016 0.025893347337841988 -0.06769032031297684 0.049785710871219635 -0.004799129907041788 -0.03590741381049156 -0.09965075552463531 0.11731921136379242 -0.0039665596559643745 0.11928392201662064 0.02069716900587082 0.056044839322566986 -0.02574310079216957 -0.013376502320170403 -0.013538835570216179 -0.11748149245977402 0.010649492964148521 -0.04637794569134712 -0.0268735159188509 0.08226390928030014 -0.009876083582639694 -0.05934728682041168 -0.02757464349269867 -0.05072934180498123 -0.0796140655875206 -0.05182570591568947 0.08168595284223557 -0.02497844584286213 -0.1026659682393074 -0.05813885107636452 -0.019254036247730255 -0.07221609354019165 0.11459656804800034 0.0491999052464962 -0.09901861846446991 0.06796103715896606 0.12455855309963226 0.1018088161945343 0.10711906105279922 0.09348630160093307 0.1385137438774109 -0.03143738955259323 0.08535458147525787 -0.049312323331832886 0.029362350702285767 1.0279720299877226e-05 0.00012292902101762593 -1.8728478607954457e-05 0.006200358737260103 2.9740144694288177e-16 -6.694208955335037e-15 0.0003187522233929485 0.0026933245826512575 -0.00035439422936178744 0.00015589763643220067 -0.0058856867253780365 0.004663441330194473 0.005297455471009016 -0.00020966668671462685 0.0004917560727335513 -0.00038228562334552407 0.0006323987618088722 0.0004255496896803379 -0.00396728003397584 5.904656427446753e-05 0.00016168673755601048 0.0002577310660853982 2.7690737624652684e-05 0.00038256810512393713 0.0016987245762720704 -0.0014081894187256694 1.4415909390663728e-05 0.0001533788745291531 -0.009023741818964481 0.03098885528743267 0.00012523119221441448 0.0003870172658935189 -0.007584952283650637 -0.0020725990179926157 0.0003408385382499546 -0.018393905833363533 -2.4734508770052344e-05 0.00011997309775324538 0.00032992337946780026 0.0002336860925424844 9.298066288465634e-05 -0.0010865832446143031 0.028418395668268204 0.0002485382719896734 -0.009233574382960796 -0.0002684502978809178 -0.0004807708610314876 0.001161025371402502 3.0272347430582158e-05 5.8826120948651806e-05 0.0011884020641446114 0.00031969029805622995 0.0003518508456181735 0.00043863829341717064 8.331634307978675e-05 -4.214168438920751e-05 -0.014625169336795807 0.000386024359613657 0.0019539501518011093 -2.9787735911668278e-05 0.0015240471111610532 0.0008605924085713923 0.0001950426958501339 -0.0006747644511051476 0.025833286345005035 -0.07933823764324188 -0.0033053443767130375 0.006636154372245073 -0.009788976982235909 0.07326963543891907 0.046345967799425125 -0.11440801620483398 -0.003444501431658864 0.09633808583021164 0.08499378710985184 0.021463993936777115 -0.01743224635720253 -0.035091083496809006 0.06779800355434418 -0.09236964583396912 0.005143517162650824 0.015107590705156326 -0.05679997429251671 -0.06967951357364655 0.06914827972650528 -0.012190690264105797 -0.058386921882629395 -0.013033752329647541 -0.11710076779127121 0.03741830959916115 -0.06779517978429794 0.003938216250389814 -0.1268855780363083 -0.0006071439711377025 -0.046386029571294785 -0.01313750445842743 -0.02770700678229332 -0.022286146879196167 -0.016794146969914436 -0.06009469926357269 0.06116395443677902 -0.004435844719409943 0.08574698865413666 -0.007499399594962597 -0.07089576870203018 -0.015044743195176125 -0.022544777020812035 -0.03502138704061508 -0.0038334173150360584 -0.02044895477592945 -0.12547729909420013 -0.09911244362592697 0.07205444574356079 -0.05110156163573265 -0.008692797273397446 -0.1091778352856636 0.067782923579216 -0.1014714241027832 0.10520251095294952 -0.06465253233909607 -0.04865238815546036 0.016615958884358406 -0.020306482911109924 -0.11962145566940308 -0.02729908935725689 -0.022637832909822464 -0.09140503406524658 -0.08362432569265366 -0.03213177248835564 -0.00682478304952383 0.07721395045518875 -0.06301340460777283 0.0021651166025549173 -0.006057422608137131 -0.01661605015397072 0.039903756231069565 -0.010351723991334438 0.038053445518016815 -0.07294248789548874 0.04496121406555176 -0.07333160936832428 0.06770592927932739 -0.0720362514257431 0.004180906340479851 -0.021754518151283264 0.011678604409098625 -0.043140120804309845 0.012197984382510185 0.0008518913527950644 0.0070943161845207214 -0.0713159516453743 0.03315826505422592 0.06953787803649902 0.09428238123655319 -0.014111614786088467 -0.0626482143998146 -0.06396978348493576 0.029643632471561432 -0.06247438117861748 0.04244805499911308 0.030154496431350708 0.060954902321100235 -0.00927483569830656 -0.04797832667827606 -0.011844059452414513 0.020349860191345215 -0.028919028118252754 0.02795921452343464 0.08546743541955948 0.06665922701358795 -0.0635213553905487 -0.0356806181371212 -0.08642275631427765 -0.048255838453769684 0.06053910031914711 0.09677240997552872 -0.10699937492609024 0.035791877657175064 0.014750957489013672 0.08385255932807922 0.07557231187820435 -0.08592291176319122 -0.04041960835456848 -0.026323089376091957 0.0009631377179175615 0.02914898470044136 0.02242913283407688 -0.026802189648151398 -0.0030574798583984375 -0.01974528841674328 0.015523751266300678 0.020907970145344734 -3.176931568305008e-05 0.00028261716943234205 -0.00010167773871216923 0.00039889515028335154 -0.006976573262363672 -0.009375515393912792 -0.0031639845110476017 -9.520508319837973e-05 -0.00032609948539175093 -0.0012463302118703723 -0.00035225579631514847 -0.0003242093080189079 0.0001880276540759951 -9.086177306016907e-05 0.0004344392800703645 -0.0005432878388091922 -0.00023309171956498176 -0.0009097080328501761 -0.0019046150846406817 -1.2670698197325692e-05 -0.0035882366355508566 0.00011550030467333272 -0.00030698993941769004 0.00040460750460624695 0.0001658437104197219 -0.0025833831168711185 0.0001597411319380626 0.00011017344513675198 -0.003040202194824815 -0.0007755416445434093 -0.007397064007818699 0.0005035550566390157 0.00013651551853399724 -4.5718632463831455e-05 0.0006239603389985859 -0.0018522157333791256 -0.0008784150704741478 -3.4370459616184235e-05 0.0003850060165859759 -0.00014834712783340365 -0.0010759606957435608 1.1223681212868541e-05 0.00035008008126169443 9.524184133624658e-05 -0.00032388957333751023 0.0002373151946812868 -0.00681099621579051 -0.0006355081568472087 -0.006229974329471588 -0.0001638831599848345 4.6537435991922393e-05 9.009033237816766e-05 -0.00037197204073891044 -0.004969294182956219 -0.003487497800961137 -0.0034691011533141136 -0.0002747859980445355 -0.003698298940435052 6.760140240658075e-05 -0.00027916868566535413 -0.00021856362582184374 0.0006032595410943031 6.344910161715234e-06 -0.00037094068829901516 0.005565217696130276 0.03528893366456032 -0.006779128219932318 -0.015254457481205463 0.010288536548614502 0.009610663168132305 0.04134245216846466 0.06115027517080307 -0.02189880795776844 0.08477752655744553 -0.05349346250295639 0.05951566994190216 0.011399379000067711 0.014057128690183163 -0.04293118044734001 0.03136825934052467 -0.060846034437417984 0.025051716715097427 -0.055432215332984924 -0.010466278530657291 -0.04929728806018829 0.0021799420937895775 0.02209753356873989 0.0020116225350648165 -0.0687713474035263 0.003921607043594122 -0.02426544949412346 -0.003721734741702676 0.01457503717392683 0.07829009741544724 -0.04998312518000603 -0.023448439314961433 -0.0055719842202961445 -0.005715042818337679 -0.010446340776979923 -0.07003595679998398 -0.09920742362737656 0.0037698971573263407 -0.06153551861643791 -0.00010656300582922995 -0.030759915709495544 -0.05906389653682709 0.017169613391160965 -0.07120797038078308 0.008110233582556248 -0.007670296356081963 0.04333281144499779 -0.013894938863813877 -0.0885518342256546 -0.017824402078986168 -0.013567380607128143 0.06496898829936981 -0.071827232837677 0.019932636991143227 0.07192021608352661 -0.10837467014789581 0.06040903553366661 0.06288132816553116 0.03788183629512787 -0.07327914237976074 -0.04074030742049217 -0.039393648505210876 -0.0036501893773674965 0.047904808074235916 -0.00035244488390162587 1.1443133189459331e-05 -8.011666068341583e-05 -4.998523581889458e-05 -0.007133217062801123 -0.009403605945408344 -0.0026723966002464294 -0.001281420816667378 -0.0009296742500737309 -0.00409628776833415 -0.0009535985882394016 -0.00024962014867924154 -0.0004130917077418417 0.0002790624857880175 -0.0006505214259959757 -0.00034946593223139644 -0.00023048772709444165 9.305257844971493e-05 -0.0005417187931016088 -0.0007010221597738564 -0.0024185660295188427 -7.465502858394757e-05 -0.0008103051804937422 -0.0007472613942809403 -0.0009064889163710177 -1.473106567573268e-05 -0.002231643535196781 -0.0002518680121283978 4.23264573328197e-05 -0.0002790923463180661 -0.005459979642182589 -0.0006365438457578421 0.00041648378828540444 -1.716890255920589e-05 -0.00028377247508615255 -0.0006746735889464617 -0.0006452874513342977 6.453360401792452e-05 -0.000397382682422176 -0.0004713261441793293 0.00038394724833779037 -7.087811536621302e-05 -0.000794899882748723 -0.0006770426407456398 -0.0004918022314086556 -0.001921053510159254 -0.0027495576068758965 -0.0008974088705144823 -0.002648445311933756 -0.000919068930670619 -0.00013395359565038234 0.00017875964113045484 0.00012955671991221607 -0.0017974392976611853 -0.002872197888791561 0.0007663060096092522 -0.0016423171618953347 -0.001845314633101225 -2.0191921066725627e-05 -0.0015648299595341086 -0.0002366056141909212 -0.0023017299827188253 6.775046495022252e-05 -0.00010454400035087019 -0.023349909111857414 -0.030290711671113968 -0.00860640313476324 0.008073747158050537 -0.019627096131443977 0.10282059013843536 0.0004096595221199095 0.04574694484472275 -0.028178321197628975 -0.02533162757754326 0.0259998869150877 0.04720228537917137 -0.06425710767507553 -1.9981167497462593e-05 0.009782891720533371 0.07749887555837631 -0.027317047119140625 0.013126331381499767 0.038615964353084564 0.09983031451702118 0.03674190118908882 -0.021110868081450462 0.00040615847683511674 -0.012662505730986595 0.0007080017821863294 0.09199415892362595 -0.06494538486003876 0.015583031810820103 -0.07903089374303818 -0.036458421498537064 -0.10237131267786026 -0.008715692907571793 -0.017672767862677574 -0.09262215346097946 0.07505244016647339 -0.00857036467641592 -0.0006564382929354906 -0.016095664352178574 -0.04036649689078331 -0.013012747280299664 -0.040436964482069016 -0.057992756366729736 -0.06967877596616745 0.11338101327419281 0.0019486276432871819 0.02076706849038601 -0.013453676365315914 -0.02185443975031376 0.0005161651642993093 0.01903376169502735 -0.002995210001245141 0.060875337570905685 0.03980763629078865 -0.023560557514429092 -0.03779875114560127 0.056716278195381165 -0.08310280740261078 0.027600202709436417 -0.007947097532451153 -0.028526682406663895 0.050200287252664566 0.02680441364645958 -1.8384249415248632e-05 -0.021391471847891808 0.0007804530905559659 -0.0025534313172101974 -0.00010551154991844669 0.0032076984643936157 -0.001018137321807444 -0.004093326162546873 0.0012183510698378086 0.000756425375584513 -3.981388726970181e-05 -0.007792280055582523 0.012265187688171864 -0.00047322307364083827 -0.0018630385166034102 0.001566119957715273 -0.0012512727407738566 6.422941805794835e-05 -0.0014287993544712663 0.00014241065946407616 -0.0030117579735815525 4.674848696595291e-06 -0.003785428823903203 -0.0012661560904234648 -0.007668199948966503 -0.0007514574099332094 0.011132885701954365 0.0007394288550131023 -0.00021106487838551402 -1.917621193570085e-05 -0.00017663305334281176 -0.02656790055334568 0.012332407757639885 -0.00045113731175661087 -0.00514168431982398 0.0026100678369402885 0.0015733306063339114 -0.009958110749721527 0.0007319835131056607 0.0022893508430570364 0.005517913959920406 -0.00012517526920419186 -0.003257177770137787 0.00828134547919035 0.023392686620354652 -6.570271216332912e-05 -0.006179219577461481 0.0001429123803973198 2.2865209757583216e-05 -5.4123436711961403e-05 6.719125667586923e-05 -0.0020564175210893154 0.003925131168216467 0.0002699341857805848 3.833484515780583e-05 -4.3303531128913164e-05 3.603378984085026e-10 0.0007650532061234117 -0.0016529681161046028 -7.707169971671313e-12 0.004536537453532219 0.009496326558291912 0.004076749552041292 0.010378777049481869 -1.576295716176901e-08 -0.0009307619766332209 -0.03893166407942772 -0.027762437239289284 0.01329581905156374 0.030605701729655266 -0.09416590631008148 -0.05267470329999924 0.04928043484687805 -0.039876632392406464 0.10241914540529251 0.01777067966759205 -0.04487086087465286 -0.006663301028311253 0.06690044701099396 0.002965642139315605 -0.026041792705655098 0.003285042243078351 -0.07503394782543182 0.005564054939895868 -0.07048109173774719 0.04485895484685898 0.0732496902346611 -0.0380110889673233 -0.034670133143663406 -0.016481680795550346 -0.09923213720321655 -0.08184081315994263 -0.09682624042034149 0.026932023465633392 -0.03848758339881897 -0.03686147555708885 -0.015248337760567665 0.023129701614379883 0.06511198729276657 -0.04739123582839966 -0.03393255174160004 0.062326353043317795 -0.09992141276597977 -0.019247617572546005 -0.07292453944683075 -0.021711913868784904 0.016564954072237015 0.047860629856586456 0.07877342402935028 -0.018853453919291496 0.0785294771194458 -0.055040765553712845 -0.07671639323234558 -0.042325474321842194 -0.0728909820318222 -0.04078107327222824 -0.015150230377912521 0.02068106085062027 0.053135111927986145 0.02550308220088482 0.06570705771446228 0.07681284099817276 0.07339710742235184 0.11123741418123245 0.004029967822134495 -0.06700998544692993 -0.052257705479860306 -0.08474470674991608 -0.041910115629434586 0.050415996462106705 0.026170803233981133 -0.0724969357252121 0.09027750790119171 -0.016110962256789207 -0.016471870243549347 -0.0214729905128479 0.08477123826742172 0.032598499208688736 -0.02331843599677086 -0.007619616109877825 -0.06539657711982727 -0.03645238280296326 -0.03813541308045387 0.07025936990976334 0.09764847904443741 -0.050180669873952866 -0.02751179225742817 0.05716755613684654 -0.07280853390693665 -0.020312460139393806 0.04616257920861244 -0.056431204080581665 -0.04394644871354103 0.10076133161783218 0.046869199723005295 -0.006729819346219301 -0.08349905163049698 0.0799541026353836 -0.025820715352892876 0.03401317074894905 -0.06839768588542938 0.0352567583322525 0.05923217535018921 0.019425850361585617 -0.0018600147450342774 -0.033643417060375214 -0.03117658756673336 0.08151666820049286 0.018557775765657425 -0.021227989345788956 0.028335951268672943 0.07879102230072021 -0.023627515882253647 0.07409928739070892 -0.07201902568340302 0.08476019650697708 -0.017501255497336388 -0.04420117288827896 -0.022168723866343498 -0.018482446670532227 0.020351218059659004 -0.07170049101114273 0.05473065376281738 0.03954967111349106 -0.007791007403284311 -0.035462938249111176 -0.012637969106435776 -0.008820653893053532 -0.03534260392189026 -0.04687228053808212 -0.043644871562719345 0.003032191889360547 -0.028383426368236542 0.044327400624752045 -0.006763210520148277 0.007280434016138315 -0.012558363378047943 -0.08029486984014511 -0.07872996479272842 0.09003408253192902 0.08617964386940002 -0.09727472066879272 0.011922027915716171 0.12518467009067535 -0.021909167990088463 -0.09405107796192169 0.07535327970981598 -0.08516039699316025 0.11249738931655884 -0.08409605175256729 0.07887870073318481 -0.03827941045165062 0.03276115283370018 0.07757257670164108 0.05716882646083832 -0.06453017145395279 0.019961118698120117 -0.045332565903663635 0.012697277590632439 -0.033181313425302505 -0.08823266625404358 -0.025132842361927032 -0.08253225684165955 -0.023373786360025406 0.11190462857484818 0.0983981043100357 -0.06558861583471298 0.021426329389214516 0.07269182801246643 -0.0950004905462265 -0.08561132103204727 0.01015076506882906 -0.11290942877531052 0.03313913941383362 -0.017495207488536835 0.09547804296016693 -0.012650024145841599 0.023556329309940338 0.09980376064777374 -0.10567472875118256 0.08195424824953079 0.03268984332680702 0.03043367527425289 -0.05928884819149971 0.03140094503760338 -0.026665033772587776 0.08532092720270157 0.023372141644358635 0.08382868766784668 -0.05050323158502579 0.10020174086093903 0.05976472049951553 0.09615416824817657 0.038304250687360764 -0.10683541744947433 0.10549372434616089 0.03598077967762947 -0.04901406541466713 0.06204977631568909 -0.03669460862874985 0.03441157937049866 0.03150208294391632 0.037886861711740494 0.005329144187271595 0.03207722306251526 0.038055386394262314 -0.11691354215145111 0.08708886057138443 -0.04123546555638313 -0.07153460383415222 -0.019856473430991173 -0.016058165580034256 0.09412949532270432 -0.050982456654310226 0.004549878649413586 0.0009763052803464234 0.03617086261510849 0.051690712571144104 -0.1140148863196373 -0.048583075404167175 0.06951829046010971 0.05736923590302467 0.006677164696156979 -0.11156157404184341 -0.06517569720745087 0.008473853580653667 -0.043141920119524 0.00034576200414448977 -0.02335990220308304 0.01639762707054615 -0.08253873139619827 -0.04219430685043335 0.004404846113175154 -0.07102276384830475 -0.10865909606218338 -0.008758636191487312 -0.022837037220597267 0.04453717917203903 -0.014200144447386265 0.01102628093212843 0.02167464978992939 -0.10737268626689911 -0.02399524115025997 0.006632673554122448 -0.050693899393081665 0.03378594294190407 -0.009266551584005356 0.05998440086841583 0.02118500880897045 0.06626418977975845 -0.09049735218286514 -0.036534711718559265 0.0695444792509079 -0.08195080608129501 0.07837098091840744 0.009721017442643642 -0.013594419695436954 -0.0869348794221878 -0.0003631090512499213 -0.08207785338163376 0.03474000096321106 0.08514214307069778 0.05964459478855133 0.002145263133570552 -0.0624726228415966 0.04217219352722168 0.003811249975115061 -0.11267276853322983 -0.10267990827560425 0.0826585441827774 -0.08239191025495529 0.08121468871831894 0.01812651939690113 -0.10172224789857864 -0.08709624409675598 0.05482669547200203 -0.07817888259887695 0.07923006266355515 0.12020725011825562 0.07198284566402435 0.11414863914251328 0.0998702123761177 0.08268008381128311 -0.00160364736802876 0.12176067382097244 0.07642234861850739 0.004303710535168648 -0.03871207684278488 0.027501968666911125 0.04915882647037506 -0.07903136312961578 -0.03140169009566307 0.11639431864023209 -0.07854383438825607 0.009095911867916584 0.01516424585133791 0.08561567962169647 -0.02440047636628151 0.13145409524440765 -0.030205802991986275 0.12862683832645416 0.08794118463993073 0.10524287819862366 0.006483674049377441 0.04556427523493767 0.011865068227052689 0.07057662308216095 0.022586163133382797 -0.02950991317629814 -0.0695255845785141 -0.03802833706140518 -0.017168216407299042 -6.726480205543339e-05 0.05316166579723358 -0.045689478516578674 0.004715893883258104 -0.10298267751932144 -0.12010902166366577 -0.09400569647550583 0.06672002375125885 -0.0008586009498685598 -0.056444767862558365 -0.004549909383058548 -0.04346654191613197 0.04444950446486473 -0.019121680408716202 0.0013299172278493643 -0.020978642627596855 0.00044447422260418534 -0.034191206097602844 -0.10724642872810364 0.02901577576994896 0.02491532824933529 -0.07927370816469193 -0.0928274542093277 0.015305675566196442 -0.04506819695234299 -0.04956023395061493 -0.08968489617109299 -0.04252935200929642 -0.10674215108156204 0.036872975528240204 0.022037677466869354 0.042485978454351425 -0.049093909561634064 0.04693925753235817 0.0988868772983551 -0.10475170612335205 -0.14780639111995697 -0.08225715160369873 0.03979530185461044 -0.10112734138965607 -0.12032483518123627 -0.03478828817605972 0.09637393057346344 0.09178035706281662 0.07914970070123672 0.08351875096559525 -0.005110003054141998 0.04012071341276169 -0.08435722440481186 -0.012776472605764866 -0.05258118733763695 0.003879344090819359 0.09441931545734406 0.0630766749382019 -0.0004276978725101799 0.055283959954977036 0.09962398558855057 0.053641583770513535 0.08252519369125366 -0.09924755245447159 0.01594063639640808 -0.032453976571559906 -0.04099205508828163 -0.14410489797592163 -0.023347485810518265 0.08774994313716888 0.07839742302894592 0.11283227056264877 0.10984817147254944 0.05877453088760376 0.07917553931474686 0.023858806118369102 -0.11840564012527466 -0.010898730717599392 0.06811342388391495 -0.021812353283166885 -0.07225602865219116 -0.03604913875460625 -0.018985439091920853 -0.056681349873542786 0.013277087360620499 -0.030322499573230743 0.0035477373749017715 0.0031063647475093603 0.02382580004632473 -0.10622172057628632 0.021696295589208603 0.03679162263870239 0.0035082101821899414 -0.04723820090293884 0.021658387035131454 -0.06294173002243042 0.029868293553590775 -0.043733932077884674 -0.038114119321107864 -0.028818294405937195 0.0066346293315291405 -0.009494652971625328 -0.08430521935224533 0.004209620878100395 -0.06443814933300018 -0.035340819507837296 -0.09931457787752151 -0.049859147518873215 -0.05564602091908455 0.049126286059617996 0.0064853485673666 0.011583149433135986 -0.039312537759542465 -0.041802503168582916 -0.020656270906329155 0.010013527236878872 0.021286631003022194 -0.040284689515829086 -0.05153686925768852 0.026135506108403206 -0.009553895331919193 -0.021431194618344307 -0.03561493754386902 -0.024333303794264793 -0.00899524986743927 0.01540091447532177 0.016902871429920197 -0.005522627849131823 -0.024502791464328766 -0.02695525251328945 0.013860155828297138 -0.06875400245189667 0.060710616409778595 -0.02662796527147293 -0.015192195773124695 0.07814620435237885 0.008091551251709461 -0.0007091651204973459 -0.024601582437753677 -0.07358389347791672 -0.05956851691007614 -0.045005008578300476 0.000675326504278928 -0.050412293523550034 -0.07120420783758163 -0.024208661168813705 -0.06567946821451187 -0.056551966816186905 0.012631431221961975 -0.05374281853437424 0.013743146322667599 -0.01023132260888815 -0.04477422311902046 0.019031470641493797 -0.027386363595724106 0.12463735044002533 0.006135561503469944 -0.021740131080150604 -0.026269711554050446 0.018806178122758865 -0.09046956151723862 0.0038850305136293173 0.06716573238372803 -0.012531561776995659 0.020524855703115463 -0.08461961150169373 -0.03733986243605614 0.04305644333362579 -0.006433304864913225 0.027955960482358932 -0.10975024104118347 0.010574541054666042 0.06036032363772392 -0.04683397337794304 0.09014526009559631 0.05309733375906944 -0.061667587608098984 0.0631512701511383 -0.04711294546723366 -0.04242049530148506 0.061420146375894547 -0.06840252876281738 -0.019480958580970764 0.02857929840683937 -0.04910377040505409 0.045861076563596725 0.06429503113031387 -0.0367618128657341 0.05105936899781227 0.03690061718225479 -0.042345236986875534 0.014917094260454178 0.0021167448721826077 -0.03228641673922539 0.0674203485250473 -0.06514817476272583 0.07054735720157623 -0.037279222160577774 0.08704079687595367 -0.06026485934853554 -0.04146197438240051 0.12740640342235565 0.08389447629451752 0.0593830831348896 -0.05611497163772583 0.028208833187818527 0.021415390074253082 0.07717056572437286 -0.09344816207885742 -0.08734633028507233 0.07297834753990173 -0.06175557151436806 0.03742176294326782 0.025682633742690086 0.029636474326252937 0.10096980631351471 0.00730145163834095 0.043320514261722565 0.06423018872737885 -0.035637158900499344 0.05529700219631195 0.04628080502152443 -0.014591404236853123 0.06276870518922806 -0.034122563898563385 -0.06497063487768173 -0.014043528586626053 -0.007785961963236332 -0.07809247821569443 -0.07995559275150299 0.019020631909370422 -0.029304364696145058 0.017012517899274826 -0.006422278005629778 0.020866181701421738 0.025428233668208122 -0.017051098868250847 0.008782563731074333 -0.09322627633810043 -0.07211115211248398 0.06703711301088333 -0.05492400377988815 0.028767311945557594 0.005903953220695257 0.023272888734936714 0.06190600246191025 -0.0009489935473538935 -0.01273534819483757 0.0030057874973863363 -0.07594286650419235 -0.10664302110671997 0.016879834234714508 -0.017027663066983223 0.08835116773843765 0.007702318951487541 -0.05452606454491615 -0.11572445929050446 0.012681256048381329 0.02108640968799591 -0.09287478029727936 -0.04728278890252113 -0.006261300761252642 0.03382126986980438 -0.018241090700030327 0.059461385011672974 0.08551814407110214 -0.05615276098251343 -0.05411141365766525 0.024213438853621483 -0.06665751338005066 -0.05369753763079643 -0.045406632125377655 -0.012510624714195728 -0.061735935509204865 -0.005339252762496471 -0.007901486940681934 0.011766545474529266 -0.04462685063481331 -0.09874647855758667 0.027979841455817223 -0.01305758859962225 -0.023664435371756554 -0.009429337456822395 0.026626620441675186 -0.008713742718100548 0.020830022171139717 -0.003621133742853999 -0.00029076827922835946 0.005507210269570351 0.030997171998023987 0.014043174684047699 -0.029406899586319923 0.028323784470558167 -0.007742065005004406 -0.034222256392240524 0.057957179844379425 0.012026707641780376 -0.005003971979022026 0.015906265005469322 -0.07383427768945694 -0.004656422883272171 0.0005898019880987704 0.036380182951688766 -0.018942944705486298 0.0703689455986023 -0.008021065033972263 -0.01468755304813385 -0.021707290783524513 -0.004654341377317905 -0.07609961181879044 -0.05488339439034462 0.008624041453003883 0.04511759802699089 0.0190664641559124 -0.06566254049539566 0.00031815524562262 -0.01267754565924406 0.02616153284907341 0.02055276557803154 0.00559568777680397 0.0875653326511383 0.09388518333435059 -0.030017046257853508 -0.0028158219065517187 -0.009721503593027592 -0.08604387938976288 -0.01201228890568018 -0.047565657645463943 -0.12367105484008789 -0.016037795692682266 -0.06837669014930725 0.008051326498389244 -0.011017326265573502 -0.027824116870760918 -0.00766066275537014 -0.011768021620810032 -0.0036546727642416954 -0.022540464997291565 0.0041284700855612755 0.07303836196660995 0.054401058703660965 -0.02919933758676052 -0.03185990825295448 0.022216973826289177 0.0429147407412529 -0.04159680753946304 -0.042162053287029266 0.09856083989143372 -0.0802290067076683 -0.09046194702386856 0.014860431663691998 0.08363211154937744 -0.045010294765233994 0.043523602187633514 0.08985599875450134 -0.028125090524554253 -0.0377594456076622 0.01146767009049654 0.027624959126114845 0.0026689348742365837 -0.06897041201591492 -0.04330572485923767 0.03736279159784317 0.10097537934780121 0.014086568728089333 -0.005595996044576168 0.10263656079769135 0.08564648032188416 -0.04490210860967636 -0.024926356971263885 -0.015998249873518944 -0.08033325523138046 -0.008467371575534344 -0.04134818911552429 0.022874625399708748 -0.05165986716747284 -0.06203237175941467 0.09718933701515198 0.001757690217345953 0.03525231033563614 -0.08624275773763657 -0.036933545023202896 0.0882144644856453 -0.07454776763916016 0.01018710806965828 -0.018142081797122955 0.036754246801137924 0.022197909653186798 -0.018433811143040657 0.002020594896748662 -0.03154737129807472 0.058665163815021515 0.02024531364440918 0.06602662801742554 -0.013985350728034973 -0.014369329437613487 0.06717807799577713 -0.0647975355386734 0.006682866718620062 0.03351572901010513 0.018633918836712837 0.0002522090799175203 -0.033666517585515976 0.049481719732284546 0.004289962816983461 0.02583911456167698 0.10738860070705414 0.021096322685480118 -0.03777153789997101 -0.030967460945248604 0.09457734227180481 0.07070544362068176 -0.053580254316329956 0.02515264041721821 -0.08735524863004684 -0.017830658704042435 -0.08072781562805176 -0.10773807764053345 -0.007439376320689917 0.05667008459568024 -0.05870640277862549 0.03622991591691971 0.10998508334159851 0.02027394063770771 -0.017112113535404205 0.021138910204172134 -0.161800354719162 -0.07036086171865463 -0.10438945144414902 0.10205430537462234 0.04426054656505585 0.06476474553346634 0.10856816172599792 -0.09497950971126556 -0.05351894721388817 -0.00937518011778593 0.09621831774711609 0.020553506910800934 0.0020586310420185328 -0.04924691468477249 0.09921450912952423 0.06304939836263657 0.03070284053683281 0.06110111624002457 0.09585736691951752 0.10266848653554916 -0.1087188720703125 0.010871905833482742 -0.03403474763035774 -0.0002758442424237728 0.10903170704841614 -0.12252794206142426 -0.06833483278751373 -0.05692078545689583 -0.0894790068268776 -0.03559831157326698 -0.05243780463933945 0.05954533815383911 0.079460509121418 -0.03757907822728157 -0.044650886207818985 -0.15174785256385803 -0.01190402451902628 -0.11301533132791519 -0.06150156632065773 0.09155932813882828 0.001504822401329875 0.004629361908882856 0.003943977877497673 0.003634765977039933 0.04437113180756569 0.03226418048143387 -0.07695955038070679 -0.029343781992793083 0.03278518095612526 -0.06307883560657501 -0.023890595883131027 0.02075892500579357 -0.0001372384576825425 0.00040261924732476473 -0.013266036286950111 -0.0220878254622221 -0.005137425381690264 0.014107104390859604 0.03266654908657074 0.046084459871053696 -0.0617559477686882 -0.002290542935952544 -0.02499084733426571 -0.010571903549134731 -0.04743644595146179 0.014194736257195473 0.023261500522494316 0.0009245395776815712 0.0009100374882109463 -0.0003049969091080129 -0.03327643498778343 -0.0067254663445055485 0.008641972206532955 0.002663559513166547 -0.008141876198351383 -0.0968971699476242 -0.0963653102517128 -0.001635366352275014 -0.0908309668302536 -0.004389738664031029 0.025539571419358253 -0.0044563645496964455 -0.009413610212504864 -0.008694004267454147 -0.0021337533835321665 -0.060936130583286285 -0.13101737201213837 0.037001218646764755 -0.007535013370215893 -0.005243079271167517 -0.008066671900451183 0.042748935520648956 -0.07087442278862 0.010380699299275875 -0.06312187761068344 -0.018416820093989372 0.013694165274500847 0.059205587953329086 -0.007448866032063961 -0.026397647336125374 -0.017217200249433517 -0.0059602102264761925 -0.019186947494745255 -0.024938279762864113 -0.013715921901166439 0.09137281030416489 -0.0021135678980499506 8.600487490184605e-05 -0.10582519322633743 -0.02762821689248085 -0.1001322939991951 -0.08192837983369827 0.03090376779437065 -0.011080984957516193 -0.08140508830547333 0.06942430138587952 -0.025420881807804108 -0.0023307297378778458 0.10735877603292465 0.045564934611320496 0.00224294769577682 -0.06233872473239899 -0.10378774255514145 0.05862421914935112 0.050925400108098984 -0.02106870524585247 -0.04232028126716614 0.05492103844881058 -0.056949831545352936 0.12116091698408127 -0.0687444806098938 0.0035240130964666605 -0.08299487084150314 -0.07029622048139572 0.1210235208272934 0.06433961540460587 0.027294183149933815 -0.05120694264769554 0.03315829485654831 0.046310801059007645 0.030842050909996033 0.0006097827572375536 -0.016778234392404556 0.035443663597106934 -0.07244366407394409 0.07768088579177856 -0.004590533673763275 -0.0777411013841629 -0.10624785721302032 -0.06040202081203461 -0.09556025266647339 -0.09272608906030655 -0.053366415202617645 0.04170288145542145 -0.0570213682949543 0.12315693497657776 0.00881094392389059 -0.07368405163288116 0.050473496317863464 0.00469293212518096 0.07069329172372818 -0.04548291116952896 0.07137569785118103 -0.07016188651323318 -0.027286740019917488 -0.019379498437047005 -0.0038705854676663876 -0.016694938763976097 -0.008650491014122963 0.017964767292141914 0.005972063634544611 0.046727538108825684 0.06898149847984314 0.08659834414720535 0.039831746369600296 -0.11178271472454071 0.09451685100793839 -0.10381872951984406 -0.10107238590717316 -0.03558918461203575 0.05892482027411461 -0.002241268288344145 0.09117251634597778 -0.11514433473348618 -0.14011618494987488 -0.08542519062757492 -0.034075431525707245 0.07841058820486069 0.11055116355419159 -0.008510584942996502 -0.1551102101802826 0.014671387150883675 0.006935875862836838 -0.029692290350794792 -0.12290758639574051 -0.008232555352151394 0.045259758830070496 -0.08888500928878784 -0.025521812960505486 -0.012680635787546635 0.078709676861763 0.062076419591903687 -0.06380651891231537 0.041810616850852966 0.07636382430791855 0.05420799180865288 0.10537297278642654 -0.05134114623069763 -0.06865522265434265 0.054065898060798645 0.0015642110956832767 -0.0054572392255067825 -0.03555829077959061 -0.09580878913402557 0.06410297006368637 -0.10091900080442429 0.040998514741659164 -0.017404956743121147 0.05399225279688835 0.08527649194002151 -0.04832852631807327 -0.04871875047683716 0.021321944892406464 -0.020620770752429962 -0.12715646624565125 0.09985820204019547 -0.07604849338531494 -0.0011760997585952282 0.04421767219901085 -0.031156783923506737 -0.19425268471240997 -0.08310166746377945 -0.0595942847430706 -0.03561787307262421 -0.0018588604871183634 -0.010143792256712914 -0.011326247826218605 0.06782322376966476 -0.007769491523504257 -0.020893597975373268 -0.0605497881770134 0.07912519574165344 -0.03672461956739426 0.03101670742034912 -0.07505404949188232 -0.018579700961709023 0.09951907396316528 -0.03775749355554581 -0.10230663418769836 -0.13287562131881714 0.0427001528441906 -0.04820064455270767 -0.1026444062590599 -0.07686741650104523 -0.08713284879922867 0.04801047593355179 0.028151890262961388 -0.021736865863204002 0.04282481595873833 0.047748129814863205 -0.09320647269487381 0.015308534726500511 -0.05789433419704437 0.014606576412916183 -0.0009234530152752995 0.03689606115221977 0.02887672372162342 0.05870944261550903 -0.03779172897338867 0.03567398712038994 -0.006974775809794664 0.07280750572681427 -0.04790851101279259 -0.0077017382718622684 -0.04821277782320976 -0.05554484203457832 0.0630013719201088 0.08403879404067993 0.10725096613168716 0.06745050847530365 0.02059212513267994 0.009706304408609867 0.013163886964321136 -0.10752957314252853 -0.06717135012149811 0.04006940498948097 0.09601031243801117 0.09822995960712433 -0.06778602302074432 0.11383815854787827 -0.07097771018743515 -0.08065831661224365 -0.0004882373905275017 -0.11213292926549911 0.006043678615242243 0.0722561925649643 0.013961928896605968 0.021118251606822014 -0.03761657699942589 -0.03642412647604942 -0.028251759707927704 0.005070406012237072 0.0607428140938282 -0.1190175861120224 -0.03307649493217468 -0.08296990394592285 0.03830919414758682 -0.001079427544027567 0.008898038417100906 0.0075371889397501945 0.017921848222613335 -0.001386352814733982 -0.06362058967351913 0.046402085572481155 -0.08719313144683838 -0.040805693715810776 -0.07485014200210571 -0.02520221844315529 -0.05092722550034523 -0.015907954424619675 0.05347296595573425 -0.02181231416761875 -0.05326097086071968 0.014236809685826302 0.061852071434259415 -0.05608129873871803 0.053700290620326996 0.04073562100529671 0.03788188844919205 -0.0020157750695943832 0.05064520239830017 -0.041914258152246475 -0.05436192452907562 -0.009864897467195988 -0.08828374743461609 -0.014401067979633808 0.02910364605486393 -0.0070439595729112625 0.0075736278668046 -0.042722489684820175 0.0008555095409974456 -0.054746031761169434 -0.07626421749591827 -0.0051555028185248375 0.007723240647464991 -0.02572093904018402 0.03420427069067955 -0.029480861499905586 0.04189321771264076 -0.0020856023766100407 -0.03531552106142044 0.01254049688577652 -0.054672542959451675 -0.08662868291139603 0.007610417902469635 0.06702066212892532 -0.028487419709563255 -0.07118979096412659 0.04926842078566551 0.006943530403077602 -0.007785774767398834 -0.09680725634098053 -0.05466347932815552 -0.07279586791992188 -0.019625792279839516 -0.02198135107755661 -0.022816678509116173 -0.1038643941283226 0.10893556475639343 0.041606128215789795 0.12487028539180756 -0.11617989838123322 -0.023384952917695045 0.053453754633665085 -0.022329431027173996 -0.012117885984480381 -0.0343046560883522 -0.13793431222438812 -0.14325736463069916 0.060907796025276184 0.04941685125231743 0.0021217975299805403 0.01031793374568224 -0.02054094895720482 -0.13167092204093933 0.055141787976026535 -0.13822871446609497 -0.07321587949991226 -0.0865987241268158 0.0641072615981102 0.11037508398294449 -0.028042884543538094 0.02596452459692955 -0.042114321142435074 -0.06073864549398422 -0.06060825660824776 0.012214342132210732 -0.03180965781211853 -0.046925224363803864 -0.054719243198633194 0.0201963372528553 0.05934033542871475 -0.007139685098081827 -0.024496976286172867 -0.0618521012365818 0.06962526589632034 0.09352006018161774 0.03138433024287224 -0.10251738876104355 -0.029923604801297188 -0.021735824644565582 -0.036201346665620804 0.10559117048978806 0.11075161397457123 0.0926373228430748 0.003364367876201868 0.006981526035815477 -0.09606856852769852 -0.045262567698955536 -0.12838959693908691 -0.06934207677841187 -0.011936865746974945 -0.12413787096738815 -0.0558093897998333 -0.01601875014603138 -0.014246213249862194 0.018129633739590645 -0.01879536174237728 0.04300780966877937 0.02813662402331829 -0.007512460462749004 0.03847656026482582 -0.06321007013320923 0.09069745242595673 -0.03466351702809334 0.047546591609716415 0.035791777074337006 0.021905245259404182 -0.01854672096669674 0.033112578094005585 0.003648243611678481 0.021339258179068565 -0.020469844341278076 0.02954334206879139 -0.011242665350437164 -0.001362508861348033 0.04270085319876671 0.0039820135571062565 0.014055079780519009 0.002804114017635584 -0.0218612439930439 -0.007846240885555744 -0.027226563543081284 0.060969315469264984 0.07660453766584396 -0.008903278037905693 -0.05513696372509003 -0.02815699577331543 0.012217151932418346 -0.0822075679898262 -0.0047737122513353825 0.0002694727445486933 -0.014922060072422028 0.014301910996437073 0.011366925202310085 -0.0021041834261268377 -0.028986025601625443 0.01607118546962738 -0.0015518558211624622 0.001684337155893445 -0.061637286096811295 0.0804750993847847 -0.02542884647846222 -0.008533542044460773 -8.299388719024137e-05 0.05728880316019058 -0.0018857130780816078 0.009635970927774906 0.05235309153795242 -0.015694377943873405 -0.041481807827949524 -0.09427591413259506 -0.047651372849941254 -0.025790153071284294 -0.013376077637076378 -0.022601617500185966 -0.008484549820423126 0.025170061737298965 0.016817722469568253 -0.027798078954219818 -0.02932792715728283 -0.03424130007624626 -0.09800036996603012 -0.09747781604528427 0.041978463530540466 -0.08903300762176514 0.08116750419139862 0.10778863728046417 -0.10549019277095795 0.008995923213660717 0.04888776317238808 -0.09848672896623611 -0.010364336892962456 -0.05861619859933853 -0.07548608630895615 0.09584011137485504 0.07220552116632462 -0.053328949958086014 0.033549923449754715 0.05532049387693405 -0.04501458257436752 0.05526680871844292 0.09028332680463791 -0.06355459988117218 -0.057025108486413956 -0.024786945432424545 0.06964635848999023 -0.011720455251634121 0.007014477625489235 0.04780710116028786 0.0009316038340330124 -0.06714770197868347 0.04609639197587967 0.10375025868415833 0.1193079873919487 0.02512025460600853 0.041421934962272644 -0.02824423275887966 0.06008508801460266 0.0959092229604721 0.09072638303041458 0.01462994609028101 0.08505032956600189 -0.0681375041604042 0.10102809220552444 0.07380379736423492 -0.06165963038802147 0.033832017332315445 -0.061152711510658264 0.09784836322069168 0.07920937985181808 0.05495240166783333 0.022455982863903046 -0.08401661366224289 0.015754198655486107 0.06549829244613647 -0.021518463268876076 -0.05602835863828659 0.05255143716931343 0.021460171788930893 -0.0035257593262940645 0.0314248688519001 0.012419085018336773 0.05467718839645386 0.04575970396399498 0.06624666601419449 0.09918010234832764 -0.038199782371520996 -0.06797385960817337 0.0822533667087555 0.03893528878688812 -0.07518786936998367 -0.04402245581150055 0.014972127042710781 0.05019987374544144 -0.06781946122646332 0.10937285423278809 0.04978281259536743 0.05847999453544617 -0.037370726466178894 0.06933342665433884 -0.0542014017701149 0.00898832455277443 -0.07370218634605408 0.05919293314218521 -0.017644179984927177 0.06076908856630325 -0.03451938554644585 -0.08772135525941849 -0.017070865258574486 0.053893350064754486 -0.09954438358545303 0.03093729540705681 -0.041240543127059937 -0.024078642949461937 -0.08815506100654602 0.08446378260850906 -0.08005432784557343 0.011322329752147198 0.05261063203215599 -0.07136087119579315 0.02012939378619194 0.028813600540161133 0.10399467498064041 0.06318342685699463 0.035408180207014084 -0.013250119984149933 0.048356201499700546 -0.009249856695532799 0.1014426201581955 -0.061928652226924896 -0.028943482786417007 0.013928965665400028 -0.0717303678393364 -0.0351591594517231 -0.017092451453208923 -0.02517351321876049 0.025919374078512192 0.0386517271399498 0.025552598759531975 0.08976700901985168 -0.01569644920527935 0.09622956812381744 0.02544129081070423 -0.04957612603902817 0.06159348040819168 0.017673052847385406 -0.05426432564854622 0.051236189901828766 0.09417121857404709 -6.293020693713984e-15 0.023729028180241585 0.009422481060028076 -0.051658958196640015 -0.028353726491332054 -0.02577752247452736 -2.4658847905811854e-05 0.08532553911209106 -0.08665957301855087 0.06696495413780212 0.03793663904070854 0.03115181438624859 -0.016750123351812363 -0.009040004573762417 0.008172097615897655 -0.002631880110129714 0.0017391681903973222 0.023164620622992516 0.0012688843999058008 -0.08553391695022583 0.025498779490590096 -0.0013230800395831466 0.07339322566986084 -0.02156275138258934 0.03546595200896263 -0.045809440314769745 -0.03343115374445915 0.014548424631357193 0.0950634703040123 -0.09390025585889816 0.03514140099287033 0.0074822017922997475 0.029275525361299515 0.030008098110556602 0.010757350362837315 0.030843939632177353 0.0898892879486084 -0.04413328319787979 -0.0019020999316126108 0.03497997298836708 -0.06289359927177429 0.05837404355406761 -0.019995853304862976 0.02044440060853958 -0.026504093781113625 0.013817879371345043 0.05449716001749039 -0.040005456656217575 -0.050331924110651016 -0.011464197188615799 -0.002536910120397806 -0.014655648730695248 -0.03818115219473839 0.012131727300584316 0.003904811106622219 -0.008263461291790009 0.032826244831085205 0.08318361639976501 -0.06193460151553154 0.01515975408256054 0.05917976051568985 0.0032290162052959204 -0.04576423764228821 0.031486570835113525 0.10902507603168488 0.047662198543548584 0.12385007739067078 -0.11653091758489609 -0.06789908558130264 -0.11581671983003616 -0.045819833874702454 -0.11492538452148438 0.06639380753040314 0.05027581378817558 -0.09495625644922256 -0.10842877626419067 -0.020556410774588585 -0.06332415342330933 -0.0652056485414505 -0.008779523894190788 -0.02913447842001915 -0.0789681077003479 0.03272648900747299 0.041424788534641266 -0.0592711977660656 0.07021073251962662 0.05354883894324303 -0.0681682899594307 -0.08220474421977997 -0.006281144917011261 0.05245441943407059 -0.05515509843826294 0.02255241386592388 -0.042477115988731384 -0.057526178658008575 0.0552464984357357 0.009404805488884449 -0.03007204458117485 0.05178358033299446 -0.06055746227502823 0.03406326100230217 -0.054259832948446274 0.02228265255689621 -0.01798902079463005 0.05213819071650505 -0.005302104167640209 -0.048778899013996124 0.0995282530784607 -0.04780390113592148 -0.11871866136789322 0.04418192431330681 0.04135899245738983 0.08796682208776474 0.02234361506998539 -0.03301596641540527 -0.08239413797855377 0.0501788854598999 0.030315682291984558 0.004724129103124142 0.06411111354827881 0.05256819725036621 0.07308816909790039 -0.07161442935466766 0.09815442562103271 0.006642406806349754 -0.0021006171591579914 -0.012472475878894329 0.043147556483745575 8.92610943113107e-16 -0.0012656813487410545 7.934031209799741e-09 -0.04066011309623718 0.00321451504714787 -0.004558967892080545 0.0585721880197525 0.00011462513793958351 -0.018474875018000603 -0.0005193813121877611 -0.050360601395368576 -0.029529696330428123 0.0018261956283822656 -0.00163657043594867 -0.01179921068251133 -0.0022746510803699493 -0.005740792956203222 0.0172798503190279 -0.009419388137757778 0.017738185822963715 0.0012424065498635173 0.05241476371884346 -0.005254767835140228 -0.014383897185325623 -0.03463905304670334 0.08080591261386871 -3.325334799186841e-11 0.017125515267252922 -0.04469107836484909 0.022732451558113098 0.040922533720731735 -0.013428805395960808 -0.007750863675028086 -0.00022794387768954039 -0.004879370331764221 0.028441933915019035 0.05396226420998573 -0.0259527787566185 -0.05887305364012718 0.030038556084036827 -0.07901779562234879 0.0041024042293429375 -0.004718181677162647 0.017545785754919052 0.01698702573776245 -0.004374382086098194 -0.0020007509738206863 0.0022065381053835154 0.021363865584135056 1.907718979055062e-05 -4.998395360805707e-13 7.426379511343839e-08 -0.0195469930768013 6.631313201463027e-14 0.05359255522489548 0.011125396005809307 -0.05979344993829727 -0.0003765970759559423 -0.0051672188565135 -0.03866355121135712 0.031873106956481934 -0.011501435190439224 -0.053599048405885696 -0.039278239011764526 0.12238524854183197 0.06457985192537308 0.024202905595302582 0.0033678263425827026 -0.003691953606903553 -0.0238858200609684 0.09666294604539871 0.020049016922712326 -0.030193474143743515 -0.062494587153196335 -0.006421437952667475 0.006718481425195932 -0.1026226058602333 -0.03561698645353317 0.01119681354612112 -0.07717989385128021 0.05725415423512459 0.03217793256044388 -0.06529945880174637 -0.0180226918309927 -0.13156761229038239 0.1097925528883934 -0.07695814967155457 -0.01649920456111431 0.024874409660696983 -0.043385837227106094 0.06895019114017487 0.024834780022501945 0.10342294722795486 0.04975399002432823 0.03664301708340645 -0.029746295884251595 -0.06677315384149551 -0.006325908005237579 -0.03922295570373535 0.0681612640619278 0.06864679604768753 0.03324032202363014 0.10146809369325638 -0.08913730829954147 0.02436070516705513 0.039640214294195175 0.032224707305431366 -0.04912937432527542 -0.004881157539784908 0.020155617967247963 0.049743764102458954 -0.10729672759771347 -0.0043324558064341545 0.004613074474036694 0.08538015931844711 0.08092182129621506 0.019662629812955856 0.07503622025251389 0.042833682149648666 -0.09353199601173401 -0.007624967489391565 -0.030013475567102432 -0.09900183975696564 -0.009052222594618797 -0.09295865148305893 0.0014925426803529263 0.07819835096597672 -0.030244195833802223 -0.026708750054240227 0.09474997967481613 -0.10641627013683319 -0.06807950884103775 0.019437817856669426 0.014635499566793442 -0.06190961226820946 0.00178806995972991 -0.10615786910057068 0.013249572366476059 0.09534478932619095 0.13364791870117188 -0.09193062782287598 -0.04124162346124649 0.04122534394264221 0.09696666896343231 0.048999179154634476 -6.558926543220878e-06 -0.07439678907394409 -0.03249127417802811 0.12602859735488892 -0.06343285739421844 -0.035206351429224014 0.0171037744730711 0.02890554815530777 -0.03365880250930786 0.03289620205760002 -0.09613419324159622 0.06540060043334961 0.02905094251036644 -0.06152975559234619 0.013268425129354 0.00014855423069093376 -0.03973108530044556 0.07906924188137054 0.08401001989841461 0.010692388750612736 0.0787571370601654 0.0893578827381134 0.05997893959283829 0.09145775437355042 -0.05113469064235687 -0.011016138829290867 0.07440099120140076 -0.020686157047748566 -0.08414676040410995 0.002765328623354435 -0.0627177432179451 0.04799304157495499 0.01909846067428589 0.03876043111085892 0.07194331288337708 0.031198475509881973 0.08399248868227005 0.10548142343759537 -0.0038338969461619854 -0.036217108368873596 0.07877763360738754 0.012813295237720013 -0.041001975536346436 0.03847839683294296 0.07276524603366852 -0.023004930466413498 -0.03092181123793125 -0.025375155732035637 0.09793651849031448 0.06371193379163742 0.009188029915094376 -0.06655840575695038 0.028528843075037003 0.0138947032392025 0.09359171986579895 0.088572196662426 0.06377636641263962 -0.017285507172346115 0.03652988374233246 -0.10450184345245361 -0.13579560816287994 0.05291110277175903 0.08602946251630783 0.04933270812034607 -0.10075169801712036 0.03613775596022606 -0.009734789840877056 -0.018062930554151535 -0.05056745186448097 -0.011101923882961273 0.03629189729690552 -0.12151878327131271 0.09644965827465057 0.04576105996966362 -0.06004607304930687 -0.022403227165341377 0.033146388828754425 0.014639331959187984 -0.0713597983121872 0.07235696911811829 -0.07533981651067734 0.07900696992874146 -0.11574959009885788 -0.025762971490621567 -0.11337625980377197 0.009059633128345013 -0.04743274301290512 -0.03824068605899811 0.10713516920804977 -0.03416183963418007 0.05095832049846649 -0.0725196972489357 0.04457254707813263 -0.0012566449586302042 -0.11896225810050964 0.09893828630447388 -0.007884077727794647 0.06841772794723511 0.04741508141160011 -0.06819074600934982 -0.016455503180623055 0.04747914522886276 -0.13879473507404327 0.02704300358891487 -0.12122587859630585 0.02388322725892067 -0.014425098896026611 0.000435051042586565 -0.007952464744448662 -0.0004518248897511512 -0.00668817525729537 -0.002448833081871271 -0.00290348450653255 0.004814223386347294 -0.018400974571704865 -0.01157442294061184 -0.01631377823650837 -0.009198404848575592 0.0010408847592771053 0.005694362334907055 -0.0012655393220484257 -0.011381377466022968 -0.009144239127635956 -0.004696032498031855 -1.918647831189446e-05 0.012804635800421238 0.001768239657394588 0.0003007521736435592 -0.0031142891384661198 0.008907834067940712 0.0004965118714608252 -0.014695758931338787 -0.020191997289657593 0.0002055765362456441 -0.000937979610171169 -0.018583904951810837 -0.03374561294913292 -0.009785281494259834 -0.006314158905297518 -0.021049171686172485 -0.008657779544591904 -0.0022207906004041433 0.028226109221577644 -0.007631454151123762 -0.0003078515874221921 -0.00946433562785387 -0.0020632240921258926 -0.006306567694991827 0.004897349514067173 0.0023392268922179937 -0.0067878649570047855 0.020958805456757545 0.004343504086136818 -0.02842867560684681 -0.041592713445425034 -0.008837863802909851 -0.004610780626535416 -0.0010738868732005358 -0.0013970923610031605 -0.004680695477873087 0.020707590505480766 0.007456465158611536 -0.011099792085587978 0.02324802801012993 0.007266716565936804 -0.0038792197592556477 -0.003179757623001933 -0.0004908127011731267 0.00031987513648346066 -0.004495049826800823 0.008903196081519127 -0.0012277773348614573 -0.0152061115950346 -0.004897749051451683 -0.04737688973546028 -2.263150909352033e-14 0.03815583139657974 -2.1872229107017434e-18 -0.05211380869150162 -3.745278445421718e-05 -0.0012338632950559258 0.06656084954738617 -0.0763808935880661 -0.002439414616674185 3.8840900629111275e-07 -0.0016118076164275408 0.005571182817220688 9.474411854171194e-06 -0.0017703137127682567 0.05252579599618912 -0.006870040204375982 -5.545988879729e-15 1.0792484772537136e-06 -0.016671819612383842 -0.009521576575934887 -1.8602985392135452e-06 0.009862295351922512 -1.2599708725247183e-06 0.014757371507585049 -0.01720660738646984 0.054849933832883835 1.195923806525097e-15 -0.0058672307059168816 -0.052789583802223206 0.03990745171904564 0.034924231469631195 -0.05591331049799919 0.0009096054709516466 -0.018255578354001045 4.082410285168069e-17 -0.00035564869176596403 -0.02161671221256256 -0.06710228323936462 -0.05046836659312248 -0.0017904144478961825 0.0018169998656958342 -0.003393015591427684 4.841473333350166e-10 -0.0006792001076973975 0.003527351189404726 0.001127199037000537 1.466168359680678e-13 5.504351747731562e-07 0.016838887706398964 2.7846419899221937e-16 -2.6382138161435667e-16 -4.369986186247843e-07 -0.056119371205568314 4.60268915571159e-16 0.06425979733467102 0.01082910131663084 0.04042215645313263 -5.54396192988622e-15 4.179437644578253e-16 0.05046745762228966 -5.695432173162497e-15 0.00018767225265037268 0.00129258434753865 -0.0006383548607118428 -0.007620318327099085 0.01450648158788681 -0.0008624478941783309 2.6296408898052875e-14 -1.1079608157160692e-05 -0.01528480276465416 2.1286077724936864e-15 0.00010354758705943823 -1.0443569919971196e-07 1.0234101637252024e-06 -6.160946213640273e-05 -8.131701909053213e-12 0.00010465246305102482 -1.949352537167215e-07 -1.622486700547654e-09 -1.347611714663799e-06 0.007065772544592619 -0.0017059030942618847 -8.255748980445787e-05 -0.002849600976333022 0.001035576220601797 0.004659694619476795 8.857455047195373e-11 -5.304520115257533e-14 -0.0018739181105047464 -0.0003148684627376497 0.020054617896676064 -0.00012125456851208583 1.830424811721798e-09 1.2605405619393385e-15 0.0026819275226444006 -0.00021005296730436385 -0.00041778298327699304 -8.06479511084035e-06 0.006436971947550774 -1.5946126641352976e-09 -0.0016312247607856989 -0.0018609876278787851 -0.00048668510862626135 -2.99293842545012e-05 -8.425831038039178e-05 1.7202555569265088e-12 -0.008513791486620903 0.001734791207127273 0.013864072971045971 0.005037966184318066 0.0004128587315790355 -9.260005026590079e-05 0.004950070288032293 -0.0001156368016381748 -0.008473233319818974 -0.0013996795751154423 -3.996297891717404e-05 -0.013220962136983871 -1.9004047086465243e-16 3.7551051264017588e-06 -2.8581438033157777e-16 4.809463462152053e-06 3.4176950975961518e-06 2.0049331084237565e-09 0.030367828905582428 0.05734636262059212 0.06716787070035934 0.04709348827600479 -0.06608106195926666 0.03420597314834595 -0.09567698836326599 -0.02982434444129467 -0.06277399510145187 0.10493800789117813 0.018863456323742867 -0.09319838881492615 0.04108147323131561 -0.02193857729434967 0.0746869370341301 0.07421555370092392 -0.013035139068961143 0.035568855702877045 -0.012081482447683811 0.04031655564904213 0.06332171708345413 -0.060424432158470154 -0.0612662136554718 -0.022132480517029762 -0.038859669119119644 0.00793228205293417 0.00029589832411147654 0.08749240636825562 -0.07334098219871521 0.07488258928060532 -0.0688743069767952 -0.04109487310051918 -0.08049996197223663 -0.046113286167383194 -0.06622982025146484 0.013368283398449421 -0.004177034832537174 -0.016019204631447792 -0.05722436308860779 -0.02403550036251545 0.03310379758477211 0.061940062791109085 -0.04985732585191727 0.007871303707361221 -0.030094563961029053 -0.06584913283586502 -0.10312654078006744 0.0432480052113533 0.06122134253382683 0.022878358140587807 -0.01121783908456564 0.03639659658074379 0.019898314028978348 0.08536475896835327 0.07198040932416916 -0.05308213084936142 -0.08201783895492554 -0.09457924962043762 -0.008369741030037403 -0.027206625789403915 0.06464818865060806 0.003263288177549839 -0.02677404135465622 -0.09312992542982101 -0.0010554175823926926 -0.00037213866016827524 -0.00932848360389471 -0.034615252166986465 -8.208491471514202e-16 -0.00336768152192235 0.0034771510399878025 -0.03441386669874191 -0.005851068999618292 -0.006398030091077089 -0.06601577997207642 0.014911698177456856 -0.015200990252196789 0.00020864064572378993 -0.00897295493632555 0.01864626444876194 -0.002169399056583643 -0.0020433387253433466 -0.026608698070049286 -0.010681480169296265 0.025543173775076866 0.00199175626039505 0.020077504217624664 0.020785504952073097 -0.0016183042898774147 0.025743326172232628 0.006620411295443773 -0.0041391621343791485 -0.012284016236662865 0.05982966348528862 -1.1225380000534635e-11 0.03184375911951065 -0.033467572182416916 -0.02937573753297329 0.03756812587380409 0.03610789775848389 0.002073153853416443 0.0016885974910110235 0.009361039847135544 -0.005227902438491583 0.012215379625558853 -0.031600091606378555 0.01614639349281788 -0.02549673616886139 -0.008975015953183174 -0.009202254004776478 -0.007711873389780521 -0.009344923309981823 -0.0277544092386961 0.00877748616039753 -0.0008078926475718617 0.01631489209830761 -0.019146036356687546 0.013982667587697506 -0.0003695085470099002 6.430927821922351e-15 0.018719123676419258 -0.008083648979663849 -0.031304195523262024 -0.024507803842425346 0.03378506749868393 -0.012866898439824581 -0.0022846367210149765 -0.03458951786160469 0.020664852112531662 -0.05214589089155197 0.020686492323875427 0.08974377065896988 -0.03023834340274334 -0.068955197930336 -0.045597899705171585 0.030238140374422073 -0.017976703122258186 -0.060515858232975006 0.060891084372997284 0.0784088671207428 0.07241346687078476 -0.039847441017627716 -0.11067136377096176 -0.04042145982384682 0.03783739358186722 -0.07981875538825989 0.041650090366601944 -0.0035287903156131506 -0.0058131711557507515 -0.06428038328886032 -0.032668039202690125 -0.05029197037220001 0.02417163923382759 -0.04791712760925293 -0.0626845732331276 0.0381084680557251 0.013890733011066914 0.0006394688971340656 -0.000339973863447085 0.046820469200611115 -0.1121978685259819 0.012099850922822952 -0.0763559341430664 0.01797288842499256 0.054670944809913635 -0.01325182057917118 0.024772008880972862 0.004791408311575651 -0.09549947828054428 0.09449809789657593 0.052174657583236694 0.0882439985871315 -0.06805253028869629 0.08922435343265533 -0.06917418539524078 0.1049187183380127 0.004852015990763903 0.038864973932504654 -0.022251101210713387 -0.038654785603284836 -0.04176349565386772 0.017144743353128433 -0.011424634605646133 0.07700791954994202 0.06715667992830276 -0.05328172817826271 -0.08625262975692749 0.05057770386338234 0.05626647546887398 0.004168305546045303 -0.08784660696983337 0.059996217489242554 0.057670507580041885 0.030428100377321243 -0.060616571456193924 -0.07706402242183685 0.009338931180536747 0.03334234654903412 -0.04156899452209473 -0.009176995605230331 -0.11591031402349472 0.11304084956645966 -0.006871970370411873 0.1054326519370079 -0.029689768329262733 0.06625084578990936 -0.06449559330940247 0.08492416888475418 0.07646002620458603 -0.06957907974720001 0.007861767895519733 -0.09425314515829086 0.10423029959201813 -0.06444452702999115 -0.019510408863425255 -0.00633145309984684 0.11007735133171082 0.002737950999289751 0.10666187107563019 -0.045061130076646805 -0.04999329149723053 -0.022080326452851295 0.09731414914131165 0.054563216865062714 0.020745469257235527 -0.016288259997963905 0.012094427831470966 -0.0215046014636755 -0.10721182823181152 -0.007717278320342302 0.12194743752479553 -0.06988560408353806 0.0939512774348259 -0.05466092750430107 -0.0936800092458725 0.05837532505393028 0.08555927127599716 -0.1231672465801239 -0.02346392348408699 -0.09937096387147903 -0.0875125527381897 -0.050340473651885986 0.031732719391584396 0.028676478192210197 0.040907274931669235 -0.07950107008218765 -0.11894448101520538 0.07449135929346085 0.020509373396635056 -0.0014062902191653848 0.11153952777385712 -0.026470262557268143 0.032900016754865646 -0.01793847046792507 0.08779094368219376 -0.08121990412473679 -0.030507877469062805 0.10915196686983109 0.03229578584432602 -0.01817947067320347 0.11106939613819122 0.11698690801858902 0.045530568808317184 0.05286422371864319 0.07522491365671158 -0.0009649780113250017 -0.047488681972026825 0.10061635822057724 0.0554230660200119 0.056203827261924744 -0.09386681765317917 0.030843080952763557 -0.026401175186038017 -0.026645267382264137 -0.07050930708646774 -0.06551928073167801 0.03849741443991661 -0.06871539354324341 0.1297861933708191 0.04070616886019707 0.06886791437864304 -0.1052875816822052 0.1260147988796234 -0.06233065202832222 0.02992486022412777 -0.018427083268761635 -0.0477801114320755 -0.07256356626749039 -0.1048954576253891 -0.0575411394238472 -0.01288137398660183 -0.06221463531255722 0.09672903269529343 0.021057287231087685 -0.05410386249423027 0.030072884634137154 0.07793474197387695 -0.03625839203596115 -0.06458631902933121 0.0033705555833876133 0.07856113463640213 -0.06996527314186096 0.053421441465616226 0.023136703297495842 -0.0924915075302124 0.00718614412471652 0.008845247328281403 0.10163389891386032 0.012194104492664337 -0.10431579500436783 -0.07578498125076294 -0.009074236266314983 -0.01357833668589592 -0.052049484103918076 0.10818029195070267 0.05475696921348572 0.08237934112548828 0.07045822590589523 0.08418577909469604 -0.000930601789150387 -0.00497795594856143 -0.025457963347434998 0.03274783492088318 0.03318608179688454 -0.009618145413696766 -0.023289410397410393 -0.009370638988912106 -0.022557267919182777 -0.03854760900139809 0.007981824688613415 -0.04788964241743088 0.0678333044052124 -0.030831733718514442 0.002872591372579336 0.013637283816933632 -0.02248840406537056 0.005238078068941832 0.012405967339873314 0.047059010714292526 0.003753515426069498 -0.006608525291085243 0.027507737278938293 -0.007509053684771061 -0.03649286925792694 -0.004420159850269556 -0.06629788875579834 0.0029065138660371304 -0.0026203354354947805 -0.0069661010056734085 0.06591279804706573 0.0024679184425622225 0.020342407748103142 -0.003675816347822547 -0.015619723126292229 0.04621417447924614 -0.003370904829353094 0.010565090924501419 -0.021652553230524063 0.009285311214625835 0.027119221165776253 -0.0662812665104866 0.06669025123119354 -0.008059990592300892 -0.03300540894269943 0.0471280962228775 -0.040498532354831696 -0.01166261825710535 -0.0033408247400075197 -0.030348224565386772 -0.004836409818381071 -0.01914861425757408 0.02431432344019413 -0.02042546309530735 -0.009790637530386448 -0.018320009112358093 -0.005119784269481897 -0.039201438426971436 -0.014725586399435997 -0.026568906381726265 0.015699908137321472 0.02031742036342621 -0.015341568738222122 -0.0037917911540716887 0.0696825459599495 -0.017489710822701454 0.045041341334581375 -0.004703229293227196 -0.0837855190038681 0.0013155500637367368 0.008112170733511448 -0.010229984298348427 0.006483177188783884 -0.0261856596916914 0.029811976477503777 0.08925820142030716 -0.0968746691942215 -0.0011864922707900405 0.0700622946023941 0.01982833817601204 0.055574145168066025 -0.0037358254194259644 -0.014293739572167397 -0.003764574183151126 -0.03529249131679535 -0.019827289506793022 -0.0023500348906964064 -0.024587061256170273 -0.02503809705376625 0.08319762349128723 0.01909451000392437 0.021085642278194427 -0.0606103241443634 0.03578692302107811 0.05127641186118126 -0.06256037205457687 0.00952655915170908 0.02955833449959755 -0.08468303084373474 -0.04382449388504028 -0.034690115600824356 0.019680479541420937 -0.0012495295377448201 0.006076410412788391 -0.0303402878344059 0.03983084484934807 -0.062052369117736816 0.09311527758836746 -0.009268605150282383 -0.03259703144431114 -0.09840420633554459 -0.032014742493629456 0.027450239285826683 -0.05221166834235191 -0.038933511823415756 0.07586465030908585 0.004042556509375572 -0.0071552530862390995 0.0017252303659915924 -0.0054120565764606 -0.003031378146260977 0.08355654031038284 -0.00010945570829790086 -0.0012978586601093411 -0.03918836638331413 0.021744361147284508 0.0003452895034570247 0.03766331821680069 -0.07361570000648499 -0.012057541869580746 -2.1274597656883998e-06 -0.08440206199884415 -0.0005043628625571728 -0.1294800192117691 0.028076358139514923 -0.01966155506670475 -0.04306476190686226 0.08807160705327988 0.005360978655517101 0.003920014016330242 -4.520255060924683e-06 -0.06395059078931808 0.00322075211443007 -0.11768311262130737 -2.142478115274571e-05 -4.4060681148039293e-07 -0.0016774298856034875 -0.005816728342324495 0.06403686851263046 0.0877285823225975 8.534117660019547e-05 1.2013982439906725e-14 -2.067578890319055e-07 2.4479021587531236e-10 0.03189970180392265 -0.0014186546904966235 0.05233694240450859 0.03351834416389465 -0.04679959639906883 0.02946563810110092 4.1755038012250556e-14 0.04391516372561455 0.03449898213148117 -0.0028406050987541676 0.07780398428440094 -0.03455883637070656 0.0005331026040948927 -0.03843114525079727 0.0005374712054617703 0.05193701013922691 0.017594628036022186 -7.073896267684177e-05 0.0570765919983387 -0.009287417866289616 0.015539470128715038 -0.02632347121834755 0.010436957702040672 0.07085876166820526 -0.0006949261296540499 -8.145087122102268e-06 -0.005419412162154913 0.021536214277148247 0.053589411079883575 0.10132469236850739 -0.0156860388815403 -0.06294677406549454 -0.091634102165699 9.736801276816372e-15 -5.460340730678581e-07 -0.032348453998565674 4.332311622618455e-14 0.010548560880124569 -0.10721897333860397 0.018097316846251488 0.049593377858400345 0.0773794949054718 0.004896547179669142 -6.481432686562816e-13 -0.009932848624885082 0.0001511200680397451 0.027686670422554016 -0.04794149100780487 -0.00887131504714489 0.022982237860560417 0.05557991936802864 0.053143519908189774 -0.0173399206250906 -0.05113675072789192 -0.053571492433547974 0.005206195171922445 -0.01364811323583126 -0.028938226401805878 0.035328496247529984 0.03909679129719734 -0.013340743258595467 0.06277859956026077 -0.023539286106824875 0.08753038197755814 0.058588024228811264 -0.0073262425139546394 -0.0266594085842371 -0.10121491551399231 0.07505619525909424 0.0010641206754371524 -0.005811373237520456 0.09875711053609848 -0.045853979885578156 0.07537111639976501 -0.0817033052444458 0.05324407294392586 -0.026769321411848068 0.005948201287537813 -0.03786734119057655 -0.03753040358424187 0.007564848754554987 0.04895045608282089 -0.07441475242376328 -0.04532158374786377 -0.02797703817486763 0.06796014308929443 -0.04988132417201996 -0.020800329744815826 -0.05967767909169197 0.015939759090542793 -0.03694154694676399 -0.025211602449417114 0.006167844869196415 -3.4076935717664014e-10 5.342329586710548e-06 -0.07642529159784317 0.00027215207228437066 -0.04442838951945305 -0.005764530505985022 0.008457684889435768 -0.028386063873767853 -0.01803947612643242 0.08689690381288528 2.445512791382498e-06 -0.0033438538666814566 -0.0002622086904011667 -0.022588441148400307 -0.001722161192446947 0.0006649483111687005 -0.0023066657595336437 -0.007734185550361872 -1.5018846397651942e-06 -0.0013173652114346623 0.032964810729026794 0.045154765248298645 -0.0011158016277477145 9.103906450036447e-06 -0.007429116405546665 -0.0013355578994378448 -0.0007195837097242475 -0.0013596216449514031 0.0170748308300972 -4.394711140776053e-05 -0.0029721150640398264 0.001509502180851996 0.03357839956879616 0.010348968207836151 -0.0007385298958979547 -0.013095532543957233 -0.0012582446215674281 -0.0007314571412280202 -0.012734264135360718 -0.010873960331082344 -0.00353729585185647 -0.001898005255497992 0.0010625760769471526 0.0076463231816887856 -0.01093051116913557 -0.025994617491960526 0.00011992181680398062 0.004797952249646187 -0.00034226212301291525 -0.0013497571926563978 0.026012275367975235 -0.03897390514612198 0.03393955156207085 -0.004222927615046501 -0.0256185382604599 -0.0038534384220838547 -0.0025330809876322746 -0.0001421440829290077 -0.0035204486921429634 -0.002348104026168585 -0.011965484358370304 0.0016699417028576136 0.003104212461039424 -0.0061165932565927505 -9.168055112240836e-05 -5.482486812979914e-05 -0.0173296220600605 -0.0020275090355426073 -0.029932456091046333 -0.0014733625575900078 0.026073096320033073 -0.009249135851860046 -0.0002746575919445604 -0.026735609397292137 0.0806441456079483 0.020091699436306953 0.008830396458506584 0.027763113379478455 -0.14441296458244324 -0.13743136823177338 -0.040485285222530365 -0.04393674060702324 0.03453158587217331 -0.01934388466179371 -0.008542096242308617 -0.07513605803251266 -0.08247150480747223 0.028555400669574738 0.09362726658582687 -0.08468590676784515 -0.024115053936839104 -0.06715358048677444 -0.01576559990644455 0.04965687543153763 -0.005691337864845991 0.009449649602174759 0.09328454732894897 0.0637669563293457 0.03437839448451996 -0.07410573959350586 -0.02157173492014408 0.07179252058267593 0.06580629199743271 -0.04115154966711998 -0.002573350677266717 -0.07421774417161942 -0.022131063044071198 -0.014532241970300674 0.06772235780954361 -0.02079058811068535 -0.011528465896844864 0.024175934493541718 -0.020687783136963844 0.002926727058365941 0.08051003515720367 -0.03874996677041054 0.03298389911651611 0.031888291239738464 0.04998883605003357 0.0940764769911766 -0.03274135664105415 -0.11097417771816254 -0.019408563151955605 0.10650965571403503 -0.020188989117741585 -0.0540318638086319 -0.02055148035287857 0.046785708516836166 0.07814066857099533 0.005786572583019733 0.04198187589645386 0.07435151934623718 0.004763617180287838 0.051781442016363144 0.06226913258433342 0.07540545612573624 -0.04334167763590813 -0.03140542283654213 0.013616979122161865 0.012742117047309875 -0.03815607354044914 0.03507911041378975 -0.018601680174469948 -0.015286804176867008 -0.015719957649707794 0.031233159825205803 -0.012699563056230545 0.0014571492793038487 -0.0009964044438675046 -0.003963800612837076 0.0016059597255662084 0.0004986835410818458 -0.006141311023384333 0.019653256982564926 0.04119989275932312 0.028855545446276665 0.02988619916141033 -0.009184364229440689 -0.006707977503538132 0.02439352497458458 0.03224824741482735 0.0015435597160831094 0.046236298978328705 -0.06522601842880249 0.06186634302139282 0.016582544893026352 0.014813869260251522 0.005324159283190966 -0.007482881657779217 0.004426246043294668 -0.008458726108074188 -0.016606997698545456 0.0018492162926122546 -0.020801538601517677 -0.0022342167794704437 -0.004470381885766983 0.009787465445697308 0.011605385690927505 0.011921307072043419 0.016672207042574883 -0.007824304513633251 -0.009299268014729023 0.007162893656641245 0.0382564403116703 -0.01559717208147049 -0.011859367601573467 -0.018314719200134277 0.054271746426820755 0.003260199911892414 0.0053428723476827145 -0.004240341018885374 -0.013017712160944939 -0.01924739219248295 -0.017424190416932106 0.00413551926612854 -0.017529884353280067 0.04274914041161537 0.046110011637210846 -0.019397707656025887 0.048781368881464005 0.05934533104300499 -0.011118587106466293
b2 64
0.1236157938838005 -0.0424545481801033 0.09171166270971298 -0.1093066930770874 0.09072525054216385 -0.11339753866195679 0.06722627580165863 0.033379293978214264 0.0569605752825737 0.008379417471587658 -0.11418886482715607 -0.0531948022544384 -0.011447615921497345 -0.03700790926814079 -0.0077340854331851006 0.11128342151641846 -0.037719015032052994 -0.0087098004296422 0.0604904368519783 0.005376109853386879 -0.10213734954595566 -0.032574888318777084 0.10812696069478989 -0.06268145889043808 -0.012951035052537918 0.03171796351671219 0.0776200070977211 0.06334744393825531 0.06844788044691086 -0.05473082885146141 0.09972227364778519 -0.009664698503911495 0.007247063796967268 0.03637959808111191 0.09810410439968109 0.06028175354003906 0.12115485221147537 0.04015114903450012 0.018231632187962532 0.06684257090091705 -0.10602226853370667 0.06326831132173538 -0.12623052299022675 -0.11880036443471909 0.02365998737514019 -0.048340994864702225 -0.08513463288545609 -0.08098154515028 0.1424364149570465 0.0008361148065887392 -0.04806598275899887 -0.03677413985133171 -0.022879784926772118 -0.05529411509633064 -0.001113120699301362 -0.021986577659845352 0.03737127035856247 0.008829357102513313 -0.08492302149534225 -0.10835176706314087 -0.09855891764163971 -0.031935498118400574 0.0905352458357811 -0.02536785788834095
W3 64
0.0951748862862587 -0.02021125890314579 0.034446265548467636 -0.10750722140073776 0.10513728111982346 -0.08406630903482437 0.015590834431350231 0.022443067282438278 0.06606562435626984 -0.0016739661805331707 -0.015473268926143646 0.1184343695640564 0.08315940946340561 -0.08299162238836288 -0.0005949449841864407 0.02928287722170353 -0.05413038283586502 0.001951343729160726 0.0018692564917728305 0.0017411047592759132 0.08371604233980179 0.007357389200478792 0.017803039401769638 -0.07243838906288147 0.08398144692182541 -0.022782467305660248 -0.06976639479398727 0.07686514407396317 0.049262598156929016 -0.03398790583014488 0.03170612454414368 -0.05342140421271324 0.04379628598690033 0.10359780490398407 0.00817587785422802 -0.0568934790790081 0.12181918323040009 0.06140358746051788 -0.012077681720256805 0.11077696084976196 -0.008145908825099468 -0.03604799509048462 -0.06709855794906616 0.0757872611284256 0.037740252912044525 0.03890962898731232 0.028511902317404747 -0.09802687913179398 0.09570986777544022 -0.00799398310482502 0.07379372417926788 0.016312630847096443 0.09147072583436966 0.04077722132205963 -0.07845723628997803 -0.09540291875600815 -0.04861605912446976 0.0038404534570872784 0.05372759699821472 -0.07330526411533356 -0.07438107579946518 0.008244207128882408 -0.04398832470178604 0.011573798023164272
b3 1
-0.05654852092266083
