input_dim 96
hidden 64
M 64
branch_onehot 1
direction_largest 1
mean 96
1.0 0.1335172951221466 0.0 0.1335172951221466 0.1335172951221466 0.41934043169021606 1.0791301727294922 1.8212963342666626 2.0 0.31644999980926514 0.3937499523162842 0.5133351683616638 0.7102255821228027 0.23824645578861237 1.078901767730713 2.131033420562744 4.0 0.6143643856048584 0.252774715423584 0.9082342386245728 1.1323187351226807 0.12839767336845398 1.0787793397903442 2.4023244380950928 4.0 1.7551615238189697 0.620189368724823 2.545994997024536 3.2297098636627197 0.06691888719797134 1.0788553953170776 2.6430864334106445 0.015625 0.015625 0.015625 0.015625 0.015625 0.015625 0.015625 0.015625 0.015625 0.015625 0.015625 0.015625 0.015625 0.015625 0.015625 0.015625 0.015625 0.015625 0.015625 0.015625 0.015625 0.015625 0.015625 0.015625 0.015625 0.015625 0.015625 0.015625 0.015625 0.015625 0.015625 0.015625 0.015625 0.015625 0.015625 0.015625 0.015625 0.015625 0.015625 0.015625 0.015625 0.015625 0.015625 0.015625 0.015625 0.015625 0.015625 0.015625 0.015625 0.015625 0.015625 0.015625 0.015625 0.015625 0.015625 0.015625 0.015625 0.015625 0.015625 0.015625 0.015625 0.015625 0.015625 0.015625
std 96
1.0 0.11242315918207169 1.0 0.11242315918207169 0.11242315918207169 0.3304162323474884 0.34137678146362305 0.5519547462463379 1.0 0.17506155371665955 0.30501648783683777 0.16861289739608765 0.2696837782859802 0.20645615458488464 0.2417365312576294 0.4839106500148773 1.0 0.2479049414396286 0.2287907749414444 0.23317457735538483 0.2900734841823578 0.1186407059431076 0.1707909256219864 0.43009433150291443 1.0 0.6349977254867554 0.5230986475944519 0.5318063497543335 0.631216287612915 0.06424341350793839 0.12073604017496109 0.3881496489048004 0.12346067279577255 0.12346068024635315 0.12346068024635315 0.12346068024635315 0.12346068024635315 0.12346068769693375 0.12346068769693375 0.12346068769693375 0.12346068769693375 0.12346069514751434 0.12346069514751434 0.12346069514751434 0.12346069514751434 0.12346070259809494 0.12346070259809494 0.12346070259809494 0.12346070259809494 0.12346071004867554 0.12346071004867554 0.12346071004867554 0.12346071004867554 0.12346071004867554 0.12346071004867554 0.12346071004867554 0.12346071004867554 0.12346071749925613 0.12346071749925613 0.12346071749925613 0.12346071749925613 0.12346072494983673 0.12346072494983673 0.12346072494983673 0.12346072494983673 0.12346073240041733 0.12346073240041733 0.12346073240041733 0.12346073240041733 0.12346073985099792 0.12346073985099792 0.12346073985099792 0.12346073985099792 0.12346074730157852 0.12346074730157852 0.12346074730157852 0.12346074730157852 0.12346075475215912 0.12346075475215912 0.12346075475215912 0.12346075475215912 0.12346076220273972 0.12346076220273972 0.12346076220273972 0.12346076220273972 0.12346076965332031 0.12346076965332031 0.12346076965332031 0.12346076965332031 0.12346077710390091 0.12346077710390091 0.12346077710390091 0.12346077710390091 0.12346077710390091 0.12346077710390091 0.12346077710390091
W1 6144
5.3311096867665843e-39 -0.020460378378629684 -5.468649933636994e-39 -0.006212678272277117 -0.0400155708193779 -0.08057825267314911 0.10415127128362656 -0.019264912232756615 3.2425696139860186e-39 0.019762003794312477 -0.08257292211055756 -0.03146538510918617 0.008838308043777943 0.011030864901840687 -0.04572391137480736 -0.030358126387000084 3.74125250108222e-39 0.00609103636816144 -0.047603681683540344 0.05008110776543617 0.05298694223165512 -0.0031457627192139626 -0.08271396905183792 0.037785597145557404 2.1912034021723948e-39 0.16412262618541718 -0.011471797712147236 0.003501886036247015 0.0465572215616703 -0.06579158455133438 -0.05707073584198952 0.023610994219779968 -0.05603773891925812 0.02599773183465004 -0.06709326803684235 -0.04126536101102829 -0.06713438034057617 -0.00809634942561388 -0.02312978357076645 -0.06259789317846298 0.037202004343271255 -0.026104945689439774 0.05499884486198425 0.08886890113353729 0.04097282513976097 -0.005839633289724588 0.037491075694561005 -0.04331429675221443 0.00035892080632038414 0.010252621956169605 -0.008011453785002232 0.021271955221891403 0.031388845294713974 0.03637152910232544 -0.025221386924386024 -0.009578091092407703 -0.029100380837917328 -0.03964683413505554 0.02045091800391674 -0.035518012940883636 -0.002146090380847454 -0.013817347586154938 0.034331995993852615 0.015095142647624016 0.08841725438833237 0.021136730909347534 -0.050468672066926956 0.07273054122924805 -0.051784761250019073 0.07427474111318588 -0.04981168732047081 0.07205630093812943 0.06479717046022415 0.02101309970021248 0.0753742903470993 -0.02433629520237446 0.03289187327027321 -0.013981787487864494 -0.05695284157991409 0.0032693215180188417 -0.011877680197358131 0.08605434745550156 0.03813398256897926 0.0592147521674633 -0.041353337466716766 0.010690981522202492 -0.025072084739804268 0.05086299777030945 -0.05124257504940033 0.06560301780700684 0.08319051563739777 -0.03560589998960495 -0.021626142784953117 -0.06037727743387222 -0.05494639277458191 -0.04828082397580147 4.5807858253423254e-39 -0.06009339541196823 -4.018507810039671e-39 0.03185315057635307 0.03312474861741066 -0.0591173879802227 -0.05531718209385872 -0.029443183913826942 -2.8154303002456137e-38 0.0486815981566906 0.05475923418998718 -0.03808639571070671 -0.07749240100383759 0.055971063673496246 0.0444319024682045 0.030954981222748756 5.0982909534113376e-39 0.02707306109368801 0.0460042767226696 -0.03157603740692139 -0.08571553230285645 -0.0273315217345953 0.013168963603675365 0.018786098808050156 3.4431626865571875e-39 0.2804085314273834 0.07301415503025055 0.01733965426683426 0.025894414633512497 -0.03258277848362923 -0.019623756408691406 0.023988021537661552 -0.09409909695386887 0.05622917041182518 -0.03863166272640228 -0.04359135031700134 0.08123201131820679 0.012757815420627594 0.05580683797597885 0.07489442825317383 0.02142133004963398 -0.10303764790296555 -0.08409831672906876 0.04720379039645195 -0.03817432373762131 -0.00208478095009923 0.06469061970710754 0.06213327497243881 0.06276555359363556 0.009187285788357258 0.06979338824748993 -0.0795070007443428 -0.0795382410287857 -0.06223195791244507 0.06607574969530106 0.06094491109251976 0.023496950045228004 0.04055791720747948 0.0685596615076065 -0.07964367419481277 -0.09291361272335052 0.005721651017665863 -0.07534939795732498 -0.06323495507240295 -0.06393245607614517 -0.08242259919643402 -0.0872005969285965 0.026186330243945122 0.056246835738420486 -0.07639069110155106 0.06595540046691895 0.07391882687807083 0.0713341161608696 0.019491316750645638 0.0648791491985321 -0.0707152932882309 0.06934694945812225 -0.06296403706073761 0.018690215423703194 0.0185867752879858 -0.03473835811018944 0.05699712410569191 -0.07577784359455109 -0.022987861186265945 0.04589589312672615 0.01992216520011425 0.047753263264894485 -0.08517225831747055 0.04438469186425209 0.0908265933394432 0.028445832431316376 -0.028678428381681442 0.03582251816987991 0.0500478558242321 0.06418909877538681 0.0533343069255352 -4.1196773552685297e-41 -0.03849693760275841 -2.529642204679196e-39 -0.0006542083574458957 -0.028141677379608154 -0.0039404914714396 -0.0110225984826684 -0.07102488726377487 -1.1427588976568883e-39 0.01138975191861391 -0.018849946558475494 -0.0038386883679777384 0.009322039783000946 -0.034139472991228104 0.01738225668668747 0.007094900589436293 -4.520189475849527e-39 -0.010174468159675598 0.009457734413444996 -0.03175518289208412 0.003935167100280523 -0.03138744831085205 0.06537051498889923 0.026617299765348434 9.87371713544838e-40 0.24362953007221222 0.026379086077213287 0.0160202793776989 -0.01190823595970869 0.034842222929000854 -0.07709391415119171 0.03629569709300995 -0.04493320733308792 -0.0454847514629364 -0.03424961119890213 -0.031225701794028282 0.08463501930236816 0.0649784579873085 -0.024162407964468002 -0.035046860575675964 0.059657983481884 0.06678323447704315 -0.05689899995923042 0.032778121531009674 0.06405207514762878 -0.04298754408955574 -0.015026107430458069 -0.05373535305261612 0.07373471558094025 -0.016712380573153496 -0.05172299966216087 0.09030138701200485 -0.05487072095274925 0.07038650661706924 -0.04390105605125427 -0.059513311833143234 0.06269016116857529 -0.03160341829061508 0.002230181824415922 0.010572047904133797 -0.00994170643389225 5.2452167437877506e-05 -0.025898078456521034 0.04187747836112976 -0.044108740985393524 0.07794991135597229 -0.056065190583467484 0.09697908908128738 -0.01968465745449066 -0.03253961727023125 -0.05300077795982361 0.1028565987944603 0.07268266379833221 0.053195126354694366 0.0454576201736927 0.0730196014046669 0.11309235543012619 -0.04357525333762169 0.08435124903917313 0.11669392138719559 0.03888063505291939 0.09497220069169998 0.04458461329340935 -0.04885915666818619 -0.060586944222450256 0.0899476557970047 0.05254977196455002 0.06954050064086914 0.07108482718467712 -0.06083652749657631 0.048817701637744904 -0.043432705104351044 0.06754177063703537 0.0006644280510954559 0.0867571011185646 -0.05177957937121391 5.866191301473623e-39 0.06618750840425491 1.9506691194725757e-39 -0.0010511921718716621 0.05821004509925842 -0.021744778379797935 0.1540890336036682 -0.009311349131166935 -6.140307701870986e-39 -0.08440259099006653 0.03824470192193985 -0.010455433279275894 -0.05670539662241936 -0.003949724603444338 -0.02477426826953888 -0.03886699303984642 1.4403512512270854e-39 -0.03468029946088791 -0.05021294951438904 -0.07034287601709366 -0.030547311529517174 -0.02557421289384365 0.062453702092170715 -0.1043553501367569 -2.3632155912651948e-39 0.2910664975643158 0.00559738976880908 0.018929557874798775 -0.04360533133149147 -0.0012284289114177227 -0.04804544150829315 0.08766765147447586 -0.03628597781062126 0.0355447418987751 0.1010151356458664 0.09111877530813217 -0.00034461449831724167 -0.04215237498283386 0.032430026680231094 0.002699195174500346 -0.04214004427194595 -0.06447253376245499 -0.06363188475370407 -0.05579713359475136 -0.048157017678022385 0.04538954421877861 0.08693298697471619 -0.06198281794786453 0.03612217307090759 -0.08389986306428909 0.059404946863651276 0.09047085046768188 0.04794958978891373 0.0409243181347847 -0.06286481022834778 0.02513202279806137 0.04042615368962288 -0.013818361796438694 -0.07414096593856812 0.04044090956449509 0.09912201762199402 -0.06390572339296341 -0.035709891468286514 -0.009579171426594257 -0.05538202449679375 0.11391965299844742 0.07285074144601822 -0.058623310178518295 0.052367907017469406 0.03833296149969101 0.052314385771751404 -0.06709793210029602 -0.053527526557445526 0.04919280856847763 0.06798868626356125 0.10607274621725082 0.029845859855413437 -0.04007182642817497 0.08795283734798431 0.01052383054047823 -0.07347433269023895 0.04339089244604111 0.07039511203765869 -0.0700877457857132 -0.07131344825029373 0.0910346582531929 0.11367490887641907 0.06200074777007103 0.03387830778956413 -0.03653864935040474 0.0412384532392025 -0.059085287153720856 0.058091748505830765 0.009267660789191723 -0.07422266155481339 0.07599809020757675 -4.830390713001719e-39 -0.020010290667414665 -2.4844707881623e-38 0.0006356860394589603 0.002050864975899458 -0.0002788544225040823 0.05464184656739235 0.005560343619436026 -4.382055078430244e-39 -0.0029435392934828997 0.012260688468813896 -0.011088773608207703 -0.01950865611433983 -0.06278182566165924 -0.0592975914478302 0.043755095452070236 4.984791382994885e-39 -0.05997501686215401 0.027611728757619858 0.004222028888761997 -0.016481930390000343 -0.05550747364759445 -0.022494042292237282 -0.06953199952840805 5.923316634670288e-40 0.21736614406108856 -0.033164747059345245 -0.03139040619134903 -0.02207011729478836 0.0524853840470314 -0.08258307725191116 -0.0315641388297081 0.0008820656803436577 0.06534823775291443 0.0724596455693245 0.0658942461013794 -0.059676602482795715 0.057718947529792786 -0.007016946095973253 0.008311412297189236 0.04614873230457306 0.059078894555568695 -0.04175093397498131 -0.031059736385941505 -0.04351317882537842 -0.022368906065821648 0.051756955683231354 0.05121728405356407 0.015070334076881409 -0.052276212722063065 0.09541171044111252 -0.05571123957633972 -0.003556865733116865 -0.024162281304597855 -0.014899502508342266 -0.060687366873025894 -0.04885571077466011 0.02769801765680313 -0.013825619593262672 0.004077834077179432 0.0003308354062028229 0.042277950793504715 0.05015704035758972 -0.06590528041124344 -0.0644381195306778 -0.028331419453024864 -0.04569018632173538 -0.01849983260035515 0.03341686725616455 0.04191553592681885 -0.03678883612155914 0.08655452728271484 0.07128474861383438 0.05582958832383156 0.04862786456942558 0.08082552999258041 -0.040099285542964935 -0.06279095262289047 0.0014690252719447017 -0.019376520067453384 0.011315212585031986 -0.029043568298220634 0.062155596911907196 0.058214861899614334 0.03428986296057701 0.04615278169512749 0.02415236458182335 0.05966661125421524 0.07554905861616135 -0.0312635637819767 -0.052670616656541824 0.006058248225599527 -0.02683381922543049 -0.0447370670735836 -0.07287993282079697 -0.01796451397240162 4.853397231189004e-41 -0.03383544459939003 -4.977812916642547e-39 -0.07058058679103851 0.0021651298739016056 0.060990359634160995 -0.0049924952909350395 -0.06883244216442108 2.7743677710858107e-39 -0.01909799501299858 -0.06785569339990616 0.006472419016063213 -0.049215931445360184 -0.05369070544838905 0.07258359342813492 0.08410073816776276 -1.7572885300972866e-39 0.08266106992959976 0.02124714106321335 0.0005046885926276445 -0.02637171372771263 -0.013261781074106693 0.09944301843643188 0.048774439841508865 -2.78508910563636e-39 0.17280934751033783 0.016817469149827957 -0.0014085134025663137 -0.012302123010158539 0.03498101979494095 -1.1888332664966583e-05 -0.09704805165529251 -0.05708479508757591 0.08559827506542206 0.012067774310708046 0.08039122074842453 0.07906462252140045 0.04692860692739487 -0.007787860929965973 -0.008127647452056408 -0.059429507702589035 0.015415390022099018 -0.056485313922166824 -0.04443216323852539 0.08688178658485413 0.07456422597169876 -0.060468800365924835 0.019217198714613914 0.028661103919148445 0.05195968598127365 -0.034560613334178925 0.0012071169912815094 -0.0020593812223523855 0.05774744600057602 0.0008269723621197045 0.11122410744428635 0.07485120743513107 -0.006268175318837166 -0.04486414045095444 0.05956294387578964 -0.024711849167943 0.07139839977025986 0.0776836946606636 0.04909283667802811 -0.028247229754924774 0.06647250801324844 -0.04543483257293701 0.04971972107887268 -0.05149544030427933 0.0627020075917244 -0.048046186566352844 -0.024358287453651428 0.0032988479360938072 0.06704571098089218 -0.03917050361633301 0.01517545897513628 -0.04783090949058533 -0.011331972666084766 -0.04231744632124901 -0.059637267142534256 0.041641149669885635 -0.020945684984326363 0.07569973170757294 -0.015070474706590176 -0.031659968197345734 0.0794471874833107 -0.035847827792167664 0.0634748786687851 -0.04020654037594795 0.010222488082945347 0.016539316624403 -0.03789222240447998 0.06670180708169937 0.051504068076610565 -0.044520482420921326 -0.00744977779686451 4.811087826655645e-39 0.022465860471129417 7.9715385480353e-40 0.038552965968847275 -0.016239460557699203 0.02372780069708824 0.047401465475559235 -0.023210331797599792 2.5577340349935156e-40 -0.0006615910679101944 -0.007052278146147728 0.00021989928791299462 -0.026214314624667168 -0.047344569116830826 0.011626961641013622 -0.05855860933661461 8.021144513672399e-40 -0.06658002734184265 -0.0397089384496212 -0.014197466894984245 -0.010243349708616734 0.06164863333106041 0.032660432159900665 0.09070496261119843 1.0563408213619769e-39 0.2516956627368927 0.05609128624200821 0.01981133595108986 -0.09363026916980743 -0.06914608925580978 -0.09239315241575241 -0.004851844627410173 -0.03519600257277489 -0.02547738514840603 0.09691237658262253 -0.07570377737283707 0.0707220509648323 0.06225712224841118 0.07635354995727539 -0.06207095459103584 0.053481586277484894 0.023717114701867104 0.06583712249994278 -0.07544127851724625 0.08710739016532898 -0.06226462498307228 -0.04094414412975311 0.0780901312828064 -0.027410224080085754 -0.05663527175784111 0.07001647353172302 0.016266170889139175 0.0462433323264122 0.09316357225179672 0.003449899610131979 -0.06384088099002838 -0.07102395594120026 -0.03953082859516144 -0.001748307840898633 -0.035727325826883316 0.06226680800318718 0.0765591636300087 0.04710790514945984 0.0597073957324028 -0.054195843636989594 0.06827931106090546 0.042224157601594925 -0.037282079458236694 -0.050427522510290146 -0.061633188277482986 -0.0075802928768098354 -0.04559845104813576 0.07460521906614304 -0.004929433111101389 -0.06138601899147034 -0.052543289959430695 -0.00017575887613929808 0.020224638283252716 0.0701977089047432 -0.03895208239555359 0.0583169162273407 -0.019797757267951965 0.0413840152323246 0.050323326140642166 0.05790485814213753 -0.07843111455440521 0.08269388973712921 -0.0784975066781044 0.07130708545446396 -0.06489023566246033 0.06840263307094574 0.017168797552585602 0.04167180135846138 0.06696043163537979 -0.06338043510913849 0.01067645475268364 -4.3777769142186605e-39 -0.04655732959508896 3.6372243069861384e-39 -0.08635891228914261 -0.046024419367313385 -0.06353525072336197 0.026657870039343834 0.010638508945703506 -2.0229046540100556e-39 0.004278980195522308 -0.012913587503135204 0.01888340897858143 0.03642804175615311 -0.08940834552049637 0.032962750643491745 0.02373570390045643 -6.787238157403503e-39 0.010905714705586433 0.075972780585289 0.016592135652899742 -0.054698675870895386 -0.014925136230885983 0.05576744303107262 0.018945563584566116 -5.295647026529916e-39 0.21931959688663483 0.07500802725553513 -0.03150058165192604 -0.019252225756645203 0.014614944346249104 -0.016614990308880806 0.009188142605125904 -0.06511823832988739 0.03600505366921425 0.07404700666666031 -0.046768974512815475 -0.06694865971803665 -0.03637903556227684 0.0751052051782608 0.013314081355929375 0.01279909536242485 0.02300046570599079 -0.032637715339660645 0.08257195353507996 -0.05881957337260246 0.040751393884420395 0.005977874621748924 -0.05278755724430084 -0.03671330213546753 0.031165992841124535 -0.0502636544406414 -0.039123352617025375 0.07162410020828247 -0.03040398471057415 -0.024497956037521362 0.015766454860568047 -0.03951524570584297 0.06931962817907333 -0.050151899456977844 0.012378686107695103 0.04711339622735977 -0.04391767084598541 0.06713063269853592 0.0027762283571064472 -0.03709503263235092 -0.03777795284986496 0.052448518574237823 -0.05549412965774536 0.09725699573755264 0.06309209018945694 0.04310047999024391 -0.028355499729514122 0.0493551529943943 0.0033337699715048075 -0.008826629258692265 0.06474790722131729 -0.04983413219451904 0.042434968054294586 0.08055104315280914 -0.043804019689559937 0.025083132088184357 0.0660163164138794 0.045068275183439255 0.0214763842523098 -0.010122079402208328 0.060352347791194916 -0.028504913672804832 0.05140969902276993 -0.00900246575474739 0.09182935953140259 -0.05399072915315628 0.06793176382780075 0.05296861752867699 -0.007580576930195093 -0.03879868611693382 -0.02945101447403431 1.8937665927317378e-39 0.029635565355420113 9.961968670654014e-38 0.03454530984163284 0.0018032543594017625 0.03674188256263733 0.015654610469937325 -0.024194562807679176 -3.91762272839907e-39 -0.03585023805499077 -0.007250141818076372 -0.0005023618577979505 0.0288197323679924 0.059101805090904236 -0.07588128000497818 -0.07064242660999298 4.7996336130082537e-39 0.05215487256646156 -0.017563316971063614 0.006191830150783062 -0.02998501807451248 -0.03990866616368294 -0.06714712083339691 0.09077548235654831 3.9753996653816465e-40 0.19381745159626007 0.045695655047893524 0.030883239582180977 -0.0673057958483696 -0.04103849083185196 -0.007964715361595154 0.047927264124155045 0.0817723199725151 -0.03174532204866409 0.03816849738359451 -0.03357364982366562 -0.0560491681098938 -0.04297122359275818 -0.06571641564369202 -0.03366450220346451 0.09227637946605682 -0.043413251638412476 -0.014459874480962753 0.07156243920326233 0.08216375857591629 0.032492976635694504 0.03665540739893913 -0.016690926626324654 -0.05729445442557335 -0.021902579814195633 -0.05596701428294182 0.023054996505379677 -0.016105379909276962 0.06447408348321915 0.08144878596067429 0.030363373458385468 -0.05586688593029976 0.0649619773030281 0.06355488300323486 0.0384259857237339 0.07876992970705032 -0.025281962007284164 0.03747108206152916 0.018815727904438972 -0.0012638634070754051 0.09680534154176712 0.03398579731583595 -0.054319486021995544 0.06361851096153259 0.090518519282341 -0.05834905430674553 0.07530170679092407 -0.011336760595440865 0.053793247789144516 0.0739251896739006 0.04684695973992348 -0.013998063281178474 0.07217178493738174 -0.03852233663201332 0.0769568607211113 -0.027010923251509666 0.06352071464061737 0.005671884398907423 -0.04567781090736389 -0.02913617715239525 0.04134729132056236 0.05895522981882095 -0.0035879213828593493 -0.06106720492243767 -0.013027472421526909 -0.06183731555938721 0.0728079080581665 0.01845346949994564 0.07614884525537491 0.012063479982316494 -0.01468390878289938 5.3132669534203364e-39 -0.003902381518855691 1.408498335834518e-39 -0.040160343050956726 0.013610719703137875 -0.0020379265770316124 -0.05750539153814316 0.03079485520720482 -3.675321408335737e-39 0.07644972205162048 -0.015718083828687668 0.018682561814785004 -0.0014013105537742376 -0.022251121699810028 -0.13680599629878998 -0.03523559868335724 6.488566804015776e-39 -0.0008568741613999009 0.06211800128221512 0.02881646156311035 -0.11002500355243683 -0.019040673971176147 0.02308943122625351 -0.016692519187927246 6.210938749666814e-39 0.17903093993663788 0.006503300741314888 -0.016551485285162926 -0.091698557138443 0.009422507137060165 0.0036927293986082077 0.028616325929760933 0.03605325147509575 0.015708161517977715 0.07113823294639587 -0.06040460616350174 0.015171391889452934 0.07625380903482437 0.03319366276264191 -0.005905412137508392 -0.041901107877492905 -0.033762216567993164 0.08893673121929169 0.0803677886724472 0.08343800157308578 -0.021821141242980957 0.004337983205914497 -0.03561597689986229 -0.048732440918684006 -0.0405665747821331 -0.01925552822649479 -0.04436510428786278 0.06568636745214462 -0.03753858804702759 -0.04511791095137596 -0.04688306152820587 -0.06097197160124779 0.03510158509016037 0.003300816286355257 0.011686407960951328 0.044491734355688095 0.062090497463941574 0.03477223217487335 0.03393757343292236 -0.007775613106787205 -0.007057576905936003 -0.006576769053936005 -0.05856505036354065 0.06414001435041428 0.01013363990932703 0.01544206216931343 -0.019153578206896782 -0.018961265683174133 0.04867025092244148 0.013521106913685799 0.07815264910459518 0.03362240269780159 0.03208773210644722 -0.0004896341124549508 0.029603170230984688 0.02286347933113575 0.05015677213668823 -0.03430132195353508 0.03219941258430481 0.011199298314750195 0.08488430827856064 -0.016650298610329628 0.042270492762327194 0.05109952390193939 -0.04502104967832565 -0.042331114411354065 0.041473936289548874 -0.0516781210899353 0.015665559098124504 0.05856053903698921 -0.036622509360313416 5.774645874097747e-39 0.06236054375767708 2.0440931275697255e-38 0.062228087335824966 0.06137293204665184 0.060913216322660446 0.009109336882829666 -0.05751721188426018 4.716563238744614e-39 0.04020914435386658 -0.07251570373773575 -0.020154643803834915 -0.054357122629880905 -0.015959367156028748 -0.03449902683496475 -0.06814158707857132 -3.99186071844207e-39 0.015492759644985199 -0.01851770095527172 0.017361273989081383 0.02596101723611355 0.02262539230287075 -0.02873011864721775 -0.03273703157901764 -3.455101749473235e-39 0.009316098876297474 -0.04328087717294693 -0.002838549669831991 -0.056758396327495575 0.008656431920826435 -0.02223942242562771 -0.01882345601916313 0.03932899609208107 0.033421192318201065 -0.030523935332894325 0.00904516689479351 -0.012119229882955551 -0.005534019321203232 -0.024211423471570015 0.03157113492488861 0.043986815959215164 -0.021132193505764008 -0.006515227258205414 0.031445082277059555 -0.00711163179948926 -0.01600048691034317 -0.033930703997612 0.027848225086927414 0.02750573121011257 -0.015098274685442448 -0.00838007777929306 -0.044969890266656876 -0.05916707217693329 0.009912069886922836 -0.04736633971333504 0.02092485874891281 0.03617340698838234 -0.019536217674613 -0.0234693493694067 -0.017591560259461403 -0.007761602755635977 0.013605550862848759 -0.022982686758041382 0.00022255012299865484 0.018783196806907654 0.021203303709626198 0.0047730011865496635 0.01757928729057312 0.024370091035962105 -0.019518427550792694 -0.007687060162425041 0.010716116987168789 0.01290458906441927 0.010955614037811756 -0.009211678057909012 -0.011002910323441029 0.020376112312078476 0.023217564448714256 0.03495806083083153 -0.019254889339208603 0.004685854073613882 0.027636971324682236 0.07904510945081711 -0.0318811796605587 -0.005946815013885498 -0.020551007241010666 0.007359820418059826 0.02812766283750534 0.010544855147600174 0.012260841205716133 -0.03796875476837158 0.03335634991526604 -0.017127076163887978 -0.024846263229846954 0.04545524716377258 -0.05013257637619972 8.206382157671496e-40 0.0013719606213271618 -4.1578949682860604e-39 -0.003474295837804675 0.04623229801654816 -0.0014699455350637436 -0.024451134726405144 0.01779298670589924 -5.1547660841205564e-39 -0.041696153581142426 0.01100219041109085 0.08382932096719742 -0.02473372220993042 0.05053194612264633 0.07917673885822296 -0.00973983108997345 -2.6313764731891777e-38 -0.06965634226799011 0.007009558379650116 0.023796189576387405 -0.027327967807650566 -0.05563553795218468 -0.028350630775094032 -0.04586931690573692 -5.202655459138857e-39 0.31483158469200134 0.04139760509133339 0.04733631759881973 -0.009324909187853336 -0.05654994770884514 0.01924934983253479 0.04758826270699501 0.053923867642879486 -0.03307507932186127 0.010100466199219227 0.014426492154598236 0.07355482876300812 0.02896556258201599 0.03858061879873276 0.008799227885901928 -0.09722829610109329 0.059115760028362274 -0.07701951265335083 0.03472426161170006 0.07511737197637558 0.052617739886045456 0.027726473286747932 0.03426907956600189 -0.06969799101352692 0.058052219450473785 0.09107276052236557 -0.06759017705917358 -0.07663509994745255 -0.010428015142679214 0.08118835836648941 -0.009251541458070278 -0.027099452912807465 0.04184623807668686 0.08476674556732178 -0.09430859237909317 0.06804713606834412 -0.06592043489217758 -0.00371741596609354 0.07096238434314728 -0.01648828200995922 0.03096623346209526 0.0805971771478653 -0.07876543700695038 -0.06899914145469666 0.04404503107070923 -0.10624659061431885 -0.08785683661699295 -0.04921351745724678 0.09007470309734344 0.05147833377122879 -0.07853783667087555 0.05119609087705612 0.06549983471632004 0.08860116451978683 0.09611091762781143 0.056291427463293076 0.012656387872993946 0.08608926832675934 0.04654856026172638 0.09103872627019882 -0.07825984805822372 -0.05822229012846947 0.021104857325553894 0.023914359509944916 0.04492722079157829 0.0521099679172039 0.017124837264418602 -0.06205766648054123 -0.09444758296012878 0.05030326917767525 -0.05002539977431297 -6.77752015255341e-40 0.0030540733132511377 -2.9884203154068195e-39 -0.024018747732043266 -0.009841356426477432 -0.005491101648658514 0.006377131678164005 -0.01179178524762392 -9.756120168322241e-41 0.08101455122232437 0.03206603601574898 0.14479881525039673 0.12437756359577179 -0.01481092069298029 0.033183831721544266 -0.009942998178303242 -3.280665314037153e-39 -0.027261439710855484 0.04882591590285301 -0.006678326055407524 -0.13548444211483002 -0.03192755579948425 0.02194514311850071 -0.016596591100096703 -1.351685492195397e-39 -0.07399910688400269 0.3894176781177521 0.3144037127494812 -0.23449036478996277 0.015500282868742943 0.006135597359389067 -0.022441118955612183 0.0012013131054118276 -0.0014572720974683762 0.006107030436396599 0.034960437566041946 -0.020264478400349617 -0.0019681178964674473 0.015754159539937973 0.015909112989902496 -0.0002976661780849099 0.005848732311278582 0.02155378647148609 -0.0342433825135231 -0.00014283125346992165 0.044090043753385544 0.03250955417752266 0.02122831530869007 0.03217655420303345 0.016430681571364403 0.02333252504467964 0.015483859926462173 -0.013468554243445396 0.03340134024620056 -0.0024285430554300547 0.03003060631453991 -0.01841469295322895 0.006232347805052996 -0.011611098423600197 -0.006040121894329786 -0.013321776874363422 0.016022423282265663 -0.0131748141720891 -0.0027574554551392794 -0.030564583837985992 0.018221229314804077 -0.011804340407252312 0.0023273127153515816 -0.0037807796616107225 5.144442184246145e-05 0.00963215995579958 0.027736304327845573 -0.002801257185637951 0.053850043565034866 0.022205960005521774 0.0008077030652202666 0.029031479731202126 0.012062836438417435 0.03722235932946205 -0.005213538650423288 -0.01169899944216013 -0.058050092309713364 -0.009323316626250744 -0.004464524798095226 -0.030427219346165657 -0.00794514361768961 0.03728524222970009 0.0022580318618565798 0.015909798443317413 0.022922486066818237 -0.007993839681148529 0.00048467834130860865 0.01046559028327465 0.047506168484687805 0.04567253217101097 0.018270311877131462 -3.113078425494691e-39 -0.03896373137831688 -3.206376877249437e-39 -0.009209923446178436 -0.0017225109040737152 0.019590187817811966 0.08212722837924957 0.0643949806690216 -5.1989350117160746e-39 -0.019441887736320496 0.0034380443394184113 -0.015684379264712334 0.0027104937471449375 -0.05776914209127426 0.04730686917901039 -0.004275367129594088 -5.696194179572522e-38 -0.07915949076414108 -0.0030654447618871927 -0.11386888474225998 -0.1044612005352974 0.033121801912784576 -0.029209837317466736 0.009324291720986366 -9.260783581958848e-38 0.26845788955688477 0.13939796388149261 0.0624731183052063 -0.12031672894954681 0.06577746570110321 -0.11620606482028961 -0.03426477313041687 0.08834714442491531 0.024717502295970917 -0.011208565905690193 0.0009309306624345481 -0.07438444346189499 -0.04512994363903999 0.00791094359010458 0.03633033111691475 0.07888439297676086 -0.08496620506048203 0.017917700111865997 0.012409267947077751 -0.06187452748417854 -0.05917271971702576 0.008449564687907696 0.07867760211229324 0.054447878152132034 -0.09811177104711533 0.008930228650569916 -0.017230259254574776 0.05183754861354828 -0.035543035715818405 0.09759236127138138 0.06057355925440788 0.06534051150083542 0.08333373069763184 -0.024052053689956665 -0.03336195647716522 0.025106070563197136 0.020063970237970352 0.07408522814512253 -0.019457804039120674 0.055442556738853455 -0.0076727187260985374 -0.11185979098081589 -0.04020898416638374 0.022078271955251694 0.05939624831080437 -0.03014223277568817 0.10320402681827545 0.044873688369989395 0.05860017612576485 0.06329164654016495 -0.024507638067007065 -0.07028000801801682 -0.08379565924406052 -0.04057619348168373 0.0777471587061882 0.08993088454008102 -0.09711067378520966 -0.05825277790427208 -0.03181682899594307 -0.0980309471487999 0.0848914086818695 0.013682386837899685 -0.10566847771406174 0.020764391869306564 0.042681608349084854 0.015704091638326645 -0.014841810800135136 0.03057827614247799 -0.06869611144065857 0.06126488372683525 -0.05797765403985977 5.584454640027261e-41 0.07311767339706421 -4.915446727189307e-40 0.0219903364777565 0.07551693171262741 -0.004693983122706413 0.010585357435047626 0.09560277312994003 -4.662303560907493e-39 -0.015549718402326107 0.0370013490319252 -0.027187317609786987 0.01501117367297411 0.07002843916416168 0.022099334746599197 -0.0417744442820549 -3.773544022894121e-39 -0.05930638685822487 -0.08361082524061203 -0.09243577718734741 0.004237445071339607 -0.04506097733974457 -0.0010580475209280849 0.07023811340332031 1.4267348340492412e-39 0.1162075325846672 -0.02342325821518898 -0.0490938238799572 -0.11443254351615906 -0.01441097166389227 -0.05937546491622925 0.029285693541169167 -0.03531762212514877 0.010612689889967442 0.09057146310806274 0.07242671400308609 0.08774568885564804 -0.07092761248350143 -0.0867694616317749 0.0326823927462101 -0.035650305449962616 -0.08525808900594711 0.07356726378202438 0.039127200841903687 0.10901712626218796 -0.021945392712950706 -0.036487776786088943 -0.02877422422170639 -0.006968813482671976 0.09941912442445755 -0.03061699867248535 -0.04254273325204849 0.07300353050231934 0.06011227145791054 -0.046184081584215164 0.06075200438499451 -0.01676349714398384 0.09507770091295242 0.024030402302742004 0.04667404294013977 -0.06316540390253067 0.024952499195933342 -0.03214174881577492 0.00875023566186428 -0.03146727755665779 0.093201644718647 -0.08151300996541977 0.06927410513162613 0.08595654368400574 -0.00018353690393269062 -0.04100043326616287 0.01683812588453293 0.0993296429514885 0.02431722730398178 0.03869599103927612 -0.058584678918123245 -0.018370892852544785 0.0931914895772934 -0.05564713478088379 0.11170539259910583 -0.047543562948703766 -0.02341541089117527 -0.08371410518884659 0.013954033143818378 0.062458585947752 -0.08368292450904846 0.09104516357183456 0.05881373956799507 0.041293665766716 -0.03511964529752731 0.0771583840250969 -0.01963818445801735 -0.07315454632043839 0.05529334396123886 -0.009285141713917255 0.06306085735559464 -3.2047948112832145e-39 0.03679650276899338 5.3501953718506883e-39 0.04681040719151497 -0.013313047587871552 0.019267307594418526 -0.061426207423210144 -0.062236711382865906 -3.7564103465708214e-39 0.0620281919836998 -0.05110485479235649 0.04894771799445152 -0.03767174482345581 -0.04837698116898537 0.025137973949313164 0.05585521459579468 -1.842863865495753e-38 -0.06663142144680023 0.08107772469520569 -0.049533914774656296 -0.016035594046115875 0.03675982728600502 0.05482492223381996 0.032685041427612305 -5.103133840904044e-39 0.22493888437747955 0.05474425479769707 -0.018955260515213013 0.01264199335128069 -0.009169691242277622 0.0032356218434870243 0.02999270148575306 -0.08402025699615479 0.09605320543050766 0.07166507095098495 0.06499098241329193 0.029418902471661568 -0.06902485340833664 0.09353384375572205 0.017590481787919998 0.04854461923241615 0.0027755803894251585 0.08703023940324783 0.06590976566076279 -0.014391552656888962 0.06867077201604843 0.08265730738639832 0.07170666754245758 -0.053961414843797684 0.023089181631803513 -0.0665898397564888 -0.05613565817475319 0.052364781498909 -0.01378791593015194 0.012592107988893986 0.03479012846946716 0.03913154825568199 -0.06278771907091141 -0.06056728959083557 -0.04354935511946678 -0.0917888656258583 0.08715333789587021 0.07570391893386841 -0.04016774892807007 0.053103115409612656 0.029618674889206886 -0.014135871082544327 0.060840338468551636 0.08366052806377411 0.02725275233387947 0.015373136848211288 0.04448571428656578 -0.027395818382501602 -0.07872141152620316 -0.07145074754953384 -0.07673077285289764 0.05975603684782982 0.041909366846084595 0.07050608843564987 0.035421520471572876 -0.08868511021137238 0.025571037083864212 -0.050348084419965744 -0.07167375832796097 0.06995317339897156 -0.039758164435625076 -0.06350687146186829 0.04099726676940918 -0.06587473303079605 -0.05689174681901932 0.06095654517412186 0.0696336030960083 -0.03730064630508423 0.07630734890699387 -0.015557484701275826 0.09763750433921814 6.707902243547289e-39 -0.027188844978809357 6.040585697955775e-39 0.006308452691882849 0.009964258410036564 -0.055100589990615845 -0.009867895394563675 -0.022087153047323227 4.6283458952215097e-39 0.04294903576374054 0.026626938953995705 0.04746202006936073 -0.07090186327695847 0.009872373193502426 0.07615019381046295 0.057336170226335526 2.682923237199366e-39 0.0205779280513525 -0.012845196761190891 -0.07023486495018005 -0.006837436929345131 -0.02045726217329502 -0.037285808473825455 0.0013600277015939355 4.4405192121797256e-38 0.2674194872379303 0.1103590577840805 0.03804459050297737 -0.06272503733634949 -0.010317888110876083 0.08531097322702408 -0.05035366490483284 -0.08513002842664719 -0.04000968486070633 -0.01260009128600359 0.062222521752119064 0.06591632217168808 0.025398362427949905 -0.0760016068816185 0.04414122551679611 0.028912683948874474 0.0687006488442421 0.07660572230815887 -0.04842119291424751 0.00956849753856659 -0.046506721526384354 -0.05447141453623772 -0.0652923658490181 -0.01671701669692993 0.03699543699622154 -0.07813415676355362 0.09736906737089157 -0.07526075094938278 0.06150341033935547 -0.0550815612077713 0.07562808692455292 0.08006468415260315 0.012594569474458694 0.07576427608728409 0.07021518051624298 0.00962459109723568 -0.051640912890434265 0.05719481408596039 -0.059121280908584595 0.07558678835630417 -0.06148466840386391 0.03533913195133209 0.008105096407234669 0.0024383817799389362 0.0026906447019428015 0.0716225653886795 -0.0615713931620121 0.05389290675520897 -0.07821453362703323 0.025650465860962868 0.06484764069318771 0.100106380879879 0.03389754146337509 -0.03500417619943619 -0.0646938607096672 0.05771514028310776 -0.06665436178445816 0.06153763458132744 -0.0688357949256897 -0.06214866042137146 -0.010672139003872871 0.07172208279371262 -0.05727655440568924 -0.054540205746889114 0.0809207335114479 0.007845418527722359 0.05728200078010559 0.04579703137278557 -0.05728539451956749 0.07549379765987396 -0.015703633427619934 -5.777588600872829e-39 0.016238780692219734 3.2043632113562024e-40 0.03762771189212799 -0.06043953821063042 -0.060592543333768845 0.034475333988666534 -0.016817089170217514 -2.9212462709224807e-39 0.020802106708288193 -0.05729074776172638 -0.042714640498161316 -0.0028604608960449696 0.03361077234148979 -0.019342124462127686 0.0395713709294796 9.489915499054456e-40 -0.038808006793260574 0.0761725977063179 -0.108576700091362 -0.19591045379638672 0.06931143999099731 -0.09760161489248276 0.00018801460100803524 2.216666396567641e-39 0.1410643607378006 0.03843573108315468 -0.08292868733406067 -0.15756115317344666 -0.029811032116413116 -0.13753415644168854 -0.02594933658838272 0.08055971562862396 -0.0458502396941185 0.005426911171525717 0.05182966589927673 0.04705372825264931 0.02494789846241474 -0.07949645072221756 0.03998202458024025 0.05637343227863312 0.06903718411922455 -0.12648195028305054 -0.042719852179288864 -0.016632111743092537 -0.01596297137439251 0.022115159779787064 0.09112299233675003 0.09045806527137756 0.07413054257631302 -0.11997005343437195 0.004600018262863159 -0.02502722106873989 -0.012962909415364265 0.03292655199766159 -0.058404356241226196 -0.05965603142976761 -0.08474740386009216 0.0958283394575119 0.04892738163471222 -0.007385960780084133 -0.08620121330022812 -0.00010776564886327833 0.019453931599855423 0.0034641940146684647 0.035108793526887894 0.08045455813407898 0.11509071290493011 -0.027882304042577744 -0.04890650138258934 0.08049152046442032 0.0019010973628610373 0.03070380538702011 0.008656362071633339 0.034304533153772354 -0.009584344923496246 0.05285095423460007 0.03696334734559059 -0.008767361752688885 -0.025957537814974785 -0.06429798901081085 0.02144874818623066 0.10055270045995712 -0.04769163951277733 -0.057380855083465576 0.03224380314350128 -0.06816679984331131 0.010948983021080494 -0.04224365949630737 0.03045792318880558 0.03271109610795975 0.08095657080411911 -0.04486988112330437 0.02444927953183651 0.03352804481983185 -0.05192217603325844 -4.053962062485553e-39 -0.0186663419008255 -5.8411557031099956e-39 0.003550970694050193 -0.03462253138422966 -0.052368078380823135 -0.07318306714296341 0.09673339873552322 2.4344968415484696e-39 0.030996279790997505 -0.07159117609262466 -0.03776542469859123 0.03556564822793007 -0.03955015540122986 0.103024922311306 0.06516232341527939 3.2702060222994326e-39 0.003436978906393051 0.010919168591499329 -0.02119988203048706 -0.11393024027347565 0.05004530027508736 0.052003197371959686 -0.04108797013759613 2.2708069640352947e-39 0.20796284079551697 0.10690663754940033 -0.05005931109189987 -0.045432448387145996 0.007734804414212704 -0.04969679191708565 0.010443619452416897 0.00031103749643079937 0.04754963889718056 0.004911147523671389 -0.011838591657578945 -0.060478441417217255 0.03967079520225525 0.07187944650650024 -0.0540984645485878 0.05067801848053932 -0.06538064032793045 0.056992027908563614 0.057367146015167236 -0.0552503876388073 0.07563943415880203 -0.02425917237997055 0.0633128210902214 0.042969610542058945 -0.02826007641851902 -0.04102100059390068 -0.007514410186558962 0.007697561290115118 -0.032310109585523605 -0.03696505352854729 -0.04355072230100632 -0.015841610729694366 -0.07462047785520554 0.0660191997885704 0.03449876233935356 -0.017542794346809387 0.04128022491931915 0.05324777215719223 0.04544403776526451 0.06436993181705475 0.015334337949752808 0.020950768142938614 -0.07542917132377625 -0.06952481716871262 0.06139903888106346 -0.041154831647872925 -0.022859953343868256 -0.05376242846250534 -0.0698578730225563 -0.0416560061275959 0.06689038872718811 0.08547038584947586 0.060129694640636444 0.06474880129098892 -0.060395773500204086 -0.022499069571495056 0.06092032790184021 0.0350426509976387 -0.06993670761585236 0.05331098660826683 0.010414404794573784 0.08231144398450851 -0.01366277877241373 0.036158401519060135 0.009174717590212822 -0.005728741176426411 0.06070545315742493 0.04271113499999046 0.06772995740175247 0.05265078693628311 0.05365913361310959 2.8041593764373563e-39 0.02978907711803913 -4.0629850232973406e-39 -0.023798199370503426 -0.07096369564533234 -0.005694480147212744 0.06137966364622116 0.06901546567678452 -1.790060697282451e-39 0.009109877981245518 -0.01683446578681469 0.003828148590400815 0.010837901383638382 -0.009744659997522831 -0.047417085617780685 0.08356114476919174 -5.966818544196788e-39 0.008924460038542747 0.022675128653645515 0.039939772337675095 -0.05062166601419449 -0.014806185849010944 0.00985843688249588 -0.035231322050094604 -3.8276602077684953e-38 0.24578770995140076 0.0195092111825943 0.038849037140607834 0.025984998792409897 0.0002666963264346123 0.13146857917308807 -0.01393838506191969 -0.006316791754215956 0.07344617694616318 0.005570033565163612 0.05524611845612526 -0.0867096558213234 0.029248112812638283 -0.07836952060461044 -0.08178678154945374 0.027341419830918312 0.025017492473125458 -0.016039282083511353 -0.030034273862838745 0.021066805347800255 -0.06667709350585938 -0.03495752438902855 0.010040372610092163 0.07464499026536942 0.02291119284927845 -0.05451440438628197 0.05092339590191841 0.013269348070025444 -0.07682307809591293 -0.06380465626716614 0.011109561659395695 -0.007308559957891703 -0.001267242943868041 0.044484954327344894 0.0826154425740242 0.0423501655459404 0.023660123348236084 -0.039081789553165436 0.07477276027202606 0.05434466525912285 -0.07621724903583527 -0.030431997030973434 0.036833103746175766 -0.009197894483804703 0.006459894590079784 0.023993706330657005 -0.04448671266436577 0.04339276999235153 -0.022051816806197166 0.03472462669014931 -0.016249436885118484 -0.008486278355121613 0.06054661422967911 -0.07290980219841003 -0.05109788104891777 0.04269341379404068 0.023252742365002632 -0.018164481967687607 0.031131833791732788 -0.04169854149222374 0.04428686201572418 -0.05048427730798721 0.03125530853867531 0.030703509226441383 -0.012115109711885452 0.07819006592035294 0.02895597741007805 0.07377225905656815 0.05702100694179535 0.009676198475062847 -0.00261775148101151 -1.7926951383953817e-39 0.003237722907215357 6.196541809244341e-40 0.028494952246546745 -0.03013523668050766 -0.02879764698445797 0.008990797214210033 0.031879398971796036 -4.340120661365938e-38 0.024662574753165245 0.005987868644297123 0.029633857309818268 -0.048411548137664795 0.0024531574454158545 -0.0421677865087986 -0.07548746466636658 7.055414453610593e-39 -0.021693313494324684 -0.0013034516014158726 -0.0047385198995471 -0.08345206826925278 0.006568605080246925 0.050322599709033966 0.049193281680345535 -3.9530657704572376e-39 0.2919803857803345 0.14168930053710938 -0.07386999577283859 0.018531274050474167 0.05718138441443443 -0.10393085330724716 0.029034987092018127 0.05131484940648079 0.06982547044754028 -0.00571272149682045 0.03917355090379715 0.08686400949954987 0.05130280926823616 0.04388004168868065 0.0647098496556282 -0.05348864942789078 -0.032989080995321274 0.058893412351608276 -0.05072306469082832 0.08466432243585587 0.06579882651567459 -0.00760398805141449 0.08785467594861984 0.06343995779752731 0.021216191351413727 0.07843643426895142 -0.029406176880002022 0.041327107697725296 -0.06049440801143646 0.060044482350349426 0.08728304505348206 0.054317817091941833 0.09459005296230316 -0.048002324998378754 0.03023449145257473 -0.05880201980471611 -0.034911010414361954 -0.04377102851867676 0.0520523376762867 -0.06269717961549759 0.0600828118622303 -0.06028479337692261 0.018426954746246338 0.05639496073126793 -0.060125987976789474 -0.04910121485590935 -0.015583756379783154 0.06104281172156334 0.06380071491003036 0.06481808423995972 0.05373792350292206 -0.0665205791592598 -0.0542195700109005 0.06871097534894943 0.08322074264287949 -0.038397904485464096 -0.06104220077395439 0.045806169509887695 0.062059737741947174 -0.04981299489736557 0.0826747715473175 -0.06483393907546997 -0.07192666083574295 -0.05584175884723663 -0.046285685151815414 0.06285540014505386 -0.05030281841754913 -0.06727048009634018 -0.0589737668633461 0.06516847014427185 -0.05904737487435341 9.955272706072084e-40 -0.04808439314365387 -4.201733189443998e-39 -0.0006750820321030915 -0.0043306793086230755 0.07123846560716629 0.025327619165182114 0.029134366661310196 1.1012272137712294e-39 0.04975279048085213 0.03874775022268295 0.026482779532670975 0.06483682245016098 0.04755028337240219 -0.04789149761199951 0.01874653249979019 -3.117526146820458e-39 -0.044248100370168686 -0.017197884619235992 -0.0626772791147232 -0.006021984852850437 -0.004106877837330103 -0.004861410707235336 0.018728025257587433 4.7434331367980426e-39 0.2399095594882965 0.07693310081958771 -0.04212528467178345 0.02757231518626213 -0.05358216539025307 -0.02248147875070572 0.026184869930148125 0.038585033267736435 0.020924577489495277 -0.017895802855491638 -0.07703210413455963 -0.02454514615237713 -0.006631591822952032 0.01901363395154476 0.05534089729189873 0.0022470937110483646 0.015858303755521774 0.05091673508286476 0.0627594143152237 -0.03480306640267372 -0.019211173057556152 -0.016316482797265053 0.015648094937205315 -0.046452704817056656 -0.06346312910318375 -0.036490920931100845 -0.03239743411540985 0.04292212799191475 0.03932395949959755 0.04189947620034218 -0.0029559792019426823 -0.047411054372787476 0.03650008514523506 -0.05505836382508278 -0.06171657145023346 -0.04742041602730751 0.05520206689834595 0.01580641232430935 0.047862324863672256 -0.0609024316072464 -0.06475621461868286 0.04706311225891113 0.0297226719558239 -0.05804548040032387 0.03863956406712532 0.039512377232313156 0.06796063482761383 -0.02531413920223713 0.038307979702949524 0.04061044380068779 0.05626104399561882 0.07522524893283844 0.05380702018737793 -0.027327951043844223 0.05687658116221428 0.05125437676906586 0.06377378106117249 -0.07387425750494003 -0.014140198938548565 0.01584022305905819 -0.0698138028383255 0.029997745528817177 0.05346161499619484 0.012961030006408691 0.051126062870025635 0.037924960255622864 0.05121808499097824 0.023366311565041542 0.03461888059973717 -0.01555523183196783 0.04029048606753349 -1.9183986171376394e-39 -0.012260979041457176 -2.0930592603280133e-39 0.02770252525806427 0.014266015030443668 0.09041107445955276 -0.05695772543549538 -0.01848398521542549 -5.52759975743421e-39 0.022333132103085518 0.045515500009059906 0.014040520414710045 -0.02249990403652191 -0.04213462769985199 -0.062324874103069305 0.008755640126764774 -5.626654743280403e-39 0.08298677206039429 -0.02286011166870594 -0.005878758151084185 -0.11502208560705185 -0.02646905556321144 0.024924809113144875 0.08993605524301529 -2.7323260145591375e-39 0.20137740671634674 0.08317139744758606 0.02542562037706375 -0.07108908146619797 0.03805338963866234 -0.0312375258654356 0.0025306721217930317 0.07728594541549683 -0.0650673359632492 -0.05926825851202011 -0.05204448103904724 -0.05893978849053383 0.056193482130765915 0.04428265616297722 0.052726924419403076 0.05957941338419914 0.04677409678697586 -0.03254721313714981 0.052560996264219284 -0.05071238800883293 0.026326816529035568 -0.02435934729874134 -0.007000322453677654 0.0380493625998497 -0.05582578480243683 0.046026505529880524 -0.0028132463339716196 0.07888871431350708 0.01865735650062561 -0.015793226659297943 -0.07692979276180267 0.0315159372985363 -0.06947017461061478 0.00020855895127169788 0.06491298973560333 -0.048407960683107376 -0.023929858580231667 0.012937658466398716 -0.03785759583115578 0.027434423565864563 -0.06690902262926102 0.04125089943408966 0.02189752645790577 0.02683267556130886 -0.044718340039253235 0.04899623990058899 0.06878010928630829 0.06696155667304993 0.0625055804848671 -0.00075296382419765 -0.013131125830113888 -0.021558471024036407 0.05303037539124489 0.058508530259132385 -0.050648484379053116 -0.03121189773082733 -0.049705006182193756 -0.04678880050778389 -0.048848092555999756 0.07516220957040787 0.03399011865258217 0.037741098552942276 0.0446673259139061 -0.06840746104717255 0.07863705605268478 0.06781245768070221 0.04626672342419624 0.04471061751246452 0.0617227777838707 -0.03426847606897354 -0.0435519739985466 9.900664104917346e-40 -0.017096426337957382 5.7022926304892635e-39 -0.023905809968709946 0.05622068792581558 0.01877126842737198 0.016278697177767754 0.01268068514764309 1.0160534905126384e-39 0.0024636792950332165 -0.02215038426220417 0.0808972492814064 0.05480379983782768 0.007849198766052723 -0.021041985601186752 0.044538117945194244 2.9933764278154435e-38 0.05588388442993164 0.0531500019133091 0.2146250605583191 0.20587781071662903 -0.001233220100402832 0.02147609554231167 0.007281342055648565 6.296326871590447e-39 -0.5795751214027405 -0.2938747704029083 -0.14700926840305328 0.13864676654338837 -0.03941410779953003 0.1103454977273941 -0.041941750794649124 0.0213165245950222 0.03686191514134407 -0.002617258345708251 0.011966338381171227 0.05684047192335129 -0.017486345022916794 -0.003097957232967019 0.011667243205010891 -0.005025473888963461 0.016395719721913338 0.013501285575330257 -0.002375144511461258 0.005561287514865398 0.009271920658648014 -0.011341157369315624 -0.0061636497266590595 -0.016762595623731613 -0.006070547271519899 -0.0003204740642104298 0.029548320919275284 -0.023958059027791023 0.006793859414756298 0.00918817613273859 -0.00012388570758048445 -0.027191562578082085 -0.014499818906188011 0.017239000648260117 -0.026461269706487656 -0.009868288412690163 0.02084057591855526 0.0048036035150289536 -0.0013294513337314129 -0.027383510023355484 0.009400316514074802 -0.012247325852513313 0.028743552044034004 -0.0067098564468324184 -0.013322727754712105 -0.024114664644002914 0.009440029039978981 0.016292495653033257 -0.0342366062104702 -0.009605146013200283 -0.00431844824925065 0.02942866086959839 0.0017145671881735325 0.03218565508723259 -0.001998871099203825 -0.01786119118332863 0.031173765659332275 -0.024150371551513672 -0.010907113552093506 -0.000730578089132905 -0.008839195594191551 0.005044667050242424 -0.0034580158535391092 0.013716509565711021 0.0047356016002595425 -0.02839973196387291 0.01890563778579235 -0.024090584367513657 0.006861372850835323 -0.013716296292841434 0.03841480240225792 -6.105751681740736e-39 0.0012010934296995401 1.0701828475925774e-39 -0.04988400638103485 0.00016729667549952865 0.011282829567790031 -0.026466786861419678 -0.05410367250442505 3.6971712947705684e-38 0.03635712340474129 0.00042586683412082493 -0.0570596419274807 0.03196687251329422 0.0486433170735836 0.0033124960027635098 -0.018634939566254616 -8.374720142190837e-41 -0.043487850576639175 0.0164352860301733 -0.0654914379119873 -0.09705892205238342 -0.05892332270741463 -0.06251801550388336 0.060134995728731155 -3.6201270644229113e-39 0.09962480515241623 0.04136645048856735 -0.06885623186826706 -0.08481796830892563 0.06626927852630615 0.027360333129763603 -0.016985611990094185 0.05061839893460274 0.07082720845937729 -0.03623213246464729 0.07238549739122391 0.03196719288825989 -0.06906948983669281 -0.05589067190885544 -0.03376566991209984 -0.025128306820988655 -0.06920773535966873 0.09204728156328201 0.01851726323366165 -0.00952879711985588 0.026080405339598656 -0.008230099454522133 0.06142215058207512 0.05485999584197998 0.07999412715435028 0.08616829663515091 0.007763225119560957 -0.04949302598834038 0.09091819077730179 0.06752893328666687 0.02100902423262596 -0.04634596034884453 -0.02116408757865429 0.03983381390571594 0.04524517431855202 0.07164619863033295 0.016836903989315033 -0.06608689576387405 0.03420727327466011 0.04571954533457756 -0.01939150132238865 -0.060396984219551086 -0.040764909237623215 -0.036230817437171936 0.0009356292430311441 0.02729783207178116 0.02462152950465679 0.036293067038059235 0.025311557576060295 0.04162883758544922 -0.057780202478170395 -0.00022666112636215985 0.05179977789521217 -0.03294065594673157 -0.02328336238861084 -0.02088875323534012 0.07023438066244125 0.057170115411281586 0.019199874252080917 0.0201963409781456 -0.036421485245227814 -0.04113733395934105 -0.03015362098813057 -0.058680757880210876 -0.05617917329072952 0.0475507453083992 0.046988409012556076 -0.06271211057901382 0.0277437474578619 -0.0452549047768116 0.007054093759506941 -4.751908189910279e-39 0.020286783576011658 -2.7943614975747972e-39 0.02675998955965042 -0.01210932619869709 0.01562555506825447 -0.07621453702449799 0.010809223167598248 4.3246270647652845e-39 0.014852572232484818 0.0002219714515376836 -0.041541118174791336 0.007737829349935055 0.0196852944791317 0.037731438875198364 -0.0012453461531549692 6.192398169685333e-39 0.02694625034928322 -0.09914316982030869 -0.10762855410575867 -0.09969533979892731 -0.052565839141607285 -0.026674512773752213 -0.04719952121376991 -4.2601182899600915e-39 0.20935864746570587 0.07357726246118546 0.05338158458471298 -0.11453130096197128 0.0564192458987236 -0.0030031567439436913 -0.07176047563552856 -0.05923525243997574 -0.024093899875879288 0.06822904944419861 -0.04193888604640961 -0.06356893479824066 0.06110002472996712 0.03547088801860809 0.07489677518606186 0.02773236110806465 0.050339650362730026 0.007884545251727104 0.04975540190935135 0.025772903114557266 -0.05352842062711716 -0.022451136261224747 0.06687197834253311 -0.0056633311323821545 0.03628117963671684 0.013179326429963112 -0.053380925208330154 0.07431770116090775 -0.05322011932730675 0.07495319843292236 -0.06169259548187256 0.008426043204963207 -0.028413517400622368 0.028645774349570274 -0.0204942524433136 -0.015623848885297775 0.09115485846996307 0.05592091381549835 -0.05034547299146652 -0.008711155503988266 0.0652414858341217 0.03750937804579735 0.023413334041833878 -0.005627802573144436 -0.06888385117053986 0.013445773161947727 -0.010288184508681297 -0.03902870789170265 0.01682022586464882 -0.03659072890877724 0.014306110329926014 0.0029297417495399714 0.05451145023107529 -0.003199887927621603 -0.06358897686004639 0.08708895742893219 -0.04422987997531891 -0.05062195286154747 -0.05811718851327896 -0.009315908886492252 0.01745966263115406 0.004016547929495573 0.007425322663038969 -0.038656484335660934 0.036046210676431656 0.05848320201039314 -0.008486415259540081 -0.03391304612159729 -0.055855441838502884 0.04746602848172188 0.09361845999956131 1.1171151357597442e-39 -0.03450535610318184 -6.641299928836395e-40 -0.04959515854716301 0.02983066998422146 0.0008186417981050909 0.019031185656785965 -0.06879404932260513 5.6541342061658125e-39 0.10715191066265106 -0.06462573260068893 0.010818174108862877 0.05714036151766777 0.10696661472320557 -0.05282967910170555 -0.05638038367033005 -6.305253142808196e-39 -0.10449845343828201 0.053402431309223175 -0.12848885357379913 -0.08767151087522507 0.03974151611328125 -0.057710036635398865 0.08286381512880325 -5.024284177614951e-39 0.13057024776935577 0.01972460001707077 -0.06638175994157791 -0.01662730611860752 0.030614469200372696 -0.10682237893342972 0.017021803185343742 -0.04181850701570511 -0.03838571161031723 -0.04625895619392395 -0.021115530282258987 -0.024923231452703476 -0.05323467031121254 0.008222909644246101 -0.033336978405714035 0.053053367882966995 -0.0014595524407923222 0.10693877935409546 0.023605138063430786 0.0031234249472618103 0.0848589688539505 0.029912732541561127 0.0627235621213913 -0.058639612048864365 0.06360974907875061 -0.04086323082447052 0.13368786871433258 -0.023408779874444008 0.012777343392372131 0.05930188298225403 0.10801941156387329 -0.06858737021684647 0.08338738232851028 -0.050646401941776276 0.036981984972953796 0.056323155760765076 -0.0344875268638134 0.08266805112361908 0.07616633176803589 0.00232304516248405 -0.01189128402620554 0.0034580016508698463 -0.04059433937072754 0.03573418781161308 -0.02658991329371929 -0.01036527194082737 0.023102497681975365 0.07144628465175629 0.025738032534718513 0.07607962191104889 0.13193316757678986 0.04841415584087372 0.06064503639936447 0.029322924092411995 -0.022836359217762947 0.07295505702495575 -0.018329646438360214 -0.07729929685592651 0.0982842817902565 0.0833648219704628 -0.03731971234083176 -0.06778519600629807 0.06360947340726852 -0.050741784274578094 0.09174606204032898 -0.059432610869407654 -0.06345431506633759 0.04032137617468834 -0.01624622382223606 -0.025568243116140366 -0.05824859067797661 -4.717092929564129e-39 -0.06518352031707764 4.3057613835400795e-38 0.018784701824188232 0.008446313440799713 0.027285849675536156 0.02500850521028042 -0.02986518107354641 -1.9002966435754915e-39 -0.024814549833536148 -0.022262582555413246 -0.12163276970386505 -0.13093310594558716 -0.007062920369207859 -0.035029541701078415 0.032487668097019196 1.1617703139223831e-39 -0.002716699382290244 -0.04048824682831764 -0.09155461192131042 0.005147375166416168 0.014923127368092537 0.001238035736605525 0.03506957367062569 -2.401720470467912e-39 -0.4712572693824768 0.22630275785923004 0.4122718572616577 0.3179970383644104 0.029267918318510056 0.000856553262565285 0.009092045947909355 -0.0057579530403018 -0.0012933616526424885 0.015027452260255814 -0.03014875389635563 0.011978862807154655 0.035543620586395264 0.01100169401615858 0.03218362107872963 -0.013018027879297733 -0.03786719590425491 0.034492164850234985 0.03532574325799942 0.025324463844299316 0.01752283051609993 -0.01906650885939598 -0.0019883005879819393 0.02502559684216976 0.0006640924839302897 0.02649487555027008 -0.009571763686835766 -0.01392818707972765 -0.018781783059239388 0.024546219035983086 0.0019283040892332792 0.013852055184543133 0.0387541688978672 0.001068680896423757 0.027314769104123116 0.005028523970395327 -0.0023258940782397985 0.012085209600627422 -0.012710697948932648 0.012414777651429176 -0.0019994378089904785 0.01442154310643673 0.033214420080184937 0.010047458112239838 -0.013201061636209488 0.041037674993276596 -0.015843043103814125 0.029347630217671394 -0.0003048198122996837 -0.02098001539707184 0.023875854909420013 0.0012708129361271858 -0.0168303269892931 0.042997535318136215 0.02522185817360878 0.008553313091397285 0.03897678107023239 0.027929851785302162 0.01578039489686489 0.030230501666665077 0.013552411459386349 -0.02373817190527916 -0.017173053696751595 -0.001826964202336967 0.02351112850010395 0.022537628188729286 0.029464805498719215 0.01206484716385603 -0.014574282802641392 0.010199647396802902 0.005788949318230152 -5.143017597795657e-40 0.02081986516714096 -1.0000240373792268e-39 0.03607906401157379 -0.04424403980374336 -0.07157547026872635 -0.018832480534911156 0.021059352904558182 -3.132854950721707e-39 -0.0170989278703928 0.009604215621948242 0.033709969371557236 0.022164039313793182 0.025094859302043915 -0.009828661568462849 -0.013701952993869781 -5.609752281203717e-39 -0.05472535640001297 0.06195809319615364 -0.005513024982064962 -0.0683414489030838 0.024264274165034294 0.011771723628044128 -0.0020642292220145464 3.1170412975518015e-39 0.30403292179107666 0.07658953964710236 0.05144895985722542 -0.07003322243690491 -0.07549071311950684 0.05146585404872894 0.03709423914551735 0.042886748909950256 0.05880225822329521 0.05678897723555565 -0.014191783964633942 0.054617010056972504 -0.07321663200855255 -0.06592840701341629 -0.08899539709091187 0.02215464413166046 -0.06448134779930115 0.06397360563278198 -0.018430188298225403 0.014465668238699436 0.013448493555188179 -0.067594014108181 0.022771723568439484 0.04554014652967453 0.06069355458021164 -0.08013007789850235 0.02194763906300068 -0.07094421982765198 -0.03098788857460022 -0.011054339818656445 0.0013574251206591725 0.059409987181425095 0.04558619111776352 0.07362392544746399 0.05505557358264923 0.03748282045125961 0.009564481675624847 0.05604701116681099 0.0542634017765522 0.08344367891550064 0.043998803943395615 0.05623979493975639 0.06655354797840118 0.0345672145485878 -0.008486619219183922 0.08118163794279099 0.06305065751075745 0.07425488531589508 -0.0910366028547287 -0.03891393169760704 0.05519958212971687 -0.03150298446416855 -0.08132166415452957 0.07626239955425262 0.0005726706003770232 -0.08819117397069931 -0.08246750384569168 0.035586144775152206 0.017876220867037773 0.06603879481554031 0.016567667946219444 -0.07556486874818802 0.03183300793170929 0.06267102807760239 -0.014870692044496536 -0.0725770816206932 0.07454357296228409 -0.07430922240018845 0.036419134587049484 -0.0555957667529583 0.037826456129550934 3.893727786985403e-39 0.040428195148706436 4.063060693414414e-39 0.005419737193733454 -0.02822907455265522 0.07847873121500015 0.03241683542728424 -0.024784084409475327 -8.716216577946795e-41 0.009402753785252571 0.017847681418061256 0.03906221315264702 -0.008503706194460392 0.039295297116041183 0.02049896866083145 -0.01750243455171585 -1.4035771998355635e-37 -0.06800426542758942 0.06021585315465927 -0.08074329048395157 -0.0919167697429657 -0.029306834563612938 0.02730339765548706 -0.020797723904252052 -3.5860895247244615e-39 0.2098263055086136 0.07694825530052185 -0.01361099723726511 -0.08017350733280182 -0.05409466102719307 -0.01778603531420231 0.007151011377573013 0.057423826307058334 0.03171742707490921 0.05527029186487198 -0.029000958427786827 0.0376686230301857 0.01925567165017128 -0.059399113059043884 0.021955478936433792 0.0032314530108124018 0.013111373409628868 0.0443812720477581 0.06346108019351959 0.04076027870178223 -0.05512871593236923 -0.03441119194030762 -0.007157930638641119 -0.016362616792321205 0.06998967379331589 0.07397051155567169 0.017592933028936386 -0.06312131881713867 0.022149305790662766 0.0007612009067088366 -0.05208585038781166 0.06405343860387802 0.057149168103933334 0.060548074543476105 -0.039563391357660294 -0.04895457252860069 -0.013524487614631653 -0.030710220336914062 0.08432988077402115 -0.02063358761370182 0.06671497970819473 -0.06334822624921799 -0.056151337921619415 -0.054659489542245865 0.06577873975038528 -0.03698864206671715 -0.05141223594546318 -0.00916844978928566 0.04044298455119133 -0.04013913869857788 0.06215106323361397 0.052306339144706726 -0.057412780821323395 0.08518727123737335 -0.06828086823225021 0.06782329827547073 -0.03392254188656807 0.056536588817834854 0.02595115639269352 -0.0235348641872406 0.043824080377817154 -0.010508691892027855 0.025489933788776398 0.1020258367061615 0.037245314568281174 0.04609332233667374 0.08430654555559158 0.03772793337702751 -0.027125561609864235 -0.04073796048760414 0.041689176112413406 -9.597381078283526e-40 0.042143452912569046 6.550585471449863e-39 -0.046968404203653336 0.01920263096690178 -0.050112634897232056 0.02782616950571537 -0.07359355688095093 4.568950458512638e-39 0.020364811643958092 0.056976791471242905 0.0435326024889946 -0.014275403693318367 0.022753924131393433 0.013222876004874706 0.05684898793697357 3.111494958230004e-39 0.026704246178269386 0.02722703106701374 -0.04369748383760452 -0.09763970226049423 -0.0008421631064265966 -0.06057438626885414 -0.06994456797838211 4.389357244727841e-39 0.25102499127388 0.022465873509645462 0.01567992940545082 -0.024789977818727493 0.021397510543465614 -0.08900563418865204 0.02883761003613472 0.011660678312182426 0.05924174189567566 -0.06874199211597443 0.05508863180875778 -0.07132504880428314 0.08564192056655884 -0.04630435258150101 0.020517712458968163 -0.048324212431907654 0.06469862908124924 0.06645290553569794 0.03269262611865997 0.024478690698742867 0.052178528159856796 0.05906269699335098 -0.03341778367757797 0.08776235580444336 0.02335643768310547 -0.02889556810259819 0.09546369314193726 0.010949712246656418 -0.031252458691596985 -0.056215304881334305 0.09131211042404175 0.048450302332639694 -0.03871595859527588 0.07997217774391174 0.0194446612149477 -0.05665280297398567 -0.04990549758076668 0.04517414793372154 0.039870452135801315 0.08593852072954178 -0.026646625250577927 -0.04329759627580643 0.07174039632081985 0.08537423610687256 0.04522227495908737 -0.05305540934205055 -0.06540428102016449 -0.03877568617463112 -0.05351660028100014 0.04131851717829704 -0.04847189038991928 0.04945121333003044 -0.04386601224541664 -0.06938380002975464 -0.06663103401660919 0.06638624519109726 -0.05597681179642677 -0.0694303959608078 0.07039843499660492 -0.07256719470024109 0.024038348346948624 0.08571992069482803 0.0791943147778511 -0.009088095277547836 -0.013667050749063492 -0.07784189283847809 0.07419849187135696 0.06393531709909439 -0.03858808055520058 0.08418790251016617 0.09490342438220978 5.294163051456196e-39 -0.02514270693063736 -5.945223133563078e-39 0.005497276782989502 -0.03822905570268631 0.03186978027224541 0.0008535857195965946 -0.014874843880534172 -3.255893159784819e-39 0.001820308854803443 -0.0898142009973526 0.023123063147068024 0.019312413409352303 -0.14081387221813202 0.013127298094332218 -0.08257311582565308 -4.1763556742550756e-39 -0.041425757110118866 0.030100127682089806 -0.07069534808397293 -0.05402790755033493 0.03868322819471359 0.06263583153486252 0.07334454357624054 -6.77274732998392e-39 0.08886577188968658 -0.009559708647429943 0.015961896628141403 -0.024189075455069542 0.016392499208450317 -0.15118427574634552 -0.01922670193016529 0.07988975197076797 -0.04626151919364929 0.04551710560917854 0.004201401956379414 0.011465723626315594 0.011897101067006588 0.04960250481963158 0.014392415061593056 -0.0021187441889196634 -0.048844076693058014 0.05011429637670517 0.04859871417284012 0.05648069083690643 0.10242721438407898 0.0861339122056961 -0.0487847737967968 -0.029865792021155357 -0.0008136862888932228 -0.019294464960694313 0.09974699467420578 -0.02000027522444725 -0.00031141669023782015 -0.05149130895733833 0.05294995754957199 0.05697678402066231 0.07647254317998886 0.04637268930673599 0.03135368973016739 -0.05717896297574043 -0.02811921387910843 0.0353144034743309 -0.05381608009338379 0.0717281848192215 -0.0010857486631721258 -0.015343530103564262 0.003867450403049588 0.09834131598472595 0.10158053785562515 -0.032553527504205704 0.07196361571550369 0.019384024664759636 0.019611047580838203 -0.017795609310269356 -0.018020696938037872 -0.050277236849069595 -0.044440850615501404 0.08236823230981827 0.02116742543876171 -0.04653917998075485 0.005252563860267401 -0.05720639228820801 0.07985582947731018 0.04897429421544075 0.009828749112784863 0.03917283937335014 0.08192658424377441 0.08275314420461655 0.07891838997602463 0.005557721946388483 -0.03345359489321709 0.043373581022024155 -0.039048682898283005 -0.05687129124999046 -0.0481778047978878 7.929807879767707e-40 0.009630429558455944 -5.234322001835669e-39 0.011737290769815445 -0.006765978876501322 -0.043910060077905655 0.06286170333623886 -0.020646849647164345 -3.414700913448286e-39 0.10501383244991302 -0.028057705610990524 -0.055359553545713425 -0.039917632937431335 0.090695321559906 0.031769655644893646 0.013623345643281937 1.7007811695233883e-39 0.015047947876155376 -0.024425456300377846 -0.10109318792819977 -0.05320221185684204 -0.02333393320441246 -0.03746882826089859 0.04954257234930992 2.038838818847893e-39 0.13739091157913208 0.020641550421714783 -0.029261603951454163 -0.04729887470602989 0.031096814200282097 -0.08533968031406403 -0.019477326422929764 0.06531636416912079 -0.0124363387003541 -0.018308591097593307 -0.005737305153161287 -0.016228551045060158 -0.060499489307403564 -0.010680156759917736 -0.013378901407122612 0.0515899695456028 0.06739921122789383 -0.023675471544265747 -0.04954380914568901 0.0836731493473053 -0.03172224760055542 -0.03519807755947113 -0.04191945493221283 -0.060098983347415924 0.07718560099601746 0.0919819325208664 -0.057760898023843765 -0.008632251992821693 0.10552427172660828 -0.07083812355995178 0.05974765494465828 0.031094025820493698 0.0300778578966856 0.0156937874853611 -0.06693967431783676 -0.013733361847698689 -0.08081339299678802 -0.029508601874113083 0.043809596449136734 0.04397181421518326 0.01816251501441002 0.03860022872686386 0.010008036158978939 -0.01861666887998581 -0.0184815414249897 0.05948289483785629 0.02547047659754753 -0.023133955895900726 0.03536494821310043 -0.0005906170699745417 0.017937414348125458 -0.006703928112983704 0.05443177744746208 0.0821494460105896 0.07293395698070526 0.07284849882125854 0.08079797774553299 0.06523037701845169 0.07069644331932068 0.022952936589717865 -0.04831414669752121 -0.06786008924245834 -0.01928417757153511 -0.038476865738630295 -0.056231413036584854 -0.06070221960544586 -0.006281714420765638 0.03755020722746849 0.03460109606385231 -0.0028228445444256067 -0.01171818282455206 -3.850429065736231e-39 0.013987510465085506 -2.8965680036672564e-40 -0.0556350015103817 -0.043705135583877563 0.016875023022294044 -0.0703653022646904 -0.05178963392972946 -4.524829175064907e-39 -0.08307697623968124 0.021201929077506065 -0.04696308821439743 -0.006386411841958761 -0.005505325738340616 0.07324844598770142 0.006395536474883556 7.993006440508757e-42 0.06093614175915718 -0.0248536579310894 -0.0018802196718752384 0.0023507256992161274 0.01088385097682476 -0.00033538840943947434 -0.07193639129400253 5.828967209067298e-40 0.15028350055217743 0.03377266973257065 0.06328762322664261 -0.032107915729284286 0.1041044220328331 -0.000167832215083763 -0.050889018923044205 0.008205198682844639 -0.05188411474227905 -0.012951027601957321 0.05920134112238884 -0.03867378085851669 -0.005681848619133234 0.07956185191869736 -0.023340288549661636 0.04848756268620491 -0.020063690841197968 -0.014825914986431599 0.039086539298295975 -0.05271776393055916 -0.07255464047193527 0.04012014716863632 0.01882632076740265 -0.023690132424235344 0.029452424496412277 0.04044375196099281 0.0829520896077156 0.01687784492969513 -0.012833872810006142 0.0379147008061409 0.02532746084034443 -0.028488868847489357 -0.05683601647615433 -0.018793074414134026 0.016468770802021027 0.03384356200695038 0.10000006854534149 -0.032570213079452515 -0.04911180958151817 0.027209263294935226 0.020050838589668274 -0.06586343050003052 0.03664400801062584 0.08126433193683624 0.02227654866874218 -0.03040516935288906 0.057002387940883636 0.04663490131497383 0.06806542724370956 -0.018119804561138153 0.04472507908940315 -0.0028484079521149397 0.02154580131173134 -0.058487407863140106 -0.031103670597076416 0.03923897445201874 0.07727992534637451 -0.056513357907533646 0.022243337705731392 0.015953198075294495 0.0732286274433136 -0.051472775638103485 0.08219225704669952 -0.036313991993665695 0.018804118037223816 0.027168743312358856 0.04075157642364502 -0.030096009373664856 -0.052082762122154236 -0.053407154977321625 0.0036849956959486008 -3.0773565250421226e-39 0.007655242923647165 -6.931613938182889e-39 0.0041768671944737434 0.015369840897619724 -0.10819896310567856 -0.08906784653663635 -0.01909828372299671 -4.6703133829295736e-39 0.03414786979556084 0.09952192008495331 0.08726228773593903 0.0892629325389862 0.05187038704752922 -0.051879141479730606 -0.04940374940633774 -4.974957070372253e-39 0.05685373395681381 0.024011919274926186 0.08080410957336426 0.06235093995928764 0.13292591273784637 -0.01072705164551735 -0.04587189480662346 -3.0973740736050027e-40 -0.05224653705954552 0.11052682250738144 0.10053468495607376 -0.049541622400283813 0.07548762112855911 0.022554006427526474 -0.043790869414806366 -0.026385635137557983 -0.011324509046971798 -0.010695967823266983 -0.004559745080769062 -0.01952314004302025 -0.0397530272603035 -0.02238164097070694 -0.09002404659986496 0.024124059826135635 -0.022984391078352928 0.0027532419189810753 -0.07728135585784912 0.01794031634926796 0.041692718863487244 -0.0288708433508873 0.035213325172662735 -0.042337168008089066 0.03203969821333885 0.021832933649420738 0.0054290019907057285 0.017049847170710564 0.04897987097501755 -0.04261033982038498 0.0015655799070373178 0.025719691067934036 0.010552759282290936 -0.020420370623469353 0.043052688241004944 -0.024914294481277466 -0.08607659488916397 0.03929949551820755 -0.017987649887800217 -0.043489303439855576 0.016937565058469772 0.0356152169406414 0.04961886256933212 0.0374302864074707 0.0015133376000449061 -0.026274867355823517 0.060250941663980484 0.02054377645254135 -0.056278061121702194 0.004668854176998138 0.012553675100207329 0.03998824208974838 0.027793655171990395 -0.02821355126798153 -0.0058138323947787285 0.05579972639679909 0.007434220984578133 -0.036123231053352356 0.05764688551425934 -0.01534505095332861 0.017696142196655273 0.015526305884122849 -0.022280395030975342 0.007924308069050312 -0.012645482085645199 -0.022368235513567924 0.017389321699738503 0.05403595790266991 0.06182156130671501 0.03684544190764427 -0.0028241993859410286 1.312742006573346e-39 0.028855035081505775 5.475712477897191e-39 0.03460590913891792 0.025554532185196877 0.05754285305738449 -0.1027638167142868 -0.0555582232773304 -2.359139214032474e-39 -0.1461983323097229 0.005087452940642834 -0.10820011794567108 0.00939894001930952 -0.015339751727879047 0.033013228327035904 0.09538259357213974 -7.249967929800522e-40 0.041058462113142014 0.06433699280023575 -0.05664004385471344 -0.05964843928813934 -0.010485355742275715 0.04799296334385872 0.059456855058670044 2.5571412857431062e-39 0.22476136684417725 0.05001242831349373 0.04183730110526085 -0.06217668950557709 -0.047639455646276474 0.10744322091341019 -0.11704278737306595 -0.02362043783068657 -0.07665456831455231 -0.013304594904184341 -0.07551085203886032 0.019349640235304832 0.07348313927650452 -0.005566047970205545 0.05926884710788727 0.015411363914608955 -0.024350455030798912 0.05149121209979057 0.0537533275783062 0.013991604559123516 0.01833583600819111 -0.020718952640891075 0.05022887885570526 0.021918002516031265 -0.04939526319503784 0.02278735861182213 0.010101155377924442 0.06442467868328094 0.020111098885536194 0.0015107379294931889 0.05984778702259064 0.04871910810470581 0.005030072759836912 -0.009133652783930302 -0.026441875845193863 -0.013869274407625198 0.10913444310426712 -0.040173131972551346 0.02500068210065365 0.0164509117603302 -0.02675808034837246 0.05712053179740906 0.045532915741205215 -0.032531801611185074 0.010420569218695164 -0.06340695172548294 0.007103556301444769 0.05674220249056816 -0.04252912849187851 -0.03140368312597275 0.10745026171207428 -0.023362280800938606 -0.019032428041100502 0.03977030888199806 0.010533684864640236 -0.03786176070570946 -0.056669093668460846 0.023244794458150864 0.03759024664759636 0.03936707228422165 -0.014644326642155647 0.004536994732916355 0.04277271777391434 0.05854399874806404 -0.029052171856164932 -0.02973991259932518 0.002172996522858739 0.06519479304552078 0.08103062212467194 0.052748002111911774 0.019489428028464317 3.7889218722416215e-39 -0.006592551711946726 5.1730278057076374e-39 0.04834653437137604 0.025223510339856148 -0.07133843004703522 0.007853277958929539 0.01667916402220726 6.360886093140356e-39 -0.05565934628248215 -0.0006768503226339817 -0.004637240897864103 0.08130382001399994 0.02427871711552143 0.008387616835534573 -0.014132088050246239 -1.770883927798166e-39 -0.042569849640131 0.07955758273601532 -0.03879457339644432 -0.010536612942814827 0.03826611116528511 -0.11776599287986755 -0.019197572022676468 3.6464784820445395e-39 0.2490100860595703 0.011756091378629208 0.03965206444263458 -0.04515153914690018 4.421322955749929e-05 -0.01593967340886593 0.050572462379932404 0.08412014693021774 0.02551482990384102 -0.06342211365699768 0.05885404348373413 0.07986930757761002 -0.017994197085499763 0.026021769270300865 -0.07042215764522552 0.07205310463905334 -0.034542515873909 -0.014990889467298985 0.008988074027001858 -0.07967405766248703 -0.03676927462220192 -0.06952480226755142 -0.05956149473786354 0.024217111989855766 -0.07052899152040482 -0.03315991163253784 0.029897386208176613 0.04475460201501846 0.06953700631856918 0.07846325635910034 -0.045115478336811066 -0.03272774815559387 -0.05334065854549408 0.07637985050678253 0.05829409509897232 -0.021406902000308037 0.09681615978479385 0.05720549076795578 0.046043939888477325 0.02143072336912155 -0.014621084555983543 -0.032250385731458664 0.07846628129482269 -0.0561157763004303 0.015474537387490273 0.057024143636226654 0.05233122780919075 0.0688343197107315 -0.037284888327121735 0.035335611552000046 0.0794220045208931 0.05147230252623558 0.0751495510339737 -0.06532513350248337 -0.053877152502536774 -0.06967394053936005 0.018838878720998764 -0.0480806827545166 -0.028126990422606468 -0.011122885160148144 -0.02092808298766613 -0.034002214670181274 -0.047794342041015625 -0.024965407326817513 0.09369231760501862 -0.040801044553518295 -0.06819717586040497 -0.04017329216003418 -0.008322709240019321 0.02236376702785492 -0.06523506343364716 -2.7741673854054123e-39 -0.0336102694272995 1.343653249397887e-39 -0.008973659947514534 0.05571351572871208 0.009942403063178062 0.010575979948043823 0.07553327828645706 -1.7744684492699088e-39 -0.034797102212905884 -0.0329107902944088 -0.0425662025809288 0.01562151126563549 -0.030825195834040642 -0.02325267530977726 0.03445718437433243 -5.676601224444332e-39 -0.018565991893410683 -0.013659014366567135 -0.08279971778392792 -0.07350918650627136 0.053155168890953064 0.022843319922685623 0.043492406606674194 -5.1694909283836816e-39 0.27041587233543396 0.07285051792860031 0.05213174223899841 -0.03796709328889847 -0.04488074406981468 -0.008468321524560452 -0.024980725720524788 -0.06322357058525085 -0.07021098583936691 0.0026107917074114084 -0.06597521156072617 -0.07036785036325455 0.05802305415272713 0.06716864556074142 0.0882609635591507 -0.08595485240221024 0.04694000259041786 -0.09148768335580826 0.047001972794532776 0.10170690715312958 0.06963647156953812 0.07563979923725128 -0.022288061678409576 -0.054349396377801895 0.028046393766999245 0.04000973701477051 -0.010134666226804256 -0.04874180257320404 0.07943540066480637 -0.042015429586172104 -0.07322369515895844 -0.053367506712675095 0.03743116185069084 -0.06275754421949387 0.05827135220170021 0.055169202387332916 -0.07520486414432526 -0.0740564614534378 -0.055559854954481125 0.05199436843395233 0.08972570300102234 0.06019441410899162 -0.002965469378978014 0.027687201276421547 0.026890385895967484 0.09690350294113159 0.06717988848686218 -0.08888404071331024 -0.08644906431436539 0.0028761187568306923 -0.05976809933781624 0.060203731060028076 0.05417122691869736 0.06233716756105423 -0.09465186297893524 0.013336338102817535 0.090022511780262 0.037340372800827026 0.08017683774232864 0.07261539250612259 0.0350453220307827 -0.081684410572052 0.040300462394952774 0.01657654531300068 -0.0693499818444252 0.06337431073188782 -0.02527354098856449 -0.08426110446453094 -0.040228892117738724 0.08300720155239105 0.005828181281685829 5.7875139978956416e-39 0.043677832931280136 2.5691840447455137e-39 -0.0129072405397892 0.036848653107881546 0.004855769220739603 0.05739615857601166 -0.0037530199624598026 -3.1086506026071173e-38 -0.04688021540641785 -0.014147166162729263 -0.027236944064497948 -0.011590060777962208 -0.0015243572415784001 -0.06806386262178421 -0.12639035284519196 2.2653559130090712e-38 -0.03451862931251526 -0.03926582261919975 -0.05002060532569885 -0.13788655400276184 -0.007628289517015219 0.054271116852760315 0.06414029747247696 -3.199451660238744e-39 0.20546191930770874 0.018504749983549118 0.006523245479911566 -0.06022125110030174 -0.008657806552946568 -0.012670003809034824 0.038733623921871185 -0.053380876779556274 0.01968587189912796 0.008002877235412598 0.07981567084789276 -0.04462818428874016 0.03663408383727074 0.012208506464958191 0.03276890143752098 0.06309269368648529 0.05319339036941528 0.04913489148020744 -0.00916283018887043 -0.009243762120604515 0.05780152231454849 -0.006533161271363497 -0.04277560114860535 -0.04307989031076431 0.02977902814745903 -0.0006399665726348758 0.048958126455545425 0.0761331245303154 -0.05549238622188568 0.062201835215091705 -0.009696435183286667 0.027078168466687202 0.013136828318238258 0.049397245049476624 -0.02794904261827469 -0.06117275729775429 0.08685325086116791 0.07217992097139359 0.01791117526590824 0.015039634890854359 -0.032508715987205505 -0.0670284628868103 -0.029364531859755516 0.07114224880933762 0.058791033923625946 0.005614257417619228 0.03327890858054161 -0.03774957358837128 0.06808668375015259 -0.050988174974918365 0.04708097130060196 -0.017609626054763794 0.038104888051748276 -0.057581715285778046 -0.04148845002055168 -0.045999594032764435 0.03972432389855385 -0.042739562690258026 -0.010543012991547585 0.013770013116300106 0.06108013913035393 -0.063895083963871 0.04890347644686699 0.0430249348282814 0.07304263114929199 0.044278740882873535 -0.04579809308052063 0.07044466584920883 0.07928082346916199 0.03965136408805847 -0.027085918933153152 1.7220189687890024e-38 0.013577080331742764 2.3363709165841243e-39 -0.0045896596275269985 0.017885837703943253 0.06092206761240959 -0.0647868886590004 -0.0015914253890514374 -1.3422925885890277e-39 -0.031004970893263817 -0.01298224925994873 0.00862094946205616 0.012591375969350338 0.04576879367232323 0.002507089637219906 -0.08085501194000244 -1.7338882470415265e-39 0.006338360719382763 -0.03327326104044914 -0.03848212957382202 -0.030442137271165848 0.06370919197797775 -0.04487594589591026 0.04423496872186661 -2.3704799225042546e-39 0.35262951254844666 0.05416392534971237 0.0932338535785675 0.008326404727995396 -0.08383946865797043 -0.013000769540667534 0.03023618645966053 0.10434511303901672 -0.06040021404623985 -0.09401319921016693 0.02428983524441719 0.07204779982566833 -0.06756013631820679 0.0805816501379013 0.02518107183277607 0.034315671771764755 0.041932713240385056 0.0188454482704401 -0.012787217274308205 0.03795108571648598 -0.03682431951165199 -0.08496349304914474 0.042705364525318146 0.03994997963309288 -0.03167816624045372 -0.04695652425289154 0.052913397550582886 0.006726497318595648 -0.045225322246551514 0.10497118532657623 0.036136072129011154 0.08239112794399261 0.02361922338604927 0.026756446808576584 -0.008349866606295109 -0.009225176647305489 -0.04516024887561798 0.04907204210758209 0.06314387172460556 0.04872923344373703 0.038684699684381485 0.04871455952525139 0.019820090383291245 -0.04620390385389328 -0.04990343376994133 0.06683549284934998 0.019356392323970795 0.05322572588920593 0.04731752350926399 -0.07675893604755402 0.028523830696940422 0.04922647774219513 -0.0024322401732206345 -0.1091291680932045 -0.0122690349817276 0.08311258256435394 0.02987498603761196 -0.07475218921899796 -0.03847150504589081 0.03404511511325836 0.05209020897746086 -0.053108274936676025 -0.03879252076148987 0.1034729927778244 -0.07658633589744568 -0.105242058634758 0.11450975388288498 -0.11202867329120636 0.0717921033501625 -0.0869993194937706 0.013273772783577442 3.724216915651423e-39 -0.062005411833524704 -5.889249667704088e-39 0.01517156045883894 -0.05744456499814987 0.06428389251232147 0.037067025899887085 0.09543022513389587 -4.1981416614799335e-39 0.07942584156990051 -0.032464008778333664 0.04011349752545357 -0.03737246245145798 0.03214997798204422 -0.1179787665605545 0.03007286600768566 -4.198640523733233e-40 0.06634018570184708 -0.0046075633727014065 -0.020230542868375778 0.03670370206236839 -0.06312411278486252 -0.02152937836945057 -0.04686250165104866 -2.1114541052692052e-39 0.2742632031440735 0.10205559432506561 0.04164927080273628 0.0606900118291378 -0.026688653975725174 0.0520731545984745 -0.0066927592270076275 0.03904975578188896 -0.038752831518650055 0.06643564254045486 0.06522098183631897 -0.007742340210825205 -0.06574257463216782 -0.05830911919474602 0.05134258419275284 0.01681576669216156 -0.08675051480531693 -0.07462769746780396 -0.009434550069272518 -0.08086075633764267 0.08791080862283707 -0.05496019497513771 0.019233975559473038 -0.017454130575060844 0.090596504509449 -0.0004906943067908287 -0.0024495930410921574 0.042953312397003174 0.055205896496772766 -0.02848164550960064 0.015283994376659393 -0.04579858481884003 0.09888652712106705 0.014396216720342636 -0.07811486721038818 -0.012862024828791618 0.045380398631095886 0.06331155449151993 -0.015637915581464767 0.030510617420077324 0.055609118193387985 0.0639818012714386 -0.013886133208870888 -0.002306342590600252 0.02902321331202984 0.014270184561610222 -0.005121625494211912 -0.013285405933856964 0.045905373990535736 0.060226019471883774 0.01622069999575615 -0.06785563379526138 0.06254317611455917 0.034195683896541595 -0.07672632485628128 0.04182497039437294 -0.0728100836277008 0.023422572761774063 0.029334019869565964 -0.042480263859033585 -0.024248510599136353 0.025777481496334076 -0.0575757697224617 0.03018389828503132 0.043814580887556076 -0.009619079530239105 0.04353455826640129 -0.021109290421009064 0.05564786493778229 0.012500502169132233 -0.05241664499044418 -5.286827253995456e-39 -0.025530962273478508 -6.914261659299155e-39 -0.00017695571295917034 0.018109308555722237 0.014741097576916218 -0.09735208749771118 -0.07925988733768463 1.9001579150275233e-38 -0.10432958602905273 -0.017743371427059174 -0.07405789196491241 0.013491560705006123 0.00075261399615556 -0.014696488156914711 -0.0073818182572722435 1.644687191996466e-39 0.045504648238420486 -0.008390776813030243 -0.10695818066596985 -0.08417152613401413 0.019017988815903664 0.01280262041836977 -0.0019507014658302069 -4.243989344635713e-39 0.1602342277765274 0.041469279676675797 -0.003312160028144717 -0.06349140405654907 0.039964709430933 -0.04532180353999138 -0.051837291568517685 0.024347353726625443 0.058956123888492584 -0.01706935465335846 -0.06647350639104843 0.06590430438518524 -0.02915516123175621 0.02821258269250393 -0.04807308688759804 -0.05276666581630707 0.03910621628165245 -0.06327342987060547 -0.01042361930012703 -0.010365867055952549 0.003143440233543515 -0.01503667887300253 0.05745449289679527 0.028433499857783318 -0.034202124923467636 0.0241349209100008 0.013278140686452389 0.021120615303516388 -0.029743650928139687 -0.07163260877132416 0.07943793386220932 0.03788169473409653 0.046947043389081955 -0.010065904818475246 0.019577346742153168 0.10330478847026825 -0.040475912392139435 0.031328991055488586 -0.007710297126322985 -0.00980385486036539 -0.016079416498541832 0.0450579971075058 -0.08265310525894165 -0.04284338280558586 -6.968452362343669e-05 0.04173384606838226 -0.07848960161209106 0.00046674039913341403 0.0864526629447937 0.03149127960205078 -0.053442202508449554 0.00038663047598674893 -0.023692548274993896 -0.00375802512280643 -0.01588483527302742 -0.014923659153282642 0.08634591102600098 0.061961617320775986 -0.04686873033642769 0.05389326065778732 -0.021093126386404037 -0.07394564151763916 0.09389340132474899 -0.046379249542951584 0.039390698075294495 -0.08176101744174957 0.006264675874263048 0.06265806406736374 0.09047618508338928 0.03906489536166191 0.0207352451980114 -2.4202386296739646e-39 0.04251426085829735 -2.231614047286594e-39 -0.01590314880013466 -0.017202669754624367 -0.08388372510671616 -0.025562183931469917 -0.009609210304915905 -5.990056276630686e-39 -0.06144031509757042 0.03887081891298294 -0.04223767668008804 -0.015427752397954464 0.09275192022323608 -0.04717300832271576 0.07331301271915436 -5.070238359454019e-39 0.003219161881133914 -0.03056417964398861 -0.10556890815496445 -0.08209136128425598 0.04988512769341469 -0.022587167099118233 -0.031804561614990234 -4.8743060055751945e-39 0.23488901555538177 0.04758553206920624 0.12271681427955627 -0.046592358499765396 0.052524808794260025 -0.0435749851167202 -0.023652924224734306 0.024166930466890335 -0.03632175922393799 -0.03412257879972458 -0.0688585564494133 -0.04514267295598984 0.03876867517828941 -0.0226521585136652 -0.06560272723436356 -0.07291755825281143 0.026286805048584938 0.07736305147409439 -0.02512061595916748 -0.0752594992518425 -0.053967319428920746 0.08763103932142258 -0.03654853627085686 0.05938486009836197 0.05939030274748802 0.032220259308815 0.06354149430990219 0.03765471652150154 0.099424809217453 0.034823011606931686 0.010569964535534382 0.05149766802787781 0.0520457848906517 0.027127305045723915 0.029413698241114616 -0.009828069247305393 0.08775847405195236 -0.06572966277599335 -0.07485503703355789 0.030541183426976204 0.014971566386520863 0.04656468331813812 -0.008152144029736519 0.03865665942430496 0.018598396331071854 -0.011361312121152878 -0.0614587664604187 0.04034674912691116 0.04840901121497154 -0.0801667720079422 0.09015017747879028 0.008710703812539577 0.016660572960972786 0.02658102661371231 0.09896820783615112 0.025082161650061607 -0.04489274322986603 -0.050606869161129 0.045167550444602966 -0.03930072486400604 0.009774623438715935 0.05182066559791565 -0.09737369418144226 0.05493972450494766 0.060996875166893005 -0.07867999374866486 0.006120753474533558 0.08017993718385696 0.07517977058887482 -0.07399209588766098 0.014026869088411331 -1.086463021047226e-37 -0.04948055371642113 -7.570576610647255e-38 -0.0487099327147007 0.015459503047168255 0.048575259745121 -0.012593263760209084 0.06402391195297241 9.978814520272741e-40 0.06819012016057968 -0.02024107240140438 -0.020942384377121925 -0.014853592962026596 -0.07681375741958618 -0.06269603967666626 -0.014219318516552448 -2.6071729658536666e-38 -0.012355548329651356 0.000130118103697896 0.0009140634210780263 0.01754985935986042 0.04119880497455597 -0.03306460753083229 0.006411847658455372 2.1429936903251496e-38 0.14735019207000732 0.01800580881536007 0.07009303569793701 -0.060964349657297134 -0.039750102907419205 -0.045711860060691833 -0.0989290177822113 -0.018526090309023857 0.07626437395811081 -0.048786673694849014 0.03766155615448952 -0.03362848609685898 0.06302694976329803 0.03425735607743263 0.07958776503801346 -0.0472828671336174 -0.02994123473763466 0.08350294083356857 -0.04267674311995506 -0.014489495195448399 0.0029849479906260967 -0.031074434518814087 0.02757066860795021 -0.03638625890016556 0.0013043327489867806 0.08094589412212372 -0.01053371001034975 0.009677743539214134 0.0948530063033104 0.0066392067819833755 -0.011068697087466717 0.0723346620798111 0.07984520494937897 -0.0074849240481853485 -0.0032156819943338633 -0.00802753958851099 0.005465787369757891 -0.02652454748749733 0.0019282263237982988 -0.027715984731912613 0.07585910707712173 -0.013705532997846603 0.10431355237960815 -0.02377130091190338 0.07949083298444748 -0.0480814166367054 -0.04107130691409111 -0.01773609220981598 -0.010409816168248653 -0.019313134253025055 0.04674486815929413 -0.018615957349538803 0.04100547358393669 -0.0095117948949337 0.021120859310030937 -0.0007313331007026136 -0.03136344999074936 0.0019281369168311357 0.04671083390712738 -0.029633009806275368 -0.029001958668231964 -0.02323267236351967 -0.026187455281615257 0.08115408569574356 0.07650867104530334 -0.034243084490299225 0.08863545209169388 0.007065983954817057 0.08236503601074219 0.06979212164878845 0.05755461007356644 -7.045613772151106e-39 0.001855181180872023 -4.364175911323924e-39 -0.004366875626146793 -0.01987847313284874 -0.015971286222338676 0.02325749397277832 0.022938530892133713 4.464501874877259e-39 -0.046176765114068985 0.04088738188147545 0.03119938261806965 0.025511106476187706 0.02059241011738777 -0.00020184234017506242 0.06987996399402618 4.349720116365949e-38 0.043825313448905945 -0.1072157770395279 -0.06553441286087036 -0.08445869386196136 -0.03986067324876785 -0.019147932529449463 -0.05265317112207413 7.97770426127833e-40 0.1360710859298706 0.03006312996149063 -0.028385622426867485 -0.012491420842707157 0.06644339114427567 0.025971252471208572 0.0004716680268757045 0.039153214544057846 0.013887830078601837 0.046287745237350464 -0.0036770347505807877 0.005295283626765013 0.04173868149518967 -0.05459452420473099 0.05490132421255112 0.00831324327737093 0.05239371210336685 -0.04494702070951462 -0.006290672346949577 -0.0341658852994442 0.036844830960035324 -0.0029871438164263964 0.02164481207728386 0.04932643473148346 -0.005629036109894514 -0.038882095366716385 0.005422854330390692 0.04278040677309036 0.029135804623365402 -0.050748735666275024 0.015352479182183743 0.006542373448610306 0.004244420677423477 -0.02756950445473194 0.004011441487818956 0.04347085952758789 0.0539412684738636 -0.00441388925537467 0.02189827151596546 -0.03872033953666687 -0.03539761155843735 -0.05569403991103172 -0.014008106663823128 0.007499647326767445 0.0069934306666255 0.00935299415141344 0.06097418814897537 0.0053818440064787865 0.013029971159994602 0.025078125298023224 0.04354509711265564 0.022858019918203354 0.04737670347094536 0.00624838937073946 -0.05792652815580368 0.0002008372248383239 -0.04628975689411163 0.03526846319437027 -0.04132966324687004 0.06518453359603882 -0.01024241279810667 0.006370920687913895 -0.003970165271311998 -0.04216763377189636 -0.02216445468366146 -0.025854939594864845 0.02917066030204296 -0.05216415971517563 -0.032341521233320236 0.021715745329856873 0.01206169929355383 2.447083304355035e-39 -0.014154146425426006 -5.6549189333058344e-39 -0.02114149183034897 -0.01769839972257614 -0.006284434348344803 -0.05668552964925766 -0.06622140854597092 3.614647987427401e-39 0.01488310657441616 0.017372125759720802 -0.007722635753452778 0.013705892488360405 0.023762892931699753 0.05337614566087723 0.08092034608125687 -6.495901200178052e-40 -0.016977393999695778 0.02089315839111805 -0.05511127784848213 -0.0225025974214077 0.028545934706926346 -0.10208049416542053 -0.05863586813211441 1.9231013747839135e-39 0.05432144179940224 -0.016032081097364426 -0.02939058654010296 -0.05486169829964638 0.06563284248113632 -0.05094064027070999 -0.05300294980406761 0.05910380557179451 -0.033509887754917145 0.060678478330373764 0.044984277337789536 0.007018530275672674 -0.03749091178178787 -0.039398130029439926 -0.018801754340529442 -0.027239682152867317 0.014369916170835495 -0.020023291930556297 -0.019695762544870377 -0.004185684956610203 0.015311080031096935 0.03233921900391579 -0.01940719597041607 0.015318413265049458 -0.014324151910841465 0.06574904918670654 -0.008216358721256256 0.013245346955955029 -0.0012412029318511486 -0.0347587913274765 0.05043020844459534 0.007496226578950882 0.015454864129424095 -0.007404602598398924 -0.059275612235069275 -0.03705420717597008 -0.039830658584833145 0.0022537221666425467 -0.028517987579107285 0.014346002601087093 -0.03499501571059227 0.04055742174386978 0.07587762176990509 0.031858526170253754 -0.03504035994410515 -0.029437197372317314 0.04515305161476135 -0.006236236542463303 -0.034836675971746445 0.010167590342462063 0.050820812582969666 0.03902975097298622 -0.012924223206937313 0.06775742769241333 0.03787560388445854 -0.019497454166412354 0.025320515036582947 -0.016228176653385162 -0.038550958037376404 0.001161040272563696 0.02581152133643627 -0.0458214208483696 -0.030375750735402107 -0.02091575600206852 0.03268146887421608 0.011084897443652153 0.06311521679162979 -0.026835964992642403 -0.0347282737493515 0.0578305646777153 0.07149843126535416 -2.779925320795323e-39 0.015019682236015797 2.4362877009858767e-39 -0.032834336161613464 -0.01758495718240738 0.04446223005652428 -0.07228726893663406 -0.0222686305642128 2.436185406197981e-39 -0.06387083232402802 0.011398650705814362 -0.03267592936754227 0.002364302985370159 -0.05872334912419319 -0.0016579530201852322 -0.008782611228525639 -6.166905748022336e-39 0.050445228815078735 -0.01745346188545227 -0.007047730498015881 -0.013569192960858345 -0.02774757333099842 0.038813333958387375 0.0057844603434205055 4.6350062668224455e-39 0.06818824261426926 -0.019008781760931015 0.0142635777592659 0.011027445085346699 -0.00308854877948761 0.04547998309135437 0.028607279062271118 0.04746485501527786 -0.024747058749198914 -0.031160099431872368 -0.01291514653712511 -0.009950309060513973 -0.012661861255764961 0.002893101889640093 0.054759979248046875 -0.00600450811907649 -0.02814341150224209 -0.007481526117771864 0.014228648506104946 -0.028294004499912262 0.03343258798122406 -0.020370738580822945 0.00430142180994153 0.028427228331565857 -0.023737328127026558 0.015047571621835232 0.05197839438915253 -0.025785628706216812 -0.02199002355337143 0.012585709802806377 0.008644260466098785 0.021464131772518158 -0.019621657207608223 0.05003250017762184 0.05237848684191704 -0.023578990250825882 0.061664193868637085 0.03295360133051872 0.03409363329410553 -0.03026171401143074 -0.025498902425169945 0.036399729549884796 0.04711011052131653 -0.007471080403774977 -0.015484261326491833 0.04262261092662811 -0.019948378205299377 0.03619783744215965 -0.028981678187847137 0.022417986765503883 -0.018153494223952293 -0.017721395939588547 0.04937926307320595 0.0668005719780922 -0.005246228072792292 -0.022948119789361954 -0.02547352947294712 -0.021380936726927757 0.04526754841208458 0.06506666541099548 0.04026764631271362 0.060719434171915054 0.0333898700773716 0.0195987019687891 0.02782585471868515 0.029083533212542534 -0.02019423618912697 0.053009651601314545 0.007981540635228157 -0.034448228776454926 -0.013189148157835007 -5.7964570846949626e-39 0.0020138106774538755 -3.386719785712648e-39 -0.03467956930398941 -0.019842589274048805 0.028941495344042778 -0.02987872064113617 -0.024231577292084694 -3.678324390944785e-39 -0.07054631412029266 0.04117583855986595 -0.017427338287234306 0.006719700992107391 0.03095095045864582 -0.015129663981497288 0.008587674237787724 3.558402669666332e-39 -0.015269391238689423 -0.01805756613612175 -0.0007996499771252275 -0.021335501223802567 -0.040350157767534256 -0.00031568744452670217 0.028770802542567253 4.729385119693186e-39 0.06778516620397568 -0.020118512213230133 0.0757768303155899 -0.06132220849394798 0.05363692343235016 -0.0385538674890995 -0.04138360917568207 0.05373750254511833 0.0240404661744833 -0.03447316959500313 -0.023542266339063644 0.05302330479025841 -0.019146675243973732 -0.04867742955684662 -0.03426804021000862 -0.02512163296341896 -0.010091034695506096 -0.03009031154215336 0.06384120136499405 0.03770210221409798 -0.018239004537463188 0.0064053768292069435 0.0322754941880703 -0.013595259748399258 -0.038905177265405655 0.026788828894495964 -0.0023449191357940435 0.026382694020867348 0.06113116070628166 0.017519911751151085 0.010718092322349548 0.006231506820768118 0.03374641761183739 0.012928199023008347 0.01151108555495739 0.05102815479040146 0.014981471933424473 0.03626101091504097 0.055802006274461746 0.02011464722454548 -0.030891215428709984 -0.039915189146995544 0.04407481104135513 0.028368299826979637 0.0336470864713192 0.010275465436279774 0.01161949522793293 0.03938727080821991 -0.03326781466603279 -0.018828386440873146 0.03226689621806145 -0.012355193495750427 0.02066122740507126 0.005662691779434681 0.04197617992758751 -0.034067198634147644 -0.03040066547691822 0.039998527616262436 -0.009100226685404778 -0.008177928626537323 0.0008505207952111959 0.04524458199739456 -0.03594633564352989 -0.030342506244778633 -0.022798163816332817 -0.02936248853802681 0.045908793807029724 -0.0295352004468441 0.030364472419023514 0.03636303171515465 0.05629352852702141 -5.132335499602109e-39 0.03676154837012291 -1.1363549636749239e-39 0.05981877073645592 -0.01261915359646082 -0.02879304625093937 0.03192176669836044 -0.057456277310848236 3.073381041298833e-39 0.03130687028169632 0.05357334390282631 -0.04242967814207077 0.04505903646349907 0.04242773726582527 -0.03446798026561737 -0.011781774461269379 -5.7252991486765484e-39 0.03177053853869438 -0.06896761059761047 -0.1070849746465683 -0.10272661596536636 -0.07022890448570251 0.102732814848423 0.016979696229100227 -2.1945687605643173e-38 0.10933457314968109 0.003601443488150835 0.04011046513915062 -0.05709267780184746 0.08249416202306747 -0.014591073617339134 0.051067229360342026 -0.03418242186307907 0.047666843980550766 -0.034343618899583817 0.10191380232572556 0.07488300651311874 -0.02715166099369526 -0.05101349204778671 -0.0038926545530557632 0.06620217859745026 0.08660389482975006 0.05368718132376671 0.014710807241499424 -0.026275847107172012 -0.036525435745716095 -0.05119944363832474 0.0028092022985219955 0.054772160947322845 -0.03507879003882408 -0.007205349393188953 0.02127862349152565 -0.05490000545978546 0.07993563264608383 0.07638846337795258 0.0037223377730697393 -0.0005271992995403707 -0.003649851307272911 -0.015768151730298996 -0.0374520868062973 0.048424817621707916 0.09642567485570908 -0.030459510162472725 -0.013448677957057953 0.08363858610391617 -0.043333861976861954 -0.05464515835046768 0.0828314796090126 -0.00207338435575366 -0.048248786479234695 0.07935026288032532 -0.03093108721077442 -0.04722563922405243 0.036923885345458984 0.044644568115472794 -0.04731800779700279 0.07743536680936813 0.08478555083274841 -0.04557909443974495 0.07332134246826172 0.04557863995432854 0.12386913597583771 0.034651704132556915 -0.05040796101093292 0.007579728029668331 0.0998586118221283 -0.042901478707790375 -0.03650518134236336 -0.043008070439100266 -0.01029034610837698 -0.03493456169962883 -0.04679257795214653 0.0567052885890007 -0.02970111183822155 -0.041072387248277664 0.046034831553697586 1.752794565922197e-39 0.060751546174287796 -4.534391635785459e-39 0.06234385818243027 0.09616372734308243 -0.0712927058339119 -0.0792519599199295 0.02258598990738392 4.535317894070378e-39 -0.018812144175171852 -0.03414308652281761 -0.06511344760656357 -0.07767965644598007 -0.044195644557476044 -0.08373316377401352 0.04809476435184479 -2.1757610930955353e-39 -0.010400092229247093 -0.02831234224140644 -0.021394509822130203 -0.03745583817362785 -0.051937080919742584 -0.030148789286613464 0.07194545865058899 -2.336028999758829e-39 0.029701465740799904 -0.01778051257133484 0.01228271797299385 -0.005417762324213982 0.05670071765780449 -0.031244223937392235 0.07508595287799835 0.011413289234042168 -0.050792399793863297 -0.001111868186853826 -0.06687411665916443 0.021780170500278473 -0.04799433425068855 0.03347199410200119 7.631519110873342e-05 0.021532071754336357 0.041044432669878006 -0.03810153901576996 -0.0012383447028696537 0.007481848355382681 0.01993691921234131 -0.01797708496451378 -0.012089208699762821 0.02908417209982872 0.06733983010053635 0.028158843517303467 0.034832969307899475 0.0025259866379201412 -0.0066908784210681915 -0.04192182049155235 -0.002928793663159013 0.05855320766568184 0.03402061015367508 0.005355307832360268 0.08681271970272064 -0.015164644457399845 0.02744114398956299 -0.011125718243420124 -0.01224417332559824 0.06810960173606873 -0.021863095462322235 -0.024057505652308464 0.026726318523287773 -0.021161610260605812 0.0417986735701561 0.024146126583218575 0.01475630421191454 0.018247097730636597 0.021503958851099014 -0.007591123692691326 -0.02081255614757538 0.06522060930728912 -0.0012383563444018364 0.014165226370096207 0.0019347744528204203 -0.0006361654959619045 0.009686773642897606 0.055412717163562775 -0.05009279027581215 -0.0008345200913026929 0.019329801201820374 0.04134160280227661 0.062171369791030884 0.05643238499760628 0.009565293788909912 -0.027842465788125992 0.06218265742063522 -0.05347786843776703 -0.03984500840306282 0.02268093451857567 0.04049157351255417 -2.4164383082387157e-39 -0.031124059110879898 -2.443864521782481e-39 0.08968666940927505 -0.002768763806670904 -0.039090510457754135 0.027749937027692795 -0.0616300068795681 1.869276099470733e-40 0.01734076999127865 -0.02435055747628212 -0.011260271072387695 0.019661471247673035 0.011026212014257908 0.05978092551231384 0.10527782142162323 -4.8607848766929244e-39 0.06509245187044144 -0.03537851944565773 -0.00822445098310709 -0.12118957191705704 -0.016682233661413193 0.03473620489239693 -0.06885695457458496 1.8402089654252433e-39 0.26547446846961975 0.0934247225522995 -0.012353756465017796 -0.029448194429278374 -0.015336690470576286 0.008999361656606197 -0.06617461889982224 0.05363983288407326 0.03734424337744713 -0.04282781854271889 0.052267517894506454 -0.0757964476943016 -0.03196649253368378 0.043114542961120605 -0.03744880482554436 0.018329357728362083 -0.06332097202539444 -0.06999370455741882 0.08504520356655121 0.00426729628816247 0.08730663359165192 0.06357788294553757 0.05843682214617729 0.06691419333219528 -0.08067071437835693 -0.04689384996891022 0.034603651612997055 0.06606029719114304 0.0004059718339703977 -0.040189024060964584 -0.0662497878074646 0.02278226986527443 0.06395399570465088 -0.07471166551113129 -0.05600228160619736 0.07339655607938766 -0.07594528049230576 0.009699292480945587 -0.06126308813691139 0.016682129353284836 -0.06311233341693878 -0.035567574203014374 0.03247414901852608 0.026026016101241112 0.06895303726196289 0.06517016887664795 0.03852486610412598 -0.05790739506483078 -0.05110898241400719 0.004314023070037365 0.0536605603992939 0.02471211366355419 -0.004108734428882599 -0.01587005890905857 0.08086790889501572 -0.07259764522314072 0.07428444176912308 0.02137851156294346 0.04239368066191673 0.07015223801136017 -0.07879414409399033 0.04096242040395737 -0.05850258097052574 -0.05821843817830086 0.08223898708820343 -0.01723221316933632 -0.05849779397249222 -0.030746864154934883 -0.044303081929683685 0.06275538355112076 -0.0016936541069298983 -3.176129849896986e-39 -0.019554318860173225 -1.4928871918232407e-38 -0.009539298713207245 0.0004960986552760005 -0.11369942873716354 0.03682757169008255 0.08360225707292557 6.053215601014734e-39 -0.002313980832695961 -0.008146854117512703 -0.009243981912732124 -0.062010396271944046 -0.09024090319871902 -0.021700900048017502 -0.05242939665913582 2.092933143466224e-39 0.04598920792341232 -0.06276912987232208 -0.09918191283941269 -0.12604710459709167 0.03166552260518074 0.0436105877161026 -0.006103155668824911 5.053192964933972e-39 0.112046979367733 -0.022661706432700157 0.08205404132604599 -0.07015091925859451 -0.014797297306358814 -0.10129285603761673 -0.006134471390396357 -0.02171390876173973 -0.05543714016675949 0.027280345559120178 -0.0635022297501564 0.05716535821557045 0.07320039719343185 0.08782854676246643 0.07520484924316406 -0.027812734246253967 0.07159430533647537 -0.07495979219675064 -0.05735059455037117 0.0835048258304596 0.017229361459612846 0.06491386145353317 0.027956563979387283 -0.06444881111383438 0.055491749197244644 -0.002994624199345708 -0.0023619593121111393 0.07557067275047302 0.03766859322786331 -0.07188504934310913 0.061225466430187225 0.12623172998428345 -0.0075194560922682285 -0.03056306578218937 0.0740027129650116 0.04500285163521767 0.10201923549175262 -0.0516507588326931 0.05514803156256676 0.08729247748851776 0.04762335494160652 0.005358005408197641 0.06021043285727501 -0.05014115571975708 -0.04163740575313568 -0.025230614468455315 -0.029019705951213837 -0.04047483950853348 0.05494675785303116 -0.041808292269706726 -0.0032281065359711647 0.0011981278657913208 0.0628788098692894 0.03825019299983978 0.028941059485077858 -0.052834510803222656 -0.07927306741476059 0.07888387143611908 -0.0709601491689682 -0.03321903571486473 0.08891123533248901 0.12329550087451935 -0.07298165559768677 -0.025133900344371796 0.052586961537599564 0.06900850683450699 -0.037351857870817184 0.0009410566417500377 -0.0017551608616486192 0.04229918122291565 0.06491844356060028 1.993868628790474e-38 0.015829898416996002 -2.8672976813444396e-39 -0.07472759485244751 0.004364107735455036 0.08334987610578537 -0.07815274596214294 -0.07554498314857483 2.973059281640891e-39 0.009993231855332851 -0.017826857045292854 -0.04533503204584122 0.005067768041044474 0.0037579666823148727 0.053385261446237564 -0.02677025832235813 -1.0021456032542146e-39 0.05817648768424988 -0.06676100939512253 -0.06429006159305573 -0.09231457859277725 0.0061600711196660995 0.021329108625650406 0.02232551760971546 -5.58921457065088e-38 0.18227608501911163 0.018614517524838448 0.04185858368873596 0.010395103134214878 -0.07384016364812851 0.028364133089780807 -0.0008119340054690838 -0.03926720842719078 0.06546028703451157 0.0674993172287941 -0.0688796415925026 0.07313553988933563 0.06606879085302353 -0.028269996866583824 -0.058223553001880646 0.059646472334861755 0.029674479737877846 0.09931319952011108 0.03563694283366203 0.03636200353503227 0.0602937750518322 -0.031245876103639603 0.010121820494532585 0.025503819808363914 0.10588689893484116 -0.01932096853852272 -0.028366364538669586 0.07105178385972977 -0.049243103712797165 0.08860967308282852 -0.027635447680950165 -0.04011661559343338 0.04370744526386261 -0.061157990247011185 0.048328153789043427 -0.0027409647591412067 -0.0381137952208519 0.05355445668101311 0.0810164213180542 -0.06437628716230392 -0.05219297483563423 0.06296693533658981 0.009523165412247181 -0.06060899794101715 -0.06574591249227524 0.016239609569311142 0.022421879693865776 -0.043521635234355927 -0.05670680105686188 -0.055884890258312225 -0.007428131531924009 -0.0533013716340065 -0.057850562036037445 0.011162972077727318 0.054985322058200836 0.012720122002065182 0.0001335620618192479 0.034678682684898376 0.0031559921335428953 0.04631751775741577 0.011845090426504612 -0.012777782045304775 0.09621763974428177 0.06371954083442688 0.07690685242414474 0.05929495021700859 -0.017115820199251175 -0.05357649549841881 0.09741327166557312 0.08823321759700775 0.04637105390429497 3.101880649466271e-39 0.03417607396841049 -1.4672659908313722e-39 -0.03319310024380684 -0.006309120450168848 -0.03261036053299904 0.06056524068117142 -0.030140694230794907 1.5081642878111563e-39 0.043783288449048996 -0.020458582788705826 0.010156041942536831 -0.027561688795685768 0.011307992972433567 0.015590670518577099 0.05498041585087776 -2.1877197741900833e-39 0.04403898864984512 0.02377680316567421 0.026086917147040367 -0.09156437963247299 -0.010947775095701218 -0.07471553236246109 -0.08395982533693314 5.636126119600774e-39 0.29523131251335144 0.06917165219783783 0.02568252570927143 -0.06539703905582428 -0.0442579947412014 0.04170864447951317 0.11651020497083664 0.06884652376174927 0.050315551459789276 -0.03720741346478462 -0.07650958001613617 0.02073732763528824 -0.04911137744784355 0.05795583873987198 0.06031135097146034 -0.07245280593633652 0.06016114354133606 0.06638117134571075 -0.08095915615558624 0.08078073710203171 0.038335151970386505 0.05927615985274315 0.0574834831058979 0.05282846465706825 0.009184247814118862 0.011454375460743904 0.03090987727046013 0.020015809684991837 0.03662431240081787 0.04723211005330086 -0.07419203966856003 -0.055321816354990005 0.014164120890200138 0.030161777511239052 -0.07825379073619843 0.048431478440761566 -0.00013654303620569408 -0.06155376881361008 0.04477120190858841 -0.02090790867805481 -0.07710837572813034 0.05366405099630356 0.05721312016248703 0.047573816031217575 0.06630271673202515 -0.07978937029838562 0.06398328393697739 -0.0646161362528801 0.01036727987229824 0.05116550624370575 -0.07213268429040909 -0.06314612179994583 0.06983120739459991 -0.010058261454105377 0.0375879667699337 -0.032353103160858154 0.013423907570540905 -0.019114062190055847 0.057343740016222 0.047857269644737244 -0.08480899035930634 0.04096083715558052 0.04489435628056526 0.0390457808971405 0.0319230780005455 0.02175978198647499 -0.03874436020851135 0.040897186845541 -0.07139672338962555 -0.021910306066274643 0.031561266630887985 3.589187795629084e-39 -0.043060995638370514 -2.1183120599536108e-39 0.016187887638807297 0.06586313247680664 0.010718698613345623 -0.10706411302089691 -0.03509100526571274 6.133905169187486e-39 -0.012712216936051846 0.05732192471623421 0.026681017130613327 -0.0528649277985096 0.015594079159200191 -0.018658176064491272 0.04424155130982399 5.721529655807515e-40 -0.07023672759532928 0.06351954489946365 -0.03970138728618622 0.00024017819669097662 0.01925687864422798 -0.04067300632596016 -0.04463707283139229 5.3656152601521186e-39 0.25969192385673523 -0.006549350917339325 -0.03391888737678528 -0.17377302050590515 0.03419121727347374 0.046914242208004 -0.014059439301490784 0.0652005672454834 -0.08471614122390747 0.01308809220790863 -0.012038739398121834 0.08759095519781113 -0.07000019401311874 0.08977644890546799 0.09312993288040161 -0.05706711858510971 0.07384195923805237 -0.06839150190353394 0.0712772086262703 0.02938234433531761 0.06948497891426086 0.05015027895569801 -0.010578794404864311 0.020483244210481644 -0.056102197617292404 -0.044569239020347595 -0.05550837144255638 -0.02867153286933899 0.01792217418551445 -0.024203665554523468 -0.05106758698821068 -0.0689876452088356 0.02736075595021248 0.0552230067551136 -0.018104173243045807 0.05122449994087219 0.05704592540860176 0.10198603570461273 -0.06062241643667221 0.034058526158332825 -0.017983635887503624 0.07277284562587738 0.03742719441652298 0.005760333966463804 0.07136369496583939 0.05065913870930672 -0.07813229411840439 -0.053169868886470795 -0.06698891520500183 -0.07041275501251221 -0.055126726627349854 -0.06580322980880737 -0.0065099154599010944 -0.02011152356863022 -0.06490451842546463 0.029332010075449944 0.04030795767903328 -0.03229343146085739 -0.020455848425626755 -0.00952949095517397 -0.026019049808382988 -0.015969280153512955 0.06788618117570877 0.08640892058610916 -0.06842119991779327 0.0739336758852005 0.09236224740743637 0.0023857192136347294 0.039746057242155075 0.04362330585718155 0.07910265773534775 4.196356407236384e-40 -0.06499180197715759 4.3459870572569877e-39 0.005393854808062315 -0.046020857989788055 0.041045576333999634 0.027731560170650482 -0.03474075347185135 -4.958088239458711e-40 0.016366729512810707 -0.0879148542881012 0.05574426054954529 0.019445061683654785 -0.06445733457803726 -0.0401693694293499 -0.053017254918813705 -7.006806212480094e-39 -0.0676715299487114 -0.05806408450007439 -0.040535490959882736 -0.07938659936189651 -0.029268842190504074 -0.022994698956608772 0.05495130270719528 4.858465727734467e-39 0.10659676790237427 0.04568100720643997 -0.0090215178206563 -0.11072153598070145 0.05109807476401329 -0.10057580471038818 0.036050572991371155 -0.06316589564085007 0.0835776999592781 0.07134497910737991 0.07464370876550674 0.01625956781208515 0.03263625130057335 0.01897386834025383 0.03511636331677437 -0.030918333679437637 0.09559696167707443 -0.05933508276939392 0.0410865880548954 0.012524046935141087 -0.00542445806786418 -0.003265035105869174 -0.060183025896549225 0.07041601836681366 -0.038310933858156204 -0.053066324442625046 -0.08210498094558716 -0.020979516208171844 0.01216139830648899 0.093917116522789 -0.00837344117462635 0.035848941653966904 0.016861623153090477 0.05231236666440964 -0.04788129776716232 -0.06115119159221649 -0.06899875402450562 0.026423344388604164 0.013661927543580532 0.03556908667087555 0.047388460487127304 -0.04959702119231224 0.06823573261499405 0.06547252088785172 0.0014515791554003954 0.0655350536108017 -0.02991374209523201 -0.0020145373418927193 -0.0052350228652358055 0.008649793453514576 -0.05250401794910431 -0.01314931083470583 0.010389250703155994 -0.06933914124965668 0.048524633049964905 -0.006674502044916153 0.013077092356979847 0.05441758409142494 0.044626131653785706 0.046528369188308716 0.08124303817749023 0.0038268265780061483 -0.05396924912929535 -0.019399287179112434 -0.03043648600578308 0.05168383941054344 -0.004717917647212744 0.013772343285381794 -0.0725383311510086 -0.06864776462316513 -0.029174592345952988 -6.177330007298448e-40 -0.025665119290351868 5.118399586374399e-39 0.01756899617612362 0.024098196998238564 0.09792707860469818 0.027642134577035904 0.025517551228404045 -1.2716783563747715e-40 -0.04757276922464371 0.006116337142884731 -0.0021287323907017708 0.0441930927336216 -0.10743723809719086 -0.03215041756629944 0.046521253883838654 -1.8136540792665952e-38 -0.08599115908145905 -0.02986874245107174 -0.053738366812467575 -0.0976085513830185 -0.01755647361278534 0.04066857323050499 0.003921807743608952 8.204406326836798e-40 0.12339060753583908 0.01767701841890812 -0.001825446728616953 -0.12801797688007355 0.089829221367836 0.009875248186290264 0.028149906545877457 -0.04337218403816223 0.016940122470259666 0.0018048187484964728 0.06766368448734283 -0.019157052040100098 0.02754168026149273 -0.04635227844119072 0.05232391506433487 0.08776309341192245 -0.0785800963640213 -0.052367474883794785 -0.011656255461275578 -0.0259137824177742 0.022300003096461296 0.10205698758363724 0.095371313393116 0.04531989246606827 -0.034246642142534256 0.01666177064180374 0.11021900922060013 -0.055158134549856186 -0.033170294016599655 0.08875826746225357 0.07233739644289017 0.08011244982481003 0.0010159434750676155 -0.025780735537409782 -0.0101323202252388 0.08031195402145386 0.009677168913185596 0.06642696261405945 0.028199125081300735 0.023889103904366493 -0.05386146903038025 0.08192101866006851 0.026087801903486252 0.10119759291410446 0.04067738726735115 -0.05892603099346161 0.006740742828696966 0.03889182209968567 -0.06997406482696533 0.0723324716091156 0.014390063472092152 -0.05072036758065224 -0.046939924359321594 0.031186068430542946 0.09496669471263885 0.09139729291200638 -0.05986623093485832 -0.05520406737923622 0.09227971732616425 -0.010500705800950527 0.010297449305653572 -0.038239818066358566 -0.06215675547719002 0.07193093746900558 -0.009162485599517822 0.01696912758052349 0.10710868239402771 -0.005033944733440876 0.03646184504032135 -0.04902585223317146 0.02820785716176033 -1.8502885052791317e-40 0.022572780027985573 -3.6819016256645137e-38 0.02277475595474243 0.013583793304860592 0.035054441541433334 0.014131084084510803 -0.02356109768152237 4.843754896455985e-39 -0.0374983474612236 0.04265083000063896 0.0049596140161156654 0.027604827657341957 -0.007579901721328497 0.03451184555888176 -0.019684767350554466 -6.123225873590867e-39 -0.06065645441412926 -0.012236503884196281 -0.05963780730962753 -0.1148194670677185 0.017169803380966187 0.028692597523331642 0.05886411294341087 -2.9136035890980532e-39 0.04907538369297981 -0.016292279586195946 -0.07301639765501022 -0.12390871345996857 -0.010775716975331306 -0.05593628063797951 0.006540813483297825 0.03947267308831215 -0.0021008229814469814 -0.014236374758183956 0.017820773646235466 -0.011575211770832539 0.017439158633351326 -0.06125491484999657 -0.012281332165002823 0.00023532687919214368 0.02349221147596836 -0.026728948578238487 0.030346445739269257 -0.008852408267557621 -0.021358009427785873 -0.013591651804745197 -0.01172794308513403 -0.010665272362530231 0.041797950863838196 0.030710361897945404 0.03342042490839958 0.01595345325767994 -0.012184408493340015 -0.020036421716213226 -0.030823083594441414 0.07678091526031494 0.052244219928979874 0.010736939497292042 -0.036597173660993576 -0.05579265579581261 0.024286627769470215 -0.00099473400041461 -0.03400150313973427 0.026582438498735428 0.0740145593881607 0.005362253170460463 0.02650594338774681 -0.019308751448988914 -0.004655367229133844 -0.008975069038569927 0.003900865325704217 0.034267254173755646 0.0011025622952729464 0.010857651010155678 -0.004269747529178858 0.054373133927583694 -0.008288443088531494 0.008921056054532528 -0.05035354197025299 0.0012141891056671739 0.001869536703452468 -0.03590130805969238 0.00016869546379894018 0.056494470685720444 0.02198072150349617 0.0028633316978812218 -0.04356902465224266 0.04443380609154701 0.001276831142604351 0.053744733333587646 -0.017475634813308716 0.01993236131966114 -0.0011160792782902718 -0.013936018571257591 0.007818158715963364 4.241423567147534e-39 -0.06507191807031631 -3.57176124792674e-39 0.039104875177145004 0.04298682138323784 0.032531946897506714 0.0036783136893063784 0.02389116957783699 1.832243984954021e-39 0.0009547209483571351 0.026227466762065887 0.02628619410097599 0.018920624628663063 -0.008288473822176456 0.016106653958559036 0.0492275208234787 -2.4437370036222274e-39 -0.02407301403582096 0.04279579222202301 -0.012294527143239975 -0.06271590292453766 0.06744682043790817 -0.08094094693660736 -0.03433306887745857 1.6909762841685076e-39 0.2770281434059143 0.09779781103134155 0.0158081091940403 -0.00971581693738699 0.017298143357038498 -0.024301020428538322 -0.0905054584145546 -0.035987600684165955 0.07120833545923233 0.03632693365216255 -0.021065032109618187 -0.033869560807943344 -0.048039328306913376 -0.061805203557014465 0.08959232270717621 -0.07512973994016647 -0.06514853239059448 -0.04022342339158058 -0.048068273812532425 0.07437027245759964 0.0633312538266182 0.04276350885629654 0.04091417416930199 0.06502846628427505 0.040110062807798386 0.07515211403369904 -0.04138113558292389 0.07374029606580734 -0.06974850594997406 0.061935748904943466 0.04813743382692337 0.05497081205248833 -0.06520236283540726 0.03855988010764122 0.0856247991323471 -0.04905705526471138 -0.034642692655324936 -0.04495930299162865 -0.07203266769647598 0.08491317927837372 0.014487829059362411 -0.0581338033080101 0.0830097422003746 -0.02893250063061714 -0.012241996824741364 -0.07611848413944244 -0.02879592962563038 0.06202436983585358 0.011649467051029205 0.06959650665521622 -0.04842016100883484 0.06989574432373047 0.06623048335313797 0.04235491529107094 -0.07000322639942169 -0.08393941074609756 -0.06112170219421387 0.023233041167259216 -0.0681385025382042 0.016821691766381264 0.07445430010557175 0.07581886649131775 0.056194741278886795 -0.05124286562204361 -0.02326378785073757 0.0021359689999371767 0.0873827189207077 0.005643758457154036 0.0719791054725647 -0.048672206699848175 0.10041875392198563 4.824872399649208e-39 -0.04508667439222336 4.085345542892572e-39 -0.040085311979055405 -0.06692122668027878 0.004104758147150278 -0.02017958275973797 -0.04710479453206062 -3.547153045594732e-39 -0.07824460417032242 0.00743647338822484 -0.0420687310397625 -0.005148166324943304 -0.1075780838727951 -0.07798433303833008 0.0016457755118608475 2.3847367330802953e-39 0.0020402446389198303 -0.03995444253087044 0.010010798461735249 0.01218485739082098 0.02119385078549385 -0.022488100454211235 -0.047849658876657486 -9.086986138622498e-40 0.12853087484836578 -0.07841213792562485 0.049236148595809937 -0.0817360058426857 0.05573183298110962 -0.04991775378584862 0.03996928781270981 0.07087856531143188 -0.060370106250047684 -0.035661764442920685 0.05958142131567001 -0.021717742085456848 -0.05749370530247688 -0.03272407501935959 0.07492242753505707 -0.007302599493414164 -0.04058272764086723 -0.0661776214838028 0.025215990841388702 -0.00635144766420126 0.015158016234636307 0.002048275200650096 -0.028857115656137466 -0.012486414983868599 -0.03482925146818161 0.006564707960933447 0.10385745763778687 -0.031987935304641724 0.057047128677368164 0.011843047104775906 0.050429146736860275 0.028232654556632042 0.015718597918748856 -0.025195864960551262 -0.014653735794126987 -0.029264025390148163 -0.015102140605449677 0.019874949008226395 0.06097875535488129 0.041361209005117416 -0.02114248275756836 0.024163901805877686 -0.0605657622218132 -0.014556674286723137 0.002918740501627326 0.07792644947767258 -0.046974096447229385 0.005487091839313507 -0.05049648880958557 0.031954362988471985 0.028072169050574303 -0.06861110776662827 0.036992043256759644 -0.006030133459717035 -0.003907309845089912 0.07823384553194046 -0.024699287489056587 -0.025701917707920074 -0.005481437314301729 0.04102694243192673 -0.028153380379080772 0.0494292713701725 0.03015810064971447 0.048045653849840164 0.08801072090864182 -0.025804942473769188 -0.06893661618232727 0.09036867320537567 0.02587621659040451 0.06248249113559723 0.024597449228167534 5.338882689348194e-39 0.012306374497711658 -4.769320724627979e-39 -0.08328597992658615 -0.0020140386186540127 -0.011649183928966522 -0.04213280975818634 -0.04660198837518692 5.037948238940582e-40 0.06151150166988373 0.01887919381260872 0.013984262011945248 -0.08104895800352097 -0.009691279381513596 0.015202663838863373 -0.006395556963980198 -6.814131877530825e-39 -0.0249298308044672 -0.012052452191710472 -0.017636774107813835 -0.09751977026462555 -0.03210784122347832 0.01541878655552864 0.007070714142173529 6.135613352015498e-39 0.29667460918426514 -0.002633507363498211 0.01440595556050539 -0.05673052743077278 0.03810157626867294 0.040460340678691864 -0.04470349848270416 0.049793440848588943 0.03830061852931976 0.046017564833164215 0.070732481777668 0.026917709037661552 0.05517153441905975 -0.0017781793139874935 0.008542140945792198 -0.07796062529087067 0.03854246437549591 0.027185950428247452 -0.08742120862007141 -0.06647545099258423 -0.08348526060581207 -0.06359247118234634 -0.07327626645565033 -0.00811820663511753 0.006985611282289028 0.07481711357831955 -0.07300262898206711 0.05065135285258293 -0.06344351172447205 -0.06336632370948792 -0.05052371323108673 0.038349464535713196 -0.08080961555242538 0.001263846643269062 0.019091619178652763 -0.013147766701877117 -0.003215112490579486 0.05869156867265701 0.03281436115503311 0.02806980535387993 -0.02112538553774357 0.011952236294746399 -0.07177083939313889 -0.09041445702314377 -0.10003336519002914 0.05131624639034271 -0.02251199260354042 0.08380397409200668 0.05791714787483215 0.03296879306435585 -0.029923735186457634 -0.07486435025930405 -0.021919049322605133 0.016744546592235565 0.08574076741933823 0.04225547984242439 0.07161670923233032 0.042649492621421814 -0.013463436625897884 0.0757305696606636 -0.02036149799823761 -0.029577359557151794 0.052575208246707916 -0.003941250964999199 -0.09416547417640686 0.06401187181472778 0.05512906238436699 -0.036829255521297455 -0.08411001414060593 -0.07497301697731018 0.09624793380498886 2.0849359331303223e-39 -0.0025487858802080154 6.768493548365616e-38 0.011906378902494907 -0.03433837741613388 0.041387688368558884 -0.038385964930057526 0.08041659742593765 4.3797233177856076e-39 0.02948439121246338 -0.006798374466598034 0.02637650817632675 -0.008529024198651314 0.06022847816348076 0.03474094718694687 -0.007782795466482639 1.4023410303822747e-39 -0.047773584723472595 -0.03016398847103119 -0.025557667016983032 -0.08227904886007309 -0.010207747109234333 -0.02186022326350212 0.01697835698723793 2.7866837832887615e-39 0.08074746280908585 -0.009636210277676582 -0.0005439323140308261 -0.128940150141716 -0.0045775072649121284 -0.09680505841970444 0.011263321153819561 0.007774467580020428 0.02263120375573635 0.0666002705693245 0.022722305729985237 0.00013041123747825623 -0.043921682983636856 0.0680970549583435 0.010617063380777836 0.011528351344168186 -0.04306705668568611 0.05911526829004288 0.03306861221790314 0.0038659742567688227 0.0025856499560177326 -0.00026201631408184767 0.0005286216037347913 -0.025698412209749222 0.027962148189544678 0.002491747261956334 0.03469578176736832 0.032577380537986755 0.026953700929880142 -0.029158934950828552 0.040923286229372025 0.03583487123250961 0.02369772456586361 -0.021728791296482086 0.03496197238564491 -0.021789461374282837 0.019205721095204353 -0.012358593754470348 0.013586078770458698 0.02813643589615822 -0.023471051827073097 0.020702170208096504 -0.062219757586717606 0.06497227400541306 -0.014569551683962345 -0.01469384040683508 0.012121351435780525 0.060623377561569214 0.024061447009444237 -0.009302599355578423 0.031157514080405235 0.010872996412217617 0.03573400527238846 -0.014039919711649418 -0.04241539537906647 -0.03205985948443413 0.05020971968770027 -0.045844390988349915 0.047337569296360016 -0.027964532375335693 -0.022562643513083458 0.0035017679911106825 -0.03064059279859066 0.06550803780555725 -0.05481421947479248 -0.061656512320041656 0.01977335475385189 -0.024018526077270508 -0.023051491007208824 -0.014156939461827278 -0.0039029456675052643 6.787945813127987e-39 -0.017056897282600403 2.36560200254994e-39 0.03640128672122955 -0.024465814232826233 -0.029631201177835464 -0.02416922152042389 0.05145026370882988 7.2775875225323645e-40 -0.010286900214850903 0.053790703415870667 -0.0014282016782090068 0.055439773947000504 0.007561791222542524 -0.10543994605541229 0.018308907747268677 4.065186463184795e-39 0.03439036011695862 0.06789074093103409 -0.01120898500084877 -0.10500561445951462 -0.004157610237598419 0.051840316504240036 0.0023717943113297224 -2.5305872403635367e-38 0.2327955961227417 0.017447227612137794 0.043632622808218 -0.07407363504171371 0.03505204617977142 0.13200360536575317 0.010635219514369965 0.035858649760484695 0.06391766667366028 0.08613356947898865 -0.03344857320189476 0.05062519758939743 0.06522609293460846 -0.08099587261676788 -0.09300003200769424 0.03481155261397362 0.0460796020925045 -0.008765497244894505 -0.003190484596416354 -0.09805078059434891 -0.0723593458533287 0.06951731443405151 0.015237927436828613 0.04477059468626976 0.05367464944720268 0.05962541326880455 -0.000896161247510463 -0.013041287660598755 0.020458634942770004 -0.06569942086935043 0.009453611448407173 -0.04610595479607582 -0.07850351184606552 0.0148916719481349 0.08163362741470337 0.01295709703117609 0.09866088628768921 0.0784902274608612 -0.022074615582823753 0.050683215260505676 0.034964777529239655 -0.017366647720336914 0.004752056207507849 0.07363679260015488 0.02124115824699402 -0.08785925805568695 0.04015328735113144 -0.06974074989557266 -0.01531350426375866 0.039896298199892044 -0.06452807784080505 0.09348069876432419 -0.07406482845544815 0.01696920022368431 0.022786252200603485 0.060602132230997086 0.03917242959141731 -0.09497476369142532 -0.06678091734647751 -0.08963583409786224 -0.006093723699450493 -0.012735475786030293 -0.10653088241815567 -0.06558525562286377 -0.014441764913499355 -0.008835354819893837 -0.09290330857038498 0.058574989438056946 0.008685148321092129 -0.07308975607156754 0.01591927744448185 5.4762155440458835e-39 -0.008789927698671818 2.0670287400547155e-39 0.05869755893945694 -0.06341951340436935 -0.057932477444410324 -0.02144007571041584 -0.014627542346715927 -4.801641673707631e-39 0.01546483300626278 0.014847912825644016 0.017005395144224167 0.013674071058630943 0.01222181972116232 -0.08132508397102356 0.001358171459287405 -7.034980719403809e-39 -0.06151653453707695 -0.01816895417869091 -0.0299653522670269 -0.05836544558405876 0.052982427179813385 0.03310566022992134 -0.03882504999637604 1.7639755263690446e-39 0.2919364273548126 0.1176021471619606 0.06453292816877365 -0.11529850959777832 -0.013525809161365032 -0.0033676503226161003 0.020883865654468536 -0.06770116835832596 -0.04496649652719498 0.0522858165204525 0.05852389708161354 -0.07892318814992905 0.06789480149745941 0.039213601499795914 -0.04323619604110718 0.05413353443145752 0.06840655207633972 0.0791613757610321 0.07390084862709045 0.053712718188762665 0.05840733274817467 0.07981276512145996 -0.06194034218788147 -0.06651619076728821 0.06246606260538101 0.07348459213972092 0.08798093348741531 0.04748229309916496 0.08358819782733917 -0.0746600329875946 -0.040899697691202164 0.06992309540510178 -0.055616345256567 0.058787669986486435 0.06822884827852249 0.051553186029195786 0.05643518269062042 0.05930529907345772 0.05876196548342705 -0.07398149371147156 0.023852050304412842 0.06288288533687592 -0.04603077098727226 0.045855894684791565 0.04480784386396408 0.056973837316036224 0.08704623579978943 -0.06620744615793228 0.08094465732574463 -0.06205875426530838 -0.04749204218387604 0.060235247015953064 -0.007261491380631924 -0.06402387470006943 -0.06184375658631325 0.023335903882980347 -0.008994664065539837 0.03267965838313103 0.045209597796201706 -0.06251400709152222 -0.06546835601329803 0.07964609563350677 -0.08223985880613327 -0.07678654044866562 -0.0657351016998291 -0.03010665252804756 -0.05769176408648491 0.04594234749674797 -0.046667296439409256 0.0589592419564724 -0.019411524757742882
b1 64
-0.01330792997032404 0.18171153962612152 0.05967766419053078 0.04107879474759102 0.05163975805044174 -0.020366819575428963 0.1275099813938141 -0.006783735938370228 0.01041011419147253 0.028356453403830528 -0.057264916598796844 0.0723252072930336 -0.18426300585269928 0.1409444361925125 0.08784063160419464 0.02858526073396206 0.11492250859737396 0.06384347379207611 0.1351410150527954 0.025823628529906273 0.08845866471529007 0.12166472524404526 0.11732455343008041 -0.015803903341293335 0.01192720141261816 0.05285711586475372 -0.032919179648160934 -0.06620728224515915 0.16555018723011017 0.041314639151096344 0.08523581922054291 0.03886530548334122 0.09094442427158356 0.10738267749547958 -0.14696557819843292 0.0372416190803051 0.013698155991733074 0.13153645396232605 0.03964399918913841 0.056618183851242065 -0.0029027950949966908 0.1034824326634407 0.10530151426792145 -0.012532919645309448 0.023992715403437614 0.03564218804240227 -0.0020401938818395138 0.04854543134570122 -0.016353081911802292 0.02864525280892849 0.06175664812326431 -0.0004382804618217051 0.041788067668676376 0.14962275326251984 0.0886450782418251 0.07398679107427597 0.008749343454837799 -0.026481470093131065 0.06633307039737701 0.11124124377965927 0.1462157666683197 0.015668349340558052 0.0750972256064415 0.11398917436599731
W2 4096
0.004005542490631342 -0.006784454919397831 -0.0018018715782091022 -0.008875361643731594 0.00306141865439713 -0.007081764284521341 -0.00204621278680861 0.007738668937236071 0.009929656982421875 0.011402972042560577 0.00817797053605318 0.005201063584536314 0.007550979033112526 -0.009947304613888264 0.0007843528292141855 0.0018914055544883013 -0.00161998369731009 -0.013986850157380104 -0.006150109693408012 -0.00746579747647047 -0.009175527840852737 -0.015521939843893051 -0.005282331258058548 -0.005071059335023165 0.0003470354713499546 -0.0060593681409955025 -0.004109244793653488 -0.004171144217252731 0.0021479332353919744 -0.004521180875599384 -0.0073039336130023 -0.0007670879713259637 -0.008951670490205288 -0.008365693502128124 -0.0007208402385003865 -0.003604296362027526 -0.0027173038106411695 0.002304010558873415 0.00011130979692097753 -0.002953911665827036 -0.002957930788397789 0.007864503189921379 0.0022142287343740463 -0.010029305703938007 -0.004986658226698637 0.00724526634439826 -0.002409654902294278 -0.004429718013852835 -0.007644191384315491 -0.002108088694512844 -0.006077996455132961 -0.00827452540397644 0.000740243645850569 0.011133430525660515 0.013010842725634575 0.0002557660627644509 -0.008149356581270695 -0.0032457022462040186 0.004385937936604023 -0.012200213968753815 -0.001715518650598824 -0.004285089205950499 0.006625630892813206 0.0019392621470615268 0.05801602080464363 0.06443001329898834 -0.008191954344511032 0.03393463045358658 0.05974958837032318 0.06156933307647705 0.09488850831985474 0.015660539269447327 -0.020535757765173912 0.049554578959941864 0.03681028261780739 0.0595284029841423 -0.037984151393175125 0.006703474093228579 0.03715569153428078 0.06663651764392853 0.019342975690960884 0.06645583361387253 0.07131815701723099 0.02562732808291912 0.08325932919979095 0.04711408540606499 0.01624467968940735 -0.02114321105182171 -0.014392194338142872 0.07815195620059967 0.059346940368413925 -0.06257595121860504 0.019557608291506767 0.019428355619311333 0.0897054672241211 0.027769459411501884 0.03920070454478264 0.041235219687223434 -0.004041319712996483 0.028992293402552605 0.004647419787943363 0.029803117737174034 0.024926399812102318 0.02173871360719204 0.0588543601334095 0.06408405303955078 0.018654661253094673 0.050777386873960495 0.024031158536672592 -0.02274424396455288 0.003635355271399021 0.04086517542600632 0.06708696484565735 0.0028091801796108484 -0.00024689294514246285 -0.001793377916328609 0.07006751000881195 0.0917283222079277 0.02814585156738758 0.0011804046807810664 0.024877961724996567 0.029281234368681908 0.030634630471467972 0.055499181151390076 0.058981213718652725 0.02180090732872486 0.07013223320245743 0.03830667585134506 0.007106422912329435 0.018358560279011726 0.015522106550633907 0.022758718580007553 0.016635365784168243 0.01741243712604046 0.026490822434425354 0.011005059815943241 0.007641155272722244 0.016103843227028847 0.0023712555412203074 0.009868836961686611 -0.027976984158158302 0.018750956282019615 0.019204940646886826 0.014487071894109249 0.012127772904932499 0.014910570345818996 0.020522259175777435 0.016476638615131378 0.003717206884175539 0.011331307701766491 0.023397300392389297 -0.017249247059226036 0.01794092170894146 0.011528421193361282 0.017450125887989998 -0.026745140552520752 0.018206065520644188 0.010729501955211163 0.019788827747106552 0.020091602578759193 0.02110392227768898 0.022950250655412674 -0.0035249232314527035 0.015400092117488384 0.02197420410811901 0.02015553042292595 0.012627700343728065 0.027777045965194702 0.013363665901124477 0.009479712694883347 0.020300976932048798 0.01572827436029911 0.007121083792299032 0.0039715697057545185 0.002408603671938181 0.005100499372929335 0.013659684918820858 0.0045834314078092575 0.00992670189589262 0.02134769596159458 0.018235506489872932 0.028503675013780594 0.025825580582022667 0.014663275331258774 0.010804284363985062 -0.0028467827942222357 0.007736737374216318 0.00599566288292408 0.009279860183596611 0.010655650869011879 0.014950213022530079 0.012131189927458763 -0.08116630464792252 -0.10627932101488113 -0.09928075224161148 -0.0521661713719368 -0.015212006866931915 -0.09014077484607697 -0.06955461204051971 -0.050812333822250366 -0.02609167993068695 -0.01774013228714466 -0.12251899391412735 -0.06897774338722229 0.09363245964050293 0.10267198085784912 -0.06991488486528397 -0.051917996257543564 -0.07131854444742203 0.04344247281551361 0.005873904563486576 -0.08450295776128769 -0.0912754163146019 -0.006189469713717699 -0.009838933125138283 0.17055003345012665 0.004860613960772753 0.04435887932777405 -0.028263241052627563 0.21667805314064026 -0.028448767960071564 -0.015519572421908379 -0.06835371255874634 -0.024035198614001274 0.03295976296067238 -0.04125169664621353 0.04042509198188782 -0.0410209558904171 -0.08987227082252502 -0.022608362138271332 0.043068792670965195 -0.0957011952996254 -0.009402880445122719 -0.10141705721616745 -0.026462484151124954 -0.08334772288799286 0.03172793239355087 -0.06178387627005577 -0.02821246162056923 0.012253880500793457 -0.0805552750825882 0.091700978577137 -0.02201216109097004 0.04718049615621567 -0.0030952738597989082 0.03376476839184761 -0.07133349031209946 0.026818251237273216 -0.009289487265050411 -0.0258417259901762 -0.06584664434194565 -0.01953568495810032 -0.022098731249570847 -0.03993687033653259 0.012998993508517742 0.024873966351151466 0.0358416810631752 0.08701588958501816 0.08854930102825165 0.041799213737249374 0.07488753646612167 0.06534211337566376 -0.005765033420175314 0.023534350097179413 0.04807033762335777 0.024225011467933655 0.025321993976831436 0.016957050189375877 -0.1086428165435791 0.1131344810128212 0.00732834730297327 0.06335901468992233 0.03601645305752754 0.07241567969322205 -0.025566216558218002 0.0378929041326046 0.08072955161333084 -0.009037398733198643 0.03412976115942001 -0.05175625532865524 -0.04152245074510574 0.10409003496170044 0.08139994740486145 -0.053537119179964066 0.10075223445892334 -0.016894448548555374 -0.01756156049668789 0.056327175348997116 0.07952408492565155 0.08655378222465515 -0.040262483060359955 -0.002470471663400531 -0.00908671785145998 0.023919880390167236 0.004334025550633669 -0.01137977559119463 0.08365528285503387 0.07016400247812271 0.08643155544996262 -0.03030884452164173 0.08099333941936493 -0.011113246902823448 0.0041265361942350864 -0.03800157085061073 -0.007233562879264355 0.01763400435447693 0.06609751284122467 0.10781655460596085 -0.013683641329407692 0.09042638540267944 0.07620873302221298 0.05746468901634216 -0.01306568831205368 0.02302340418100357 0.07916334271430969 0.017200011759996414 0.09672234952449799 0.008489505387842655 0.07061951607465744 0.1025390475988388 0.009175315499305725 0.05003564432263374 -0.06179025024175644 -0.030379513278603554 -0.016614079475402832 -0.04549294710159302 0.02848304621875286 0.039929572492837906 0.009779179468750954 0.024369249120354652 0.08135545998811722 -0.014198193326592445 -0.04366980120539665 -0.046472419053316116 0.02536364085972309 0.007183900568634272 -0.05223608762025833 -0.06718248873949051 -0.007355506997555494 -0.03331967070698738 -0.05214321240782738 -0.03938745707273483 -0.0324573740363121 0.14854075014591217 0.027231115847826004 0.0077591342851519585 0.008992462418973446 -0.10789613425731659 -0.01566564105451107 -0.023977279663085938 0.003911766689270735 -0.0322897732257843 0.019674528390169144 -0.01976172998547554 0.01603716053068638 -0.05406983569264412 -0.01100860070437193 -0.061071835458278656 -0.023481404408812523 0.014160524122416973 -0.04505570977926254 -0.022273803129792213 -0.006463169120252132 0.0052535138092935085 -0.038240354508161545 0.013846714049577713 -0.0068912748247385025 0.013097396120429039 -0.014455549418926239 0.02885686792433262 -0.01241379976272583 -0.017130069434642792 0.0014192071976140141 -0.06618267297744751 0.014859425835311413 -0.10238391906023026 -0.001989484764635563 -0.04135283827781677 -0.03528208285570145 -0.024128388613462448 0.033468928188085556 0.027090607210993767 0.046172697097063065 -0.01012000348418951 3.848872509593093e-08 4.871333558753577e-09 8.401388029710688e-09 -6.31601368428214e-11 -1.4481877069066895e-12 -5.709255496751803e-14 -4.2357786611546544e-08 -6.229093846635281e-14 7.093152176729234e-10 1.9027429516427219e-06 1.6294150767002513e-24 7.560816556173577e-11 -3.8387454564907386e-13 1.646988856407461e-08 -2.2683341427409687e-08 -1.5908581743606653e-11 -2.788133612874333e-10 -5.24919983035943e-08 -2.002900068021063e-08 -2.875651444939932e-14 -5.117503990015315e-11 4.703068601230598e-09 7.015296121792858e-10 3.872846221497639e-08 -2.170349178154396e-10 -2.7685359560436495e-10 -7.659877072907495e-12 -7.956678393407357e-13 -9.687793622870089e-11 -1.377587714040951e-11 4.90340710257442e-07 -6.756312842526313e-09 5.012571469009686e-10 -5.366664002082189e-09 1.8756411379507283e-18 -6.093954674213364e-09 -9.718481444945248e-13 -1.511739178283733e-09 -7.788274365705394e-12 5.778063028039071e-10 -6.55287727292092e-14 -4.7530712699028754e-09 -1.2485499212289142e-07 -6.890934350911593e-11 1.9907246153177266e-13 2.464515480582463e-09 -9.006606148482198e-16 1.3298773637870909e-08 -1.191232112951468e-09 9.910980480754006e-08 9.136900125383818e-09 2.6048431323033583e-07 -8.839430923335279e-12 3.687393723694754e-10 -1.8002495327795742e-11 -1.5186936430655607e-10 8.893102365625793e-10 -1.1201702542970593e-12 -6.452417489200002e-10 -3.5570624223879577e-09 5.436831429506128e-08 5.134521074978693e-07 -4.130786858402846e-12 -5.390087248063891e-12 -0.0006444246973842382 -0.020566845312714577 0.018965132534503937 -0.05750991404056549 0.03110874816775322 0.020402314141392708 -0.03435026481747627 0.02414540946483612 -0.044400446116924286 -0.03996828943490982 -0.04737870767712593 0.027211802080273628 0.04189232364296913 0.022701242938637733 -0.017174899578094482 -0.0033373688347637653 -0.05586826428771019 0.03521020710468292 -0.005450509488582611 0.05774524435400963 -0.060755401849746704 0.04020051285624504 -0.04838153347373009 0.08147946745157242 -0.03927314653992653 -0.048743125051259995 0.030587760731577873 0.05157388746738434 0.04798709973692894 -0.04586820304393768 -0.02559592016041279 0.03779171034693718 -0.012917827814817429 0.010935630649328232 0.05472608655691147 0.02798287756741047 0.024598196148872375 0.02973419427871704 -0.008350682444870472 -0.009943374432623386 -0.04201418533921242 0.035919107496738434 0.056729670614004135 -0.020567500963807106 0.000424442085204646 0.0011692765401676297 -0.016319163143634796 0.020675906911492348 0.019115310162305832 0.006117247510701418 0.004340717103332281 0.03646867722272873 0.003852786961942911 -0.027209503576159477 -0.06606009602546692 -0.02777140587568283 -0.03470078855752945 -0.008436196483671665 -0.03893984109163284 0.004290079232305288 -0.020067555829882622 -0.01159599982202053 0.011776338331401348 -4.7387497033923864e-05 0.07482931017875671 0.04019472002983093 0.058266330510377884 0.07378050684928894 0.009589345194399357 0.0157831571996212 0.06182584539055824 0.0444922037422657 0.04672815650701523 -0.015654221177101135 0.04406299442052841 0.04529711604118347 -0.04307914897799492 -0.0022309233900159597 0.03945614770054817 0.08164309710264206 0.008152859285473824 0.027516040951013565 0.0052961441688239574 0.016841892153024673 0.017799360677599907 0.002317081904038787 0.04438501596450806 -0.04839933663606644 -0.028228411450982094 0.0028594769537448883 0.039188284426927567 -0.003820451907813549 0.015304253436625004 0.01635698229074478 -0.0014150701463222504 0.0832727923989296 0.006997117772698402 0.08149484544992447 0.004648551810532808 0.054097965359687805 0.09327966719865799 0.050255898386240005 0.017765183001756668 0.047843679785728455 0.038229238241910934 0.009654461406171322 0.09976553171873093 0.06758048385381699 0.05564446747303009 -6.88494837959297e-05 0.045497797429561615 0.007526898290961981 0.03034793771803379 0.0009946462232619524 0.08159302175045013 0.025783341377973557 0.050507985055446625 0.03074415773153305 0.088140107691288 0.052236057817935944 0.013893423601984978 -0.020450368523597717 0.009364284574985504 0.03577036410570145 0.07674629241228104 -0.0067606111988425255 0.07827810198068619 0.04272545129060745 -0.006268959958106279 -0.005300953518599272 -0.004368440713733435 0.0003859302669297904 -0.001995628699660301 -0.004414724186062813 -0.009716637432575226 -0.003828595392405987 -0.011057726107537746 0.004745963960886002 -0.010415378026664257 -0.005302626173943281 -0.0031611938029527664 0.007505674380809069 -0.01913520134985447 -0.010438354685902596 0.010706273838877678 0.014224608428776264 -0.011596930213272572 0.000723758595995605 -0.007250402122735977 0.000525937881320715 -0.013210339471697807 0.005408387165516615 0.005468100309371948 -0.005208815913647413 0.007556649390608072 0.013121272437274456 -0.01183787826448679 -0.0031676965299993753 0.008572119288146496 0.004887630697339773 -0.01091522816568613 -0.00028780591674149036 0.007884202525019646 0.00574074313044548 7.487267430406064e-05 0.008928466588258743 -0.005472220946103334 -0.010801862925291061 -0.011603500694036484 0.01334597822278738 0.011194128543138504 -0.015173639170825481 -0.0067909881472587585 -0.01647983491420746 0.000280972191831097 -0.012530085630714893 -0.008349298499524593 -0.005582087207585573 -0.0076615591533482075 -0.008808075450360775 -0.006491213105618954 -0.008803912438452244 -0.00910236407071352 -0.0008155558025464416 -0.00932153407484293 -0.006512119900435209 -0.003472458105534315 0.011686057783663273 0.004371972288936377 0.0011262906482443213 0.004838846158236265 -0.005350580904632807 0.016336021944880486 -0.02648468315601349 0.015982037410140038 -0.056905973702669144 -0.029141362756490707 -0.03851233422756195 -0.016299687325954437 0.020514747127890587 0.0005037359660491347 -0.0720464214682579 -0.03794820234179497 -0.042056482285261154 0.08344376087188721 0.06079787015914917 -0.10255318135023117 -0.04908836632966995 -0.007106688804924488 -0.009125880897045135 0.038722578436136246 0.05208119377493858 -0.04667942225933075 0.05158672854304314 -0.06313417106866837 0.07994232326745987 -0.017573470249772072 -0.01609286107122898 -0.007229236885905266 0.09188241511583328 0.024819649755954742 0.0033542730379849672 0.005877864081412554 -0.016139663755893707 0.0429709255695343 0.02634635753929615 0.07424130290746689 0.03470150753855705 -0.049459610134363174 0.012559160590171814 -0.0007611379260197282 -0.050490472465753555 -0.003084015566855669 0.03023577854037285 -0.018517937511205673 0.03509970009326935 0.012756988406181335 -0.05132134631276131 -0.028657790273427963 -0.009645137004554272 -0.025643527507781982 0.06753450632095337 -0.025180555880069733 0.0669313296675682 -0.03425050154328346 -0.0144233712926507 -0.024614032357931137 0.006368428003042936 -0.05099540948867798 -0.03722101449966431 0.044380370527505875 -0.07236042618751526 -0.04556475207209587 -0.0018338580848649144 -0.0633566752076149 -0.025953544303774834 0.06227657198905945 0.044676512479782104 0.07624973356723785 0.05474613606929779 -0.012436754070222378 0.012655300088226795 0.06850089132785797 0.02719173952937126 -0.018007131293416023 0.07112360745668411 0.006588201504200697 0.06277500838041306 -0.059744466096162796 0.05922214314341545 0.07637947052717209 0.045332279056310654 0.0858984962105751 0.0378255695104599 0.09400312602519989 0.0003709435695782304 0.07972458750009537 0.0560314767062664 -0.005202805157750845 -0.06897414475679398 0.059977222234010696 0.013887237757444382 0.07113433629274368 -0.04043835401535034 0.019034957513213158 0.06309080868959427 0.0031125610694289207 -0.006603162735700607 0.0798444077372551 0.05131940543651581 0.0053766691125929356 0.06173793599009514 0.05757421255111694 0.07479625940322876 0.01045226864516735 0.05083618313074112 0.002264331327751279 -0.019494228065013885 0.08580052107572556 0.06676866859197617 -0.007630214560776949 -0.03324424847960472 0.008229504339396954 -0.006594960577785969 0.014263661578297615 0.0005930718034505844 0.06663959473371506 0.08957426995038986 -0.008385281078517437 0.03217116370797157 0.09303456544876099 -0.010667937807738781 0.029512599110603333 -0.004676137585192919 0.08414828032255173 0.017940953373908997 0.09669839590787888 0.020261533558368683 0.0021200391929596663 0.08653198182582855 0.01954636350274086 -0.03337651863694191 0.04883623123168945 0.015479600988328457 -0.02640678361058235 0.024022260680794716 -0.05414728447794914 -0.008715411648154259 -0.006928144954144955 -0.08831359446048737 0.07052023708820343 -0.05920196324586868 0.1143445372581482 -0.11389481276273727 0.02918357029557228 0.03145335614681244 -0.07521950453519821 -0.05195470526814461 -0.03572089225053787 -0.03201442211866379 -0.002134638139978051 -0.01021583192050457 0.015482266433537006 0.257068008184433 0.04755496606230736 -0.007046386133879423 -0.004086965229362249 0.27835506200790405 -0.0997273400425911 -0.0065101636573672295 -0.05020318180322647 -0.03213286027312279 0.023621518164873123 0.054506804794073105 0.09594229608774185 -0.11138696223497391 -0.035708390176296234 -0.061697594821453094 -0.05550655722618103 -0.07235506922006607 0.01759365014731884 -0.008018946275115013 -0.016648221760988235 0.06607701629400253 -0.01842840388417244 0.0075849853456020355 0.060725804418325424 0.06650374829769135 0.053963880985975266 0.11881917715072632 -0.11443134397268295 0.013340353965759277 0.004716936033219099 -0.012455255724489689 -0.0641050785779953 -0.029306335374712944 0.10214955359697342 -0.05121873319149017 -0.08454741537570953 0.045771658420562744 -0.03287220373749733 0.05328550934791565 0.05881752073764801 -0.06239734962582588 0.016597015783190727 -0.023879576474428177 0.0020577171817421913 -0.014664307236671448 -0.013383875600993633 -0.04466421529650688 0.007097217720001936 -0.03628319501876831 -0.0031210584565997124 -0.04175937548279762 -0.03168228268623352 -0.046894486993551254 0.03393207862973213 -0.0009554973803460598 -0.06966786086559296 -0.048879414796829224 -0.018674619495868683 0.08236034959554672 -0.009002039209008217 -0.028224244713783264 -0.008686027489602566 -0.0356246754527092 -0.011301147751510143 0.05314130708575249 0.022808387875556946 0.014872372150421143 -0.008338626474142075 0.018662966787815094 -0.016631130129098892 -0.008768046274781227 0.00700328079983592 -0.0031085789669305086 -0.017346346750855446 0.03127419948577881 0.00725113321095705 -0.021062038838863373 -0.01485824678093195 0.004720281809568405 -0.002174637047573924 -0.03187604993581772 -0.011831569485366344 0.041421666741371155 0.05161363258957863 -0.035174064338207245 0.030946854501962662 -0.02917773649096489 -0.004529324360191822 0.020017849281430244 0.014120038598775864 0.005485923960804939 -0.000626642256975174 0.014491858892142773 0.0069751800037920475 -0.033808402717113495 -0.03586229309439659 0.03863222897052765 -0.019474221393465996 0.0171438530087471 -0.05376982316374779 0.03016982600092888 0.012149905785918236 -0.008982155472040176 0.0013059612829238176 -0.012080639600753784 -0.04980957508087158 -0.060282152146101 -0.02688555233180523 -0.030400294810533524 0.03362974151968956 -0.08378947526216507 -0.04824824631214142 -0.011409158818423748 0.0008508271421305835 -0.018208637833595276 -0.003623103955760598 0.006537518929690123 0.0776292011141777 0.025854570791125298 -0.05375893414020538 -0.05379052832722664 0.05363452434539795 0.022957414388656616 -0.053367871791124344 0.039329126477241516 0.03845199942588806 -0.029566075652837753 0.004481360781937838 0.09456061571836472 0.04521569237112999 -0.00958725344389677 -0.011182060465216637 0.05133701115846634 -0.004708705935627222 -0.06611967831850052 -0.04004654288291931 -0.021460242569446564 -0.00847256276756525 -0.029379604384303093 0.1021873950958252 -0.05713402479887009 -0.016992276534438133 0.029973909258842468 -0.007017746567726135 -0.03802865371108055 0.03895161300897598 -0.06140594184398651 0.000338251527864486 -0.01932593248784542 -0.002900427207350731 -0.09617257118225098 -0.04341421648859978 0.014468170702457428 -0.0044546667486429214 0.06058357283473015 0.029202045872807503 -0.03900950402021408 -0.0077330972999334335 0.028499392792582512 -0.02168523333966732 -0.010647540912032127 -0.007852546870708466 -0.04351073130965233 -0.020780479535460472 0.06103067100048065 -0.014438912272453308 -0.05075981095433235 -0.030691225081682205 0.03361782804131508 0.007061670068651438 0.03611535578966141 0.007230912335216999 0.02297860011458397 0.013634285889565945 0.01714983955025673 0.03157057240605354 0.020360494032502174 0.022533254697918892 0.015994563698768616 0.0028622024692595005 0.02344929799437523 -0.04608726128935814 0.019400520250201225 0.014102145098149776 0.026544122025370598 0.018262481316924095 0.04156341776251793 0.019391179084777832 0.020724186673760414 0.01652543805539608 0.020556367933750153 0.027676720172166824 -0.029341943562030792 0.010904689319431782 0.020014682784676552 0.025135399773716927 -0.04281109198927879 0.029053589329123497 0.023129485547542572 0.03144912049174309 0.023125305771827698 0.0065715378150343895 0.019594095647335052 -0.012803774327039719 0.024620480835437775 0.03108200617134571 0.028878340497612953 0.02162536419928074 0.037140171974897385 0.038798172026872635 0.014115313068032265 0.01424537692219019 0.014248653315007687 0.015834061428904533 0.004382101818919182 0.006727278232574463 0.015776222571730614 0.017819782719016075 0.013019993901252747 0.008669978938996792 0.01442385371774435 0.025221461430191994 0.031025748699903488 0.028799226507544518 0.0052464683540165424 -3.746400761883706e-05 -0.0027602319605648518 0.011785033158957958 -0.004474482964724302 0.03677308186888695 0.012106944806873798 0.01792614720761776 0.026049615815281868 -0.022842777892947197 -0.009477658197283745 0.026223737746477127 -0.0026282367762178183 -0.02449912205338478 -0.022236350923776627 0.03226194530725479 0.0023930154275149107 -0.02815920114517212 -0.015931639820337296 -0.00955984927713871 0.02030475065112114 0.03203538805246353 0.030311349779367447 -0.013237294740974903 0.006791079416871071 0.021947581321001053 -0.020710956305265427 -0.00025786084006540477 -0.0043455869890749454 0.022341711446642876 -0.019179143011569977 0.004046544898301363 -0.027396729215979576 0.013407886028289795 0.023298224434256554 0.006933912169188261 0.04681552201509476 -0.0009809036273509264 0.016612771898508072 0.014273298904299736 0.0018603438511490822 -0.02725907228887081 -0.007770729251205921 0.0006158120231702924 -0.035279616713523865 0.012279380112886429 0.008811041712760925 -0.021391965448856354 -0.02061949111521244 0.014190945774316788 0.031851403415203094 -0.037451185286045074 -0.008159816265106201 -0.01862337440252304 0.009488536044955254 -0.014592531137168407 0.01114475354552269 -0.016785835847258568 0.008251947350800037 0.015001647174358368 0.0026328477542847395 0.00885576568543911 0.0394466333091259 0.01649889536201954 0.010081619024276733 0.008794103749096394 0.01336820237338543 -0.007880040444433689 -0.03652220219373703 -0.020094728097319603 -0.005407114513218403 0.018707845360040665 0.01871435157954693 0.06738723069429398 -0.002220103982836008 0.011902515776455402 0.08155988156795502 -3.1549789127893746e-05 -0.0014793945010751486 0.06386137008666992 0.015751689672470093 0.030476238578557968 -0.014161380007863045 -0.01620979979634285 0.04469632729887962 -0.06884520500898361 0.09297662228345871 0.06875193119049072 0.013319219462573528 0.00946448277682066 0.10857811570167542 0.08876346051692963 0.06075994297862053 0.07008485496044159 0.09206096827983856 0.04995967075228691 -0.019670650362968445 0.06535667181015015 0.0386500246822834 0.07343421131372452 -0.05793658271431923 0.05496349558234215 0.06172442436218262 0.0018695862963795662 0.07447214424610138 0.08487503975629807 0.0037794429808855057 0.029037538915872574 0.06807894259691238 0.0794336348772049 -0.014492477290332317 0.07571045309305191 0.11411158740520477 0.011671668849885464 0.029168566688895226 0.084696464240551 0.00625663110986352 0.022752704098820686 0.0645265132188797 -0.0008569922065362334 0.0181778222322464 0.04118993133306503 -0.01614244654774666 0.02939119003713131 0.013910186477005482 0.05636788532137871 0.02384898066520691 0.027800319716334343 0.06197350099682808 0.01845485344529152 0.02862526662647724 -0.010629083961248398 0.027078434824943542 0.008222276344895363 -0.02115868590772152 0.03119405172765255 0.044419627636671066 0.049589287489652634 0.09649236500263214 -0.0028679464012384415 0.07229259610176086 0.052019406110048294 0.0132610984146595 0.02429673820734024 0.0192075464874506 -0.00843995250761509 0.013997948728501797 -0.016314595937728882 0.004642104264348745 -0.04845788702368736 0.09868717193603516 0.02965843491256237 -0.0024237865582108498 0.05471605062484741 0.02785046398639679 0.05581609532237053 0.06858189404010773 -0.0008502522832714021 0.02603180892765522 0.04368449002504349 -0.05130045488476753 0.07303009182214737 0.045796483755111694 0.06259005516767502 -0.05423103645443916 0.09028062224388123 0.03986508771777153 0.07878245413303375 0.07882397621870041 0.019189149141311646 0.044265877455472946 -0.029974017292261124 0.010308129712939262 0.054451216012239456 0.05327116698026657 0.03409993276000023 0.07875234633684158 -0.002820730209350586 0.06438349187374115 0.07747730612754822 0.06585167348384857 0.03465212509036064 0.016461243852972984 -0.00463475426658988 0.06292041391134262 0.044853657484054565 0.024793827906250954 0.06885107606649399 0.08371078222990036 0.0790105015039444 0.0992555320262909 0.04406861960887909 -0.02442043647170067 0.01569865085184574 0.00795623566955328 0.06096453219652176 0.04815829172730446 0.052203088998794556 -0.024561870843172073 0.056732576340436935 0.033692218363285065 0.007580543402582407 0.12274368852376938 -0.029814844951033592 0.02796698361635208 0.07688642293214798 0.013377061113715172 -0.003370581893250346 0.05182158946990967 0.042237039655447006 0.032494790852069855 0.0475727915763855 0.008362132124602795 -0.03176325932145119 0.12404005229473114 -0.005774548277258873 0.09421198815107346 0.024954993277788162 0.10001476854085922 0.09253623336553574 0.03214586526155472 0.066744364798069 0.05996045097708702 0.013540252111852169 -0.02222457341849804 0.07557804137468338 0.020922495052218437 0.09183661639690399 -0.08274654299020767 0.016529764980077744 0.06611086428165436 0.11584050208330154 0.05847534164786339 0.00803386326879263 0.05396191403269768 0.0415957011282444 0.045453496277332306 0.04940928891301155 0.008606789633631706 0.056555844843387604 0.03627242520451546 0.06656910479068756 0.1002420112490654 0.08998668938875198 0.005458924453705549 0.006849922705441713 0.02960783615708351 0.033453796058893204 0.0025794028770178556 0.020420460030436516 0.007054264657199383 0.09245947748422623 0.07998088002204895 0.08838405460119247 0.017831163480877876 0.052313413470983505 -0.018321329727768898 0.07903732359409332 -0.02978176437318325 0.09155920892953873 0.01470741257071495 0.016789134591817856 0.023610858246684074 0.06675496697425842 0.07514169067144394 -0.0006682250532321632 -0.02106999047100544 -0.015814540907740593 -0.0055306642316281796 0.0021463120356202126 -0.01109284721314907 -0.007277658209204674 0.0034230046439915895 0.008218851871788502 0.004697801079601049 0.025530420243740082 -0.023435601964592934 -0.015840627253055573 -0.009992755949497223 0.006051552481949329 -0.012498307973146439 -0.02154524251818657 -0.017546746879816055 -0.02455008774995804 0.00863142404705286 -0.014671532437205315 -0.004396289121359587 -0.01966315135359764 0.044095925986766815 -0.00448411051183939 0.0004490069404710084 -0.006185524631291628 -0.026507630944252014 -0.020862063392996788 -0.014097288250923157 -0.0008849643636494875 -0.007301187142729759 -0.002649307483807206 -0.011180493980646133 -0.0011677274014800787 -0.012046229094266891 0.013060672208666801 -0.024370167404413223 -0.005546282511204481 0.0015413666842505336 -0.01722712628543377 -0.020676789805293083 0.007482292130589485 0.003210202557966113 -0.010972537100315094 -0.021526576951146126 -0.008350169286131859 -0.0005944540025666356 -0.000667044660076499 0.015872595831751823 -0.00817557331174612 -0.001309716491959989 -0.009539186954498291 -0.01806921511888504 -0.0012366853188723326 -0.03006713278591633 0.007934490218758583 -0.014916444197297096 -0.0031747352331876755 -0.007509483024477959 -0.003450463293120265 -0.0002780420472845435 0.000911737501155585 -0.006904270965605974 0.025956060737371445 0.024223409593105316 -0.02332150563597679 0.025911381468176842 -0.024201540276408195 0.017872046679258347 -0.012938757427036762 -0.06691326200962067 0.01844763569533825 -0.007212694268673658 0.07483837753534317 0.055370964109897614 0.1893254965543747 -0.06591574102640152 0.0391271598637104 0.003449327079579234 0.04006367176771164 0.00011734892905224115 0.010410115122795105 -0.009344197809696198 -0.057968657463788986 0.0004645580775104463 0.017893413081765175 0.2892988920211792 0.04257666692137718 -0.08871251344680786 -0.004498597234487534 0.2746080458164215 -0.0638464093208313 0.014353500679135323 0.03498908504843712 0.0191218089312315 0.021373296156525612 0.09309279918670654 0.12256839126348495 -0.0022553042508661747 -0.02245715633034706 -0.03441767394542694 -0.07607721537351608 -0.029158206656575203 -0.031367816030979156 -0.03941347822546959 -0.0618482269346714 0.030499331653118134 0.03487849980592728 -0.03774108365178108 0.020185256376862526 0.006451094523072243 -0.002048023510724306 0.02375529333949089 0.01079302653670311 0.044548410922288895 -0.09379451721906662 -0.011711769737303257 -0.082669198513031 -0.02711246907711029 -0.0008441356476396322 0.003866125363856554 -0.07396522909402847 -0.0403483584523201 -0.05943472310900688 0.051334965974092484 0.0456525944173336 -0.06442908942699432 -0.0019161530071869493 -0.012710131704807281 0.003663059324026108 -0.003168469062075019 -5.21345718880184e-05 -0.0034159773495048285 -0.004808549303561449 -0.0017411832232028246 -0.0012202785583212972 -0.002778344787657261 0.0015912282979115844 -0.004945706110447645 -0.0005980408168397844 0.0003731118922587484 -0.0036345897242426872 -0.001841880613937974 -0.0025964591186493635 0.008841348811984062 0.003083046292886138 -0.0029112319462001324 -0.00449855113402009 -0.004306481219828129 0.000780871429014951 0.0023455843329429626 -0.001115744118578732 -0.0019214379135519266 -0.0007204255671240389 -0.007307897787541151 -0.0044829570688307285 -0.0008545680902898312 -0.009547102265059948 -0.005159961991012096 -9.354464418720454e-05 0.0009559449972584844 0.0023832041770219803 -0.001909027574583888 0.00040989217814058065 0.0010057772742584348 0.001835375907830894 -0.00626114197075367 0.001757107675075531 0.007151333149522543 0.004677049815654755 0.0002744450466707349 0.0019565715920180082 -0.0004291161021683365 -0.0030692473519593477 0.004865576978772879 2.3713706468697637e-05 -0.001594075933098793 0.0010016161249950528 -0.0017466358840465546 -0.005625227931886911 -0.006235240492969751 -0.001416203798726201 -0.0037160918582230806 -0.0005925408331677318 -0.001599115552380681 -0.004089859314262867 -0.011116362176835537 0.0007028690306469798 -0.0023000133223831654 -0.0017291393596678972 -0.003421270288527012 1.3775124704101804e-12 -3.3203436528017605e-11 -2.8560939835834223e-16 4.92882648655765e-16 4.215649163086255e-09 -9.361591433683232e-24 -2.0643942284792605e-12 -3.5493297594699506e-24 -9.607285088594077e-18 2.249347872201814e-15 -9.598911936299897e-16 -1.0320305374178496e-11 -2.0823100103879505e-15 -3.7239660140298e-12 4.1291189217806945e-14 -2.0293440599008266e-31 -1.067892341327886e-15 -1.3411482861769297e-11 -5.355668623293957e-15 -3.089889726460432e-13 -2.7861434881701e-17 9.459269811884496e-09 3.30597877962191e-08 -4.400509578109042e-21 -2.0966711130034396e-19 9.098380937544448e-10 -4.073652758586848e-18 -7.793094867477668e-16 -1.0371040912995552e-14 5.960040794228405e-11 8.695684172721485e-10 -3.1784243206128826e-12 -4.418339067009669e-13 -7.55825632116347e-13 2.669749415252661e-18 1.2399249162131643e-11 2.530947151890058e-16 3.819846106090097e-10 -2.1172930216809688e-14 -4.0623320679555874e-14 3.675774129519027e-09 -1.817288224268657e-15 4.757911753472399e-08 -5.515350215719154e-16 -9.027973139029422e-13 -8.198902396806793e-17 1.634966745323041e-10 -3.139592126161146e-20 -4.262633594956798e-20 -1.5225695027103721e-21 -3.1689305847885457e-32 -3.253150471427328e-16 -1.7634008402794832e-12 -7.39099927093978e-12 -1.82676495593748e-14 -2.702997873270385e-13 3.630185429738747e-15 -2.6193790790318568e-17 -4.277893247121296e-17 1.627206876186893e-11 -7.80890922671279e-14 2.2962315100565067e-13 4.460589231314316e-09 3.1008553363909286e-11 0.028587408363819122 0.050264112651348114 0.013314283452928066 0.04416360706090927 0.04058026894927025 0.03556710481643677 0.017896363511681557 0.023807913064956665 0.01112318504601717 0.003484350396320224 -0.00019332118972670287 0.028413817286491394 -0.04717084765434265 0.052205316722393036 -0.0009026369079947472 0.03884260728955269 0.06382585316896439 0.061414506286382675 0.02184043824672699 0.01725735515356064 0.02203279174864292 0.01798642985522747 0.035867780447006226 -0.03620411828160286 0.02417965605854988 0.03731187805533409 0.027720483019948006 -0.025774387642741203 0.02339395135641098 0.009482483379542828 0.02682025544345379 -0.006102915853261948 -0.004758727271109819 0.030943293124437332 -0.006989555433392525 0.025218388065695763 0.0475836805999279 0.03747545927762985 0.014527705498039722 0.039416760206222534 0.016523879021406174 0.04223126545548439 0.018312063068151474 -0.0009515206911601126 0.008028259500861168 0.02165926620364189 -0.001710147480480373 0.011959315277636051 0.03087490051984787 0.0016039024339988828 0.004702327307313681 0.044565245509147644 0.04778018593788147 0.053326841443777084 0.04911072924733162 0.01631828211247921 0.006200732663273811 0.001622010488063097 0.010475937277078629 -0.016716454178094864 0.055319614708423615 0.020486237481236458 0.03697971627116203 0.027977127581834793 1.58691368558209e-15 -3.764403025408036e-11 -8.209170156663189e-16 -1.1228900448356782e-10 -6.176416889047687e-08 -4.0710340838957283e-23 2.336834768357221e-06 2.33468008889058e-16 -1.1844470328679483e-17 -3.377331836418307e-08 1.5979602834845016e-25 -2.120532822119054e-16 2.7826622783777566e-08 8.307449728128802e-10 1.7090931123675546e-06 4.5257005608367873e-13 3.916539317118167e-15 -5.603138841792088e-09 6.5552801901958e-12 1.2662568696630025e-15 1.6699482074944427e-10 -2.9732825979067457e-08 2.7313230075989644e-24 -1.1116984856517487e-30 1.5145848645896874e-14 5.207875233281811e-07 1.4856579906387716e-15 -2.1037892929801425e-20 1.1009035446229911e-14 3.043046023498697e-11 5.5227098935684005e-12 1.4913824486484373e-07 -5.752397318474023e-33 -3.393634331883e-11 1.4173258310805174e-14 1.0009071047534235e-06 -2.5355794407554465e-22 -4.3017076012397126e-11 3.113352606862012e-14 6.762085336120549e-11 -6.4293835012885214e-12 6.200323241500882e-07 3.2665798244124744e-06 1.556864930307711e-07 -2.2313228042890892e-18 -6.668163243794822e-10 5.54131851515649e-10 -5.205337050284697e-09 4.471532316538536e-26 9.45973255284116e-08 9.066399792415655e-17 -3.687543959827967e-15 2.2847349012700136e-13 7.381265737516074e-12 -2.3075411026418635e-10 4.410702914015019e-10 -2.041946689859686e-12 -4.1067116751751055e-22 -4.1560491159664537e-11 -3.722209740431026e-08 5.923718140359371e-14 1.5474391545922117e-07 -2.688115138468894e-12 -3.7501084183955066e-25 0.006241739261895418 0.002778016496449709 0.0002499349066056311 0.0077364942990243435 0.00619319686666131 0.00839611329138279 0.009664865210652351 0.007146797608584166 0.005698131863027811 0.006849338766187429 0.0005813086172565818 0.006156102754175663 -0.02256796695291996 0.015337653458118439 0.006425822153687477 0.008778994902968407 0.009199874475598335 0.006324420217424631 0.009250573813915253 0.0089348079636693 0.00536046689376235 0.006236206274479628 0.003699737135320902 -0.01931857503950596 0.002902141772210598 0.003793256124481559 0.009052916429936886 -0.0188311580568552 0.011608748696744442 0.004604928661137819 0.0026521855033934116 0.0065052565187215805 0.010171203874051571 0.006776751950383186 -0.00866729486733675 0.00780411995947361 0.009151347912847996 0.006909627467393875 0.005721070803701878 0.013693084940314293 0.011258489452302456 0.008817711845040321 0.014148082584142685 0.004780353046953678 0.0034730962943285704 0.002291668439283967 0.0009043319150805473 0.004384018946439028 0.0055614132434129715 0.00045963242882862687 0.007688749581575394 0.010553720407187939 0.0075021483935415745 0.011364134028553963 0.010507810860872269 0.005734412930905819 0.00581973185762763 -0.0019067004323005676 0.00884389691054821 0.0034953192807734013 0.013100558891892433 0.0042078387923538685 0.012421824969351292 0.008122819475829601 -0.012284156866371632 0.024411678314208984 0.0026950181927531958 0.010973515920341015 0.07446658611297607 0.0857032909989357 0.008300361223518848 0.054848190397024155 0.004656273405998945 0.010803616605699062 -0.012055903673171997 0.07982569187879562 -0.08024390041828156 -0.010373463854193687 0.09741438925266266 0.06692437082529068 0.10151365399360657 0.060780301690101624 0.09534528851509094 0.040415920317173004 0.029751978814601898 0.008865117095410824 0.0468156561255455 -0.02815662883222103 0.07738316804170609 0.05930788442492485 0.07901713997125626 -0.07721174508333206 0.03097822144627571 0.049104414880275726 0.09688317775726318 0.06741462647914886 -0.0028499735053628683 0.07856619358062744 -0.016589703038334846 0.029498904943466187 0.052959974855184555 0.0038951379247009754 0.0802178755402565 0.021158790215849876 0.013538592495024204 0.010491752997040749 0.010064561851322651 0.06622099131345749 -0.010460915975272655 -0.0028021708130836487 -0.0012777016963809729 0.04760396480560303 0.0639050081372261 0.029279911890625954 0.016580838710069656 0.020905839279294014 0.017184557393193245 0.05564132705330849 0.019962571561336517 0.0025814722757786512 0.0007465236121788621 0.03168795630335808 0.016258854418992996 0.039624251425266266 0.05926145985722542 0.05404624715447426 0.08789852261543274 0.035104911774396896 0.005956822540611029 0.005174440331757069 -0.008225983008742332 -0.021896842867136 0.01171750295907259 -0.02138417959213257 0.021113913506269455 0.012422943487763405 0.017084073275327682 0.017415594309568405 0.049713291227817535 0.004971164278686047 -0.028944658115506172 -0.02240387536585331 -0.017946159467101097 -0.005967230536043644 -0.028917472809553146 -0.025675268843770027 0.0035181574057787657 -0.009739330038428307 -0.023220766335725784 -0.014322464354336262 -0.015647999942302704 0.08748336136341095 -0.005025454331189394 -0.0030345390550792217 -0.006799170281738043 -0.05392562970519066 -0.01618739776313305 -0.007802675478160381 0.0013366725761443377 -0.00458636274561286 0.011230950243771076 -0.009646535851061344 0.006333489436656237 -0.030924523249268532 -0.0017617703415453434 -0.025015797466039658 -0.010148563422262669 0.01122735720127821 -0.01895817369222641 -0.006136338692158461 -0.013179647736251354 0.0010096336482092738 -0.012790048494935036 0.007688458543270826 -0.005137895233929157 0.009972412139177322 0.0009904445614665747 0.019307345151901245 0.005526679567992687 -0.009050209075212479 -0.014881065115332603 -0.015089932829141617 0.00765235023573041 -0.03338631987571716 -0.0027683561202138662 -0.03923957049846649 -0.02382567711174488 -0.029060466215014458 0.016896560788154602 0.0035235174000263214 0.03161817416548729 0.0049363416619598866 0.05481339246034622 0.05952764302492142 -0.0031980383209884167 0.06267757713794708 -0.0008073574281297624 0.018811270594596863 0.07407712191343307 0.017227645963430405 0.05381869897246361 -0.002347002038732171 0.021702459082007408 0.022060932591557503 -0.06806858628988266 0.003396945307031274 0.05924411490559578 0.0322427898645401 0.014249652624130249 0.09124287217855453 0.02794106863439083 0.050836432725191116 0.05598830059170723 -0.001534038339741528 0.035848792642354965 0.005229146685451269 0.04688194394111633 0.005320332478731871 0.01480183657258749 -0.06486126035451889 0.03189781680703163 0.005710287485271692 0.04436655715107918 0.008401799015700817 0.003950432408601046 0.008737127296626568 -0.03047403134405613 0.009005626663565636 0.07683990895748138 0.08195328712463379 0.050058234483003616 0.034989312291145325 0.019272776320576668 0.01518410537391901 0.07293413579463959 0.05822569131851196 0.03235691785812378 -0.01816326379776001 0.02853952720761299 0.041014451533555984 0.026149282231926918 0.039413683116436005 0.004490630701184273 0.016853857785463333 0.027835097163915634 0.05457710474729538 0.02607155777513981 0.03155050426721573 0.055841512978076935 -0.019804956391453743 0.07423093169927597 -0.0149859469383955 0.08344177901744843 -0.005941618233919144 0.0872095376253128 0.06145981326699257 0.07594024389982224 0.023629648610949516 0.10118024796247482 0.08730749785900116 0.06138540059328079 -0.007273869588971138 0.11027797311544418 0.01786184124648571 0.029850879684090614 0.05151183530688286 0.029548637568950653 0.0414784736931324 -0.07552734017372131 0.12782354652881622 0.02828899957239628 0.08795834332704544 0.07161673158407211 0.0250791534781456 -0.004554435145109892 -0.0020136763341724873 0.05565490201115608 0.07358712702989578 0.027609746903181076 -0.045204464346170425 0.03658574819564819 0.003744924208149314 0.039100002497434616 -0.06473150104284286 0.07713950425386429 -0.002698708325624466 0.025483878329396248 0.03992059826850891 0.016033833846449852 -0.032477688044309616 0.03059236891567707 0.09070940315723419 0.02359563671052456 0.08018973469734192 0.08189629763364792 0.004225502256304026 0.10333815217018127 -0.025182325392961502 0.08795923739671707 0.09224459528923035 0.04560072347521782 -0.0059156897477805614 -0.019353169947862625 -0.016423413529992104 0.07688978314399719 0.06343448162078857 0.08967627584934235 0.09322883188724518 0.03963017836213112 0.010806671343743801 0.001253330148756504 0.08938981592655182 0.09108933806419373 0.012341237626969814 -0.0012562661431729794 0.03802982717752457 0.09778443723917007 -0.0006608923431485891 0.07161958515644073 -0.009502995759248734 0.09311996400356293 0.07857707887887955 0.09726907312870026 0.020070690661668777 -0.009693412110209465 -0.014199461787939072 0.05820478871464729 0.06624464690685272 0.08479475975036621 0.06329762935638428 0.00668699573725462 0.11127252131700516 -0.030818259343504906 0.03364960104227066 0.08280778676271439 0.022298984229564667 0.07219631224870682 0.034065499901771545 -0.017441462725400925 0.07089804857969284 0.048298679292201996 0.059274595230817795 0.04098617285490036 -0.02444952167570591 0.08619719743728638 0.026851492002606392 -0.00966630969196558 -0.09610112756490707 0.040132224559783936 0.051788121461868286 0.04006684198975563 0.04964369535446167 -0.011328390799462795 0.012343519367277622 0.03252067416906357 0.01282106339931488 0.024158591404557228 0.11851593106985092 0.056185539811849594 0.13056842982769012 0.0014043158153072 0.003984661772847176 0.09260974079370499 0.05765922740101814 0.002448300365358591 -0.0240374356508255 -0.0072997696697711945 -0.005827153101563454 0.09151208400726318 0.07904446125030518 0.04258380085229874 0.04212842881679535 0.059637222439050674 0.0607886016368866 0.0518360510468483 0.05264765024185181 0.04353681579232216 0.0414893664419651 0.04262271150946617 0.045425496995449066 0.021301444619894028 0.03520718961954117 0.12700393795967102 0.04933292418718338 0.04552609100937843 0.03403131663799286 0.04589923098683357 0.09266520291566849 0.035132862627506256 0.03167872503399849 0.052062977105379105 0.04978691413998604 0.029561132192611694 0.0376075841486454 0.002212604507803917 0.09165795892477036 -0.08517615497112274 0.13101279735565186 0.05691090226173401 0.04136671870946884 0.05536844953894615 0.028917156159877777 0.03387147933244705 0.041762154549360275 0.043065112084150314 0.07586478441953659 0.04929778352379799 -0.03622722253203392 0.024588242173194885 0.06148543208837509 0.04269366338849068 -0.03871721029281616 0.09228462725877762 0.0547851100564003 0.03317669779062271 0.02631111443042755 0.0202096626162529 0.022171365097165108 0.016000377014279366 0.05752478539943695 0.09140220284461975 0.07474803924560547 0.06541323661804199 0.08486434817314148 0.054169006645679474 0.041051458567380905 0.055421024560928345 0.024810966104269028 0.019818438217043877 0.021008288487792015 0.03280330449342728 0.012552686035633087 0.020677533000707626 -0.003665831871330738 0.05071985349059105 0.04552115127444267 0.06718428432941437 0.11680644005537033 0.05876900255680084 0.039579957723617554 0.0015450204955413938 -0.011455107480287552 0.0424639955163002 -0.010807267390191555 0.03999654948711395 0.04253070056438446 0.08954106271266937 0.10388676077127457 0.014341398142278194 0.07068841904401779 0.019552191719412804 0.040909767150878906 0.02989819087088108 0.023076370358467102 0.046085089445114136 0.037924304604530334 -0.0011539977276697755 0.002565399743616581 0.0181073397397995 0.03007526323199272 -0.05719175562262535 0.016689028590917587 -0.010522142052650452 0.011442495509982109 0.05003991350531578 -0.0002278667379869148 0.061476632952690125 0.051588211208581924 0.026527730748057365 0.014381839893758297 0.019662531092762947 -0.022728130221366882 -0.011504204012453556 0.023348385468125343 0.01656164415180683 -0.04863955080509186 0.03220037743449211 0.02050074376165867 0.003220496466383338 -0.006913941819220781 0.036030471324920654 0.05702229589223862 -0.0008701993501745164 0.04058782011270523 0.03265144303441048 -0.004124644212424755 0.04655805602669716 0.04175689071416855 0.029093105345964432 0.02613895945250988 0.04712899774312973 0.04894639179110527 0.005913617089390755 -0.017467288300395012 0.011047504842281342 0.039028752595186234 0.005212138872593641 0.019037963822484016 0.06112173572182655 0.01731043867766857 0.030665382742881775 0.04699124023318291 0.03385581448674202 0.025661392137408257 0.043349359184503555 0.01858096942305565 0.008419175632297993 -0.014786265790462494 0.007022258825600147 0.03494750335812569 0.08236471563577652 0.06316050887107849 -1.1380335151072916e-17 -1.2457923683688814e-16 -2.222404846028063e-17 4.5007418252796144e-18 1.7441901444971702e-18 -4.16347423335245e-18 2.598780726679735e-16 5.394227994963974e-18 -4.912598360992217e-18 -9.971055960937747e-18 9.541130285129383e-19 3.551841999179715e-18 -1.3571744216059637e-17 -6.807108282808668e-15 2.780233241334378e-18 -2.985424904855201e-18 3.0174850605497455e-17 -6.084151932261861e-11 -1.5228696303193107e-15 -1.0275504334881258e-18 -7.446992903890376e-18 1.134005972704771e-17 -2.063143957662411e-17 3.72083574278685e-16 -4.4106511032246265e-18 -2.081561134000904e-17 -5.728496643580328e-18 2.5862003683539873e-17 -4.833594028502697e-12 1.491672334845861e-17 1.1043913351322087e-16 2.084406469871964e-17 -1.2853656318593166e-17 2.0069138739822813e-17 2.80641801585602e-17 5.337636846946465e-18 1.2362134018085581e-17 -1.426967289481758e-17 1.3975201973422683e-18 1.2972951479354951e-17 -1.3646081283348553e-17 1.236832480322605e-16 4.510701493445059e-18 1.5194984218184457e-18 1.1668567476287938e-18 -1.9368351324867888e-17 5.112419140795733e-18 -1.4471389556041455e-15 -2.2463851428582204e-18 -8.027471374259798e-13 -1.3996446039504576e-18 -1.9679199181620415e-17 2.4266937659873763e-18 -4.838865135550465e-18 -1.6376470482126864e-17 -1.1048487660109505e-17 2.7211359593995986e-16 1.1327824898607437e-17 1.1954262011383646e-17 -1.9865362795920374e-17 3.949654248862086e-18 -1.709683657396665e-14 7.446360937902385e-18 -2.6977746252782025e-17 -0.028136517852544785 0.0032182233408093452 0.004365493077784777 -0.01779082976281643 0.0018562892219051719 0.002345076762139797 -0.009330942295491695 -0.004882940091192722 -0.029737267643213272 -0.02209799364209175 0.012014325708150864 0.01924917846918106 -0.005038559436798096 -0.014913326129317284 -0.010237326845526695 -0.013506327755749226 -0.019769486039876938 -0.0022418866865336895 -0.02592254802584648 0.03206389769911766 -0.021400211378932 0.05031692236661911 -0.012294965796172619 0.007111792918294668 -0.019881485030055046 0.007715980987995863 -0.013608487322926521 -0.010953985154628754 -0.010201509110629559 -0.018008213490247726 -0.016724348068237305 0.018329095095396042 0.0007358557777479291 -0.017303915694355965 0.01701452024281025 0.030050447210669518 -0.01646629348397255 -0.014521780423820019 -0.005232777446508408 0.03830680996179581 0.025726815685629845 -0.028993461281061172 0.04109254106879234 -0.019061706960201263 -0.017706984654068947 0.009920373558998108 0.02335604839026928 0.017730165272951126 0.005485912784934044 0.0028742749709635973 -0.008099687285721302 -0.03242264688014984 0.004862109664827585 0.04478829726576805 -0.0244382843375206 -0.00014007664867676795 -0.030747881159186363 -0.01020987331867218 0.0017700133612379432 -0.04575762897729874 -0.034243278205394745 -0.001101242727600038 0.03298718482255936 -0.013218849897384644 -0.011193657293915749 0.01358069945126772 -0.014504162594676018 -0.04665124788880348 0.002431025030091405 0.014480001293122768 0.0012984508648514748 -0.01631961390376091 0.006538433022797108 -0.02325838804244995 0.008622529916465282 0.009981893002986908 -0.03392374515533447 -0.03424915671348572 0.042386140674352646 -0.053961317986249924 -0.04136836528778076 -0.012449188157916069 -0.07633169740438461 -0.028467748314142227 -0.02850266546010971 0.03930741921067238 -0.026159651577472687 0.08021124452352524 0.013814320787787437 -0.013679389841854572 0.023106388747692108 -0.005096031352877617 0.012248723767697811 -0.04890543222427368 -0.04429948329925537 -0.0027939914725720882 0.003011123975738883 -0.00839674100279808 0.03334492817521095 -0.03257450461387634 0.007978236302733421 0.01132520567625761 0.00490942457690835 0.0013029586989432573 -0.013677703216671944 -0.03271252289414406 0.03709767386317253 0.01729966327548027 -0.025775283575057983 -0.012497326359152794 0.026379933580756187 -0.022873586043715477 0.03645419701933861 0.0046912552788853645 -0.007137524429708719 0.027681097388267517 0.02008851058781147 0.014673259109258652 -0.014370856806635857 -0.034109972417354584 -0.020733745768666267 0.023806408047676086 -0.029247360303997993 -0.022582892328500748 0.016948726028203964 -0.00829976424574852 -0.021254519000649452 0.005553663708269596 -0.00640670582652092 0.027296941727399826 -0.005434815771877766 0.0025431562680751085 -0.006023254711180925 0.032545704394578934 -0.008582145906984806 -0.012710693292319775 -0.02447711117565632 -0.014078994281589985 0.002220229711383581 -0.006332850083708763 -0.008840920403599739 0.0008699724567122757 0.015356176532804966 0.011637646704912186 -0.005528147332370281 -0.013097808696329594 -0.006524931639432907 0.05112694576382637 -0.017994849011301994 0.01763143204152584 -0.01468453835695982 0.014897515997290611 0.009619669057428837 0.0014675521524623036 0.02232053130865097 0.017797356471419334 0.00864364579319954 -0.004808004479855299 -0.004358098842203617 0.003488200018182397 0.0019035706063732505 -0.01540143322199583 -0.03732939064502716 0.02908139117062092 0.025808818638324738 -0.012788049876689911 0.0012602739734575152 0.011600898578763008 -0.0006947929505258799 0.004829213488847017 0.012438382022082806 0.00020572150242514908 -0.005243478808552027 -0.0035155508667230606 0.002744112629443407 -0.004133965354412794 -0.007853123359382153 0.012746619991958141 0.008850423619151115 -0.024029448628425598 -0.0018574846908450127 -0.0062446026131510735 0.004765686579048634 -0.00034295552177354693 -0.005270967725664377 -0.00421221973374486 0.003132275538519025 -0.009334685280919075 -0.0012992790434509516 -0.0023969984613358974 -0.005137239582836628 -0.009130774065852165 3.916143032256514e-05 -1.2639491615118459e-05 -8.911194163374603e-05 -3.257731077610515e-05 8.773718946031295e-06 -7.740103683318011e-06 -5.829908695886843e-05 -1.2528549632406794e-05 -8.111117494991049e-05 -7.782783359289169e-05 -3.68306900782045e-05 -0.0001195955992443487 -0.00014418060891330242 2.1920917788520455e-05 -0.00012227967090439051 -3.93804584746249e-05 -3.657874549389817e-05 -9.2948685050942e-06 -7.230655683088116e-06 1.1990068742306903e-05 -0.00011678884038701653 -7.280309364432469e-05 1.2774127071679686e-06 -0.0003934144333470613 2.718861651374027e-06 5.8075056585948914e-06 -2.4870298148016445e-05 -0.00012959282321389765 -2.695396869967226e-05 -3.981343616032973e-05 -3.955326246796176e-05 -4.018650361103937e-05 -2.7776344722951762e-05 1.112299855776655e-06 -8.291919948533177e-05 8.652559699839912e-06 7.694717169215437e-06 -0.00010276466491632164 1.1492580597405322e-05 -3.1025912903714925e-05 -2.727615719777532e-05 -3.147955794702284e-05 -2.584286812634673e-05 -2.735520865826402e-05 3.4752360079437494e-05 -5.0772145186783746e-05 -1.4072218618821353e-05 -3.5129894968122244e-05 1.3959224816062488e-05 -4.044838351546787e-05 -5.161471926840022e-05 -1.853801768447738e-05 -2.6330790205975063e-05 -3.196088073309511e-05 -5.178735591471195e-05 5.135542323841946e-06 -6.605417001992464e-05 -2.4099939764710143e-05 4.039735358674079e-05 -0.0001197169185616076 -5.958631300018169e-05 -2.7044667149311863e-05 -3.938613735954277e-05 -7.806649227859452e-05 -1.0911673342661743e-07 -5.972146368549147e-07 -1.5425747506014886e-06 -9.272843048968582e-10 -5.72183578295693e-10 2.96148723322176e-08 -1.2235324220455368e-06 -3.0761893032860144e-10 -1.8068557761097281e-09 -3.5448492781142704e-06 -1.721915991367817e-21 1.6739425401368635e-09 4.772211923409486e-07 3.6453147913562134e-05 -1.620269785007622e-07 -5.970533401011835e-09 3.7823406273673754e-06 -6.48066088615451e-06 2.0600825791916577e-06 -2.953120858961711e-09 -1.376360501126328e-07 1.1409158950925757e-08 3.6938160974386847e-08 -7.35201538191177e-05 -3.537665236308385e-07 -1.376982083911571e-09 -2.554342017901945e-06 0.0001186504669021815 -2.622511807715e-08 -2.552102751351981e-09 -2.055102044096202e-07 -8.534173900898168e-08 -1.417909629708447e-07 1.0418771978493169e-07 -1.0907182712571739e-07 -4.144640115555376e-07 -1.241814743480063e-06 -1.6791615280453698e-06 6.571753696782423e-10 1.0709596542923805e-09 1.3759209327446342e-09 -1.3421119327006181e-08 -2.0418514878883798e-08 -7.99529387141007e-10 -5.98222638092949e-10 -3.332999654048763e-07 -1.717013304869397e-07 -4.80873962871442e-09 -5.501637474480958e-07 -3.1033485470288724e-07 -2.7463800122973225e-08 -4.192610703057653e-08 -5.160096794298852e-09 1.1777966157922037e-08 5.577521777766492e-10 -1.3788954333904258e-07 -1.631302438909188e-06 -7.71837918023266e-08 9.34144281927729e-08 -2.0281577306491272e-08 -3.264283954251823e-09 -1.64893879173178e-06 7.849509415791545e-07 -8.053149969100559e-08 0.009656723588705063 -0.003921861760318279 0.000919087091460824 -0.0017667136853560805 -0.008119391277432442 0.016790742054581642 0.02718511037528515 -0.004789115861058235 0.00567976338788867 -0.015439813025295734 0.01978730410337448 0.03880523145198822 0.02954907715320587 0.00452284375205636 0.006268774159252644 -0.006012958474457264 0.04526525363326073 0.03434905782341957 -0.01789327710866928 0.004336137790232897 -0.026668354868888855 0.004557671025395393 0.009917098097503185 0.009358559735119343 0.0003584347723517567 0.022865917533636093 0.017773451283574104 0.0012853627558797598 -0.034181613475084305 0.015107952058315277 0.00045609939843416214 0.0038258531130850315 -0.0011757698375731707 -0.007606863975524902 0.014307750388979912 -0.008335867896676064 0.022301267832517624 -0.0211251862347126 0.009638632647693157 0.0022615662310272455 0.019554877653717995 -0.030602717772126198 -0.007947670295834541 0.011000256985425949 0.01700015552341938 -0.00029555405490100384 -0.012448632158339024 0.0021077264100313187 -0.0051941112615168095 0.0017857560887932777 -0.006946863606572151 -0.018684443086385727 0.036733999848365784 0.02091439627110958 -0.023767301812767982 -0.008930868469178677 -0.009581997990608215 0.007484706584364176 -0.026431981474161148 -0.039340123534202576 0.0069815609604120255 0.029533520340919495 -0.00010671139170881361 -0.02655382826924324 -0.13236412405967712 -0.038090914487838745 -0.019543925300240517 -0.026753060519695282 -0.10213611274957657 -0.12041698396205902 0.007330703549087048 -0.00040533969877287745 0.020167673006653786 0.030539484694600105 0.027156468480825424 0.003072798717767 0.1490630954504013 0.13424278795719147 -0.0659426674246788 -0.10540010035037994 0.09918618202209473 0.02373327687382698 0.03579000011086464 -0.06399638205766678 -0.02258802205324173 0.020105984061956406 0.09803953766822815 0.12527833878993988 -0.029869209975004196 0.0718500018119812 -0.03341070935130119 0.13819541037082672 -0.024709710851311684 -0.04757197946310043 0.0018683240050449967 -0.027490224689245224 0.049293916672468185 -0.03860217332839966 0.15689414739608765 -0.06867587566375732 -0.06966016441583633 0.01812119595706463 -0.02491253800690174 -0.009425883181393147 0.04843062534928322 -0.010176430456340313 0.044605545699596405 0.00756250973790884 0.014036320149898529 -0.0613362155854702 -0.060894157737493515 0.0038536146748811007 -0.07988583296537399 0.1031634509563446 0.050982631742954254 0.047474224120378494 -0.02619532123208046 0.08314088732004166 -0.05539993941783905 -0.05797988548874855 -0.045334428548812866 0.03412562981247902 -0.024857638403773308 -0.09104253351688385 -0.07894568145275116 -0.05349593237042427 -0.009692303836345673 0.1007876917719841 -0.007885696366429329 -0.014675024896860123 -0.05811114236712456 -0.04709354415535927 0.03531448543071747 -0.06217799708247185 -0.075162872672081 0.03136373683810234 -0.03109418787062168 0.0005601197481155396 -0.0023839690256863832 -0.00077337451511994 -0.00898901466280222 -0.038975272327661514 -0.06639137119054794 -0.06624945253133774 -0.07230586558580399 0.015582012012600899 -0.05258217453956604 0.009920833632349968 -0.045516762882471085 -0.033924590796232224 -0.0017657503485679626 0.1553868055343628 0.022549033164978027 -0.030794162303209305 0.01182759739458561 0.030979342758655548 -0.006277686450630426 -0.04522740840911865 -0.029918676242232323 -0.019217606633901596 -0.0505417138338089 -0.030050678178668022 0.007673966232687235 -0.011148768477141857 0.026717208325862885 -0.055722035467624664 -0.039312366396188736 -0.03567031770944595 -0.04337446019053459 0.036258045583963394 -0.017288099974393845 -0.04487290978431702 0.00836751889437437 -0.07283025234937668 0.03983365371823311 0.04889670014381409 -0.08495058119297028 0.03113442473113537 -0.000595741206780076 0.014739052392542362 -0.002450997941195965 -0.04937483370304108 -0.007066156715154648 -0.006768727675080299 -0.02810521237552166 -0.03897486627101898 -0.02900606393814087 0.008654861710965633 0.038774002343416214 -0.015421584248542786 0.010559484362602234 -0.038685791194438934 0.03403947874903679 0.055123597383499146 0.0006166744860820472 0.02566840872168541 0.08385501056909561 0.03170817345380783 0.09194515645503998 0.08627883344888687 0.09647347778081894 0.048636045306921005 -0.027902618050575256 0.050803352147340775 -0.09630486369132996 0.11508627980947495 0.08710333704948425 0.02629338949918747 0.12282229959964752 0.08944898098707199 0.026360467076301575 0.04775943607091904 0.0334511362016201 0.09121100604534149 0.11693714559078217 -0.01125798188149929 0.06665220111608505 0.014633115381002426 0.09902175515890121 -0.06706676632165909 0.0029117686208337545 0.05149421840906143 0.09469350427389145 0.09210091829299927 0.07845214009284973 0.09724084287881851 0.02695857547223568 -0.017293289303779602 0.11648300290107727 0.10209030658006668 0.0061968844383955 0.06698206812143326 0.07905548065900803 0.03894256055355072 0.026293739676475525 0.015643764287233353 -0.005278563126921654 0.004793985281139612 0.02116112969815731 0.09597683697938919 -0.03295403718948364 -0.011486576870083809 0.07217008620500565 0.07217734307050705 -0.016530022025108337 0.06778217852115631 0.03191206976771355 -0.026419363915920258 0.1010243222117424 -0.016425151377916336 -0.021115319803357124 0.04870305210351944 0.0754261389374733 0.07332782447338104 -0.0080175269395113 0.05175795778632164 -0.03211596980690956 -0.002977149561047554 -0.10545604676008224 -0.09802006930112839 -0.09843800961971283 0.04270247742533684 0.050855349749326706 -0.047086216509342194 -0.0479237399995327 -0.10167337208986282 0.010730479843914509 -0.00031138508347794414 0.10327963531017303 0.07072063535451889 0.09907016903162003 -0.016288284212350845 0.07673313468694687 -0.014764545485377312 0.0610465481877327 0.10122580826282501 -0.11166020482778549 0.06337691098451614 0.056824278086423874 0.16155903041362762 -0.03259197622537613 -0.019442064687609673 -0.06367524713277817 0.09842754155397415 -0.03473007306456566 -0.02018778584897518 -0.0281062051653862 -0.006818870082497597 0.03993452712893486 -0.059113115072250366 0.06850231438875198 0.09105070680379868 -0.04591268301010132 -0.056275926530361176 -0.046199508011341095 0.09237529337406158 -0.025243252515792847 -0.06238466128706932 0.0052246167324483395 -0.12364903092384338 -0.028316374868154526 -0.1422777622938156 0.00015474064275622368 -0.00475812703371048 0.06337189674377441 0.15994252264499664 0.015777401626110077 0.10896477848291397 0.0347290001809597 0.01992853172123432 -0.11963783204555511 -0.05462631955742836 -0.07109381258487701 0.03229784592986107 -0.01720910146832466 -0.12470477819442749 0.004858843516558409 -0.004312983248382807 0.01916845515370369 0.026032201945781708 0.00933363288640976 0.07860743254423141 -0.014028770849108696 0.09543412923812866 -0.004234470427036285 0.1000935286283493 0.0891735851764679 0.024295413866639137 0.08863558620214462 -0.01836330071091652 -0.007095771376043558 0.12024402618408203 -0.08248460292816162 0.1148914247751236 0.09932728111743927 0.09865138679742813 0.0122267110273242 0.04488126188516617 0.11318571865558624 0.107207752764225 0.03732974827289581 0.04963444918394089 0.004249174147844315 -0.038617584854364395 0.025771958753466606 0.04569774493575096 0.0386514738202095 -0.02139166183769703 0.030647436156868935 0.039264045655727386 0.03135417029261589 0.009286647662520409 0.09632568806409836 0.07272148877382278 0.04067206382751465 0.09882083535194397 0.042794667184352875 0.052907247096300125 0.07938611507415771 0.07157405465841293 0.1221877783536911 -0.011264069937169552 0.10263227671384811 0.047009874135255814 0.035565659403800964 0.07160529494285583 0.05776714161038399 -0.025011315941810608 0.0525662936270237 0.03937842696905136 0.007536302786320448 0.08454877138137817 0.05154510214924812 0.11737161874771118 0.0019326522015035152 -0.026319719851017 0.11317135393619537 0.029625099152326584 0.07151725888252258 -0.009897010400891304 0.11572405695915222 0.03972575068473816 0.08274740725755692 0.00859447568655014 0.030315760523080826 0.09973511099815369 0.057512711733579636 0.0031576124019920826 0.0496646948158741 -0.000971500703599304 0.10404302924871445 0.014434943906962872 0.08621896058320999 0.044595103710889816 -0.007483330089598894 0.10733375698328018 0.008688827976584435 0.03887646645307541 0.03456457331776619 -0.00037158344639465213 -0.01066854689270258 0.08581111580133438 0.04043335095047951 0.02866898663341999 0.10512441396713257 0.0066429730504751205 0.08248317986726761 -0.0899137631058693 0.08004041016101837 0.06662504374980927 0.08283650130033493 0.008010940626263618 0.007242622319608927 -0.02143630012869835 0.1274893432855606 0.06667356938123703 -0.047063764184713364 0.07155365496873856 -0.0048011289909482 -0.01755494996905327 0.007456713821738958 0.11037678271532059 0.02921200543642044 0.06819760054349899 0.008846558630466461 0.07932291179895401 0.021283172070980072 0.056673869490623474 -0.012430570088326931 -0.029042640700936317 -0.0073870522901415825 0.04440576955676079 0.07366488128900528 0.01862187869846821 0.11072294414043427 0.10940174013376236 0.06694929301738739 0.05033402517437935 -0.01873859018087387 0.02571331523358822 0.01425924338400364 -0.04625476896762848 -0.023047784343361855 0.04899933189153671 0.057390980422496796 0.08665615320205688 -0.008767490275204182 0.010551458224654198 0.007799598854035139 0.038238994777202606 -0.028859665617346764 -0.037726592272520065 0.019475243985652924 0.009637841954827309 0.03430071100592613 -0.012822609394788742 0.0012169673573225737 -0.03018534556031227 0.011552237905561924 0.008806707337498665 0.027039865031838417 -0.0059135970659554005 -0.013819647952914238 0.013305401429533958 -0.03564334660768509 0.06688853353261948 0.05230820178985596 0.003490914823487401 0.00959829706698656 -0.03572956845164299 0.04470043629407883 0.003638036083430052 0.037026770412921906 0.04623125120997429 -0.007742522284388542 0.009989630430936813 -0.021624861285090446 -0.0010063669178634882 -0.0007652959902770817 0.011797512881457806 -0.02308976836502552 -0.00811837799847126 0.02092742547392845 0.023171350359916687 -0.04172975942492485 -0.03922366723418236 0.013552908785641193 -0.024725506082177162 -0.026105495169758797 0.03688734024763107 0.011588340625166893 -0.042228925973176956 -0.023852895945310593 -0.03280425816774368 -0.02594599314033985 0.023697128519415855 0.011419427581131458 0.02325280010700226 0.014907817356288433 0.01379300281405449 0.01599333994090557 -0.050407104194164276 -0.0373038612306118 0.042992837727069855 0.018629133701324463 0.011665538884699345 -0.03280894458293915 0.028495460748672485 -0.0076563660986721516 -0.04615630581974983 -0.0100001972168684 0.013636518269777298 0.01144125685095787 0.003195487428456545 0.009307680651545525 0.022117899730801582 0.009414421394467354 0.014420267194509506 0.023075951263308525 0.009832258336246014 0.013665913604199886 0.00961495004594326 0.001658724038861692 0.012846163474023342 -0.031227299943566322 0.018212102353572845 0.022328339517116547 0.016969358548521996 0.0189499668776989 0.02597876451909542 0.021326987072825432 0.013673512265086174 0.013437578454613686 0.011134728789329529 0.010783995501697063 -0.016146406531333923 0.011204742826521397 0.011204563081264496 0.01957716979086399 -0.017215171828866005 0.023597586899995804 0.011356770060956478 0.018627779558300972 0.01026730053126812 0.005792164243757725 0.019084187224507332 0.0032089343294501305 0.015527539886534214 0.016102634370326996 0.02603604644536972 0.011658384464681149 0.021106336265802383 0.017977014183998108 0.0217558816075325 0.019265443086624146 0.013868661597371101 0.009391924366354942 0.003007386112585664 0.0021631841082125902 0.002767522819340229 0.01410573162138462 0.007505318149924278 0.015399822033941746 0.012610163539648056 0.018762068822979927 0.016399163752794266 0.013576658442616463 0.014231371693313122 0.00892691407352686 -0.0023736106231808662 0.015563104301691055 0.017781594768166542 0.02348766103386879 0.007881172932684422 0.019004840403795242 0.01855388656258583 -0.034550540149211884 0.0002802109520416707 0.060128044337034225 0.0820421651005745 -0.013317761942744255 0.0184160303324461 -0.011544967070221901 0.08684749901294708 0.10376779735088348 0.05804929882287979 0.015141000971198082 0.0930137038230896 -0.020639684051275253 -0.018372783437371254 -0.031535569578409195 0.0674145296216011 0.06879665702581406 0.0008227044017985463 0.10483508557081223 0.01135141123086214 -0.027168089523911476 0.0668787956237793 0.09523521363735199 -0.02418104186654091 0.026855651289224625 0.026390181854367256 0.024237291887402534 -0.14853930473327637 0.08198174089193344 0.041746389120817184 0.06028152257204056 -0.034720469266176224 0.09997785091400146 -0.022296112030744553 -0.05385134369134903 0.04348519816994667 -0.008462216705083847 0.10548637807369232 0.028784528374671936 0.056639134883880615 0.007637709844857454 0.10436879843473434 0.013850748538970947 -0.019784463569521904 0.04833667352795601 0.056027840822935104 0.04580589756369591 0.02670065313577652 0.06857648491859436 0.07246118783950806 0.05099096894264221 -0.005959405563771725 0.030131423845887184 0.07767027616500854 0.10435587167739868 0.0772823914885521 0.003910372033715248 -0.0375608429312706 0.050237026065588 0.08788307756185532 0.06912717968225479 0.003078326117247343 0.006953862961381674 0.08364444226026535 0.06841982901096344 0.0033407295122742653 -0.004897712729871273 0.03491925448179245 -0.01967022940516472 0.05354800820350647 0.036793358623981476 0.02787662483751774 0.04759915545582771 0.017794504761695862 0.013125278986990452 0.0805242657661438 -0.055663302540779114 0.10411704331636429 0.06308171898126602 0.022756248712539673 0.008577853441238403 0.04495680332183838 -0.0034788730554282665 0.06681090593338013 0.03217935934662819 0.004729959182441235 0.0314168855547905 -0.058989088982343674 0.04397463798522949 0.06390506774187088 0.0744280070066452 0.0016867938684299588 0.0822606310248375 0.07383615523576736 0.08447499573230743 0.046593762934207916 0.06257710605859756 0.05886118859052658 0.013596626929938793 0.04367982596158981 0.009672252461314201 0.0665924921631813 0.030804062262177467 0.017644241452217102 0.06556020677089691 0.03614824637770653 0.09419030696153641 0.04038456454873085 -0.016101013869047165 0.024542655795812607 0.01228325255215168 -0.01228369865566492 0.061443861573934555 0.03979016840457916 -0.016840828582644463 0.039989594370126724 0.011097039096057415 0.04714716225862503 0.007486928254365921 0.03366824612021446 0.0799979493021965 0.009680874645709991 0.021411214023828506 0.017054574564099312 0.07125887274742126 0.053466733545064926 0.05807068943977356 0.08889778703451157 0.018638387322425842 0.005880233831703663 -0.000974352122284472 0.06356333941221237 0.006777040660381317 0.057378560304641724 0.07269270718097687 0.04202729091048241 0.01457884255796671 0.017287330701947212 -0.003635873319581151 0.00893591158092022 -0.07595144212245941 0.02982374094426632 0.04780498147010803 0.0681905746459961 0.05422205105423927 0.005210885778069496 0.03140580281615257 0.019313771277666092 0.014620966278016567 0.033489711582660675 0.04823482781648636 -0.03419121727347374 0.005408445373177528 0.04963244870305061 0.03218359872698784 -0.05433036386966705 0.04393817484378815 0.01927599310874939 0.03177217021584511 0.02107144519686699 0.06223491206765175 0.023581184446811676 -0.004077954683452845 0.05253508314490318 0.03578601032495499 -0.007857163436710835 0.04176030308008194 0.031697869300842285 0.07803288847208023 0.00044205403537489474 0.023399198427796364 0.05162438377737999 0.02504296973347664 -0.009972882457077503 0.0378742590546608 0.022954832762479782 0.016836194321513176 0.029339516535401344 0.0361805260181427 0.034268736839294434 0.02787659876048565 0.01908695325255394 0.044969670474529266 0.013787558302283287 0.058877673000097275 0.0012552224798128009 0.06967540085315704 0.04200214892625809 0.06812911480665207 0.018745534121990204 0.04051622748374939 0.0709027424454689 -0.013322417624294758 -0.03418480604887009 -0.0864449068903923 -0.03846631199121475 0.002020937856286764 -0.056618377566337585 -0.043011948466300964 -0.05528678372502327 -0.007412340026348829 -0.05949341878294945 0.0051535749807953835 -0.09460439532995224 -0.011696410365402699 -0.0027128467336297035 -0.0899265706539154 -0.06601119786500931 -0.05061675235629082 0.07624426484107971 -0.07532791048288345 0.036599162966012955 -0.07610449939966202 -0.06688583642244339 -0.07197464257478714 0.1967778205871582 0.06590863317251205 0.045018844306468964 0.08903080970048904 -0.023660628125071526 -0.07901965826749802 -0.08114995807409286 0.0065339189022779465 0.03897500038146973 0.04219705983996391 0.020910736173391342 0.018977006897330284 -0.0820830911397934 0.0278596393764019 -0.05031171441078186 0.00972665473818779 -0.07404617965221405 -0.07818693667650223 0.0048957825638353825 0.061450570821762085 -0.05458275228738785 -0.020121708512306213 -0.07353624701499939 0.053793855011463165 0.05053173378109932 -0.03601916879415512 0.04377130791544914 -0.05731235444545746 0.05121413618326187 -0.02876059152185917 -0.08743750303983688 -0.018523581326007843 -0.04594705253839493 0.002241020556539297 -0.04381804168224335 -0.08611878752708435 0.14198578894138336 -0.012741299346089363 -0.0166473351418972 -0.007853297516703606 -0.02635808102786541 5.538965689278349e-39 5.38865674494125e-15 -2.7412270624045288e-39 3.332642276675889e-39 2.4441319327118823e-17 4.70049735185113e-39 -5.221424798292043e-35 -4.543486062818927e-40 2.252934803421296e-39 -6.293675614895944e-39 6.528888111666932e-33 3.6065733563940047e-22 -1.0986935192468095e-33 6.447829656359389e-39 6.334246008035077e-39 2.0478827991366455e-39 -4.1481195101989305e-39 -1.8071132384246662e-38 -2.2775374005594468e-39 4.580317791655241e-39 -1.8457931398055777e-39 1.276237988276092e-15 -3.4599876763599758e-19 1.9235666058740694e-39 3.024229096364176e-39 1.2404766883827856e-12 3.5042042005461323e-37 -2.9986518585521595e-29 1.261766972336602e-39 2.5284665152676275e-39 -8.200294621061949e-27 5.145790767456556e-39 4.042353706007086e-40 1.4629534667814432e-37 -3.735528196855453e-39 -2.3758227112386232e-26 1.891408207416279e-39 8.805635696453183e-21 5.98507746318694e-39 7.654662884435964e-24 6.55666290288964e-39 4.216890569394076e-30 -2.653410860427519e-29 4.269529018344802e-31 3.8907591722135535e-22 -1.2051853429440946e-39 -1.3901567402349705e-39 -1.589777311671898e-39 4.7229797844127575e-39 -6.854601377180525e-39 1.6966698602741332e-34 -2.5228403019333633e-39 1.9248018224587517e-31 8.798622237542029e-17 1.897481031695121e-26 6.848159608140024e-40 6.319054531383331e-39 6.237812851615636e-39 3.5189930543927974e-20 3.542568799072554e-13 1.0178088275804911e-20 5.4290366273489955e-40 3.7384123381868666e-17 4.406371607108206e-31 0.0033797668293118477 0.05127156153321266 -0.007791157811880112 0.0611259862780571 0.004851765464991331 0.0038089940790086985 0.01981658861041069 0.030550334602594376 0.0035366143565624952 0.03182302415370941 0.006351864896714687 0.005937948357313871 -0.06950881332159042 0.023893166333436966 0.06173114851117134 0.012589171528816223 0.050999946892261505 0.03024907037615776 0.053530286997556686 0.03913872689008713 0.05797627195715904 0.011498496867716312 9.673101885709912e-05 -0.05093510448932648 0.04807598888874054 0.01180898118764162 0.04932500422000885 -0.019626155495643616 0.05786598101258278 0.034053586423397064 0.013100179843604565 0.03559737280011177 -0.0073311044834554195 0.014204463921487331 -0.005033676512539387 0.019566213712096214 0.044105056673288345 0.044837892055511475 0.013054564595222473 0.05736551061272621 0.027558792382478714 0.06133372709155083 0.009111062623560429 0.014077574014663696 0.01805574633181095 -0.003817822551354766 0.010430768132209778 0.02903345599770546 0.026203719899058342 0.002209697151556611 0.041289497166872025 0.03288918361067772 0.02442191168665886 0.014900865033268929 0.05311867594718933 0.025912709534168243 0.02135191299021244 -0.006400268524885178 0.007074983324855566 0.04760280251502991 0.06492897123098373 0.022331994026899338 0.07137465476989746 0.06862381100654602 0.010640153661370277 0.033772192895412445 0.0024854931980371475 0.008296090178191662 0.013723896816372871 -0.011542515829205513 -0.04094899818301201 0.01829606667160988 -0.020389273762702942 -0.0499596931040287 0.01970776915550232 -0.04942389950156212 -0.0018937685526907444 -0.05733649432659149 -0.037309423089027405 -0.06053219735622406 -0.04011789709329605 0.031763557344675064 -0.04342745989561081 0.0410284548997879 -0.05703330785036087 -0.0810018926858902 -0.04843459650874138 0.11532051116228104 -0.005599102005362511 -0.009443683549761772 -0.020003071054816246 -0.030813179910182953 -0.026067525148391724 -0.04714806750416756 0.006127533502876759 -0.015253237448632717 0.047665394842624664 -0.027708416804671288 -0.01044637244194746 0.020981432870030403 -0.001024736207909882 -0.05101151019334793 -0.009445019997656345 0.014137974008917809 -0.024555040523409843 -0.023798692971467972 0.012331630103290081 0.017665820196270943 -0.028496962040662766 0.041352320462465286 0.00684012146666646 -0.010243788361549377 -0.017880847677588463 -0.004041251260787249 0.03676430881023407 -0.015133976005017757 0.024192338809370995 -0.037515588104724884 -0.004266048315912485 -0.07219160348176956 0.014418716542422771 0.00890609622001648 0.0013497208710759878 0.08303909748792648 0.046332262456417084 0.02705594338476658 0.01575273647904396 -0.016581183299422264 0.03153414651751518 0.07861378788948059 0.05423596873879433 0.12353824079036713 0.09342833608388901 0.08996270596981049 0.018858635798096657 0.008839967660605907 0.022503819316625595 0.017512155696749687 -0.041572194546461105 0.02574862539768219 -0.04943970963358879 0.13124240934848785 0.038032758980989456 0.01500188373029232 0.07254619151353836 0.12387712299823761 -0.04145104065537453 -0.020709604024887085 -0.016061559319496155 -0.01961536332964897 -0.012077693827450275 -0.05379847064614296 0.04742639139294624 0.04027998447418213 0.07684621959924698 -0.005624115467071533 0.08457882702350616 0.09168022125959396 0.09642477333545685 0.01913192868232727 0.09581281989812851 0.08165980875492096 0.011978519149124622 0.10165602713823318 -0.008106149733066559 0.02953389659523964 0.022783417254686356 0.09752634912729263 -0.015023967251181602 0.07676777988672256 0.013706718571484089 -0.02733103558421135 0.007797519210726023 -0.012647433206439018 -0.00960895698517561 0.05386246368288994 0.08721249550580978 -0.00045553999370895326 0.08473359048366547 0.08359507471323013 0.08748634159564972 -0.004241437651216984 0.10883940011262894 0.04968243092298508 0.1067550927400589 0.0024397303350269794 0.12193643301725388 0.06518090516328812 -0.01586207188665867 -0.005688737146556377 0.07558519393205643 0.09077148884534836 -0.004375729709863663 0.0875057801604271 0.0504133366048336 0.021231357008218765 0.005035982932895422 0.05399082601070404 0.03785824775695801 0.01761787198483944 0.04529450833797455 0.019214294850826263 0.038237858563661575 0.0856103003025055 -0.0694255605340004 -0.002420032862573862 0.07043483108282089 0.010086852125823498 0.06832458823919296 0.07561518251895905 0.009946923702955246 0.03862439841032028 0.020163169130682945 0.00527265015989542 -0.0039308564737439156 -0.06156270205974579 0.01341462042182684 0.006321922410279512 0.07068680226802826 -0.06838811188936234 0.013234750367701054 0.044793084263801575 0.07798120379447937 -0.004422701895236969 0.007669160142540932 0.018399620428681374 -0.00384325860068202 0.006076890043914318 0.08581937104463577 0.06960552930831909 0.041411351412534714 0.035030946135520935 0.06971267610788345 0.08945446461439133 0.009424175135791302 -0.0005441498360596597 0.02876204065978527 0.03554338961839676 0.036742180585861206 0.015125846490263939 0.0473831407725811 0.006866250652819872 0.035908374935388565 0.0790782943367958 0.05031118169426918 0.011485779657959938 0.06856416165828705 0.02082744799554348 0.03986676037311554 0.0030623546335846186 0.09045130014419556 0.016025319695472717 0.07751303911209106 -0.004685110412538052 0.08671722561120987 0.03172663226723671 0.08394674956798553 0.02268267050385475 0.0917411595582962 0.06536365300416946 0.0883709043264389 0.0901929959654808 0.012160750105977058 0.07432328164577484 -0.015194766223430634 0.015984565019607544 0.03784959390759468 0.08947968482971191 -0.04962051287293434 0.01027894951403141 -0.003268542466685176 0.011334055103361607 0.01615481823682785 0.061366356909275055 0.020431697368621826 0.057212259620428085 0.10364945977926254 -0.01400348823517561 0.013369986787438393 -0.01290837675333023 0.08150061219930649 -0.018965721130371094 0.022201592102646828 -0.06888658553361893 0.05513906478881836 0.023488467559218407 0.06118914857506752 0.08083196729421616 0.04924624785780907 -0.002313876524567604 0.02508319914340973 0.09774360060691833 0.030483705922961235 0.01348644495010376 0.02311360463500023 0.03770199418067932 0.09983199089765549 0.07175901532173157 0.09983537346124649 0.08833260089159012 0.0352223664522171 0.05081931874155998 0.050336383283138275 0.07184485346078873 0.04197946935892105 0.03247195854783058 0.015125885605812073 0.09684392064809799 0.05518796667456627 0.10515514016151428 0.016200987622141838 0.06515887379646301 0.022085487842559814 -0.011914873495697975 0.061807628720998764 0.028502119705080986 -0.01552034541964531 0.006106955464929342 0.006263501010835171 0.0932907834649086 0.006038871128112078 0.11002057790756226 0.06327284872531891 0.05753519386053085 0.04129227623343468 -0.008221174590289593 0.05695289745926857 0.06417258083820343 0.09171178191900253 0.04063301905989647 -0.016921255737543106 0.0656922310590744 -0.06313712149858475 0.010851427912712097 0.03232363238930702 0.04954121634364128 0.07578877359628677 0.0667857825756073 0.020637841895222664 0.07471650838851929 0.11542341858148575 0.05821212753653526 0.06448918581008911 -0.05781852826476097 0.03323885798454285 0.05898241326212883 0.07417792081832886 -0.05118602514266968 0.08538806438446045 0.004191113635897636 0.04136752709746361 -0.002758082002401352 0.10116691887378693 0.04373155161738396 0.03597544878721237 0.027407405897974968 0.08422574400901794 0.03571954369544983 0.016309816390275955 0.1331178992986679 0.05191631615161896 0.004592389799654484 0.03986025229096413 -0.010826345533132553 0.06297708302736282 0.007246421650052071 0.050276126712560654 0.08147983253002167 0.04695125296711922 -0.0073347752913832664 0.025593534111976624 0.025489723309874535 0.07884758710861206 0.052500370889902115 0.040561921894550323 0.08787138015031815 0.055379629135131836 0.05217720940709114 0.031126145273447037 -0.026057377457618713 0.050275806337594986 0.03430021181702614 0.08338794112205505 0.12739919126033783 0.017783300951123238 0.07945626229047775 0.0474146232008934 0.06302384287118912 0.056178268045186996 0.0037845794577151537 0.0580303817987442 0.04845914989709854 0.005869477521628141 0.005860351957380772 -0.002832448109984398 0.03438795357942581 -0.04679987579584122 0.03520578145980835 0.02837836928665638 0.06847717612981796 0.08597350865602493 0.09874769300222397 0.05582699924707413 0.056535981595516205 0.07026825845241547 0.01911148987710476 -0.0006208381382748485 -0.03758307546377182 0.04765676334500313 0.0663859024643898 0.0064545851200819016 -0.017234377562999725 0.0335458479821682 0.012821895070374012 0.052332211285829544 0.05948172137141228 0.01827012374997139 0.0117569575086236 0.022548414766788483 0.0354996956884861 0.08164959400892258 0.01891520619392395 0.022487781941890717 0.06295031309127808 0.05003589019179344 0.009108759462833405 0.04759809374809265 0.03896937146782875 0.02095392718911171 0.009584179148077965 0.0022256639786064625 0.013695996254682541 -0.0011741785565391183 -0.007114751730114222 0.013629073277115822 0.03144870698451996 0.04190670698881149 0.047606129199266434 0.0266675166785717 0.0355149507522583 -0.004640331491827965 -0.002538031432777643 0.07870296388864517 0.06004158407449722 0.08454061299562454 0.027313068509101868 0.06566472351551056 0.057303011417388916 0.004656635690480471 0.0030466937460005283 0.011066017672419548 0.016965193673968315 0.014947698451578617 0.014101373963057995 0.0010063087102025747 0.01099476683884859 -0.016066715121269226 -0.04506285861134529 -0.046742212027311325 -0.07934059947729111 -0.04240551218390465 -0.016313372179865837 -0.010724752210080624 -0.0072711436077952385 -0.0005167443887330592 0.018174493685364723 0.013884042389690876 -0.009711488150060177 -0.0011599611025303602 0.02416536957025528 0.0221379604190588 -0.055576954036951065 -0.011714025400578976 0.014852036722004414 0.004601128865033388 0.10468874126672745 -0.007810572162270546 -0.005144552327692509 -0.03213867172598839 -0.001869749277830124 0.01363068725913763 0.013017376884818077 -0.05772202089428902 0.040383365005254745 -0.011258150450885296 -0.00010075795580632985 0.029690250754356384 -0.055283453315496445 -0.05312769487500191 0.04579174891114235 0.011104106903076172 -0.043444979935884476 -0.010873083025217056 -0.023555787280201912 -0.00017204778851009905 -0.00860476866364479 0.032009996473789215 0.025958064943552017 -0.06593944132328033 -0.011452928185462952 0.016395507380366325 -0.008302977308630943 0.013584738597273827 0.02769055776298046 0.051384709775447845 -0.033745553344488144 -0.027897970750927925 0.061613135039806366 -0.04749984294176102 -0.00603121891617775 -0.01780831441283226 0.007048359140753746 -0.04465184733271599 -0.0036536946427077055 0.032328736037015915 -0.06447938829660416 0.0483020544052124 -0.06530144810676575 -0.024082627147436142 -0.0013873501447960734 -0.03345441445708275 0.005012801848351955 0.05392073839902878 -0.03336092829704285 0.21348513662815094 -0.06375603377819061 -0.08683644980192184 0.03791589289903641 -0.07765766233205795 0.0699334442615509 0.01814788207411766 -0.01410062238574028 -0.04000427946448326 -0.02165115624666214 -0.08797793835401535 0.25893622636795044 0.011756925843656063 -0.05679343268275261 -0.0019451960688456893 0.24071259796619415 0.019944842904806137 -0.027750296518206596 0.019465085119009018 0.0032148517202585936 -0.08444739133119583 0.09658125787973404 0.09709879010915756 -0.07724577933549881 -0.03446061164140701 -0.08001163601875305 0.07406317442655563 -0.062144096940755844 -0.01760418899357319 0.055386900901794434 0.08855895698070526 0.03125707060098648 0.02325447089970112 0.04995996877551079 0.023031888529658318 0.08792774379253387 0.04387376084923744 0.014105440117418766 -0.049386728554964066 -0.01691315695643425 0.02854384295642376 0.021424680948257446 -0.043008122593164444 0.04521005600690842 -0.036084312945604324 -0.12962336838245392 0.008628681302070618 -0.0034743628930300474 0.01603160798549652 -0.05276505649089813 0.0456341952085495 0.028251629322767258 -0.002653137082234025 0.016164928674697876 0.012184279970824718 0.006977316923439503 -0.0070916530676186085 0.007434007711708546 0.009156223386526108 0.010654095560312271 0.008272352628409863 -0.011425087228417397 -0.011294148862361908 0.0021016900427639484 -0.008807831443846226 -0.003823254955932498 0.042367126792669296 -0.00024966595810838044 0.009474043734371662 -0.01492987759411335 0.004497995134443045 -0.018668700009584427 0.008159695193171501 -0.004186925943940878 0.004978823475539684 -0.0030155698768794537 -0.01621556654572487 -0.0023154132068157196 0.0010465373052284122 0.037954676896333694 -0.016946066170930862 0.004445898812264204 -0.004135982133448124 -0.0053625828586518764 0.024689989164471626 0.0014674762496724725 -0.0193219892680645 0.035429373383522034 -0.016481777653098106 0.0045076338574290276 0.02824144996702671 -0.02767246402800083 -0.010076973587274551 0.0003028928185813129 -0.0020603672601282597 -0.005227646324783564 0.01749742403626442 -0.019796911627054214 0.018036793917417526 0.018421389162540436 0.021857276558876038 0.026661397889256477 -0.01624407060444355 0.024140821769833565 -0.0054466999135911465 -0.0037430073134601116 0.004254953470081091 0.027757298201322556 0.014268754981458187 0.0004821097245439887 -0.015025448054075241 0.016880283132195473 -0.01622803322970867 0.002778026508167386 -0.016736116260290146 -0.004429108463227749
b2 64
-0.011956091038882732 0.034538231790065765 0.04894471913576126 -0.06899148225784302 0.1274375319480896 0.06298545002937317 -0.0003638027119450271 -0.009675119072198868 0.03485387936234474 0.025328584015369415 0.06459685415029526 0.12384266406297684 0.12005848437547684 0.019624516367912292 0.023846227675676346 0.08550598472356796 -0.06187916547060013 0.03958703950047493 0.13368669152259827 0.007326123304665089 0.03144489973783493 0.04844888672232628 0.021270716562867165 -0.00036046456079930067 0.0771404504776001 -0.0012378484243527055 0.05474569648504257 0.11155398190021515 0.03251440450549126 0.027038702741265297 0.0714896097779274 -0.010128823108971119 0.038512371480464935 0.06376149505376816 -7.234617527274168e-08 -0.0024213113356381655 0.020876411348581314 -0.046447254717350006 0.0012232773005962372 -0.0018982241163030267 -0.0891217291355133 -0.1570795327425003 -0.018984653055667877 -0.003643701085820794 -0.09206213802099228 -0.01707683876156807 0.1482381373643875 -0.09335321933031082 0.03082427568733692 0.05865366384387016 0.04583926126360893 0.08827076107263565 0.06683003157377243 -1.425384255071549e-07 0.09888976067304611 0.025691376999020576 0.05826155096292496 0.15693679451942444 -0.015515657141804695 0.05393063649535179 0.00030823174165561795 -0.026302561163902283 -0.023393435403704643 -0.03577091172337532
W3 64
0.042817045003175735 -0.10882564634084702 -0.041705191135406494 0.4030115604400635 -0.16183951497077942 0.20408548414707184 9.256266639567912e-05 0.08893588930368423 -0.11429481208324432 0.014629006385803223 0.12637044489383698 -0.12252172082662582 0.33339595794677734 0.09556844085454941 0.14179405570030212 -0.061068326234817505 0.04485006257891655 -0.12602746486663818 -0.10978416353464127 -0.1733614057302475 0.05148591846227646 0.27063262462615967 0.002962119411677122 -0.0038065093103796244 -0.08035557717084885 0.001730433665215969 -0.024728519842028618 -0.12636809051036835 0.07490488141775131 -0.09951862692832947 -0.13683979213237762 -0.16813306510448456 -0.15783241391181946 -0.09403175115585327 -1.4413702047022525e-05 0.087931789457798 0.06986860930919647 0.059263911098241806 -1.2824980331060942e-05 0.006982315331697464 0.0779823511838913 0.36297911405563354 0.2284545600414276 -0.15456858277320862 0.33564257621765137 -0.18699517846107483 -0.1697186678647995 0.08173839002847672 -0.04230582341551781 -0.17168790102005005 -0.10582016408443451 -0.11006249487400055 0.3264079689979553 -0.001176113961264491 -0.09280699491500854 0.15623131394386292 -0.17681975662708282 -0.11306874454021454 -0.1307176649570465 -0.20307938754558563 -0.12018777430057526 0.13454791903495789 0.30607059597969055 0.066188745200634
b3 1
0.005517398472875357
feature_cols 96
t4_active t4_pm_min t4_pm_gap t4_pm_mean t4_pm_max t4_llr_abs_min t4_llr_abs_mean t4_llr_abs_max t8_active t8_pm_min t8_pm_gap t8_pm_mean t8_pm_max t8_llr_abs_min t8_llr_abs_mean t8_llr_abs_max t16_active t16_pm_min t16_pm_gap t16_pm_mean t16_pm_max t16_llr_abs_min t16_llr_abs_mean t16_llr_abs_max t32_active t32_pm_min t32_pm_gap t32_pm_mean t32_pm_max t32_llr_abs_min t32_llr_abs_mean t32_llr_abs_max branch_0 branch_1 branch_2 branch_3 branch_4 branch_5 branch_6 branch_7 branch_8 branch_9 branch_10 branch_11 branch_12 branch_13 branch_14 branch_15 branch_16 branch_17 branch_18 branch_19 branch_20 branch_21 branch_22 branch_23 branch_24 branch_25 branch_26 branch_27 branch_28 branch_29 branch_30 branch_31 branch_32 branch_33 branch_34 branch_35 branch_36 branch_37 branch_38 branch_39 branch_40 branch_41 branch_42 branch_43 branch_44 branch_45 branch_46 branch_47 branch_48 branch_49 branch_50 branch_51 branch_52 branch_53 branch_54 branch_55 branch_56 branch_57 branch_58 branch_59 branch_60 branch_61 branch_62 branch_63
