input_dim 80
hidden 64
M 64
branch_onehot 1
direction_largest 1
mean 80
1.0 0.1335172951221466 0.0 0.1335172951221466 0.1335172951221466 0.41934043169021606 1.0791301727294922 1.8212963342666626 2.0 0.31644999980926514 0.3937499523162842 0.5133351683616638 0.7102255821228027 0.23824645578861237 1.078901767730713 2.131033420562744 0.015625 0.015625 0.015625 0.015625 0.015625 0.015625 0.015625 0.015625 0.015625 0.015625 0.015625 0.015625 0.015625 0.015625 0.015625 0.015625 0.015625 0.015625 0.015625 0.015625 0.015625 0.015625 0.015625 0.015625 0.015625 0.015625 0.015625 0.015625 0.015625 0.015625 0.015625 0.015625 0.015625 0.015625 0.015625 0.015625 0.015625 0.015625 0.015625 0.015625 0.015625 0.015625 0.015625 0.015625 0.015625 0.015625 0.015625 0.015625 0.015625 0.015625 0.015625 0.015625 0.015625 0.015625 0.015625 0.015625 0.015625 0.015625 0.015625 0.015625 0.015625 0.015625 0.015625 0.015625
std 80
1.0 0.11242315918207169 1.0 0.11242315918207169 0.11242315918207169 0.3304162323474884 0.34137678146362305 0.5519547462463379 1.0 0.17506155371665955 0.30501648783683777 0.16861289739608765 0.2696837782859802 0.20645615458488464 0.2417365312576294 0.4839106500148773 0.12346067279577255 0.12346068024635315 0.12346068024635315 0.12346068024635315 0.12346068024635315 0.12346068769693375 0.12346068769693375 0.12346068769693375 0.12346068769693375 0.12346069514751434 0.12346069514751434 0.12346069514751434 0.12346069514751434 0.12346070259809494 0.12346070259809494 0.12346070259809494 0.12346070259809494 0.12346071004867554 0.12346071004867554 0.12346071004867554 0.12346071004867554 0.12346071004867554 0.12346071004867554 0.12346071004867554 0.12346071004867554 0.12346071749925613 0.12346071749925613 0.12346071749925613 0.12346071749925613 0.12346072494983673 0.12346072494983673 0.12346072494983673 0.12346072494983673 0.12346073240041733 0.12346073240041733 0.12346073240041733 0.12346073240041733 0.12346073985099792 0.12346073985099792 0.12346073985099792 0.12346073985099792 0.12346074730157852 0.12346074730157852 0.12346074730157852 0.12346074730157852 0.12346075475215912 0.12346075475215912 0.12346075475215912 0.12346075475215912 0.12346076220273972 0.12346076220273972 0.12346076220273972 0.12346076220273972 0.12346076965332031 0.12346076965332031 0.12346076965332031 0.12346076965332031 0.12346077710390091 0.12346077710390091 0.12346077710390091 0.12346077710390091 0.12346077710390091 0.12346077710390091 0.12346077710390091
W1 5120
1.0898332559578043e-39 0.04052092880010605 1.624196004552644e-39 0.03240453079342842 0.034320250153541565 -0.034382209181785583 -0.007112281396985054 -0.02898419462144375 -4.616272307652887e-39 -0.04819934070110321 -0.002567355055361986 -0.03225676715373993 -0.03749753162264824 -0.009808334521949291 -0.013867269270122051 -0.07586629688739777 -0.02885071374475956 -0.025974929332733154 0.05340222269296646 -0.035576075315475464 0.05700252577662468 0.009342470206320286 0.011144046671688557 0.030475672334432602 0.05665341019630432 0.05107992887496948 0.045959338545799255 -0.036449287086725235 -0.0475187823176384 0.03581833094358444 0.04138323292136192 -0.0196220725774765 -0.008969073183834553 0.05011425539851189 -0.033832475543022156 0.08270653337240219 -0.020803160965442657 -0.02576681785285473 0.036755114793777466 -0.03108658269047737 0.05340304970741272 0.05743356794118881 0.036076635122299194 -0.039824873208999634 0.07320886105298996 0.04678735509514809 -0.031794726848602295 0.05690527334809303 -0.010735736228525639 0.038831379264593124 0.03207318112254143 -0.03875229135155678 0.02104899473488331 -0.004304050002247095 -0.04083814471960068 0.052582766860723495 0.010485794395208359 -0.030171465128660202 -0.03603886067867279 0.0730205625295639 -0.040735986083745956 0.05113447830080986 -0.005784607958048582 0.007171197794377804 0.06915228813886642 -0.03636534512042999 -0.011922670528292656 -0.03001679666340351 0.04362010583281517 -0.011226095259189606 0.062445007264614105 0.07109321653842926 -0.017149269580841064 0.055222202092409134 0.049619052559137344 -0.02951212227344513 -0.03249478340148926 0.05603408440947533 0.03500853851437569 -0.03500114753842354 3.553563986069018e-39 -0.040448643267154694 5.479574176205177e-38 -0.016169561073184013 0.0022283613216131926 0.02040255255997181 -0.009976505301892757 -0.03473071753978729 4.2496912280870506e-39 -0.032513298094272614 0.011637261137366295 -0.09194233268499374 -0.05238670855760574 0.020393505692481995 0.06740039587020874 0.01043988298624754 -0.02436082437634468 -0.012890876270830631 -0.03447552025318146 0.04101390764117241 -0.026505229994654655 0.039414335042238235 0.05330605059862137 -0.02629685029387474 0.031756531447172165 0.03304467350244522 0.04384675249457359 -0.0024342460092157125 -0.04971352219581604 -0.032878328114748 0.06112222000956535 -0.03464324772357941 -0.013258220627903938 0.06860806047916412 0.041223809123039246 0.019602922722697258 -0.02337551675736904 0.046810101717710495 0.04840076342225075 0.07161543518304825 -0.04108607396483421 0.07461671531200409 -0.02344939112663269 -0.02362346649169922 0.0205429345369339 0.05978604778647423 0.06697940081357956 -0.0317763090133667 -0.020801780745387077 -0.0267224982380867 -0.02357771061360836 0.033222805708646774 -0.03344101458787918 -0.03387884050607681 0.019308924674987793 0.05593367666006088 0.03152229264378548 0.061698999255895615 -0.04981888830661774 0.061722397804260254 -0.03285248577594757 -0.04711923003196716 -0.03427121415734291 -0.02280680276453495 0.05706513300538063 -0.05063986778259277 0.051617786288261414 -0.03754686936736107 0.00015856846584938467 0.056791771203279495 -0.054878104478120804 0.07257650047540665 0.05466645210981369 0.07678791880607605 -0.016590148210525513 -0.03581513091921806 -0.041111186146736145 -0.0005797776393592358 0.06411629170179367 0.048656005412340164 2.3777904965926372e-39 -0.03080909699201584 3.782132581181968e-40 -0.035859666764736176 0.026805713772773743 0.002310822019353509 -0.036173414438962936 -0.021372107788920403 -6.66215825647787e-39 -0.02803714945912361 -0.0844135507941246 0.04208489879965782 -0.09476034343242645 -0.025781918317079544 0.013716856017708778 0.03297813609242439 -0.03710053116083145 -0.04539218917489052 -0.04215884208679199 -0.043874289840459824 0.03761567547917366 0.07219486683607101 0.06684853881597519 -0.029355239123106003 0.09303317964076996 -0.036275967955589294 -0.040851302444934845 -0.04442911222577095 0.09850649535655975 0.08971294015645981 0.04175255447626114 0.07329977303743362 -0.03059411235153675 0.07764984667301178 -0.040184926241636276 -0.039071470499038696 -0.04252154007554054 -0.03738521412014961 0.09349612146615982 -0.041747353971004486 0.052698925137519836 0.08103703707456589 0.07238221168518066 -0.037774115800857544 -0.032739486545324326 -0.045571599155664444 -0.04325959458947182 0.07404062151908875 -0.0431804433465004 0.07812809199094772 -0.04020565748214722 0.06078729033470154 -0.04413675144314766 0.10985727608203888 0.08089756965637207 0.08132639527320862 -0.04597661271691322 0.06402542442083359 0.07004613429307938 -0.03538043051958084 0.09081105142831802 0.10098933428525925 0.07759173214435577 -0.04120553657412529 0.06155764311552048 0.03280551731586456 -0.032166000455617905 -0.04055479168891907 -0.0415763258934021 0.07065321505069733 0.06482403725385666 0.07927796989679337 -0.03731120750308037 0.07268664985895157 -0.042417753487825394 0.06939129531383514 0.07187318801879883 -0.04212372377514839 -0.04140219837427139 0.06753237545490265 9.801171913950284e-40 -0.04397374019026756 5.202945527920972e-39 0.0256830882281065 0.0033392501063644886 -0.04275653883814812 -0.006540641654282808 -0.031045783311128616 -6.438983259154106e-39 -0.053898174315690994 -0.024689704179763794 -0.07059445232152939 -0.054901234805583954 0.12317481637001038 -0.027655700221657753 0.02823958359658718 0.018412016332149506 -0.0246832724660635 -0.049795690923929214 -0.03150375932455063 -0.04764881730079651 -0.0529438778758049 -0.03543085977435112 -0.02919623628258705 0.010814890265464783 0.03163113072514534 -0.04268311709165573 -0.0298934243619442 0.09273162484169006 -0.042240533977746964 0.0654119923710823 0.05415359139442444 0.019627317786216736 0.07347496598958969 -0.053669340908527374 0.08737241476774216 -0.03995123505592346 0.03795916214585304 -0.04307448863983154 -0.019482173025608063 -0.05813520401716232 0.07266101241111755 -0.05116967111825943 0.03466223180294037 -0.052949294447898865 -0.06127655878663063 -0.06424855440855026 0.07234328240156174 0.0774611309170723 -0.004916850943118334 0.05997408553957939 -0.0486123189330101 -0.04623378813266754 -0.023573843762278557 -0.051827482879161835 0.0712946355342865 -0.05184300243854523 0.08168312907218933 0.06022176891565323 0.06313833594322205 0.094358429312706 -0.049175698310136795 -0.0437377467751503 -0.0582057349383831 0.07603255659341812 0.07211097329854965 0.047660596668720245 -0.03112155757844448 -0.0030268060509115458 -0.05138407275080681 -0.06834658980369568 -0.03000619448721409 0.07146088033914566 0.06817793846130371 0.07515016943216324 -0.05280512943863869 0.05449879541993141 -0.022285781800746918 0.07032687216997147 0.06094823405146599 1.839314937005004e-39 -0.02954522892832756 -6.561683755287316e-39 -0.018291499465703964 -0.045267537236213684 0.028331056237220764 0.03620060533285141 0.04612591117620468 3.4680735693574898e-40 0.010164747014641762 -0.0446091890335083 -0.0029317939188331366 -0.005931433755904436 0.003483145497739315 0.035866908729076385 -0.0644773542881012 -0.011292572133243084 0.015230817720293999 0.038509588688611984 0.035987574607133865 0.023287981748580933 -0.0207815021276474 -0.007623259909451008 -0.008069477044045925 -0.02973264642059803 0.025389598682522774 -0.02708476036787033 0.05725711211562157 -0.027916252613067627 -0.008082576096057892 -0.02688782662153244 0.012950381264090538 -0.0012347555020824075 0.021897459402680397 0.022484105080366135 0.057054392993450165 0.022436533123254776 -0.01541369128972292 0.006206220481544733 -0.032436493784189224 0.037435028702020645 0.04476817697286606 -0.027534961700439453 -0.025266166776418686 0.015583495609462261 -0.025293545797467232 0.0500640943646431 0.03711928427219391 0.01861731894314289 -0.023450525477528572 0.014913292601704597 -0.021760541945695877 0.009655886329710484 -0.013694699853658676 -0.002625140594318509 0.04341977834701538 -0.01012533437460661 -0.01949724182486534 0.06374743580818176 0.008863368071615696 0.0379219725728035 0.023271769285202026 -0.006789869628846645 0.024968653917312622 0.05742172524333 -0.02311744913458824 -0.02803197130560875 0.017897289246320724 -0.020493734627962112 0.04460432380437851 -0.018817506730556488 -0.02365659922361374 0.055570799857378006 -0.031907565891742706 0.048688195645809174 0.05416879430413246 0.04303191974759102 0.04314669966697693 -0.0036759411450475454 -0.018898405134677887 3.7805266931418515e-39 0.0273518655449152 3.0658756867239094e-39 -0.03438725695014 -0.00607942882925272 0.024666013196110725 0.020061340183019638 -0.03075137920677662 5.992933142377945e-39 -0.01407406572252512 -0.01960785500705242 -0.01644347980618477 -0.10217569768428802 -0.029747184365987778 0.0036922225262969732 -0.010464238002896309 0.06900995969772339 0.0759555995464325 0.02814258262515068 0.044857680797576904 0.0746830403804779 0.055971138179302216 0.06626458466053009 -0.03410038724541664 -0.024458283558487892 -0.02019980363547802 0.055796634405851364 -0.016057906672358513 0.06432279944419861 -0.006858044303953648 -0.02672354318201542 0.06725895404815674 -0.02896888367831707 -0.011995827779173851 0.06613025814294815 -0.03460129722952843 -0.025058679282665253 0.04928728565573692 -0.03162003308534622 0.044079575687646866 -0.028263844549655914 0.07440787553787231 -0.02686990238726139 -0.03281030431389809 -0.029839936643838882 0.05776164308190346 0.07625655084848404 -0.036114633083343506 -0.02808636613190174 -0.0043903919868171215 -0.035285014659166336 0.08496193587779999 0.07601595669984818 0.06591621786355972 0.04686131700873375 -0.03413037583231926 -0.030261266976594925 -0.03483662009239197 -0.03288092836737633 -0.02642207033932209 -0.028622683137655258 0.0737050324678421 -0.02599763683974743 -0.026036718860268593 0.058089617639780045 -0.026574265211820602 -0.03870478644967079 -0.028507720679044724 0.08015838265419006 0.05675322189927101 -0.031753938645124435 0.07480542361736298 -0.001178372884169221 -0.031992677599191666 -0.025211524218320847 -0.025725577026605606 -0.01725798100233078 0.0720425471663475 0.04084372520446777 0.06680036336183548 -4.761605175283407e-39 -0.005912826396524906 -2.671025092198477e-38 0.0018142805201932788 0.0053520193323493 0.021870436146855354 -0.03012235090136528 -0.02208983525633812 -7.197351414542668e-38 -0.0008468952728435397 -0.003966765012592077 -0.013545681722462177 -0.01824718900024891 0.024205554276704788 -0.02788686566054821 -0.020538505166769028 -0.003364209784194827 -0.01125361304730177 -0.009036150760948658 -0.002412996953353286 -0.010040433146059513 -0.0032899321522563696 0.0027990431990474463 0.008793280459940434 -0.009778198786079884 0.021927500143647194 0.02902390994131565 0.006399097852408886 0.01818506419658661 0.004080220125615597 -0.0034257329534739256 0.020740197971463203 -0.009561706334352493 -0.007074553985148668 0.004538402426987886 0.004767444916069508 -0.0013315542601048946 0.005377928726375103 0.013124994933605194 0.011674345470964909 -0.013345514424145222 -0.012339303269982338 0.02611546777188778 0.016924068331718445 -0.01050533913075924 -0.004985639359802008 -0.010943685658276081 0.02375582978129387 0.027931950986385345 0.00975143350660801 0.004229063633829355 0.03258562833070755 -0.0027558188885450363 0.001345737255178392 -0.009816242381930351 -0.001985945040360093 0.034545231610536575 0.02274579554796219 0.0002079941041301936 0.01908210851252079 -0.013498978689312935 -0.008946054615080357 0.0028401785530149937 -0.01190737821161747 -0.0014849303988739848 0.010941868647933006 -0.002750251442193985 -0.015102414414286613 -0.01163774449378252 0.016714351251721382 -0.014646746218204498 -0.002657223492860794 -0.011184548027813435 0.03251996263861656 0.022772837430238724 0.0009971987456083298 0.019825533032417297 0.018503475934267044 0.02656448446214199 0.0028401906602084637 -3.7397278883530345e-39 0.022151309996843338 -1.073580996368565e-39 0.0136036342009902 0.011896742507815361 -0.009095177985727787 -0.0913795530796051 -0.018814487382769585 2.169280087698033e-40 -0.051122162491083145 -0.006921263877302408 -0.0712340921163559 -0.07635736465454102 0.01158729288727045 -0.039803389459848404 0.04564513638615608 0.08123601227998734 0.06086106225848198 -0.04122684523463249 0.09914778918027878 0.10084807127714157 0.04126541316509247 -0.05215677246451378 0.06810107082128525 -0.006424275226891041 -0.044928018003702164 -0.028142208233475685 0.08647704869508743 0.04049944132566452 -0.05067755654454231 -0.0486006923019886 -0.05268555134534836 0.01373521238565445 0.09817664325237274 -0.052671417593955994 0.01681726612150669 -0.04657445847988129 0.060696784406900406 -0.053849902004003525 0.09060785919427872 -0.0358876995742321 -0.05354820564389229 -0.039117421954870224 -0.05428425222635269 -0.04049181565642357 0.08111841231584549 0.10786713659763336 -0.036459263414144516 0.017512131482362747 0.008932978846132755 0.08785142004489899 0.08260215073823929 -0.03679807111620903 -0.021078569814562798 -0.043506987392902374 0.06871378421783447 0.0509653277695179 -0.042128775268793106 -0.06168980151414871 -0.0061858524568378925 0.10442548990249634 0.06434031575918198 -0.03653367608785629 -0.05738338828086853 -0.03439359739422798 0.09177306294441223 -0.05489045009016991 0.07521912455558777 -0.03391146659851074 -0.01354634016752243 0.08271799981594086 0.09369906783103943 0.09164522588253021 -0.06023482605814934 0.08857380598783493 -0.024002395570278168 0.069422148168087 -0.047490764409303665 0.07620162516832352 0.08481525629758835 -2.953445587295429e-38 -0.009546956978738308 1.516148886460879e-39 -0.02206004597246647 0.015861302614212036 0.05557579547166824 0.03840804845094681 -0.003744548885151744 6.6552848875103565e-40 0.005675029940903187 -0.05310762673616409 -0.054916366934776306 -0.048526912927627563 -0.06948211789131165 -0.04873057082295418 -0.01043073832988739 -0.015043304301798344 -0.031466200947761536 0.03331982344388962 -0.010210392996668816 -0.013562934473156929 0.009328811429440975 0.06935802102088928 0.03537796065211296 0.06834997981786728 0.06051141768693924 -0.03429550677537918 -0.018374605104327202 -0.008387230336666107 -0.01028573140501976 -0.02362445555627346 -0.027262326329946518 -0.018468746915459633 -0.02732575684785843 0.06696721911430359 -0.03332648426294327 -0.02913779206573963 0.054381370544433594 -0.017896577715873718 -0.00958800595253706 -0.033514223992824554 -0.040617313235998154 -0.022858595475554466 -0.03623921051621437 0.06990820914506912 -0.008204735815525055 -0.03257645666599274 0.05463472753763199 -0.032289545983076096 0.06224139779806137 -0.041066497564315796 -0.029015708714723587 -0.03879962116479874 -0.02435636706650257 0.05399780347943306 0.062442678958177567 0.02861669473350048 0.05977784842252731 -0.02250070497393608 -0.03196403384208679 -0.031847573816776276 0.05020366609096527 0.04045678302645683 -0.010758016258478165 -0.026498880237340927 0.06712285429239273 -0.03884381800889969 0.0719229206442833 -0.03847629576921463 0.05396410822868347 -0.04152747616171837 0.07206422835588455 0.00736320111900568 0.020207064226269722 0.07173465937376022 0.07313869893550873 0.06220986321568489 0.06532187759876251 0.020764298737049103 -0.03818880394101143 2.850118322691203e-38 0.015204647555947304 4.298892218467959e-39 0.017114145681262016 0.018374189734458923 0.004186502657830715 0.0441383421421051 -0.021846624091267586 3.591868479591337e-39 0.011866085231304169 -0.03694774955511093 -0.05378089100122452 -0.019807172939181328 -0.047328319400548935 -0.026207681745290756 -0.05848473310470581 -0.013716962188482285 0.05710172280669212 0.036091096699237823 0.0548291839659214 -0.00935426540672779 -0.023577475920319557 0.013085979036986828 0.027025701478123665 -0.022704733535647392 0.04360551759600639 0.03708453103899956 -0.028313906863331795 0.03982577472925186 -0.02014184184372425 0.043675363063812256 0.014057268388569355 -0.009430348873138428 -0.022025849670171738 -0.01864464022219181 -0.007629405241459608 0.0021300450898706913 -0.02334015816450119 -0.030107414349913597 -0.025335242971777916 0.03590967133641243 0.0400400348007679 0.04834543168544769 -0.031025908887386322 -0.014639380387961864 -0.023821797221899033 -0.01249226089566946 0.03999831900000572 -0.01897934451699257 0.001165841007605195 0.05192812159657478 -0.02174169383943081 0.04208265617489815 0.025512047111988068 0.0369991809129715 0.049814045429229736 -0.028895823284983635 0.009561021812260151 -0.029253583401441574 -0.005507959984242916 0.035362306982278824 -0.012243256904184818 -0.015233553014695644 0.0485745444893837 -0.023099351674318314 0.054679784923791885 -0.015046747401356697 0.04605841264128685 -0.02818717248737812 0.05063902214169502 -0.030830129981040955 0.04904492571949959 0.0017539018299430609 -0.025509076192975044 -0.0196620374917984 -0.020983142778277397 0.044174712151288986 0.016270088031888008 0.009687324985861778 0.05020027607679367 7.866760659260805e-38 0.031625550240278244 -3.1751783682397095e-39 0.012570388615131378 0.032740913331508636 0.11203977465629578 0.0006683984538540244 0.020479440689086914 1.786621910850998e-39 -0.04190489649772644 -0.010438471101224422 -0.059685830026865005 -0.029454296454787254 0.046530432999134064 -0.09946120530366898 -0.06480199843645096 0.07127654552459717 -0.009871577844023705 0.06223645806312561 0.05142071098089218 -0.037334736436605453 -0.02912842109799385 -0.04288899526000023 -0.0030616438016295433 -0.02231798693537712 -0.0021969119552522898 0.032229065895080566 0.020846175029873848 0.01474720612168312 0.048426177352666855 -0.03815234825015068 0.030487390235066414 -0.04825371503829956 -0.011552543379366398 0.06296294182538986 -0.04944218322634697 -0.03597978129982948 0.055603377521038055 -0.006661026272922754 0.033200085163116455 -0.036720722913742065 -0.05284004658460617 -0.007166121620684862 0.009922238998115063 0.008872555568814278 -0.03623565286397934 0.05384146794676781 0.04998771473765373 -0.04793373867869377 -0.03866934776306152 0.05581733584403992 -0.04299177974462509 0.03525545448064804 -0.0012258630013093352 -0.042500145733356476 0.006957066711038351 -0.041820112615823746 -0.040588874369859695 0.047943115234375 0.03773949667811394 -0.033060602843761444 0.03321024775505066 -0.028329037129878998 -0.025498734787106514 0.055021606385707855 -0.030764710158109665 -0.03511131927371025 0.01653299108147621 0.05462980270385742 0.0414036400616169 -0.03430549055337906 0.017550433054566383 0.01114146038889885 -0.016441820189356804 0.05783819407224655 -0.03454280644655228 0.027696143835783005 0.05516354367136955 0.02607971802353859 0.03134233132004738 -1.0133938260273499e-39 -0.01640157401561737 -2.2237345460216955e-40 0.003962100949138403 0.03427297994494438 -0.013256397098302841 0.00011372091830708086 0.0008957901736721396 6.068701350343988e-39 -0.07723753154277802 0.021030642092227936 -0.032159920781850815 -0.02705906145274639 0.018459374085068703 0.017604000866413116 -0.03965447470545769 -0.030782537534832954 -0.0072532580234110355 0.07486321777105331 0.036450598388910294 0.043803948909044266 -0.02774295024573803 0.02182198315858841 -0.02872537076473236 0.0452432818710804 -0.014987686648964882 -0.025261281058192253 0.03688240051269531 0.0010379827581346035 0.060461804270744324 -0.021299613639712334 -0.020608248189091682 -0.03158752992749214 0.04747214540839195 0.03949767351150513 0.04784858226776123 -0.024145472794771194 -0.02197064459323883 0.006694367621093988 0.01933668926358223 0.004097252618521452 -0.028575336560606956 0.057717908173799515 0.033915214240550995 0.017056763172149658 0.037725962698459625 0.017227744683623314 -0.010820443741977215 0.07051900029182434 0.05271870270371437 0.0414026714861393 -0.026513995602726936 -0.02392832189798355 0.04546060040593147 -0.02753119170665741 0.05550725385546684 -0.004608443938195705 0.03180569037795067 0.019272955134510994 0.05044645443558693 -0.028151225298643112 -0.024352779611945152 -0.010923072695732117 0.03328527882695198 0.038433197885751724 -0.015451591461896896 -0.006238472182303667 -0.029888983815908432 -0.020866241306066513 0.04215644672513008 0.03728363662958145 -0.029162980616092682 0.039671216160058975 0.0038395202718675137 0.04868543520569801 0.0448385551571846 0.025993788614869118 -0.025135930627584457 0.049061115831136703 0.019587449729442596 -1.3539303723352453e-38 0.07443681359291077 -6.6190332962382734e-40 0.02351239323616028 -0.001882957061752677 0.07395457476377487 -0.09165310114622116 -0.010236973874270916 -5.214429168836114e-39 -0.12079185247421265 0.010571525432169437 -0.07237078249454498 -0.08051276952028275 0.10760383307933807 -0.06114649027585983 0.0763799399137497 0.05294251814484596 -0.012616629712283611 0.10322011262178421 -0.04142337292432785 0.07349516451358795 -0.051027555018663406 -0.04860431328415871 0.07399255782365799 0.003039526054635644 0.05088360980153084 0.009400809183716774 -0.03469210863113403 -0.0380379743874073 0.08477552235126495 0.06337689608335495 0.06672408431768417 0.0286930613219738 -0.0019431381952017546 -0.05235464498400688 0.05870246887207031 -0.05325370654463768 0.059751514345407486 0.08151394128799438 0.06153266131877899 -0.0652572363615036 0.01588410884141922 -0.03905012831091881 -0.039618879556655884 -0.045223403722047806 -0.06386474519968033 0.057760290801525116 -0.02909082919359207 -0.009826594963669777 0.029565658420324326 0.08224749565124512 0.04793095588684082 0.07226654887199402 -0.04148809611797333 -0.05603238195180893 0.04571864381432533 0.032622698694467545 0.050366006791591644 0.06595693528652191 0.09474208205938339 0.006049221847206354 0.005482571665197611 0.05708382651209831 -0.07014648616313934 0.08472240716218948 0.07559895515441895 -0.07004549354314804 -0.061706192791461945 -0.03737043961882591 0.07835309207439423 -0.06368513405323029 -0.059656910598278046 0.028907861560583115 -0.04670167341828346 -0.05252169072628021 0.0973559096455574 0.05950435996055603 0.09290581196546555 0.09185126423835754 0.07454868406057358 2.934003692141694e-39 -0.004213488195091486 -4.539182675234986e-39 0.01045247633010149 0.020918957889080048 0.011077477596700191 0.05122487619519234 0.023542102426290512 -6.014122176457001e-39 -0.09304460138082504 0.015010004863142967 -0.07822614163160324 -0.05714680999517441 0.031096018850803375 -0.07335052639245987 0.03053482249379158 0.09070655703544617 0.007365945726633072 -0.039126720279455185 0.0560954287648201 0.10338590294122696 0.022154374048113823 0.07180731743574142 0.08023026585578918 0.04933606833219528 -0.026346540078520775 -0.033121004700660706 -0.03196733817458153 -0.006010076496750116 -0.015863049775362015 0.08090325444936752 0.07343331724405289 0.019027093425393105 -0.03191345930099487 0.027052482590079308 -0.02916557900607586 0.08478005975484848 0.0036838222295045853 0.03270409256219864 0.08578870445489883 -0.018947148695588112 -0.028875282034277916 -0.03056677244603634 0.0033786161802709103 0.09123377501964569 -0.04054230824112892 -0.03434911370277405 0.08009061962366104 0.07608786225318909 0.07313913851976395 0.07910767942667007 -0.020124735310673714 0.07083740830421448 -0.014462808147072792 0.07026254385709763 0.09292896091938019 0.042932260781526566 -0.038508251309394836 0.08898372203111649 -0.029842419549822807 -0.01602022536098957 -0.01204368844628334 -0.016880659386515617 -0.017794737592339516 -0.0337517149746418 -0.03731102496385574 0.07846097648143768 -0.03742629662156105 0.10576240718364716 0.06789272278547287 -0.03333068639039993 -0.03337039053440094 -0.0121876560151577 -0.017022602260112762 0.02398686856031418 -0.03491027653217316 -0.03175962343811989 -0.03348606824874878 -0.03624005243182182 -0.02448485977947712 4.733544173535302e-39 -0.006580735556781292 2.0550840719448107e-39 -0.006441536825150251 -0.008662767708301544 0.0019648473244160414 0.0018288235878571868 -0.009767374955117702 -3.032426692380476e-39 -0.010644744150340557 0.009360365569591522 0.0010227171005681157 0.00402548722922802 -0.002144056372344494 0.009170234203338623 0.008300975896418095 -0.0006292789475992322 0.010106279514729977 -0.0018149706302210689 -0.00294257840141654 0.0005372434388846159 0.006379782222211361 -0.00022441652254201472 -0.0002695407602004707 0.002529789926484227 -0.00029156298842281103 -0.002251983853057027 0.003998773172497749 -0.002361732767894864 0.010539687238633633 0.0017632307717576623 0.008099031634628773 0.0024325349368155003 -0.0019943867810070515 0.003554909024387598 0.0019867990631610155 0.0005963827134110034 0.007252614013850689 0.002646117005497217 0.016643179580569267 0.017124919220805168 -8.862157847033814e-05 -0.00114052789285779 0.008483486250042915 -0.0011789288837462664 0.001554618589580059 0.0017877876525744796 -0.001128530828282237 0.010787761770188808 -0.0009339150856249034 -0.002789165358990431 0.013110802508890629 -0.0016497538890689611 0.007256236393004656 8.417145727435127e-05 0.0013810667442157865 0.008852245286107063 -0.002517394255846739 -0.001955358311533928 -0.00023098026576917619 -0.0016953445738181472 -0.0014571568462997675 -0.0017191116930916905 -0.0014393830206245184 0.009424861520528793 0.0005208223592489958 0.010526375845074654 0.00022378438734449446 0.007163164671510458 0.0006676925113424659 0.000912127667106688 -0.0013227254385128617 -0.0020006021950393915 0.008714035153388977 0.005509302951395512 0.006236622575670481 0.013319805264472961 -0.0006376922829076648 -0.00272218300960958 -0.0010155842173844576 -1.3987887387752113e-39 -0.03393293917179108 3.373491528209422e-39 -0.007455618120729923 0.010072361677885056 0.05765930935740471 -0.024392494931817055 -0.00457032723352313 -1.6907132604467538e-38 0.006931396666914225 -0.06474076211452484 -0.0062369233928620815 -0.058853741735219955 0.015605340711772442 -0.027446111664175987 0.06315413117408752 0.07373106479644775 -0.010173357091844082 0.04246006906032562 0.005687423516064882 -0.025814224034547806 -0.02816586382687092 -0.028010327368974686 -0.017980536445975304 0.0833452045917511 -0.023937780410051346 0.0551602803170681 -0.02596799097955227 0.08434376120567322 0.07506480067968369 -0.020423853769898415 -0.02256232686340809 -0.0091117387637496 -0.013404506258666515 -0.025188108906149864 -0.013194922357797623 0.061790261417627335 -0.028856055811047554 -0.01977173611521721 -0.024639608338475227 0.06591279804706573 0.072808638215065 -0.022849833592772484 -0.02131469175219536 0.09254717826843262 0.009430374950170517 -0.014437761157751083 -0.01297852210700512 -0.010791363194584846 -0.020202692598104477 -0.00654248334467411 0.010610743425786495 -0.020045682787895203 0.006811700761318207 -0.011534696444869041 -0.011829538270831108 0.08670207113027573 -0.031547028571367264 -0.031114328652620316 0.06922034174203873 0.07351617515087128 -0.026981621980667114 0.07691802829504013 0.03950682654976845 0.06513955444097519 -0.02667129971086979 -0.020114649087190628 0.07899847626686096 -0.003786089364439249 -0.025180619210004807 0.054534025490283966 -0.009402360767126083 -0.021278323605656624 0.06967585533857346 0.06737370043992996 0.06982632726430893 -0.02390047162771225 0.05350944399833679 -0.023806320503354073 0.06642163544893265 3.683582062782932e-39 0.032239414751529694 -4.279589332121885e-39 0.021134549751877785 0.015421010553836823 0.004870131146162748 0.020621612668037415 -0.00966848898679018 -9.721484554439218e-38 -0.034139107912778854 -0.009695563465356827 -0.08509866893291473 -0.012824613600969315 0.03325285762548447 0.009197913110256195 -0.0038981968536973 -0.010492284782230854 0.003523163264617324 0.05701780319213867 0.047204021364450455 0.08147594332695007 -0.021032482385635376 0.027611134573817253 0.0047245086170732975 -0.020593632012605667 0.01573835499584675 -0.018649045377969742 -0.007849003188312054 -0.00597280403599143 -0.015472141094505787 0.04512305185198784 -0.01208264660090208 0.05092127248644829 0.0037714324425905943 0.04371673986315727 -0.013723504729568958 -0.014137244783341885 0.055566128343343735 0.04938372224569321 -0.02730254828929901 -0.01866166666150093 0.05377005413174629 0.02839541807770729 0.04303809255361557 -0.013924590311944485 -0.026181165128946304 -0.02315734326839447 -0.023044269531965256 0.05841859057545662 -0.006146469619125128 -0.012641050852835178 0.02965184859931469 -0.021538417786359787 0.06617400050163269 0.0490746796131134 0.03162214159965515 -0.022557951509952545 -0.006054602563381195 0.06895525753498077 -0.017308378592133522 0.05270669609308243 0.008729233406484127 -0.01695377193391323 -0.018581287935376167 0.0601252019405365 -0.020120438188314438 0.04954946041107178 0.03047019988298416 -0.002042395994067192 -0.018477672711014748 0.04282678663730621 0.05894859880208969 -0.01826915517449379 0.06302297115325928 -0.015542774461209774 -0.013107345439493656 0.04427390173077583 0.04861471429467201 -0.008164445869624615 0.06439055502414703 -4.921686709250945e-39 -0.014943101443350315 7.376771427837275e-40 0.013844262808561325 -0.007027289364486933 -0.008009998127818108 -0.02012045867741108 -0.009824076667428017 -1.5205433584450017e-38 0.01982915960252285 -0.07416672259569168 0.013065185397863388 -0.03775595501065254 0.037876687943935394 -0.12058980017900467 -0.00918061938136816 0.0264190174639225 -0.034463632851839066 -0.03741825371980667 0.017914138734340668 -0.02301483228802681 -0.016083424910902977 0.03792612999677658 -0.011921867728233337 0.0483756922185421 -0.039265554398298264 0.03391749784350395 0.07444223761558533 -0.031138503924012184 0.0498795323073864 -0.022648951038718224 0.043597396463155746 0.04455834627151489 -0.048330143094062805 -0.04347674176096916 -0.01349995844066143 0.053191572427749634 -0.03371520712971687 0.05919347703456879 0.04181143268942833 0.04055927321314812 0.03323210030794144 -0.02967880107462406 -0.02330111525952816 0.05400707200169563 -0.035308558493852615 0.006481134798377752 0.042746495455503464 0.022037917748093605 0.03646944835782051 -0.01158866286277771 0.033546220511198044 0.03742041066288948 -0.03177068009972572 -0.0455014668405056 0.04405198618769646 0.05727038159966469 0.05526105687022209 0.061257749795913696 0.01993056945502758 0.04973400756716728 0.037180736660957336 -0.020262369886040688 0.024459343403577805 -0.020590035244822502 -0.043200358748435974 0.04728856682777405 -0.02774614468216896 0.04139809310436249 -0.016187014058232307 -0.051654670387506485 0.0495963878929615 -0.032098185271024704 0.05632937699556351 -0.03122708387672901 -0.011737138032913208 0.0447508879005909 0.025526612997055054 0.02086358331143856 -0.04382351413369179 6.4334018873707e-39 -0.02250111848115921 1.8109804017966634e-38 0.031414881348609924 -0.029475977644324303 -0.02660909667611122 0.03666283190250397 0.046889256685972214 -6.383091068606047e-38 -0.005147104617208242 -0.03850604221224785 -0.07078993320465088 -0.047085992991924286 0.012034248560667038 -0.06311409920454025 0.01670661009848118 0.05482790991663933 -0.03711612522602081 0.036044150590896606 -0.04856206476688385 0.05744814872741699 -0.007162475027143955 0.05159086361527443 -0.021489495411515236 -0.04786072298884392 0.05510840564966202 0.04687675088644028 -0.052607472985982895 0.048999737948179245 0.07977479696273804 0.03068028762936592 -0.04632076993584633 0.055450260639190674 -0.045702021569013596 -0.035377003252506256 0.05395038425922394 0.05860815569758415 0.07373090088367462 -0.05691450089216232 -0.04133323207497597 -0.0462384857237339 -0.049241386353969574 -0.03902927041053772 0.056286998093128204 0.0642392486333847 -0.055871810764074326 -0.046473369002342224 0.049567811191082 -0.05846821144223213 -0.05025847256183624 -0.008913868106901646 -0.025349918752908707 0.04745813459157944 0.035090312361717224 0.06233483925461769 0.0574263259768486 0.06479191780090332 -0.06090953201055527 0.05760987848043442 0.05379042774438858 -0.0320192389190197 -0.02632823772728443 -0.042804352939128876 -0.020310666412115097 0.06278251856565475 0.06585932523012161 0.042531125247478485 0.05497179925441742 -0.04548908770084381 0.04093209654092789 0.044900696724653244 -0.04125647991895676 -0.034878164529800415 0.0513622909784317 0.013210445642471313 0.02754213847219944 -0.04933331161737442 -0.03599228709936142 -0.048786766827106476 -0.04609549790620804 6.656152291259774e-39 0.01291591115295887 6.888315216933716e-39 -0.01762820966541767 0.04821894317865372 -0.0987664982676506 -0.0033974049147218466 0.036045532673597336 9.527540362821577e-40 -0.01929093338549137 -0.0557217113673687 -0.032274454832077026 -0.05237483233213425 -0.0013634872157126665 -0.02240287885069847 -0.0672435462474823 0.03998908773064613 0.05701478198170662 0.020758535712957382 0.08108748495578766 -0.026470478624105453 -0.006317312363535166 0.06478417664766312 -0.03679182380437851 0.03888736292719841 0.060322169214487076 0.044680677354335785 0.0795874372124672 0.052616339176893234 0.03185715153813362 0.021070098504424095 -0.05760463327169418 -0.05170723795890808 0.050004154443740845 -0.04922280088067055 0.047128744423389435 0.05789029225707054 0.053105905652046204 -0.05633987858891487 0.05970184504985809 0.03381388261914253 0.0006241160444915295 -0.030639689415693283 -0.05528070777654648 0.0872509777545929 0.07674425095319748 -0.051813721656799316 -0.05853336676955223 -0.053595997393131256 0.061921194195747375 -0.004141046199947596 0.049233369529247284 0.09267152100801468 -0.0433664470911026 0.06735523790121078 0.04441753774881363 -0.05818114057183266 -0.056669313460588455 0.0399918332695961 0.08207309991121292 -0.04972909763455391 0.06311996281147003 0.029180413112044334 -0.05482899025082588 -0.05379607900977135 -0.05847666412591934 -0.050032176077365875 0.03520132973790169 0.05370572209358215 -0.04712141677737236 -0.005888835992664099 -0.04496803507208824 -0.054400790482759476 -0.06018697842955589 0.07093465328216553 -0.022598013281822205 -0.05208238586783409 -0.05738154798746109 0.004888726864010096 0.057781148701906204 -1.872947501447264e-40 -0.017453212291002274 -2.1334233823331968e-38 -0.016044285148382187 -0.011183558031916618 -0.01333277951925993 0.0002191607200074941 -0.09879514575004578 -5.402360108483644e-39 0.04345618188381195 -0.024835459887981415 -0.050886694341897964 -0.013993910513818264 0.004180463030934334 -0.025356978178024292 0.046354781836271286 0.014767777174711227 0.024137945845723152 -0.032693132758140564 -0.012680551037192345 -0.006699237506836653 -0.019042162224650383 -0.017031313851475716 0.025636181235313416 -0.04318869858980179 0.03275643661618233 0.03969937935471535 -0.03922971338033676 -0.03251150995492935 0.06357114017009735 0.03670395910739899 -0.03144892305135727 0.04348820447921753 -0.022597884759306908 -0.033067476004362106 0.050780847668647766 -0.03096953220665455 0.029717393219470978 -0.029834581539034843 0.034415390342473984 0.04726846516132355 -0.01929396763443947 0.03718874976038933 -0.0345221646130085 -0.03289616480469704 -0.026087438687682152 -0.046401143074035645 0.02853281795978546 -0.0042653377167880535 -0.019524794071912766 -0.045807551592588425 -0.011606371030211449 0.0244087353348732 0.01908905804157257 0.045363109558820724 0.04567158222198486 0.0027189250104129314 -0.00625342782586813 -0.030365869402885437 0.06301133334636688 -0.03803487494587898 -0.036644868552684784 0.024251127615571022 0.02259572222828865 0.04003329202532768 0.030386080965399742 0.04421059787273407 -0.033614832907915115 0.04915149509906769 0.04937312379479408 -0.02908157929778099 0.04802223667502403 -0.010777151212096214 -0.013088634237647057 0.05501345545053482 0.046110767871141434 -0.018948303535580635 0.027769556269049644 0.02957354299724102 -0.023652303963899612 7.035675763442114e-39 -0.044539373368024826 -2.345239734564836e-39 -0.03131946176290512 -0.049472395330667496 -0.012056795880198479 -0.020096544176340103 0.046355631202459335 6.46931856830981e-40 -0.0027586398646235466 -0.017697270959615707 -0.03675787150859833 -0.0875043272972107 0.050748154520988464 -0.030517907813191414 -0.03390377759933472 0.09228041023015976 0.07141795754432678 0.004685358144342899 -0.036989375948905945 0.009909985587000847 -0.05049193277955055 -0.038137245923280716 0.047920964658260345 -0.041557203978300095 0.04565655440092087 -0.045055147260427475 -0.05320792272686958 -0.052083902060985565 0.026242580264806747 -0.050103891640901566 -0.0031923307105898857 0.052918583154678345 -0.04679948836565018 0.07068247348070145 -0.03652604669332504 -0.04037934169173241 -0.023084821179509163 -0.04465137794613838 0.08265314996242523 0.04552389681339264 -0.02141990140080452 -0.04671666771173477 0.09703104197978973 0.07653158158063889 0.08518840372562408 -0.04637201130390167 0.07236357033252716 -0.029716555029153824 0.044912729412317276 -0.010935761034488678 -0.04378746077418327 -0.051827024668455124 0.05254083126783371 0.05272259935736656 -0.04774904623627663 0.03893864527344704 0.0706833228468895 0.0399882011115551 0.0387381911277771 0.02374235913157463 0.04318975284695625 0.016484767198562622 0.05838778614997864 0.09762434661388397 0.060424111783504486 -0.05251176655292511 -0.051957134157419205 -0.016046805307269096 0.06653375178575516 0.057798273861408234 -0.04030832648277283 -0.049165744334459305 -0.03793635591864586 0.08507698774337769 -0.022955860942602158 0.059066291898489 0.06725773215293884 -0.028780298307538033 -0.04464738816022873 -3.41119626598901e-39 -0.021847212687134743 6.72589491582922e-39 -0.009109222330152988 -0.040565475821495056 0.056363292038440704 0.02241547778248787 0.06072629615664482 6.16134399441743e-39 0.04526323825120926 -0.011588525027036667 -0.045372046530246735 -0.049639489501714706 -0.03278326615691185 -0.012873386964201927 0.009468208998441696 0.059610091149806976 -0.016469547525048256 0.04713914915919304 0.035350579768419266 0.05923561006784439 0.013317584060132504 -0.015093332156538963 -0.008828218095004559 -0.03274855017662048 -0.011018337681889534 -0.03396129980683327 0.06501681357622147 0.06585186719894409 0.07108616828918457 -0.037013277411460876 -0.036164555698633194 -0.028194528073072433 0.028791723772883415 -0.02787260338664055 0.03225041925907135 0.008415352553129196 -0.02772885002195835 -0.006583001464605331 0.052897773683071136 0.035234637558460236 0.06365910172462463 -0.009395907633006573 -0.039218783378601074 -0.03419378772377968 -0.00021779662347398698 0.03616185113787651 -0.004156701732426882 -0.004351100884377956 0.042944859713315964 0.03311851993203163 -0.024357859045267105 -0.02274615876376629 -0.015585717745125294 0.02387453243136406 -0.032789405435323715 0.04572204500436783 -0.038904380053281784 0.09210463613271713 -0.021274017170071602 0.06314068287611008 0.06293461471796036 0.0228758342564106 -0.03178563341498375 -0.02944301627576351 -0.041156105697155 -0.030656039714813232 0.07209888845682144 0.06779368966817856 0.05995878949761391 0.05403115600347519 -0.027569225057959557 0.04973512142896652 -0.020723091438412666 -0.018795376643538475 0.04568373039364815 0.05420999601483345 -0.015725133940577507 -0.0020992313511669636 0.05735412985086441 5.577001133495517e-39 -0.024545451626181602 1.2505832092928257e-39 0.007586219348013401 0.005694965831935406 -0.0076151043176651 -0.07120374590158463 0.05982789397239685 3.424786058496032e-39 -0.07458209991455078 -0.07246997207403183 -0.05364766716957092 -0.0360720120370388 -0.0435025691986084 -0.03864143788814545 -0.058512941002845764 -0.05486246943473816 -0.07891569286584854 0.0878714770078659 -0.04882378131151199 0.009583566337823868 -0.007739584892988205 0.02560093067586422 0.049214884638786316 -0.06086002662777901 0.08273663371801376 -0.06896526366472244 0.060696881264448166 -0.0020777988247573376 -0.04020160809159279 0.06049651280045509 0.05576856806874275 -0.005443923640996218 -0.05474410578608513 -0.022524064406752586 0.0781262218952179 -0.05042754113674164 -0.04161420464515686 0.08946406096220016 -0.06001235172152519 -0.058997463434934616 -0.008159841410815716 0.10001179575920105 0.08581705391407013 0.07935557514429092 -0.04872431606054306 0.11258763819932938 -0.05865595117211342 0.11851220577955246 0.02383059822022915 0.08302981406450272 0.10157472640275955 -0.04955621063709259 -0.04331941157579422 -0.033961907029151917 -0.059300970286130905 -0.0613761804997921 0.060634713619947433 -0.04657980799674988 -0.07218899577856064 -0.06444386392831802 -0.055099885910749435 -0.04951233044266701 0.07171608507633209 0.05682801082730293 0.0535605326294899 0.09086167067289352 0.07172840088605881 -0.06200679764151573 0.06884972751140594 0.07985943555831909 -0.05961187556385994 0.10078068822622299 -0.06652455776929855 0.08451765030622482 -0.016471760347485542 -0.06694529205560684 0.0749942734837532 0.1073232963681221 -0.042658016085624695 -3.491000213532308e-39 0.01196058839559555 3.402491399928624e-39 0.010511082597076893 -0.002585554961115122 -0.04304938018321991 0.042942773550748825 0.08743733167648315 3.659210679891395e-39 -0.035394735634326935 0.018464211374521255 -0.10017665475606918 -0.05405011400580406 0.012523342855274677 -0.14542622864246368 -0.11667565256357193 0.0941242054104805 -0.08422371745109558 -0.012413055635988712 0.04616505280137062 -0.06332904100418091 -0.06191263347864151 -0.04947924241423607 -0.010456841439008713 0.046537820249795914 -0.03829028084874153 0.06014285609126091 -0.05976823717355728 -0.002460041083395481 0.01943245716392994 0.07724429666996002 0.0117879593744874 -0.058555468916893005 0.08166413754224777 0.06048494577407837 0.07717891782522202 -0.028916390612721443 -0.02922542579472065 0.08216943591833115 -0.0732380747795105 -0.0573921799659729 0.028076495975255966 -0.010190636850893497 0.047545090317726135 0.002667407039552927 0.06012270599603653 -0.03154737502336502 0.07209642231464386 0.05561525747179985 0.009815635159611702 -0.03789304941892624 0.073605015873909 -0.009114324115216732 0.05418960377573967 -0.06490615755319595 0.04726193845272064 0.03395810350775719 0.04046906530857086 0.02872789278626442 -0.004290571436285973 0.07666347175836563 0.041189998388290405 -0.036839213222265244 -0.0037930170074105263 -0.062484011054039 -0.033925119787454605 0.04284653067588806 -0.05247072875499725 -0.07187586277723312 0.07274885475635529 0.0748218446969986 0.08648396283388138 -0.016133572906255722 0.07323858886957169 -0.05096317082643509 -0.03141159564256668 -0.06583139300346375 0.054876409471035004 0.03090873919427395 0.07808418571949005 1.6211271609157727e-39 -0.0004976135678589344 -3.92058086945726e-40 -0.06336074322462082 0.03445814177393913 0.02625417895615101 0.05583780258893967 -0.07116235792636871 5.881443033959334e-39 -0.02453327737748623 -0.04891101270914078 -0.06613540649414062 -0.06725264340639114 0.029458533972501755 -0.024373147636651993 0.04448665305972099 -0.047499481588602066 0.07918126881122589 -0.051399119198322296 -0.006934408098459244 0.03896413370966911 0.09719617664813995 -0.05590352788567543 -0.03537921607494354 0.03350265696644783 -0.04632166028022766 0.05651288107037544 0.05410517379641533 0.07194283604621887 -0.015211783349514008 0.07401909679174423 0.05472801253199577 0.08127385377883911 0.08722435683012009 0.050106849521398544 0.08035620301961899 -0.038213375955820084 -0.04717949405312538 0.0959218218922615 -0.056217361241579056 0.09685690701007843 -0.05592003092169762 -0.05258556827902794 -0.032483190298080444 -0.054977454245090485 -0.05743914470076561 -0.056727807968854904 0.06319356709718704 -0.04020754620432854 0.0760425254702568 -0.04468085244297981 -0.053996600210666656 0.07922595739364624 0.10919979214668274 0.06703079491853714 -0.05325588211417198 -0.041661765426397324 0.008491975255310535 0.08717556297779083 -0.04202919080853462 0.07777948677539825 -0.05149674788117409 0.06324532628059387 0.04178965091705322 0.06736775487661362 -0.056815896183252335 0.0946521908044815 -0.051700983196496964 0.07475990802049637 -0.054157353937625885 0.053128864616155624 0.07586778700351715 0.07860691845417023 -0.03848305344581604 0.0685395896434784 -0.047877199947834015 0.06794726103544235 -0.04020840302109718 -0.05004103481769562 0.06960350275039673 -4.468995839052349e-39 0.004782435484230518 -2.562373734208895e-39 -0.05757385492324829 -0.011928938329219818 0.08903678506612778 -0.003418960142880678 -0.049186479300260544 4.9031195045986414e-39 -0.05682942643761635 -0.0667312890291214 -0.058983560651540756 -0.01057768426835537 -0.00705472519621253 -0.011161040514707565 0.019623400643467903 0.08785753697156906 0.029499482363462448 -0.028242409229278564 0.027669288218021393 -0.03972325846552849 -0.0442582443356514 -0.05422975867986679 0.029341375455260277 -0.038514867424964905 -0.023497438058257103 0.02977239154279232 0.0936054140329361 -0.025927815586328506 0.037675365805625916 0.04608750343322754 -0.040464043617248535 -0.041421014815568924 -0.046862706542015076 0.029809772968292236 -0.045630618929862976 0.033340469002723694 0.038148026913404465 -0.04670710116624832 -0.04277435317635536 0.06368225067853928 0.06083379313349724 -0.03503207862377167 -0.03308757394552231 -0.052034687250852585 0.028874710202217102 0.0661177709698677 -0.02357572317123413 -0.016781603917479515 -0.035862669348716736 -0.051851242780685425 0.03712859004735947 -0.051410626620054245 -0.033186472952365875 -0.043227192014455795 0.061754245311021805 0.02246609888970852 -0.04365559667348862 -0.05650617182254791 -0.04109681397676468 -0.040756307542324066 0.04726772382855415 0.06619102507829666 -0.02474660612642765 0.07096493989229202 -0.04791717603802681 -0.046509623527526855 0.055104486644268036 0.07584473490715027 -0.042858775705099106 -0.0454503670334816 0.03030651994049549 -0.032603755593299866 0.05755191668868065 0.056252069771289825 0.07821772992610931 0.053782325237989426 0.06363935023546219 -0.04710954800248146 -0.009204939939081669 -4.428705705606082e-40 -0.02857399545609951 2.0996341527226253e-39 0.026299310848116875 -0.005850367713719606 0.005723482463508844 -0.06228535249829292 0.029128437861800194 8.918187967687473e-38 0.028362523764371872 -0.02434518188238144 -0.07226873934268951 -0.014233957044780254 -0.011654835194349289 -0.010227161459624767 0.04657141864299774 -0.028118185698986053 0.059977948665618896 0.06298550963401794 -0.028867429122328758 -0.0307355597615242 -0.014033125713467598 -0.03001016192138195 -0.03305335342884064 -0.022095998749136925 -0.02253660559654236 0.047815121710300446 -0.033417958766222 -0.03654758259654045 0.0472710095345974 0.04484774172306061 0.05387933924794197 0.036305781453847885 0.0537186898291111 0.05454213544726372 -0.019078677520155907 -0.02041156217455864 0.0721621885895729 -0.024226613342761993 0.05935206264257431 0.05069008842110634 -0.0188237726688385 0.05332619324326515 0.04732806980609894 -0.034864336252212524 -0.0341397188603878 0.050809022039175034 0.051017504185438156 0.07979962229728699 0.0507030114531517 0.07385839521884918 0.06696673482656479 0.060396064072847366 -0.011088227853178978 -0.03079838491976261 -0.028634771704673767 0.06074801832437515 -0.01572856307029724 -0.030846165493130684 -0.0189753957092762 -0.01986156776547432 -0.03637625649571419 -0.026941314339637756 0.061922647058963776 -0.038665153086185455 0.05565360188484192 0.05312201380729675 -0.030125493183732033 -0.005192895885556936 0.050259776413440704 -0.03270522877573967 0.054312050342559814 0.04335913062095642 -0.028875544667243958 -0.014187672175467014 0.06539814174175262 0.05164534971117973 0.055403418838977814 -0.030328407883644104 -0.033439479768276215 -1.8987355970862336e-39 -0.04705587029457092 3.078595272884586e-39 -0.07557245343923569 -0.07136154919862747 -0.04597266763448715 -0.004860347136855125 -0.07189309597015381 -1.1962590717263455e-39 -0.002318568527698517 -0.03971163555979729 -0.019253306090831757 -0.016352523118257523 -0.036958809942007065 -0.047281790524721146 0.053187668323516846 -0.013518191874027252 0.042628854513168335 -0.035119228065013885 -0.037232931703329086 0.0028737038373947144 -0.019284438341856003 0.07055538147687912 -0.007771144155412912 0.03230070695281029 0.07692275941371918 -0.047296542674303055 0.058345090597867966 0.003913694527000189 0.013899569399654865 0.032724201679229736 -0.03698815777897835 0.01625879295170307 0.03680181875824928 -0.01143693458288908 -0.0009371780906803906 0.06197492405772209 0.0323917455971241 -0.04137476533651352 -0.010196717455983162 0.005247452761977911 0.075669065117836 -0.017451317980885506 0.00040261511458083987 -0.039749596267938614 -0.025174863636493683 -0.05882468447089195 0.04625426605343819 0.06588837504386902 -0.042365480214357376 0.0037292102351784706 -0.041423264890909195 0.07034610956907272 0.03331457078456879 -0.04101712629199028 -0.04276086390018463 0.08454752713441849 -0.001510049682110548 0.012891565449535847 -0.038799818605184555 -0.04436344653367996 -0.044526319950819016 0.0756642147898674 -0.0013173057232052088 -0.019612379372119904 0.049169883131980896 0.03259950131177902 0.08536749333143234 0.015802141278982162 -0.010688645765185356 -0.011162487789988518 -0.03051694482564926 -0.029983650892972946 0.09590481966733932 0.09984103590250015 -0.04060165956616402 -0.013253448531031609 0.020650632679462433 0.019435226917266846 0.02254646271467209 3.494196575329433e-39 -0.01226504985243082 -3.317446596128751e-39 -0.019632579758763313 -0.01567765884101391 0.06751475483179092 0.02306697703897953 0.006486345548182726 4.699328668931883e-39 -0.010549315251410007 -0.16443102061748505 -0.1404346376657486 -0.18364407122135162 0.006992548704147339 0.04814211279153824 0.02340335212647915 0.01987917721271515 -0.011253302916884422 -0.005957091227173805 0.0016525363316759467 0.02604817971587181 -0.024663126096129417 0.020392922684550285 -0.003997364547103643 0.0035798060707747936 -0.03695119917392731 0.017678722739219666 0.019658001139760017 -0.01178645621985197 0.005691910162568092 0.025574782863259315 -0.013083170168101788 0.016315611079335213 -0.0012933533871546388 0.007892422378063202 -0.0016830123495310545 0.006184479687362909 0.0027734418399631977 -0.0028824179898947477 0.007895180955529213 -0.007107619661837816 -0.02595716528594494 0.01655888929963112 0.03918481990695 -0.005443140864372253 0.053514741361141205 -0.005068065598607063 0.0021172056440263987 -0.020797032862901688 -0.0009021590230986476 -6.860513531137258e-05 -0.014618935063481331 0.001250660978257656 -0.0007263994193635881 -0.013689551502466202 -0.018754705786705017 0.01467934064567089 0.008985878899693489 -0.015089825727045536 -0.00901280902326107 0.01775987073779106 -0.01994113251566887 0.01848071999847889 -0.016436709091067314 0.02184842713177204 0.018436336889863014 -0.007447786163538694 -0.021969543769955635 0.00048133236123248935 -0.028595248237252235 0.0029647403862327337 -0.016852660104632378 0.015413979068398476 -0.013039344921708107 -0.0006865924224257469 0.01239778008311987 -0.0007557482458651066 0.007835883647203445 -0.03957400470972061 0.029115598648786545 -5.809534001964042e-39 0.03651081770658493 4.212328407132758e-39 0.0007155740750022233 -0.022486230358481407 0.0615105964243412 -0.05005261301994324 -0.006597995758056641 4.649138361835161e-39 0.007933667860925198 -0.04622841253876686 -0.03671809285879135 -0.0934625118970871 0.0011802120134234428 -0.07574546337127686 0.03626231476664543 0.05015784129500389 -0.056752581149339676 0.006015492137521505 0.056198593229055405 -0.04440802335739136 0.06941726803779602 0.026934660971164703 -0.05060197785496712 0.05661698803305626 0.04973869025707245 0.050697293132543564 0.06440039724111557 0.05128306522965431 0.06865531951189041 0.033951353281736374 0.06795112043619156 0.0782323107123375 0.02904338762164116 0.08731604367494583 -0.013611351139843464 -0.0466267429292202 0.056632254272699356 -0.05130389332771301 -0.03867027908563614 0.05741054564714432 0.060665301978588104 0.07431590557098389 -0.05136677622795105 -0.04326329380273819 -0.03841286897659302 0.10017205029726028 -0.03462307155132294 0.04184060916304588 0.08245044946670532 0.05028395727276802 0.09501977264881134 -0.03765708953142166 0.05551719665527344 0.07411336153745651 -0.03978727385401726 -0.050612010061740875 -0.047851044684648514 -0.05159391835331917 -0.053320299834012985 -0.05183095484972 -0.05088125914335251 0.05440552905201912 -0.0538000725209713 -0.04684751108288765 -0.040660638362169266 -0.0494869127869606 -0.03129059448838234 0.06792173534631729 0.062234293669462204 -0.05183291435241699 0.08181886374950409 0.06859276443719864 0.05775132030248642 -0.0494011752307415 0.10015290230512619 -0.05052019655704498 0.034771401435136795 0.03908061608672142 -0.04397232457995415 5.0189101980042654e-39 -0.000524221220985055 2.7082615160312875e-40 -0.02113361842930317 0.008088515140116215 -0.03216838091611862 -0.023164689540863037 -0.04409053176641464 -8.044868496673418e-40 0.08875460922718048 -0.0736515000462532 0.029953917488455772 -0.036410145461559296 -0.002323345048353076 0.06653193384408951 0.041311267763376236 -0.049307771027088165 -0.0026042363606393337 -0.0016024220967665315 -0.02029208093881607 0.0490017905831337 0.03427915275096893 0.04543168470263481 0.054115038365125656 0.04003718122839928 -0.030049365013837814 0.039619047194719315 -0.03725171461701393 -0.02130824141204357 0.05673692375421524 0.0471993014216423 0.005679310765117407 -0.016117239370942116 0.038771308958530426 -0.014707443304359913 0.05817365273833275 0.01319665927439928 -0.044230636209249496 0.00025264412397518754 0.05467679351568222 0.008469777181744576 0.02417546883225441 0.013071690686047077 -0.0400892049074173 -0.01857179030776024 -0.04858876019716263 -0.01738107018172741 -0.0008273568819276989 0.06167582795023918 0.048800304532051086 0.06312717497348785 0.01752178557217121 -0.021538972854614258 -0.0033336638007313013 0.03834164887666702 -0.007707263343036175 -0.041228704154491425 0.03652361407876015 -0.039926525205373764 -0.04725401848554611 -0.03441372513771057 0.052312999963760376 -0.04224119707942009 0.024137122556567192 0.004059307277202606 0.005749235395342112 0.05739045888185501 0.04193450137972832 0.0217079259455204 -0.028223630040884018 -0.0408845879137516 -0.04208113253116608 -0.007082144729793072 0.0036955385003238916 0.02866853028535843 -0.017596593126654625 -0.025919148698449135 -0.03786445036530495 0.007346694357693195 -0.023944193497300148 -5.306254855904855e-39 -0.03172691911458969 1.6554659797840524e-39 0.0046922508627176285 -0.029938552528619766 0.012021591886878014 -0.11888307332992554 -0.06442458182573318 4.699548672790782e-39 -0.04603603482246399 -0.034252505749464035 -0.004815722815692425 -0.040643930435180664 0.05513190105557442 -0.07947816699743271 0.06297823786735535 -0.003180812345817685 0.08572784066200256 -0.050614506006240845 0.07164671272039413 0.03133935108780861 0.07695294916629791 -0.01432709489017725 -0.04480752348899841 0.07721757888793945 -0.021238772198557854 -0.0514141283929348 0.07781680673360825 -0.04878483712673187 0.012778918258845806 -0.010932334698736668 0.0036096542607992887 0.019088443368673325 -0.02201530523598194 -0.06188013032078743 -0.018360022455453873 0.060591865330934525 -0.0019864419009536505 0.0757189393043518 0.044444065541028976 0.007255943957716227 -0.020129697397351265 -0.03424175828695297 0.033378370106220245 0.06199970468878746 0.07104708254337311 0.06066569313406944 0.02865215577185154 0.09381534904241562 -0.04968074709177017 0.0207768976688385 -0.050121985375881195 0.026290971785783768 -0.019357142969965935 0.08037801086902618 0.05323828011751175 0.08862531930208206 -0.06187448650598526 -0.0016117056366056204 0.0786675363779068 -0.0022522921208292246 0.043079979717731476 -0.02841430902481079 -0.03781093284487724 -0.015011602081358433 -0.07470090687274933 -0.04549955576658249 0.033962324261665344 -0.034987423568964005 -0.0324588380753994 0.04563724622130394 0.004536416847258806 0.07124892622232437 -0.031218618154525757 -0.05380522459745407 -0.0023813156876713037 -0.03774862363934517 -0.00926567055284977 0.05325167626142502 0.010724015533924103 -6.305625888199706e-39 0.021223220974206924 -1.550217254725544e-39 -0.019121840596199036 -0.015493367798626423 -0.02452394925057888 0.023890607059001923 0.027212342247366905 -1.4132319220470072e-39 -0.0497366227209568 -0.004454485606402159 -0.052419885993003845 -0.013603351078927517 0.03381228446960449 0.044870588928461075 0.02732938341796398 -0.010173334740102291 0.04243433475494385 0.04324715584516525 0.011676130816340446 -0.018842678517103195 0.03266976773738861 0.019306497648358345 0.03253626450896263 0.007877367548644543 -0.0029718801379203796 0.023591019213199615 0.04768378287553787 -0.02757507748901844 0.02314976043999195 0.037732552736997604 -0.02384750358760357 -0.015434890985488892 -0.016142437234520912 -0.01839131861925125 0.027149967849254608 0.027048790827393532 0.015233350917696953 -0.012280896306037903 0.03314798325300217 0.04017423093318939 0.006310586351901293 0.036567240953445435 0.04088806360960007 0.01989663578569889 0.014548773877322674 -0.02498197928071022 0.025097260251641273 0.017752304673194885 0.018990254029631615 0.047243937849998474 0.02338607981801033 -0.010534546338021755 -0.020204072818160057 -0.01098678819835186 0.03240550309419632 0.022179439663887024 -0.025660067796707153 0.018009815365076065 -0.008058575913310051 -0.006923513021320105 -0.007972156628966331 0.04255669564008713 0.04302115738391876 -0.029700901359319687 0.031963247805833817 0.025954650714993477 0.009486095048487186 0.043522272258996964 -0.02722313441336155 -0.008343521505594254 -0.03423599153757095 -0.02203625626862049 -0.03079191781580448 4.4500167859951034e-05 -0.022451549768447876 0.031832460314035416 0.0033886313904076815 0.03944598138332367 0.004328115843236446 -5.759687012991079e-40 -0.049156393855810165 4.743220980210544e-38 0.027225349098443985 0.021863088011741638 -0.039063286036252975 0.017303841188549995 0.05491787567734718 -6.054143260598118e-39 -0.0969056636095047 -0.04664260149002075 -0.041148800402879715 -0.10007426142692566 0.008035398088395596 -0.08998160809278488 -0.05589670687913895 0.010261433199048042 0.0704060047864914 -0.01601707749068737 0.07488370686769485 0.02477244846522808 0.09571679681539536 0.04356140270829201 -0.016671685501933098 -0.05900335684418678 0.047668762505054474 0.06098487228155136 0.001173976343125105 0.011010412126779556 -0.03355296701192856 0.04340602457523346 -0.05541018396615982 -0.0012443892192095518 0.08498712629079819 0.0693003311753273 -0.04146239906549454 0.08324927091598511 -0.029327867552638054 -0.05674463510513306 0.04658810794353485 0.025723066180944443 -0.06087128818035126 0.09815517067909241 0.000708247534930706 -0.02679828368127346 -0.0617620013654232 -0.048004355281591415 0.02993450127542019 0.06598427146673203 -0.05747717246413231 0.045602038502693176 -0.05616317316889763 0.06371720135211945 -0.04726702347397804 0.08607298880815506 0.057952653616666794 -0.02851264365017414 -0.06301645934581757 -0.03393600508570671 0.09553063660860062 -0.059746697545051575 -0.033563464879989624 0.050998177379369736 -0.038308631628751755 -0.058450937271118164 0.034124646335840225 -0.05347638577222824 0.06475663185119629 -0.0673053041100502 -0.008257933892309666 -0.03984319418668747 -0.04353802278637886 -0.026577448472380638 0.06877950578927994 -0.045850832015275955 0.027723224833607674 0.05513957887887955 0.05616180598735809 0.05994759500026703 -0.00828218087553978 -2.019562557172641e-39 0.07269693911075592 -5.851446839031997e-39 0.0254634078592062 -7.134016777854413e-05 0.04878450557589531 -0.029941029846668243 0.07908304780721664 -3.285387689861928e-39 -0.100065216422081 -0.10227812081575394 -0.04583587124943733 -0.04408302158117294 -0.03376574441790581 -0.0616116002202034 0.05110235884785652 -0.05525266006588936 0.09112868458032608 0.025596756488084793 -0.05721594765782356 -0.058727603405714035 -0.05872676521539688 0.0652320459485054 0.1068882942199707 -0.057455193251371384 -0.062222763895988464 -0.028577476739883423 0.06191229820251465 0.0824284702539444 0.10623999685049057 -0.04878353700041771 0.08469755202531815 0.07080265134572983 -0.061246104538440704 -0.02824300341308117 0.11441623419523239 0.08680404722690582 0.08175796270370483 0.0813865065574646 0.04796065762639046 -0.05644681304693222 -0.0561089888215065 -0.028259756043553352 0.07876341044902802 -0.005039604846388102 0.06256764382123947 0.0797836109995842 0.0849822536110878 0.07719609141349792 0.09072046726942062 -0.042087070643901825 -0.05599542334675789 -0.033255595713853836 0.06635153293609619 0.07316819578409195 -0.0007033859728835523 -0.055554863065481186 0.09469746798276901 -0.047104235738515854 -0.056552987545728683 -0.06410637497901917 0.011057557538151741 0.08449121564626694 0.10117816179990768 -0.040106289088726044 -0.03720675781369209 0.06201601028442383 -0.04667844995856285 0.08246657252311707 0.07129031419754028 0.07368671149015427 -0.06589524447917938 0.08325636386871338 -0.053293388336896896 -0.053440067917108536 -0.059230223298072815 -0.060263536870479584 0.08578580617904663 0.06746277958154678 0.09909079223871231 5.272109416224652e-39 -0.0018544425256550312 4.6866202931589215e-39 0.07205431163311005 -0.027146445587277412 0.03855166211724281 0.08647617697715759 0.00728372810408473 6.226591253513322e-39 -0.0045548067428171635 -0.007964815013110638 -0.04261091351509094 -0.08213119208812714 -0.007694094907492399 0.00878684688359499 -0.01983906328678131 -0.03621166571974754 -0.019750388339161873 -0.044294241815805435 0.051858823746442795 0.03438475355505943 -0.015273716300725937 -0.019101133570075035 -0.017931120470166206 -0.03245873376727104 0.03398152068257332 -0.04649210721254349 -0.018492670729756355 -0.022492093965411186 0.07559258490800858 0.03764824941754341 0.04071475565433502 -0.02783873863518238 -0.043836433440446854 0.031655799597501755 -0.005779193714261055 -0.03996745124459267 0.051521848887205124 -0.04720623046159744 0.04552263393998146 0.0037276132497936487 0.04760998114943504 0.04137274622917175 -0.047470737248659134 0.04003237187862396 0.055940061807632446 -0.055574871599674225 -0.014439500868320465 -0.036778684705495834 0.014217591844499111 0.062097348272800446 -0.04406924545764923 -0.03623627498745918 -0.022480614483356476 -0.011291603557765484 -0.059519585222005844 0.06223272904753685 0.027690228074789047 0.04362846538424492 -0.03660334274172783 -0.044354431331157684 -0.04468910023570061 0.06334493309259415 -0.04405035823583603 0.0635208711028099 0.038236379623413086 0.05604506656527519 0.044594042003154755 -0.035128843039274216 -0.02260180562734604 0.023798059672117233 0.06279067695140839 0.05423904210329056 0.04040853679180145 0.04173955321311951 0.032122816890478134 0.0395418219268322 0.05484435707330704 0.02418658137321472 0.08215804398059845 -1.6558995415289145e-38 -0.006748995278030634 4.3819920199993495e-39 0.007217943202704191 -0.03446093574166298 0.1065535768866539 -0.006624842993915081 0.02358916401863098 -3.766861230517756e-39 0.034121863543987274 -0.017670584842562675 -0.03138142079114914 -0.03358253464102745 -0.04231521114706993 -0.14465084671974182 0.03622081130743027 0.012087574228644371 -0.051285307854413986 0.05081015080213547 0.036096516996622086 0.055707547813653946 0.010993636213243008 0.05248617008328438 0.045285969972610474 0.050888437777757645 0.04434715583920479 -0.054547615349292755 0.05191681906580925 -0.005675537046045065 0.04785029590129852 0.0355103500187397 -0.006390987429767847 0.0129480492323637 -0.037323713302612305 -0.03616689518094063 -0.044453755021095276 0.06239301711320877 -0.038292765617370605 0.05717016011476517 -0.027903923764824867 0.0493796281516552 0.050736475735902786 -0.029929937794804573 -0.03848148509860039 -0.04016399011015892 0.03610551729798317 -0.04434345290064812 0.036227282136678696 0.04251416027545929 0.039236344397068024 -0.012011239305138588 0.060120414942502975 0.042331937700510025 -0.030882351100444794 -0.039877064526081085 0.04733610525727272 0.07033181935548782 0.04969775676727295 0.06542188674211502 -0.02261503040790558 -0.05017245560884476 0.05718576908111572 -0.04932785406708717 -0.027426645159721375 0.05363735929131508 -0.051132433116436005 -0.039009299129247665 0.05822240933775902 0.05975484848022461 0.00819802563637495 -0.04774469509720802 -0.024270959198474884 0.02563939429819584 0.0027736618649214506 -0.02419258840382099 -0.018703676760196686 0.04611407220363617 0.04182739928364754 0.03361906111240387 -0.04514715075492859 3.0955874180629885e-39 0.023056095466017723 -4.2663050226800856e-39 0.03902063146233559 -0.033377550542354584 -0.004945194814354181 -0.002716622781008482 -0.06622928380966187 1.3234114930807151e-39 -0.033989131450653076 -0.05283985659480095 -0.0038335160352289677 -0.07284615188837051 0.017843790352344513 -0.008728050626814365 0.05474098026752472 0.05555211380124092 0.055997222661972046 -0.028817923739552498 0.07335909456014633 0.09567676484584808 0.05245255306363106 -0.033163607120513916 0.022216422483325005 0.034060753881931305 0.04622926935553551 0.04712174832820892 -0.032571859657764435 -0.042525358498096466 -0.012407819740474224 -0.014688417315483093 -0.030798379331827164 -0.01899794116616249 -0.004393580835312605 -0.04277978092432022 -0.02926081418991089 0.06367351114749908 0.06403042376041412 -0.019149336963891983 0.07590091228485107 0.05278859660029411 0.06982139497995377 0.054870862513780594 0.07375089079141617 0.052858881652355194 -0.04320261999964714 -0.04006728529930115 -0.027288462966680527 -0.011519516818225384 -0.03508950397372246 -0.03857940807938576 0.042479924857616425 -0.027013981714844704 0.0020230370573699474 -0.005743501707911491 0.0430837944149971 -0.027448901906609535 -0.03132246807217598 0.0389731302857399 -0.038343001157045364 -0.03779358044266701 -0.02896949090063572 0.05215960368514061 0.03280731663107872 -0.022856010124087334 0.07821168005466461 0.04749492555856705 -0.01935502327978611 0.04633782431483269 -0.03478604182600975 -0.028339320793747902 -0.0035850326530635357 0.04964311048388481 -0.018771668896079063 0.06259577721357346 0.05392477288842201 -0.036860641092061996 -0.02427273616194725 -0.03929086774587631 -0.027307327836751938 -4.7335455748337666e-39 -0.017662296071648598 -2.4338186130917364e-39 0.03240892291069031 -0.0018530903616920114 0.03926678001880646 -0.04243571683764458 -0.028563397005200386 5.906934054323867e-39 -0.054092731326818466 0.007768073119223118 -0.0921398401260376 -0.05155039206147194 0.08310168236494064 -0.11640717089176178 0.023128533735871315 0.08726926892995834 -0.05899840593338013 0.0670042410492897 -0.01015247218310833 -0.04109633341431618 0.02665385790169239 -0.054471615701913834 0.10527759045362473 0.06094435602426529 -0.011217568069696426 0.052579205483198166 0.07025821506977081 0.031662702560424805 -0.040652088820934296 -0.024018501862883568 0.08751825988292694 0.07907094806432724 0.08688431978225708 0.06916855275630951 0.11080586910247803 0.07639576494693756 -0.03486921638250351 0.05482945218682289 0.020761437714099884 -0.050960175693035126 0.04948914423584938 0.0846199169754982 0.02394038438796997 0.09297526627779007 0.06538692861795425 0.021190350875258446 -0.02980271726846695 -0.027553947642445564 -0.049224887043237686 0.10498969256877899 0.05985105037689209 0.08120423555374146 -0.0010159432422369719 -0.050500016659498215 -0.049036212265491486 -0.04932097718119621 0.044714223593473434 -0.05635066330432892 -0.05487214773893356 -0.05358821153640747 0.0629059448838234 -0.04547834396362305 0.044375959783792496 -0.0439494252204895 -0.052627138793468475 -0.055791426450014114 0.09776110202074051 0.02333771623671055 0.0002887908776756376 0.05865630507469177 -0.04405327886343002 -0.05858219042420387 -0.028474930673837662 -0.047566503286361694 0.10613568872213364 -0.047398678958415985 0.051422249525785446 -0.04233197122812271 -0.0010913764126598835 -1.0866424993545367e-39 -0.01775825023651123 -2.776969982334062e-39 0.022722365334630013 -0.043590154498815536 -0.06443358212709427 -0.01012539304792881 -0.006024761125445366 4.7321905192187645e-39 0.027099739760160446 -0.09145563095808029 0.03674120455980301 -0.041912540793418884 0.08051889389753342 -0.036209117621183395 -0.01766078732907772 -0.03113938309252262 0.0826372355222702 -0.03632856160402298 0.07985427975654602 0.10361899435520172 0.09339011460542679 0.04271794855594635 -0.035357702523469925 -0.03536883369088173 -0.039061274379491806 0.05821537226438522 -0.002284551504999399 -0.029036149382591248 0.05902843549847603 0.07282964140176773 -0.02160424180328846 0.06272709369659424 -0.04222549870610237 0.039292410016059875 -0.0054399860091507435 -0.03186855465173721 0.03830762207508087 -0.02691609412431717 -0.013098059222102165 0.06550712138414383 -0.03907399997115135 -0.030513890087604523 0.06939669698476791 0.07265546917915344 0.04776855185627937 0.021207168698310852 -0.0037919823080301285 -0.032877594232559204 -0.011512460187077522 -0.03580545261502266 -0.03558295965194702 -0.02765800431370735 0.021199343726038933 0.06005237251520157 -0.03864641115069389 0.06770782172679901 0.04880636930465698 -0.03457174822688103 -0.0332883782684803 0.08905719220638275 0.02283717319369316 -0.0317213349044323 0.014260324649512768 -0.01674952358007431 0.06752511113882065 0.06450464576482773 -0.019131524488329887 -0.03565584123134613 -0.03756701573729515 -0.03430823236703873 -0.02528836764395237 0.055061399936676025 0.06703434139490128 0.039932094514369965 0.09115862101316452 -0.029513400048017502 -0.015568419359624386 -0.036916691809892654 0.09314220398664474 5.75685218619775e-39 0.01772703044116497 -8.671150819334109e-40 -0.01215254794806242 0.08457780629396439 0.04291374608874321 -0.031417109072208405 -0.018755057826638222 -5.908863642309242e-39 -0.10554370284080505 0.055140234529972076 -0.07115819305181503 -0.0921180322766304 -0.011195842176675797 -0.02094290964305401 -0.051820263266563416 0.06984151154756546 0.07434066385030746 -0.04095454886555672 -0.03838830068707466 0.06410481780767441 0.00633805338293314 -0.044637300074100494 0.014572016894817352 0.0879068598151207 0.0720403790473938 -0.04954621568322182 -0.045802041888237 0.08847811818122864 -0.04080863669514656 -0.02975926548242569 -0.025506308302283287 0.047148410230875015 0.0007974773179739714 0.0781342163681984 0.11490064859390259 0.06298136711120605 -0.023710649460554123 0.025219861418008804 0.030701324343681335 0.06968257576227188 -0.05235731974244118 0.08163715898990631 -0.04768425226211548 -0.027822675183415413 0.06761501729488373 0.1022060364484787 -0.025213195011019707 0.10495229065418243 0.07961519807577133 -0.04718630760908127 -0.04527115076780319 -0.0544331856071949 0.06321853399276733 0.05612066760659218 -0.03440605849027634 0.10895270109176636 -0.040422193706035614 -0.04614582285284996 0.10293249040842056 0.09565597027540207 0.06582609564065933 0.03789488226175308 0.07835675030946732 -0.04141809418797493 0.007044604048132896 -0.03584415838122368 0.05296601727604866 0.06606371700763702 0.015806226059794426 0.0886499360203743 -0.03613632172346115 0.05993688851594925 -0.05507482960820198 -0.03878685459494591 -0.05219747871160507 -0.045674365013837814 0.06867615133523941 -0.03476497903466225 0.018835410475730896 3.235329104820852e-39 0.03657359629869461 3.0349826607794045e-39 0.053913798183202744 0.01059426087886095 -0.022086957469582558 0.004286204930394888 0.009154650382697582 3.047280456102319e-39 -0.029938872903585434 -0.037289004772901535 -0.006176190450787544 -0.08219504356384277 0.07362598925828934 0.023953329771757126 -0.018213236704468727 0.07691078633069992 0.08044476062059402 -0.04879734292626381 0.07300504297018051 -0.028644096106290817 -0.045315179973840714 0.06919898092746735 0.07286878675222397 -0.04213618114590645 0.04428130015730858 0.050191957503557205 -0.043270550668239594 -0.010298680514097214 -0.03033454157412052 0.007181899156421423 0.06957731395959854 -0.0014458989026024938 0.06116330623626709 0.06916805356740952 -0.04186171665787697 0.06512223184108734 -0.008510864339768887 0.08258224278688431 -0.04898273944854736 -0.03365277498960495 0.07546987384557724 0.03642386570572853 -0.01130793709307909 -0.03277323767542839 -0.04437548294663429 -0.03987137973308563 -0.038611385971307755 -0.039733145385980606 -0.03780137002468109 -0.016028936952352524 -0.04497450962662697 -0.04081343486905098 -0.04577740654349327 -0.037098705768585205 0.053008031100034714 -0.04317227751016617 -0.00829251203685999 0.09287545084953308 0.09056773036718369 0.034370265901088715 0.002949024550616741 -0.021576156839728355 0.08465950191020966 0.07678911834955215 0.06018011271953583 -0.021970735862851143 -0.04603954777121544 0.023092208430171013 -0.03784298151731491 0.05709710344672203 -0.03897547349333763 0.06417254358530045 -0.046317536383867264 0.05243900418281555 0.08914289623498917 -0.04816015809774399 0.07177819311618805 0.07089010626077652 0.09136031568050385 5.966842366270681e-39 -0.01464130263775587 3.520901120164071e-39 0.018236571922898293 -0.04619936645030975 -0.05515841394662857 0.018091518431901932 -0.09820491075515747 -2.7441809995673255e-39 0.047268420457839966 -0.04192454367876053 -0.0106576569378376 -0.03822675347328186 0.04310327023267746 -0.018977930769324303 0.004698300734162331 -0.0115878377109766 0.013622108846902847 -0.03345872834324837 0.06243370100855827 -0.007391444873064756 -0.03286289423704147 0.053975895047187805 -0.013792943209409714 -0.03948165848851204 0.05252986028790474 0.053362149745225906 0.0719711184501648 0.07542883604764938 0.020202431827783585 0.05396398901939392 -0.020277006551623344 -0.03649779036641121 -0.027130896225571632 -0.03499699383974075 0.04498846083879471 0.06486079841852188 0.03342841565608978 -0.012016110122203827 0.07349985092878342 -0.020317912101745605 0.05202677473425865 0.05103681609034538 -0.032408375293016434 -0.02860157936811447 -0.026167605072259903 -0.0186818428337574 0.006362902000546455 0.07644139975309372 0.06530733406543732 -0.0347413569688797 0.06390814483165741 0.06527291238307953 0.008179859258234501 0.055609360337257385 -0.023437773808836937 -0.03380396217107773 0.054429467767477036 -0.03821392357349396 0.04993490129709244 -0.027025973424315453 -0.027559295296669006 -0.020032672211527824 0.04202796518802643 0.06264790892601013 0.05275576934218407 -0.012177127413451672 -0.027530699968338013 0.0702885314822197 -0.027759581804275513 0.054866548627614975 0.0662078931927681 -0.029953738674521446 0.06149211525917053 -0.023840293288230896 0.0598556213080883 0.06272128969430923 -0.03981002792716026 -0.01123127993196249 -0.020843228325247765 -3.6797873465415404e-39 0.004363171756267548 3.5429827813649015e-39 -0.08001381903886795 -0.053876060992479324 0.0017400900833308697 0.11227203160524368 0.11400111019611359 3.732694771360588e-40 0.034030068665742874 -0.04955877736210823 -0.009989872574806213 -0.027511993423104286 -0.0575057677924633 0.014964459463953972 -0.0010033779544755816 -0.011505317874252796 0.05286853015422821 -0.023637359961867332 0.05184885859489441 -0.07011048495769501 -0.057105015963315964 0.06183560565114021 0.08055457472801208 0.04631378874182701 0.04037914797663689 0.04984884336590767 -0.05809321627020836 -0.02509887143969536 -0.038750965148210526 -0.045848824083805084 0.03422383591532707 -0.014552008360624313 0.03473707288503647 -0.053268250077962875 0.07902038097381592 0.068719282746315 0.03612584248185158 -0.011915679089725018 0.06707515567541122 -0.05373229458928108 0.06332738697528839 0.08270519971847534 0.0375879742205143 -0.06134984642267227 0.024439798668026924 -0.03830265253782272 -0.017699245363473892 -0.0022223559208214283 0.03229088336229324 -0.0030965562909841537 -0.03673826903104782 -0.017884032800793648 0.08759459853172302 -0.039690762758255005 -0.052648186683654785 -0.006535803899168968 0.03033357299864292 0.07750029861927032 0.005139301531016827 -0.021271847188472748 0.03061574511229992 0.007399499416351318 0.05920944735407829 0.08426213264465332 -0.002472152002155781 -0.05738652125000954 0.02716417796909809 -0.05774275213479996 0.03894403949379921 -0.057147786021232605 0.012855234555900097 0.053960539400577545 0.05026336386799812 -0.041208941489458084 -0.01499870140105486 0.041167162358760834 -0.04180952534079552 0.020569611340761185 -0.017863040789961815 -1.0886687769339504e-40 -1.0602036127238534e-05 2.745597712314758e-39 -1.0717109944380354e-05 -1.1071832886955235e-05 -0.00015745226119179279 -5.1490689656930044e-05 1.5821522083570017e-06 -2.092694922727289e-39 -5.916645022807643e-06 8.115312994050328e-06 -5.763559784099925e-06 9.139753274212126e-06 -8.043087291298434e-06 -5.918903752899496e-06 0.00021514264517463744 6.0713056882377714e-05 3.075910797178949e-07 6.413649680325761e-05 1.8004917023972666e-07 3.032050699403044e-06 4.983615781384287e-06 1.0995684078807244e-06 3.0359781248989748e-06 1.74852684722282e-05 1.9163107936037704e-06 1.459527265978977e-05 7.109940156624361e-07 3.534951929395902e-06 0.00017018384824041277 2.0741092612297507e-06 2.5369076865899842e-06 3.877773633575998e-05 8.892656211401118e-08 1.742762378853513e-07 3.87604040952283e-06 2.7484004476718837e-06 5.574057695412193e-07 1.4455833934334805e-06 1.9555325252440525e-06 6.649301553807163e-07 9.133812568506983e-07 5.585427516052732e-06 1.595095636730548e-05 5.96994323132094e-06 0.0005467772716656327 1.1365818863851018e-05 9.39861056394875e-05 2.5711258331284625e-06 1.1920219549210742e-06 3.0807254915998783e-06 2.8677932277787477e-05 2.1555201783485245e-06 2.0861793359472358e-07 1.7820219682107563e-06 3.14876933771302e-06 2.5457152332819533e-06 3.302707455077325e-06 1.1760112101910636e-05 0.0001637013629078865 9.18510886549484e-06 4.266100859240396e-07 1.4042819202586543e-05 1.086695391450121e-07 1.8286733620698215e-06 0.0007772818207740784 2.2714273200108437e-06 2.359739710300346e-06 4.640598945115926e-06 4.266636096872389e-06 -9.728277291287668e-06 1.2146263088652631e-06 3.975877916673198e-06 3.1320198559114942e-06 8.364474979316583e-07 7.117831728464807e-07 1.1122992873424664e-05 1.8980929326062324e-06 3.2078789899969706e-06 3.0126934689178597e-06 -3.2090701728978695e-39 0.04261628910899162 -5.0478890502465026e-39 0.06288078427314758 0.06696782261133194 0.03393753245472908 0.06746643781661987 0.016247978433966637 -6.238746116392876e-39 -0.03573478013277054 -0.004867106210440397 -0.05003683641552925 -0.03242259845137596 -0.03934677317738533 0.05774902552366257 0.03364788740873337 -0.03733920305967331 -0.05403946340084076 0.04916168749332428 -0.00820911768823862 0.0070553990080952644 0.0423365980386734 -0.025831343606114388 -0.01579858921468258 -0.045389920473098755 -0.059823568910360336 -0.058471303433179855 0.02458779141306877 0.002424027770757675 0.02994004264473915 0.03477735072374344 0.05626507103443146 -4.700607678387314e-05 -0.02007111720740795 0.020566096529364586 -0.04706963524222374 -0.02297973446547985 -0.004054636228829622 -0.04457293823361397 -0.04588659852743149 0.008992867544293404 -0.0014483937993645668 -0.020811188966035843 0.026248866692185402 0.055422648787498474 0.01393081247806549 0.06616527587175369 -0.046162139624357224 0.015197651460766792 0.0143000278621912 0.05341896414756775 -0.07259412854909897 0.03368689864873886 0.011013776995241642 0.06010395288467407 0.03743268549442291 0.019184475764632225 -0.032638903707265854 0.043150804936885834 0.05493075028061867 -0.012484554201364517 -0.026920553296804428 0.04377841576933861 0.01723478175699711 -0.038256991654634476 0.02086052857339382 0.02408500574529171 0.05669780075550079 0.01425930205732584 0.031330645084381104 0.02804897166788578 0.013603284023702145 0.03187928348779678 0.046584416180849075 0.03882875666022301 -0.04983455687761307 0.04397765174508095 -0.0009718821384012699 -0.04023464396595955 0.03348296880722046 -5.117607852742055e-39 -0.038494616746902466 -5.097293228904738e-40 -0.02614549733698368 0.041420046240091324 0.023554762825369835 0.04704325273633003 0.057882118970155716 6.779647323622255e-39 -0.07430776208639145 -0.08314522355794907 -0.03804248571395874 -0.0413982979953289 -0.062057990580797195 0.03785525634884834 0.11299685388803482 -0.06949453055858612 -0.0589265339076519 0.046129826456308365 0.02924088016152382 -0.06542836874723434 0.08938778191804886 0.005168905947357416 -0.013404114171862602 0.06979990750551224 -0.013045807369053364 0.07650857418775558 0.0908665880560875 -0.03803965821862221 -0.007371969986706972 0.029385678470134735 0.061237987130880356 0.08875476568937302 0.04638367518782616 -0.03900228813290596 -0.011676065623760223 0.06950513273477554 0.05731525644659996 -0.057363662868738174 -0.0707518607378006 -0.06127072870731354 -0.008358623832464218 -0.03247100114822388 -0.06276313960552216 0.0522875115275383 0.05180646479129791 0.09541154652833939 -0.02585449069738388 -0.050959810614585876 0.007735998835414648 0.09210202842950821 0.06395237892866135 0.09407461434602737 0.10505136847496033 0.046567127108573914 -0.055552318692207336 0.11710499227046967 0.03424312546849251 -0.03632291778922081 0.1124284639954567 -0.05894572660326958 0.09743700921535492 -2.2124906536191702e-05 0.05794680118560791 -0.07349725067615509 -0.05979691445827484 -0.0644100084900856 0.10730236768722534 -0.07419057935476303 -0.03212115541100502 -0.0799148753285408 -0.047030843794345856 -0.004374377429485321 -0.009074808098375797 0.03352193161845207 -0.07328781485557556 -0.002934227464720607 -0.03389286249876022 -0.0736793726682663 -0.07499708980321884 -2.6295505812901625e-39 0.010599144734442234 1.98496730068539e-39 -0.03342217206954956 0.031207768246531487 -0.012236335314810276 -0.05924789234995842 -0.08954821527004242 1.683480738682834e-39 0.02980099990963936 -0.06123841181397438 0.018807873129844666 0.0009659487404860556 0.028062935918569565 -0.07776404917240143 0.050417691469192505 0.07031967490911484 -0.011557252146303654 -0.038518477231264114 -0.013288965448737144 0.020868966355919838 0.0025084184017032385 -0.01729506626725197 0.0014503451529890299 0.04350034520030022 0.017344806343317032 -0.02694428712129593 -0.046658385545015335 0.06892554461956024 -0.04766904190182686 0.013366049155592918 -0.03125246986746788 0.04621217027306557 -0.031813859939575195 -0.048039309680461884 0.002526183146983385 0.0007645091391168535 -0.024711228907108307 0.006159864366054535 -0.008933343924582005 0.054938625544309616 -0.008398075588047504 0.04853248968720436 0.06502338498830795 -0.03449190407991409 -0.018334675580263138 0.04932837933301926 0.04871906340122223 0.01615414395928383 -0.04654614254832268 0.018462123349308968 0.05461357161402702 0.04931839182972908 -0.0348576195538044 0.05058489367365837 0.04331570118665695 0.02083444409072399 0.04167727753520012 -0.035491783171892166 0.0378170870244503 0.01833745278418064 0.06079383194446564 0.06253618001937866 0.04600595310330391 7.379858288913965e-05 0.0647357627749443 -0.012884272262454033 0.0740593746304512 0.04367838054895401 0.015692004933953285 -0.02687523514032364 0.05826656520366669 -0.038393668830394745 0.054312869906425476 -0.03725731372833252 0.06510897725820541 -0.027577394619584084 0.022436941042542458 -0.03022203966975212 -0.013440479524433613 1.8817378467139736e-39 0.11558429896831512 -3.509571622080005e-39 0.040631767362356186 -0.004877825267612934 -0.11213311553001404 -0.08613430708646774 -0.06826145201921463 -2.902962969339049e-38 -0.17757946252822876 0.05811589956283569 -0.0643448606133461 -0.09569765627384186 0.018569206818938255 -0.04893118515610695 0.06922902911901474 -0.013413410633802414 -0.051215048879384995 -0.06841887533664703 0.10115127265453339 -0.009427468292415142 0.023129846900701523 0.07686791568994522 -0.027435701340436935 -0.003974818624556065 0.08611557632684708 0.08927993476390839 0.12004643678665161 -0.03405717760324478 0.017713122069835663 0.07474066317081451 -0.055982377380132675 0.01787712797522545 -0.054524440318346024 0.06430838257074356 0.0046809581108391285 -0.055560361593961716 -0.03940073400735855 -0.06740357726812363 0.07149646431207657 0.059713155031204224 0.03665522485971451 0.04592723026871681 -0.07830929011106491 0.10091055929660797 0.09908318519592285 -0.03378070518374443 -0.03320684656500816 -0.043897878378629684 -0.055970191955566406 -0.02778763137757778 0.018104396760463715 0.0650041475892067 0.12888096272945404 0.07809276133775711 -0.07145342230796814 0.04206521064043045 -0.047025006264448166 0.051680974662303925 -0.037251636385917664 0.08051186800003052 0.01734280213713646 0.07518630474805832 0.08311623334884644 -0.02673511579632759 -0.07491810619831085 -0.07337156683206558 -0.027253055945038795 0.0008630722295492887 0.03673627972602844 -0.0027182763442397118 0.07923056930303574 -0.0598185695707798 0.05293571203947067 0.0337887741625309 -0.0024545842316001654 0.07827436923980713 -0.047455478459596634 -0.04968429356813431 0.03167680278420448 4.903087274733962e-40 -0.011530349031090736 -5.865670018444894e-39 -0.012218374758958817 -0.013117553666234016 -0.02626815252006054 0.010062390007078648 0.010328772477805614 -1.3764383085289234e-38 -0.007072244770824909 0.0005064131692051888 -0.004328862763941288 -0.005887175444513559 -0.0036645911168307066 0.004715115297585726 -0.008237992413341999 0.018702877685427666 0.016773123294115067 -0.004094652831554413 -0.006641073618084192 -0.005733323283493519 0.018023746088147163 0.018256859853863716 0.0006052904645912349 -0.0014126786263659596 -0.004362447652965784 -0.0018505076877772808 -0.0046857562847435474 -0.005908690392971039 -0.0015356868971139193 0.012929938733577728 -0.004492567852139473 0.00785754807293415 -0.004227812401950359 -0.00024281404330395162 -0.002011819276958704 -0.00582808256149292 -0.005476584192365408 -0.004842082969844341 0.011011486873030663 -0.004216162953525782 -0.004826874006539583 -0.004441895987838507 0.004358322825282812 -0.0031961724162101746 0.011152617633342743 0.021655961871147156 -0.0027301183436065912 -0.005177810322493315 0.009901700541377068 -0.0014640033477917314 -0.0030108538921922445 -0.004155101720243692 -0.007644153665751219 -0.003784742671996355 0.004504466895014048 0.007562014274299145 -0.004476875066757202 -0.004558216314762831 -0.004350501578301191 -0.0024039382115006447 0.02189450152218342 0.004244925919920206 0.011224189773201942 -0.006651304662227631 -0.0042644646018743515 0.02124183252453804 -0.0017314233118668199 0.007587151136249304 0.01770852692425251 -0.005605750717222691 -0.005183554254472256 -0.005716437939554453 0.02299616113305092 -0.00019913288997486234 0.023056672886013985 0.021638333797454834 -0.005180655978620052 0.013550946488976479 -0.006026408169418573 2.7394109795947638e-39 -0.021910950541496277 6.884891844785371e-39 0.002745170146226883 0.03380446881055832 0.09278419613838196 -0.028166871517896652 0.036137714982032776 3.237348375907944e-39 -0.012548364698886871 -0.0167411919683218 -0.08058110624551773 -0.029406003654003143 -0.0455886647105217 -0.08148607611656189 -0.026634380221366882 -0.02265799790620804 0.05198202282190323 0.05277770012617111 0.04773605614900589 -0.025884095579385757 0.008468919433653355 0.05573820695281029 0.05218569561839104 0.05587553232908249 -0.022487903013825417 -0.03702367842197418 0.039462167769670486 0.012096170336008072 0.06561697274446487 -0.02309437282383442 -0.027872074395418167 0.008160842582583427 -0.027992285788059235 0.056476693600416183 -0.03543561324477196 -0.028021052479743958 0.04219456762075424 0.06943182647228241 -0.03574593365192413 0.0588509626686573 0.05144614726305008 0.06993444263935089 0.06024240329861641 0.06323074549436569 0.053543854504823685 0.045623257756233215 0.053191423416137695 -0.03713260963559151 -0.03553660213947296 -0.03093981184065342 -0.028181403875350952 -0.015847554430365562 -0.027747690677642822 0.030966095626354218 -0.01530497893691063 0.032909784466028214 0.05433434620499611 -0.026876812800765038 0.0722559466958046 -0.034993939101696014 0.06270845234394073 -0.030406326055526733 -0.016574809327721596 -0.0293150395154953 -0.035363782197237015 -0.02744929865002632 -0.02292248234152794 -0.03774537146091461 0.012842665426433086 0.05273286625742912 0.04442130774259567 0.05697844550013542 0.010280509479343891 0.05840688571333885 -0.026474401354789734 0.05068901926279068 0.054902348667383194 -0.03643336147069931 -0.009369303472340107 5.425754786345547e-39 0.01655205897986889 2.7470942990746568e-39 -0.05100417509675026 0.011945136822760105 -0.03329746797680855 0.013893728144466877 -0.07911667972803116 -6.638567396830961e-40 0.015412954613566399 -0.02089250087738037 -0.08354578167200089 -0.06593772023916245 -0.04266782104969025 0.03671186417341232 -0.018960431218147278 -0.04395853355526924 -0.020506886765360832 -0.02124682068824768 -0.02468537539243698 0.004242641385644674 0.0870080217719078 -0.023087795823812485 -0.02412453293800354 -0.04011349380016327 0.055521558970212936 0.05618901923298836 -0.03587226942181587 0.08252440392971039 0.02601347491145134 -0.01745150052011013 0.08337441831827164 -0.042730674147605896 0.0721672996878624 -0.03346647694706917 -0.04280281811952591 0.07063037902116776 -0.03849165141582489 0.10795631259679794 -0.029920795932412148 -0.030842341482639313 -0.025526609271764755 -0.04252211004495621 0.08492575585842133 -0.02684663236141205 0.058788273483514786 -0.033677734434604645 -0.04054573178291321 0.025111321359872818 0.06107333302497864 -0.039646413177251816 -0.0377194881439209 -0.03597215935587883 -0.027852606028318405 0.08853897452354431 0.07091764360666275 -0.0009880689904093742 0.0801747515797615 -0.03570916876196861 0.09847751259803772 -0.015263834968209267 -0.030397212132811546 0.055012013763189316 0.06411692500114441 -0.049810878932476044 -0.04402147978544235 0.09262977540493011 0.09240643680095673 0.05653543025255203 -0.009941887110471725 0.07673463225364685 0.08113604784011841 0.06890900433063507 0.06919433176517487 -0.01297743059694767 -0.018574699759483337 -0.01741102524101734 -0.035150881856679916 -0.033547304570674896 -0.006913983728736639 -3.0854195964058476e-39 0.006853686645627022 -4.8769502557773755e-39 -0.03985268250107765 -0.0008534900262020528 -0.025024035945534706 0.01946317031979561 0.03305043280124664 2.7837620759906443e-39 0.028551513329148293 -0.04426054656505585 -0.025088738650083542 -0.006670079659670591 -0.05156689137220383 0.055209506303071976 0.05470767244696617 -0.024038806557655334 0.04391337186098099 0.00744809303432703 -0.035703033208847046 0.010797458700835705 0.03686946630477905 -0.02544553019106388 0.05280366539955139 0.03844292461872101 -0.021816793829202652 0.025400841608643532 -0.032933421432971954 -0.03490196540951729 0.018471501767635345 0.004936383105814457 0.021391861140727997 -0.005740524735301733 0.03205650672316551 0.0437084399163723 0.04543903097510338 -0.011143628507852554 0.023176562041044235 -0.023499680683016777 -0.02069554477930069 -0.03652244806289673 -0.03726525232195854 0.031808268278837204 -0.03476926311850548 -0.03402029722929001 0.016540657728910446 0.038930002599954605 -0.023614509031176567 -0.022207053378224373 -0.012175163254141808 -0.0036001892294734716 0.037970345467329025 0.04674626514315605 0.0051535568200051785 -0.012819117866456509 0.030737336724996567 -0.0328252874314785 0.031718164682388306 0.0016396058490499854 0.004648612812161446 -0.02302982285618782 0.022494008764624596 -0.004881314001977444 -0.014148193411529064 0.04695749655365944 0.040498584508895874 0.036780521273612976 0.023400500416755676 -0.022989602759480476 0.019044365733861923 0.03136883303523064 0.0076666600070893764 0.041860856115818024 0.012064008042216301 0.0034190835431218147 0.012873205356299877 0.02034364826977253 0.035759519785642624 0.03513869643211365 -0.018618134781718254 6.640927183444884e-39 0.009431291371583939 4.605160010830791e-39 0.016371138393878937 -0.023758428171277046 -0.00866811815649271 -0.01549521367996931 0.019470026716589928 1.3431964260985172e-39 0.049136385321617126 -0.04026201367378235 0.011975768022239208 0.001551245804876089 0.02882949821650982 -0.02310912124812603 0.024195607751607895 0.038854148238897324 -0.007924391888082027 0.004640934988856316 -0.01676872931420803 0.06479056924581528 -0.007656336762011051 0.024077530950307846 0.042042989283800125 -0.01792442798614502 0.0318574495613575 -0.008765731006860733 0.029120879247784615 0.00044912294833920896 0.04090999439358711 -0.002328932750970125 -0.018580825999379158 -0.017539052292704582 0.02205188386142254 -0.010267239063978195 -0.007648722734302282 0.012760202400386333 -0.018403390422463417 -0.0015823650173842907 -0.0042703524231910706 -0.006062197964638472 -0.01761472225189209 0.01795167848467827 -0.013869564048945904 -0.014352806843817234 0.032458946108818054 0.006216743029654026 0.030826138332486153 0.01045218762010336 0.046817973256111145 -0.018850380554795265 -0.006733178626745939 0.0372026152908802 -0.003159652929753065 -0.01645181141793728 -0.015482867136597633 -0.007428429555147886 0.03065166436135769 -0.007037175353616476 -0.01639782078564167 0.030493758618831635 0.04551176354289055 0.012104593217372894 0.019579710438847542 -0.016889257356524467 0.051548562943935394 -0.006356306839734316 0.011090574786067009 0.007200305350124836 0.034163154661655426 0.02526741847395897 0.007215367630124092 -0.013879739679396152 -0.005098885856568813 0.003937107045203447 0.04307817667722702 -0.008710125461220741 0.03443974629044533 -0.016230886802077293 0.04372353479266167 1.9661590726972222e-39 0.020341906696558 2.193913513402399e-39 0.02340066432952881 0.050647616386413574 -0.03325887769460678 0.0904889926314354 0.06196150928735733 4.451559482260755e-39 0.04193520173430443 -0.0012119620805606246 -0.07980122417211533 -0.033470410853624344 -0.03673139587044716 0.05977253243327141 0.03710214048624039 -0.07176803797483444 0.06635261327028275 0.07677864283323288 0.05655447766184807 0.08126852661371231 -0.0068114036694169044 -0.04806866869330406 0.065913125872612 0.03557061031460762 -0.06865273416042328 -0.0795871689915657 -0.08707017451524734 0.051746916025877 0.007005708757787943 -0.012841245159506798 0.0001444056397303939 0.04811772704124451 0.051686227321624756 0.059261806309223175 -0.010791747830808163 0.03839642554521561 -0.05599704384803772 -0.01492767408490181 0.05702778324484825 -0.0012038546847179532 -0.05968566983938217 -0.04529465734958649 -0.052388276904821396 -0.06337577849626541 0.02197887748479843 0.08644559979438782 0.07165222615003586 0.04659087210893631 0.03560759499669075 -0.022526534274220467 0.06540568172931671 -0.06388930976390839 0.09382430464029312 -0.04217793792486191 0.05124096944928169 -0.07405687123537064 0.017783895134925842 -0.018496651202440262 0.010885205119848251 0.06188611686229706 0.0698704719543457 -0.017158998176455498 0.0645880326628685 -0.04456837475299835 -0.026583947241306305 0.03901364654302597 0.01415610034018755 0.028094550594687462 0.044504035264253616 -0.08873037248849869 0.0622500404715538 -0.005409859120845795 -0.05648301541805267 0.024764059111475945 -0.07742000371217728 -0.06465549767017365 0.04067147895693779 0.06607304513454437 0.07324201613664627 2.950174676420002e-39 0.014453869313001633 -5.4470222931386046e-39 -0.005961943417787552 0.005630115047097206 -0.01527901366353035 -0.009579990059137344 -0.02641906403005123 -6.817360749452322e-38 -0.05959785729646683 0.0008283157367259264 -0.04495629295706749 -0.005858599208295345 0.03318112716078758 0.003174710087478161 0.04142768308520317 0.018968375399708748 -0.003309710416942835 -0.010712048038840294 -0.009466872550547123 0.025480490177869797 -0.011114132590591908 -0.014089345932006836 -0.01735878922045231 0.030491232872009277 -0.006135536823421717 0.012255781330168247 0.01295645534992218 -0.014018977992236614 0.010370489209890366 0.014582660049200058 -0.009465370327234268 0.023174412548542023 -0.013672084547579288 0.0008123840671032667 -0.0058689904399216175 0.02370488829910755 0.02027188055217266 0.02886333502829075 -0.012819146737456322 -0.01547995861619711 0.023351721465587616 0.01464325375854969 0.037527795881032944 -0.012942899018526077 -0.019094059243798256 0.03859148919582367 -0.00916670449078083 0.018703900277614594 0.015449187718331814 -0.004393233917653561 0.028098488226532936 -0.016663305461406708 0.0017209325451403856 0.028607120737433434 0.0095216054469347 0.014891418628394604 -0.003220360493287444 -0.018499016761779785 -0.009420815855264664 -0.011189780198037624 -0.015790732577443123 -0.01358373835682869 0.03053274191915989 0.006048406008630991 0.033190418034791946 0.021139096468687057 0.030189812183380127 0.003231815528124571 -0.014675610698759556 0.02606775611639023 -0.010412992909550667 -0.002680158009752631 -0.0057799480855464935 0.029440170153975487 0.010703721083700657 -0.008289665915071964 -0.0004349099181126803 0.04071420431137085 0.026261813938617706 -1.4504924482134041e-39 -0.033038180321455 4.4746893147129005e-39 0.010610068216919899 0.00013300322461873293 -0.10933271795511246 0.009998812340199947 0.07550447434186935 3.063897053292283e-39 -0.015028932131826878 -0.04207272827625275 -0.012266146950423717 -0.010123428888618946 -0.038019727915525436 0.09237875044345856 0.009159551933407784 -0.03181561082601547 0.06882898509502411 0.072877436876297 -0.03975047916173935 0.07966195791959763 -0.021140195429325104 -0.041752688586711884 -0.012597886845469475 -0.026715222746133804 -0.012581229209899902 -0.042922988533973694 0.02824929542839527 -0.038426101207733154 -0.0061599514447152615 0.024147918447852135 0.008556191809475422 0.05529075860977173 -0.03702997416257858 0.06245235353708267 -0.010924583300948143 -0.04266916587948799 -0.025676818564534187 -0.034785062074661255 -0.02019316330552101 -0.04802069440484047 -0.044481463730335236 0.05714298039674759 0.01940920017659664 0.022679628804326057 0.02763204090297222 -0.024986954405903816 0.060230981558561325 0.06615959852933884 0.025893379002809525 0.0031585427932441235 0.04666341096162796 -0.02796255052089691 -0.024544721469283104 0.018049033358693123 0.059604816138744354 -0.006951867137104273 -0.03541868180036545 -0.0401591956615448 0.02805366925895214 -0.02181730791926384 0.05042242631316185 0.03963753208518028 0.012326754629611969 -0.03280612453818321 -0.011082686483860016 0.044662050902843475 0.02029208466410637 0.053749971091747284 0.028189824894070625 0.047448575496673584 -0.027659086510539055 -0.01832059770822525 0.02464929409325123 -0.0002599363215267658 0.04478278383612633 0.012649796903133392 -0.03481731563806534 0.03779057040810585 -0.05095605552196503 6.364910622329897e-39 0.013374637812376022 3.936604717396814e-39 0.01078577246516943 0.016553377732634544 -0.08310029655694962 0.05548260360956192 0.10045735538005829 4.7839895169525314e-39 0.052092622965574265 -0.03194424510002136 0.013594589196145535 -0.022721771150827408 -0.009477237239480019 -0.04591210186481476 0.09663214534521103 -0.04510762542486191 -0.011356323026120663 0.0397050715982914 -0.022882109507918358 -0.04408549144864082 0.030335457995533943 0.042544905096292496 0.002984296530485153 0.04287860915064812 -0.03221569210290909 0.02535693161189556 0.034315332770347595 0.003790483810007572 -0.04056037217378616 0.016961535438895226 0.04416376352310181 0.04678504541516304 0.017729470506310463 -0.028679905459284782 -0.029966702684760094 -0.02158283069729805 0.015509960241615772 -0.026931671425700188 0.04500548169016838 0.000917793542612344 0.05168933793902397 -0.0031752546783536673 -0.03244972229003906 -0.042894359678030014 0.025344517081975937 -0.03705515339970589 -0.03523477911949158 -0.022761380299925804 0.002583280671387911 -0.0022646612487733364 -0.019901754334568977 0.004340126179158688 -0.003513260744512081 0.050138406455516815 0.0583227165043354 -0.024211520329117775 0.04756426811218262 0.049544788897037506 -0.023597950115799904 0.05444047600030899 0.03260490298271179 0.01370778027921915 0.05006738752126694 -0.03606994077563286 0.06779418885707855 0.054857343435287476 0.03697366639971733 -0.01558265183120966 -0.03291059657931328 0.049492523074150085 0.03390435874462128 -0.020965570583939552 0.05196325480937958 -0.013399213552474976 -0.041582897305488586 -0.03551241755485535 -0.01859358698129654 0.05602635443210602 -0.02630370855331421 2.6238122640787524e-39 -0.030334481969475746 3.4147933991469316e-39 -0.03944548964500427 -0.04567369818687439 -0.056331828236579895 -0.004385645966976881 0.08156947791576385 1.1780463955855159e-39 0.0061189886182546616 -0.03896103426814079 -0.0392410047352314 -0.013193352147936821 -0.021978581324219704 0.03595418855547905 -0.010798937641084194 0.07341670989990234 0.03226977214217186 0.09824352711439133 0.056816402822732925 -0.05220566317439079 0.09693192690610886 -0.06626474112272263 0.08707254379987717 0.07783173769712448 -0.049357298761606216 -0.05080002546310425 -0.0642717257142067 -0.04333276301622391 0.015467279590666294 -0.05002576857805252 -0.019487278535962105 -0.06387612223625183 -0.0598222091794014 -0.0475291982293129 -0.035919394344091415 -0.05999334901571274 0.010576815344393253 -0.042685940861701965 0.04447043314576149 0.07512564957141876 -0.061960913240909576 0.055315304547548294 0.07681608200073242 0.04376569017767906 -0.06066393852233887 0.0568263903260231 -0.03780378773808479 0.05174802243709564 -0.05148700624704361 -0.019034231081604958 -0.05667892470955849 0.04037448763847351 -0.05497606843709946 -0.04697755351662636 0.03363238275051117 0.0940704196691513 -0.052970826625823975 -0.05676579475402832 -0.001960614463314414 0.055336881428956985 0.019293738529086113 -0.031027531251311302 -0.04485195875167847 0.0811331644654274 0.04241953417658806 0.030279098078608513 -0.06179763749241829 -0.008313968777656555 0.05914659798145294 0.026975786313414574 0.00980454497039318 -0.06143940985202789 0.07399467378854752 -0.026560191065073013 0.09940431267023087 -0.02983662486076355 -0.05386457219719887 0.020903529599308968 0.04223056510090828 -5.5901298988077765e-39 -0.03234769403934479 2.0540737357520326e-39 -0.00350001803599298 -0.025161558762192726 -0.09109711647033691 0.031482286751270294 0.061907775700092316 4.13273185176218e-39 -0.017632581293582916 -0.0601678304374218 0.006005164701491594 -0.1083633303642273 0.05952656269073486 -0.12217272818088531 -0.018759066238999367 -0.025498706847429276 -0.05754679813981056 0.06395811587572098 0.054630037397146225 -0.032021284103393555 0.08913528919219971 0.08373644202947617 -0.012532566674053669 -0.033646196126937866 0.07102514803409576 0.0760655477643013 -0.04191047325730324 0.08675676584243774 -0.007995485328137875 -0.029826821759343147 -0.04890486225485802 -0.049214933067560196 0.07675501704216003 0.0682312622666359 -0.028237828984856606 0.08949106931686401 0.08152014017105103 -0.0450306199491024 -0.03638758882880211 -0.034948885440826416 0.004161428194493055 -0.03858879953622818 0.08521569520235062 -0.035273924469947815 0.06745687872171402 -0.03143695741891861 -0.0463315024971962 -0.03800250589847565 0.02885057032108307 0.006319895386695862 -0.04420582577586174 -0.04479748010635376 0.054704587906599045 -0.03736955672502518 -0.04163799062371254 0.039773181080818176 0.07746272534132004 0.0023216758854687214 -0.011340497992932796 -0.02008473314344883 0.06305988878011703 0.051832858473062515 0.04560486227273941 0.09181647002696991 0.07777862995862961 0.0714980810880661 -0.03564787283539772 0.10000128298997879 -0.030466055497527122 -0.04901934415102005 -0.03340033441781998 0.08594147115945816 -0.050131212919950485 -0.03817298635840416 -0.011304449290037155 -0.04756521061062813 -0.04242024943232536 0.010248413309454918 -0.026415344327688217 -8.178720525985725e-40 0.015936126932501793 5.140187535417107e-38 -0.04683316871523857 -0.023995500057935715 -0.03424598276615143 0.14664003252983093 0.017216531559824944 1.0051878222202637e-39 -0.015631316229701042 -0.059982217848300934 -0.05738934129476547 -0.031221941113471985 -0.08188056200742722 0.05826282873749733 0.056729596108198166 -0.031039457768201828 -0.001684003509581089 -0.030338315293192863 -0.06711447238922119 -0.05774500221014023 -0.008414750918745995 -0.00043825648026540875 0.003831602865830064 -0.06353677064180374 -0.013728125020861626 -0.05408038944005966 -0.0395798422396183 -0.05796585977077484 0.04538268968462944 -0.04725060611963272 -0.04813631623983383 0.07783505320549011 -0.0525522418320179 -0.031234512105584145 -0.010487738065421581 0.023652320727705956 -0.03122946247458458 -0.0469292551279068 0.08575435727834702 0.08008261024951935 0.06364769488573074 -0.037935253232717514 0.03554421663284302 0.05617782101035118 0.023650415241718292 -0.07088246196508408 0.050959087908267975 0.06218598783016205 0.01720106229186058 -0.016689226031303406 -0.012811105698347092 0.09271770715713501 -0.011381055228412151 -0.034749917685985565 0.06806902587413788 -0.05045292526483536 -0.0681755393743515 -0.05706261843442917 -0.004381019622087479 -0.057862039655447006 0.09129534661769867 0.06826413422822952 -0.06393570452928543 -0.02242286503314972 -0.0014689493691548705 0.0766996368765831 0.08913520723581314 0.059716515243053436 -0.039867643266916275 0.06988359242677689 -0.013774562627077103 0.07291698455810547 0.04984203353524208 0.03993866965174675 0.008933537639677525 0.07407159358263016 0.05459330603480339 0.027608154341578484 -0.020498622208833694 -3.23280116239121e-39 -0.037660811096429825 6.773634351911838e-39 0.03892272338271141 0.0077470834366977215 -0.03063146397471428 -0.004622270818799734 0.03597423806786537 -4.300750340231654e-39 -0.01582525111734867 -0.03771618381142616 -0.020906150341033936 -0.030172530561685562 -0.04432498663663864 0.03491702675819397 0.023872872814536095 0.07832065969705582 0.052705973386764526 0.012709089554846287 -0.03673645108938217 -0.004870857112109661 0.04991019517183304 0.030800482258200645 0.07617989182472229 0.06364437937736511 0.04192688688635826 -0.03386366367340088 -0.03733530640602112 0.05579824000597 -0.010987751185894012 0.08414838463068008 0.04837263002991676 -0.038046032190322876 -0.04182162135839462 0.05030078440904617 -0.01647794246673584 -0.03994789719581604 -0.031454529613256454 0.039825960993766785 -0.031719572842121124 -0.03546735271811485 -0.03380011394619942 -0.02526673674583435 0.06446484476327896 0.0168500617146492 -0.03771448880434036 -0.025914059951901436 -0.025320738554000854 0.07175993174314499 -0.013873634859919548 0.07594266533851624 -0.029919572174549103 0.05574818328022957 -0.020940793678164482 -0.03411528840661049 0.04259031265974045 0.09109771996736526 0.04232187196612358 0.11430244147777557 0.023518167436122894 -0.02046302706003189 0.0742003545165062 -0.0011952015338465571 0.07528722286224365 -0.03785158321261406 0.04049060493707657 -0.03624085336923599 -0.03801494836807251 0.05831628292798996 0.04011118784546852 -0.04414293169975281 -0.03654784709215164 -0.027934670448303223 -0.029922494664788246 0.05681938678026199 0.07051707804203033 0.04659382626414299 0.051504626870155334 0.06106673181056976 -0.041918881237506866 2.44525741245602e-39 0.04004843160510063 6.700919573299558e-39 -0.011544470675289631 -0.02068834938108921 -0.002676683245226741 -0.00888555496931076 -0.05927933380007744 2.3464047741080757e-38 -0.038259491324424744 -0.06050628423690796 -0.09788163751363754 -0.03910856693983078 0.027553975582122803 -0.0220493134111166 -0.07808000594377518 -0.05641119182109833 0.09102614223957062 0.09932132810354233 -0.03151443973183632 -0.019476160407066345 -0.049773238599300385 0.07970381528139114 0.0848512127995491 -0.06387931853532791 -0.06458549946546555 -0.07346314936876297 -0.0528252013027668 -0.06143759936094284 -0.02403796836733818 -0.045101262629032135 0.09322035312652588 -0.07876529544591904 -0.0449022613465786 -0.05504555627703667 0.09561970084905624 0.05176066234707832 0.10170936584472656 0.09358183294534683 -0.038608744740486145 0.09401413798332214 -0.06894322484731674 0.08273755759000778 0.019423196092247963 -0.056284382939338684 -0.0492546409368515 0.053040359169244766 0.10189799964427948 -0.007447237614542246 -0.030717384070158005 0.05961672216653824 0.030116835609078407 0.0991162583231926 -0.0028706940356642008 -0.07393495738506317 -0.06939718127250671 -0.0017201711889356375 0.05189748853445053 0.07957983016967773 -0.03431554138660431 0.10908962786197662 0.042550984770059586 -0.022390741854906082 -0.03628487139940262 -0.05703039467334747 0.08916596323251724 0.10688278824090958 0.07386506348848343 -0.013259373605251312 0.09964137524366379 -0.07901208102703094 0.03365815430879593 -0.03420126438140869 0.08228713274002075 -0.04966645687818527 -0.07627656310796738 0.08450008183717728 -0.06252192705869675 0.0717642530798912 -0.06688079982995987
b1 64
0.08785184472799301 0.0569426491856575 0.10755302011966705 0.08373226225376129 0.0013794094556942582 0.052453212440013885 -0.03979242593050003 0.07049252092838287 0.012887234799563885 0.011831856332719326 0.003976793494075537 0.10425157099962234 0.10599931329488754 0.003674435894936323 -0.03565555810928345 0.024634191766381264 0.02993803657591343 0.09088470041751862 0.12919943034648895 0.14214572310447693 0.04568389058113098 0.12693163752555847 0.036944806575775146 0.09925726801156998 0.12169110774993896 0.14525850117206573 0.047782234847545624 0.09806495159864426 -0.029649142175912857 -0.0052211107686161995 0.1677672266960144 -0.015864335000514984 0.05279552564024925 0.07613708078861237 0.11447754502296448 0.16864699125289917 0.09790805727243423 0.11590602993965149 0.051027748733758926 0.059683896601200104 0.056260544806718826 0.1272406131029129 0.03725940361618996 0.07272236794233322 0.010895946994423866 -0.014824153855443 0.07427538931369781 0.008131719194352627 0.029517820104956627 0.04837167635560036 -0.03741345927119255 0.07079259306192398 0.0675082802772522 0.03860461711883545 0.023044206202030182 0.13763268291950226 -0.003609065432101488 -0.03984681889414787 -0.014360571280121803 0.09761230647563934 0.019596483558416367 -0.014446303248405457 0.12149523943662643 0.046487659215927124
W2 4096
-0.00023515743669122458 -2.827620619427762e-06 0.0001665808813413605 -0.00027993437834084034 2.089663212245796e-05 0.0003594899026211351 -9.1286592578399e-06 1.161834916274529e-05 -3.982597263529897e-06 -5.9616013459162787e-05 0.0004168082377873361 -0.000258915446465835 0.00038428299012593925 0.0017331732669845223 -1.723519403640239e-06 -5.2159994083922356e-05 -9.876401600195095e-05 0.0025474776048213243 0.0011278982274234295 0.00022811131202615798 -0.00011290004476904869 -6.724364357069135e-05 4.387498483993113e-05 -2.9063727197353728e-05 -0.0002458648232277483 -0.0004545155097730458 5.8195973906549625e-06 -0.00023075944045558572 -0.0001615390065126121 1.3832678632752504e-05 -7.003580685704947e-05 6.975406722631305e-05 -2.870960088330321e-05 -8.88312715687789e-05 -7.76031447458081e-05 0.0006138954777270555 -3.837728581856936e-05 -0.0004648756003007293 -9.130915714194998e-05 -5.187511851545423e-05 -1.2081377462891396e-05 -3.723936970345676e-05 0.00029207722400315106 -0.000354376359609887 -0.00015166570665314794 5.451102538245323e-07 7.380484021268785e-05 -3.413456215639599e-05 0.00034949014661833644 9.830779890762642e-05 0.0001928622805280611 3.370887498022057e-05 0.00046409835340455174 -0.0002102461294271052 -3.065668579438352e-06 0.0005185838672332466 -8.397281635552645e-05 2.497310924809426e-05 0.0007770773954689503 5.74698742639157e-06 0.00018857324903365225 0.00016538424824830145 -0.00012222975783515722 -0.0003193167212884873 0.01983828656375408 0.011026458814740181 0.02514534629881382 0.009580971673130989 0.007483588065952063 0.0033620945177972317 -0.0019320616265758872 0.04233427718281746 0.01450982503592968 0.004475237801671028 0.02037636935710907 0.020802980288863182 0.024249190464615822 0.008748084306716919 -0.0007027368992567062 0.010333288460969925 -0.006263348739594221 0.022042276337742805 0.022420501336455345 0.03072110190987587 0.013845555484294891 0.009526158683001995 0.0009544882923364639 0.04845805466175079 0.0456559844315052 0.04650506004691124 0.021879183128476143 0.008751602843403816 0.012876047752797604 -0.024984166026115417 0.025455903261899948 0.004076526965945959 0.007327916566282511 -0.014858754351735115 0.04512043669819832 0.05453632026910782 0.009224620647728443 0.03542952612042427 0.005139893852174282 -0.002265359042212367 0.021569492295384407 0.003204894717782736 0.0063431235030293465 0.018191784620285034 0.0029661180451512337 -0.00016253253852482885 -0.0012466969201341271 0.02527347393333912 0.002340880921110511 0.03172173351049423 0.0005433527985587716 0.01533871702849865 0.02022772841155529 0.006992827169597149 0.007476415019482374 0.008712044917047024 0.000453500309959054 0.009723727591335773 0.008430772460997105 0.01337919756770134 0.022083787247538567 0.031465690582990646 -0.0029056048952043056 0.020174147561192513 -0.009350413456559181 -0.006815695203840733 -0.0040079085156321526 0.0019448917591944337 -0.0063590435311198235 -0.01490312721580267 -0.003580471733585 -0.011523397639393806 -0.01267801783978939 -0.010479437187314034 -0.00031814767862670124 -0.009563560597598553 -0.002645013388246298 -0.007938646711409092 -0.00020583295554388314 -0.012356714345514774 0.004237936809659004 -0.016415072605013847 -0.0175273809581995 -0.0063627068884670734 -0.009061659686267376 0.00042606316856108606 -0.011122801341116428 -0.021624237298965454 -0.020389480516314507 -0.008971882052719593 -0.014651455916464329 -0.00046617447515018284 0.010242787189781666 0.0008308410760946572 -0.0004870635748375207 0.0013885298976674676 -0.0049650296568870544 0.0007383883348666131 -0.012927682138979435 -0.015127958729863167 0.005561714060604572 0.0027055260725319386 -0.012847830541431904 0.001421998254954815 -0.019713593646883965 -0.005010359454900026 -0.004334331955760717 -0.01485635805875063 -0.018406229093670845 -0.0002730311534833163 -0.010045916773378849 -0.010582705959677696 0.002166314050555229 -0.004667103290557861 -0.0033553028479218483 -0.001075141248293221 -0.0006611121934838593 -0.013303311541676521 -0.011624244973063469 -0.006465309765189886 0.00415550172328949 0.0017674912232905626 0.005989650264382362 0.003953687380999327 -0.007492084987461567 0.0035667766351252794 -0.006826510187238455 -0.007366381585597992 -0.004083726089447737 0.0007078388007357717 -0.0030557718127965927 -0.002195992274209857 0.0012146350927650928 -0.0016504910308867693 9.67840023804456e-05 -0.0004616156511474401 -0.002793242922052741 -0.0023730951361358166 -0.0016586505807936192 -0.002051425166428089 -0.005666197743266821 -0.0014478201046586037 -0.00030495936516672373 -0.006828230805695057 -0.0013689134502783418 -0.0017973718931898475 -0.006052336189895868 9.490515367360786e-05 -0.0035289456136524677 -0.0055329869501292706 -0.003360784612596035 -0.0024515700060874224 -0.004009137861430645 -2.0606312318705022e-05 0.0002836219791788608 -0.005989930126816034 -0.0018845235463231802 -0.0012352900812402368 0.005211078096181154 -0.0011447352590039372 0.000188479243661277 0.004279111046344042 0.004109351430088282 -0.0030083870515227318 -0.00629688473418355 0.00196781731210649 0.0003440969157963991 -0.0033271280117332935 -0.0006266003474593163 -0.002925753127783537 -0.00345214968547225 0.0011209037620574236 -0.006811917759478092 0.0011475872015580535 0.02139543741941452 -0.001597452093847096 -0.004316503647714853 0.0012877528788521886 0.0004520407528616488 -0.0018803661223500967 -0.0028712658677250147 0.00016391499957535416 -0.00010019376350101084 -0.002183206845074892 -0.0008190104854293168 -0.004686100408434868 0.006611015181988478 -0.0014899030793458223 0.0033943047747015953 -0.0031669631134718657 -0.0043068984523415565 -0.005247463937848806 0.06608851999044418 0.06499987840652466 0.001972030848264694 0.08020161837339401 -0.015710586681962013 0.052524957805871964 -0.014484362676739693 0.08383218944072723 -0.005122068803757429 0.030056985095143318 0.03361994028091431 -0.005299631971865892 0.06408659368753433 0.013430623337626457 0.006062166299670935 0.04711034521460533 0.04650217294692993 0.06107919663190842 0.049786802381277084 0.0331914983689785 0.06081906333565712 0.0035992960911244154 0.032190240919589996 0.06931663304567337 0.06636819988489151 0.006796983070671558 0.0011220583692193031 0.05356953293085098 0.008033602498471737 -0.01394367590546608 0.07299882173538208 0.035206716507673264 0.037503018975257874 -0.012541941367089748 0.007579638622701168 -0.0019038502359762788 0.020869458094239235 -0.010796790942549706 -0.011439473368227482 0.05782678350806236 0.029570557177066803 0.05557766184210777 0.04011448472738266 -0.022521620616316795 -0.015546021051704884 0.0072893076576292515 0.02516864612698555 0.0774577260017395 -0.003659495385363698 0.07601392269134521 0.0035025395918637514 0.04661032184958458 0.020359043031930923 0.019471049308776855 -0.013104816898703575 0.07831809669733047 0.009589171037077904 0.006042658817023039 0.05626979470252991 -0.003421468660235405 0.04396853223443031 0.050628744065761566 0.054960012435913086 0.06398498266935349 0.010379895567893982 0.0933181568980217 0.06554064154624939 0.045373573899269104 0.03853357210755348 0.08989300578832626 -0.0005243772175163031 0.10149470716714859 0.05611438676714897 -0.02635038271546364 0.09458398073911667 0.022253282368183136 0.08046256005764008 0.010838454589247704 -0.01282291579991579 0.005644059740006924 0.0575500950217247 0.03715820237994194 -0.013631723821163177 -0.018519384786486626 0.014414072968065739 0.054756276309490204 -0.034032657742500305 0.07652978599071503 0.12021227926015854 0.08342120796442032 0.011092929169535637 0.0313822478055954 -0.0099269337952137 -0.03940288722515106 0.02352275885641575 0.04642384871840477 0.08621224761009216 -0.04788457974791527 0.03394457697868347 0.0033058004919439554 -0.00629928195849061 0.04241430014371872 0.069436214864254 0.05167184770107269 0.024109365418553352 -0.006424133200198412 0.07018731534481049 0.05828180909156799 0.015270346775650978 -0.0073769353330135345 -0.03131985664367676 -0.023205775767564774 -0.03376566246151924 0.06826215982437134 0.02333582565188408 -0.0006107008666731417 -0.0006756063085049391 0.07448672503232956 -0.045539598912000656 0.1109490841627121 0.017970338463783264 0.013432320207357407 -0.007283826824277639 0.1035388931632042 0.024710945785045624 0.0264528077095747 0.057634368538856506 0.1119094043970108 0.05316947400569916 0.10326535254716873 0.018170667812228203 0.03480703383684158 -0.024823550134897232 -0.028984570875763893 -0.017905015498399734 0.02950698509812355 0.04000990465283394 -0.016291126608848572 8.957575482781976e-05 0.007186479400843382 0.12352346628904343 0.04488354176282883 -0.0039298562332987785 0.09894772619009018 0.0669170692563057 0.07751114666461945 0.07657831162214279 0.058323558419942856 0.03884894773364067 0.06417582184076309 0.04597843810915947 -0.02834460884332657 0.0033098759595304728 0.018459714949131012 0.0722086951136589 -0.014285796321928501 -0.01596420258283615 0.02997608482837677 0.000504244293551892 0.055902596563100815 -0.009380504488945007 0.07093021273612976 -0.021716129034757614 0.08129961788654327 0.03549288213253021 0.07481253147125244 0.035420745611190796 -0.028721248731017113 0.10213127732276917 0.07633298635482788 0.09909331798553467 0.10682125389575958 0.09414312988519669 0.00047523374087177217 0.07769753783941269 0.048948075622320175 0.019226767122745514 0.11883801966905594 0.010412181727588177 0.08310439437627792 0.033066276460886 0.039877649396657944 0.07486840337514877 0.04235604777932167 -0.03875165432691574 0.06467016041278839 -0.011286108754575253 0.035181526094675064 0.08636128902435303 0.03696997091174126 -0.03365841507911682 0.09554986655712128 -0.002888829680159688 -0.00480211665853858 -0.004742804449051619 -0.008411936461925507 -0.0027013272047042847 -0.005947496742010117 4.691450158134103e-05 -0.010903668589890003 -0.0048270756378769875 -0.00214692042209208 0.0015449615893885493 -0.005016379989683628 -0.01027651596814394 -0.007272650022059679 -0.0004092552117072046 -0.003600178984925151 -0.002069151494652033 -0.004985190462321043 -0.01328525971621275 -0.007385819219052792 0.0016018521273508668 -0.004449094645678997 -0.006761639378964901 -0.002708391984924674 -0.002820062218233943 -0.006494864355772734 -0.002671461319550872 -0.005500088911503553 0.0017898720689117908 -0.0010215449146926403 -0.003599276300519705 -0.003601067466661334 -0.002109501976519823 -0.003109591081738472 -0.005655036773532629 -0.011886957101523876 -0.001269522006623447 -0.006773327477276325 -0.007995648309588432 -0.0031887548975646496 -0.009321292862296104 -0.0025737329851835966 -0.00233829184435308 -0.00563872279599309 -0.0072404672391712666 6.219062598233904e-09 0.0014821443473920226 -0.00493534654378891 0.005301311146467924 0.0019454595167189837 -0.0010288313496857882 -0.005296976771205664 0.0030928393825888634 -0.005529429297894239 -0.0039125955663621426 -0.005576164461672306 -0.0017306623049080372 -0.0019643795676529408 0.0017500772373750806 -0.012575199827551842 -0.0019676098600029945 -0.0005626203492283821 -0.0029695043340325356 -0.005686958786100149 0.030307352542877197 0.008001783862709999 0.00023860752116888762 0.010284382849931717 0.001956894062459469 0.004268682561814785 -0.0019123327219858766 0.011363960802555084 0.012046417221426964 0.0028540100902318954 -0.0028849211521446705 -0.014441720210015774 -0.00071028369711712 0.024682125076651573 0.0031541837379336357 0.01708119548857212 0.025998970493674278 0.012494166381657124 0.0005868818843737245 0.019793571904301643 0.019888686016201973 -0.0037192765157669783 0.004818195477128029 0.025017376989126205 0.017825985327363014 0.012715003453195095 0.027275796979665756 0.01472835149616003 0.012514191679656506 0.003915638662874699 0.014265159144997597 0.010157137177884579 0.021343806758522987 -0.017694896087050438 0.03922799229621887 -0.002094169147312641 -0.008740229532122612 0.011707041412591934 0.012850024737417698 0.020273862406611443 0.013362385332584381 -0.009026117622852325 -0.007462202105671167 0.007399575784802437 -0.0034237466752529144 -0.006101125851273537 0.024889929220080376 -0.005714119877666235 -1.151493052020669e-07 0.004351608920842409 -0.002756222151219845 0.00665317615494132 0.0063475631177425385 0.019119378179311752 -0.006284021306782961 0.001953469356521964 0.021208984777331352 0.008942796848714352 0.005221354775130749 0.027085941284894943 0.005349472630769014 -0.01028587855398655 0.006086662877351046 0.002147956984117627 -0.008959606289863586 0.054310232400894165 0.019551612436771393 0.02991180494427681 0.042886245995759964 0.03152242302894592 0.017412094399333 0.016433071345090866 0.0039521316066384315 0.04324917495250702 0.0323626771569252 0.026177506893873215 0.0868668258190155 1.747052010614425e-06 0.011425956152379513 0.06241224706172943 0.04181366413831711 -0.012612768448889256 -0.015864497050642967 0.010189741849899292 0.011271506547927856 -0.014081750065088272 0.013282342813909054 0.0038460278883576393 0.07350143045186996 0.028139697387814522 0.026402080431580544 -0.005576514173299074 0.03975791856646538 -0.005154963582754135 0.05806609243154526 0.014250367879867554 0.05148782208561897 0.0004802754265256226 0.0589694045484066 0.015155275352299213 0.02703320048749447 0.0076882559806108475 0.027480317279696465 0.009840350598096848 0.057952214032411575 -0.003760475432500243 -0.0157505813986063 0.013678133487701416 0.00436074985191226 0.016610532999038696 0.06066177412867546 0.0844644233584404 0.06050407513976097 0.0670589730143547 0.005414510611444712 -0.009694382548332214 0.040909189730882645 0.0019668007735162973 -0.008301813155412674 0.07379233092069626 -0.01795785129070282 0.01933649554848671 0.02067350596189499 0.035283416509628296 -0.008383828215301037 0.045892950147390366 -0.006880754604935646 0.07547356933355331 0.003238152712583542 0.014521630480885506 0.003990287892520428 0.0063298167660832405 0.009246311150491238 -0.002554172184318304 -0.0011822283267974854 0.04986005276441574 0.021793467923998833 0.007003591395914555 0.013894740492105484 0.0021185127552598715 0.03406688570976257 0.005542375613003969 -2.7245529054198414e-05 0.011794112622737885 -0.005605291109532118 0.0356404185295105 0.011440705507993698 0.022691039368510246 0.003955072723329067 0.0042784446850419044 0.007710110396146774 0.049743250012397766 0.017149124294519424 0.0013462846400216222 0.02968878298997879 0.026562562212347984 0.02454373612999916 -0.027865495532751083 0.04103578254580498 0.01264447346329689 0.002520835492759943 -0.011693153530359268 0.006820097099989653 0.03083736076951027 0.020978428423404694 0.04142095893621445 -0.002618055325001478 0.0021011915523558855 0.024585263803601265 0.0439116507768631 0.027078276500105858 0.025825224816799164 0.014525296166539192 -0.0002964455052278936 0.03598843142390251 0.04237556830048561 0.0225825272500515 0.0495891347527504 -3.955698048230261e-06 -0.004284494556486607 0.0407346673309803 0.014533220790326595 -0.007586933672428131 0.011180262081325054 0.011380990035831928 0.01237204298377037 0.01869119331240654 0.03935416042804718 0.005989032331854105 0.04225438833236694 -0.003756545018404722 0.04204178228974342 0.0030652463901787996 0.014466537162661552 -0.0016203566920012236 -0.021010030061006546 0.0014641082379966974 -0.031034398823976517 1.099504606827395e-05 0.013791907578706741 -0.040697578340768814 0.02004934474825859 0.003962644375860691 0.04739490896463394 -0.04132502153515816 -0.025263391435146332 0.031166693195700645 -0.02040059305727482 -0.02690120041370392 -0.04380291700363159 -0.05479525774717331 -0.014604988507926464 0.03197774663567543 -0.019377704709768295 -0.026069553568959236 -0.04530472680926323 -0.004650144372135401 -0.023950789123773575 -0.008033396676182747 -0.003266689833253622 0.012027519755065441 -0.04113025218248367 -0.06289024651050568 -0.022953512147068977 -0.005235412623733282 -0.001027404796332121 -0.03793569654226303 0.0012348403688520193 0.004803340416401625 0.018466060981154442 -0.024754174053668976 0.00947963260114193 -0.03610537573695183 -0.016585789620876312 -0.02517150528728962 0.01952350325882435 -0.02057945542037487 0.023387877270579338 0.030352650210261345 -0.003048084443435073 0.03347396478056908 -0.006394583266228437 0.012952020391821861 -0.03156666457653046 -0.037941914051771164 -0.05022748187184334 0.023910900577902794 -0.06245794892311096 0.02823212929069996 0.0027100807055830956 0.04413773864507675 0.044451914727687836 -0.021668503060936928 -0.0004330410738475621 -0.008334399200975895 -0.029134666547179222 0.005847298074513674 -0.012792235240340233 0.030399372801184654 0.1021859273314476 0.043853484094142914 0.06855267286300659 -0.0062180315144360065 0.086652472615242 0.051957275718450546 0.028118913993239403 0.045175958424806595 -0.03469795733690262 0.06397589296102524 0.011101550422608852 -0.001149896765127778 -0.017547130584716797 -0.006827902980148792 0.024856969714164734 0.024998798966407776 0.07573914527893066 0.00033181995968334377 0.006656408775597811 -0.00944339670240879 0.03031850978732109 0.045359447598457336 0.056914541870355606 0.0684736967086792 -0.023596495389938354 -0.007411543745547533 -0.0382438562810421 0.09685352444648743 -0.01276486087590456 -0.014420447871088982 0.061794355511665344 0.033605072647333145 0.06713082641363144 0.004166874103248119 0.0723239928483963 0.04728244990110397 0.028598494827747345 0.030525658279657364 0.08079656958580017 0.009388561360538006 0.02180202677845955 0.0613933764398098 0.011639720760285854 0.025855964049696922 0.06331867724657059 0.03936738520860672 0.05145477131009102 -0.012554733082652092 0.04731040075421333 0.019717760384082794 0.0031865418422967196 0.024507440626621246 0.04643124341964722 -0.0157980527728796 0.020977314561605453 0.029530469328165054 0.032825369387865067 0.05321982875466347 0.09056612104177475 0.05228475108742714 0.05989264324307442 -0.007842190563678741 -0.0008857198408804834 -0.009675033390522003 0.0030312135349959135 -0.002896825084462762 -0.0021127359941601753 0.0002435086789773777 -0.008028428070247173 -0.0016154705081135035 -0.003796408884227276 -0.0018749034497886896 -0.0005902188713662326 -0.0049754418432712555 -0.0047677429392933846 0.0005580746801570058 -0.0028987391851842403 -0.0033511375077068806 -0.005582350306212902 -0.005955062806606293 -0.004162016790360212 -0.002956709824502468 -0.006372594740241766 -0.00550953671336174 0.0003366499731782824 -0.002824577037245035 0.00019684249127749354 -0.0021427602041512728 -0.0007496131001971662 -0.0016118970233947039 0.0043701170943677425 -0.005742728244513273 -0.001936555840075016 -0.001205913256853819 0.0031177890487015247 -0.006446154322475195 -0.0034482835326343775 0.0010654526995494962 0.007211722899228334 -0.00359819526784122 -0.003030991181731224 -0.0021619959734380245 -0.006834752392023802 -0.0036506429314613342 -0.0017138220136985183 0.000669169588945806 2.1208011276030447e-06 -0.0016183918341994286 -0.003854604670777917 -0.0023600838612765074 -0.0005432816105894744 -0.0014453793410211802 -0.005687464494258165 -0.0022246167063713074 -0.0007017560419626534 0.004247989971190691 -0.004142981022596359 0.0015823475550860167 -0.001245405524969101 -0.002536450745537877 -0.004584860056638718 -0.003289136104285717 -0.0019495291635394096 -0.005243005696684122 -0.00471960986033082 0.01298394612967968 -0.01961611397564411 -0.013751414604485035 -0.00043281668331474066 -0.0032346865627914667 -0.019730815663933754 -0.0008895316859707236 -0.028665965422987938 -0.01952100545167923 -0.01858382672071457 -0.000149079249240458 -0.011476843617856503 -0.011403215117752552 -0.007575026247650385 0.00328053324483335 -0.0250309556722641 -0.014746859669685364 -0.0249770600348711 0.005000363569706678 -0.021517593413591385 0.00612917123362422 -0.016126403585076332 -0.012117093428969383 -0.005863264203071594 -0.023504571989178658 -0.021057602018117905 0.0019771759398281574 -0.005326368845999241 -0.014409275725483894 0.010136145167052746 -0.0007351651438511908 -0.0170441921800375 -0.010324756614863873 -0.011584369465708733 -0.031681329011917114 -0.02674458920955658 -0.024122055619955063 -0.012327891774475574 -0.01809881627559662 -0.003231446258723736 -0.009482310153543949 -0.015389966778457165 0.0006358578102663159 -0.007626987062394619 -0.02098560705780983 -0.0010051940334960818 0.030645890161395073 -0.009073377586901188 0.010671536438167095 -0.0020569523330777884 -0.0011311124544590712 -0.0013335876865312457 -0.0049231708981096745 -0.01846650056540966 0.018565108999609947 0.004707549698650837 -0.007040158845484257 -0.0036009589675813913 -0.001652729231864214 -0.015457903034985065 -0.00941012054681778 -0.0031839818693697453 -0.021896807476878166 -0.001693437690846622 0.026788488030433655 0.023173579946160316 -0.006830200087279081 0.011874155141413212 0.0016858611488714814 0.01484848465770483 -0.004113452509045601 0.016005905345082283 0.014751506969332695 0.016558581963181496 0.025093046948313713 0.03057706356048584 0.040892425924539566 0.0035660371650010347 -0.0006873431848362088 0.020123768597841263 0.01760994642972946 0.014174834825098515 0.040439754724502563 0.0434228777885437 0.025142427533864975 0.02335258200764656 0.0068716262467205524 0.01805521547794342 0.015590609982609749 -0.009123163297772408 0.031128032132983208 0.010530888102948666 0.03162521868944168 -0.016246121376752853 0.007751472294330597 0.015910746529698372 0.01271891687065363 -0.004196104593575001 0.021139400079846382 0.010653053410351276 -0.00367137067951262 0.0034405302722007036 -0.003666847711429 0.03628888726234436 -0.01173058059066534 0.0019602812826633453 0.03851577267050743 -0.004754695110023022 -0.0009935431880876422 -0.000564358604606241 0.006847433280199766 0.031529102474451065 0.0012737065553665161 0.01386165339499712 -0.0002991646178998053 0.012381542474031448 0.013912116177380085 0.005135715007781982 -0.014016891829669476 0.01638694852590561 0.012179497629404068 0.025223903357982635 0.009126230143010616 0.024198070168495178 0.014878211542963982 0.028334392234683037 0.0058304499834775925 0.0008768577827140689 6.133286660769954e-06 8.769060514168814e-06 -1.7892904224936501e-06 0.0004096032935194671 -6.051992240685422e-09 4.297056932500709e-08 -2.1812205375226768e-08 -8.181503252657762e-10 -1.3644824825576052e-08 6.777794965273642e-07 -2.6057966895365325e-10 1.3555890291172545e-05 9.403603229429791e-08 -1.9552040542158977e-11 -1.0663333300943741e-26 5.088480975246057e-06 6.348716397042153e-08 -1.2317197217726061e-07 -9.925655436449077e-11 -1.1999740934243164e-07 1.5082073332450818e-06 1.2240108162586694e-06 -4.0887499608288635e-08 -1.5757796063553542e-06 -1.313615598519391e-06 -3.246317703542445e-07 3.8352712294908997e-07 -6.653499418085573e-10 -1.3146409401088022e-06 2.628783659019973e-05 -4.274775733392744e-07 1.0409448805148713e-05 -2.916814523246103e-08 -1.1506283499329584e-06 1.6125338788697263e-06 8.650746394778253e-07 -1.2067657735315152e-05 -1.1217792234674562e-05 -1.1018975953902554e-08 -6.8219989657336555e-09 8.842169336276129e-05 -1.314741915336981e-08 -1.5384303253540565e-07 -2.8043542599220928e-08 3.7809383002240793e-07 1.5642550588168547e-09 1.3290690731082577e-05 -4.873066394850412e-09 1.3752477379114225e-08 -4.105522779379589e-12 2.0405481471197362e-10 -8.258811249106657e-06 -1.2604540700067446e-07 -2.556125089370198e-08 -1.3860297087830986e-07 2.170916388877231e-07 -9.627448207538691e-07 -1.4766212883508822e-13 5.127908025315264e-06 0.00017525228031445295 9.63856905400462e-07 -2.2053285846784787e-12 0.00020335199951659888 -1.384200809528835e-10 0.0014460133388638496 0.0037227910943329334 0.00567063270136714 0.00025587534764781594 0.0031602648086845875 0.006247065495699644 0.0019164838595315814 -0.0007072797161526978 0.0026907501742243767 0.0034842488821595907 0.004801771137863398 0.0002453709312248975 0.005842854268848896 0.008583600632846355 -0.0008068862371146679 0.002503952942788601 0.005177940707653761 0.004653040319681168 0.00874398835003376 0.0014714058488607407 0.002110397908836603 0.007711125072091818 0.00914892740547657 -0.0013166910503059626 -0.0021060446742922068 0.0031142549123615026 -0.0015007324982434511 0.002746527548879385 -0.0018663669470697641 0.010431628674268723 0.00961917545646429 -1.8160124454880133e-05 0.0017442804528400302 0.005479052197188139 0.007032398134469986 0.002302692038938403 0.009405928663909435 -0.000600759347435087 0.0029880444053560495 0.0025340402498841286 0.006483026780188084 0.0032465944532305002 0.001896222005598247 0.003819261211901903 0.0011464343406260014 -5.26604380866047e-05 0.0035121638793498278 0.0011836291523650289 0.0019219776149839163 -0.003382857656106353 -0.0001272093504667282 0.002091286238282919 0.0031644937116652727 0.0026197403203696012 0.0013461720664054155 0.008061929605901241 0.0020285050850361586 0.0017721172189339995 0.00013130283332429826 0.0072054676711559296 0.0047047995030879974 0.0006819411646574736 0.008481119759380817 0.0024174998980015516 0.039101287722587585 0.01147663127630949 0.013744843192398548 0.02887648716568947 0.008582157082855701 0.01629173383116722 0.008691472001373768 0.09008599072694778 0.03726816549897194 0.015243451111018658 0.05144001543521881 0.04606160521507263 0.05133158713579178 0.03141721338033676 0.013530470430850983 0.002121042227372527 -0.0038634047377854586 0.024379471316933632 0.046522803604602814 0.03162268176674843 0.04111708700656891 0.09001437574625015 -0.006301713641732931 0.10157604515552521 0.004825810436159372 0.021411150693893433 0.004779205657541752 0.05764371529221535 0.06582615524530411 -0.03539516404271126 0.02045286074280739 0.021108325570821762 0.05229034647345543 -0.03939363360404968 0.06530900299549103 0.01525159366428852 0.013104096055030823 0.011022449471056461 0.015629567205905914 0.03844316303730011 0.06788351386785507 0.07558257132768631 0.029046842828392982 0.003916578833013773 0.04518205299973488 -0.007294748909771442 -0.020125022158026695 0.02260642871260643 0.028718233108520508 0.06620804965496063 0.004119441378861666 0.07581137865781784 0.006911411415785551 0.02700181119143963 -0.021670354530215263 0.00047355040442198515 -0.013729331083595753 0.029218535870313644 0.0030459060799330473 0.03703852742910385 0.03224637359380722 0.04528651759028435 -0.007940234616398811 0.055136870592832565 0.050046831369400024 0.038027625530958176 0.08684387803077698 -0.010194077156484127 0.02900817058980465 0.055127743631601334 0.007883847691118717 0.04920282959938049 0.04145849868655205 -5.152022640686482e-05 0.054093923419713974 -0.030401619151234627 0.028834030032157898 0.07408101856708527 0.0200590118765831 0.05421742424368858 0.03974006325006485 -0.014341402798891068 0.014213088899850845 0.06073366478085518 0.019304513931274414 0.07015521824359894 0.0415702648460865 0.011632010340690613 0.021238408982753754 0.07315930724143982 0.013222048059105873 0.07459628582000732 0.016295939683914185 -0.04543349891901016 0.06581873446702957 0.04311760887503624 0.0040268441662192345 0.040987059473991394 -0.0047844634391367435 0.05803859978914261 -0.016626162454485893 0.020095812156796455 0.010915803723037243 0.07766883075237274 0.0010195623617619276 0.04533493518829346 0.002868454670533538 0.0345645509660244 0.07153185456991196 -0.009970927610993385 -0.029085271060466766 0.056705255061388016 -0.0030827040318399668 0.07251367717981339 0.0021751089952886105 0.05417240411043167 -0.02152041159570217 -0.0035238901618868113 -0.018048465251922607 0.030429959297180176 0.016642414033412933 0.03693322092294693 -0.007568333297967911 0.05695051699876785 0.017305739223957062 0.05840938538312912 0.02411172166466713 0.07017110288143158 0.005072415340691805 -0.009290177375078201 0.06567047536373138 0.04870636388659477 0.02067364566028118 0.04779048264026642 0.015808869153261185 0.0530034601688385 0.02923874370753765 0.00171569362282753 0.027624139562249184 -0.01639333926141262 0.03333243355154991 -0.008282502181828022 0.006223519332706928 -0.0029365813825279474 0.0357743464410305 0.0234354380518198 0.033132538199424744 0.007128811441361904 0.008865730836987495 0.0230886097997427 0.008564239367842674 0.07766066491603851 0.017271440476179123 0.05488883703947067 0.008008329197764397 0.022764476016163826 0.04582175984978676 -0.03836934641003609 0.032357264310121536 0.01286735013127327 0.03427142649888992 -0.02880115620791912 0.07159439474344254 0.08461982011795044 0.05743284896016121 0.042263202369213104 0.05058792605996132 0.05550910905003548 0.002982470439746976 0.04125986248254776 0.045125942677259445 0.009630111977458 0.05770866572856903 0.002045911271125078 -0.003232961520552635 0.044263724237680435 0.0177807305008173 -0.000354680756572634 0.0009191694553010166 0.03988368809223175 0.06980960071086884 0.02696213312447071 -0.026194142177700996 0.03335776552557945 -0.003685479983687401 0.035671133548021317 0.046723056584596634 0.00256086653098464 0.02976839989423752 0.028289958834648132 0.02683847025036812 0.06951000541448593 0.00883881002664566 -0.02466609701514244 -0.037220411002635956 -0.03367450833320618 0.006922102998942137 -0.006522551644593477 -0.013619616627693176 -0.052767083048820496 0.01192503608763218 -0.01780634932219982 -0.015081750229001045 -0.07482866942882538 -0.026157500222325325 -0.048468515276908875 0.018110651522874832 0.01990264095366001 -0.046068742871284485 -0.07483399659395218 -0.03953731060028076 0.021624881774187088 -0.02796747535467148 0.0054657249711453915 -0.0482185073196888 0.022115733474493027 -0.03749175742268562 -0.01951327733695507 0.0036034451331943274 0.048757098615169525 -0.041603755205869675 0.026674004271626472 0.02870199829339981 0.036783576011657715 0.026704709976911545 -0.06682852655649185 -0.07176811248064041 0.006118132267147303 0.0024842368438839912 -0.006804193835705519 -0.015830883756279945 0.025048401206731796 0.028500059619545937 -0.025376442819833755 0.02456205151975155 0.006755731999874115 0.007402726914733648 0.0008007482392713428 -0.03734628111124039 -0.025934653356671333 0.001632557949051261 0.01871834695339203 0.009752067737281322 0.0011742027709260583 0.011542942374944687 -0.049988772720098495 0.040659043937921524 0.017443235963582993 -0.051776137202978134 0.02181616798043251 0.03928897902369499 -0.04300464689731598 -0.0009393435320816934 -0.010166951455175877 -0.04250102862715721 0.03111317940056324 0.020914770662784576 -0.0054383352398872375 9.065835183719173e-05 -0.01703755371272564 -0.0038593329954892397 -0.004340293351560831 0.0006697761709801853 -0.016047349199652672 0.004802580922842026 -0.001067605335265398 0.002756647765636444 -0.005779684986919165 -0.004522343631833792 0.011504611000418663 -0.006404179614037275 -0.008735868148505688 0.007766672410070896 0.0007553263567388058 -0.0140002416446805 -0.018043693155050278 0.00919618085026741 0.00845877081155777 -0.0038801892660558224 0.0143768060952425 -0.014226648956537247 0.0027028978802263737 0.0037796241231262684 0.010915104299783707 -0.0032206003088504076 0.00023459680960513651 -0.022662615403532982 0.012366889975965023 -0.0017702364129945636 -0.022633986547589302 -0.006409137509763241 -0.0128395464271307 0.005242234095931053 -0.016355911269783974 -0.007202444598078728 -0.0029551824554800987 -0.004290740005671978 0.013616968877613544 0.013073626905679703 -0.003520896192640066 -0.008016114123165607 -0.001421553548425436 -0.015636997297406197 -0.004166528582572937 0.011550274677574635 0.0072865914553403854 -0.002109743654727936 -0.01180739514529705 -0.011525833047926426 -0.00021494114480447024 -0.005806594155728817 -0.0068384744226932526 -0.01276117842644453 -0.005474981386214495 0.021849974989891052 -0.01332279946655035 -0.010560953989624977 -0.010847141966223717 -0.00011825318506453186 -0.003833651775494218 -0.014718491584062576 0.013404719531536102 -0.022149356082081795 0.01742502488195896 -0.012430598959326744 -0.006268669851124287 -0.003378116525709629 0.0112017672508955 -0.002825911622494459 0.007847089320421219 0.016520127654075623 0.01614590547978878 -0.013903594575822353 0.004039820283651352 -0.0008108555339276791 -0.0036503360606729984 0.004471089690923691 -0.0019158207578584552 0.00020261861209291965 -0.028936093673110008 0.020146014168858528 -0.010331504046916962 -0.011191082186996937 -0.024294236674904823 -0.0322018563747406 0.03105788305401802 -0.00014225604536477476 -0.012036058120429516 -0.0021739958319813013 -0.010862880386412144 0.023045649752020836 0.02736363559961319 -0.013354718685150146 -0.009902353398501873 -0.007377594243735075 -0.012211458757519722 0.00927842315286398 0.01714847795665264 -0.017442073673009872 -0.003372775623574853 0.026947222650051117 0.0021486126352101564 0.0073320441879332066 -0.006357663311064243 -0.012907634489238262 -0.000825784052722156 -0.015702923759818077 -0.007396515924483538 0.00026813335716724396 -0.0197063609957695 -0.007499412167817354 0.0009369561448693275 -0.0039935787208378315 -0.022900743409991264 -0.008390693925321102 -0.019916556775569916 0.007414610590785742 -0.0059082601219415665 -0.0109556308016181 -0.01785586029291153 0.009105611592531204 -0.007603863254189491 0.019520172849297523 -0.004730165470391512 0.0204925574362278 0.0005921631818637252 -0.0006139496108517051 0.0286874882876873 0.0019815454725176096 0.02225347049534321 -0.0035883928649127483 0.007500270381569862 0.014033548533916473 0.0007019595359452069 0.012821391224861145 0.021078335121273994 0.0050253672525286674 0.011638518422842026 -0.0002685390063561499 0.015922371298074722 -0.004830250050872564 -0.0027301714289933443 -0.0017196179833263159 0.025867460295557976 0.017980201169848442 0.027346493676304817 -0.005437331274151802 0.03944757953286171 0.02167656272649765 0.014850798062980175 0.028666911646723747 0.011542712338268757 0.005168534815311432 -0.020954454317688942 0.015307994559407234 0.00765145244076848 0.017198292538523674 -0.009271317161619663 0.005788043141365051 0.024397393688559532 0.014714774675667286 0.00741223618388176 0.0034571350552141666 0.001490386901423335 -0.006528220605105162 -0.0019708324689418077 0.01519211195409298 0.01808740943670273 0.004772374872118235 -0.00015689319116063416 -0.0049687884747982025 0.0035629647318273783 0.01740245521068573 0.01244588103145361 0.0003332872875034809 0.02613048627972603 0.011593634262681007 0.015386253595352173 -0.008449549786746502 0.019433122128248215 -0.002182712545618415 0.013546998612582684 0.008439972996711731 0.015528535470366478 0.0045018792152404785 0.02356433868408203 -0.007564692758023739 0.016113318502902985 0.018529284745454788 0.0011232015676796436 0.05611475557088852 0.0298466756939888 0.020530011504888535 0.02428434230387211 0.0013416326837614179 0.06308012455701828 0.03277834132313728 0.0003609855193644762 0.0207337848842144 0.030254701152443886 0.01931876875460148 0.021927382797002792 0.0038915961049497128 0.008748389780521393 0.012967744842171669 -0.013238824903964996 0.06061200425028801 0.05046432092785835 -0.0006193648441694677 0.056466806679964066 -0.015183470211923122 -0.0019022711785510182 0.029536304995417595 -0.015942426398396492 0.05797075107693672 0.04341002553701401 0.023829063400626183 -0.016762390732765198 0.028152430430054665 0.013256714679300785 0.012804064899682999 -0.012590755708515644 0.029722223058342934 0.0404486209154129 0.01645660772919655 0.031285420060157776 0.04296361282467842 0.04665049910545349 0.02399662882089615 0.027817316353321075 0.05211150273680687 0.028575006872415543 0.001111517776735127 -0.001878294046036899 0.00011482876288937405 0.023079456761479378 0.016034074127674103 0.06713477522134781 0.006677227560430765 0.013123269192874432 0.016130775213241577 0.00523716676980257 0.017604775726795197 0.020422400906682014 -5.618516297545284e-05 0.005410815589129925 0.004886949434876442 0.02456069551408291 0.058568909764289856 0.024210629984736443 0.05652132257819176 0.03181973844766617 -7.1612466854276136e-06 -3.6225964095137897e-07 -2.340644641662948e-06 -1.4129213923297357e-05 -1.1788232541221078e-06 -4.273062472748279e-07 -2.5286713167815833e-08 2.436099975966499e-06 -9.036982362431445e-08 -1.073884874358555e-07 -3.4102467338925635e-07 -3.7502047689486062e-06 -1.0253241953250836e-06 -5.680215053871507e-07 5.733002961250122e-09 -1.0984803111568908e-07 -1.8796629319695057e-06 -3.837767962977523e-06 -4.8737815632193815e-06 -1.735001433189609e-06 -1.3494556014848058e-06 -3.803497065746342e-06 7.203714176284848e-06 9.455182407691609e-06 -6.033512363501359e-06 3.9738726627547294e-05 4.610689074979746e-07 9.747563126438763e-06 1.3792148365610046e-06 -3.171852313244017e-06 -9.036251867655665e-06 -4.271468299066328e-07 -1.6242041738223634e-06 -9.002707884064876e-06 -1.1772935977205634e-06 1.3501914509106427e-05 1.6229574612225406e-05 -2.8452030164771713e-05 -4.4712265889756964e-07 -9.030933370013372e-07 -6.855842116237909e-07 1.8170943803852424e-05 -8.915918101592979e-07 -2.5366727641085163e-05 1.1984686807409162e-06 -5.112778533877815e-10 5.254472489468753e-05 -2.4205548925237963e-06 -2.147327450074954e-06 2.2429567252402194e-06 -5.577196038331067e-09 -6.011622986079601e-07 -8.173130368049897e-07 8.768694897298701e-06 -5.061613592260983e-06 -1.7862879758467898e-05 8.375039215025026e-06 -1.4632298039884972e-08 -4.985433861293131e-07 -4.200149305688683e-06 3.5536118048185017e-07 -9.434022985033153e-08 -4.360110324341804e-06 -2.514441121093114e-06 -4.0024503956267785e-20 -3.619716921444185e-26 -1.5068315908586425e-15 -5.096980952035773e-19 2.417277069447522e-37 6.3982475967513854e-15 -3.312599504740651e-39 -4.8075353389777744e-17 -2.4324751942253154e-22 -1.9603429521924985e-22 -2.9195521038049383e-16 8.139529938944179e-09 -1.9424820909760832e-13 -2.6831518608263396e-19 4.3158787584525046e-39 1.588179000604055e-17 -5.387841490999441e-24 -2.819269929826531e-26 -6.899784275150129e-16 -4.706341288842426e-18 -9.70110722764295e-23 7.35406874285971e-11 -1.0516067973304256e-19 -4.367480769401633e-12 -1.7524228596021985e-12 1.212603155805955e-15 -1.3862382809676575e-18 -4.032542213015207e-17 1.1873763652698343e-31 -2.3470524918020262e-24 -1.9302977619095607e-11 -1.515674667091497e-29 -6.007790868686407e-18 -3.7397359595158495e-16 -8.197553963765203e-13 1.789754677164327e-16 -7.671430682121047e-20 1.0938115393550558e-20 -6.566597849676645e-20 1.7432572746445274e-11 -1.2305641802854567e-13 -1.0744263280720173e-13 -3.0177017818702344e-16 -2.0405125825162667e-23 -9.674584801016412e-16 -1.4626920405399388e-37 7.298982364173659e-26 2.751502408764707e-21 -6.880096927678463e-24 -1.0913493687318004e-13 6.139927949987154e-39 1.6178279202416768e-11 4.864999360935627e-21 -3.9341001172579595e-25 -2.4478143236640576e-19 -6.38215695569766e-12 -2.7001325836397392e-39 2.1898612480655832e-13 8.132729125659444e-37 3.7369289884736645e-09 1.1765069474201084e-10 3.714099540738998e-40 5.911191132933202e-13 9.175972292109827e-15 -0.002133607631549239 0.0237384345382452 -0.004624186549335718 0.03812037780880928 0.009566969238221645 0.014938222244381905 -0.0025562215596437454 0.026273192837834358 0.010022701695561409 0.0046973079442977905 0.02441454492509365 0.01009407639503479 0.012224547564983368 0.009160509333014488 -0.0007212050259113312 0.02242952212691307 0.008685474283993244 0.016923043876886368 -0.002159188035875559 0.008632756769657135 0.01722125895321369 0.016804520040750504 0.010846077464520931 0.03256792202591896 0.011095267720520496 0.007748745381832123 0.028803715482354164 0.004569488111883402 0.01179037056863308 -0.02587106265127659 0.04198427125811577 0.005689110141247511 0.017473652958869934 -0.013880441896617413 0.03704354912042618 0.05245621129870415 0.004883794579654932 0.02502337656915188 0.012027619406580925 0.023409023880958557 0.002559217158704996 0.014640220440924168 0.020829632878303528 0.025596823543310165 0.03119431436061859 -0.0001430434494977817 0.010977559722959995 0.005678872112184763 0.013622927479445934 0.037465281784534454 0.0003120668698102236 -0.001653153682127595 0.034864239394664764 0.004570488352328539 -0.006693296600133181 0.032412439584732056 0.00016382233297917992 0.010973962023854256 0.00784514844417572 0.03841158747673035 0.023492343723773956 0.03171076625585556 0.008699300698935986 0.03797217458486557 -0.0033177717123180628 0.004598661325871944 0.0033714747987687588 -0.0043416679836809635 0.0019143384415656328 0.005377815105021 -0.001727880910038948 -0.0016546910628676414 0.003871828317642212 0.00366851850412786 -0.004653122276067734 -0.0019747773185372353 -0.001367985038086772 -0.003993434365838766 -0.00033284586970694363 0.006851756013929844 -0.00045373343164101243 -0.004867099691182375 0.007805761881172657 -0.0010677991667762399 -0.002038895385339856 5.028455416322686e-05 0.0025961045175790787 -0.0010965352412313223 -0.00028509669937193394 0.005926026962697506 -0.002502877963706851 0.0003303714911453426 -0.007243625354021788 0.0015667742118239403 -0.0028385999612510204 -0.000356933509465307 -0.0035233921371400356 -0.0004093759343959391 -0.003257455537095666 0.0012172474525868893 0.004392371978610754 -0.004691411275416613 -0.000650231319013983 -0.003636330133304 0.002324448199942708 0.005471931770443916 0.0037993656005710363 0.0010054357117041945 0.01178804598748684 -0.00016633288760203868 0.001158931409008801 0.0015907486667856574 0.00029418288613669574 -0.005130264442414045 -0.00021816944354213774 -0.0002652795519679785 -0.0022531941067427397 0.0061147683300077915 0.004052886739373207 0.0039033046923577785 -0.0006000232533551753 -0.0011002669343724847 0.0001826269581215456 0.004334962461143732 0.003023555502295494 -0.0037181228399276733 -0.003336338559165597 -0.005903407000005245 -0.004655800759792328 0.002919608261436224 0.0035477112978696823 0.017145244404673576 0.005266789346933365 0.007073667831718922 -0.0030341593082994223 0.007274612318724394 0.016540180891752243 0.002439694944769144 0.019561484456062317 0.008757449686527252 0.04258190467953682 0.029797904193401337 -0.0008239650633186102 0.00043420837027952075 -0.004575914237648249 -0.0017099829856306314 0.03540569171309471 0.022590063512325287 0.0038987051229923964 0.007026794366538525 0.006369473412632942 0.03739366680383682 0.012121359817683697 0.016931166872382164 0.01694367453455925 0.011752160266041756 0.021580493077635765 -0.022349482402205467 -0.00015344562416430563 0.007745802868157625 0.02864687889814377 0.008160091005265713 0.026505129411816597 0.03287516161799431 0.012046040035784245 0.02483578957617283 0.015199849382042885 0.006894910242408514 0.006718670018017292 0.019397487863898277 0.006656903773546219 0.0013697616523131728 0.0073865726590156555 -8.946240996010602e-05 0.00787321012467146 0.034634657204151154 0.0027853951323777437 0.018745725974440575 0.0006247875280678272 0.0018195235170423985 0.014354613609611988 0.013177964836359024 -0.0028338616248220205 0.02440306358039379 -0.0007037856848910451 0.01547564473003149 0.015168010257184505 0.009023064747452736 0.010939097963273525 0.03167525306344032 0.004814718849956989 0.01276844646781683 0.05379966273903847 -0.016841666772961617 0.040349651128053665 0.0041692620143294334 0.01850474439561367 0.011707751080393791 -0.015112870372831821 0.009156256914138794 0.0014257553266361356 -0.021756239235401154 0.022396670654416084 -0.016365861520171165 0.051207058131694794 0.07048735022544861 -0.005198357161134481 0.05807202309370041 0.029432207345962524 0.07621880620718002 0.026933666318655014 0.052976761013269424 0.0015408851904794574 0.019145941361784935 0.07358712702989578 0.10122046619653702 0.04905429482460022 0.11951255053281784 0.07097652554512024 0.005249740555882454 0.016268938779830933 -0.04968520998954773 0.08347880095243454 -0.0034932673443108797 0.07513336837291718 -0.03997793421149254 0.07815618067979813 0.0708456039428711 -0.0010331093799322844 0.05704568326473236 0.05541772022843361 0.10042782872915268 0.06076947599649429 0.07536203414201736 0.040384165942668915 -0.0060343556106090546 0.004868335090577602 0.01234105322510004 0.013800151646137238 0.06076616048812866 0.07660119235515594 0.03249329701066017 0.0032299133017659187 -0.027065495029091835 0.09186825156211853 0.010458800010383129 -0.03453385829925537 0.013117368333041668 0.06828209012746811 0.040340349078178406 0.00984987709671259 0.08358847349882126 0.07916241139173508 0.027028420940041542 0.09711731970310211 -0.012973631732165813 -0.018031328916549683 0.028291529044508934 0.042391832917928696 -0.0015336141223087907 0.014490065164864063 0.03918116167187691 0.000799222500063479 0.014845524914562702 0.0321802981197834 -0.005834559909999371 0.051274895668029785 0.01540580578148365 0.046824391931295395 0.027186771854758263 0.005751189310103655 0.038330066949129105 -0.014215407893061638 0.003866300918161869 0.01687782257795334 0.0621614083647728 0.0016739637358114123 0.05101923272013664 -0.009078167378902435 0.011497667990624905 0.043520696461200714 0.04824808984994888 0.06468353420495987 0.04469216242432594 0.04443497583270073 -0.026391303166747093 -0.016691789031028748 0.0048753987066447735 0.04160770773887634 -0.013048714958131313 0.06429243832826614 0.017453206703066826 0.033698808401823044 0.06340468674898148 -0.015197989530861378 0.026816342025995255 -0.017401136457920074 -0.010997642762959003 0.04939582943916321 0.022023946046829224 -0.0021041803993284702 0.005838846322149038 0.02863129787147045 0.04590119048953056 0.030521627515554428 -0.0006147457752376795 0.003434919286519289 0.002235330641269684 -0.005702953319996595 -0.0016433671116828918 -0.011758510023355484 0.047180209308862686 0.016428671777248383 0.02642926014959812 0.006960625294595957 0.043235037475824356 0.043167054653167725 0.028286892920732498 0.032392580062150955 0.05897350609302521 0.0928230807185173 0.03898388147354126 0.05366973578929901 0.08429902791976929 0.0499272346496582 -0.02080521360039711 0.0004591572505887598 0.04546215385198593 0.035607729107141495 0.06818526238203049 0.10083749890327454 -0.0493486188352108 0.09085864573717117 0.1042117029428482 -0.01793302595615387 -0.010080495849251747 0.07734613120555878 0.02988172322511673 0.10853248089551926 0.0643056333065033 -0.022134635597467422 0.05097131431102753 0.09589212387800217 0.10028711706399918 0.011126184836030006 0.07480347156524658 0.01822768896818161 0.012338705360889435 0.06591516733169556 -0.05318459868431091 -0.026389818638563156 0.0855751559138298 0.04617096856236458 0.03836455196142197 0.016895128414034843 0.0892556682229042 0.04841810092329979 0.05338992923498154 0.022652223706245422 0.018399665132164955 0.10092374682426453 0.1067846417427063 0.09265915304422379 -0.017930690199136734 0.022119134664535522 0.020030125975608826 -0.0057091787457466125 0.07100408524274826 -0.009830355644226074 0.08235569298267365 -0.029941145330667496 0.04162704572081566 0.09664411097764969 -0.02375243976712227 0.05398433655500412 0.08588755130767822 -0.041017405688762665 -0.012337042950093746 0.06327127665281296 0.0839148685336113 0.0937531441450119 0.0903027206659317 0.06770651042461395 0.05958278477191925 0.0003541769692674279 0.0009798248065635562 -0.0007180580869317055 0.0030075879767537117 -0.00017635112453717738 0.0006488045328296721 -1.867580067482777e-05 -0.000396319548599422 -0.0007513082236982882 0.0006649536080658436 0.003372267121449113 0.002081501530483365 0.0018838149262592196 0.0024412423372268677 1.3578676771430764e-05 2.7507981940289028e-05 0.0001974951446754858 -0.00041023470112122595 -0.000494232343044132 0.00028605578700080514 -0.0015266402624547482 -0.0022217610385268927 -0.0005277494201436639 0.0001009111074381508 -0.002465077443048358 -0.0006427634507417679 -0.0004517574852798134 0.0014682796318084002 0.0005557459080591798 -0.00011214007827220485 -0.0007530693546868861 0.0015033477684482932 0.0019285989692434669 -0.000998982461169362 8.982642611954361e-05 0.000905541586689651 -0.0022734610829502344 -0.002136372262611985 0.003102418966591358 -4.5468877942766994e-05 0.001288417261093855 -0.0009196002501994371 0.002097075805068016 -0.0010133561445400119 0.0009009368950501084 4.977909702574834e-05 3.1642086923966417e-06 0.0009206332615576684 -0.00028010725509375334 0.0013736451510339975 -8.233220432884991e-05 0.002600205596536398 -3.457298589637503e-05 0.00017887321882881224 0.0028890043031424284 -0.0012492050882428885 -0.00033144099870696664 -6.668852438451722e-05 -0.0008123403531499207 0.00444767577573657 0.0005552783841267228 5.596093978965655e-05 0.006935192737728357 -0.0005750719574280083 0.002306829672306776 -0.00016208078886847943 0.0017977759707719088 0.0030872176866978407 -0.005733186844736338 -0.006213051732629538 0.004262859467417002 0.007002680096775293 0.001012380700558424 -0.004333112854510546 -0.009001174010336399 -0.02046341262757778 -0.01638180948793888 -0.01154368557035923 -0.00020198624406475574 0.018345976248383522 0.01769748330116272 -0.010043512098491192 0.01556419301778078 0.019221829250454903 0.007277642842382193 0.01289666909724474 -0.0015851057833060622 0.032438308000564575 0.005032877437770367 0.008816580288112164 0.007209536153823137 0.023313185200095177 -0.012098066508769989 -0.0037251801695674658 -0.003738786792382598 -0.00774142611771822 0.01672551967203617 0.0267170500010252 -0.0036428209859877825 0.008932536467909813 -0.007969255559146404 0.0082353875041008 0.023365264758467674 -0.003620812203735113 0.02108524553477764 -0.007459528278559446 0.021549295634031296 -0.010054339654743671 0.0036131322849541903 0.0013514677993953228 -0.021844521164894104 -0.0030005075968801975 -0.004632452968508005 -0.0026755959261208773 -0.0012044728500768542 -0.001883672084659338 0.00020306213991716504 -0.008152668364346027 0.022277865558862686 -0.015380107797682285 -0.00967975053936243 -0.004362442996352911 -0.008165317587554455 -0.021794678643345833 -0.0032607968896627426 0.009235980920493603 0.024187086150050163 -0.0011207148199900985 0.0029787947423756123 -0.010646720416843891 0.007670610677450895 0.016278525814414024 -0.006123135797679424 0.0009067259379662573 -0.00292391749098897 -0.005710882134735584 -0.005195599514991045 -0.0036210406105965376 -0.0010019643232226372 -0.007022058591246605 -0.005179991479963064 -0.004919593688100576 0.0026593615766614676 -0.007056135218590498 0.019054481759667397 -0.0053858160972595215 -0.008025425486266613 -0.0016634160419926047 0.009657802991569042 -0.004851451609283686 0.0014138933038339019 -0.0005888581508770585 -0.0031568114645779133 -0.009951058775186539 -0.008375206962227821 -0.01056043803691864 -0.005282442085444927 -0.012407568283379078 0.009414765983819962 -0.0017105555161833763 0.0003842652658931911 0.0055567361414432526 0.010636547580361366 0.0053106630221009254 0.0008100143750198185 0.017358191311359406 -0.009066116064786911 0.0018377844244241714 -0.004144481383264065 -0.012058819644153118 0.010800431482493877 -0.006864090450108051 -0.007012961897999048 0.007134177256375551 -0.015156589448451996 -0.0004750390362460166 0.00453962292522192 0.001253188936971128 -0.0022333445958793163 -0.01242293044924736 -0.007450031582266092 -0.006005237344652414 0.0033496578689664602 -0.016583368182182312 0.01161863747984171 -0.0007288077031262219 -0.006777698174118996 0.017896709963679314 -0.0034999039489775896 -0.001291349995881319 -0.00899698119610548 -0.00367782567627728 0.010372876189649105 -0.04169970005750656 -0.012942121364176273 -0.03177525848150253 -0.011794967576861382 -0.00902724452316761 -0.01573808304965496 -0.016071144491434097 -0.03820151835680008 -0.02742755226790905 -0.02967112697660923 0.03374423086643219 -0.037399157881736755 -0.012609277851879597 -0.002206886652857065 0.0019739423878490925 -0.00500240083783865 0.022887226194143295 -0.046376388520002365 -0.032008226960897446 0.020408770069479942 0.00713386433199048 -0.03969380259513855 -0.027206236496567726 0.016315551474690437 -0.048721618950366974 -0.018203621730208397 -0.02298741601407528 -0.0009311849717050791 -4.8516203605686314e-06 -0.024446500465273857 -0.02563479356467724 -0.01825219951570034 0.00582090811803937 -0.03580677881836891 -0.030046219006180763 -0.001772320014424622 -0.01121528260409832 0.010375416837632656 -0.04155528172850609 -0.020403863862156868 -0.0013170004822313786 0.02388598956167698 0.020490460097789764 -0.04895127937197685 -0.010988056659698486 -0.016343992203474045 -0.010182209312915802 -0.010789873078465462 0.015300796367228031 0.0007313984679058194 -0.04055025056004524 -0.021487616002559662 0.030535299330949783 0.003119219094514847 -0.013885783962905407 -0.025189632549881935 -0.016051238402724266 -0.01667194254696369 -0.014222191646695137 -0.03343329578638077 0.007724975701421499 0.03836484253406525 0.00475300382822752 0.0006931491079740226 0.00568854995071888 0.029155747964978218 0.03907635807991028 0.0024351151660084724 0.009776121005415916 -0.0008101089624688029 0.037137214094400406 0.03422994539141655 0.007950037717819214 0.013615875504910946 0.0275498665869236 0.046741582453250885 0.04044477641582489 0.0010169155430048704 0.002925450913608074 0.027307935059070587 0.02199729159474373 -0.002656045136973262 0.001134886173531413 0.02328122965991497 0.03301510214805603 0.033211562782526016 0.01387083064764738 0.06743644177913666 0.05832529067993164 0.00976635329425335 0.033319659531116486 0.00798206590116024 -0.025254040956497192 0.03735949471592903 0.018201055005192757 0.019747162237763405 -0.019341809675097466 0.013082152232527733 0.022741297259926796 0.03286908566951752 0.029385879635810852 0.026770615950226784 0.044854242354631424 -0.0037332072388380766 0.010406281799077988 0.02560747042298317 -0.0007321804878301919 0.006449634209275246 -0.0004160688549745828 0.028441211208701134 0.015007467940449715 0.023207709193229675 0.024458162486553192 -0.0009131645783782005 -0.0009651425061747432 0.004252275452017784 -0.003144452814012766 -0.011369552463293076 0.029652977362275124 0.019713949412107468 0.013266579248011112 0.010234510526061058 0.0488160140812397 0.004687041509896517 0.03030550852417946 0.026421168819069862 0.046849239617586136 -0.02888788841664791 -0.011942597106099129 0.07813858985900879 -0.02932150661945343 -0.0008722952334210277 0.001832156558521092 0.021663421764969826 -0.014430326409637928 0.09748184680938721 0.00513652665540576 0.017130378633737564 0.06248857080936432 0.030186450108885765 0.10345882177352905 -0.004882256966084242 -0.023973587900400162 -0.019170785322785378 0.04719984903931618 -0.03250892832875252 -0.000991127802990377 0.08938940614461899 0.09810090810060501 0.04571068286895752 0.07793792337179184 0.12393370270729065 -0.010096215642988682 0.055148132145404816 -0.02238144725561142 0.05990172177553177 -0.0009395011584274471 0.03198078274726868 -0.024668598547577858 0.06391623616218567 0.018108179792761803 0.05780092254281044 0.06642279028892517 0.06480291485786438 0.015467162244021893 -0.025538381189107895 0.08582398295402527 -0.005005073733627796 0.03366050124168396 0.038316771388053894 0.022794634103775024 0.08625488728284836 -0.002590155228972435 0.10821114480495453 -0.02202484756708145 -0.0004930052673444152 -0.0095285065472126 0.04898889735341072 0.0628218948841095 0.1082318052649498 -0.01568468101322651 0.022836286574602127 0.058387640863657 0.053822111338377 0.060210682451725006 0.011608874425292015 0.04108136519789696 -0.014166058041155338 0.035653404891490936 0.09918421506881714 0.03807500749826431 0.10869372636079788 0.10928250104188919 0.08863111585378647 0.12563246488571167 -0.01535959355533123 0.061610784381628036 0.021083831787109375 -0.0022069646511226892 0.024925585836172104 0.05555502325296402 -0.006998317316174507 0.04021436721086502 0.08218726515769958 0.01398919802159071 -0.01822310872375965 0.05492038279771805 -0.002282119123265147 0.04989601671695709 0.020715929567813873 0.06437762081623077 0.018922340124845505 -0.0010432340204715729 -0.028874456882476807 0.09774560481309891 0.09866391867399216 0.08877556771039963 0.1108534038066864 0.05316244065761566 0.08481346070766449 -0.0287272147834301 0.07623622566461563 -0.02501046471297741 0.07523724436759949 0.06267854571342468 -0.022133279591798782 0.03413514047861099 -0.012675135396420956 -0.015915077179670334 -0.02410346083343029 0.04687395691871643 -0.03334005922079086 0.12274228781461716 -0.0033557331189513206 0.02001098543405533 0.03159908577799797 0.016946900635957718 0.07074539363384247 0.1292104870080948 0.1100984588265419 0.13431449234485626 0.023305712267756462 -0.03738042339682579 0.1265467256307602 -0.006695942487567663 -0.03348914906382561 -0.005136899184435606 -0.021372094750404358 0.028265994042158127 0.07653854787349701 0.0014792639994993806 0.05972571298480034 0.06999204307794571 0.08785012364387512 0.05248340219259262 0.004316969774663448 -0.00039263651706278324 -0.008475362323224545 -0.008890745230019093 -0.0015944738406687975 0.0023275313433259726 -0.0009021591977216303 0.0008007309515960515 0.009189050644636154 -0.0026623487938195467 -0.0008434813935309649 0.01587190292775631 0.00046317768283188343 0.013315912336111069 0.0027528645005077124 -0.004885523580014706 -0.004993807524442673 -0.011574314907193184 0.006014357320964336 0.0016996072372421622 3.752268457901664e-05 -0.00510316202417016 -0.007808785419911146 0.00936648529022932 -0.0076882787980139256 -0.009849542751908302 -0.0025295503437519073 -0.010428940877318382 -0.003355381777510047 -0.005924479570239782 -0.0048634144477546215 -0.009064665995538235 -0.0017349865520372987 0.005593894049525261 0.00600428506731987 0.005011335946619511 0.0052896589040756226 0.011132990010082722 -0.007140406407415867 -0.0031519036274403334 -0.004297995939850807 0.0029993257485330105 0.0024295200128108263 0.021277165040373802 -0.009759574197232723 -0.004036095459014177 0.015931056812405586 -0.008662962354719639 -0.0032735811546444893 -0.005132758524268866 -0.0012116082943975925 -0.007586722262203693 0.006248027086257935 -0.00569939985871315 0.0007298642885871232 0.015148952603340149 -0.005281050689518452 0.007901450619101524 0.0044990903697907925 -0.010493462905287743 -0.004279559478163719 -0.00039211654802784324 -0.006912380922585726 -0.0026368347462266684 -0.045102301985025406 0.01533912681043148 0.06630181521177292 0.00797715038061142 0.05457201227545738 0.0228434968739748 -0.005225480068475008 0.012332828715443611 0.010881491005420685 -0.020466500893235207 0.010750582441687584 0.08672169595956802 0.06804725527763367 0.0635489970445633 0.050829485058784485 -0.02761390432715416 0.009668788872659206 0.03241632506251335 0.010527128353714943 -0.021092869341373444 0.04157821834087372 0.10075873881578445 0.07551444321870804 0.08523903787136078 0.01978696882724762 0.07215873152017593 0.031320665031671524 0.04359794408082962 -0.01834253966808319 -0.036698225885629654 0.07618440687656403 0.07152892649173737 0.06200040876865387 0.0875517725944519 0.08479773998260498 0.10763860493898392 0.09923543781042099 0.07263871282339096 0.013601652346551418 0.084970623254776 0.07367179542779922 0.052656520158052444 0.04667293652892113 0.06311453878879547 0.05866080895066261 -0.010938762687146664 -0.03915087506175041 0.0829138234257698 -0.034307435154914856 0.0405082032084465 -0.0015057851560413837 -0.02164473943412304 0.07060115784406662 0.016953034326434135 0.08238019049167633 0.014812830835580826 -0.028443973511457443 -0.018623653799295425 0.01853902079164982 0.04487992450594902 0.07923689484596252 0.06873632967472076 -0.003307982813566923 0.09689961373806 -5.510769369720947e-06 1.3097211194690317e-05 -9.483434951107483e-06 -1.4767145330552012e-05 -2.2283943224010727e-07 -1.9030836710953736e-06 -1.0176602671663204e-08 5.726208655687515e-06 1.7225754618266365e-06 -4.155083104251389e-07 -7.617602477694163e-07 -3.873112291330472e-06 -5.8209193412039895e-06 -1.1121375109723886e-06 -2.368128804164371e-09 4.1699672692629974e-07 2.207835132139735e-05 -4.004663878731662e-06 -2.1088228095322847e-05 -3.367217004779377e-06 8.070001058513299e-07 3.845116680167848e-06 2.815002062561689e-06 -3.7926326967863133e-06 4.858675674768165e-05 -1.158908344223164e-05 3.133999780402519e-05 -4.41690644947812e-06 5.789661372546107e-06 -2.169766730730771e-06 2.0232811948517337e-05 -2.134524265784421e-06 -1.3221934750617947e-05 0.00016495928866788745 6.144137296359986e-05 2.3654312826693058e-05 0.00011184858158230782 0.0001782199105946347 -3.552312648480438e-07 6.163147190818563e-05 6.455256880144589e-06 -1.073413932317635e-05 8.584107490605675e-06 2.1279527572914958e-05 -3.7044410419184715e-06 -1.630060069146566e-07 -1.1830025869130623e-05 -1.3679822359335958e-06 -1.024657535708684e-06 -3.878493316733511e-06 7.709965757385362e-06 -1.9953968148911372e-05 4.101686386093206e-07 -1.4754123185412027e-06 -1.207445893669501e-05 -3.971346814068966e-06 -1.986254119401565e-06 7.030056963230891e-07 -8.095992711787403e-07 3.6622604966396466e-06 -1.1613941524046822e-06 -6.879891856215181e-08 -1.9153672838001512e-05 -3.334595817250374e-07 -0.006105674430727959 0.014819223433732986 0.017606185749173164 0.020208267495036125 0.004628841765224934 0.013886043801903725 -0.00388136669062078 0.010457362048327923 0.011367186903953552 0.005291158799082041 0.01748128980398178 -0.001939377747476101 0.022542880848050117 0.01319142896682024 -0.0009793394710868597 0.008876406587660313 -0.0013893599389120936 -0.0006316729704849422 0.025262217968702316 0.012550722807645798 0.005877811927348375 0.005268399138003588 0.006319683976471424 0.027016350999474525 0.01235751248896122 0.0028361191507428885 0.017302293330430984 0.014204687438905239 0.010378803126513958 -0.02358098328113556 0.0034516213927417994 0.0058283512480556965 0.006415939889848232 -0.007193239871412516 0.02081282064318657 0.014886192977428436 0.00872689951211214 0.005835311952978373 0.005289728753268719 0.013912850990891457 0.005854244809597731 0.007248838897794485 0.022119497880339622 0.00939491018652916 0.00526620214805007 -3.7927569792373106e-05 -0.0010254160733893514 0.012462576851248741 0.008454066701233387 0.023628542199730873 0.00026180612621828914 0.011590637266635895 0.010390187613666058 0.006958831567317247 -0.004727173130959272 0.016596149653196335 0.001985396957024932 0.00845021940767765 0.012055051513016224 0.02022421360015869 0.02233346924185753 0.024264894425868988 0.014583004638552666 0.01823216862976551 -0.007994787767529488 -0.018549347296357155 -0.012544143944978714 -0.02012503892183304 -0.006064231041818857 -0.014208185486495495 -0.00477933743968606 -0.024135984480381012 -0.015921447426080704 -0.01110993791371584 -0.0053692045621573925 0.008491857908666134 -0.01712956465780735 -0.014647540636360645 0.006412888411432505 -0.016701821237802505 0.0003425976319704205 -0.014475985430181026 -0.0203192587941885 -0.019959701225161552 -0.002657389733940363 -0.0072109210304915905 -0.015440485440194607 -0.014159662649035454 -0.012650993652641773 -0.007955261506140232 -0.009279548190534115 -0.00833817943930626 -0.0032414784654974937 -0.00432853726670146 -0.022093547508120537 -0.007267656736075878 -0.003796504344791174 -0.0015314645133912563 -0.017269859090447426 -0.027936527505517006 -0.008731100708246231 -0.008190720342099667 -0.016235964372754097 -0.00582090625539422 -0.02230175957083702 0.0011533873621374369 -0.009978600777685642 -0.012197925709187984 -0.009842238388955593 -0.0005428216536529362 -0.010300655849277973 -0.018512221053242683 -0.006318769417703152 0.003240488236770034 0.0013183674309402704 -0.018182508647441864 -0.015854621306061745 -0.003397582331672311 -0.009984136559069157 -0.020992297679185867 0.002551162149757147 0.0016233331989496946 0.007835960946977139 -0.007158850785344839 -0.018317388370633125 -0.004790716338902712 -0.017990246415138245 -0.01801227778196335 -3.596539954742184e-08 3.013207017232844e-09 -2.72628085440374e-07 5.6851222325349227e-05 -4.359899594130745e-11 -5.021967000237715e-13 -1.2500050473873703e-11 -1.1322659254631162e-08 1.2360436585368006e-07 -9.830088965046002e-10 2.585844072200416e-07 -4.236531481183192e-07 4.856805730923952e-07 7.467064051525085e-07 3.789317304381257e-09 -6.230731486311925e-08 -5.438853989403469e-08 2.6535064989730017e-07 -6.701789970975369e-06 -1.1109172609602425e-10 -2.457482821682788e-07 -1.9056496967095882e-05 1.1566630746528972e-06 -4.787976308762154e-07 3.0306819098768756e-05 1.0286353244737256e-06 -2.845554902819458e-10 -4.4399136811534845e-08 3.923875283362577e-06 -8.449087651740683e-09 -3.8025721238454935e-08 -3.90496204261126e-08 -2.4877968485270685e-07 1.026414793159347e-05 -4.0831849013045485e-09 -1.1768760188601846e-08 -4.0919982779996644e-07 -5.6761965794294156e-08 3.481743533484405e-07 -5.736230690445154e-08 2.6565387543087127e-06 4.859725777350832e-06 -1.5588171031755138e-10 -5.727803227273398e-07 -1.0649080506297537e-09 5.780597689408751e-08 -4.777817377843441e-11 -1.3389979229561089e-11 -2.249700425949186e-09 2.0752850105054677e-07 -3.468454679023125e-08 1.8653238953447726e-08 -1.331618593169992e-09 2.365861291764304e-06 -9.200647355100955e-09 -4.3283384343340003e-07 -1.8440493931848323e-07 1.2424200690475118e-07 -9.673600115389647e-11 2.0984176444471814e-05 9.95340360532282e-06 1.7916692574004855e-09 1.2042786693200469e-05 -7.403115205306676e-07 -0.003818593919277191 0.035223349928855896 0.03222982957959175 0.0739101991057396 0.04211893305182457 0.04283437877893448 -0.0018615378066897392 0.07218974083662033 0.0015045718755573034 0.01401626504957676 0.006234902888536453 0.02610124833881855 0.023780910298228264 0.0715806633234024 -0.0017189164645969868 0.04519687592983246 -0.02155802771449089 0.023282848298549652 0.03432720899581909 0.07020819187164307 0.00481625460088253 -0.02070843242108822 0.0075972662307322025 0.04489593952894211 0.0050707473419606686 0.07960138469934464 0.03137718886137009 0.021874239668250084 0.015954546630382538 -0.02731400728225708 0.07885255664587021 0.02304203435778618 0.054676659405231476 -0.012425875291228294 0.0140100521966815 0.06180563569068909 -0.009877628646790981 0.05001184344291687 0.003801334649324417 0.009336325339972973 0.06246260926127434 -0.005412650760263205 0.06539096683263779 0.0053853425197303295 -0.0015830844640731812 0.0003387885808479041 0.02287336438894272 0.057662107050418854 -0.013693193905055523 -0.0010873157298192382 -0.004155272152274847 0.06342648714780807 0.024339798837900162 0.01814258098602295 0.004762453027069569 0.06746728718280792 0.032603487372398376 0.04579825699329376 -0.00041772020631469786 0.007056410424411297 0.03186023607850075 0.024713601917028427 0.033590249717235565 0.05698797106742859 -0.02182176150381565 -0.005588872358202934 -0.03821129724383354 -0.0065383086912333965 0.004822617396712303 -0.004260444547981024 0.0020216137636452913 -0.03617485612630844 -0.002422111574560404 0.007081931456923485 -0.002858400344848633 -0.0008326733368448913 -0.025470945984125137 -0.025417985394597054 0.0002971889334730804 -0.03816569969058037 0.0029299419838935137 -0.008000112138688564 -0.03713185340166092 0.01718161441385746 -0.006793292239308357 -0.017753085121512413 -0.0004552288446575403 -0.025193028151988983 0.012836250476539135 -0.02723086066544056 -0.008283809758722782 -0.008808640763163567 -0.005758987739682198 -0.013013990595936775 -0.0065750363282859325 -0.006202231626957655 0.015036427415907383 8.73188182595186e-05 -0.0432114414870739 -0.024627666920423508 0.007258322089910507 -0.014670465141534805 -0.018063154071569443 0.024879412725567818 -0.010309533216059208 0.021626146510243416 -0.02161887288093567 -0.03280404210090637 -0.0031251152977347374 -0.0019378906581550837 -0.021823132410645485 0.006425730884075165 -0.0015147089725360274 0.0045618959702551365 0.00013214137288741767 -0.01608850248157978 0.013706950470805168 -0.021247833967208862 0.01164282113313675 -0.008879149332642555 -0.00442535849288106 -0.012101440690457821 0.011819363571703434 0.0006211254512891173 -0.021349569782614708 -0.0003706134739331901 -0.003002749290317297 -0.02064446546137333 0.07670577615499496 -0.0029807568062096834 0.07055304199457169 0.06316695362329483 0.035120341926813126 -0.0184873566031456 -0.006154700182378292 0.009812789037823677 0.031820591539144516 -0.020016735419631004 0.012254088185727596 0.005396983586251736 0.024899883195757866 0.02306712232530117 0.0030713644810020924 0.07780817896127701 -0.029393786564469337 0.016405219212174416 0.07907210290431976 0.0641186311841011 0.0439683273434639 -0.008762975223362446 0.09901007264852524 -0.0016140147345140576 0.023054439574480057 0.031326182186603546 0.006665775086730719 -0.008452425710856915 0.014420438557863235 -0.037465475499629974 -0.024189019575715065 -0.008202200755476952 0.0986049473285675 -0.004990814253687859 0.1170889139175415 0.10033833980560303 0.049517109990119934 0.02519131824374199 0.018101060763001442 0.015147577971220016 -0.029931679368019104 0.057378366589546204 -0.0014307417441159487 0.0804242417216301 0.07865773141384125 -0.0009514001430943608 0.018245834857225418 0.06353742629289627 0.04269605875015259 0.005317464470863342 0.00522463908419013 0.052817389369010925 0.06287766247987747 0.03570622578263283 0.014391825534403324 -0.012240828946232796 0.05371537432074547 0.003976379055529833 0.07626765221357346 0.042890097945928574 0.03622845560312271 0.06476245075464249 -0.003439350286498666 0.016052456572651863 0.01839195191860199 -0.0004274060484021902 -0.01003242377191782 0.005552417133003473 0.0007735954714007676 0.007472855970263481 -0.012784427963197231 -0.02426021359860897 -0.0038148837629705667 -0.016526829451322556 -0.00161753932479769 0.0031501955818384886 -0.006725344806909561 -0.008947119116783142 0.010335802100598812 -0.005211574491113424 -5.607653292827308e-05 -0.038945406675338745 0.010736013762652874 -0.0038822300266474485 -0.02727004513144493 -0.00101493822876364 -0.0041619050316512585 -0.002062550513073802 -0.01889754645526409 -0.04349043220281601 0.000766902812756598 0.0023293152917176485 0.008014033548533916 -0.016993209719657898 -0.019241487607359886 0.01132239494472742 -0.009641164913773537 0.021902207285165787 0.0021274960599839687 -0.04078230634331703 -0.004903711378574371 -0.012773350812494755 -0.014167802408337593 -0.024052010849118233 -0.010191172361373901 -0.0035567539744079113 -0.024389388039708138 -0.011105265468358994 0.0025948367547243834 -0.004345559049397707 -0.04924822598695755 0.004616662859916687 0.012482194229960442 0.009196347557008266 0.01119622029364109 -0.029880499467253685 0.00695086969062686 -0.008165675215423107 -0.009607967920601368 -0.010794112458825111 -0.005320172756910324 0.006688365712761879 -0.0004165185382589698 -0.042344920337200165 -0.007970334962010384 -0.009787493385374546 0.013727610930800438 0.0015670419670641422 -0.005424716044217348 -0.016247007995843887 -0.0163812804967165 -0.004066543187946081 -0.0063642458990216255 -0.009869622997939587 -0.0012692257296293974 -0.02327568270266056 -0.020674824714660645 -0.0067255739122629166 -0.00016987547860480845 0.010238065384328365 -0.014513226225972176 -0.008550101891160011 0.0044652121141552925 -0.01274088118225336 -0.0030139440204948187 -0.016121121123433113 -0.017927637323737144 -0.007453977130353451 -0.006691151764243841 -0.003921411000192165 -0.006579411216080189 -0.009130161255598068 -0.009174141101539135 -0.010637176223099232 -0.0027942985761910677 -0.001419461565092206 -0.003428342519327998 0.004450525622814894 -0.007706024218350649 -0.0025158319622278214 -0.007294321898370981 2.0905052224406973e-05 -0.01617276296019554 -0.014556743204593658 0.0009007088956423104 0.0005850443849340081 -0.009492556564509869 0.0012514113914221525 -0.009846743196249008 -0.0019250083714723587 -0.01169151533395052 -0.003659857902675867 -0.011572036892175674 0.00032575594377703965 0.0025581999216228724 -0.003831650363281369 0.0012163829524070024 -0.0033850630279630423 -0.0004893990699201822 -0.007431365083903074 -0.0023470078594982624 -0.011327369138598442 0.0048736161552369595 -0.011147868819534779 0.004645615816116333 0.0003757976519409567 0.006703317165374756 -0.007343150209635496 -0.007229844573885202 -0.009326707571744919 -0.007402533665299416 -0.00955503061413765 3.63590288253428e-39 5.355469859270407e-39 -1.232879204494546e-39 6.45519488108788e-39 3.900892626033496e-40 2.0019033939252196e-39 1.8524871425696573e-39 -2.5479277483401705e-39 -1.6072865359836365e-39 1.1089918085620532e-39 6.863411340625736e-39 3.1817224320681064e-39 1.8723813768676768e-39 4.485748362193352e-39 3.248967942774126e-39 6.18476669824862e-39 -1.4551475617118911e-39 -2.7017735041414636e-40 -7.808693653496113e-40 5.287435417528973e-39 2.4237040407762398e-39 -1.3338168037553753e-26 2.7307758653738862e-33 2.150125738989177e-39 -1.7206838116121937e-39 3.983839686032275e-39 3.4558038000038617e-39 5.828137640376418e-39 -2.8292594345303424e-39 2.4289084632727422e-39 4.408695163535523e-40 2.2198487453801227e-39 2.9134013736396103e-24 -3.5943164115940576e-30 3.463225076670926e-39 1.1399815241005965e-39 -4.6351721020879076e-36 3.0267079933475665e-39 3.860016749829141e-41 2.7164184743921222e-39 -3.00047708739387e-39 1.40058300496873e-32 1.3875559302851836e-39 -2.418247384556159e-39 4.570528320583468e-39 -6.13385472244277e-39 -6.16286019935583e-39 4.0930330662678576e-39 3.448165322074827e-39 5.042325895343133e-39 -4.818499294233459e-39 5.434134551162209e-39 -1.441071843738992e-36 6.270282338332506e-39 1.5423083261928948e-39 -1.760491898386733e-39 -4.2361490797278155e-39 5.6401002020455995e-40 -5.188363616101208e-40 -2.5346585919346035e-33 -6.789289658355274e-39 2.7788309066946852e-40 3.4438956203607214e-34 -2.8670566580085757e-40 -0.015999874100089073 0.004548684228211641 -0.011903132311999798 0.007899556308984756 0.00224621151573956 -0.0022502476349473 0.0006620079511776567 -0.017275316640734673 0.0008647028007544577 -0.0063240244053304195 -4.076729965163395e-05 -0.004398146644234657 -0.017600351944565773 -0.013356421142816544 -0.0021121869795024395 -0.006347895134240389 -0.006226035766303539 -0.011907296255230904 -0.009115776047110558 -0.018341127783060074 -0.010548657737672329 -0.009078831411898136 -0.004730672109872103 -0.010086889378726482 -0.0063483016565442085 -0.01491130143404007 -0.006337618455290794 -0.007970459759235382 -0.01392199657857418 -0.0025961757637560368 -0.01777508854866028 -0.0005593263194896281 0.005017782095819712 0.004142594989389181 -0.010910852812230587 -0.017914675176143646 0.005281776189804077 -0.012718007899820805 0.0020339800976216793 -0.013972318731248379 -0.0011292692506685853 -0.007290119305253029 -1.6544379832339473e-05 -0.016853833571076393 0.04520991072058678 -0.0001705829636193812 -0.002792657818645239 0.014484921470284462 -0.008990360423922539 -0.006577665451914072 6.66905107209459e-05 0.0016567916609346867 -0.0005393617320805788 3.452037344686687e-05 -0.00528760626912117 -0.015091406181454659 0.0008526621968485415 -0.010642213746905327 0.007477930281311274 0.011195170693099499 -0.0024136940483003855 -0.0033841601107269526 -0.01007473561912775 -0.01807262748479843 -0.03365173563361168 0.056429143995046616 0.04860629513859749 -0.014003577642142773 -0.003072708612307906 -0.019570058211684227 -0.009465435519814491 0.048745498061180115 0.01591583527624607 0.06285036355257034 0.002413121983408928 0.02531231939792633 -0.007020127028226852 0.06199580058455467 -0.0052755954675376415 0.014644532464444637 -0.024405090138316154 -0.017917746677994728 0.03217411786317825 0.06949586421251297 0.0002788677520584315 0.01785021834075451 -0.021316079422831535 0.0411299392580986 0.03297588229179382 0.031949978321790695 0.006734841037541628 0.041731543838977814 0.03752626106142998 -0.023110568523406982 0.028754914179444313 0.042079124599695206 0.0956655815243721 0.05165480077266693 0.07099232077598572 0.09004759043455124 0.08368559181690216 0.02389998361468315 0.0741214007139206 0.06594008952379227 0.05660237744450569 0.08801155537366867 0.019911402836441994 0.013048500753939152 0.05304122716188431 0.0005979712004773319 0.02817648835480213 0.10005725175142288 0.015527351759374142 0.049204982817173004 -0.0080137699842453 0.04978911951184273 -0.012858208268880844 0.02241254225373268 0.05502898991107941 0.012754996307194233 0.013586882501840591 9.102544572670013e-05 0.05749598145484924 0.060975030064582825 0.09105300158262253 0.021864652633666992 0.04136338829994202 0.08148922771215439 0.024166325107216835 -0.03328310698270798 -0.003155247075483203 -0.04425927996635437 0.010104576125741005 -0.0372827984392643 0.011693255975842476 -0.04626042768359184 0.011394886299967766 -0.03632618486881256 -0.02447025291621685 -0.01495540700852871 0.008450673893094063 -0.01323756668716669 0.00849126186221838 0.005220562219619751 0.021476488560438156 -0.0003632278530858457 0.011509199626743793 -0.020419230684638023 0.0015796340303495526 -0.04934072121977806 -0.005418162327259779 0.015648193657398224 0.012515705078840256 -0.023387083783745766 0.003433403791859746 0.009462974965572357 -0.02298842929303646 -0.04447538033127785 -0.05493572726845741 0.008996394462883472 -0.00605685543268919 -0.0022311045322567225 -0.025878610089421272 -0.0529201403260231 0.012653257697820663 -0.053003981709480286 -0.0025709031615406275 0.0018670207355171442 -0.03508049249649048 -0.007701265159994364 0.02147066593170166 0.00282547646202147 -0.030457038432359695 0.0007592026959173381 0.010608788579702377 -0.01932831108570099 -0.007049850188195705 0.018838493153452873 0.010584390722215176 -0.02975018322467804 -0.01866448111832142 0.003581854049116373 -0.006059042178094387 0.013289371505379677 0.02336137555539608 -0.0149893369525671 -0.020244605839252472 -0.03961699455976486 0.009946673177182674 -0.011328614316880703 -0.024315668269991875 -0.005568196065723896 -0.029329001903533936 -0.008803046308457851 0.036427970975637436 0.09229040890932083 0.04746901988983154 0.053027790039777756 0.024721670895814896 0.09420166164636612 0.006348968483507633 0.010362833738327026 0.06249227002263069 -0.0025378011632710695 0.045427076518535614 0.023568058386445045 -0.007465123664587736 0.0281231552362442 0.03827037289738655 -0.01085870061069727 0.016547970473766327 0.05700596049427986 -0.006591563578695059 0.031309518963098526 0.05992623046040535 0.009735437110066414 0.07515329122543335 0.004120066296309233 0.06587476283311844 0.038261909037828445 -0.00553513877093792 -0.01867528073489666 0.05600438639521599 0.022632723674178123 0.001999327214434743 -0.035118479281663895 -0.0009534630225971341 0.09409435838460922 0.029377833008766174 0.013106495141983032 0.0030482455622404814 0.07885631918907166 -0.017275266349315643 0.02508365362882614 0.04208367317914963 0.06687066704034805 0.05241768807172775 -0.005962202791124582 0.029029112309217453 0.0031818614806979895 0.012430284172296524 0.006231110077351332 0.01151190884411335 0.023837240412831306 0.012647109106183052 -0.017706386744976044 0.0005020570824854076 0.09303195774555206 -0.0073412093333899975 0.06526388227939606 0.022601155564188957 0.037454478442668915 0.03031761199235916 0.08650998026132584 0.025173641741275787 0.006387313827872276 -0.0010062510846182704 -0.0003713298647198826 -0.0014902667608112097 -0.00046808531624265015 -0.0002226284850621596 -0.0006794754299335182 -0.0004271490906830877 -0.000506977376062423 -0.0002339131460757926 -0.00031233677873387933 0.0002085765008814633 -0.0007376924622803926 -0.0002803752140607685 -0.00037311261985450983 -8.604061440564692e-05 -0.00043456206913106143 -0.0006396161043085158 -0.0007957160705700517 -0.0007695393287576735 -0.0006524572381749749 -0.0006160202901810408 -0.0012139014434069395 -0.000537340238224715 0.0002480908005964011 -0.00017828047566581517 -0.0008830822771415114 -0.00010318477870896459 -0.0009196921018883586 -0.00043949842802248895 -0.0012369517935439944 -0.0010617576772347093 -0.0005851853056810796 -0.000153072047396563 -0.0008333777077496052 -0.00020371806749608368 -7.476462633349001e-05 -0.0005552794900722802 -0.0003052387328352779 -0.0011339269112795591 -0.0006349713657982647 -0.0007318205898627639 -0.0008419445366598666 -0.0004061877843923867 -0.0008934034267440438 -0.00045360520016402006 -6.536894829878293e-07 -0.00028535479214042425 -2.326775575056672e-05 -0.0004027087998110801 -0.0011683383490890265 -6.1019312852295116e-05 -0.00042566139018163085 -0.0005432423204183578 -0.0002906553272623569 -0.0007963800453580916 -0.00040342711145058274 -0.00030957249691709876 -0.0004258710832800716 -0.00023653516836930066 -9.239700739271939e-05 -0.0003124987124465406 0.00037688080919906497 -0.0006694900221191347 -0.00037906967918388546 -8.716095908312127e-05 -6.108474917709827e-05 -0.0001778222795110196 -6.356365338433534e-05 -2.8893047783640213e-05 -0.00010176486102864146 -1.7514357750769705e-05 -0.0001116879066103138 -6.990327528910711e-05 -4.2825522541534156e-05 -2.609738294268027e-05 -6.943297194084153e-05 -9.063784818863496e-05 -6.982559716561809e-05 -7.490915322705405e-06 -5.6849410611903295e-05 -6.739316449966282e-05 -6.783237040508538e-05 -8.131197682814673e-05 -0.00011280819308012724 -8.729140972718596e-05 -0.00013264946755953133 -7.08939551259391e-05 -1.1489516509755049e-05 -5.782403241028078e-05 -0.00010260071576340124 -6.02437139605172e-05 -8.662918844493106e-05 -5.83610417379532e-05 -8.379728387808427e-05 -0.0001351599785266444 -6.953019328648224e-05 -1.0276605280523654e-05 -6.902213499415666e-05 -5.4697247833246365e-05 -6.180025229696184e-05 -9.542157931718975e-05 -5.20497233083006e-05 -0.0001084270334104076 -9.337716619484127e-05 -5.7671477406984195e-05 -8.15077728475444e-05 -8.635318226879463e-05 -4.6250552259152755e-05 -8.751491986913607e-05 8.27651192025769e-08 -6.803765427321196e-05 -2.589994437585119e-05 -6.119576573837548e-05 -0.00013424005010165274 -7.414106221403927e-06 -5.672005863743834e-05 -6.45916661596857e-05 -5.346762191038579e-05 -7.418253517244011e-05 -8.464245911454782e-05 -1.7018266589730047e-05 -4.929242277285084e-05 -4.997097857994959e-05 -7.134474435588345e-05 -3.751893382286653e-05 -2.805546682793647e-05 -8.706847438588738e-05 -8.378568600164726e-05 0.03953009471297264 -0.0028265737928450108 0.06554190814495087 0.01596391573548317 0.011519711464643478 0.05355303734540939 -0.0025254704523831606 0.06179376691579819 0.013676537200808525 0.005989389959722757 0.004675881937146187 0.04199101775884628 0.004092093091458082 0.0019498295150697231 0.009292999282479286 -0.002874886617064476 -0.022458132356405258 0.018675073981285095 0.0160649586468935 0.0600973479449749 -0.006523243151605129 0.03375471383333206 -0.004143411293625832 0.07684508711099625 0.010745960287749767 0.06597910076379776 0.0524153858423233 0.03636777773499489 0.009322144091129303 0.011598857119679451 0.0764547809958458 -0.0015112642431631684 0.010555033572018147 -0.009871181100606918 0.027786938473582268 0.022986654192209244 0.017274001613259315 -0.008314556442201138 0.03093293495476246 0.022909805178642273 0.002344529377296567 0.06488894671201706 0.032673902809619904 0.05662577971816063 0.0470760278403759 -0.0015321358805522323 -0.009435932151973248 0.0414302721619606 0.04032442346215248 0.07265117764472961 -0.005929437931627035 0.009340310469269753 0.006302971392869949 0.044078927487134933 0.028700929135084152 0.0660458505153656 0.011771476827561855 -0.0009850155329331756 0.014693645760416985 0.05091658979654312 0.06528782844543457 0.041998255997896194 -0.008014360442757607 0.003517536446452141 -5.63805946374174e-10 -5.2803613988540096e-33 -1.2000083149388274e-09 -4.128384301083088e-09 -7.592746075509381e-22 -5.888663708307032e-17 2.9282569671394978e-39 1.9978890009042516e-07 4.541789747871716e-25 3.5879790249992993e-09 5.519646828129781e-38 -8.188970335165635e-11 -2.1608532199541654e-18 5.43415085065696e-13 -4.492208628373582e-37 1.4688339086688096e-11 -1.9646259716721987e-13 -1.7104267594012911e-15 9.79418501856344e-08 -2.33155491441428e-11 -6.068197333508607e-11 -3.7684542986138325e-11 -3.13815748560764e-12 -8.440873867920917e-12 -1.184368297879601e-10 6.530541623965547e-13 -7.236627555217809e-21 5.135189464595431e-29 -3.4977150222070014e-17 -5.07577400249426e-12 -2.6940021953881846e-24 -2.88218757467742e-15 3.234771786619628e-32 -9.705343320188294e-15 -3.1447401803461284e-17 -4.934537153888918e-12 3.121658483250468e-24 -4.3938295926984616e-13 -9.128257177914989e-12 8.293492700675708e-24 -2.237066781818342e-10 1.2940469806821397e-09 7.665880430440808e-11 -2.299972849770338e-19 -1.7126347625365463e-15 3.476056790498172e-13 -1.6430728170179973e-14 -3.294395020258202e-17 -3.302840314613198e-13 -1.5309169134215123e-13 5.341127185171969e-15 -1.00666914040759e-12 6.176353916156896e-13 7.870055718228741e-09 5.502946578417323e-07 -2.603991866578781e-08 -2.4293211976696713e-15 3.2085442023535235e-14 -1.4472833535458286e-14 -1.9151844554698982e-09 -1.025168740622208e-16 -1.512680632880306e-13 4.150147958625894e-08 -5.659608524020976e-13 -0.0002596978738438338 -0.00013324372412171215 -0.0004569971060846001 -0.00010867571836570278 -8.052353950915858e-05 -0.0002793802705127746 -4.5710352424066514e-05 -0.00027884638984687626 -0.00014171023212838918 -0.0001389946846757084 1.6999224499159027e-06 -0.00019532456644810736 -0.00020557806419674307 -0.00012536690337583423 -1.873606197477784e-05 -0.00016853060515131801 -0.00018484483007341623 -0.00017948582535609603 -0.0003315481299068779 -0.0002629133523441851 -0.0002072369388770312 -0.0003409838245715946 -0.00019083033839706331 -4.930499562760815e-05 -0.00019951033755205572 -0.000277295068372041 -0.00017397648480255157 -0.00030631761183030903 -0.00013075336755719036 -0.00018371400074101985 -0.0003595879825297743 -0.00013121067604515702 -6.4225177993648686e-06 -0.0001522471138741821 -0.0001289615174755454 -0.00013943381782155484 -0.00023005125694908202 -0.00014709295646753162 -0.00029586421442218125 -0.00023321592016145587 -0.00015395770606119186 -0.00028427792130969465 -0.00022034792345948517 -0.00023938954109326005 -0.00018277071649208665 -6.392470908167525e-08 -0.0001591790933161974 3.971807745983824e-05 -0.00016507126565556973 -0.0003911988460458815 -2.2404712581192143e-05 -0.00012109386443626136 -0.00016351403610315174 -0.0001486893743276596 -0.00018182789790444076 -0.00024618388852104545 -4.847005402552895e-05 -0.0001289381179958582 -9.9297241831664e-05 -0.0001927627163240686 -7.920981443021446e-05 -9.176163439406082e-05 -0.00022645265562459826 -0.0001734121615299955 0.006765969563275576 -0.009535740129649639 0.05433955043554306 0.014059510082006454 0.006032559555023909 0.008241385221481323 0.007078425958752632 0.04694240167737007 0.011182979680597782 -0.00510834064334631 0.04186483100056648 0.02532060816884041 0.03995192423462868 0.016836483031511307 -0.0012171351118013263 0.021435465663671494 0.0047173211351037025 0.007510147988796234 0.021234454587101936 -0.008686061948537827 0.03378624841570854 0.0583445280790329 -0.016481813043355942 -0.000978528754785657 0.05089873820543289 0.0785820335149765 0.052884701639413834 0.00254863896407187 0.04662177711725235 -0.017535774037241936 0.02460312470793724 0.03917884826660156 0.018003864213824272 0.0129248620942235 0.01871751993894577 0.054116442799568176 -0.012988731265068054 0.011042055673897266 0.03779827430844307 0.0659617930650711 0.028017768636345863 0.0015132779954001307 0.0007182345143519342 0.03466241434216499 0.04509216174483299 -0.0025703932624310255 0.005964006297290325 0.0025573503226041794 0.042264726012945175 0.01438924577087164 -0.002648373367264867 0.05026203393936157 0.04629262909293175 0.043991729617118835 0.0017287497175857425 0.07713057845830917 0.02447495236992836 0.020988203585147858 0.008781899698078632 -0.0036698703188449144 0.06591293215751648 0.019041305407881737 -0.0011211062083020806 0.07337535172700882 -0.027417728677392006 -0.010611100122332573 0.030132899060845375 0.07961386442184448 -0.022898923605680466 0.1016649454832077 0.0032719969749450684 0.09562251716852188 0.07980186492204666 0.09151037037372589 0.009492269717156887 -0.006768436636775732 0.020716369152069092 -0.013650129549205303 -0.00871301256120205 0.07735922187566757 0.003907755482941866 -0.03726162761449814 0.08378202468156815 0.07379628717899323 0.014792338944971561 0.07680346071720123 -0.014361724257469177 0.08022253960371017 0.05892994999885559 0.0762709379196167 0.02197916992008686 0.06646063923835754 0.09989263862371445 -0.019640909507870674 0.11847217381000519 0.031059203669428825 -0.025180436670780182 0.0066916448995471 0.12816816568374634 0.05096147954463959 0.07176922261714935 -0.0016193034825846553 0.09404781460762024 0.1084357351064682 0.10125087201595306 0.030196834355592728 0.08515548706054688 -0.028966501355171204 -0.021896079182624817 -0.02160937525331974 0.05915343016386032 0.07663509249687195 0.037004370242357254 0.09890056401491165 0.000288757320959121 0.0074883513152599335 -0.003971688449382782 0.005955362226814032 0.014909056946635246 -0.0036828394513577223 0.003959057852625847 0.06891192495822906 0.03261901065707207 0.09007076919078827 0.02710248902440071 0.0358683280646801 0.007749936077743769 0.1318812519311905
b2 64
-0.011890948750078678 0.15559092164039612 0.05747336894273758 -0.0031790989451110363 0.13516241312026978 0.11263792216777802 0.12638157606124878 0.03688566014170647 -0.0929657369852066 0.18595950305461884 0.14751599729061127 0.08475435525178909 0.05229491367936134 0.023598507046699524 0.0758315771818161 0.13379541039466858 -0.008723926730453968 -0.04521569609642029 0.0990835428237915 0.165100559592247 0.1718173623085022 0.053303204476833344 0.024540185928344727 -0.022899309173226357 0.09108147770166397 0.031446781009435654 -0.002007340779528022 -2.812125501350238e-07 0.1662919968366623 -0.04847679287195206 0.13236193358898163 0.037759389728307724 0.04968695715069771 0.056395113468170166 -0.030622459948062897 -0.03907691687345505 -0.017002632841467857 0.09703655540943146 0.06449529528617859 0.18043838441371918 0.058866702020168304 -0.03429185971617699 0.11158622801303864 -0.004976662341505289 0.13457095623016357 0.08550387620925903 -0.00410806480795145 0.1195155531167984 0.06837347149848938 0.1619149148464203 0.06486552208662033 0.05236253887414932 -3.053603810782013e-12 -0.01045722421258688 0.04307079687714577 0.08238185942173004 0.16147108376026154 0.017856169492006302 0.0014287859667092562 0.10582391172647476 -6.632631993852556e-05 0.003648545127362013 0.04991820454597473 0.07934955507516861
W3 64
0.017338111996650696 -0.06439339369535446 0.03933185338973999 0.024389250203967094 -0.09315519034862518 -0.1541012078523636 -0.14352937042713165 0.03645550087094307 0.04528741165995598 -0.09947798401117325 -0.06423790752887726 0.11527495831251144 -0.11197061836719513 0.007095173001289368 0.06437771022319794 -0.06838871538639069 0.00859290175139904 0.01201943401247263 -0.10428160429000854 -0.10259777307510376 -0.08518295735120773 0.06710722297430038 0.05694582313299179 0.0686284601688385 -0.04757574200630188 -0.06804414093494415 -0.009752888232469559 3.3951089335459983e-06 -0.05843507498502731 0.015445019118487835 -0.05836056172847748 -0.14931300282478333 -0.07782900333404541 -0.151567280292511 0.01522525679320097 0.04665018245577812 0.04522890970110893 0.1158570721745491 -0.06366138160228729 -0.144097238779068 -0.1799546480178833 0.0459178127348423 -0.13869062066078186 -0.0050070928409695625 -0.050084564834833145 0.07007257640361786 0.0038962294347584248 -0.0892091915011406 0.08673909306526184 -0.17366647720336914 0.02347799949347973 0.05539095029234886 -0.00016959723143372685 0.055904049426317215 -0.13070537149906158 0.04498448967933655 -0.11954950541257858 -0.0009427329059690237 -2.6583275030134246e-05 -0.07872963696718216 2.7042510453156865e-09 -7.567373540950939e-05 -0.07901749014854431 -0.18423640727996826
b3 1
-0.09093397855758667
feature_cols 80
t4_active t4_pm_min t4_pm_gap t4_pm_mean t4_pm_max t4_llr_abs_min t4_llr_abs_mean t4_llr_abs_max t8_active t8_pm_min t8_pm_gap t8_pm_mean t8_pm_max t8_llr_abs_min t8_llr_abs_mean t8_llr_abs_max branch_0 branch_1 branch_2 branch_3 branch_4 branch_5 branch_6 branch_7 branch_8 branch_9 branch_10 branch_11 branch_12 branch_13 branch_14 branch_15 branch_16 branch_17 branch_18 branch_19 branch_20 branch_21 branch_22 branch_23 branch_24 branch_25 branch_26 branch_27 branch_28 branch_29 branch_30 branch_31 branch_32 branch_33 branch_34 branch_35 branch_36 branch_37 branch_38 branch_39 branch_40 branch_41 branch_42 branch_43 branch_44 branch_45 branch_46 branch_47 branch_48 branch_49 branch_50 branch_51 branch_52 branch_53 branch_54 branch_55 branch_56 branch_57 branch_58 branch_59 branch_60 branch_61 branch_62 branch_63
