input_dim 104
hidden 64
M 64
branch_onehot 1
direction_largest 1
mean 104
1.0 0.1335172951221466 0.0 0.1335172951221466 0.1335172951221466 0.41934043169021606 1.0791301727294922 1.8212963342666626 2.0 0.31644999980926514 0.3937499523162842 0.5133351683616638 0.7102255821228027 0.23824645578861237 1.078901767730713 2.131033420562744 4.0 0.6143643856048584 0.252774715423584 0.9082342386245728 1.1323187351226807 0.12839767336845398 1.0787793397903442 2.4023244380950928 4.0 1.7551615238189697 0.620189368724823 2.545994997024536 3.2297098636627197 0.06691888719797134 1.0788553953170776 2.6430864334106445 4.0 2.9198226928710938 0.7572274208068848 3.812873601913452 4.517432689666748 0.05390894412994385 1.0788379907608032 2.7158586978912354 0.015625 0.015625 0.015625 0.015625 0.015625 0.015625 0.015625 0.015625 0.015625 0.015625 0.015625 0.015625 0.015625 0.015625 0.015625 0.015625 0.015625 0.015625 0.015625 0.015625 0.015625 0.015625 0.015625 0.015625 0.015625 0.015625 0.015625 0.015625 0.015625 0.015625 0.015625 0.015625 0.015625 0.015625 0.015625 0.015625 0.015625 0.015625 0.015625 0.015625 0.015625 0.015625 0.015625 0.015625 0.015625 0.015625 0.015625 0.015625 0.015625 0.015625 0.015625 0.015625 0.015625 0.015625 0.015625 0.015625 0.015625 0.015625 0.015625 0.015625 0.015625 0.015625 0.015625 0.015625
std 104
1.0 0.11242315918207169 1.0 0.11242315918207169 0.11242315918207169 0.3304162323474884 0.34137678146362305 0.5519547462463379 1.0 0.17506155371665955 0.30501648783683777 0.16861289739608765 0.2696837782859802 0.20645615458488464 0.2417365312576294 0.4839106500148773 1.0 0.2479049414396286 0.2287907749414444 0.23317457735538483 0.2900734841823578 0.1186407059431076 0.1707909256219864 0.43009433150291443 1.0 0.6349977254867554 0.5230986475944519 0.5318063497543335 0.631216287612915 0.06424341350793839 0.12073604017496109 0.3881496489048004 1.0 0.8519210815429688 0.6918707489967346 0.676835834980011 0.7658507823944092 0.052140865474939346 0.10788591206073761 0.37714090943336487 0.12346067279577255 0.12346068024635315 0.12346068024635315 0.12346068024635315 0.12346068024635315 0.12346068769693375 0.12346068769693375 0.12346068769693375 0.12346068769693375 0.12346069514751434 0.12346069514751434 0.12346069514751434 0.12346069514751434 0.12346070259809494 0.12346070259809494 0.12346070259809494 0.12346070259809494 0.12346071004867554 0.12346071004867554 0.12346071004867554 0.12346071004867554 0.12346071004867554 0.12346071004867554 0.12346071004867554 0.12346071004867554 0.12346071749925613 0.12346071749925613 0.12346071749925613 0.12346071749925613 0.12346072494983673 0.12346072494983673 0.12346072494983673 0.12346072494983673 0.12346073240041733 0.12346073240041733 0.12346073240041733 0.12346073240041733 0.12346073985099792 0.12346073985099792 0.12346073985099792 0.12346073985099792 0.12346074730157852 0.12346074730157852 0.12346074730157852 0.12346074730157852 0.12346075475215912 0.12346075475215912 0.12346075475215912 0.12346075475215912 0.12346076220273972 0.12346076220273972 0.12346076220273972 0.12346076220273972 0.12346076965332031 0.12346076965332031 0.12346076965332031 0.12346076965332031 0.12346077710390091 0.12346077710390091 0.12346077710390091 0.12346077710390091 0.12346077710390091 0.12346077710390091 0.12346077710390091
W1 6656
-6.193038563083529e-41 0.05194304883480072 -1.8648479963234666e-41 0.01086158212274313 -0.04159434884786606 0.04883493110537529 -0.08044487237930298 -0.06157292053103447 8.823617697446506e-39 -0.005670370068401098 0.03733782842755318 -0.021478800103068352 -0.06514440476894379 0.04923945292830467 0.04769153892993927 0.11172335594892502 -5.8508484845877303e-39 0.06685320287942886 0.0031089528929442167 -0.07331398874521255 -0.0986417680978775 -0.07871641218662262 -0.07360222935676575 0.018302710726857185 4.6224043897327724e-39 0.10534963756799698 0.05403886362910271 0.012203628197312355 -0.08236851543188095 0.020071467384696007 -0.005369669757783413 -0.04563899338245392 5.7185617056600746e-39 0.12343154847621918 0.020342545583844185 0.04577888175845146 -0.08387979865074158 0.01784282736480236 -0.09036783128976822 0.023659344762563705 0.08607844263315201 0.008937299251556396 -0.06278929859399796 0.06279151141643524 0.06554000824689865 0.09863337874412537 0.026939615607261658 0.045618653297424316 0.010572344996035099 -0.06145781651139259 -0.0664980486035347 0.052251167595386505 0.030927404761314392 0.013881071470677853 0.0031906527001410723 0.017356593161821365 0.08844094723463058 0.027486946433782578 -0.006414754316210747 0.05182670056819916 -0.03114357590675354 0.10385763645172119 -0.039785802364349365 -0.05258001759648323 0.00363402022048831 0.019201256334781647 0.056935105472803116 -0.027249662205576897 -0.025687679648399353 0.02953118085861206 0.036596182733774185 -0.027865184471011162 0.011613423004746437 -0.053356245160102844 -0.07913091778755188 0.0516214482486248 -0.024777337908744812 0.08148838579654694 0.011584172025322914 0.05546402931213379 0.045716289430856705 0.016090596094727516 0.026466716080904007 0.04597694054245949 -0.07352788001298904 -0.04525233432650566 -0.003901125630363822 -0.02000594697892666 0.10099288821220398 -0.04112505912780762 0.04197395592927933 -0.07443941384553909 0.07300135493278503 -0.010808123275637627 -0.05680893361568451 -0.01075373962521553 -0.03719055652618408 0.058307040482759476 0.08004764467477798 0.016746830195188522 -0.028805090114474297 0.0802975445985794 0.07093695551156998 -0.006922319997102022 2.9118393543314682e-39 -0.04968973621726036 2.1057956620702616e-39 0.01620304211974144 0.026280032470822334 -0.028499525040388107 0.028789030387997627 0.00394149636849761 2.6567077455287774e-39 0.09172265231609344 -0.018157389014959335 0.039751630276441574 -0.015310633927583694 -0.04604324698448181 -0.014258354902267456 -0.07387471944093704 5.427411121130379e-39 -0.012708337977528572 0.035975947976112366 -0.039152126759290695 -0.024131739512085915 0.016679048538208008 0.011087032034993172 0.056533340364694595 -3.099963673167075e-39 0.05927696451544762 -0.01599101535975933 0.00817969162017107 -0.009181586094200611 -0.003367094323039055 -0.03574788570404053 0.06761866807937622 4.74979923572147e-40 0.16501319408416748 0.021306650713086128 0.08388769626617432 -0.022716980427503586 0.047751523554325104 -0.012090164236724377 0.025961877778172493 -0.05529242753982544 -0.060018494725227356 -0.044798534363508224 0.06872247904539108 0.019673364236950874 0.051810018718242645 0.07907259464263916 0.05372171103954315 0.0878286212682724 0.04091932997107506 0.09041089564561844 -0.06841819733381271 0.07820139080286026 0.019190099090337753 -0.04967809468507767 -0.07288920134305954 -0.039898212999105453 0.08083236962556839 -0.04999260976910591 0.04019128531217575 -0.06421222537755966 -0.030389737337827682 -0.009174763225018978 0.03458128124475479 0.0291727427393198 0.041007038205862045 0.07022752612829208 0.01638759672641754 -0.049345020204782486 -0.06968379765748978 0.005121366120874882 0.0484517440199852 0.049811024218797684 -0.025192884728312492 -0.061492737382650375 0.06618334352970123 0.10718552768230438 0.017486093565821648 -0.06315029412508011 0.027354992926120758 0.0060812910087406635 0.036491286009550095 -0.0787138044834137 0.07806813716888428 -0.00795252900570631 0.01436897087842226 -0.04939448833465576 0.0645790547132492 0.058846935629844666 -0.0718088373541832 0.0334579236805439 0.08354627341032028 -0.023080458864569664 -0.05009439215064049 0.048327330499887466 -0.016061322763562202 -0.06441091001033783 -0.0029846641700714827 0.007663971744477749 -0.04104028269648552 -0.03366132825613022 0.02390466444194317 0.09811904281377792 0.03226166218519211 -3.545076321270603e-39 0.017367500811815262 6.741597866420444e-39 -0.032329656183719635 0.0072724055498838425 -0.0510854572057724 0.09354293346405029 0.000393477181205526 -5.34452571826403e-39 0.058754343539476395 -0.03344836086034775 0.04475977271795273 0.010590670630335808 0.03260662034153938 -0.0858774185180664 -0.02409549243748188 3.647277222169205e-39 -0.059816960245370865 0.04909185692667961 -0.006718638818711042 -0.04853066802024841 0.06001906469464302 -0.022745421156287193 0.12367643415927887 -5.492778891894203e-39 0.08756314218044281 0.05183015763759613 -0.10290805995464325 0.012204783037304878 -0.03619921952486038 -0.022287046536803246 -0.019629880785942078 4.27992143985793e-39 0.2245272397994995 0.014173025265336037 0.021099930629134178 -0.07082661986351013 0.011633112095296383 0.014450800605118275 0.03648630529642105 -0.02491661161184311 0.046486519277095795 -0.03091471455991268 0.010291432961821556 -0.02455688826739788 -0.007856649346649647 -0.030074207112193108 0.06742998212575912 0.06527971476316452 -0.026063283905386925 -0.04555593058466911 0.055914442986249924 0.030719133093953133 -0.02443423494696617 0.03494369611144066 -0.07855094224214554 -0.028104465454816818 -0.010324402712285519 -0.0737871453166008 0.026134518906474113 0.034212227910757065 0.06097523868083954 -0.070775106549263 0.03185715898871422 0.04953152686357498 0.06781648099422455 0.021513599902391434 0.06059511378407478 -0.05250892788171768 0.06177687644958496 -0.0007605648133903742 0.055607136338949203 -0.03343537822365761 0.07282619923353195 -0.017329081892967224 0.07084576785564423 -0.07171844691038132 0.06853533536195755 0.012462354265153408 0.029018564149737358 0.04866217449307442 0.061764150857925415 0.034779708832502365 -0.05345601588487625 0.04643794894218445 0.013988828286528587 0.06582234799861908 0.00826583243906498 0.043927375227212906 0.03765377029776573 0.08712995052337646 -0.05290169641375542 0.06074473261833191 -0.013655760325491428 -0.049500640481710434 0.06447690725326538 -0.0868125632405281 -0.009756856597959995 0.0023654382675886154 0.03549395501613617 -0.01724359579384327 0.025594746693968773 -0.05467577278614044 -0.021343467757105827 -5.533223168171546e-40 -0.05574547126889229 -2.3336117599078687e-39 0.03358054161071777 0.03432070091366768 0.033776089549064636 0.06225575879216194 -0.04397568851709366 -5.499479901150604e-40 0.0469825454056263 -0.015951599925756454 -0.07281956821680069 -0.05697264522314072 -0.04021378234028816 -0.00902050081640482 0.03299877792596817 1.228047527389554e-39 -0.009181886911392212 -0.08423388749361038 0.012654347345232964 -0.06526078283786774 0.001944065559655428 0.0012208825210109353 -0.0358491875231266 5.4082721867046304e-39 0.07394910603761673 -0.0007267097826115787 0.05883464217185974 -0.023678716272115707 -0.01511777937412262 -0.13217169046401978 0.08883477002382278 -4.787377856639269e-39 0.14422938227653503 0.0005200277082622051 0.1047791838645935 -0.04382410645484924 0.024271389469504356 -0.002062620595097542 -0.018752804026007652 0.08180341124534607 -0.0209235567599535 -0.03674851357936859 -0.0504201203584671 -0.011890706606209278 0.026755312457680702 0.05440888926386833 0.03634382411837578 0.09339430183172226 0.08226946741342545 -0.04831390082836151 0.09881497919559479 0.10195942968130112 -0.009089771658182144 -0.06121956557035446 -0.0446460135281086 0.08263807743787766 -0.07110723853111267 -0.052833911031484604 -0.04830847680568695 0.0802818238735199 0.08781912922859192 0.10384588688611984 -0.0032550429459661245 0.03248796984553337 0.0004773446707986295 0.031966838985681534 -0.03361288458108902 -0.022449126467108727 -0.022431369870901108 0.050356991589069366 0.09446508437395096 0.0036818147636950016 0.05418112874031067 -0.060300491750240326 0.04190468415617943 0.006060110870748758 -0.020652269944548607 0.08179602026939392 0.07990284264087677 -0.039502013474702835 0.020429912954568863 -0.06912757456302643 -0.05229742452502251 -0.0023093558847904205 0.0791933685541153 0.0005715741426683962 0.010412998497486115 0.0630846694111824 -0.06752421706914902 -0.0768042579293251 0.05427094176411629 -0.05689125880599022 0.07669895142316818 -0.0055537838488817215 0.08201470971107483 0.07474483549594879 0.06932297348976135 -0.044757865369319916 -0.015273116528987885 -0.027572887018322945 -0.040502987802028656 -0.05993428826332092 0.021567808464169502 -1.5713011914197752e-39 0.006026483606547117 4.665956746003988e-39 0.019043950363993645 -0.00302460347302258 0.017704710364341736 -0.012404028326272964 0.06714383512735367 1.6303406983187084e-40 -0.010556671768426895 -0.02089819312095642 0.0045282961800694466 -0.004909513983875513 0.018833007663488388 0.08089770376682281 -0.043992605060338974 3.0625983298755465e-38 -0.17358887195587158 0.017764754593372345 -0.08838759362697601 -0.02423989027738571 -0.021065013483166695 0.04923230782151222 -0.0019423386547714472 -6.719954811638947e-40 0.09281105548143387 0.007645388133823872 0.022764554247260094 -0.07271379232406616 0.015410084277391434 -0.06007251515984535 0.019772816449403763 -2.4709081808454856e-38 0.11338982731103897 -0.02892294153571129 0.01349441148340702 -0.02339254319667816 0.08425911515951157 -0.10390538722276688 -0.03478027135133743 -0.023112794384360313 0.03976035118103027 0.10248532891273499 0.032954566180706024 -0.056292518973350525 -0.039797093719244 -0.05730805546045303 -0.037749283015728 0.05465734004974365 -0.062150295823812485 0.074632927775383 -0.015227277763187885 0.046645015478134155 -0.06064664572477341 -0.03610968962311745 -0.010223881341516972 0.08703754842281342 -0.06766224652528763 -0.002657834207639098 -0.06473302096128464 0.007578251883387566 3.5578003007685766e-05 0.0021828629542142153 0.08555133640766144 0.027427218854427338 -0.011960911564528942 0.03676366060972214 0.043545205146074295 0.05454184114933014 -0.07157794386148453 0.05207959562540054 0.06215854361653328 -0.0353241041302681 -0.04912795126438141 0.0821123868227005 -0.02536833845078945 -0.01752595603466034 0.057151615619659424 0.00013646334991790354 -0.02052600122988224 0.08848642557859421 -0.06750089675188065 -0.05697201192378998 0.07327137887477875 0.071195088326931 -0.06626594066619873 -0.04361562430858612 -0.04865062236785889 -0.033834319561719894 0.04059683904051781 -0.08033741265535355 0.06135490536689758 0.06279735267162323 0.03504406288266182 -0.0420663021504879 0.0702141523361206 0.0970597192645073 -0.056842245161533356 0.005592199973762035 -0.015150139108300209 -0.03944471850991249 0.07494933158159256 0.05347171425819397 0.07914508879184723 3.4446312473478e-39 0.023162126541137695 3.3412798804099873e-39 0.01047129463404417 0.031098967418074608 -0.030255049467086792 0.011193105019629002 -0.005765809211879969 5.991929812677489e-39 -0.06129937991499901 0.005470103584229946 -0.01956595852971077 -0.033447444438934326 -0.0776054784655571 -0.0210212804377079 -0.05254058167338371 5.875238084359304e-39 0.054135676473379135 0.02726438269019127 0.01674700155854225 0.09886835515499115 0.019760901108384132 0.004580019507557154 0.03558429330587387 1.058334869076711e-39 -0.1437167376279831 -0.05945280194282532 -0.003675606567412615 0.1281261146068573 0.030119357630610466 0.040049731731414795 -0.051625072956085205 1.4580342365484003e-39 -0.44860777258872986 -0.01587424799799919 0.05865342542529106 0.20983442664146423 0.0568111352622509 0.05444402992725372 -0.025400983169674873 9.164401853922755e-05 0.02232859656214714 0.022330449894070625 -0.009616203606128693 0.04902175813913345 -0.054388534277677536 -0.09723500162363052 0.03557487204670906 -0.009153055027127266 0.004604648798704147 0.061190467327833176 -0.027537422254681587 -0.03511086106300354 0.029598411172628403 -0.005068893078714609 0.001782790757715702 0.056721292436122894 -0.008667894639074802 -0.008432647213339806 0.010075013153254986 -0.058183517307043076 0.021505968645215034 0.012894745916128159 -0.025599021464586258 -0.04738011956214905 0.03580309823155403 -0.0052587855607271194 -0.02655634470283985 0.04077278822660446 0.03919079899787903 -0.0325552374124527 0.021081402897834778 0.012960084713995457 0.007507923059165478 0.06379710137844086 0.023367101326584816 -0.019038431346416473 -0.0013891991693526506 -0.044384635984897614 0.012659374624490738 -0.04783841595053673 0.007026944775134325 0.01457331981509924 -0.03869000822305679 -0.006826071068644524 0.010991012677550316 0.0315910167992115 -0.0074249436147511005 0.04236936569213867 0.036016110330820084 -0.008840489201247692 0.00784809049218893 -0.024755533784627914 -0.06258341670036316 -0.06825356185436249 -0.027985600754618645 -0.024810438975691795 -0.0017526125302538276 0.016195576637983322 -0.012019551359117031 -0.04554291069507599 -0.0019343242747709155 0.031231889501214027 -0.009636636823415756 4.709007437424975e-40 -0.027813594788312912 -1.2268213912332698e-39 0.003204905427992344 -0.060939330607652664 0.056663628667593 0.02722278982400894 0.01619892194867134 -3.1942037974898475e-39 -0.04596349596977234 -0.009962744079530239 0.0217019934207201 0.0290506761521101 -0.030830781906843185 0.0584186352789402 -0.027172734960913658 -5.158031109542433e-39 0.011738229542970657 -0.043703388422727585 0.008905271999537945 0.12813837826251984 -0.04347776621580124 -0.04206044599413872 -0.08067779242992401 -2.84222564922074e-39 -0.009980065748095512 -0.014639784581959248 0.0010591237805783749 0.08275334537029266 0.019202712923288345 -0.009101656265556812 -0.043245621025562286 -4.948469726799585e-38 0.3006387948989868 0.08433181047439575 0.029534902423620224 0.01073212269693613 -0.0571717731654644 0.07135572284460068 0.03908336162567139 0.011387054808437824 -0.07304629683494568 0.02465885505080223 0.06862697005271912 -0.0004905714886263013 -0.004872519988566637 -0.09017616510391235 -0.08242145925760269 0.07278696447610855 -0.07577699422836304 -0.023242667317390442 -0.018206723034381866 -0.02141050063073635 -0.0730738416314125 0.0829792320728302 -0.022242175415158272 0.08878150582313538 0.010886487551033497 -0.0030383719131350517 0.07643052190542221 -0.0839727371931076 0.06829027831554413 0.0704321339726448 0.01674259826540947 0.02351437322795391 0.032423485070466995 0.043036844581365585 0.068414606153965 -0.001544077880680561 -0.02972821705043316 -0.019348250702023506 -0.03182275965809822 0.050934597849845886 0.04825231805443764 0.07016553729772568 -0.12237818539142609 0.0032160545233637094 0.05467221513390541 -0.10759354382753372 -0.022271165624260902 0.01828535832464695 0.03260157257318497 -0.03363209217786789 0.0620637871325016 0.05734735354781151 -0.05555017665028572 0.00671971682459116 0.006475626025348902 0.06470660120248795 -0.08986610174179077 0.08127239346504211 0.01240408606827259 -0.018699079751968384 0.010186828672885895 0.04604802653193474 0.08003470301628113 0.030023831874132156 0.0660463273525238 -0.009010443463921547 0.0567706897854805 -0.03591739758849144 0.05497192591428757 0.035851944237947464 0.050876401364803314 6.543195023349014e-39 0.01909816451370716 -1.4757043299238433e-38 -0.05522646754980087 0.027775203809142113 -0.044763002544641495 -0.026220615953207016 -0.015581713989377022 -3.593131049507694e-39 -0.03452208265662193 -0.04490334540605545 -0.02339719422161579 0.017349299043416977 0.0008292117854580283 -0.04326115921139717 -0.012698661535978317 2.75693561818961e-39 -0.0205539483577013 0.040854960680007935 -0.010923417285084724 -0.004828673787415028 -0.038060568273067474 0.03519640490412712 0.011328323744237423 5.729951459578107e-39 0.055438585579395294 -0.014945678412914276 -0.0003627060796134174 0.021360181272029877 -0.03966526687145233 -0.0019134624162688851 0.01552996039390564 -6.642087458573345e-39 0.26440665125846863 0.07157114148139954 0.06245936080813408 -0.08089668303728104 0.04473051428794861 -0.05278829485177994 -0.014007879421114922 0.02222011238336563 0.08973913639783859 0.09544719755649567 0.08124519139528275 0.10363179445266724 0.08273985236883163 0.07412753254175186 -0.05792364850640297 -0.05311432480812073 0.002552905585616827 -0.06997134536504745 -0.067784383893013 0.09475109726190567 0.02015352062880993 -0.055803943425416946 0.08046654611825943 0.07625909149646759 -0.03204140067100525 -0.0626923218369484 0.027826575562357903 -0.007305908016860485 -0.01724141463637352 -0.04603687673807144 -0.048133790493011475 -0.006778565235435963 0.04818704351782799 0.07337721437215805 0.01154339499771595 -0.042572855949401855 0.055077794939279556 0.08349010348320007 -0.027019834145903587 -0.0646381825208664 0.08544599264860153 -0.059088610112667084 0.10820083320140839 -0.06225861608982086 0.008053344674408436 0.04413871094584465 0.05931790918111801 -0.03771498054265976 0.1016804575920105 -0.014843236654996872 0.09520752727985382 -0.012016472406685352 -0.014264586381614208 0.08159928768873215 -0.04827573522925377 0.02764509804546833 0.09528731554746628 -0.0653204694390297 0.0773039311170578 -0.04137976095080376 0.056599900126457214 -0.032766591757535934 0.0718921646475792 -0.053249020129442215 -0.06114621460437775 0.038923099637031555 -0.048462145030498505 -0.04218682646751404 -0.061183638870716095 -0.046445850282907486 -0.0586150698363781 6.243301737700396e-39 -0.016009625047445297 -2.456935833857703e-39 0.05735922232270241 -0.0017427713610231876 -0.06418507546186447 0.027275754138827324 -0.007812355645000935 -6.966387159575109e-40 -0.016018066555261612 -0.05552215501666069 -0.03297283500432968 -0.12426256388425827 0.01906663551926613 0.009463709779083729 0.08336187154054642 -3.3931181145007553e-40 -0.08189275115728378 -0.06900560110807419 -0.15432673692703247 -0.014966622926294804 0.024492530152201653 0.0238649882376194 0.019225802272558212 -2.7411219650197044e-39 -0.05674361810088158 0.021126700565218925 0.1533806473016739 0.07194045186042786 -0.07793323695659637 -0.005658864974975586 0.07045497000217438 5.852438958344739e-39 -0.34434396028518677 0.1558774709701538 0.27763375639915466 0.14965413510799408 -0.11396465450525284 -0.0942474901676178 -0.013196566142141819 0.07813697308301926 0.010752336122095585 0.002962471218779683 0.01383145246654749 -0.017990093678236008 -0.00716617563739419 0.04382551461458206 0.03708807751536369 0.02170771174132824 -0.08176258951425552 0.02041064016520977 0.04350398853421211 0.0011808862909674644 0.012887884862720966 -0.012084242887794971 -0.01279822364449501 0.04041465371847153 0.02513948641717434 -0.02978309988975525 -0.058692216873168945 -0.007287515327334404 -0.010932196862995625 0.009225738234817982 0.036589059978723526 0.028100693598389626 0.027393363416194916 0.035882238298654556 0.03430299833416939 0.03354763239622116 -0.002834907965734601 0.06370966136455536 0.0035136372316628695 0.013907954096794128 -0.10068181157112122 -0.06880287826061249 -0.0042623612098395824 0.00542255025357008 0.049464453011751175 0.03296396881341934 -0.026345519348978996 -0.0020294352434575558 0.01393240224570036 0.06301751732826233 0.02280701883137226 0.0024387449957430363 0.011757816188037395 -0.03870290145277977 0.0019520320929586887 0.006033464800566435 -0.006274250335991383 -0.014283007942140102 -0.06332971155643463 -0.022674618288874626 0.04628438502550125 0.0020249050576239824 0.03413250297307968 -0.04236363247036934 -0.01690024696290493 -0.03893901780247688 0.049042314291000366 -0.03502655774354935 0.09505768120288849 0.013201141729950905 0.0012028526980429888 3.608295901488617e-39 -0.039490707218647 -3.752957547154725e-40 -0.02516784891486168 -0.015511982142925262 -0.060053009539842606 -0.07761114090681076 0.014303929172456264 -1.9436542193601656e-39 -0.04178474843502045 0.041223082691431046 0.035618044435977936 -0.03368104621767998 -0.026430876925587654 -0.057066306471824646 0.045049045234918594 6.1073491619900665e-40 0.03313567116856575 0.0418611578643322 0.05617265775799751 0.15115366876125336 -0.08828724175691605 0.030023831874132156 0.02143532782793045 3.960841575635776e-39 -0.16710306704044342 0.011595922522246838 -0.0457819402217865 0.1723320037126541 -0.06184849143028259 0.04508652165532112 -0.010654371231794357 -4.484673566271215e-40 -0.4111206531524658 0.12208236753940582 -0.10695784538984299 0.12311192601919174 -0.0400729738175869 0.05448349565267563 0.015789296478033066 0.00495520792901516 -0.0020254526752978563 0.011101164855062962 0.023150304332375526 0.005824268329888582 0.04127661511301994 -0.015985658392310143 -0.030754460021853447 0.037361059337854385 0.034306470304727554 -0.07194958627223969 -0.01088373176753521 0.0028246822766959667 -0.024194469675421715 0.008094551973044872 -0.028260277584195137 0.03899509087204933 -0.06206906586885452 0.05730482563376427 -0.0034370499197393656 -0.009882792830467224 0.0079184016212821 -4.265501047484577e-05 -0.015497972257435322 0.0039186845533549786 -0.012939064763486385 0.009070736356079578 0.008314424194395542 -0.012862103059887886 -0.04800796881318092 0.07394786179065704 0.01785488985478878 0.03151658922433853 0.015230728313326836 -0.026949984952807426 0.01166396215558052 0.07773000746965408 -0.05195711553096771 0.02506365440785885 -0.032021552324295044 -0.010174588300287724 0.026509195566177368 -0.048838768154382706 -0.010527500882744789 0.053101230412721634 -0.010488561354577541 -0.042021557688713074 0.004021057393401861 0.02280673384666443 0.009576031006872654 0.028258129954338074 -0.012235120870172977 0.006286718882620335 -0.014288204722106457 0.019699813798069954 0.008657638914883137 0.02911391109228134 -0.008287075906991959 0.021152712404727936 -0.006772365886718035 0.07271917909383774 -0.017183156684041023 0.02866462431848049 0.0020102611742913723 6.113416784340593e-40 0.06327694654464722 -3.124234162569181e-39 0.010219193994998932 0.08339371532201767 -0.09866410493850708 -0.04198967665433884 -0.03113112784922123 3.1861323183353366e-41 -0.07649265974760056 0.07772740721702576 0.03367544338107109 -0.0016792064998298883 0.16270436346530914 0.03957448899745941 0.01904117316007614 4.072766086578328e-39 -0.09956757724285126 -0.033570852130651474 -0.077691949903965 -0.062395837157964706 0.008478395640850067 -0.011198139749467373 -0.031954385340213776 3.8285463889173344e-39 -0.015237501822412014 0.006713292561471462 -0.027549322694540024 -0.07554570585489273 0.03769621253013611 0.03386588394641876 0.0082712322473526 2.0790294601031932e-39 0.20684368908405304 0.03499782085418701 0.002329371403902769 -0.08567584306001663 -0.04626305028796196 -0.014465350657701492 0.04930519312620163 0.06694702804088593 0.009031623601913452 -0.014470464549958706 -0.04981205612421036 0.0026346491649746895 -0.053205706179142 -0.08615901321172714 -0.05835577845573425 0.01880265772342682 0.05726490169763565 0.0004167482547927648 0.03171709552407265 -0.0366322323679924 0.01638512872159481 0.05576816573739052 0.0022671001497656107 0.05841030552983284 0.06573837995529175 0.02479025535285473 0.04138235002756119 -0.06417912989854813 -0.08272198587656021 0.03142847865819931 0.06192362681031227 -0.05499741807579994 0.0732504278421402 0.08782496303319931 -0.009656962007284164 -0.04335284233093262 0.05466342717409134 0.02238057553768158 0.00809421669691801 0.02195606380701065 -0.04758306220173836 -0.009666363708674908 -0.0727677196264267 0.0935525894165039 -0.03286425396800041 0.03620197996497154 0.06863963603973389 0.06390302628278732 0.04000057280063629 -0.06284322589635849 0.09979989379644394 0.05808485671877861 -0.07641036063432693 -0.02427087165415287 -0.07413448393344879 -0.007504440378397703 -0.017633093520998955 0.028511088341474533 0.04523884877562523 -0.06955023109912872 -0.072999007999897 0.08569995313882828 0.016574295237660408 0.10676956921815872 -0.040827807039022446 -0.05034632980823517 0.022892912849783897 -0.02584228292107582 -0.013179953210055828 0.10586580634117126 0.0743127316236496 5.142464084902249e-39 0.022999387234449387 -3.816104259852594e-39 -0.026959853246808052 0.039995696395635605 0.02189384214580059 0.11332505941390991 -0.018674517050385475 -3.4783661065779556e-39 -0.021430103108286858 0.02033315785229206 0.038140036165714264 -0.029531773179769516 -0.039336804300546646 -0.056987352669239044 0.02436150424182415 7.893318067756689e-40 -0.051897794008255005 0.03914389759302139 -0.05310686305165291 -0.006266172043979168 -0.055793825536966324 0.029245899990200996 -0.01128272246569395 3.2255508441367937e-40 0.0641484186053276 -0.06683416664600372 0.0048010991886258125 0.006993917748332024 0.045896727591753006 0.03424132987856865 0.06711447983980179 2.0754547477207006e-39 0.18402066826820374 0.05244385078549385 0.14458610117435455 -0.03052273392677307 -0.036625996232032776 -0.1080704778432846 0.015410955995321274 0.039051398634910583 -0.030774131417274475 0.002605630550533533 0.04367046803236008 -0.010152824223041534 -0.02014012262225151 -0.04824307560920715 0.06316137313842773 0.06989932060241699 -0.04657765477895737 -0.06168198958039284 0.03782050311565399 -0.07288718223571777 -0.025496570393443108 0.09357300400733948 0.048405662178993225 -0.019039258360862732 -0.043216075748205185 0.07326028496026993 0.013986026868224144 -0.059323523193597794 -0.017007876187562943 -0.051639579236507416 -0.08013538271188736 -0.029483551159501076 -0.06539113074541092 -0.05524096637964249 0.036757465451955795 -0.07040935009717941 0.051710344851017 -0.012231544591486454 -0.010039318352937698 0.04398569092154503 0.003432874334976077 0.018740303814411163 -0.042427483946084976 0.03037094883620739 0.09736797213554382 0.09212303906679153 -0.08111579716205597 0.07174217700958252 0.05838220193982124 0.06642724573612213 -0.033767253160476685 0.07530441135168076 0.09163369238376617 0.0795430988073349 -0.0472090020775795 -0.08554728329181671 -0.04251811280846596 0.0732688456773758 0.08120239526033401 0.05010306462645531 0.07525870203971863 0.05531050264835358 0.06085755303502083 0.04966980591416359 0.06948768347501755 0.07776545733213425 -0.0509239137172699 -0.0485554039478302 0.04842695966362953 -0.053894005715847015 0.001505985390394926 3.987072481589472e-40 0.003994102589786053 3.964966998314748e-39 -0.02601897343993187 0.034140147268772125 0.011962871998548508 0.01388002559542656 -0.014684115536510944 -3.8692372937243984e-39 -0.010168679989874363 0.04871620982885361 0.05609828606247902 -0.02993890643119812 -0.05752810835838318 0.09291135519742966 -0.03392859548330307 8.005253789086955e-40 0.055388253182172775 0.059495214372873306 -0.049063943326473236 -0.1199585497379303 0.054783303290605545 -0.027544666081666946 0.05388268083333969 -1.1649526627348648e-39 0.03824935853481293 0.025924155488610268 -0.01916011981666088 -0.017211349681019783 0.021486792713403702 0.026297718286514282 -0.043988898396492004 -4.023352098830842e-39 0.20078827440738678 0.00807267613708973 0.02546645514667034 -0.07737881690263748 0.042429789900779724 -0.1280285120010376 0.09812559932470322 0.042311858385801315 -0.014997121877968311 -0.045237068086862564 0.01343773677945137 0.07564243674278259 0.00746255274862051 -0.031270284205675125 -0.04074670746922493 0.06306736171245575 0.025407837703824043 -0.03497482091188431 0.004538710694760084 0.0425233319401741 0.06489221006631851 0.08564995229244232 0.044910695403814316 0.08238722383975983 -0.01279949676245451 -0.04202049598097801 -0.0576985627412796 0.04000995680689812 -0.04758790135383606 0.027328278869390488 0.07519165426492691 -0.07357743382453918 -0.06251484155654907 0.007190650794655085 0.05744853615760803 -0.0718940868973732 -0.05199667811393738 0.012518168427050114 -0.030033843591809273 -0.0558198019862175 0.051307935267686844 -0.03283139318227768 0.07978026568889618 0.06250488013029099 0.041092127561569214 0.03617839142680168 0.049464304000139236 0.06476008892059326 -0.06542553752660751 0.05223829299211502 -0.038415953516960144 -0.07164815813302994 0.08736558258533478 0.06531421840190887 0.08359039574861526 0.03208133578300476 0.0780685618519783 0.03858398646116257 -0.051936086267232895 0.011323816142976284 -0.05299823358654976 -0.0025181425735354424 0.013964138925075531 -0.05164552852511406 0.06162431091070175 -0.07482651621103287 0.0065523069351911545 0.05062010884284973 -0.07686764001846313 -0.06465895473957062 0.02065276727080345 -5.224045159158004e-38 -0.0012705884873867035 -1.555001287682749e-39 -0.03794824704527855 0.0006891105440445244 -0.06948775798082352 -0.04457911103963852 0.0017054242780432105 5.639174784539759e-38 0.01401553675532341 -0.0577009879052639 0.0247067678719759 0.009526044130325317 0.052579186856746674 0.0518169142305851 0.038913313299417496 -1.30029146971782e-39 -0.037850845605134964 -0.036386121064424515 -0.08433296531438828 -0.09051563590765 0.020766913890838623 -0.05917409062385559 0.011529946699738503 5.36985699060363e-39 0.02641727775335312 0.0009934318950399756 -0.015133027918636799 -0.1117909848690033 -0.0439026840031147 -0.008919203653931618 -0.004076952114701271 5.042687430346929e-39 0.04870132729411125 0.049590934067964554 -0.04039503261446953 -0.0006778594688512385 0.00757372984662652 0.006483853794634342 0.0024590305984020233 -0.0704653337597847 0.061726681888103485 0.04245292767882347 -0.05450538545846939 0.03603228181600571 0.043079864233732224 -0.047416649758815765 0.010844956152141094 -0.026669682934880257 -0.004984734114259481 -0.029001038521528244 0.055146731436252594 -0.03249621391296387 -0.03513142094016075 0.0022720012348145247 -0.015257817693054676 0.008405022323131561 0.017877843230962753 -0.02112322300672531 -0.055044736713171005 -0.04009003937244415 -0.013683401979506016 -0.043531615287065506 0.026811689138412476 -0.043498437851667404 -0.0065203504636883736 -0.03905828297138214 -0.007609029766172171 0.07216647267341614 -0.040108572691679 -0.001515102107077837 0.05139303579926491 0.008407844230532646 -0.04709796980023384 0.045959170907735825 0.09013567864894867 0.07460955530405045 -0.007994716987013817 -0.006750801112502813 -0.0019046488450840116 0.021033719182014465 -0.0060067069716751575 -0.015658697113394737 0.010503333061933517 -0.007031249348074198 0.02440156787633896 0.0350523479282856 -0.028750494122505188 0.07944019883871078 0.04665708914399147 0.07547436654567719 -0.036495666950941086 0.004493867978453636 -0.055904537439346313 -0.04820796847343445 0.006664946675300598 -0.034724704921245575 0.017295973375439644 0.05365573614835739 0.022573906928300858 -0.03926585987210274 -0.05362984910607338 0.04260144382715225 -0.0029774450231343508 1.23496713920639e-39 0.018655162304639816 1.0969252274857522e-38 0.03638143464922905 0.0526060126721859 -0.04971122741699219 -0.015714239329099655 -0.09814224392175674 1.7443839725393193e-39 0.010526414029300213 -0.0430922731757164 -0.0415944941341877 0.007441764231771231 0.04117417335510254 -0.08495430648326874 0.024426084011793137 -5.483991349224422e-39 0.046172257512807846 0.039723873138427734 0.0003948601661249995 -0.1143045648932457 -0.049278825521469116 0.07773178815841675 0.07098421454429626 -3.5416271652305137e-38 0.09023091942071915 0.02961033396422863 -0.03245702385902405 0.034642841666936874 0.001892348169349134 -0.012975102290511131 0.06077773869037628 -1.6708017901776232e-39 0.09979750961065292 -0.021609872579574585 0.06125940755009651 0.015002571046352386 -0.03364173322916031 -0.0018311642343178391 0.008009311743080616 -0.06744328141212463 -0.04853120818734169 0.09859007596969604 -0.013820511288940907 -0.06229962036013603 -0.039915092289447784 0.08970049768686295 -0.03283224254846573 0.024459190666675568 0.04264434799551964 0.09641887247562408 -0.041122205555438995 0.07511861622333527 0.051101263612508774 0.09194441884756088 -0.018288832157850266 0.09247137606143951 0.08733896166086197 0.04173610359430313 -0.011594022624194622 -0.0236943531781435 -0.0476861447095871 0.0007815937860868871 -0.029422413557767868 0.0030984908808022738 0.07624933123588562 0.0435204915702343 -0.07036016136407852 0.09330838918685913 -0.05092340335249901 0.027211124077439308 -0.012779194861650467 -0.012100955471396446 -0.018659314140677452 -0.03507079929113388 0.03852381557226181 0.057606857270002365 -0.04517853260040283 -0.05741376802325249 0.01646055467426777 0.06686437129974365 -0.048974018543958664 -0.047443538904190063 -0.020839780569076538 0.050322581082582474 -0.04178183153271675 -0.033229243010282516 0.06035005673766136 -0.0863284319639206 0.07099578529596329 -0.05532558262348175 -0.012819881550967693 0.01943739876151085 -0.020825473591685295 -0.03177712485194206 0.00046996650053188205 0.0537419468164444 0.04793630167841911 0.00639214925467968 -0.05092038959264755 0.0752139538526535 -0.002049744129180908 0.003638213500380516 -0.00550904730334878 -3.699838526267564e-39 0.03315167501568794 -1.1980148987021445e-39 0.03622017800807953 0.01688605360686779 -0.033213790506124496 0.05919238552451134 -0.03893936052918434 6.065164473020032e-39 -0.04230804368853569 -0.04025875777006149 -0.024360032752156258 0.0034624438267201185 0.09518707543611526 0.04160775616765022 -0.04328499734401703 -1.7994297788149268e-39 -0.07378315180540085 0.013097104616463184 -0.021715104579925537 -0.049315378069877625 0.005904262885451317 0.005184426438063383 0.11010724306106567 -6.773187337701718e-39 -0.005238609854131937 0.05771460384130478 0.05049634724855423 -0.09630792587995529 -0.062179528176784515 -0.02396148070693016 0.05198947340250015 -3.235760704747864e-39 0.08973770588636398 -0.015661785379052162 -0.01561648491770029 -0.10023978352546692 0.024955250322818756 -0.0599883496761322 -0.024538937956094742 0.021174345165491104 -0.010495373979210854 0.020541932433843613 -0.021876368671655655 -0.0038514083717018366 -0.09843959659337997 0.031649429351091385 -0.017232801765203476 0.06526435911655426 -0.07347393780946732 -0.034050021320581436 0.09279695153236389 0.05937410891056061 -0.06470159441232681 0.09464980661869049 -0.04103557765483856 -0.027080204337835312 -0.011419027112424374 -0.03412606939673424 0.02976604551076889 -0.06644881516695023 0.09073500335216522 0.04417525976896286 -0.0649031400680542 0.04019692912697792 -0.039591070264577866 0.04172872006893158 0.0035394385922700167 -0.0741865411400795 -0.01832437328994274 -0.06334348767995834 0.049444522708654404 -0.028448227792978287 0.08763545751571655 -0.03166850283741951 0.05286940187215805 -0.07321098446846008 0.04295046627521515 0.049472831189632416 -0.02879974991083145 0.014052084647119045 -0.006221948191523552 0.015766272321343422 0.06566677242517471 0.017432082444429398 -0.09160818159580231 0.09392507374286652 0.10373548418283463 0.038798317313194275 0.08490218967199326 0.07210494577884674 0.003525779116898775 0.05105779320001602 0.02385771833360195 -0.007443373557180166 0.032419633120298386 -0.03294350206851959 0.020514819771051407 -0.037457674741744995 -0.04368087276816368 -0.058430757373571396 -0.003530898131430149 0.04523938149213791 -0.068951815366745 -5.7034010575745444e-39 -0.003954919055104256 5.3193976342017575e-39 -0.020068608224391937 -0.02696915715932846 -0.04512307420372963 -0.03494948893785477 0.0012388649629428983 3.6872856946241425e-39 -0.03211253881454468 0.0061016022227704525 -0.020874669775366783 0.03091116063296795 -0.06276408582925797 -0.06210635229945183 -0.004106469452381134 2.6684758500321773e-39 -0.019753582775592804 -0.011232505552470684 -0.0655897781252861 -0.08745910972356796 0.0112457275390625 -0.08895289152860641 0.026095731183886528 2.378791023696165e-39 -0.01870257779955864 0.0049632941372692585 0.004401691257953644 -0.06064320728182793 -0.0018623149953782558 -0.014696944504976273 -0.004472986329346895 -4.37106329327608e-39 0.09196838736534119 0.06453225761651993 0.010984566994011402 -0.0498952753841877 0.031443752348423004 -0.04776770621538162 -0.021364137530326843 -0.035706520080566406 -0.007926242426037788 0.01779881864786148 -0.07670547068119049 0.03568205237388611 0.01103080902248621 0.014083032496273518 -0.027588415890932083 0.00440756743773818 0.08507341891527176 -0.05773938447237015 0.09118899703025818 -0.0003504253691062331 0.014197652228176594 0.040510937571525574 -0.043145887553691864 -0.00363630591891706 0.02191883884370327 0.06454504281282425 0.01769578829407692 0.04092155024409294 -0.030873894691467285 -0.07124067097902298 0.05200588330626488 0.0029522415716201067 0.029497167095541954 -0.053113874047994614 0.0287636611610651 -0.027208533138036728 -0.017156856134533882 -0.0048523107543587685 0.012798849493265152 0.034835103899240494 -0.00016886755474843085 -0.04512757435441017 -0.03681251406669617 0.0008646559435874224 -0.03842977061867714 -0.0023955549113452435 -0.022200072184205055 0.002134384587407112 0.01628892682492733 0.038122765719890594 0.001010623062029481 0.02324657514691353 -0.017947006970643997 0.05854404717683792 -0.007481188513338566 -0.014422081410884857 0.018512599170207977 0.07806751132011414 -0.03436720743775368 0.050029367208480835 0.017178434878587723 0.013948628678917885 -0.086037777364254 0.009883243590593338 0.04929015785455704 0.02437346801161766 0.009703191928565502 0.07990018278360367 0.035082198679447174 -0.06447558104991913 0.006522707641124725 -6.17143054076364e-40 0.01318729855120182 7.922333914278384e-38 -0.03838314488530159 0.041772905737161636 -0.022941995412111282 -0.029639577493071556 -0.03736588731408119 1.0052088416972286e-39 0.06450541317462921 -0.046426404267549515 0.015070057474076748 0.03933866322040558 0.060734957456588745 0.027949616312980652 -0.09047660231590271 2.73722915788581e-39 0.0006473727989941835 -0.02053755521774292 -0.05668218806385994 -0.06427338719367981 0.05581948533654213 -0.13249409198760986 0.0880330502986908 -5.639217384013075e-39 0.05330386757850647 0.02246970869600773 -0.019686518236994743 -0.03629234805703163 0.025211462751030922 -0.05915319174528122 -0.09312356263399124 -2.8099103053349454e-39 0.19598224759101868 0.010015217587351799 -0.01494542881846428 -0.07491008192300797 0.05550314486026764 -0.0076399813406169415 -0.031708646565675735 0.11094953119754791 0.013370790518820286 0.041147924959659576 -0.05359756201505661 0.024177227169275284 -0.00816123653203249 0.025015324354171753 0.09179364144802094 -0.06370168179273605 0.07040899246931076 0.03453782945871353 -0.06397943198680878 -0.06766805052757263 -0.051652006804943085 0.11281643062829971 0.0015907963970676064 -0.07941804826259613 0.028047367930412292 0.03510107100009918 -0.01694329082965851 0.04492044448852539 0.02247008867561817 0.05010988935828209 -0.07215554267168045 -0.029994864016771317 0.07831920683383942 0.09166194498538971 0.07645174860954285 -0.03774957358837128 -0.03574329987168312 -0.04407268762588501 0.012704964727163315 0.05070344731211662 0.05316252261400223 0.024472761899232864 -0.06936468183994293 0.04799840971827507 -0.0451384037733078 -0.00891636312007904 -0.05261167883872986 0.05664500966668129 0.028307810425758362 0.050774771720170975 0.024545865133404732 -0.06509502232074738 0.055292535573244095 -0.018806707113981247 0.0765504464507103 -0.019983582198619843 0.11530642211437225 0.020197268575429916 -0.02201884239912033 0.03960534185171127 0.06867430359125137 0.008885296992957592 -0.05753757804632187 -0.05569031834602356 0.09274697303771973 -0.0703018307685852 -0.03591093793511391 -0.004277684725821018 0.04137522727251053 -0.07569094002246857 0.010068795643746853 5.3134435170268414e-39 0.047293417155742645 2.8038623011629195e-39 -0.06099819391965866 0.02501695044338703 0.019378628581762314 -0.0007770221563987434 -0.0690322294831276 -3.319939506096785e-39 0.04620769992470741 -0.046950917690992355 -0.05223719775676727 0.02984202280640602 -0.0042992280796170235 0.041431818157434464 0.05906786769628525 -4.053164723659352e-39 0.03706427291035652 0.056350015103816986 -0.07078976929187775 -0.10082121938467026 -0.03712582588195801 -0.08137419074773788 -0.0025328942574560642 -1.2231836204198825e-39 0.07777681201696396 0.037021998316049576 -0.034620605409145355 -0.06246108561754227 0.007362119387835264 0.08871246874332428 -0.0142300333827734 -1.2343057263312286e-39 0.27518153190612793 0.03858521953225136 0.08903864026069641 -0.07497910410165787 -0.047349777072668076 0.06644372642040253 -0.03558918088674545 0.06945742666721344 0.08878888934850693 -0.0010539426002651453 -0.08196546137332916 0.046971678733825684 -0.09036611020565033 0.057156339287757874 0.04728924110531807 0.036969415843486786 0.07588590681552887 0.09742344170808792 -0.01634347438812256 -0.04358727112412453 0.08859263360500336 -0.08831263333559036 0.06128523871302605 -0.05045255273580551 0.07198307663202286 -0.015446331351995468 -0.07641305774450302 0.08095557242631912 -0.07177224010229111 0.045036397874355316 -0.08028298616409302 0.07073725014925003 0.03220807760953903 0.05824621021747589 -0.0931248813867569 -0.07505454123020172 0.02340841479599476 0.08070026338100433 0.09110213071107864 -0.03996998071670532 -0.04429557919502258 0.019640309736132622 -0.000781677954364568 -0.04496193304657936 0.012873031198978424 0.0455901212990284 0.07118476927280426 0.008408667519688606 -0.07335582375526428 0.036727920174598694 0.03176587447524071 -0.06836578249931335 -0.016351832076907158 0.0023363023065030575 0.029397809877991676 -0.08530866354703903 0.06882304698228836 -0.07546435296535492 0.09071148186922073 0.08164730668067932 -0.08106628805398941 0.09682178497314453 0.06748401373624802 -0.04303770139813423 0.057578910142183304 0.019320445135235786 0.04639339819550514 0.095161572098732 0.09189621359109879 -0.07384445518255234 -0.04897370934486389 1.8084373253436067e-39 0.014824518002569675 -5.6641745096627e-40 0.019294528290629387 0.0534212701022625 -0.08922453969717026 0.06433509290218353 0.00560788344591856 -4.586211652996191e-39 -0.011278273537755013 8.234188135247678e-05 -0.007355194538831711 -0.02635987475514412 0.10015472769737244 0.07847074419260025 0.06669270992279053 4.610168251542288e-39 0.010523035190999508 -0.08114580065011978 -0.0702054426074028 -0.04059955105185509 -0.011167253367602825 -0.021144825965166092 -0.0730973556637764 1.2487587186922748e-39 0.03358718752861023 0.005796677432954311 -0.013946596533060074 -0.06672988831996918 0.010116130113601685 -0.02831682376563549 -0.04128500446677208 4.0633171310333856e-39 0.1391908824443817 0.05267795920372009 0.08437977731227875 -0.02828054130077362 0.005604158155620098 0.026999006047844887 0.06374529749155045 -0.08364632725715637 -0.033182088285684586 -0.05131915956735611 0.02245197631418705 -0.020959235727787018 0.051582563668489456 0.07002217322587967 0.054009489715099335 0.020896820351481438 -0.06947390735149384 0.06796380132436752 -0.06798982620239258 -0.06263618171215057 -0.049415335059165955 0.05385655164718628 0.03723718971014023 -0.02071491815149784 0.05329608544707298 -0.040810342878103256 -0.003781491657719016 -0.04477692395448685 0.06980954110622406 0.10551027953624725 -0.03354514762759209 -0.002875847741961479 -0.006964847445487976 -0.08375290781259537 -0.07022624462842941 0.030535850673913956 -0.09244827181100845 0.0686035081744194 -0.08693385124206543 -0.08127118647098541 -0.034015826880931854 -0.025168180465698242 0.05385935679078102 0.03543456271290779 0.02962157316505909 -0.054064393043518066 -0.0744355320930481 0.02078385092318058 -0.009301128797233105 0.010356824845075607 0.016736416146159172 -0.04367757961153984 0.044234734028577805 5.0420829211361706e-05 0.03574562817811966 -0.039685897529125214 0.05204019695520401 0.029687900096178055 -0.016903940588235855 0.07780864089727402 0.05373634770512581 0.09814301878213882 -0.03437509387731552 -0.06319540739059448 -0.062237296253442764 0.06085336208343506 0.008973242715001106 -0.0622137077152729 -0.0021320139057934284 0.06985574960708618 0.06018618121743202 1.2433665222015529e-39 0.002606130437925458 -3.0797877778777262e-40 -0.10013564676046371 -0.053380344063043594 -0.027177227661013603 -0.023077551275491714 -0.019376106560230255 5.6441681714875344e-39 0.019031263887882233 -0.035562194883823395 -0.03161187842488289 -0.030958404764533043 0.08715660125017166 0.07850182056427002 -0.05216098576784134 1.1852574774829314e-39 0.040371935814619064 -0.027866365388035774 -0.059417951852083206 -0.010296111926436424 0.035569027066230774 -0.05347414314746857 0.00815365370362997 -6.816465039473926e-39 0.11094363033771515 0.008875195868313313 0.07959040999412537 0.011898991651833057 -0.0469314306974411 -0.07816315442323685 -0.0113289849832654 -1.3990788075573266e-39 0.23891624808311462 -0.0035445846151560545 0.11708497256040573 -0.033846840262413025 0.01343589462339878 0.014092951081693172 0.03144775703549385 -0.0023660040460526943 0.06749893724918365 -0.032166626304388046 0.03021244704723358 -0.0634833574295044 0.03602663427591324 -0.004903509747236967 -0.06227219104766846 -0.045770313590765 0.07038027048110962 0.06962978094816208 -0.06028762832283974 0.005900480784475803 0.06394432485103607 -0.06684111803770065 0.03464473411440849 0.03243299946188927 0.05393453314900398 0.08656495809555054 0.10440391302108765 0.08451741933822632 0.06893151998519897 0.07248681038618088 -0.007913103327155113 -0.09227801859378815 -0.006602630019187927 -0.05999203771352768 -0.059103209525346756 -0.017131604254245758 -0.0018861705902963877 0.016372382640838623 0.0935865119099617 0.11269164085388184 -0.08362432569265366 0.0877583920955658 0.028677577152848244 0.0725383460521698 -0.04149920493364334 0.020585840567946434 0.07126748561859131 0.0492088720202446 0.04520441219210625 -0.042196813970804214 0.06847883015871048 0.07789092510938644 0.03595584258437157 -0.06658871471881866 -0.024647662416100502 0.0926114171743393 0.04011252894997597 -0.04688035324215889 -0.016091343015432358 0.010794824920594692 -0.08292657136917114 -0.10018190741539001 -0.08305970579385757 0.004071690607815981 -0.0076848650351166725 -0.05496440455317497 0.07299959659576416 0.001605785102583468 -0.07540322095155716 -0.03376520052552223 0.03698825091123581 -5.396739500343237e-39 -0.03301377594470978 -4.446105628637603e-39 -0.014231462962925434 0.03403317555785179 -0.07700946927070618 0.06645182520151138 0.08070983737707138 -6.421828563353842e-40 0.000573455065023154 0.0194384902715683 0.016678130254149437 -0.03334187716245651 0.07495136559009552 0.018602892756462097 -0.06197945401072502 -1.9037256209176943e-38 -0.00854886882007122 0.02001994661986828 0.008919157087802887 -0.012455806136131287 0.02609669417142868 -0.09915728121995926 0.08861782401800156 8.863773306240198e-41 0.05809573084115982 0.05816840007901192 0.019970394670963287 -0.026319243013858795 -0.1117410808801651 0.08896485716104507 0.025516439229249954 -5.777930517698124e-39 0.22639955580234528 -0.030697112902998924 0.07579836249351501 -0.09715448319911957 0.06966111809015274 -0.027785714715719223 -0.05283251032233238 0.03225729987025261 -0.01931460201740265 -0.014304133132100105 -0.0391140952706337 0.03400135785341263 0.0014847996644675732 0.08902151882648468 0.0028211395256221294 0.013214804232120514 0.05618925392627716 0.08635728806257248 0.0003383869770914316 0.024564754217863083 -0.06515271961688995 0.0041958922520279884 0.08656110614538193 0.002317627891898155 0.014592291787266731 -0.08577281981706619 -0.05026146396994591 -0.06790869683027267 0.05728637054562569 -0.07406248152256012 0.009794960729777813 0.09047155827283859 -0.07788945734500885 0.04711494594812393 0.09724635630846024 0.08547589927911758 0.010447261855006218 0.002546405652537942 0.06214594841003418 -0.04798179492354393 0.06190649792551994 -0.012668670155107975 -0.03309803083539009 -0.07743921875953674 0.027425019070506096 -0.0026638624258339405 -0.050159480422735214 -0.03858814388513565 -0.046971287578344345 0.055402614176273346 -0.014704222790896893 0.09548640251159668 -0.04713796079158783 -0.06378363817930222 -0.006320898421108723 -0.07078329473733902 0.07833877205848694 -0.03306060656905174 -0.01764850690960884 0.04527593404054642 0.03160150349140167 -0.026204347610473633 -0.0669984370470047 -0.05874088406562805 0.04921511560678482 -0.019874682649970055 -0.04306012764573097 -0.05007843300700188 0.06756860017776489 0.01910853013396263 0.031671345233917236 -1.7522957036688973e-39 -0.06053454801440239 -1.0004990775586329e-39 -0.05826063081622124 -0.06291352212429047 -0.04950571060180664 -0.03283841162919998 0.007125775329768658 7.48192486460021e-40 -0.004496973007917404 -0.07243157923221588 -0.08145593851804733 -0.07983643561601639 -0.04688906669616699 0.061213526874780655 -0.05123894661664963 4.14170716842618e-39 0.01969693973660469 -0.004554344341158867 -0.12827229499816895 -0.05602022632956505 -0.005761280190199614 0.001591714913956821 -0.012051706202328205 -8.863451007593403e-40 0.06835772097110748 0.0143306665122509 -0.03453991562128067 -0.04750324413180351 0.010200963355600834 -0.042893897742033005 -0.0581628680229187 6.285514452639717e-39 0.20840314030647278 0.00449731620028615 0.009375505149364471 -0.10705429315567017 -0.014145473949611187 -0.014737477526068687 0.027285628020763397 0.028259534388780594 0.059756625443696976 -0.002025540452450514 0.05088662728667259 0.015633370727300644 0.077876515686512 -0.00911007635295391 0.06188057363033295 0.048998408019542694 -0.005833335220813751 -0.053280360996723175 -0.04814176633954048 -0.007742071989923716 0.014302933588624 -0.020104097202420235 0.057133208960294724 0.08932706713676453 -0.04195329174399376 -0.10239765048027039 -0.046491190791130066 -0.060722026973962784 -0.025484448298811913 -0.07620082050561905 -0.046562157571315765 -0.035635121166706085 0.0019221724942326546 -0.07624561339616776 0.046397723257541656 -0.08736438304185867 -0.0033415472134947777 -0.003239078912883997 -0.0605146624147892 0.055812686681747437 -0.04363306611776352 0.07798231393098831 -0.030833812430500984 -0.012048023752868176 -0.043316759169101715 -0.03134514018893242 0.01718452200293541 -0.023170866072177887 0.030917907133698463 -0.06831957399845123 -0.058532487601041794 -0.012088344432413578 0.029305264353752136 0.013331586495041847 -0.015417949296534061 -0.019610371440649033 0.015180977061390877 0.11653059720993042 0.024941835552453995 -0.08388994634151459 0.10742543637752533 -0.01941816695034504 -0.06246967986226082 -0.04148474708199501 0.04291300103068352 0.024806510657072067 0.009653880260884762 0.09353883564472198 -0.009801306761801243 0.07413466274738312 -0.006268851924687624 -6.0875628276738e-39 0.042257677763700485 -5.274309454813642e-39 -0.020832519978284836 -0.004505496472120285 -0.03916257619857788 -0.0016270761843770742 0.07122451812028885 -2.6656396219403838e-39 0.013894567266106606 0.01882905885577202 -0.036632001399993896 0.04708976298570633 0.0033879035618156195 0.003173497738316655 0.020771902054548264 -3.064073616898788e-39 0.004798350390046835 0.013611061498522758 -0.0402788445353508 0.05559695139527321 -0.02074268087744713 0.029230257496237755 -0.0003062722971662879 -1.0707097358151635e-39 0.0024191930424422026 0.03134285286068916 0.016275528818368912 -0.02126520685851574 0.003947694320231676 0.03280661627650261 -8.61823937157169e-05 -3.147150997654749e-39 0.25014176964759827 0.028822187334299088 0.04117964208126068 -0.011218423955142498 0.02842441387474537 -0.05613718181848526 -0.017794160172343254 0.001418263535015285 0.08540446311235428 0.07441726326942444 -0.04663864150643349 -0.06181132793426514 -0.05007215589284897 0.08817007392644882 0.04518880322575569 0.05133914574980736 -0.04053763300180435 -0.06530700623989105 0.05474519357085228 -0.03541090711951256 0.0397740975022316 0.048486195504665375 -0.03559773042798042 -0.025221627205610275 0.02938186191022396 0.05354239046573639 -0.056567996740341187 0.06409803032875061 -0.04389869421720505 0.06896504759788513 -0.06972628086805344 -0.03924284130334854 0.0631985142827034 -0.06164557859301567 -0.0511091984808445 0.08047617226839066 0.0712311640381813 -0.047744832932949066 -0.029878266155719757 0.07186781615018845 0.05379417538642883 0.025593528524041176 0.06505341082811356 0.06578525900840759 -0.033889319747686386 -0.05742986872792244 -0.053618963807821274 0.0796549841761589 0.007468658033758402 0.07072556763887405 0.06495369225740433 -0.02178283967077732 -0.01292666606605053 0.06635618209838867 0.07706256955862045 0.06942540407180786 0.054301295429468155 -0.060350898653268814 0.047573208808898926 0.0263255275785923 -0.04141070693731308 0.05081396549940109 -0.06624121963977814 0.07064392417669296 -0.020136170089244843 -0.0004286226467229426 0.06644316017627716 -0.03699381649494171 -0.04513954743742943 0.050848837941884995 0.008623448200523853 4.867047279529992e-39 -0.03297651931643486 5.369775715292699e-39 -0.025874631479382515 0.007986613549292088 0.08958254009485245 0.0004550607700366527 -0.06632959842681885 -2.0599353672283033e-39 -0.05822670832276344 0.051314059644937515 -0.052123162895441055 -0.02645578794181347 0.020032715052366257 -0.05227275565266609 0.015655232593417168 -5.91741997073241e-39 -0.005807233974337578 -0.13774967193603516 -0.028657114133238792 -0.0665585920214653 -0.0014056353829801083 0.02075081691145897 -0.049599695950746536 -4.317027823193251e-39 0.06206215173006058 0.022466078400611877 0.015292753465473652 -0.02835286781191826 0.027660490944981575 0.054418936371803284 0.017117828130722046 3.543256034565445e-39 0.10388613492250443 0.04515416920185089 0.004946896806359291 0.007160023786127567 -0.00521098542958498 -0.03286098688840866 -0.025523772463202477 0.07084435224533081 -0.013212602585554123 0.05083055421710014 -0.0256950743496418 -0.03449464589357376 0.06687785685062408 0.0022141982335597277 0.023888198658823967 -0.01724930666387081 0.08565674722194672 0.07927379012107849 0.039618950337171555 0.004120652563869953 -0.05997665598988533 0.009168456308543682 0.021030083298683167 -0.05378158763051033 -0.051993243396282196 0.02441597171127796 0.0779179260134697 0.036608871072530746 -0.023252226412296295 0.07140833139419556 -0.015585124492645264 0.01469484530389309 -0.052498944103717804 -0.04346823692321777 -0.003900134703144431 0.07490874826908112 -0.04851595312356949 0.05939497426152229 0.01128723006695509 -0.029038500040769577 -0.04803169146180153 -0.058394938707351685 0.07656688988208771 -0.06055812910199165 0.08162606507539749 0.024534346535801888 -0.04943432658910751 -0.047926243394613266 0.07198817282915115 0.048620015382766724 -0.025548633188009262 -0.030721792951226234 -0.05026424303650856 -0.0303641390055418 0.03969760611653328 0.046124812215566635 0.050388798117637634 0.09181316941976547 0.04902372509241104 0.07397937029600143 -0.021440640091896057 -0.03914855048060417 0.07273809611797333 0.0009449395001865923 -0.03732828050851822 -0.044258199632167816 -0.044436320662498474 -0.051651354879140854 0.08348985761404037 -0.04786808043718338 0.04607775807380676 3.168334426539947e-39 0.04722335562109947 -3.2454338680470985e-39 -0.022511620074510574 0.057486265897750854 -0.08601351827383041 -0.038184747099876404 -0.024520069360733032 4.7094418399489155e-39 -0.05633390322327614 0.023579344153404236 -0.08460516482591629 -0.005834593903273344 -0.0022814543917775154 -0.06829071789979935 -0.04072776436805725 4.173052813774662e-40 -0.06984278559684753 -0.032027844339609146 0.006333140190690756 0.06732699275016785 0.05116555839776993 -0.015524993650615215 0.032393380999565125 7.740464431268138e-40 0.04499082267284393 0.03588069602847099 -0.0006996962474659085 -0.028320131823420525 -0.02642347477376461 -0.04741209000349045 -0.051541320979595184 -7.472410048027444e-40 0.22133494913578033 0.025777054950594902 0.09093072265386581 -0.04124649614095688 -0.09380930662155151 0.014343123883008957 0.04832415655255318 -0.044199008494615555 -0.0028067841194570065 -0.008696273900568485 0.029128853231668472 0.08509516716003418 -0.009252360090613365 -0.0524911992251873 0.029056232422590256 0.007399011868983507 -0.027299541980028152 0.06250231713056564 0.07720532268285751 0.0815025269985199 -0.06023282930254936 -0.07995359599590302 -0.02774844691157341 0.07679127156734467 -0.0982326790690422 -0.026060238480567932 0.08437745273113251 -0.03571836277842522 0.06439664959907532 0.06195251643657684 0.013963764533400536 0.06345189362764359 -0.012624343857169151 0.021573517471551895 0.06631582975387573 0.07625488936901093 0.060447290539741516 0.10102178156375885 0.04958692193031311 0.02969130501151085 0.0360909067094326 0.08909695595502853 -0.04558415338397026 -0.07722514122724533 0.0491231307387352 -0.05985845997929573 -0.07667218148708344 0.09925428032875061 0.007732900325208902 -0.04828513786196709 -0.056565720587968826 0.005205404944717884 0.03194459527730942 -0.07294019311666489 0.07064998894929886 -0.06960542500019073 -0.01250932551920414 -0.05683346837759018 -0.037981219589710236 0.059091370552778244 -0.023882919922471046 0.043000560253858566 0.006618382874876261 -0.08130671083927155 0.034344639629125595 0.037639278918504715 -0.05369426682591438 -0.05637966841459274 0.05361028015613556 0.05114730820059776 0.035433705896139145 -2.79175087853576e-39 -0.03384539857506752 -6.97282892861561e-39 0.018909530714154243 -0.01835588924586773 0.03369195759296417 0.05466940999031067 0.022639231756329536 -5.1315605815513374e-39 -0.007828988134860992 -0.0051099928095936775 0.010138284415006638 0.04763421416282654 -0.10750878602266312 -0.023682009428739548 -0.06386101245880127 1.2266546367160151e-40 -0.10116797685623169 0.01318566408008337 -0.07066109776496887 -0.10232580453157425 0.05609383061528206 0.08933424949645996 -0.008684792555868626 -7.006982776086599e-40 0.07155156880617142 0.01790129579603672 -0.02980646677315235 -0.1287730485200882 0.05118175223469734 0.05001440644264221 0.007975577376782894 -1.1768482853985181e-39 0.24945507943630219 0.06971241533756256 0.011741813272237778 -0.013739914633333683 0.016231125220656395 -0.05793089047074318 -0.044492609798908234 0.06477313488721848 0.0907183438539505 0.022356584668159485 -0.006350912153720856 0.09038717299699783 0.07652606815099716 0.056493233889341354 0.044426802545785904 -0.08461008965969086 0.06962387263774872 0.09541640430688858 -0.03425579145550728 -0.07777799665927887 -0.08645205944776535 0.04961853846907616 0.0684330090880394 0.02986118383705616 -0.017543287947773933 0.05035168305039406 -0.10282959789037704 0.055811673402786255 -0.006300520151853561 -0.017974553629755974 -0.05226358026266098 0.09054821729660034 0.05127360299229622 -0.07184731960296631 -0.028619825839996338 0.05003691837191582 0.01263092178851366 0.09183835238218307 -0.03758573904633522 0.08027538657188416 -0.04256339371204376 0.06036980450153351 -0.0543905608355999 0.05582335963845253 0.03463419899344444 -0.09729329496622086 -0.0963788852095604 0.03517525643110275 0.04081970080733299 -0.06337742507457733 -0.0497283898293972 -0.08151393383741379 -0.08320371061563492 -0.06801696866750717 -0.0567467026412487 0.05617278069257736 0.008005519397556782 -0.08813398331403732 0.009174962528049946 -0.024126237258315086 -0.0011749769328162074 0.09597911685705185 -0.07875249534845352 0.08934861421585083 0.05465386435389519 0.11373249441385269 -0.018147312104701996 0.01358802616596222 -0.028996093198657036 -0.09412824362516403 0.0009274545009247959 6.747222678456243e-39 0.0008009743178263307 4.445887026077168e-39 -0.03883037343621254 0.01110280305147171 0.07198261469602585 0.031211653724312782 0.021772118285298347 -2.8659552374156164e-39 -0.037566062062978745 -0.03958367556333542 -0.036472633481025696 -0.05902845412492752 -0.10829568654298782 -0.10037194937467575 -0.032855190336704254 2.4601041696855413e-39 -0.03368722274899483 -0.03274672478437424 -0.008133606053888798 -0.13034211099147797 0.005237712990492582 0.11937128752470016 -0.012543990276753902 -1.9079981799354207e-39 0.05798735097050667 0.031191127374768257 0.005316776689141989 -0.020288066938519478 -0.0200043972581625 -0.021754642948508263 -0.04151875898241997 -3.4938364416241015e-39 0.1519870162010193 0.06868410110473633 -0.046432092785835266 -0.030228301882743835 0.045183125883340836 0.08351480215787888 0.049792271107435226 -0.062493156641721725 -0.027594074606895447 0.08889554440975189 0.07322356104850769 -0.05897212028503418 0.019454075023531914 0.006971321534365416 0.03559946268796921 0.03258546069264412 -0.06372064352035522 -0.018893657252192497 -0.00355673604644835 0.011001938953995705 0.04250672087073326 -0.050998494029045105 -0.0643223226070404 0.019156694412231445 0.022585168480873108 -0.02029394917190075 0.0642269030213356 -0.03171764686703682 0.08412652462720871 -0.027074387297034264 -0.04289506375789642 0.11800433695316315 -0.02769821137189865 0.02056151069700718 0.08796131610870361 -0.051909126341342926 0.06649678200483322 0.0002655766438692808 0.054493848234415054 -0.05378657951951027 0.07809697091579437 -0.05299084261059761 -0.0037201233208179474 0.11497917771339417 0.011033139191567898 0.02802831493318081 -0.0560247004032135 0.04262460768222809 0.03461430221796036 -0.013144862838089466 0.018978655338287354 -0.058655161410570145 -0.03108159266412258 -0.0247319508343935 0.02466697059571743 -0.061579424887895584 -0.052459631115198135 -0.04523830488324165 -0.0555880144238472 -0.02853749319911003 0.09936508536338806 0.0019010560354217887 -0.05420135706663132 -0.012038378044962883 0.03387342765927315 0.034030038863420486 0.05303701385855675 -0.04426904395222664 0.09028620272874832 0.06275708973407745 0.049636248499155045 -4.117810825714049e-39 -0.013476344756782055 -5.703464116005439e-39 0.007285997737199068 0.005710063502192497 0.013441817834973335 -0.01960838958621025 -0.013236007653176785 -5.3914383882526964e-39 0.0050384169444441795 -0.028047287836670876 -0.020297585055232048 -0.029407579451799393 -0.03370840847492218 -0.03823086619377136 0.03403530642390251 5.25620607995303e-39 -0.04266941547393799 -0.029013795778155327 -0.04840467870235443 -0.00534215709194541 0.0017855309415608644 0.017963595688343048 0.016251638531684875 6.130247780195598e-39 0.07275579124689102 -0.004790336824953556 0.009588719345629215 0.03749171271920204 -0.022977368906140327 0.022940650582313538 -0.012473818846046925 -4.7947711073370466e-39 0.05416334792971611 0.02569444477558136 0.013290365226566792 0.02871997468173504 -0.0015591324772685766 0.04782877117395401 -0.010898794047534466 -0.01989549584686756 -0.03489664942026138 0.03249550610780716 0.017188725993037224 0.039086002856492996 0.04106493294239044 0.03241719678044319 -0.01393380481749773 -0.0014303410425782204 -0.019320368766784668 0.060947950929403305 0.05402620509266853 -0.00841185450553894 0.027877608314156532 -0.03750180825591087 -0.042226117104291916 0.01470725703984499 -0.03234001249074936 0.031387098133563995 0.0038500900845974684 -0.037686675786972046 0.02224426157772541 0.01940612867474556 0.04822785034775734 0.028891069814562798 0.009934261441230774 0.0019617853686213493 0.013635506853461266 -0.0035960937384516 0.023002658039331436 -0.03254317864775658 -0.02546989731490612 0.017597878351807594 0.042893264442682266 -0.01648750901222229 0.003351952414959669 -0.03825177997350693 -0.03409182280302048 -0.007404614239931107 0.052160728722810745 -0.03698888048529625 0.03919798135757446 0.06116841733455658 0.03916235640645027 -0.031042568385601044 -0.005959119647741318 -0.014989219605922699 -0.01859443075954914 0.014606962911784649 -0.022220490500330925 -0.03311613202095032 0.029185766354203224 -0.01793314516544342 0.00037378352135419846 0.05772053077816963 0.04815039411187172 0.007220411207526922 -0.008029203861951828 0.013146487064659595 0.05036831647157669 -0.019031813368201256 0.030011102557182312 0.017890973016619682 0.015039880760014057 5.80822687075652e-38 -0.002726481994614005 9.395187722866098e-40 0.008497616276144981 -0.000779827474616468 -0.06275739520788193 0.0017498723464086652 0.025438763201236725 9.730756666117962e-41 -0.046824607998132706 0.014734664931893349 -0.03427303582429886 -0.0015128719387575984 0.00040097092278301716 -0.05798760801553726 0.006805162411183119 2.60438045827396e-39 0.03229440748691559 -0.04026547074317932 -0.007548656314611435 -0.014881511218845844 -0.044930677860975266 -0.03844612091779709 -0.0058268397115170956 -6.095038754980973e-39 0.009721175767481327 0.03697394207119942 0.02456258423626423 -0.0025083778891712427 -0.0004716970433946699 0.02844187431037426 -0.038820650428533554 -7.103714409078941e-40 0.05012131109833717 0.011940864846110344 0.05913340672850609 0.01846470683813095 0.014641150832176208 0.04604024440050125 -0.01266107801347971 -0.0056066373363137245 -0.035588596016168594 0.0011071620974689722 0.018957283347845078 -0.014003520831465721 -0.013234377838671207 0.036204125732183456 0.01555135753005743 -0.015153296291828156 0.015235068276524544 0.030876215547323227 0.0010222255950793624 -0.003240936901420355 0.0142321502789855 0.036789219826459885 -0.00434084190055728 -0.007468189112842083 -0.03489996865391731 0.04018615931272507 0.019191179424524307 -0.003522643819451332 -0.03398994728922844 -0.0441865511238575 0.015714561566710472 0.006652031559497118 -0.0049672806635499 0.0006726949359290302 -0.03255794197320938 0.030062932521104813 0.03329620510339737 -0.004613332450389862 -0.027468010783195496 0.024529973044991493 0.0027526530902832747 -0.0041313511319458485 0.0004758048744406551 0.030319280922412872 -0.042725808918476105 0.0019428866216912866 -0.008104261010885239 0.04592614620923996 0.026757605373859406 0.04904869943857193 0.008580323308706284 0.009193507954478264 -0.005987484008073807 0.009661263786256313 0.03379802405834198 -0.00840067770332098 -0.005759738385677338 0.03723813220858574 0.0006382276769727468 -0.03695794194936752 -0.015605790540575981 0.04027818515896797 -0.02169734612107277 -0.026465944945812225 -0.002725971629843116 -0.022899135947227478 0.0007646027952432632 -0.020697273313999176 0.027889017015695572 0.014108525589108467 0.004511101637035608 2.3089180783695368e-39 0.02800697088241577 -8.785230527314792e-40 -0.020531723275780678 0.03527536988258362 0.009482225403189659 -0.010804879479110241 0.09648040682077408 -2.0691937461820973e-39 -0.013354554772377014 0.057877086102962494 0.029396384954452515 -0.0010603135451674461 0.005724440794438124 -0.07777713239192963 -0.03081311285495758 5.2314073010298736e-39 0.007277327589690685 0.0724925622344017 -0.06724366545677185 -0.03279044106602669 0.0003323653363622725 -0.08973052352666855 -0.038115520030260086 -2.2488002723023056e-38 0.04926314949989319 0.05750741809606552 0.024140771478414536 -0.07373151928186417 0.018695726990699768 0.04483635351061821 0.051596514880657196 -1.3593267727213602e-39 0.21910728514194489 0.05108385160565376 0.053441666066646576 -0.08522044122219086 0.021564969792962074 -0.06564933806657791 0.05927812680602074 0.05890435725450516 -0.08703361451625824 0.046746015548706055 0.06223830580711365 -0.03849219158291817 -0.07426158338785172 -0.03599843010306358 0.07569929212331772 -0.0809599831700325 -0.0794534683227539 -0.0015567051013931632 0.0693298950791359 -0.07764802873134613 -0.05387824401259422 -0.09565867483615875 0.04386169835925102 -0.004437177907675505 -0.06167498975992203 0.08303304016590118 0.053045857697725296 0.06128358840942383 -0.004986725747585297 0.07536614686250687 -0.09313903748989105 -0.05645716190338135 0.06282558292150497 -0.07755322009325027 0.047547027468681335 0.05915648862719536 -0.018472962081432343 0.02936509996652603 0.0903748944401741 -0.0645211786031723 0.03799179568886757 -0.004679563920944929 0.10115932673215866 0.048883575946092606 -0.009351558983325958 0.03778029605746269 0.07488326728343964 -0.051064632833004 -0.0830492153763771 0.06755437701940536 0.06578049063682556 0.050482142716646194 0.08900925517082214 0.07487476617097855 -0.06988952308893204 0.03974828124046326 -0.07162639498710632 -0.04100257158279419 0.054189153015613556 -0.02841724455356598 0.0792640820145607 -0.02551516331732273 -0.0615827813744545 -0.01767302118241787 -0.007013848051428795 -0.06655813753604889 0.08385083824396133 0.03852510452270508 -0.06669331341981888 0.07778039574623108 -0.08819018304347992 3.8794359439477544e-39 0.04832479730248451 6.63480210785732e-39 0.016397038474678993 0.016914084553718567 0.0002059858525171876 -0.06494561582803726 0.03414035215973854 -9.837815868792378e-41 -0.04860420525074005 -0.017040535807609558 0.038188207894563675 -0.05906355753540993 -0.014086970128118992 -0.011052919551730156 0.06180299073457718 -3.031770884699172e-39 0.014380155131220818 0.04834875836968422 -0.10450734943151474 -0.09258610755205154 -0.019518457353115082 -0.034404318779706955 -0.061166200786828995 6.179560874453653e-39 0.051210448145866394 0.039789408445358276 -0.02065316028892994 -0.06101211905479431 0.05315721407532692 0.07618395239114761 0.0851869061589241 -4.999720816833801e-39 0.2470456212759018 0.0739387720823288 0.11697810143232346 -0.09997754544019699 -0.017138708382844925 -0.03432939201593399 0.03720667585730553 -0.0702616348862648 0.10568979382514954 -0.06936010718345642 0.011984892189502716 0.0312388613820076 0.062155529856681824 -0.04173141345381737 -0.03546106070280075 0.08967529237270355 -0.084834985435009 0.03542306646704674 0.09157977998256683 -0.05810611695051193 -0.008777565322816372 0.05332561209797859 0.05880236625671387 0.09823030233383179 0.07864545285701752 0.00795146357268095 0.05796697735786438 0.06456001102924347 0.08099105954170227 0.07123411446809769 0.10091645270586014 -0.014038889668881893 -0.010668064467608929 0.05557198449969292 -0.07190077751874924 0.08054282516241074 0.061569537967443466 -0.07131209224462509 -0.03263544291257858 0.04029640182852745 -0.0758771151304245 0.09982610493898392 -0.04547913372516632 -0.026054425165057182 -0.007119571790099144 -0.04346270486712456 -0.08096838742494583 -0.08050449192523956 0.022774677723646164 0.10964065045118332 -0.06891251355409622 0.05748877301812172 0.04911286011338234 -0.048124443739652634 -0.0781916007399559 0.08258993923664093 0.09345072507858276 0.04895825311541557 -0.07746782153844833 -0.03668058291077614 0.03924882039427757 -0.037425924092531204 0.01920660212635994 0.07199843227863312 -0.06859559565782547 -0.05346909165382385 -0.07832229137420654 -0.06095254421234131 -0.02378435619175434 -0.06151902675628662 -0.08489486575126648 1.2076950684937003e-39 -0.042357590049505234 2.9688637940387023e-39 0.04011053219437599 -0.028018930926918983 0.036418087780475616 0.14803315699100494 0.04907851293683052 -3.8361484330862965e-39 0.042131487280130386 -0.040305767208337784 0.016080094501376152 -0.01946818083524704 -0.07431940734386444 -0.052255600690841675 0.00023024836264085025 -2.705510767145818e-39 -0.01611248217523098 -0.0242833960801363 -0.07385093718767166 -0.14527484774589539 -0.011756090447306633 0.058036815375089645 0.013017810881137848 3.2836570862584865e-39 0.046294163912534714 0.009513329714536667 0.02777967043220997 -0.07075517624616623 0.0005758623592555523 -0.07410764694213867 -0.003973779268562794 2.491773514979282e-39 0.2215857207775116 0.02307811565697193 0.04985852167010307 -0.09910845011472702 0.028550274670124054 0.04311365261673927 -0.04176003485918045 -0.06733193248510361 0.062097929418087006 0.03494761884212494 -0.05412420257925987 -0.057297151535749435 0.024131614714860916 -0.011193509213626385 0.022208593785762787 -0.013919848017394543 0.03450814262032509 -0.08977871388196945 -0.041652217507362366 -0.09259232878684998 -0.005220838822424412 0.00040183711098507047 -0.07751786708831787 0.01195296086370945 0.11141161620616913 -0.017757292836904526 0.028975795954465866 0.020138824358582497 0.10157597064971924 -0.0052887327037751675 0.01843041367828846 0.05210045352578163 0.07692652940750122 -0.05354288965463638 0.06406211853027344 0.06333769857883453 0.06938114762306213 0.006318783853203058 0.04185764864087105 0.019929200410842896 -0.00238982355222106 -0.004291064105927944 -0.03597450628876686 0.07002270221710205 -0.05848835036158562 0.00305707985535264 0.0743417963385582 7.345070480369031e-05 0.02063801884651184 0.030168775469064713 -0.003798304358497262 -0.06881265342235565 0.08956252783536911 -0.016657784581184387 0.05495360493659973 -0.062316153198480606 -0.07430800795555115 -0.07996315509080887 0.06606550514698029 0.05732984095811844 0.06558804214000702 0.0022430166136473417 -0.04888207092881203 0.02822837233543396 -0.056834734976291656 -0.007052830886095762 -0.03299853950738907 -0.02534598298370838 -0.054384127259254456 -0.042472753673791885 0.0004959629732184112 2.093904243302001e-39 0.02782043069601059 1.9595547530348593e-39 -0.01710578426718712 0.03948862478137016 0.016344893723726273 -0.010943945497274399 0.022838274016976357 2.7416152220791468e-39 -0.04327915981411934 0.013998303562402725 -0.06786096841096878 -0.08515884727239609 -0.03610862419009209 0.01440294086933136 -0.016798235476017 6.644408008830267e-39 -0.04099764674901962 -0.05947384983301163 0.002058898564428091 -0.03236030787229538 0.06125760078430176 0.08249685913324356 -0.03603660687804222 -2.481392695955564e-39 0.04134851694107056 -0.02336622215807438 0.03598937764763832 -0.05006036162376404 0.03706919774413109 -0.0030088648200035095 -0.08502620458602905 -5.43610085316735e-38 0.25613492727279663 0.041743203997612 0.07187043875455856 -0.07216418534517288 -0.03729887679219246 -0.08762156218290329 0.051741912961006165 -0.06746882945299149 0.010558873414993286 -0.04250397905707359 0.07953722774982452 0.03113405592739582 0.10778405517339706 0.03875242918729782 0.005689012818038464 -0.06691277027130127 -0.008829708211123943 0.06184767559170723 -0.033973801881074905 0.09819135069847107 0.09483731538057327 -0.031417861580848694 0.07486319541931152 -0.01051110029220581 0.05149868503212929 0.10390280187129974 0.09789268672466278 0.10493409633636475 -0.007672448642551899 -0.038677576929330826 0.060499947518110275 -0.044554706662893295 -0.05089055001735687 -0.02121732383966446 0.04425956308841705 0.05435163155198097 0.0010146102868020535 -0.04407322406768799 -0.032955870032310486 -0.025205636397004128 0.11703497916460037 -0.03264954686164856 -0.025328505784273148 -0.06463887542486191 0.05741843953728676 -0.08140388131141663 0.0327472910284996 -0.08598082512617111 0.05562315508723259 0.09594283252954483 -0.0508166141808033 -0.004175661131739616 -0.05794404447078705 0.10186480730772018 -0.017405010759830475 -0.07145155966281891 -0.07366305589675903 0.019000966101884842 -0.05408091098070145 0.07786815613508224 -0.07511920481920242 0.103688083589077 0.05710270628333092 0.049495235085487366 0.015462053939700127 -0.04613831639289856 0.006923026870936155 0.09584342688322067 -0.04241636022925377 0.09287488460540771 -0.0427897609770298 2.594603318628673e-38 -0.05116657912731171 -2.9657066685985785e-39 0.041017066687345505 0.05263823643326759 -0.02820083126425743 -0.011822065338492393 -0.02271614596247673 1.9034705845971872e-39 0.0661737322807312 0.07633765786886215 0.15694238245487213 0.06360692530870438 0.10931318253278732 -0.03023051843047142 -0.0007944342214614153 2.5826995684339265e-39 0.006515012122690678 0.015264458954334259 0.047038957476615906 -0.0005165605107322335 0.05145597457885742 -0.03895732760429382 0.0127417566254735 1.4376901854433326e-39 -0.002955120289698243 0.009806174784898758 0.03624023497104645 -0.09110789746046066 -0.007938265800476074 0.02819443680346012 0.05832069367170334 -3.2525359289239895e-38 -0.37617266178131104 0.04480522871017456 0.04815629497170448 0.04791342094540596 -0.07475003600120544 0.06395091116428375 0.044382814317941666 0.007086287252604961 0.002293541794642806 -0.026100365445017815 0.018325017765164375 -0.039128877222537994 -0.037960030138492584 -0.0038904601242393255 -0.004868212155997753 0.01856103353202343 -0.002402247628197074 0.032466910779476166 -0.02827445976436138 0.026312770321965218 -0.0017098409589380026 0.0010396490106359124 0.0208901334553957 -0.007104947231709957 -0.01872785948216915 -0.029644088819622993 -0.05152255296707153 0.03929886221885681 0.023988552391529083 -0.11679825186729431 -0.004070129245519638 0.053829483687877655 -0.005602169316262007 -0.07506728917360306 0.0113773038610816 -0.048278290778398514 0.040889739990234375 0.06197771802544594 -0.000641359481960535 -0.007147347554564476 0.0006568938260897994 0.009759505279362202 0.039220087230205536 -0.06171149015426636 -0.026280280202627182 -0.08048708736896515 0.027301346883177757 0.046873439103364944 0.03674270585179329 -0.030097492039203644 0.004189775325357914 -0.00911901518702507 0.027758710086345673 0.058713216334581375 -0.024244002997875214 -0.062332525849342346 -0.031470634043216705 0.010877631604671478 0.010718956589698792 -0.0005520760314539075 0.052292484790086746 -0.006004086695611477 0.05115031450986862 -0.011828780174255371 0.04923437163233757 0.02894134819507599 -0.057075243443250656 -0.005333751905709505 -0.008845189586281776 -0.01834356226027012 0.014006786048412323 4.37167566070499e-38 -0.0055497391149401665 -3.7577948294535743e-39 -0.019509555771946907 0.002784490119665861 0.00888964906334877 0.038793060928583145 0.07929522544145584 -3.10361685826357e-39 0.06345459818840027 0.012304114177823067 0.003261677222326398 0.010772326961159706 -0.05305568873882294 0.02642408013343811 -0.09067419171333313 4.73782373904535e-39 -0.007957815192639828 -0.006249265279620886 -0.08415356278419495 -0.10530342906713486 0.038159698247909546 -0.013157496228814125 0.07244671881198883 -9.438179559751584e-40 0.015929628163576126 0.011889242567121983 0.015968523919582367 -0.07667243480682373 -0.023605914786458015 -0.08829854428768158 0.048158179968595505 -2.2770455447984688e-39 0.15217137336730957 0.05346811190247536 0.08929883688688278 -0.14165668189525604 -0.02235402725636959 -0.0730471983551979 -0.021556295454502106 0.03194911777973175 0.024952150881290436 0.051507774740457535 -0.0017877237405627966 0.01691560633480549 -0.050503410398960114 0.05784057453274727 0.023827768862247467 -0.014275796711444855 -0.06812530755996704 0.10381948202848434 0.01722746342420578 0.06348589062690735 0.09643560647964478 0.08015070855617523 0.04390013590455055 -0.014951149001717567 0.06262801587581635 0.09990742802619934 -0.03165942430496216 -0.04459059238433838 0.0060381293296813965 -0.07037348300218582 -0.0020482854451984167 -0.03761448711156845 -0.055942751467227936 -0.0334249772131443 -0.030214915052056313 0.03418473154306412 -0.06831119954586029 0.016093995422124863 0.01771918684244156 -0.04858854413032532 -0.005760317202657461 0.0562480203807354 -0.06499989330768585 -0.01686543971300125 -0.04420812427997589 0.07413705438375473 -0.030612170696258545 0.1218181625008583 0.007277398835867643 -0.00758426683023572 -0.024401195347309113 0.02074241265654564 0.05631015822291374 -0.051863893866539 0.09128152579069138 -0.057329680770635605 -0.07058148086071014 0.09324980527162552 -0.0549602173268795 -0.03956004977226257 0.09214089065790176 -0.03801872953772545 0.03731049224734306 0.03865638002753258 -0.027331214398145676 0.05358610302209854 0.05194724351167679 0.06354787945747375 0.09477145224809647 0.06878449767827988 -0.03205876424908638 4.098592017275834e-39 0.011850087903439999 3.488252267243767e-38 0.02847781404852867 0.007328586652874947 0.003858947427943349 -0.01338142715394497 -0.052160415798425674 -1.5590075999922536e-39 0.017297470942139626 0.06189582124352455 -0.011961420066654682 -0.015397808514535427 -0.05438515543937683 0.05224871635437012 0.07240066677331924 3.932407828496161e-39 0.0391509048640728 -0.05160932242870331 -0.054119255393743515 -0.10204125195741653 -0.023007120937108994 -0.014092694967985153 -0.017826059833168983 -4.285219749351542e-39 0.03566606715321541 -0.007591669447720051 0.024132171645760536 -0.06977945566177368 0.06223612278699875 -0.03617694973945618 0.00859016552567482 -5.434323726454893e-39 0.0959467664361 0.06721336394548416 0.03240750730037689 -0.07033713907003403 0.03588179126381874 -0.07779763638973236 -0.03751055896282196 0.05776708200573921 -0.04929306358098984 -0.05310782417654991 0.08288385719060898 0.002480965107679367 0.05569260194897652 0.0012107746442779899 0.05130567401647568 -0.0052255080081522465 0.07161080837249756 -0.050364669412374496 -0.006030446384102106 -0.0603344552218914 -0.05808218941092491 -0.02129526063799858 0.06976361572742462 0.08287299424409866 -0.04645680636167526 0.07338618487119675 -0.04497901350259781 0.06627573072910309 -0.048143595457077026 -0.03459417447447777 -0.0013272537617012858 -0.050871342420578 0.09235823154449463 0.025266723707318306 0.03478235378861427 0.0565810389816761 0.04560721665620804 0.07389197498559952 -0.00523690739646554 0.07556518912315369 0.08140116184949875 -0.0657782331109047 0.04063067212700844 0.0017565663438290358 -0.024176117032766342 0.049030330032110214 0.04173155128955841 -0.004548277705907822 0.001323964330367744 -0.028582390397787094 0.0857539027929306 0.009192964062094688 -0.038334865123033524 0.04015827924013138 -0.049708183854818344 0.06700599193572998 -0.026552675291895866 -0.06321696192026138 0.061856165528297424 -0.014478176832199097 0.04666572064161301 0.0773930624127388 0.07238667458295822 0.00041360058821737766 0.020117616280913353 0.05765317380428314 0.014658388681709766 -0.030909739434719086 -0.04795427620410919 -0.0459226556122303 -0.0014986374881118536 4.861426671389585e-40 0.013631519861519337 -5.650249806822704e-39 0.008151411078870296 -0.06847051531076431 -0.11237695068120956 -0.040261559188365936 0.01732010208070278 -4.279585128226492e-39 -0.017272621393203735 0.028115075081586838 0.012785946018993855 -0.016674797981977463 -0.01422091294080019 0.012540421448647976 -0.0012442035367712379 -4.435800479730958e-39 0.05727994069457054 0.012485375627875328 0.0016998331993818283 -0.028488509356975555 0.00437998166307807 -0.0056486548855900764 -0.05312817171216011 -1.5259439627265095e-39 -0.020053347572684288 -0.009217200800776482 -0.03240953013300896 -0.04525904357433319 0.03530125319957733 0.042566362768411636 0.001179719460196793 -1.2374852725467816e-39 0.2222186028957367 0.02778002806007862 0.0767652615904808 -0.04575268179178238 0.03172508254647255 -0.10142705589532852 0.05207906663417816 0.07362645864486694 0.02872159332036972 0.02767055109143257 0.06345640122890472 -0.04847161844372749 0.06839169561862946 0.018502531573176384 -0.05884631723165512 0.03786615654826164 0.02145359106361866 -0.04030047729611397 0.032371796667575836 0.042665522545576096 -0.03423371911048889 0.06064556539058685 -0.02581152506172657 -0.014009427279233932 0.010025065392255783 0.042993225157260895 0.054597292095422745 -0.0699581652879715 -0.027198759838938713 -0.03687439113855362 0.042423103004693985 0.019416503608226776 -0.014285007491707802 0.061252087354660034 -0.011279177851974964 0.08607999235391617 0.004648644011467695 -0.023456646129488945 0.013317670673131943 0.06003647670149803 -0.054518215358257294 0.06056612730026245 -0.007352260407060385 0.094947449862957 -0.041058652102947235 -0.05567621439695358 0.048045944422483444 0.07309100776910782 0.10780103504657745 -0.0422385036945343 0.08052191138267517 -0.039473552256822586 0.06664599478244781 -0.04170084744691849 0.062141552567481995 -0.052322156727313995 0.10215606540441513 0.01761876791715622 -0.0613543838262558 0.08318322896957397 -0.030088042840361595 0.028178397566080093 0.06418268382549286 -0.0016338237328454852 0.04572729021310806 0.023094771429896355 -0.04915996640920639 0.0721336081624031 -0.04016312211751938 -0.018641367554664612 -0.040662504732608795 3.514994647136942e-39 -0.004904140252619982 1.58298661931378e-39 0.0012690285220742226 -0.01663350872695446 -0.0433051623404026 -0.04221276193857193 0.030629076063632965 1.4378555386621229e-39 -0.016232915222644806 0.0007841825718060136 0.009592318907380104 0.010905202478170395 0.048154063522815704 0.0290970541536808 0.024961991235613823 6.504088987105102e-39 -0.038263991475105286 -0.08948193490505219 -0.05459338426589966 -0.04987981170415878 -0.0715758427977562 -7.664757140446454e-05 -0.013415735214948654 -1.4004666535563939e-38 0.06286314874887466 -0.024092314764857292 -0.057273734360933304 -0.04609079658985138 0.0598473846912384 -0.011128654703497887 0.007465154863893986 -1.3191753678230612e-39 0.20039813220500946 0.08444368839263916 0.03170895576477051 -0.07378523051738739 0.04238559305667877 -0.0670647844672203 0.0447387769818306 -0.047767408192157745 0.02659715712070465 0.09082753956317902 -0.047247543931007385 -0.02545461803674698 -0.03695986419916153 -0.009912786073982716 0.020236114040017128 -0.04175262898206711 0.09134431183338165 -0.038397207856178284 0.0562179759144783 -0.06135682389140129 0.08132412284612656 -0.0473434254527092 0.041233718395233154 0.03911326825618744 -0.050371911376714706 -0.04660120978951454 -0.06081310659646988 0.015185149386525154 0.11201521009206772 -0.04239192605018616 0.04656989499926567 0.03225872665643692 -0.008611210621893406 0.055660221725702286 -0.03203717619180679 0.07538773119449615 0.04698469489812851 0.08321621268987656 0.05478694289922714 0.02584986761212349 0.08863412588834763 -0.04765275865793228 -0.03757541999220848 0.1074976846575737 -0.027158906683325768 -0.031114524230360985 0.0814279094338417 -0.05239276960492134 0.04114304855465889 0.09598703682422638 -0.024932250380516052 0.031707458198070526 -0.07080841809511185 0.02561546117067337 0.11397396773099899 0.006969123613089323 -0.06286745518445969 -0.05861448869109154 -0.039407990872859955 -0.001798148499801755 -0.04234296455979347 0.10291177034378052 -0.005867808125913143 -0.02873229794204235 -0.03749353811144829 0.05065636709332466 0.09281186759471893 0.08904115855693817 -0.0009566214866936207 0.08394793421030045 -0.007426408119499683 4.4507369200621964e-39 -0.021933484822511673 6.434618214437735e-39 0.03686134144663811 0.010211503133177757 0.026047227904200554 0.1019047200679779 0.03706631436944008 6.151029036421535e-39 0.029467828571796417 -0.018119459971785545 0.03821243345737457 -0.04432341083884239 -0.020255913957953453 0.010735619813203812 0.033025916665792465 -4.779198477503005e-39 -0.028991634026169777 0.05975331366062164 -0.09465844929218292 0.038181085139513016 -0.04792843386530876 -0.08314669132232666 0.023774929344654083 -5.079453298155419e-39 0.08942680805921555 0.023371128365397453 0.014749621041119099 -0.05416794493794441 -0.000375117058865726 -0.1281445324420929 -0.009946891106665134 -5.615720411363276e-39 0.1986859142780304 0.013055738061666489 0.059390950947999954 -0.06332292407751083 -0.024721648544073105 -0.10160081088542938 -0.0010265398304909468 -0.009020774625241756 0.05278658866882324 0.086245596408844 -0.07215481996536255 -0.057770512998104095 0.03495265915989876 0.03514694795012474 0.06561597436666489 -0.05639100447297096 -0.018444735556840897 0.034117911010980606 -0.05853281170129776 0.0872529074549675 0.11059121042490005 -0.01207390520721674 0.06283224374055862 -0.00687207980081439 -0.07071463763713837 -0.025779664516448975 0.012636546045541763 0.03797053545713425 -0.002496848814189434 0.030009426176548004 -0.045263368636369705 -0.008704058825969696 0.050711896270513535 0.07530095428228378 -0.038569752126932144 -0.045730944722890854 -0.01610078290104866 0.015205510891973972 -0.056527767330408096 -0.039533890783786774 -0.02849268727004528 -0.05645192414522171 -0.028905488550662994 0.09166547656059265 0.07759655267000198 -0.034790243953466415 -0.0676482692360878 0.012750447727739811 0.030326394364237785 0.04759262129664421 0.09753765165805817 0.09305804967880249 -0.07314258813858032 0.05550672113895416 0.010373388417065144 -0.05752985179424286 -0.06451589614152908 0.05377906933426857 0.10074318200349808 -0.05529237538576126 -0.05664099007844925 0.015521884895861149 0.05687163770198822 0.07392653822898865 -0.05805235356092453 0.037338048219680786 0.023122314363718033 0.08267246186733246 0.09353258460760117 -0.06548037379980087 0.018698984757065773 -5.909415753904186e-41 0.06767995655536652 -2.744817189070129e-39 0.02830583229660988 -0.004151376895606518 -0.10348480939865112 0.017052480950951576 0.0016367286443710327 -6.47322959232374e-39 -0.0301666222512722 0.014051096513867378 -0.02474965900182724 0.057262398302555084 -0.08531945943832397 0.1192576065659523 0.12005539238452911 2.563158461348917e-39 -0.04285363852977753 0.05544419586658478 -0.026558561250567436 -0.10516887158155441 0.07066819071769714 0.04583674669265747 -0.029802311211824417 8.506722457530235e-40 0.04306638613343239 -0.04760877043008804 0.006225105375051498 -0.009190906770527363 0.05839042738080025 -0.01022836472839117 -0.040185924619436264 -3.5184656634330745e-39 0.08478560298681259 -0.0545625202357769 -0.05162894353270531 -0.00023707073705736548 -0.04690543934702873 0.01661251299083233 -0.010139296762645245 -0.03305896371603012 -0.05435778573155403 -0.0577872097492218 -0.02798409014940262 -0.032734520733356476 0.02867056429386139 0.07847839593887329 0.10774708539247513 0.051451828330755234 -0.019420113414525986 -0.03852817788720131 -0.006794868502765894 -0.05011370778083801 0.040895357728004456 0.08110478520393372 0.02718505822122097 0.06843260675668716 0.0867566168308258 0.05901537463068962 0.06998243182897568 0.06724394857883453 -0.03265916928648949 0.011199201457202435 0.06895758211612701 0.07253684848546982 0.08256438374519348 0.013807850889861584 -0.01234670914709568 -0.06976325064897537 0.0041452678851783276 -0.049701593816280365 -0.05801726505160332 -0.04935752600431442 0.04760457202792168 0.03271837159991264 0.10969211161136627 -0.07777706533670425 0.03914250433444977 0.09730972349643707 0.06650333106517792 -0.004666099324822426 -0.08103154599666595 -0.05358196794986725 -0.05649915337562561 0.05856635421514511 0.039983008056879044 -0.04066510125994682 0.019850516691803932 -0.03925490006804466 -0.07070959359407425 0.025133978575468063 -0.04553218558430672 -0.06507204473018646 -0.04418068379163742 -0.04695633053779602 -0.03511142358183861 -0.04012655094265938 0.014407807029783726 -0.07972557842731476 -0.037414610385894775 0.06177813559770584 -0.045847468078136444 0.07140473276376724 0.08319439738988876 -1.839736727842766e-40 0.003145448863506317 -3.268422169354347e-39 -0.009454754181206226 0.0017469439189881086 0.027091022580862045 0.05349816009402275 0.01825479231774807 -5.96085742052955e-39 0.04960742965340614 -0.012215213850140572 -0.0006317067891359329 -0.02201712317764759 0.03758053854107857 -0.022887395694851875 -0.082455113530159 -1.8398250096460183e-39 -0.025287365540862083 -0.05384025350213051 -0.044753413647413254 -0.07062412053346634 0.02379196509718895 -0.03718593344092369 0.014372642152011395 -6.070317047473355e-39 0.10472730547189713 0.031260017305612564 0.03543991222977638 -0.0078791044652462 -0.10895860940217972 0.039270829409360886 0.01613861508667469 -5.7376684102211435e-39 0.09037234634160995 0.03332088142633438 -0.032251954078674316 -0.05132196098566055 -0.021458208560943604 0.018328888341784477 -0.03863474354147911 -0.02124820277094841 0.002058495534583926 0.017647426575422287 0.06208588182926178 0.04809749871492386 -0.025757303461432457 0.018986143171787262 0.008468182757496834 -0.0016667203744873405 -0.044154442846775055 -0.04233647137880325 -0.007213308941572905 0.05395243689417839 0.017548175528645515 -0.027919568121433258 0.03845462575554848 -0.016894206404685974 -0.04551513493061066 0.008960354141891003 0.05431642383337021 0.08252982795238495 -0.05598972365260124 -0.047708719968795776 0.04562031850218773 -0.02520087920129299 0.019573865458369255 -0.035470690578222275 0.0449821837246418 -0.04371802508831024 -0.03322189301252365 0.04565795138478279 0.05331859365105629 0.057127851992845535 0.08939211815595627 0.06412888318300247 -0.047119028866291046 -0.024972353130578995 -0.027888815850019455 0.08522581309080124 0.03701944276690483 -0.04659339413046837 0.09333334118127823 0.025578008964657784 -0.05176885426044464 0.04131896793842316 0.08946947008371353 -0.01591418869793415 -0.0412336029112339 -0.04125327244400978 0.013327253051102161 0.07296475768089294 -0.017436238005757332 0.04158968850970268 -0.05089232698082924 -0.04196513071656227 -0.056791506707668304 -0.013918687589466572 0.05065610632300377 0.06964848935604095 0.0748051330447197 -0.0043900106102228165 0.07572843879461288 0.016344103962183 0.030413588508963585 7.974971729272896e-40 0.04539669677615166 -4.441421087871365e-39 0.03602839261293411 0.09027057141065598 -0.010078098624944687 0.048341453075408936 -0.05602721497416496 4.5018212555791576e-39 -0.018060723319649696 0.08612213283777237 0.10477259755134583 -0.03541545569896698 0.015568733215332031 0.02576429769396782 0.07415499538183212 5.4127339210150406e-39 0.09848392754793167 0.0538131520152092 0.12287803739309311 0.04253588616847992 0.09484207630157471 0.011867149733006954 0.09787513315677643 4.261176270300657e-39 -0.06438906490802765 0.05923209339380264 -0.0676216408610344 0.0714387595653534 -0.023026514798402786 0.013648933731019497 0.014226454310119152 1.3565830303282122e-40 -0.4221913814544678 0.08157061785459518 -0.0750957652926445 0.09064885228872299 0.06887344270944595 0.10764498263597488 -0.06417085230350494 -0.014114485122263432 0.023804714903235435 -0.0262161735445261 -0.07954471558332443 0.015945876017212868 -0.0597255602478981 0.04580584168434143 0.0014142870204523206 0.012431340292096138 0.060118548572063446 -0.023824073374271393 -0.010060252621769905 0.04961415007710457 0.020238753408193588 0.030697783455252647 -0.025442490354180336 0.01037073414772749 0.00982308853417635 -0.0007114619365893304 0.07107998430728912 0.06263536214828491 0.035268429666757584 0.018342459574341774 -0.0041347527876496315 0.023704933002591133 0.07214608043432236 0.017641348764300346 0.0538683757185936 0.045705705881118774 -0.07161550223827362 -0.021450113505125046 0.02414386160671711 -0.055869657546281815 0.0404014028608799 0.01699833571910858 0.04199601337313652 0.008334235288202763 0.031182771548628807 0.026584388688206673 -0.0773184671998024 0.08220157027244568 -0.06750529259443283 0.061267778277397156 0.04535476118326187 0.051412273198366165 0.0035063475370407104 0.029692482203245163 -0.025411313399672508 -0.030630964785814285 -0.05065017193555832 0.06415104120969772 0.016252802684903145 0.0021936988923698664 0.024813281372189522 0.0629834532737732 0.03945406526327133 0.00929782260209322 -0.006511852145195007 -0.05064401403069496 0.04029256850481033 0.012861440889537334 0.023547375574707985 -0.025809980928897858 0.0033570732921361923 -2.1763482371520874e-39 0.0019365507178008556 -5.0189536382566594e-39 -0.025335047394037247 0.003388606244698167 -0.07415357977151871 0.0647340714931488 0.10368823260068893 6.514649172332253e-39 0.06486470252275467 -0.05869271233677864 -0.02234838157892227 -0.058948349207639694 0.024156542494893074 -0.14510542154312134 -0.01194841880351305 3.8351815371459124e-39 0.015082765370607376 0.0726102665066719 -0.07336242496967316 -0.17864695191383362 0.060160476714372635 -0.06246964633464813 -0.051620855927467346 -4.860291619633482e-40 0.1355511099100113 -0.09666606783866882 0.06471631675958633 -0.045762401074171066 -0.04496817663311958 -0.04911274462938309 0.06472676247358322 -6.767380356865556e-39 0.09560348093509674 0.04796936735510826 0.08603502810001373 -0.012232862412929535 0.024002334102988243 0.023449817672371864 0.0023089307360351086 0.0716654509305954 -0.045462142676115036 0.010403893887996674 -0.06231680512428284 -0.008828338235616684 0.02264079637825489 0.05895674228668213 -0.03782973811030388 -0.0158335343003273 0.08725976198911667 0.1321556717157364 -0.027801064774394035 -0.052022770047187805 -0.010623774491250515 0.08366789668798447 -0.0458265021443367 -0.03758252412080765 0.06480429321527481 -0.02642560936510563 -0.06249743327498436 -0.02907448820769787 -0.02320660650730133 0.05499039590358734 0.014255584217607975 -0.033883947879076004 0.019451482221484184 0.06618664413690567 0.050520315766334534 -0.019526032730937004 0.07874175161123276 0.04612627252936363 -0.044189974665641785 0.0006294164340943098 0.047008950263261795 0.014882136136293411 0.010785747319459915 -0.03715772181749344 0.03681063652038574 -0.0052857049740850925 0.08498357236385345 -0.07287342101335526 0.002802501665428281 0.032588113099336624 -0.012065411545336246 0.03091873601078987 0.07181064039468765 0.013109992258250713 0.0823511853814125 -0.031739287078380585 0.007265521679073572 -0.009105967357754707 0.1145240068435669 -0.04585404694080353 -0.0372149720788002 0.051340002566576004 -0.057305049151182175 0.01859567128121853 0.012898615561425686 -0.0395258367061615 0.057198964059352875 0.040360528975725174 0.015877658501267433 0.0797734335064888 0.07332827150821686 -2.242951953161446e-39 0.043873075395822525 3.0464284666360096e-39 0.04292956739664078 0.03559068962931633 0.07749142497777939 -0.11087274551391602 0.008849701844155788 5.1250291294091194e-39 -0.03268866240978241 -0.05271444097161293 0.00975089706480503 0.02058720961213112 0.010997696779668331 0.0021315927151590586 0.0803040936589241 -1.8065155846296317e-38 0.02095642313361168 -0.006638958118855953 -0.05537143722176552 0.008796962909400463 0.032190993428230286 0.11601884663105011 -0.05675820633769035 -2.824895791112435e-39 0.0971788838505745 -0.08137117326259613 -0.012247220613062382 -0.07845929265022278 0.010478134267032146 0.017604628577828407 -0.011102068237960339 2.1430337674612292e-40 0.1317821443080902 0.005601378623396158 0.06934251636266708 -0.07125525176525116 -0.02147042006254196 0.08168183267116547 -0.08311108499765396 -0.031080862507224083 0.042512454092502594 0.032445572316646576 -0.02651349827647209 0.011906909756362438 -0.029522281140089035 0.015297193080186844 0.007804708555340767 -0.07740931957960129 -0.0407898873090744 -0.01687554456293583 0.014913670718669891 0.024130040779709816 0.008095181547105312 -0.03822798654437065 -0.06855449825525284 0.04976847022771835 -0.00968257524073124 -0.062051378190517426 -0.04078711196780205 0.027679981663823128 0.004767698235809803 -0.0817389115691185 -0.05249962583184242 0.05079542100429535 -0.010675432160496712 0.03266602382063866 -0.001872990746051073 0.08507134020328522 0.09131371229887009 -0.015808003023266792 -0.061346400529146194 -0.014750896021723747 0.05389418825507164 0.06647015362977982 0.09673701226711273 -0.03920494019985199 0.03177795931696892 0.09028851240873337 -0.0312950536608696 -0.07097425311803818 -0.03619161620736122 -0.014471830800175667 -0.022802261635661125 -0.0009654731256887317 0.06530717015266418 0.07645496726036072 -0.03119683265686035 0.07466194033622742 -0.013602794148027897 -0.03865230083465576 0.03521748632192612 0.038087792694568634 0.05663793161511421 -0.051839400082826614 0.000513426261022687 0.06386883556842804 -0.01857229322195053 -0.001668016891926527 0.0324125662446022 -0.03768812492489815 0.03681832179427147 -0.023363735526800156 0.008709104731678963 -1.8422030131399775e-40 -0.05622813478112221 -3.982268830453767e-39 -0.05277536064386368 -0.04453911632299423 0.11494508385658264 -0.02103222906589508 -0.07272828370332718 5.6539422282762e-39 0.0013485668459907174 0.028096823021769524 0.03466666489839554 -0.022341780364513397 -0.0031506891828030348 0.030832594260573387 -0.04740741476416588 -2.132989260068949e-39 -0.05076014623045921 0.05116599053144455 -0.04119289293885231 -0.07222586125135422 -0.05324504151940346 0.07131776958703995 -0.04296978935599327 -1.3048689512813834e-38 0.10934394598007202 -0.0446334071457386 0.06747180968523026 -0.0456138476729393 0.04015452414751053 0.06400109082460403 0.09948710352182388 -6.938775974634053e-39 0.060585491359233856 0.04396963119506836 -0.0030912624206393957 0.010504977777600288 0.048781272023916245 -0.13515280187129974 -0.08176203817129135 0.07884418964385986 -0.036123406141996384 -0.028778819367289543 0.001717942301183939 -0.003985199611634016 -0.007683072704821825 -0.04652336239814758 -0.030959714204072952 -0.008827104233205318 -0.0440346822142601 -0.010921807028353214 0.023445602506399155 0.04205251857638359 -0.05362160876393318 0.0356435589492321 0.009774505160748959 -0.03969576582312584 0.034054648131132126 0.08987275511026382 0.02818319760262966 0.007442116271704435 0.004499807488173246 0.035972610116004944 0.003552104579284787 0.04493553936481476 0.08141294121742249 0.05591002479195595 0.025311095640063286 0.01376815140247345 0.07545661181211472 0.09363944828510284 0.061029449105262756 -0.021077154204249382 -0.01775076985359192 -0.03911168873310089 -0.0557900108397007 -0.056009937077760696 -0.06690757721662521 -0.01451833639293909 -0.05984259024262428 -0.005888498388230801 -0.01760808937251568 -0.027092469856142998 -0.010598157532513142 -0.048272691667079926 -0.025298811495304108 0.016982585191726685 -0.03382445126771927 0.07452089339494705 0.003989061340689659 -0.057755328714847565 0.002358279889449477 0.05222724378108978 0.09030669927597046 -0.05065508186817169 -0.02171425148844719 0.0764082819223404 0.01716005429625511 0.0833808183670044 -0.01925772614777088 0.03108934499323368 -0.013348310254514217 -0.036407679319381714 -0.03769692778587341 -5.70247620058809e-39 -0.06463871151208878 4.5453806183426945e-39 -0.04222657158970833 -0.06802121549844742 -0.032708100974559784 -0.002965605817735195 0.08428492397069931 -5.0477685385785707e-39 0.06534071266651154 -0.03777126595377922 0.0032969226595014334 -0.0038957572542130947 -0.030021900311112404 -0.10831870883703232 0.05122813209891319 -4.317345917944653e-39 0.02916151098906994 0.09679777175188065 -0.04463160037994385 -0.07060535997152328 0.025180598720908165 0.007812734693288803 0.054204851388931274 4.1561867854580485e-39 0.12801329791545868 0.010368301533162594 0.0019331026123836637 -0.07128565013408661 -0.010167381726205349 -0.024999745190143585 0.047721099108457565 -2.408191666776164e-39 0.10359983146190643 -0.013458008877933025 0.01628776267170906 0.03928745537996292 -0.014233527705073357 -0.06430155038833618 -0.05438517406582832 0.009261281229555607 0.0957317054271698 0.0559377446770668 0.0010748994536697865 -0.0616217665374279 0.08465810865163803 -0.0010049865813925862 -0.06044364720582962 0.04125626012682915 -0.008822301402688026 0.026193175464868546 0.07715436071157455 -0.01399311888962984 0.035749804228544235 -0.020521150901913643 -0.01821546070277691 -0.0013518482446670532 -0.004866438452154398 -0.005811046808958054 -0.014555024914443493 -0.007269333116710186 -0.017285354435443878 -0.022702965885400772 0.0010513062588870525 -0.0528356209397316 0.05810106545686722 0.0038914105389267206 0.03131493553519249 -0.04696960747241974 0.04647459462285042 0.08081793785095215 0.05334257334470749 -0.02785429172217846 -0.0414905846118927 -0.029176630079746246 0.027018431574106216 0.0846165344119072 -0.025599205866456032 -0.024553528055548668 0.01810082048177719 0.02648341655731201 -0.041044026613235474 0.025458676740527153 0.014972376637160778 -0.03728543967008591 -6.14064047113061e-05 -0.0028276557568460703 0.002766517922282219 0.05672229826450348 0.06433679163455963 0.09003173559904099 -0.05476158857345581 -0.00403509009629488 -0.05796780064702034 0.01872163452208042 -0.06570007652044296 0.0032990225590765476 0.07827474176883698 -0.05654316022992134 0.06020635366439819 0.03745337575674057 0.020173314958810806 -0.02944612130522728 -0.057494450360536575 3.888412661910219e-39 -0.007001930847764015 -7.810534959678236e-39 -0.009197888895869255 0.07525201141834259 -0.11817307025194168 0.009523812681436539 -0.10006092488765717 5.489026214606741e-39 0.004875822924077511 0.07928254455327988 -0.018667878583073616 -0.01064149010926485 0.010440385900437832 -0.018086466938257217 0.09813088178634644 6.766378428463564e-39 -0.034672919660806656 -0.023297052830457687 -0.06126228719949722 -0.01426069624722004 0.01737119071185589 -0.08213529735803604 -0.0200121458619833 -4.109181629770737e-40 0.05083469673991203 0.027729878202080727 -0.05177011713385582 -0.006877494510263205 0.056824736297130585 -0.05174433812499046 -0.04733932018280029 1.1551239553060905e-39 0.2646349370479584 0.02247929759323597 0.10684077441692352 -0.0971103310585022 0.023669125512242317 0.08158151805400848 -0.052564844489097595 -0.08882458508014679 0.005178344901651144 -0.013353774324059486 0.06169051304459572 0.11981552839279175 -0.021763572469353676 0.0007179225794970989 -0.007080639712512493 0.05308445170521736 0.03841234743595123 -0.05382758006453514 -0.02354361303150654 0.036127861589193344 0.05730370804667473 0.052539486438035965 -0.01926501654088497 -0.0005413600010797381 -0.08561243861913681 -0.024187693372368813 -0.03828869387507439 0.009806721471250057 0.0684494748711586 -0.0120017621666193 -0.05193774402141571 0.037690725177526474 0.05132897570729256 0.004073075018823147 0.07389015704393387 0.07513425499200821 0.10731963813304901 -0.06220541149377823 0.01734331250190735 0.0699944794178009 -0.027055704966187477 0.051912326365709305 -0.051008615642786026 0.03929290920495987 -0.0065246038138866425 0.07157645374536514 0.04833781346678734 0.06531761586666107 -0.055566854774951935 -0.02399301715195179 -0.010437563061714172 0.07885166257619858 -0.016736863180994987 -0.0617675743997097 0.06714783608913422 -0.08303092420101166 -0.05503343790769577 0.037742406129837036 -0.018842075020074844 -0.024863094091415405 0.053981710225343704 0.0068433708511292934 0.10675349831581116 -0.05851677432656288 -0.07211107760667801 -0.06540241837501526 0.09544282406568527 -0.03522041067481041 -0.08303616940975189 0.06967740505933762 0.04517168924212456 -1.5568538042525864e-39 -0.06389757990837097 -2.4098339885763528e-39 -0.05514836311340332 -0.06738818436861038 0.10787399858236313 0.049092087894678116 -0.06692849844694138 1.9760401886885622e-38 -0.0008262139745056629 0.03872193396091461 0.007973860017955303 -0.04232335090637207 -0.06045588478446007 0.07799654453992844 -0.055006243288517 -4.946569566081961e-40 -0.05329837650060654 0.004530203063040972 -0.09397406876087189 -0.19520016014575958 -0.04686973989009857 -0.04648027569055557 -0.08593158423900604 5.763698930494441e-39 0.011155540123581886 0.12535987794399261 0.20525987446308136 0.07081035524606705 0.029470914974808693 -0.007999105378985405 -0.05735127255320549 -1.4067887517080417e-39 -0.163712739944458 0.1263996660709381 0.20030109584331512 0.14614714682102203 0.043388646095991135 -0.005326277110725641 -0.00615197466686368 0.010404705069959164 -0.04331093654036522 0.05915841460227966 0.0719686895608902 -0.009390790946781635 0.05983620509505272 0.03126383200287819 -0.030836859717965126 -0.060885950922966 -0.017263492569327354 0.07676908373832703 -0.03641201928257942 0.087499238550663 -0.01171906292438507 0.047229256480932236 0.01813308149576187 0.04690439626574516 -0.030963454395532608 0.0034432096872478724 0.027526311576366425 -0.0038803715724498034 0.04983413591980934 -0.0832723081111908 -0.018916506320238113 -0.017282025888562202 0.005080489907413721 -0.012205098755657673 0.019818531349301338 -0.011636649258434772 0.02845953032374382 -0.04172308370471001 -0.03573434427380562 0.0275176502764225 0.003228885354474187 0.08422119915485382 0.02152200974524021 0.05002463608980179 -0.017100082710385323 0.0419735461473465 0.051169898360967636 -0.0001617628731764853 0.042750034481287 -0.03797093778848648 0.03760864585638046 0.004603708162903786 -0.022959502413868904 0.039287250488996506 0.0598665289580822 0.003249485045671463 0.0052408636547625065 0.010411802679300308 0.025718342512845993 0.08583451062440872 0.006058176048099995 -0.00894011091440916 -0.024976512417197227 0.058645136654376984 -0.028447004035115242 0.028328126296401024 0.03415562957525253 -0.01983516290783882 0.06267457455396652 -0.009570586495101452 0.02426426112651825 1.9396675252291615e-39 0.000164680604939349 -3.4724680413416124e-39 0.0015623478684574366 -0.0020944629795849323 -0.1051185131072998 0.022110896185040474 0.04812929779291153 -1.8645122452114143e-38 -0.013171016238629818 0.03720572590827942 -0.025040240958333015 0.040806397795677185 0.033531349152326584 -0.04890001565217972 0.05647865682840347 3.023548065310514e-39 0.10650571435689926 -0.019397014752030373 0.0033175982534885406 0.05710406228899956 -0.01321578212082386 -0.037418581545352936 -0.009147892706096172 2.9225817083589823e-39 0.0314786322414875 0.02289852872490883 0.008023141883313656 -0.03631984815001488 0.014292589388787746 0.031520549207925797 0.02235625497996807 1.9976532556829224e-39 0.1924176961183548 -0.005843360908329487 0.13272228837013245 0.0031371316872537136 -0.02347194030880928 -0.03257143124938011 0.06650208681821823 0.07188144326210022 0.05607570707798004 -0.046615008264780045 -0.12320324778556824 0.027854280546307564 0.019511345773935318 0.027441103011369705 0.024664537981152534 -0.000257562700426206 0.03328680992126465 -0.09243474900722504 -0.02769479714334011 0.04270104691386223 0.05316988006234169 -0.08534114807844162 -0.006411000620573759 0.07030290365219116 0.07466621696949005 0.0366324782371521 0.02856706827878952 0.0494660884141922 0.08904895931482315 -0.11550837010145187 0.0023483552504330873 -0.0036743043456226587 -0.10226050019264221 -0.048165157437324524 -0.11483385413885117 -0.0757715180516243 0.019886618480086327 0.08895125985145569 0.04390339553356171 0.0021318611688911915 -0.08052127063274384 0.041538726538419724 0.04565279930830002 0.02578515000641346 0.043438564985990524 0.0640118271112442 -0.0633012130856514 0.01574675925076008 0.04310806095600128 0.06898273527622223 -0.06350159645080566 -0.04471113160252571 0.03792978450655937 0.07793715596199036 -0.042122967541217804 -0.12139473855495453 0.06872053444385529 0.0725276842713356 -0.07855597138404846 -0.03404654189944267 -0.00402821134775877 0.06651969254016876 0.03246210142970085 -0.07453757524490356 0.055279262363910675 0.08617803454399109 -0.01790091022849083 0.05874262750148773 -0.03190438076853752 0.005105551797896624 -0.02396387793123722 -3.982365520047805e-39 0.09247392416000366 1.432911757679985e-40 0.004908235277980566 -0.01270272210240364 0.06089974567294121 -0.06740500032901764 0.024424195289611816 -2.623738555779529e-38 0.07088446617126465 0.05344156548380852 0.04034622758626938 0.049276817589998245 0.017427129670977592 -0.04099195823073387 -0.0075134518556296825 -5.563980268165011e-39 -0.040855102241039276 -0.03537282347679138 -0.06786476075649261 -0.1396234631538391 0.010365382768213749 0.0709340050816536 0.001975779887288809 7.073046151408114e-38 0.03478199616074562 0.022104186937212944 -0.03739902749657631 -0.055559661239385605 0.0034849795047193766 0.028548497706651688 0.041448816657066345 -1.4682665179349e-39 0.2662440836429596 0.029622090980410576 0.029341133311390877 -0.13807745277881622 0.004843879025429487 -0.02451816387474537 -0.01899598352611065 -0.015296900644898415 0.043879177421331406 -0.027024244889616966 0.07409051060676575 0.04729984328150749 0.0477018728852272 -0.080922931432724 -0.01512227300554514 0.05860585719347 0.04183659702539444 0.008831962943077087 0.060708727687597275 0.07705847173929214 0.020111288875341415 0.013941306620836258 0.023513104766607285 -0.059000976383686066 -0.0158733818680048 0.047990377992391586 0.05254774168133736 -0.07366921007633209 0.013357045128941536 0.08302740752696991 0.03485771641135216 0.010176768526434898 0.0020929828751832247 0.0180424265563488 -0.009382749907672405 -0.044768013060092926 0.020251978188753128 0.07424208521842957 0.006828987970948219 0.055772263556718826 0.09208138287067413 0.01391984149813652 0.06682736426591873 0.026022447273135185 -0.0669085755944252 -0.06124351546168327 -0.05236045643687248 -0.08088932186365128 0.05954723432660103 0.012223763391375542 -0.013016218319535255 0.064450703561306 0.06683231145143509 -0.05070967227220535 -0.07040037214756012 -0.05505121126770973 0.02423955872654915 -0.07940146327018738 -0.04810470715165138 0.002804239746183157 0.07654355466365814 -0.022159278392791748 -0.02661897987127304 0.04734429344534874 0.014702362939715385 0.09056098014116287 0.057281605899333954 0.07891221344470978 0.024865128099918365 0.006081754807382822 0.08620427548885345 -2.4528193794889023e-38 0.03878898546099663 -2.291201461885078e-39 0.033638983964920044 -0.02015620470046997 -0.022681698203086853 0.019916536286473274 -0.009356202557682991 -3.832639581731627e-39 0.014887274242937565 0.07043622434139252 0.003843831131234765 0.027951311320066452 0.011782946065068245 0.026635177433490753 -0.03799329698085785 -1.7543990526638488e-39 -0.06491455435752869 -0.06795687973499298 -0.04878474399447441 0.029931027442216873 0.03056938946247101 -0.05352027341723442 0.03999648988246918 -1.5915009087830175e-39 0.017813440412282944 0.012297317385673523 -0.04058298096060753 -0.036991946399211884 -0.02249031700193882 0.10445225983858109 0.022401465103030205 5.1820451613255676e-39 0.16793467104434967 0.03365696221590042 0.09937538951635361 -0.0873914510011673 -0.00530557194724679 0.01822514273226261 0.008782563731074333 -0.03831719607114792 -0.02660510130226612 0.0701933428645134 0.012597170658409595 -0.03908548504114151 -0.04721532762050629 0.06106583774089813 0.02765953727066517 -0.05535594001412392 0.05275952070951462 0.06133619323372841 -0.015064500272274017 0.0689154863357544 -0.055277545005083084 0.028380567207932472 -0.0041122520342469215 -0.022883277386426926 -0.02766812965273857 -0.06911616027355194 0.023040400817990303 0.045857738703489304 0.06200309470295906 0.04696570336818695 -0.008552558720111847 0.07560775429010391 -0.004583688452839851 0.029008055105805397 0.05333717167377472 -0.026515411213040352 0.0012710131704807281 0.008725360035896301 0.050332050770521164 -0.06125669181346893 0.010007371194660664 0.02454311214387417 -0.03620064631104469 0.011098340153694153 -0.008767930790781975 0.06640274822711945 0.0606575608253479 0.05550165846943855 -0.057825781404972076 -0.011457684449851513 -0.00508524663746357 0.06564898043870926 -0.06303848326206207 -0.03033587336540222 -0.033505480736494064 0.07022092491388321 -0.004278760403394699 -0.0486791767179966 -0.010532739572227001 -0.06603237986564636 -0.024057848379015923 -0.002363195875659585 0.052870091050863266 -0.05383629724383354 -0.0350281223654747 0.06948515772819519 0.006557604297995567 0.062411174178123474 0.006111410912126303 -0.006410690024495125 -0.035977959632873535 6.237789029541742e-39 -0.024669382721185684 -3.762189301437697e-39 -0.003518856829032302 0.035070259124040604 0.013167533092200756 -0.038846779614686966 -0.04473445564508438 6.909596736711417e-39 -0.009749441407620907 0.07687714695930481 0.007891789078712463 0.06386332958936691 -0.03679775819182396 -0.043372102081775665 0.00875828880816698 -5.2935170528641425e-39 -0.0581868551671505 0.03592408448457718 0.004457077942788601 0.029622362926602364 -0.0103156678378582 0.0016073941951617599 -0.029887257143855095 2.0911969346689256e-39 0.03527015075087547 0.032125480473041534 0.05133763700723648 0.03426472842693329 0.022247083485126495 0.016840556636452675 -0.07581812888383865 1.1144961089299211e-39 0.05769083648920059 0.0035941300448030233 0.0357547253370285 0.015606922097504139 0.004965422209352255 0.06411023437976837 -0.11487093567848206 -0.0023138716351240873 0.031312886625528336 -0.013296659104526043 0.022867247462272644 0.030895059928297997 -0.038844820111989975 -0.008549027144908905 -0.007693517487496138 -0.01087442971765995 0.04966289922595024 0.03033490478992462 0.03971897438168526 0.03933701664209366 -0.016695959493517876 0.04395255446434021 0.05365802347660065 -0.017032044008374214 0.03745925426483154 -0.07384075224399567 -0.030546296387910843 0.015473747625946999 -0.005127878859639168 0.035132888704538345 0.03130614385008812 0.06255568563938141 0.06062103807926178 0.04549385607242584 -0.04812544211745262 0.05156379193067551 -0.05856599658727646 0.05819378420710564 -0.07758330553770065 0.03374381735920906 8.059018000494689e-05 0.041238605976104736 0.007831836119294167 -0.07336323708295822 -0.026913059875369072 0.02140519581735134 0.03873193636536598 -0.04630189761519432 0.015612770803272724 -0.009209870360791683 0.02656242623925209 -0.00494883768260479 -0.049182161688804626 0.05887743458151817 -0.03614802658557892 -0.043469417840242386 -0.015584028325974941 -0.006016068160533905 -0.011817912571132183 0.03344745934009552 0.06253954023122787 -0.013378038071095943 0.04137033224105835 0.034557174891233444 -0.028785469010472298 0.0061734747141599655 0.04165518283843994 0.04612896218895912 -0.020340396091341972 -0.012531612999737263 -0.014792309142649174 2.5137122437367515e-39 0.008560114540159702 1.8161710915682154e-39 -0.021054724231362343 0.007536580786108971 0.0418337807059288 0.003151439595967531 0.0037513189017772675 5.96404257193896e-39 0.0025675222277641296 0.00374953867867589 -0.03428413346409798 -0.04477693513035774 -0.02000601962208748 0.030978022143244743 -0.05731118470430374 -2.022953699456307e-39 0.025606662034988403 0.04693334549665451 0.04237395524978638 0.001149485120549798 0.01854480616748333 0.09315989911556244 0.017752990126609802 -3.934179069755068e-39 0.013311444781720638 0.022293254733085632 -0.03325329348444939 -0.0153852803632617 -0.046483978629112244 -0.07945097982883453 0.025472601875662804 -6.318938223610792e-39 0.2271469235420227 -0.019181443378329277 0.10713352262973785 -0.07389514893293381 -0.002848128555342555 0.0254653450101614 -0.06944677978754044 -0.05134023353457451 0.04163040965795517 0.09611407667398453 -0.027971146628260612 0.09816449880599976 -0.013854955323040485 0.08965294063091278 0.008003482595086098 -0.04905270040035248 -0.03896527364850044 0.007629967760294676 0.08923416584730148 0.09773195534944534 -0.05801768600940704 -0.05466049909591675 0.07820010185241699 0.024012219160795212 0.07016750425100327 0.0716613382101059 -0.05145492032170296 -0.0476764515042305 0.06442348659038544 0.032452914863824844 -0.049155380576848984 0.07196825742721558 -0.029554156586527824 -0.03597354516386986 -0.059479132294654846 0.07514505088329315 0.005887166131287813 0.013734161853790283 -0.0072844065725803375 -0.05350380763411522 0.0031502421479672194 -0.03814292326569557 -0.048438675701618195 0.035540252923965454 -0.05486741662025452 -0.03450741246342659 0.036641549319028854 0.00023944331042002887 -0.060008905827999115 0.057575542479753494 0.0026120049878954887 0.0018106347415596247 -0.007375551853328943 -0.07496791332960129 0.03639435023069382 -0.05816340073943138 -0.030822424218058586 -0.05641641840338707 0.05436493828892708 0.037717536091804504 0.041735097765922546 -0.059213753789663315 0.08628953248262405 0.06709682941436768 0.08687787503004074 0.08967750519514084 0.03948639705777168 0.05151578411459923 -0.04518044367432594 0.0508798323571682 -0.046096015721559525 -2.2020298341077684e-39 -0.008910573087632656 -6.8554043212005836e-40 0.023883651942014694 0.016076570376753807 -0.027310630306601524 -0.02552744559943676 -0.02155766263604164 4.867104732767029e-39 -0.004733477719128132 0.026230689138174057 -0.0009967251680791378 -0.03416663035750389 -0.05297723412513733 0.022047603502869606 -0.05397864803671837 3.9716497906911133e-39 0.024606164544820786 0.023546233773231506 -0.05219592526555061 0.0032976896036416292 0.03266572952270508 0.05550249665975571 -0.027443796396255493 -5.0116248472882406e-39 -0.0014422287931665778 -0.03108566254377365 0.004730526357889175 -0.029169104993343353 -0.07019947469234467 0.05348644405603409 0.03328978642821312 -5.5778909580203635e-39 0.20477811992168427 0.05860357731580734 -0.0016066174721345305 -0.0659342110157013 -0.01772068254649639 0.08138962090015411 0.023510325700044632 -0.06533172726631165 -0.061203483492136 -0.0242543276399374 0.010099164210259914 0.04731085151433945 -0.07034575194120407 0.005339539609849453 0.0287672970443964 0.05151962861418724 -0.020583925768733025 -0.0436684787273407 0.0715026780962944 -0.04688466340303421 0.07584046572446823 -0.06134746968746185 -0.05642043799161911 -0.05206281691789627 -0.055254921317100525 0.004370744805783033 0.03953338786959648 -0.06875579059123993 0.07980157434940338 -0.04986962303519249 -0.020389501005411148 -0.013982572592794895 -0.00267152045853436 0.00423157773911953 0.058951929211616516 0.029905220493674278 0.10397948324680328 0.013898863457143307 0.04197252541780472 0.07399790734052658 0.040496908128261566 0.06529240310192108 0.07686939090490341 -0.04832831025123596 0.08249848335981369 0.05304068326950073 0.07680743932723999 -0.0500154010951519 -0.06083742529153824 -0.041345663368701935 -0.008745781145989895 -0.014506977051496506 -0.06172116845846176 0.05853879824280739 0.03098045103251934 -0.059282973408699036 0.08844348043203354 0.079880490899086 -0.05940485745668411 -0.04273715987801552 0.020623082295060158 0.009865058586001396 0.001924585783854127 0.05421287566423416 -0.0039740013889968395 0.06323008984327316 -0.01970558799803257 -0.02046242728829384 0.08018931746482849 -0.038994502276182175 -0.01132279448211193 -6.924778404273912e-39 -0.03843921795487404 3.670493935126138e-39 -0.03222086280584335 0.014836985617876053 0.026632588356733322 -0.05746433138847351 -0.08758564293384552 2.0433800067812306e-38 -0.03701040521264076 -0.03192213177680969 -0.010721880942583084 -0.04756912961602211 0.03207700327038765 -0.016928011551499367 -0.012006612494587898 1.9189465248371904e-38 -0.034971680492162704 -0.11271413415670395 -0.014609825797379017 -0.11322126537561417 -0.04056987538933754 0.012937339954078197 0.03448138013482094 3.37316362436877e-40 0.12041692435741425 0.03760949522256851 0.0003084182390011847 -0.05920490249991417 0.035664863884449005 -0.10537595301866531 -0.0052961865440011024 3.280242121900927e-39 0.19260630011558533 0.008902935311198235 0.02470323070883751 -0.09035860002040863 0.0711037814617157 -0.17507478594779968 -0.014549215324223042 -0.06971050053834915 -0.10384837538003922 -0.038753408938646317 0.10815448313951492 -0.08861490339040756 -0.059591375291347504 0.0747281163930893 0.02183366008102894 0.05881805345416069 0.04536419361829758 0.04694847762584686 0.051712892949581146 -0.02324729785323143 -0.019256213679909706 0.027065007016062737 -0.022504625841975212 -0.09247399866580963 0.06515515595674515 0.02363722398877144 0.05844062939286232 0.042221564799547195 -0.01457537617534399 0.046225279569625854 0.16777348518371582 0.08409003168344498 -0.07167305797338486 -0.0024818081874400377 0.010878242552280426 -0.05705863609910011 0.0074787139892578125 -0.07431638240814209 -0.07121560722589493 0.029135724529623985 -0.03989904746413231 -0.00873466208577156 0.036645255982875824 0.0033277792390435934 0.02941278927028179 0.09262401610612869 -0.06178445369005203 -0.020202813670039177 0.0697263777256012 0.029820261523127556 -0.04795033857226372 0.030138224363327026 -0.05229279771447182 0.10088174045085907 -0.013870581053197384 0.11212871968746185 -0.024604495614767075 -0.1094011440873146 0.07059147208929062 0.025526834651827812 0.009563472121953964 0.08924384415149689 0.05987127125263214 -0.025987299159169197 0.03161987289786339 -0.09197520464658737 -0.047963567078113556 -0.05954216420650482 -0.04974143207073212 -0.06560306996107101 0.09637714922428131 1.443215365158319e-38 -0.052174367010593414 1.3797955393897528e-39 -0.0501052662730217 -0.006920502986758947 0.011928719468414783 0.0042901234701275826 0.04404713585972786 -7.251729642229871e-38 0.015248190611600876 -0.058152858167886734 -0.06211810186505318 0.0012681195512413979 0.056741032749414444 -0.005335983354598284 0.1327257603406906 -8.491308174422662e-41 0.028159672394394875 0.013154110871255398 -0.08758470416069031 -0.047484252601861954 -0.04219794273376465 -0.022028256207704544 0.020547395572066307 -3.931104620924339e-39 0.09498430788516998 0.03949030488729477 0.06025516241788864 -0.04316408932209015 0.04431596025824547 0.04223097860813141 -0.13924530148506165 1.4880836808173816e-39 0.09062761813402176 -0.05990530923008919 0.032522428780794144 -0.0076189120300114155 0.024585653096437454 0.054070960730314255 -0.09144850075244904 -0.02963189221918583 -0.028918424621224403 -0.0307033471763134 0.07687145471572876 -0.061350367963314056 -0.03210284933447838 0.007281572557985783 0.01921894960105419 -0.07307139039039612 0.013436305336654186 -0.041885461658239365 0.04923120141029358 0.030143853276968002 0.08558328449726105 -0.016649411991238594 0.03055429272353649 -0.003845705883577466 -0.0425860658288002 -0.029686283320188522 -0.0005518494872376323 -0.024233438074588776 -0.05808265879750252 -0.0424596406519413 0.0640222504734993 -0.06642714142799377 0.07015805691480637 0.029486676678061485 0.054892949759960175 0.061171237379312515 0.09219790995121002 -0.025112640112638474 -0.09351488947868347 0.08970395475625992 0.007130061741918325 -0.03454252704977989 0.035380881279706955 -0.03169854357838631 0.08068829029798508 -0.008864135481417179 -0.09060067683458328 -0.010401187464594841 -0.022022923454642296 -0.05433744564652443 0.07691115140914917 0.08573319762945175 0.0719577893614769 0.02412213757634163 -0.0210229754447937 0.059747952967882156 -0.05102458968758583 0.05428805947303772 -0.01725482940673828 -0.042288731783628464 -0.024374105036258698 0.033021681010723114 0.07231750339269638 0.017920952290296555 0.014226551167666912 -0.02191871404647827 0.022535603493452072 -0.0012407347094267607 0.10183461755514145 -0.05481841787695885 0.013005763292312622 -6.38149779225211e-39 0.0147781353443861 3.1651352621458935e-39 0.00132764782756567 -0.0011226435890421271 0.014091269113123417 0.01785562001168728 -0.06254145503044128 -2.643017059532324e-40 0.006780060473829508 0.019617976620793343 -0.02937515452504158 0.018122171983122826 -0.019772198051214218 -0.0456882119178772 0.019576016813516617 -5.477295945161878e-39 0.0056438869796693325 -0.0024095901753753424 -0.08258449286222458 -0.11087196320295334 -0.0009339062380604446 0.0785970464348793 -0.05337664857506752 3.997554194102622e-40 -0.022101549431681633 0.04798343777656555 0.07709864526987076 -0.011519563384354115 -0.07630299776792526 0.04670196399092674 0.07345674932003021 -3.683912769220513e-39 0.2346503734588623 0.03371301293373108 -0.008537675254046917 -0.0038609395269304514 0.0686294361948967 0.018137311562895775 -0.030509818345308304 0.05724244937300682 0.06746833026409149 0.05418422818183899 -0.08810005336999893 0.06322730332612991 0.04183971509337425 0.06892649829387665 -0.06261054426431656 -0.07457228749990463 0.06556957215070724 -0.06100009009242058 -0.037959493696689606 0.04410504177212715 -0.06804171949625015 -0.07907276600599289 -0.015202240087091923 -0.056033529341220856 -0.0741349533200264 -0.06310056149959564 0.056816574186086655 -0.07023265957832336 -0.0636131539940834 -0.03315404802560806 0.013548426330089569 0.031278133392333984 0.04973794147372246 -0.05610508471727371 -0.07911061495542526 0.019585540518164635 -0.05242514610290527 -0.020473269745707512 0.073457270860672 0.08300399035215378 -0.03320315107703209 0.07464249432086945 -0.06684846431016922 0.08416774123907089 0.08490583300590515 0.07604257762432098 0.05383117496967316 -0.058762647211551666 -0.037251148372888565 0.03580626845359802 0.03603655472397804 0.05559738725423813 0.0753067210316658 0.04847218096256256 0.040692586451768875 -0.07386857271194458 0.020052717998623848 -0.06245756149291992 -0.020038336515426636 0.003970460034906864 -0.006640322972089052 0.08224263787269592 -0.031901609152555466 0.04532390832901001 -0.02889159508049488 -0.02352394536137581 -0.06594988703727722 0.06837160140275955 0.06899046152830124 -0.058541469275951385 0.059670232236385345 -1.6053392916376108e-38 -0.009646140038967133 -3.8637287894611375e-39 0.010723443701863289 -0.020729107782244682 0.12097587436437607 0.00549576198682189 0.07332295179367065 -1.9911756134017345e-38 -0.05773034319281578 -0.13666093349456787 -0.03425046056509018 -0.15979765355587006 0.04428347945213318 -0.05070377141237259 -0.06603565812110901 -2.12422834206999e-40 -0.0569617785513401 -0.023975571617484093 0.050123680382966995 0.1616726964712143 0.009215925820171833 0.0077876984141767025 -0.0311516635119915 2.876109046088114e-40 -0.14762873947620392 -0.1862107664346695 -0.07460737973451614 0.12053810060024261 0.08729442209005356 0.01689651794731617 0.000816922343801707 5.269249366058965e-39 -0.19719353318214417 0.1512511968612671 -0.023874154314398766 0.09214730560779572 0.03732060268521309 -0.028721772134304047 0.059584591537714005 0.034259408712387085 0.02244459092617035 0.038409773260354996 -0.0358520969748497 -0.004645361099392176 0.014961758628487587 -0.02853364869952202 0.004248189739882946 0.06122574582695961 0.04663209617137909 -0.01105551328510046 0.02699955552816391 -0.004409222863614559 0.032326001673936844 -0.058469127863645554 -0.0027656841557472944 -0.01464134268462658 0.02188136987388134 -0.03406249359250069 -0.024920005351305008 0.04262566193938255 -0.06557346880435944 0.010773759335279465 0.012277288362383842 0.053348954766988754 -0.05724756419658661 0.04630708694458008 0.0581030510365963 -0.020605986937880516 0.03945378586649895 -0.02975284494459629 0.02721644751727581 0.0008877957006916404 0.0034918503370136023 -0.021472612395882607 0.013297607190907001 -0.016184082254767418 0.018763266503810883 -0.010411691851913929 -0.0075762527994811535 -0.033865105360746384 -0.015010748989880085 -0.005484461318701506 -0.028740141540765762 0.027004148811101913 -0.0012586512602865696 0.014310563914477825 -0.014476361684501171 0.016104061156511307 0.011749106459319592 0.02823157049715519 0.011947700753808022 0.019928734749555588 0.022110819816589355 0.02434142678976059 -0.03222552314400673 0.026847952976822853 -0.005245992448180914 0.005676411557942629 0.0026207740884274244 0.020487887784838676 -0.027632934972643852 -0.04256352782249451 0.03683752566576004 -4.0644423737002384e-39 0.04676565155386925 -1.3315180046968342e-39 0.049512118101119995 -0.014672043733298779 0.05639321357011795 -0.0946786180138588 -0.012518089264631271 -3.5580999891980376e-39 -0.04472419247031212 0.01173386350274086 -0.08545470237731934 0.028427639976143837 0.024128232151269913 0.05386068671941757 0.040805719792842865 1.9451073658676705e-39 0.04415363073348999 -0.05336994305253029 -0.02744225598871708 -0.01757150888442993 0.04824905842542648 0.02562415786087513 -0.02409684844315052 -2.7307607641744867e-39 0.055090807378292084 -0.01709730550646782 -0.010103127919137478 -0.00661936542019248 -0.019272474572062492 0.012237733229994774 -0.02141859196126461 2.4261451027010937e-39 0.28835296630859375 0.0898885726928711 0.11695194989442825 -0.05148785933852196 0.02952689304947853 -0.0005030508618801832 -0.05476022884249687 0.0805802270770073 0.0640442967414856 0.07796933501958847 -0.050927240401506424 -0.004723729565739632 0.06016374006867409 -0.05618295446038246 -0.007849408313632011 0.04573369398713112 -0.09427041560411453 -0.05429128557443619 -0.015190109610557556 0.00707556027919054 0.10144040733575821 0.08691733330488205 -0.06482058763504028 0.02018973045051098 0.08281797170639038 0.07160843908786774 0.044828861951828 0.09254013746976852 0.008148028515279293 -0.09470760077238083 0.041614681482315063 -0.01879112981259823 0.047517649829387665 0.012543370947241783 0.040942560881376266 -0.02523178420960903 -0.06681255251169205 -0.04520581662654877 0.0854187160730362 -0.07339740544557571 -0.06500991433858871 0.0596010759472847 0.09021492302417755 -0.04859846085309982 0.07083557546138763 0.10775203257799149 0.002683989703655243 0.0946783795952797 -0.06766046583652496 -0.031001387163996696 0.029788484796881676 0.06156547740101814 0.004304127302020788 0.007040548138320446 0.04366808384656906 0.06907309591770172 -0.014312895014882088 0.06564304232597351 -0.01187674980610609 -0.09539644420146942 0.034798018634319305 0.04768822714686394 -0.04922442138195038 0.022310122847557068 -0.05453558638691902 0.006419898942112923 0.03702550008893013 0.07492157071828842 0.10461264848709106 -0.07558087259531021 0.09186673164367676 3.009003988549287e-39 -0.07692456990480423 -3.981673278606429e-39 0.05355416610836983 -0.0606982484459877 0.06770168244838715 0.0793234258890152 0.01780623383820057 -2.2726706909928467e-39 0.04214579984545708 0.03158244490623474 0.07601895928382874 0.0737077072262764 0.04100172221660614 0.07551220059394836 -0.028521059080958366 5.3454757986228424e-39 0.06626144051551819 -0.016730407252907753 0.09969402104616165 0.19167450070381165 -0.0391726940870285 0.040161509066820145 -0.05679529905319214 -1.1402309552272464e-39 0.018291594460606575 -0.17346833646297455 -0.039928048849105835 -0.144163578748703 0.023670455440878868 -0.008387461304664612 -0.04218247905373573 3.693504657208816e-39 -0.465422660112381 0.015155032277107239 -0.06797582656145096 0.17270228266716003 0.005080444738268852 0.1160186380147934 -0.06454714387655258 0.02200913056731224 -0.01752559095621109 -0.0005364660173654556 0.009287229739129543 -0.0030866828747093678 0.06257893890142441 0.00989481434226036 0.0013667515013366938 -0.05688605085015297 -0.042656026780605316 -0.0007473821751773357 0.051342323422431946 -0.044246360659599304 0.0011554217198863626 0.04190966114401817 0.0074158101342618465 -0.021872054785490036 0.03169215843081474 0.045431237667798996 0.0328131802380085 0.020569391548633575 -0.0062906681559979916 0.008597016334533691 0.043963078409433365 -0.004173221532255411 -0.02089628204703331 0.017344828695058823 -0.023237258195877075 -0.023436928167939186 -0.02623973973095417 -0.03425052389502525 -0.03139999508857727 -0.009563503786921501 0.015256775543093681 0.011077645234763622 -0.00598274078220129 -0.0376608669757843 0.03910531476140022 0.03308284655213356 0.025794940069317818 0.014654070138931274 -0.044264182448387146 -0.07638655602931976 0.03266582638025284 -0.05073152109980583 -0.01757238432765007 -0.0035357768647372723 0.009782722219824791 0.0411115363240242 0.04415819048881531 -0.008239993825554848 -0.012300488539040089 -0.004756835754960775 -0.027734924107789993 0.002785777673125267 -0.0017211404629051685 0.005863016936928034 -0.06517376750707626 0.017324496060609818 -0.025930454954504967 -0.04352126643061638 0.030490420758724213 0.05104842036962509 -0.04071035236120224 -2.996976643829987e-39 -0.011973479762673378 2.1143982333427516e-39 -0.06194799020886421 0.0340457521378994 0.006684224121272564 -0.02221493236720562 -0.0757516622543335 -1.2811305068802124e-37 0.03910527750849724 0.03554993122816086 0.008104407228529453 -0.006782394368201494 -0.08074241876602173 0.025095278397202492 0.08587020635604858 -6.670296997958668e-39 0.028848426416516304 0.0005212706746533513 0.005971159320324659 0.008528795093297958 -0.057608723640441895 0.043219298124313354 0.05404999479651451 -1.2093401928908177e-39 -0.019117433577775955 0.008478940464556217 -0.06878960877656937 -0.03120012767612934 -0.0053316387347877026 0.13580068945884705 -0.06852119415998459 -4.7351710810523834e-39 0.2446882575750351 -0.025985347107052803 0.08294890075922012 0.0801614448428154 -0.018413014709949493 0.08414512872695923 -0.05509543418884277 -0.08790048956871033 0.00024144700728356838 -0.008989822119474411 -0.06123460456728935 0.07905159890651703 0.058437082916498184 0.02660951390862465 0.06713103502988815 -0.035637665539979935 0.04927390068769455 0.10016946494579315 0.03006286919116974 -0.07710424065589905 -0.008245695382356644 0.04087615758180618 0.054054148495197296 0.0964822992682457 -0.034582801163196564 0.08924373984336853 -0.051279183477163315 0.08335186541080475 -0.07916045188903809 -0.06251362711191177 0.02707669883966446 -0.004242331720888615 -0.013629082590341568 -0.0351860336959362 0.05357428640127182 -0.01688050851225853 -0.03526837006211281 0.022746577858924866 -0.04322538152337074 0.03205166012048721 -0.046204548329114914 -0.007300373632460833 -0.07687413692474365 -0.02035302110016346 0.05164707824587822 0.03347346931695938 0.012001150287687778 -0.03892453759908676 -0.09184560179710388 0.03014518693089485 -0.001417191931977868 0.014971356838941574 -0.04931940883398056 0.08281107991933823 0.06206503137946129 0.05606932193040848 -0.07874704897403717 0.07817000895738602 0.06106911599636078 0.04946080967783928 -0.00363418972119689 -0.06724459677934647 0.03250677511096001 -0.008871400728821754 -0.05844780057668686 0.05123083293437958 0.03410962596535683 -0.009143531322479248 -0.018774710595607758 0.06668340414762497 0.0035578268580138683 4.653015754685948e-39 -0.03977210819721222 3.328431374790593e-39 -0.04224548488855362 -0.04537176713347435 0.0770251676440239 0.04057640582323074 -0.05037175863981247 -1.9899951595753873e-39 0.003901210380718112 -0.013535323552787304 -0.005587006453424692 -0.0076696863397955894 -0.03499043360352516 0.011447512544691563 0.02911273203790188 4.467991108053428e-39 0.06208813562989235 -0.09237948805093765 0.016305183991789818 0.01631966046988964 0.0666545182466507 0.03636058419942856 0.05896301195025444 -6.250346065080557e-39 0.04164579138159752 -0.06308732181787491 0.05608159303665161 0.0697297751903534 -0.10115494579076767 0.033688828349113464 0.002919199876487255 -1.1053680507333092e-39 -0.0250522680580616 0.07704958319664001 0.06303007155656815 0.054177235811948776 -0.07009728997945786 -0.02677733078598976 -0.010898921638727188 -0.03150758892297745 0.020487455651164055 -0.008848742581903934 0.03715522587299347 0.061292070895433426 -0.0018217797623947263 0.053351081907749176 -0.007105492055416107 -0.04738333076238632 -0.05407501384615898 0.00865311361849308 -0.035155415534973145 -0.013318021781742573 -0.08298343420028687 -0.020630614832043648 -0.044972196221351624 -0.0665198564529419 -0.07508648931980133 -0.04594362527132034 -0.026614265516400337 0.027467813342809677 0.015330545604228973 -0.01569584384560585 0.07425188273191452 -0.07044443488121033 0.07877659052610397 0.029348814859986305 0.003223084146156907 -0.015808874741196632 0.06085117906332016 -0.05341523140668869 -0.016168955713510513 0.007598272990435362 0.08372052758932114 0.003850030479952693 0.09518645703792572 -0.01787983626127243 0.024654759094119072 0.013175807893276215 0.06442149728536606 0.0005534625379368663 0.03704226016998291 0.021966304630041122 0.05491885170340538 -0.041399531066417694 -0.006164707243442535 -0.03750481829047203 0.06794223189353943 -0.05421052500605583 -0.01830759271979332 0.03491837531328201 0.04447586089372635 -0.0387175977230072 -0.004792121704667807 0.005244973115622997 0.0343162827193737 -0.03742172196507454 0.022591592743992805 -0.01804172806441784 -0.013818750157952309 0.013210284523665905 -0.0344165675342083 -0.01178545132279396 -0.021298451349139214 -1.8369411374064378e-39 0.005655073095113039 5.482442914421343e-39 -0.022116607055068016 0.02278979867696762 0.0040986319072544575 -0.052162859588861465 -0.11226750165224075 -1.2131979675631039e-39 -0.020973149687051773 -0.034990597516298294 -0.04072552174329758 -0.04667022079229355 -0.016998637467622757 -0.061354126781225204 -0.0523918978869915 2.86730552861584e-38 0.016892844811081886 0.06588070839643478 0.010019575245678425 -0.05229608714580536 -0.04299568012356758 0.02647128887474537 0.03848796710371971 5.0580134316512494e-39 0.0221998430788517 -0.0006987715023569763 -0.009450853802263737 0.060248032212257385 -0.03668341785669327 0.06916849315166473 0.019867688417434692 -1.3293480659988579e-37 0.161849707365036 -0.030375801026821136 0.11402952671051025 -0.05242190882563591 -0.03472406044602394 -0.05904326215386391 -0.04729028791189194 -0.05482880771160126 -0.04386676102876663 0.09829017519950867 -0.007683929055929184 -0.03314666077494621 0.020719727501273155 0.02842138521373272 -0.016928616911172867 -0.024105995893478394 2.273471181979403e-05 0.04702046886086464 -0.03939478471875191 0.015541629865765572 0.06953952461481094 0.06877255439758301 0.07827955484390259 -0.08572737127542496 -0.03488786518573761 -0.006464626640081406 -0.022176766768097878 -0.06976637989282608 0.016932524740695953 0.02371874451637268 0.017989924177527428 -0.002887849463149905 -0.0066774627193808556 0.041186366230249405 -0.021426891908049583 -0.026488203555345535 0.047005102038383484 0.06664115935564041 -0.01529905665665865 -0.04164250195026398 0.01412210427224636 -0.05190320312976837 0.05942310765385628 0.061618536710739136 -0.024314548820257187 -0.004614347126334906 -0.04698106646537781 -0.016131747514009476 0.09538120031356812 0.020532168447971344 0.04107069969177246 0.0599207878112793 0.029572252184152603 -0.009084097109735012 -0.05901027098298073 0.011907595209777355 0.06759300827980042 0.05720660835504532 -0.03606704995036125 0.08975837379693985 -0.01564926654100418 -0.05232783779501915 0.029323695227503777 0.06092367693781853 -0.04719213396310806 0.018753016367554665 0.05613100156188011 -0.056864771991968155 0.08794543147087097 0.07238633930683136 -0.0032044905237853527
b1 64
0.04548295959830284 0.024947499856352806 0.18599215149879456 0.10504433512687683 0.03194168955087662 -0.01350487768650055 0.1259135901927948 0.03499199450016022 -0.07073743641376495 0.012531808577477932 0.011061698198318481 0.13151772320270538 0.1644892543554306 0.015865609049797058 0.017808914184570312 0.08540216088294983 0.011023899540305138 0.015636693686246872 0.17231647670269012 0.111698679625988 0.04919995740056038 0.06640052795410156 -0.03619688004255295 0.10764924436807632 0.05623101815581322 0.12020111083984375 0.12148642539978027 -0.03944428637623787 0.08788962662220001 0.043310053646564484 0.09351074695587158 0.05791745334863663 0.1028185561299324 0.08721810579299927 0.003969983663409948 0.07543621212244034 0.12950824201107025 0.056975625455379486 0.03297923505306244 0.04527996480464935 0.020473115146160126 0.07462609559297562 -0.06969170272350311 0.014601558446884155 -0.04582146182656288 -0.08189559727907181 -0.02764413133263588 0.11228222399950027 -0.14691892266273499 0.1490996778011322 0.15456771850585938 0.0788678452372551 0.0035093282349407673 0.03280169889330864 0.09206291288137436 0.04832293838262558 0.07929128408432007 0.1075558140873909 -0.08494057506322861 0.14114700257778168 -0.040631283074617386 0.03217463195323944 0.051419589668512344 0.021528275683522224
W2 4096
0.03242243081331253 0.034587301313877106 0.08818008750677109 -0.0017577562248334289 0.04663008823990822 0.008001788519322872 0.01317400299012661 0.04579094052314758 -0.032485585659742355 -0.039373382925987244 0.012782754376530647 0.012118751183152199 0.05984928458929062 -0.006059219595044851 0.0736132264137268 0.001675736508332193 0.06490757316350937 0.01584622636437416 0.07951276004314423 0.06495662033557892 0.056546617299318314 0.030500657856464386 0.0055666896514594555 0.0712236538529396 0.046725474298000336 -0.0002673490671440959 0.05418858304619789 0.0071493759751319885 0.00042783247772604227 0.030300308018922806 0.005330112762749195 0.0801347866654396 0.06450468301773071 0.039948321878910065 -0.018733525648713112 0.08580871671438217 0.0747678354382515 0.03517492860555649 0.06252069026231766 -0.004434899892657995 0.05236530303955078 0.054375968873500824 0.004355681594461203 0.08703760802745819 0.027651000767946243 0.020392747595906258 0.02177377976477146 0.08093533664941788 -0.02051345445215702 0.09839824587106705 0.008444568142294884 0.021983405575156212 0.04754874110221863 0.03102976456284523 0.0547996386885643 0.07839550077915192 -0.007332713343203068 0.08447904139757156 0.016619892790913582 0.008967842906713486 -0.018050232902169228 0.06827870011329651 0.01003709901124239 0.04830973967909813 -0.01609405130147934 -0.10365045815706253 -0.046954166144132614 -0.15349599719047546 -0.09083510935306549 0.05910410359501839 -0.06406113505363464 -0.06586925685405731 0.022264700382947922 0.11103223264217377 -0.09313755482435226 -0.037375558167696 -0.024399638175964355 -0.07857013493776321 -0.014852169901132584 -0.048253774642944336 0.03822183236479759 -0.012610560283064842 -0.04179489612579346 -0.08699113875627518 -0.034460969269275665 0.013830616138875484 -0.006547616794705391 -0.06331554800271988 -0.03563553839921951 -0.0003049310762435198 0.017290854826569557 -0.08043905347585678 -0.04421696811914444 0.02033051662147045 -0.1057920902967453 -0.022938650101423264 -0.03131379932165146 -0.08623726665973663 0.14780743420124054 0.05987017601728439 -0.0387585274875164 0.0079122893512249 -0.07216262817382812 -0.07776951789855957 -0.18044564127922058 -0.06187346950173378 0.14723961055278778 -0.1660359799861908 0.004739801399409771 -0.014118188060820103 -0.07853052020072937 -0.09860742837190628 -0.010835801251232624 0.00864738691598177 0.011669539846479893 -0.014510939829051495 0.08695178478956223 -0.017242606729269028 0.04400598630309105 -0.08574805408716202 -0.05908452719449997 -0.1385597586631775 -0.005314640235155821 -0.06106377765536308 0.10402229428291321 -0.045219987630844116 -0.23510921001434326 -0.026336079463362694 0.032479699701070786 0.028047554194927216 -0.029437918215990067 0.05770248919725418 0.06673210114240646 -0.06678327918052673 -0.009808599948883057 0.031224174425005913 -0.02845069020986557 0.08470507711172104 0.08481195569038391 0.08598608523607254 0.004373311530798674 0.07593654841184616 0.025698397308588028 0.1021537110209465 0.0534944161772728 0.04371467977762222 0.03305068984627724 0.06263550370931625 0.10231798887252808 0.06408447027206421 0.08002707362174988 0.04877171292901039 0.060811400413513184 0.04241319000720978 0.014680490829050541 0.10364531725645065 0.029017141088843346 -0.02487468346953392 0.08034656941890717 -0.0024221823550760746 0.11105278879404068 0.09400692582130432 -0.05853060260415077 0.005787565838545561 0.060309287160634995 0.07861562818288803 0.07747373729944229 0.07127006351947784 -0.0023520742543041706 0.026549939066171646 -0.03479648754000664 0.08231530338525772 0.11030613631010056 0.04139251634478569 0.06082483008503914 0.05367857217788696 -0.051543060690164566 0.009999404661357403 -0.0070092580281198025 0.06263371556997299 0.0016376822022721171 -0.010785980150103569 0.10487242788076401 0.018860366195440292 0.06563597917556763 0.012443799525499344 -0.010954082012176514 0.11755111068487167 0.0053327688947319984 0.029583144932985306 0.04578343406319618 0.05867147445678711 0.0759417712688446 0.04562477767467499 0.02279501222074032 0.015045227482914925 0.006112718489021063 -0.031344808638095856 0.09460984915494919 0.024186622351408005 -0.04476313292980194 0.03244537487626076 0.073194719851017 0.07013221085071564 0.06226367503404617 0.02680378593504429 0.034885164350271225 0.03565644100308418 0.0086822509765625 0.022627152502536774 0.06088543310761452 0.035349369049072266 0.04750052094459534 0.04240463674068451 0.0559459812939167 0.09395886957645416 0.056230876594781876 0.0954945832490921 0.09428266435861588 0.03722687065601349 0.004051758907735348 0.025455882772803307 0.020406413823366165 0.05952982231974602 0.05122920498251915 0.011314759030938148 -0.03467408940196037 0.03744588419795036 0.014975388534367085 0.024221600964665413 0.08055713027715683 0.039165109395980835 -0.004307739436626434 0.04979348182678223 0.005577141884714365 0.04391258582472801 0.03847522288560867 0.07208336144685745 0.04201051965355873 0.0690460056066513 -0.016422512009739876 0.029307786375284195 0.06636340916156769 0.06351955980062485 -0.008721116930246353 0.011586458422243595 0.09042705595493317 0.07265178859233856 0.02378438040614128 0.04934857413172722 -0.030916418880224228 0.10318902879953384 -0.012750922702252865 0.037613339722156525 0.014176756143569946 0.017741434276103973 0.03104447014629841 0.011739433743059635 0.041039176285266876 0.004493255168199539 0.040172915905714035 -0.017074652016162872 0.0247194841504097 0.010369991883635521 -0.04062702879309654 -0.04094061627984047 0.01708645559847355 0.0367816798388958 0.026627568528056145 -0.011998205445706844 0.010971462354063988 0.004355199169367552 0.02066774107515812 0.01603424735367298 0.020049219951033592 0.04749104380607605 0.026445643976330757 0.02011621743440628 0.016723450273275375 0.00968383438885212 0.011786827817559242 0.04446829482913017 0.06106875464320183 0.01905990019440651 0.016414402052760124 0.014312999323010445 0.052664969116449356 0.02483965829014778 0.04420768469572067 0.01685418374836445 0.01577659696340561 0.022093629464507103 0.01957595907151699 0.010196087881922722 0.015099064446985722 0.017734702676534653 0.024139530956745148 0.039963655173778534 -0.005514875520020723 0.03411436825990677 0.022820793092250824 0.030362680554389954 0.025845956057310104 0.026837917044758797 -0.011821595951914787 0.010343117639422417 0.01663452573120594 0.029028452932834625 0.020837323740124702 0.035670340061187744 0.03814354166388512 0.06797979027032852 0.02158881165087223 0.044288016855716705 -0.011858445592224598 0.03482314199209213 -0.002339182421565056 0.03432475030422211 0.020782513543963432 0.019250499084591866 0.009985211305320263 0.0025172093883156776 0.017044777050614357 0.015852639451622963 0.014014198444783688 -0.004055744968354702 0.0131835313513875 0.013802213594317436 -0.022123301401734352 0.005365866236388683 0.014196510426700115 0.024413691833615303 0.008586902171373367 -0.00022158384672366083 0.0168437622487545 0.01367322076112032 0.009681022725999355 0.014803290367126465 0.02100355550646782 0.018077950924634933 0.009591192938387394 0.016671136021614075 0.009415395557880402 0.013653247617185116 0.01437324658036232 0.015285428613424301 0.028503745794296265 0.0230803731828928 0.004951153416186571 0.009106884710490704 0.010618959553539753 0.015229885466396809 0.020905254408717155 0.019745269790291786 -0.014868535101413727 0.012075506150722504 0.0031918787863105536 0.014123001135885715 0.018788475543260574 0.009877919219434261 0.012105267494916916 0.010707128793001175 -0.01660200208425522 0.020066967234015465 0.018419090658426285 0.014953570440411568 0.01701064594089985 0.02610480785369873 -0.017588229849934578 0.012773958966135979 0.00951311830431223 0.0120213208720088 0.01078026182949543 0.011500761844217777 0.014866722747683525 0.016961179673671722 0.018668729811906815 0.018738672137260437 -0.01858631893992424 0.025269640609622 -0.006212987005710602 0.018821533769369125 0.006428924854844809 0.015153120271861553 0.006556973326951265 0.02873089909553528 0.005931355524808168 0.04656628146767616 0.052394215017557144 0.02022012509405613 0.055754195898771286 0.04820273444056511 -0.005511327181011438 0.02822299860417843 0.06735938787460327 0.06781680136919022 0.03406732529401779 -0.022596387192606926 0.06904362142086029 0.0035813767462968826 -0.011979857459664345 0.018740106374025345 0.07882034778594971 0.06856495141983032 0.07363966852426529 0.026018695905804634 0.012336988933384418 0.03585918992757797 0.0031478067394346 0.012703397311270237 0.05725900083780289 0.06037742644548416 0.021630389615893364 0.014673544093966484 0.04252780228853226 0.06547290086746216 0.05068650096654892 0.04930836707353592 0.044213809072971344 0.016031818464398384 -0.022425927221775055 0.05272591486573219 0.06168588995933533 0.07012125849723816 0.002242902060970664 -0.03391815349459648 -0.04167459160089493 0.0068164607509970665 0.04536617547273636 0.05473046749830246 0.016550568863749504 0.013523674570024014 -0.0770082026720047 0.005920139607042074 0.04320545867085457 0.009220264852046967 0.04923011362552643 0.044978898018598557 0.03504873812198639 0.04906250163912773 -0.0018307650461792946 0.019619878381490707 -0.041058849543333054 -0.00033735117176547647 -0.05239483714103699 0.03700777888298035 -0.03670207038521767 0.06094139441847801 0.037853360176086426 -0.003013462293893099 -0.012489587999880314 -0.008661151863634586 0.047705065459012985 -0.0019019226310774684 0.0035411042626947165 0.001123423920944333 -0.022329378873109818 0.012589269317686558 -0.019409501925110817 -0.023368626832962036 0.01963271014392376 -0.009814806282520294 0.0069631049409508705 -0.03056090697646141 0.030209654942154884 0.011886127293109894 0.014454931952059269 0.03514852002263069 -0.013526826165616512 -0.0034636957570910454 0.045855358242988586 0.0037786122411489487 0.011231622658669949 0.013200637884438038 0.012220393866300583 -0.034402236342430115 2.4140728783095255e-05 -0.0036756424233317375 0.02380695939064026 -0.019240370020270348 0.0017031426541507244 0.004535584710538387 -0.021772153675556183 -0.018594151362776756 -0.003578648902475834 -0.004833481274545193 -0.006691286340355873 0.042482491582632065 0.011095965281128883 0.016191517934203148 -0.001507568289525807 0.023419952020049095 0.006343691609799862 0.005230402573943138 -0.0073855286464095116 -0.016122600063681602 0.015375692397356033 -0.021113615483045578 -0.00031262749689631164 -0.00679540541023016 -0.0010849707759916782 -0.007748021744191647 -0.0012025194009765983 0.034290701150894165 -0.001080309390090406 0.0020298317540436983 -0.0035142216365784407 0.008142628706991673 -0.0062064421363174915 -0.02893240749835968 -0.011297463439404964 0.014877206645905972 0.003618601942434907 0.009409831836819649 0.006008240859955549 0.017286673188209534 -0.00521774310618639 0.0013582316460087895 0.043678153306245804 0.00918111763894558 -0.01660582236945629 -0.02497309073805809 0.016116876155138016 0.03474801033735275 0.022743485867977142 -0.009532026015222073 0.03643283620476723 0.005378976929932833 0.023252621293067932 0.04038756340742111 0.013633683323860168 0.04791681841015816 0.046345632523298264 0.028124315664172173 0.03864824399352074 0.04447684437036514 0.04105541110038757 0.016474442556500435 0.040573347359895706 0.02016407623887062 0.028003735467791557 0.015665536746382713 0.03498261794447899 0.024345673620700836 0.015640784054994583 0.010615062899887562 0.021965328603982925 0.03242009878158569 0.03235630691051483 0.045301709324121475 0.023642590269446373 0.03623707965016365 0.024802254512906075 0.017333945259451866 0.011392852291464806 0.026680786162614822 0.03214088827371597 0.02083444967865944 0.035723213106393814 0.053189653903245926 -0.034841541200876236 0.05187945440411568 0.02540886215865612 0.024712955579161644 0.003378677647560835 0.019668908789753914 0.006538756191730499 0.027306687086820602 0.04318208619952202 0.030460545793175697 -0.03171313554048538 0.012293212115764618 -0.020990783348679543 0.03147093579173088 0.015400819480419159 0.02540884166955948 0.02778146229684353 0.0224120132625103 0.06910401582717896 0.0640433058142662 0.0714632198214531 -0.05480501428246498 0.0751444473862648 0.03141212463378906 0.022659245878458023 0.00636212108656764 0.06629486382007599 0.07555387914180756 0.02669776789844036 0.029070690274238586 0.06408911943435669 0.01555304042994976 0.008903775364160538 0.03597916290163994 0.042738176882267 -0.009825893677771091 0.0019846949726343155 0.007568026427179575 0.0387260764837265 0.057700105011463165 0.011673090048134327 0.022425692528486252 0.0192756075412035 0.004044076893478632 -0.0013898632023483515 0.005034017376601696 0.06594956666231155 0.07598614692687988 0.06470096111297607 0.005707586649805307 -0.030942140147089958 0.03888683021068573 -0.017432700842618942 0.008750485256314278 0.06521627306938171 0.07151929289102554 -0.01920994557440281 0.03808559477329254 0.03746245056390762 0.019483789801597595 0.019966501742601395 0.04232317954301834 0.041642483323812485 0.007611421402543783 -0.031928811222314835 0.07388779520988464 0.021134890615940094 0.004559688735753298 0.05368213355541229 0.05080151930451393 0.057817861437797546 0.043720729649066925 0.025783438235521317 0.04906871169805527 -0.04229076951742172 0.04973245784640312 -0.04528800770640373 0.05457497760653496 0.0072292760014534 0.0077189430594444275 -0.0024017910473048687 -0.0009498250437900424 -0.0046329074539244175 -0.0007026981329545379 -0.0029545819852501154 0.0023381649516522884 -0.0014840485528111458 -0.0008134173694998026 0.0007455573068000376 0.003469829447567463 -0.003632445354014635 -0.0036630649119615555 -0.0011665314668789506 -0.0005430420860648155 -0.003092773724347353 -0.0002699312171898782 -0.0012943376787006855 -0.0010537549387663603 -0.007478025741875172 -0.006852984894067049 -0.0030838623642921448 -0.0020595432724803686 -0.002210237318649888 -0.0071939220651984215 -0.002810385776683688 0.0038702322635799646 -0.005342971533536911 -0.004831192549318075 -0.001038188929669559 -0.0011132648214697838 -0.003098023124039173 -0.0036707117687910795 -0.002447874750941992 -0.0027034305967390537 -0.005528540350496769 -0.006829023361206055 -0.0013340843142941594 -0.005364920012652874 -0.003978543449193239 0.0009710698504932225 -0.0025324798189103603 -0.001035926747135818 -0.007316964212805033 -0.0032909144647419453 -0.0026272183749824762 -0.0031824472825974226 -0.0017521335976198316 -0.0014309255639091134 -0.004425378516316414 -0.002720738062635064 -0.0009760497487150133 -0.002869273303076625 -0.0047229896299541 -0.003850505920127034 -0.001279990072362125 -0.0014799641212448478 -0.004187116399407387 -0.00037468806840479374 0.001066451659426093 -0.00571075826883316 -0.0011865537380799651 0.003874385030940175 -0.003755477024242282 0.0054901037365198135 0.01461837813258171 0.014516391791403294 0.02071899175643921 0.011915374547243118 0.004776984453201294 -0.025928745046257973 0.009777129627764225 0.022217927500605583 -0.004285143222659826 0.007718238048255444 0.02414601854979992 0.014353225938975811 0.012994249351322651 0.009295890107750893 0.017845317721366882 0.018740089610219002 0.018762078136205673 0.013859967701137066 0.02183411829173565 0.00867029745131731 0.010001272894442081 0.010212327353656292 0.007465554401278496 0.017801394686102867 0.012620923109352589 0.024321481585502625 0.01951313577592373 0.025705499574542046 0.001220011617988348 0.00718412222340703 0.01575336791574955 0.02391960099339485 0.02568972110748291 0.0116423349827528 0.0004674859519582242 0.004786481149494648 0.02094091847538948 0.0210273377597332 0.012905110605061054 0.005864905659109354 0.013950797729194164 -3.534210554789752e-05 -0.003576314775273204 0.010277117602527142 0.020488133653998375 0.01108973752707243 0.015225253999233246 0.028793957084417343 -0.011112288571894169 0.033260028809309006 0.01110413484275341 0.019485503435134888 0.01806279458105564 0.01991058513522148 0.016460217535495758 0.014734890311956406 0.02129555121064186 0.00678951945155859 -0.0013030034024268389 0.01175017561763525 -0.004014093894511461 0.02113936096429825 0.009372270666062832 0.005877017509192228 0.08945945650339127 -0.0021324348635971546 0.033595792949199677 0.08704646676778793 0.011099565774202347 -0.032610807567834854 0.010795950889587402 0.08699467778205872 0.04372624680399895 -0.06866825371980667 0.021142790094017982 0.0627748966217041 0.045459844172000885 -0.004434233531355858 0.010821361094713211 0.00885096751153469 0.06484034657478333 0.05958566069602966 0.038487277925014496 -0.018756162375211716 -0.0046153319999575615 0.03462579473853111 0.07021798938512802 0.006617207080125809 0.0019553501624614 0.05226948857307434 0.03231646493077278 0.07471191883087158 0.05455487221479416 0.005356937181204557 0.11639205366373062 0.07089332491159439 0.027966266497969627 0.09991547465324402 -0.002255998784676194 0.08323062211275101 0.05906138941645622 -0.0023770027328282595 0.03658907487988472 0.05438821390271187 0.05801026150584221 0.04737658053636551 0.02014150097966194 0.047738898545503616 0.0717361643910408 0.055580079555511475 0.013863587751984596 0.07071658223867416 -0.04210725426673889 0.05000684782862663 0.11051945388317108 0.0004721679142676294 0.05318821221590042 0.0629618763923645 0.05307135730981827 0.05093250051140785 0.07163286209106445 0.057960424572229385 -0.04859719052910805 0.04144999012351036 0.041790738701820374 0.09061841666698456 0.012371699325740337 0.02959110215306282 0.06471096724271774 0.038107238709926605 0.08641823381185532 -0.010420492850244045 0.010941813699901104 0.023991096764802933 0.08959903568029404 0.04758492112159729 -0.1125134751200676 0.06632553040981293 0.07513700425624847 0.0029177507385611534 0.03399180620908737 0.06309476494789124 0.0360964834690094 0.06990388035774231 0.00041713632526807487 0.036534298211336136 -0.0025812298990786076 0.09628185629844666 0.012723580934107304 -0.0023784947115927935 0.031252436339855194 0.020947078242897987 0.02688794769346714 0.08814837783575058 0.007386396173387766 -0.0019491227576509118 0.029331594705581665 0.041332174092531204 0.022142767906188965 0.04024792090058327 0.03013472445309162 0.030893873423337936 -0.05400751531124115 0.07253070175647736 -0.04313093051314354 0.07937803864479065 0.10666022449731827 0.015290835872292519 -0.02674354612827301 -0.01543671265244484 -0.06277769058942795 0.03638685122132301 0.04498445615172386 0.03620411828160286 0.008786546997725964 0.08572403341531754 -0.028447119519114494 0.0611221082508564 0.08687015622854233 0.001924870302900672 -0.016922207549214363 0.001978105865418911 0.05709389969706535 0.10843748599290848 0.019995862618088722 0.05016104876995087 -0.07410243153572083 0.024893302470445633 -0.04195324331521988 0.01903734914958477 0.061831362545490265 0.09567297995090485 0.010824548080563545 -0.01699410378932953 0.024457870051264763 0.016905443742871284 -0.039262980222702026 0.05129368230700493 0.03881992772221565 -0.010414025746285915 0.05403721332550049 0.034569721668958664 0.017018135637044907 0.04045243561267853 0.03463556990027428 0.0017591688083484769 -0.050024911761283875 -0.011451313272118568 0.056956227868795395 0.015980301424860954 -0.051416270434856415 0.027412179857492447 0.04871894791722298 -0.019502675160765648 0.05800992622971535 -0.016699956730008125 0.012672913260757923 -0.042753249406814575 0.019205795601010323 -0.021635830402374268 0.013512670993804932 0.019294988363981247 0.051591064780950546 -0.021679243072867393 -0.001373691949993372 0.00877546425908804 0.04438657686114311 -0.003911460284143686 0.004550936631858349 0.016643192619085312 -0.024397877976298332 -0.056445155292749405 -0.025407947599887848 -0.026221521198749542 0.05340354144573212 -0.01064066868275404 -0.02243911847472191 -0.02635478787124157 -0.021004976704716682 -0.010630764998495579 0.0655333548784256 -0.024102022871375084 0.04480568692088127 0.0006103984196670353 0.021311704069375992 -0.02339831180870533 0.01989978924393654 -0.01892833411693573 -0.03523586317896843 0.00039638346061110497 0.03737211227416992 0.009320546872913837 0.00671633193269372 0.02407674491405487 0.014666588045656681 -0.025356976315379143 0.03817358240485191 0.017672881484031677 0.0150758633390069 0.051671918481588364 0.02830519713461399 -0.02790280245244503 0.03534507751464844 0.05582056939601898 0.018358713015913963 -0.05781662091612816 0.011244739405810833 0.06402528285980225 0.050246283411979675 -0.029441149905323982 0.008972078561782837 0.028413275256752968 0.012674868106842041 0.013554622419178486 -0.010483426041901112 -0.02099069580435753 -0.0031353658996522427 0.05533561855554581 0.02753390185534954 0.0532773993909359 0.02727620303630829 0.07320021837949753 0.06706592440605164 0.054631780833005905 0.037397485226392746 0.012687662616372108 0.007563709281384945 0.07387307286262512 0.04231001064181328 0.0170879028737545 0.016777805984020233 0.001939713372848928 0.06063798442482948 0.0062825740315020084 0.0401512011885643 0.04433567076921463 0.06071146950125694 0.034534163773059845 -0.013633308932185173 0.0413103923201561 0.016663452610373497 0.026467809453606606 0.020840220153331757 0.021191025152802467 -0.032702893018722534 0.045967768877744675 0.009939067997038364 0.03437286987900734 0.01607584021985531 0.03609270974993706 0.04108205810189247 0.005284919403493404 0.040671125054359436 0.04051290079951286 0.022034665569663048 0.02422134391963482 0.029610225930809975 0.014290143735706806 0.023544905707240105 0.059584688395261765 -0.0005629461375065148 -0.0050333826802670956 -0.0030819945968687534 -0.0014452197356149554 -0.005526852793991566 -0.0019546919502317905 -0.0020572843495756388 -0.00044489375432021916 -0.004687466658651829 0.0029140219558030367 -0.004225304815918207 -0.0021185732912272215 -7.560932863270864e-05 -0.006621248088777065 -0.002498473972082138 -0.0034073805436491966 0.000445310928625986 -0.0013493502046912909 -0.003495714860036969 -0.00743209570646286 0.00011245144560234621 -0.001470297807827592 -0.0012523786863312125 -0.0018608050886541605 -0.004214468412101269 -0.0027066259644925594 -0.0060609919019043446 -0.0037170397117733955 -0.0010517076589167118 -0.0027836996596306562 -0.0007081149378791451 -0.0008020222885534167 9.06440254766494e-05 -0.0032208890188485384 0.006282082758843899 -0.0032621840946376324 0.0009180703200399876 0.0001687084586592391 -0.002403487451374531 -0.003766567213460803 -0.007613229099661112 -0.000853160978294909 -0.004119995050132275 -0.0032699662260711193 -0.001296219532378018 -0.0025585112161934376 0.00030742856324650347 7.447718235198408e-05 -0.0024186742957681417 -0.0029988368041813374 -0.0016866720980033278 -0.005330224521458149 0.002421995624899864 -0.0005314360023476183 -0.0020980974659323692 -0.0015927278436720371 -0.004537924658507109 -0.0065809329971671104 -0.0030608572997152805 -0.007110541220754385 -0.001779743586666882 -0.0010620658285915852 -0.004724051337689161 -0.0010353882098570466 0.008811245672404766 0.01091279461979866 -0.006670731585472822 -0.02262289449572563 -0.03629382699728012 0.007771778851747513 0.001522181322798133 -0.006639700382947922 -0.012714569456875324 0.008979028090834618 -0.005984892137348652 0.006014989223331213 -0.018901214003562927 -0.028452951461076736 -0.0017005212139338255 0.0028099126648157835 0.0005117686814628541 -0.006180690135806799 0.00019848199735861272 0.004563597962260246 0.004129225388169289 -0.0071350522339344025 0.02403651922941208 -0.021441536024212837 -0.018917221575975418 0.0159720778465271 -0.007382730022072792 -0.01620609126985073 0.008470089174807072 -0.021157898008823395 -0.02867208793759346 0.009644475765526295 -0.023051299154758453 -0.03088487684726715 0.010705750435590744 -0.02275136485695839 -0.01689150184392929 0.01305133942514658 -0.007009643595665693 -0.01781327649950981 -0.02287042699754238 0.007461779285222292 0.006372369360178709 -0.02645125240087509 -0.002045614179223776 -0.011258404701948166 -0.014996049925684929 -0.030270196497440338 -0.006262602284550667 -0.007389933802187443 -0.005350527819246054 0.0019620328675955534 0.011054696515202522 -0.008457757532596588 0.01621672511100769 -0.015355800278484821 -0.028860293328762054 -0.01902666687965393 0.02976175583899021 -0.018708882853388786 -0.006464001722633839 -0.02293434366583824 -0.024236667901277542 -0.013073110952973366 0.07930387556552887 0.03475971892476082 0.05972261726856232 0.043246690183877945 0.05637342482805252 0.008148826658725739 0.06700550764799118 0.056012846529483795 0.011726582422852516 -0.0174491498619318 0.034954145550727844 -0.024484623223543167 0.08471140265464783 0.0702584907412529 0.062401603907346725 0.0601690337061882 0.02019745111465454 0.026158049702644348 0.033162012696266174 0.07242289930582047 0.09058292955160141 0.06173434108495712 0.07973591983318329 -0.010496862232685089 0.043908167630434036 0.01822318136692047 0.07918236404657364 0.006554826628416777 0.04193619266152382 0.05144033581018448 0.04660463705658913 0.08398925513029099 0.09056145697832108 -0.020369112491607666 0.04705240949988365 0.08868718892335892 0.034566137939691544 -0.014561895281076431 0.0749325081706047 -0.014761431142687798 0.06826499849557877 0.05268571525812149 -0.0502169132232666 0.06332390755414963 0.025922736153006554 -6.381809362210333e-05 0.052661191672086716 0.05579966679215431 -0.014298072084784508 0.042393289506435394 0.046480078250169754 -0.01434566080570221 0.05886312201619148 0.06416293978691101 0.019241878762841225 0.009056580252945423 0.0699077695608139 0.061878904700279236 -0.06507516652345657 0.05011889711022377 -0.055403873324394226 -0.005230367183685303 0.01813415251672268 0.0017407253617420793 -1.0550442652856873e-07 -2.131505816294066e-08 -1.0375382686333978e-07 -2.3041036456561415e-07 -0.00011272214032942429 -1.235585477843415e-05 -4.38811775893555e-06 3.5204215009798645e-07 0.0006446914048865438 1.3246166417957284e-05 -4.6027365897316486e-05 -6.507236207653477e-07 6.342062874864496e-07 3.0299641366582364e-05 -1.2842514252042747e-07 -2.0824707007705e-06 3.7058769066788955e-06 9.5289391310871e-07 5.537073593586683e-05 7.458355685230345e-05 -5.74925479668309e-06 -6.405791737051914e-07 2.9101662221364677e-05 1.9766524417264009e-07 1.1757338143070228e-06 -2.0174370547465514e-06 -2.959131779789459e-05 4.345825345808407e-06 -2.4295508410432376e-05 -1.3450097924305737e-07 -1.509857156634098e-06 1.0490657587070018e-05 -4.782396700875324e-08 -2.138331183232367e-06 -7.715693936916068e-05 -1.4455769132837304e-06 -4.563181209960021e-05 -2.6069869818456937e-07 -4.305755965106073e-07 -7.576004463771824e-07 9.497592401430666e-08 -3.865750386466971e-06 -6.747380393790081e-05 -3.8109482147774543e-07 -8.922774519248833e-09 -1.8556394252300379e-06 1.6605567054739367e-07 -7.881022838773788e-07 6.403980023605982e-06 -5.1677037760100575e-08 7.513845775974914e-05 -1.0521873264224268e-05 -5.954381432360378e-09 -1.6435817542514997e-06 1.2599916772160213e-06 7.80179470893927e-06 -1.5626046661054716e-05 -1.0320481180770003e-07 -1.160696342594747e-06 1.389114032690486e-07 -2.0284483980503865e-05 -1.855585833254736e-05 -1.6965610427632782e-07 -6.074347425055748e-07 0.005286582745611668 -0.0028734453953802586 -0.034806154668331146 0.01422843523323536 0.039158422499895096 -0.007645957171916962 0.01594335027039051 0.007420075125992298 -0.037223704159259796 -0.028833923861384392 -0.048010751605033875 0.011614548042416573 0.004380642436444759 -0.004198735114187002 -0.027554290369153023 -0.03932873532176018 -0.03154561668634415 0.00464532058686018 -0.04638543725013733 -0.016926361247897148 -0.02771785855293274 0.025966841727495193 -0.022522151470184326 -0.03264297917485237 0.009353839792311192 -0.027893859893083572 0.002588801784440875 -0.02426004223525524 0.03269486874341965 -0.01999719813466072 0.021608037874102592 0.0030731228180229664 0.053126879036426544 -0.04071857035160065 0.002805880503728986 -0.006141765043139458 0.029582716524600983 0.01734881103038788 0.021698063239455223 0.007846208289265633 -0.05515144392848015 0.019526105374097824 0.033749595284461975 -0.029359284788370132 0.01139079313725233 -0.005131360609084368 0.00476300623267889 -0.0417170412838459 0.027564629912376404 -0.015765666961669922 -0.0163472518324852 -0.015630872920155525 0.006311868783086538 -0.012558323331177235 -0.016923321411013603 -0.04001942649483681 -0.018376899883151054 -0.04832012206315994 -0.0001395900035277009 -0.04945645481348038 -0.01881689950823784 0.030341219156980515 -0.00241313548758626 -0.014955876395106316 0.01689748652279377 -0.020205236971378326 0.005267956759780645 0.03112141601741314 0.03152092546224594 -0.05141020193696022 0.06681632995605469 0.0590202622115612 -0.03533077985048294 -0.02699342742562294 0.08390456438064575 -0.0038193073123693466 0.09801390767097473 0.016332579776644707 0.053470760583877563 0.04410631209611893 0.0663900300860405 0.03225687891244888 -0.013718773610889912 0.05772867426276207 0.043471332639455795 0.09397085011005402 -0.021768102422356606 0.08970145136117935 0.04825631529092789 0.01993964985013008 0.07091357558965683 0.025676388293504715 0.03748252987861633 0.06462515145540237 0.0834561437368393 0.030038906261324883 0.0145496791228652 0.06634912639856339 -0.024199476465582848 0.05709027126431465 0.02173045463860035 0.03193909302353859 0.06341594457626343 0.011341819539666176 0.0035098837688565254 0.02657848596572876 0.019534267485141754 0.012084095738828182 0.06263212114572525 0.044728413224220276 0.05524482950568199 0.05920492857694626 -0.04132067784667015 0.007099122740328312 0.01673121005296707 0.06417190283536911 0.06012870371341705 0.06911703199148178 0.06905262917280197 0.0818498507142067 0.04191289842128754 0.08430986106395721 -0.046583209186792374 0.10084758698940277 0.025520814582705498 0.019567567855119705 0.011858525685966015 0.06326843053102493 0.010155422613024712 0.010300736874341965 0.0010726245818659663 0.002762163057923317 0.0037660670932382345 0.01760530285537243 -0.012316656298935413 -0.01319788210093975 0.03516874834895134 0.0531708262860775 -0.020950302481651306 -0.038186948746442795 0.009563419036567211 0.0035959077067673206 -0.0028179953806102276 0.01062126737087965 0.01173965260386467 -0.0025554068852216005 0.02100580744445324 -0.00015244221140164882 0.02078394405543804 -0.019158562645316124 0.03768976405262947 -0.012660041451454163 0.02891298569738865 0.0003843297890853137 -0.03743838891386986 0.013597384095191956 -0.007860379293560982 0.0019246969604864717 0.008151176385581493 0.001818951335735619 -0.0014624095056205988 -0.025378290563821793 0.033662810921669006 -0.01967490091919899 0.04552158713340759 0.013887946493923664 0.014909546822309494 -0.024935662746429443 -0.028295554220676422 -0.0028744700830429792 0.05525513365864754 0.019063277170062065 0.010313129052519798 0.011532804928719997 0.008847091346979141 -0.008796789683401585 0.03111215867102146 -0.027014831081032753 0.006109308917075396 -0.00041375469299964607 -0.012877150438725948 -0.038381293416023254 -0.013271044939756393 -0.0023915902711451054 -0.026768434792757034 0.01715042255818844 0.04838133975863457 -0.008442903868854046 -0.02787613868713379 -0.03682843968272209 -0.010411919094622135 -0.025802981108427048 -0.0013365562772378325 0.026664523407816887 -0.033171381801366806 -0.031563449651002884 -0.027541521936655045 -0.03397339954972267 0.0077829561196267605 -0.007509059738367796 0.009848988614976406 0.02225707657635212 0.018562717363238335 -0.029458321630954742 0.019791211932897568 -0.03746936097741127 -0.02311841957271099 -0.052940014749765396 0.01478630118072033 -0.005489991046488285 0.004105695057660341 -0.01176236942410469 0.02689395844936371 0.024857616052031517 -0.02667725645005703 0.007181673776358366 0.017773408442735672 0.00017858887440524995 0.006996277719736099 -0.005579536780714989 0.0008180661243386567 0.03139442205429077 0.024630887433886528 -0.003047150792554021 -0.00244366773404181 -0.012090367265045643 0.03188397362828255 0.04316409304738045 -0.03184879943728447 -0.0011437463108450174 -0.040920138359069824 -0.0026497747749090195 0.0004991229507140815 0.03235268592834473 -0.024918336421251297 -0.022617455571889877 -0.04317010939121246 -0.018076488748192787 -0.010909762233495712 0.015074421651661396 -0.0005118818953633308 0.01373758539557457 0.010629664175212383 0.010429359041154385 0.020971572026610374 0.023632653057575226 0.022150395438075066 -0.0412561409175396 -0.010970991104841232 0.022289812564849854 -0.01720149628818035 -0.04764781892299652 0.0608028881251812 0.04976502060890198 -0.02145296335220337 -0.006363982800394297 5.8365482337592956e-40 -8.144935220010853e-40 -7.233767965990819e-21 4.97417430121304e-15 -2.5895154841644025e-40 -1.9179165704659117e-39 8.012750735871093e-40 -1.1684278829263903e-39 -3.244679969473292e-39 1.4101266446500634e-39 8.701236047160675e-36 8.612045157012885e-19 -3.555253952016994e-39 -7.962458133986476e-40 -3.8552726968212367e-29 -3.003688863474103e-39 1.2320678526837019e-39 2.2632511627156553e-40 7.956347711744749e-13 7.703978430788943e-37 -6.057615281858798e-21 5.064172138401957e-39 -6.768411712535299e-40 -1.7606866788732743e-39 -3.0028677025740083e-39 1.768827996923049e-21 1.8657014792358337e-22 5.370228334696676e-39 2.4161094742199303e-14 1.7420998387508369e-25 -6.1883161872587544e-40 -2.8796389169197483e-39 -1.2561603771808385e-39 1.765629631998779e-18 6.23137203545809e-37 2.8768138992156694e-39 -1.6945042032980257e-20 1.739350473606867e-27 2.127925641310267e-18 -1.600504542886385e-36 -1.807946870881093e-39 -3.846759065058164e-39 -4.978386047714456e-39 -2.4134339243312032e-39 -2.0343056183158024e-39 -3.006767516200224e-39 -1.0426823652302029e-39 -6.093667621871734e-29 -3.2437551124868374e-39 1.546912419122734e-13 3.369217567893231e-39 2.1358148505530974e-19 -3.1244097172407914e-37 2.9585212248578663e-36 3.6983351066364274e-16 4.415700035161272e-23 2.459222752951481e-39 -1.1844029544810569e-19 -1.0397770026773735e-36 -5.513454573950951e-24 -3.950920382508356e-39 -4.933101686541335e-39 1.870255607097296e-38 -3.0744866657871854e-39 -0.0019269631011411548 0.00236021657474339 -0.042761143296957016 0.007325735408812761 0.025911135599017143 0.16752523183822632 -0.02577192708849907 -0.05256398022174835 0.1596849113702774 0.20717310905456543 -0.04086850583553314 0.01397623959928751 -0.04288571700453758 0.00954101886600256 0.005215916782617569 0.028881419450044632 0.038184843957424164 0.013290328904986382 -0.016634183004498482 0.024986762553453445 -0.029992209747433662 -0.04527533799409866 0.0013718422269448638 0.030275961384177208 0.03922359645366669 0.005037774797528982 0.03173602744936943 -0.003525884822010994 0.05947760492563248 0.07043980062007904 -0.07833301275968552 -0.024992015212774277 -0.035623740404844284 -0.006327643990516663 0.15109868347644806 -0.043095577508211136 0.06359779834747314 0.011198656633496284 0.00978244747966528 0.0060041495598852634 0.023425547406077385 0.044352807104587555 0.22629950940608978 0.021235642954707146 -0.027993766590952873 -0.0321778878569603 -0.0013900804333388805 -0.04938212409615517 0.10698635876178741 -0.03338051214814186 -0.0671766847372055 -0.024757597595453262 0.08355353027582169 0.007170314434915781 0.01665465161204338 -0.015142015181481838 0.07762455195188522 -0.01020741369575262 0.1657281517982483 -0.05528874322772026 0.23538988828659058 -0.032327473163604736 0.07953570783138275 -0.0006857248954474926 0.049404777586460114 0.08586611598730087 0.06254274398088455 0.005415960215032101 0.02988980896770954 -0.05678963661193848 0.05519712716341019 0.03384854272007942 -0.0598784014582634 -0.03588210418820381 0.06398727744817734 0.07810080051422119 0.044786542654037476 0.015011800453066826 0.02832077257335186 -0.008682988584041595 0.032790407538414 0.042491983622312546 0.07605982571840286 0.03312772884964943 0.07183182239532471 0.09161831438541412 -0.002035921672359109 0.055627185851335526 0.04464534670114517 0.11548447608947754 0.07020455598831177 0.04695925861597061 0.007160377688705921 0.03686877340078354 0.10934314131736755 0.07814975827932358 0.03476512432098389 0.05768001824617386 0.001985226757824421 0.03966868296265602 0.07962244749069214 0.06171489506959915 0.030073177069425583 0.03592084348201752 0.013866683468222618 0.04720533266663551 0.06469316780567169 0.049241483211517334 0.030075756832957268 0.054482534527778625 0.08335060626268387 0.07883676141500473 -0.049833159893751144 0.06249816343188286 0.048075105994939804 0.010184820741415024 0.06770887225866318 0.015206319279968739 0.10482566058635712 0.10372017323970795 0.08242330700159073 0.06993360072374344 -0.04312106966972351 0.11807446926832199 0.0259141456335783 0.06973933428525925 0.0266912579536438 0.06849823892116547 0.01963256485760212 0.0658094510436058 0.04344172030687332 0.07583728432655334 0.011061142198741436 -0.0604085810482502 0.12523192167282104 0.08835145831108093 -0.01892320066690445 -0.022740239277482033 0.05309207737445831 0.02341211400926113 0.08744773268699646 0.054203733801841736 0.02425544150173664 0.007124262861907482 0.007942658849060535 0.07702542841434479 0.08075360953807831 0.04415642097592354 0.03905937075614929 0.0318264476954937 0.036440178751945496 0.07361861318349838 0.07675956934690475 0.05572258308529854 0.06337236613035202 0.051555801182985306 0.02139638178050518 0.03181568905711174 0.03843037411570549 0.05697663128376007 0.08180312812328339 0.08352112770080566 0.025090517476201057 0.048122745007276535 0.021180804818868637 0.06164313107728958 0.077598437666893 0.07819763571023941 0.02243737317621708 0.04667769372463226 0.06135968863964081 0.042258042842149734 0.048834316432476044 0.04065124690532684 0.07781387120485306 0.056437671184539795 -0.07170379906892776 0.09819996356964111 0.023692725226283073 0.030996674671769142 0.07229925692081451 0.04583913832902908 0.02892925590276718 0.08635195344686508 0.00932706706225872 0.052701231092214584 -0.024286022409796715 0.0835857018828392 -0.08276582509279251 0.07982152700424194 0.05424090847373009 0.04041796177625656 1.2317302292698066e-27 4.330483091047698e-39 -5.174911106719604e-33 -2.1614980939370607e-33 1.527443637388246e-26 2.1487599568582871e-13 1.4849109690880907e-25 2.021814051441241e-37 -7.989172081152832e-20 -2.931677123285681e-11 -1.0568856422335836e-26 -4.198148403859754e-20 7.029153034414315e-30 -1.2659941623944116e-14 1.5848307280928313e-39 -4.1178065935993684e-23 2.769700593430424e-16 6.515757599417534e-39 -4.017333911318408e-21 6.987656014960231e-29 4.4364226562491184e-39 3.2869434091478234e-29 -7.606969401713584e-21 -4.09382122378652e-36 -1.4167009466935046e-28 2.7518611924360053e-31 -5.826318754969724e-41 1.244794639560697e-21 1.119708777194868e-14 1.955973525175027e-35 -2.8897721174852114e-29 -3.839112203552781e-34 2.319279339750848e-35 8.926670166942152e-15 3.488116211583783e-19 5.893894798500817e-17 3.470988154870923e-17 5.983888082197028e-32 -1.3027382852987986e-29 1.031709601005619e-18 7.80271438224977e-29 6.31207072571892e-28 -1.2957130756784813e-15 -2.0481993566300007e-33 1.1554266357743847e-40 -1.570618759067649e-39 3.3690421148407026e-17 1.00902789382494e-31 1.6920872690158495e-34 8.227948381029436e-33 2.2206226026802564e-17 7.577899796421816e-40 -4.3302392651149054e-39 -3.593069526899916e-36 1.86931809094191e-23 -6.605798610989781e-18 1.774976359330322e-18 -2.769778518615147e-40 2.5288120994673854e-16 2.9645826101074008e-33 1.3958474119614873e-20 -3.34900523884381e-40 -4.593255980376352e-39 -1.5118407123326741e-29 0.00981889571994543 0.004036454018205404 0.011924444697797298 0.012485355138778687 0.01121001597493887 0.00117499940097332 0.021326368674635887 0.01131665799766779 -0.02237524837255478 -0.001879434217698872 0.013145461678504944 0.02155846729874611 0.010929955169558525 0.01654183678328991 0.014821288175880909 0.014046919532120228 0.014493958093225956 0.013217969797551632 0.02314404770731926 0.01418527215719223 0.014279050752520561 0.01193005871027708 0.020000288262963295 0.009723280556499958 0.017293715849518776 0.014886165969073772 0.026296596974134445 0.02110075019299984 -0.0010096594924107194 0.008960489183664322 0.014969521202147007 0.0225259717553854 0.023594362661242485 0.02275710366666317 -0.006136601325124502 0.019812436774373055 0.01089598797261715 0.008879783563315868 0.014995478093624115 0.010500832460820675 0.005550609901547432 0.01215795986354351 -0.005717330612242222 0.019867848604917526 0.017728494480252266 0.01502210646867752 0.0179205983877182 0.023968277499079704 -0.01815742440521717 0.027543174102902412 0.007742153946310282 0.012565172277390957 0.010480530560016632 0.014640436507761478 0.010792511515319347 0.02905377559363842 0.008208920247852802 0.020129503682255745 -0.00817873515188694 0.018266037106513977 -0.023885678499937057 0.019204361364245415 0.005989941768348217 0.014892660081386566 0.010340351611375809 -0.009096996858716011 -0.016726432368159294 -0.010895275510847569 0.0434575155377388 0.020777015015482903 0.07159966975450516 -0.005486392881721258 -0.01443110778927803 -0.003554416121914983 -0.034712959080934525 0.027422718703746796 0.012510387226939201 0.027884451672434807 0.042348675429821014 -0.008641926571726799 -0.004294511396437883 0.05757516250014305 0.05269256979227066 0.023625392466783524 0.06329825520515442 0.05193279683589935 0.052490945905447006 0.017545783892273903 0.028643768280744553 0.064548559486866 0.00836561992764473 0.05631500482559204 0.02272752858698368 0.022710047662258148 -0.014991043135523796 0.060243215411901474 0.024317119270563126 0.0614311508834362 -0.052415039390325546 0.029180021956562996 0.022302620112895966 0.05190228298306465 0.040313173085451126 -0.012867997400462627 -0.036412905901670456 0.02504388429224491 -0.061103034764528275 0.015396295115351677 0.008357233367860317 0.007870852947235107 0.018208453431725502 0.008285928517580032 -0.02843068726360798 -0.010745114646852016 0.023385223001241684 -0.006810149177908897 0.014991071075201035 0.004344938788563013 0.022023526951670647 -0.004687892273068428 0.04775317758321762 0.0002738703042268753 -0.039494242519140244 0.005436415318399668 -0.04411179944872856 0.014229272492229939 -0.0016300990246236324 0.04629528149962425 0.003023955738171935 -0.013263733126223087 -0.03616694360971451 0.027483247220516205 -0.009854541160166264 0.029366718605160713 0.02376311644911766 -0.010007643140852451 -0.0062570334412157536 0.05638786405324936 0.0028544128872454166 -0.030185185372829437 -0.002202663803473115 0.004448313731700182 -0.042324427515268326 0.0023679600562900305 0.0043696085922420025 0.00575217604637146 -0.002885469002649188 0.007483883760869503 0.008435753174126148 -0.028554674237966537 0.013348421081900597 -0.04822200909256935 0.033007536083459854 -0.0055914996191859245 -0.02646869421005249 -0.010303814895451069 -0.015864163637161255 -0.005802824627608061 -0.025545429438352585 0.003023764817044139 -0.027228213846683502 -0.03616832196712494 0.008284913375973701 0.02590976655483246 0.009520493447780609 0.01003659050911665 -0.006051891949027777 -0.00961207039654255 -0.028107909485697746 0.0009822312276810408 0.018357988446950912 0.008521259762346745 0.017307305708527565 -0.0050128488801419735 -0.021058978512883186 -0.005421957466751337 0.026034455746412277 0.01490373071283102 -0.0026310591492801905 -0.011572925373911858 0.0031183366663753986 -0.0038587371818721294 0.012210244312882423 0.011546057648956776 -0.01963501051068306 -0.018114523962140083 0.0532866045832634 0.0020067235454916954 0.056015465408563614 -0.02271345630288124 0.005184478592127562 0.002898686332628131 -0.006031320430338383 0.0003557699965313077 0.08399304002523422 0.07875414192676544 0.05564964935183525 -0.026955710723996162 0.09749739617109299 0.005543498322367668 0.020330769941210747 -0.01944420486688614 0.005107652861624956 0.06828087568283081 0.07081769406795502 0.011465966701507568 0.021153409034013748 0.0680074393749237 0.04621541500091553 0.0876905545592308 0.0022027145605534315 0.056592315435409546 0.0030772185418754816 0.061147063970565796 0.0653500109910965 0.017503680661320686 0.08083133399486542 0.06153683364391327 0.02474789321422577 0.005743243731558323 0.021113069728016853 0.01665000431239605 0.0538286529481411 0.0679144412279129 0.029115229845046997 0.030349556356668472 0.04737752676010132 0.006404662039130926 0.010857196524739265 0.036998312920331955 0.009211133234202862 0.012253116816282272 0.030612800270318985 0.04516710340976715 0.0053813261911273 0.023529790341854095 0.07261879742145538 0.052876200526952744 0.012853852473199368 0.07328426092863083 -0.033385131508111954 0.038828156888484955 0.07477623224258423 0.03927946463227272 0.015671534463763237 0.05427036061882973 0.060552358627319336 -0.005204802844673395 0.04220566898584366 0.0033696407917886972 -0.056756120175123215 0.09358633309602737 -0.0246144849807024 0.06183439493179321 0.04743918776512146 0.05922645702958107 0.08693710714578629 -0.02676326408982277 -0.007800141349434853 0.042858097702264786 0.03914297744631767 0.021728496998548508 0.05278107151389122 0.0035960187669843435 -0.030226312577724457 -0.03607838600873947 0.03923001140356064 0.09719988703727722 0.061520881950855255 0.07052663713693619 0.09005285799503326 -0.011204371228814125 -0.002780290087684989 0.02610689215362072 0.06106649339199066 0.029940014705061913 0.09879538416862488 0.035556547343730927 0.0193786658346653 0.05999823287129402 0.05894001945853233 -0.022042052820324898 0.07776181399822235 0.027859697118401527 0.04286428168416023 0.03128354996442795 0.0171771552413702 0.062139853835105896 0.05301373451948166 0.10696262121200562 0.02086220681667328 -0.01272108405828476 0.04917428269982338 0.01306599099189043 0.037079378962516785 0.06777069717645645 -0.0003383286821190268 0.026794029399752617 -0.06377478688955307 0.07891684770584106 0.020033136010169983 0.010808881372213364 0.014016646891832352 0.012307414785027504 -0.04993334785103798 0.007691801059991121 -0.01970437914133072 0.04283427074551582 0.01800498366355896 0.05160410329699516 0.09105172753334045 0.10541006922721863 0.0712733343243599 0.09777095168828964 0.017851294949650764 0.048274118453264236 -0.017189037054777145 0.09130489826202393 0.052935414016246796 0.09028787910938263 0.09121076762676239 0.0844951868057251 0.058409448713064194 0.07305867969989777 -0.01602810248732567 0.030282186344265938 0.018964096903800964 0.0595412477850914 -0.05057935044169426 -0.028302421793341637 0.06619276851415634 0.10175951570272446 -0.004179346840828657 0.0706552118062973 0.0032842590007930994 0.03662296012043953 0.09401728212833405 0.08392897993326187 0.1157187893986702 0.06436484307050705 -0.0016770745860412717 0.004865699447691441 0.01938256248831749 0.02386189065873623 0.07178369164466858 0.11959245800971985 0.02925666607916355 0.0543346032500267 0.05801056697964668 0.03861021623015404 0.051935844123363495 0.09840773046016693 0.02733100950717926 0.031541608273983 -0.030777567997574806 0.10026326775550842 0.029156560078263283 0.009289322420954704 0.07684379070997238 0.10042750835418701 0.08655794709920883 -0.013672975823283195 0.031447961926460266 0.019729048013687134 0.025406217202544212 0.015798836946487427 0.0695260539650917 0.11404034495353699 -0.05019937455654144 0.11436142772436142 0.10478837043046951 0.06072551757097244 0.0921255350112915 0.009234552271664143 0.10044491291046143 0.03375204652547836 -0.02617885172367096 -0.010372311808168888 0.035748329013586044 0.04617961868643761 -0.04987623170018196 0.014305830001831055 -0.01687469147145748 0.03109949827194214 -0.011527773924171925 -0.00482978904619813 -0.009163562208414078 0.011862649582326412 -0.0008518870454281569 -0.0073429252952337265 0.0077964928932487965 0.005998546723276377 -0.010235684923827648 0.00393601693212986 -0.006606306415051222 -0.00734756188467145 -0.005363354925066233 -0.00879613496363163 -0.0006408054614439607 -0.001721804030239582 -0.012905934825539589 0.001720791682600975 -0.007941387593746185 -0.0033099064603447914 0.010566855780780315 0.0059346347115933895 -0.012081877328455448 -0.0065202247351408005 -0.006867378018796444 -0.0013886335073038936 -0.008629528805613518 0.0032493353355675936 0.005318573676049709 -0.004749423358589411 -0.012348786927759647 -0.0019964815583080053 -0.004588947631418705 -0.006816357374191284 -0.006544154603034258 -0.014368335716426373 -0.012348568998277187 -0.008718077093362808 -0.0011771493591368198 -0.0035310632083564997 0.004647867288440466 0.011537439189851284 -0.02601485140621662 0.0023116469383239746 -0.006769419647753239 0.005793364252895117 -0.0005266146617941558 -0.012472855858504772 -0.012781928293406963 0.0038675889372825623 -0.01214691624045372 0.0014870080631226301 -0.004085248801857233 0.0059750620275735855 0.0004945362452417612 -0.01226290687918663 -0.010968128219246864 -3.154007572447881e-05 0.016251901164650917 -0.010542009957134724 0.00959728192538023 0.01743726059794426 0.00021806931181345135 0.020562345162034035 0.01504743006080389 0.016383588314056396 0.03377986326813698 0.007215289864689112 0.0009127387311309576 -0.01834121346473694 -0.018160447478294373 0.016332700848579407 0.0320986770093441 -0.014476405456662178 -0.015634089708328247 -0.00854744203388691 0.011477486230432987 -0.01650172472000122 -0.014446262270212173 -0.005704870447516441 -0.018915299326181412 0.015137758105993271 0.0075157745741307735 0.013676054775714874 0.007610552478581667 0.004271047189831734 -0.026924699544906616 -0.009226527996361256 -0.00935971736907959 -0.014678818173706532 0.00512996269389987 -0.009213950484991074 -0.00657376553863287 -0.006238581147044897 -0.0036959643475711346 0.013743644580245018 0.007809152361005545 0.005045732483267784 0.005834771320223808 0.013030098751187325 0.0008543208241462708 0.003205793909728527 0.011731080710887909 -0.0004836352018173784 -0.0015296813799068332 -0.028394298627972603 0.016421005129814148 -0.01323847845196724 -0.00696991803124547 -0.00642702542245388 -0.0024595987051725388 0.022972293198108673 0.04171682521700859 0.028850870206952095 0.01704328879714012 0.013918416574597359 0.01770864427089691 -0.02187369018793106 -0.0064843143336474895 -0.02236919291317463 0.03065037541091442 0.0024102746974676847 0.011432450264692307 0.018315622583031654 -0.024507315829396248 -0.025059664621949196 -0.0027618049643933773 -0.024099865928292274 0.05071153864264488 0.04139462858438492 0.04496418684720993 0.09010422974824905 0.05921787768602371 -0.0225541815161705 0.04436280205845833 -0.0069891056045889854 -0.0451367013156414 0.004585470072925091 0.05050065740942955 0.07702349126338959 0.050655074417591095 -0.03593068569898605 0.06427755951881409 0.06291424483060837 0.09215380251407623 0.08241960406303406 -0.030027221888303757 0.10065307468175888 0.0743710920214653 0.05366949737071991 0.029013587161898613 -0.007974294014275074 0.07061983644962311 0.04336311295628548 0.09999742358922958 0.05773278325796127 0.06672603636980057 0.02382146380841732 0.01402090024203062 0.0873066708445549 0.03004351817071438 0.04788894206285477 -0.021349424496293068 0.08004562556743622 0.05237273499369621 0.0689336359500885 -0.006620835047215223 0.07454898953437805 0.02102142944931984 -0.004551300313323736 -0.048115864396095276 0.03638233244419098 0.02961433120071888 0.06691571325063705 0.02784227952361107 -0.004464321304112673 0.0030015951488167048 0.04106861352920532 0.037676937878131866 -0.023035803809762 0.010874595493078232 0.009127493016421795 0.004512419458478689 0.10765065252780914 0.0652540922164917 -0.02200150117278099 -0.040544334799051285 0.06486331671476364 0.060098014771938324 0.011801945976912975 -0.013902719132602215 0.028515687212347984 -0.0028909805696457624 -0.004601864144206047 -0.003504951484501362 -0.006902787834405899 -0.004624716006219387 -0.001729542389512062 -0.00247595040127635 -0.008467228151857853 -0.006764243822544813 0.00926806591451168 -0.005823943763971329 -0.0086556700989604 -0.006835713051259518 -0.006038374733179808 -0.0020745317451655865 -0.00187466642819345 0.0015787939773872495 -0.0011741071939468384 -0.0071122669614851475 -0.011139837093651295 -0.0005242271581664681 0.00036658431054092944 -0.003883996047079563 -0.00239184801466763 -0.0004050919378641993 -0.0027428821194916964 -0.004694225266575813 -0.002948824083432555 -0.005886966362595558 -0.0015789627796038985 -0.004403467755764723 -0.0022060307674109936 0.0012347124284133315 -0.003986751195043325 -0.001006407430395484 -0.003923782613128424 -0.005178895313292742 -0.002088668756186962 -0.004537756089121103 -0.006154491566121578 -0.009700639173388481 -0.0035874585155397654 0.005800109822303057 -0.005946442950516939 -0.00490654818713665 0.00039868682506494224 -0.001175539568066597 -0.007524275220930576 -0.003331006271764636 -0.005424067843705416 -0.00444722268730402 -0.0019855631981045008 0.0002426306891720742 -0.001115906168706715 -0.007045980077236891 -0.003478462342172861 -0.005161378066986799 -0.00920570082962513 0.001609780010767281 -0.005100015550851822 0.007200958207249641 -0.008712598122656345 -0.010961061343550682 -0.0037485493812710047 0.029659518972039223 0.014087961055338383 0.03972534090280533 0.007101207971572876 0.0323021337389946 0.011574014090001583 -0.0006031672237440944 0.0229610837996006 -0.058938004076480865 0.020011570304632187 0.02104073390364647 0.013845071196556091 0.01669362187385559 0.01103727612644434 0.036752257496118546 0.006489028688520193 0.02720065414905548 0.025713883340358734 0.030147355049848557 0.03552756831049919 0.01786809414625168 0.009930075146257877 0.019934704527258873 -0.000590300012845546 0.01521348673850298 0.04109121486544609 0.02934512123465538 0.02754879556596279 0.00024878044496290386 0.01001845020800829 0.008043416775763035 0.042862676084041595 0.03755664825439453 0.009537712670862675 -0.004027352202683687 0.027878517284989357 0.008265351876616478 0.035295844078063965 0.033020395785570145 0.03132877126336098 0.008650574833154678 0.005523413885384798 -0.036681488156318665 0.007825192995369434 0.022998124361038208 0.018663683906197548 0.032785214483737946 0.02722201868891716 -0.06740989536046982 0.039781827479600906 0.017849300056695938 0.020275050774216652 0.01388899702578783 0.026150723919272423 0.02545895427465439 0.04199640080332756 -0.005936981178820133 -0.003751955460757017 -0.02233518660068512 0.00046796511742286384 -0.04039067029953003 0.012442754581570625 -0.022330164909362793 0.01928347907960415 0.012264017015695572 0.004538829904049635 0.019614899531006813 0.022998197004199028 0.037776459008455276 -0.02730562537908554 0.0573526993393898 0.0343967005610466 -0.04642505571246147 0.008249289356172085 0.04106921702623367 0.013790388591587543 0.02541889064013958 0.026571771129965782 0.038518067449331284 0.007519523147493601 0.024159977212548256 0.03621497005224228 0.045564789324998856 0.04598665609955788 0.04314322769641876 0.028175586834549904 0.04767106473445892 0.02614949829876423 0.014951487071812153 0.02348538115620613 0.046253643929958344 0.020281575620174408 0.022225117310881615 0.024746684357523918 0.02886953204870224 0.03388357162475586 0.03182727098464966 0.014998828060925007 -0.0019767519552260637 0.02377406507730484 0.02874387428164482 0.028778748586773872 0.032025277614593506 0.013046517968177795 0.01357894204556942 0.04133506119251251 -0.009416945278644562 0.052690863609313965 0.04433782026171684 0.024154851213097572 0.03809148073196411 0.033196985721588135 -0.03370688483119011 0.04941696673631668 0.011985639110207558 0.028798066079616547 0.009178401902318 0.016268646344542503 0.033125024288892746 0.022606845945119858 0.01313721388578415 0.022764936089515686 -0.0004904379602521658 0.03993937745690346 -0.02861904911696911 0.03134659677743912 0.009724203497171402 0.023838520050048828 -0.05296114459633827 -0.005637184716761112 0.011112172156572342 -0.006987171247601509 0.015251659788191319 0.2270374447107315 -0.015136754140257835 -0.0582597516477108 0.18867972493171692 0.22294938564300537 -0.026853546500205994 -0.011715239845216274 -0.06435609608888626 0.009779690764844418 0.02766956016421318 -0.010784042067825794 0.008131494745612144 0.006641117390245199 -0.023424342274665833 -0.021947598084807396 -0.026712283492088318 -0.055764105170965195 -0.029436500743031502 -0.009082481265068054 -0.013258324936032295 0.01195713970810175 -0.021981531754136086 0.0043441480956971645 0.07951024919748306 0.07470189034938812 -0.04302678257226944 -0.05619160458445549 -0.04491149261593819 -0.04005047678947449 0.10995247215032578 -0.021853502839803696 -0.006151649169623852 0.041516225785017014 -0.010449663735926151 -0.016325587406754494 0.006636336911469698 -0.0029112740885466337 0.22999906539916992 0.002533196471631527 0.02676771953701973 0.007970570586621761 -0.02766757644712925 -0.04481559619307518 0.13415902853012085 0.03857892006635666 -0.026298725977540016 -0.00707856984809041 0.05138249322772026 -0.049073874950408936 0.01219655480235815 -0.026426931843161583 0.011409892700612545 0.028086956590414047 0.17313683032989502 -0.040185827761888504 0.1928466558456421 -0.02886796183884144 0.07782652974128723 -0.014947349205613136 0.011596867814660072 0.006950142793357372 0.009954587556421757 0.009857915341854095 0.02678661234676838 -0.028788333758711815 0.028739726170897484 0.01652107946574688 -0.013719754293560982 0.002982538193464279 0.009054500609636307 0.009119205176830292 0.01850312575697899 -0.004452073015272617 0.01470348984003067 0.029897816479206085 0.004268534481525421 0.023642821237444878 0.015269682742655277 0.02885270304977894 0.02328006736934185 0.01606990024447441 0.023786813020706177 0.023324700072407722 0.007587159052491188 0.018705757334828377 0.014056915417313576 0.01015203446149826 -0.005376865621656179 0.012209695763885975 0.028414832428097725 0.009569842368364334 0.021824335679411888 0.010283303447067738 -0.003527215914800763 0.019411146640777588 0.02124379575252533 0.024183645844459534 0.02184103988111019 0.019408294931054115 0.021390536800026894 0.009950212202966213 0.015063422732055187 0.019264696165919304 0.024051222950220108 0.015207984484732151 0.01396644115447998 0.030392039567232132 -0.008814472705125809 0.030109332874417305 0.013454379513859749 0.009136606939136982 0.014778964221477509 0.02181808464229107 0.00988733395934105 0.038276735693216324 0.029686439782381058 0.00980327744036913 -0.0064080278389155865 0.024820242077112198 -0.01609134115278721 0.019333207979798317 0.0028869668021798134 0.00977636780589819 0.0333380289375782 0.02806222438812256 0.04538284242153168 0.004455655347555876 0.051431477069854736 -0.031239422038197517 0.04466085880994797 0.006628650240600109 -0.02018875628709793 -0.015081977471709251 0.014466477558016777 0.007298432290554047 0.019740350544452667 0.02478886768221855 0.025617238134145737 0.053019870072603226 0.013534520752727985 0.006993105635046959 -0.0014274762943387032 0.058330196887254715 0.0428629145026207 0.03738204017281532 0.019387243315577507 0.017366591840982437 0.02363988384604454 0.05025002360343933 0.05032696947455406 0.025614095851778984 0.011598191224038601 0.0340978167951107 0.058143965899944305 0.0398571752011776 0.038833603262901306 0.044223662465810776 0.01192715298384428 0.024364786222577095 0.04242105036973953 0.051685236394405365 0.046273037791252136 0.030377235263586044 -0.0022574099712073803 0.05013250559568405 0.0029941843822598457 0.046276215463876724 0.040999382734298706 0.03221869841217995 0.01691676303744316 0.0705503597855568 -0.02734990417957306 0.05270739272236824 0.031556062400341034 0.016452092677354813 0.019832264631986618 0.006344280671328306 0.046110548079013824 0.003580056829378009 0.004332747310400009 0.04942898079752922 -0.008766468614339828 0.055412765592336655 -0.0008085484150797129 0.04481731355190277 0.010234101675450802 0.025215623900294304 0.0003890521184075624 -0.03514659404754639 0.011344177648425102 -0.045871976763010025 -0.03698595613241196 -0.007919038645923138 -0.004543049726635218 -0.017368663102388382 -9.692113962955773e-05 0.04732046276330948 -0.03320388123393059 -0.008418906480073929 -0.010953682474792004 -0.04134364798665047 -0.032449930906295776 -0.040347255766391754 0.01909509301185608 -0.0133119598031044 -0.010901297442615032 -0.04919692128896713 -0.03747158125042915 -0.006747130770236254 -0.012994209304451942 -0.015512902289628983 -0.01756635122001171 0.0026183994486927986 -0.009239993058145046 -0.023024629801511765 -0.012570690363645554 0.005876566283404827 -0.022264428436756134 -0.00631722854450345 -0.011023388244211674 -0.02752947434782982 0.03983253240585327 0.02401137724518776 0.008748010732233524 0.02339758351445198 -0.03507564216852188 -0.015227893367409706 -0.05234554782509804 -0.020592503249645233 0.04665811359882355 -0.049715518951416016 -5.097623215988278e-06 -0.041048794984817505 -0.03721483051776886 -0.005875647533684969 0.0278422012925148 0.002965050283819437 0.02434610016644001 0.0006192650180310011 0.06694288551807404 -0.009187783114612103 -0.020191561430692673 0.01299373060464859 -0.018923316150903702 -0.055444639176130295 -0.03340926766395569 -0.03266116976737976 0.018428906798362732 -0.021777169778943062 -0.10651333630084991 -0.009676276706159115 0.009784377180039883 0.10203325003385544 0.06141041964292526 0.05806366726756096 0.04762297123670578 -0.08293463289737701 0.061454057693481445 0.11505132913589478 0.005765934009104967 0.0320085734128952 0.0357879176735878 0.09263365715742111 0.10174601525068283 -0.021187759935855865 0.05405178666114807 0.09080517292022705 -0.03950749710202217 0.11909405142068863 0.09070299565792084 0.020879779011011124 0.11924250423908234 0.0447554811835289 0.10866841673851013 0.11584392935037613 0.07540206611156464 -0.0026675721164792776 0.10526751726865768 0.09705529361963272 0.01796518824994564 0.021127691492438316 0.05973581224679947 0.06340917199850082 0.07410625368356705 0.12652437388896942 -0.03141550347208977 0.09907058626413345 0.03345363214612007 0.10614677518606186 0.04207119718194008 0.0483567900955677 0.031653232872486115 0.06841524690389633 -0.04552874714136124 0.1129148080945015 0.049899205565452576 -0.00214720843359828 0.08605872094631195 0.014860314317047596 0.028916385024785995 -0.005696576554328203 -0.0002879331004805863 0.08233904093503952 -0.0013200740795582533 0.020247697830200195 -0.0296547319740057 0.010788878425955772 0.04507702589035034 0.057862475514411926 -0.06946031004190445 -0.01857079192996025 0.03667463734745979 0.07923650741577148 -0.03809800371527672 0.02925080619752407 0.04880400374531746 0.0019619963131844997 0.08408045768737793 0.03658541664481163 0.07989270240068436 -0.0005462825647555292 0.03204316273331642 -0.004533193539828062 -0.07597506791353226 -0.035380907356739044 -0.0063453917391598225 0.010305759496986866 0.07746972888708115 0.03414162993431091 -0.008061514236032963 -0.00470010144636035 0.08661682903766632 0.07105445861816406 0.0939079225063324 -0.000561791006475687 0.06674636155366898 0.07070360332727432 0.046776048839092255 -0.01956593617796898 0.07604590803384781 0.05050978064537048 -0.00401467876508832 0.005486612673848867 0.032323841005563736 0.0028585277032107115 0.07331910729408264 0.07958701252937317 0.06351879239082336 0.03266046568751335 -0.00881828274577856 0.09791005402803421 0.07500938326120377 0.007216832600533962 -0.00705174682661891 0.026513392105698586 0.04180578142404556 0.02740371599793434 -0.01795375533401966 0.06819424778223038 0.06177859008312225 0.061398930847644806 0.035204142332077026 0.09589999169111252 -0.03518753871321678 0.04848429933190346 -0.005539036821573973 0.05301840230822563 0.06320879608392715 0.03598906099796295 0.05847417190670967 0.030167892575263977 0.02400164306163788 0.0021105490159243345 0.026725362986326218 -0.002253658138215542 -0.006728221196681261 0.056453246623277664 -0.0325000025331974 0.03509048745036125 0.08837693184614182 0.10061405599117279 -0.011902933940291405 -0.011113493703305721 0.04481145367026329 -0.05481838062405586 -0.008748608641326427 0.1053040474653244 -0.06312397867441177 -0.006899474188685417 0.028868883848190308 0.025873903185129166 0.008737877942621708 -0.026980256661772728 0.09079388529062271 0.09989821910858154 0.10456144064664841 0.10977336764335632 0.0018127831863239408 0.05553258955478668 0.10317238420248032 0.04637952148914337 0.022470461204648018 0.021426208317279816 -0.027177099138498306 0.08519016206264496 0.11854442954063416 0.01558975875377655 0.07542319595813751 0.04382425919175148 0.06401745229959488 0.08250472694635391 0.09115003794431686 0.04963008314371109 0.04285044223070145 0.0033643553033471107 0.10829463601112366 0.08151420205831528 0.010766353458166122 0.031933046877384186 0.04085979238152504 0.02412847802042961 0.05244089663028717 0.07475166022777557 0.020011447370052338 0.11122633516788483 0.011152989231050014 0.04387052729725838 0.010657457634806633 0.0649152472615242 0.08149096369743347 0.0425039641559124 0.06757265329360962 0.07897868752479553 -0.02738058753311634 0.11236988008022308 0.07062706351280212 0.0643894150853157 -0.037574976682662964 -0.017808441072702408 -0.06761918216943741 0.0026494271587580442 -0.04018073529005051 0.026145674288272858 -0.008311459794640541 0.037580087780952454 -0.03540034964680672 -0.019887980073690414 0.06305964291095734 0.17484399676322937 -0.025785526260733604 -0.04362635314464569 0.14156438410282135 0.17433442175388336 0.03723928704857826 -0.06524380296468735 0.02994842827320099 -0.03823559731245041 0.03528591990470886 -0.04981847107410431 0.017338624224066734 -0.018108688294887543 -0.06726013123989105 0.07176575809717178 -0.03577352315187454 -0.08750220388174057 -0.02440946362912655 -0.004174884408712387 0.06452785432338715 -0.04507431387901306 0.03080960363149643 0.008220686577260494 0.06065008044242859 0.0655050277709961 -0.01237375009804964 -0.009796553291380405 0.022539090365171432 -0.06768685579299927 0.14186479151248932 0.013982048258185387 0.015765655785799026 0.04907311126589775 0.0031723645515739918 -0.0430738739669323 -0.0958528071641922 0.043445706367492676 0.1392846554517746 0.02629832923412323 0.049733661115169525 -0.0028587249107658863 0.013104177080094814 0.06771208345890045 0.1600661426782608 0.050101909786462784 -0.06679720431566238 -0.04612288251519203 0.05711494758725166 -0.033991944044828415 0.0641661211848259 0.017208250239491463 -0.03082333505153656 0.007303961552679539 0.12102355062961578 -0.022292865440249443 0.1807647943496704 -0.08292370289564133 0.0873725637793541 0.016536036506295204 0.07090480625629425 0.03270801901817322 -0.02123507671058178 0.0658198744058609 0.06034432351589203 -0.018388526514172554 0.02022172510623932 0.07497992366552353 -0.0376739576458931 -0.01925932988524437 0.10266414284706116 0.029934946447610855 0.08610699325799942 0.08609307557344437 0.10501508414745331 -0.04040230065584183 0.060162223875522614 0.01994217187166214 0.04959876090288162 0.08364377170801163 0.037040676921606064 -0.008828182704746723 0.08606426417827606 0.09829597920179367 0.016862330958247185 0.03388587385416031 0.08737507462501526 0.06271655112504959 -0.026466434821486473 -0.0006522278999909759 0.06402543932199478 -0.006067351438105106 0.0368804931640625 0.08706877380609512 -0.03169338032603264 0.04644441604614258 0.0506468340754509 0.052283115684986115 0.05079324543476105 0.04869062080979347 0.06008816882967949 0.08522885292768478 -0.0022495996672660112 0.11152777075767517 0.05083278566598892 0.02735225297510624 -0.0031594422180205584 0.08981093019247055 -0.06490331143140793 0.11107727140188217 0.02434895746409893 -0.018372170627117157 0.033675238490104675 0.08543793857097626 -0.016768109053373337 0.030253952369093895 0.0940961018204689 0.0622146911919117 0.0387093685567379 0.10669582337141037 -0.05536704137921333 0.046866629272699356 0.0754222422838211 -0.020606862381100655 0.023616382852196693 0.01660170964896679 -0.0007178620435297489 0.08531564474105835 -0.05487914755940437 0.09602641314268112 0.04098924621939659 -0.013164779171347618 0.04466612637042999 0.05304381623864174 0.02918650582432747 0.0214138925075531 -0.001988596050068736 -0.05063219740986824 -0.05118118226528168 0.0073322211392223835 0.0407947413623333 0.07889121770858765 0.0050229658372700214 0.015202255919575691 0.04177204892039299 -0.046090930700302124 -0.09408535808324814 -0.049293290823698044 -0.010401506908237934 -0.01731819100677967 0.03163755685091019 -0.05420523136854172 -0.006339347455650568 -0.016382114961743355 0.003592355875298381 0.01456450391560793 0.05909992381930351 -0.04013840854167938 0.0593184158205986 -0.01910853013396263 0.06898494809865952 -0.0537392757833004 0.014071701094508171 -0.023802896961569786 -0.10645242780447006 -0.06962229311466217 0.11426939815282822 0.04024426266551018 0.006411852780729532 0.0028883125633001328 0.03253766894340515 -0.03393809124827385 0.056635867804288864 -0.008454659022390842 0.03597470000386238 -0.05387582257390022 0.009586194530129433 -0.023010706529021263 0.01125397440046072 0.03946201503276825 -0.029161812737584114 -0.06199182942509651 0.0840258076786995 -0.073082335293293 0.055948153138160706 -0.08163345605134964 0.06198965758085251 -0.07192850112915039 0.04877188801765442 0.022629229351878166 0.07718385010957718 0.081168033182621 0.01038962323218584 0.006663525011390448 0.0917152464389801 0.03234383463859558 -0.0609542615711689 -0.030037695541977882 0.018967386335134506 -0.004711052868515253 0.08593200147151947 0.06489439308643341 0.01346894633024931 0.06544744968414307 0.06400027871131897 0.08664162456989288 0.10746590048074722 0.10899967700242996 0.029875505715608597 0.06697377562522888 0.1112922951579094 0.0989016517996788 0.08654600381851196 0.030007068067789078 0.06237037479877472 0.06216464936733246 -0.018054427579045296 0.0027243378572165966 0.015454794280230999 0.07497087121009827 0.08807439357042313 0.028272297233343124 0.027063651010394096 -0.004274018574506044 0.031536124646663666 0.0782674178481102 0.09618969261646271 0.08591526746749878 0.02045484073460102 0.034452393651008606 0.020103897899389267 0.029205147176980972 0.02345210872590542 0.02712259255349636 0.09149494022130966 0.05179351940751076 -0.062277860939502716 0.05708878114819527 0.0922798365354538 0.044672586023807526 0.06538975983858109 0.027072912082076073 0.06813593208789825 0.0860220342874527 0.008410714566707611 0.0965016707777977 -0.030874261632561684 0.046372149139642715 -0.043371520936489105 0.04522664099931717 0.029742049053311348 0.004328442737460136 -0.0014905884163454175 -0.0068099619820714 0.0012125871144235134 0.002085274551063776 -0.0034394157119095325 0.008085068315267563 -0.017568977549672127 -0.0017198955174535513 -0.005332925822585821 -0.007619332522153854 -1.1695155990310013e-06 -0.010342037305235863 0.000711464264895767 -0.0008411438902840018 0.0008781778160482645 -0.005432568024843931 -0.008835322223603725 -0.0075014554895460606 -0.01975208893418312 -0.007193334400653839 -0.0048788548447191715 -0.015772318467497826 -0.0023828563280403614 -0.008562486618757248 -0.00941484048962593 -0.006387423723936081 -0.004429711028933525 -0.006509313825517893 0.008361347019672394 -0.008404335007071495 -0.017929866909980774 -0.005290488712489605 -0.005016799084842205 -0.00783234927803278 -0.002424103207886219 -0.009248956106603146 0.005508917383849621 -0.005721410270780325 -0.0010803809855133295 0.004209136124700308 0.0025547058321535587 -0.010763856582343578 0.000723502947948873 -0.01096425298601389 -0.0030801095999777317 -0.0035963861737400293 -0.0017399437492713332 0.0014194762334227562 -0.007617901545017958 -0.015102258883416653 -0.0026459195651113987 -0.005151606630533934 -0.012742128223180771 -0.006774492561817169 0.007010338827967644 -0.015513124875724316 -0.016423095017671585 0.0008128353510983288 0.0007196727092377841 -0.012229216285049915 -0.005486483685672283 -0.009854239411652088 -0.009039951488375664 0.0023423286620527506 0.04429922252893448 0.056017450988292694 0.06300712376832962 0.0399668887257576 0.033255089074373245 -0.031614623963832855 0.05412394180893898 0.013068726286292076 -0.04060608893632889 0.01243317686021328 0.03724865987896919 0.030081115663051605 0.026634369045495987 -0.0028144936077296734 0.07121742516756058 0.024112518876791 0.02320735901594162 0.02241155505180359 0.07306428253650665 0.03883979097008705 0.025843903422355652 0.028927965089678764 0.002904370194301009 0.052619874477386475 0.0506497286260128 0.07617578655481339 0.0778031274676323 0.05865653231739998 -0.006334529723972082 0.04013877734541893 0.02251005731523037 0.07602370530366898 0.027040738612413406 0.041661813855171204 0.022856324911117554 0.013544256798923016 -0.010005301795899868 0.06242908909916878 0.018236109986901283 0.042157579213380814 0.0370568223297596 -0.00449373247101903 -0.005642345175147057 0.04195169359445572 0.03872689977288246 0.026271818205714226 0.02203613705933094 0.06342006474733353 -0.012526432052254677 0.08750777691602707 0.028722241520881653 0.011898279190063477 0.013593382202088833 0.008433935232460499 0.01419118419289589 0.07028200477361679 0.03775327280163765 0.058884147554636 -0.044283781200647354 0.06742026656866074 -0.03343649581074715 0.05009772628545761 0.009118936024606228 0.010293276980519295 -0.012102438136935234 -0.023411910980939865 -0.051481276750564575 -0.07630118727684021 -0.06394889950752258 0.0866888239979744 -0.024970436468720436 -0.05076633766293526 -0.015642112120985985 0.05374160036444664 -0.035637181252241135 -0.02960677072405815 -0.055515412241220474 -0.035005394369363785 -0.0165201835334301 -0.06766883283853531 0.04472551867365837 -0.009668255224823952 -0.03858330845832825 -0.05373874679207802 0.04060782119631767 -0.0008381661027669907 0.0013323539169505239 -0.042231399565935135 -0.0035442025400698185 -0.02248859405517578 0.0057621728628873825 -0.04363710433244705 -0.04270913824439049 0.007479522842913866 -0.044270601123571396 -0.014082465320825577 -0.024656537920236588 0.005187519825994968 0.006038698833435774 -0.01504821889102459 -0.031937338411808014 -0.00566182192414999 -0.059889327734708786 -0.038936302065849304 -0.04810360446572304 -0.023987948894500732 0.12171629071235657 -0.07097466289997101 -0.061579715460538864 0.007290702313184738 -0.04967839643359184 -0.07395099103450775 -0.02231978438794613 -0.013414998538792133 -0.003976848442107439 -0.04610637202858925 0.04513269662857056 -0.030114993453025818 -0.0006437974516302347 -0.02088741585612297 -0.053770627826452255 -0.0496564581990242 -0.007246351335197687 -0.05135823413729668 0.13490208983421326 -0.037932589650154114 -0.12875618040561676 -0.030698345974087715 -0.0033283906523138285 -0.002795496257022023 0.009156843647360802 -0.001846046419814229 -0.01788879744708538 -0.010119215585291386 0.005593711510300636 0.000610346149187535 0.04184827581048012 -0.002327833091840148 0.004957922268658876 0.012087253853678703 0.006342262029647827 -0.008187607862055302 -0.010600480251014233 -0.0106630465015769 -0.0021752824541181326 0.00018218890181742609 0.02264656312763691 0.0035996965598315 0.0285357553511858 -0.003926844801753759 -0.011257406324148178 0.018902648240327835 -0.002452618209645152 0.0027032005600631237 0.015365947037935257 0.010475135408341885 0.00021102814935147762 0.001990912714973092 0.007189285941421986 0.0029071313329041004 0.008973212912678719 -0.007626416627317667 0.005107243079692125 0.0024334273766726255 0.0011374314781278372 -0.0028721981216222048 0.0009169814875349402 -0.009641261771321297 -0.01210060901939869 -0.008392284624278545 0.01770392432808876 -0.004488897509872913 0.0006117203738540411 -0.007781876251101494 -0.0026441433001309633 0.0037054461427032948 0.011388932354748249 0.0072822351939976215 0.01761237531900406 0.010819576680660248 0.024425707757472992 -0.010367942973971367 -0.0005962628056295216 -0.0038752390537410975 0.007670652121305466 -0.00390458176843822 -0.0040792725048959255 0.019511573016643524 -0.010377692058682442 -0.0049460469745099545 0.000735171721316874 -0.023234250023961067 0.048576194792985916 0.021545179188251495 0.07466010004281998 0.03325365483760834 0.007472265511751175 -0.05996210500597954 0.05564460530877113 0.11006935685873032 -0.008815029636025429 0.01515987515449524 0.07578358799219131 0.04728877544403076 0.007464582100510597 0.09406498074531555 -0.0120370639488101 0.07591470330953598 0.03569379821419716 0.09186451882123947 0.10268320888280869 0.02537664584815502 0.048329755663871765 0.06832606345415115 -0.018712462857365608 0.010314177721738815 0.021251298487186432 0.04731833562254906 0.10301750898361206 0.07956574112176895 -0.031171200796961784 0.05392596498131752 0.057046886533498764 0.039135124534368515 0.01951366662979126 0.06482889503240585 0.06271351873874664 0.04932476207613945 0.071596659719944 -0.02100880816578865 0.05768390744924545 0.04426540434360504 0.06591660529375076 -0.003838055534288287 -0.00914863683283329 0.03737325966358185 0.08016464114189148 0.09829577058553696 0.07973764091730118 0.042320579290390015 -0.04876093938946724 0.07218348234891891 0.023681994527578354 0.03292042389512062 0.09048784524202347 0.05422535911202431 0.027830561622977257 0.05419440567493439 0.038917552679777145 0.04273900017142296 -0.030515369027853012 0.0016482132486999035 -0.07942672073841095 0.01603509485721588 -0.008626481518149376 0.008911053650081158 -0.007560813799500465 -0.016317611560225487 -0.0008518433896824718 0.008557400666177273 -0.02378831058740616 -0.0027583730407059193 0.008460454642772675 0.017810286954045296 -0.03188520669937134 -0.014949070289731026 0.006402550730854273 -0.02443568781018257 0.004885696806013584 0.016812900081276894 -0.014542550779879093 -0.03371337801218033 -0.010906560346484184 -0.02333936095237732 -0.004576395265758038 -0.003060939721763134 -0.020282408222556114 -0.02024403214454651 0.01905757747590542 -0.0011380980722606182 0.019357534125447273 -0.017205271869897842 -0.00784214586019516 0.011084468103945255 0.001463130465708673 -0.008703830651938915 -0.015989914536476135 -0.02900274656713009 -0.011930354870855808 0.006502701435238123 -0.014748728834092617 -0.021098531782627106 -0.014380422420799732 0.021073022857308388 -0.004606619011610746 -0.016097500920295715 -0.012716833502054214 0.0024362674448639154 0.004527389071881771 -0.02600421942770481 -9.626693645259365e-05 -0.017425207421183586 -0.006778537295758724 -0.023876840248703957 0.0068222233094275 -0.0259344931691885 -0.01960187405347824 0.020085323601961136 0.010733420960605145 -0.010290668345987797 -0.0037821566220372915 -0.01425672322511673 0.0014258811715990305 0.001235278556123376 -0.018188318237662315 -0.005995119456201792 -0.009339387528598309 0.016948873177170753 -0.01930101588368416 -0.013673465698957443 0.03476877510547638 0.057408805936574936 -0.012420513667166233 0.08324745297431946 0.03737874701619148 0.03898975998163223 0.09473767131567001 0.052325453609228134 -0.05978461727499962 0.034009672701358795 -0.008255494758486748 0.028915634378790855 0.01744268648326397 0.04650915041565895 -0.006302406080067158 0.07846952229738235 -0.021111642941832542 0.04866762086749077 0.042284369468688965 0.09111592918634415 0.04850582033395767 0.02805018611252308 0.0637463852763176 0.02819930389523506 0.007938624359667301 0.01738671585917473 0.0651666671037674 0.023466337472200394 -0.0036573843099176884 0.03033435344696045 -0.0006919411243870854 0.09880898147821426 0.07027856260538101 0.05062636360526085 -0.022835223004221916 -0.0011823175009340048 0.0782213881611824 0.06309135258197784 0.04547518864274025 0.05371660739183426 0.039930179715156555 0.0184424240142107 -0.027505507692694664 0.08430503308773041 0.07984797656536102 0.07778535038232803 0.017796693369746208 0.11247538030147552 -0.035664550960063934 0.06787863373756409 0.03183535113930702 0.057886768132448196 0.004512686748057604 0.09120459109544754 -0.007021639496088028 0.09105310589075089 0.030683215707540512 0.08543496578931808 -0.06060625985264778 0.03180447220802307 -0.049366604536771774 0.04113505035638809 0.004946185275912285 0.03381389006972313 0.010700722225010395 0.002481673611328006 0.0139673613011837 -0.01528110634535551 -0.01948089338839054 0.1313791573047638 0.014797482639551163 0.01046774536371231 0.11299300938844681 0.1410580575466156 -0.04523731768131256 0.01619950495660305 -0.0011270857648923993 0.0007926086545921862 0.0022886518854647875 0.0004236095701344311 0.016000907868146896 -0.03168787807226181 0.0158829502761364 -0.013685102574527264 -0.020348645746707916 -0.04106150567531586 -0.027264831587672234 0.0413731187582016 0.026014694944024086 0.02542869746685028 0.029969457536935806 0.01926552504301071 0.028345897793769836 0.019642170518636703 -0.01692199893295765 -0.010387887246906757 0.008695010095834732 -0.011198914609849453 0.07224402576684952 -0.02298055589199066 -0.009526095353066921 -0.00035721450694836676 0.006463200319558382 -0.014318347908556461 -0.011837306432425976 0.007900130935013294 0.10737993568181992 0.018938077613711357 -0.005749512929469347 -0.030472714453935623 -0.019275834783911705 -0.006266414653509855 0.09918591380119324 0.021066663786768913 -0.0043539805337786674 0.013010628521442413 -0.004145849030464888 -0.012594998814165592 -0.023356983438134193 -0.025475727394223213 -0.0409565195441246 -0.005324515979737043 0.07656093686819077 -0.032034195959568024 0.0867878794670105 -0.004808022640645504 0.02700144052505493 -0.04889614135026932 0.0020237453281879425 -0.0008929829346016049 -0.007766373455524445 0.006679546553641558 0.005004144739359617 0.006675421725958586 0.01624610833823681 -0.0038597334641963243 -0.013685044832527637 0.009434256702661514 -0.007762020919471979 -0.005820292513817549 0.003815301926806569 -0.006515699438750744 0.0005981046124361455 0.008105018176138401 -0.01123642735183239 -0.0051573580130934715 -0.009724277071654797 -0.00738588348031044 -0.0030537759885191917 -0.001988240284845233 -0.007257758639752865 -0.007402156945317984 -0.009274128824472427 -0.00709958653897047 -0.0055342260748147964 -0.0027830444741994143 0.0027798661030828953 -0.006486452184617519 -0.009350620210170746 0.002181696007028222 -0.004917305428534746 0.0005054729990661144 -0.009716959670186043 -0.009055953472852707 -0.01366810780018568 -0.015563391149044037 -0.0036223542410880327 -0.0024701657239347696 0.006190787069499493 0.0030426508747041225 -0.01245177909731865 -0.00324450246989727 -0.007780831307172775 -0.00405007041990757 -8.848620200296864e-05 -0.0029528068844228983 -0.014805052429437637 -0.004536330234259367 -0.00979737751185894 -0.006549913436174393 -0.010367990471422672 0.0012777012307196856 -0.006136308424174786 0.0015083292964845896 0.005152004770934582 0.0021992241963744164 0.01520402543246746 -0.0027934599202126265 -0.004634884186089039 0.011455120518803596 0.004190191626548767 0.004299594555050135 0.027677571401000023 -0.00627510529011488 -0.05139584466814995 0.041118722409009933 0.0323592871427536 0.15127505362033844 0.05800880119204521 0.029843971133232117 0.11768747121095657 0.15455655753612518 -0.08015649765729904 0.014272557571530342 -0.08545786887407303 0.03143877163529396 0.023481184616684914 0.023949090391397476 0.039138518273830414 -0.00031000032322481275 -0.04165253788232803 0.015337632969021797 -0.009543154388666153 -0.017610225826501846 -0.060254234820604324 -0.01115563977509737 -0.005997644737362862 -0.002394896000623703 0.03572080656886101 0.01941581256687641 0.020816124975681305 0.04922942444682121 -0.04432811960577965 -0.02690691128373146 0.03700905665755272 -0.021528054028749466 0.08684095740318298 0.017941728234291077 -0.0174426082521677 -0.06342682242393494 5.706429510610178e-05 0.017034266144037247 0.025850748643279076 -0.02670891582965851 0.1359463781118393 0.043691486120224 -0.0413719117641449 0.0351971834897995 -0.03153345361351967 -0.034667257219552994 0.12117380648851395 0.06916843354701996 -0.057620853185653687 -0.029188822954893112 -0.029613573104143143 -0.05134066939353943 -0.011163540184497833 -0.05691327899694443 0.051010169088840485 -0.013564400374889374 0.10323787480592728 -0.07144110649824142 0.027763159945607185 -0.03747294843196869 0.061883047223091125 0.016229666769504547 0.04897752404212952 -0.017528332769870758 0.026303613558411598 0.0492386668920517 -0.10369885712862015 0.06701488792896271 -0.0033089963253587484 -0.03352963924407959 0.10194285213947296 0.0744701400399208 0.04322974383831024 -0.030491327866911888 -0.044636569917201996 0.07361418753862381 -0.09125080704689026 -0.014336786232888699 0.09552165120840073 -0.033720023930072784 0.05427832901477814 0.07617581635713577 0.051884036511182785 -0.06244637444615364 0.06879062950611115 0.0224552433937788 0.04915327578783035 0.043907687067985535 -0.039043039083480835 -0.029069460928440094 0.02290576510131359 -0.0025349471252411604 -0.09668907523155212 0.024745721369981766 -0.027673473581671715 0.011944935657083988 0.10594448447227478 -0.07734766602516174 0.06845078617334366 0.04439702257514 -0.0018157848389819264 -0.07244773954153061 -0.130663201212883 -0.049068767577409744 0.12491707503795624 0.05617338791489601 0.05663416534662247 -0.04815126955509186 0.03618742898106575 -0.04411124810576439 0.03608832135796547 -0.05241796374320984 0.0863744243979454 -0.03122778981924057 0.052518997341394424 -0.07156303524971008 -0.04406009614467621 -0.04086010158061981 -0.045184504240751266 0.028207994997501373 0.06749673932790756 -0.014721617102622986 0.00906788744032383 -0.0778600201010704 0.0417994000017643 -0.04443191736936569 -0.01995893195271492 0.002170891733840108 -0.09878876060247421 0.012917356565594673 0.0025571605656296015 0.20261265337467194 -0.04891569912433624 -0.026002444326877594 0.19506676495075226 0.2439918965101242 -0.02678331919014454 0.06987947970628738 -0.03718706965446472 0.04652605950832367 -0.013438252732157707 0.008894824422895908 0.0625423714518547 0.013730072416365147 -0.05639364942908287 0.036757148802280426 -0.0068032764829695225 -0.03307224065065384 -0.008144018240272999 0.030228327959775925 0.006909897550940514 0.01818704605102539 -0.012992753647267818 -0.022853106260299683 0.11633171886205673 0.05557430535554886 -0.06140213832259178 -0.02033117786049843 -0.06156739220023155 -0.02138015814125538 0.16118040680885315 0.007014661096036434 0.042389046400785446 -0.01867293380200863 0.027222564443945885 -0.010228801518678665 0.02144494652748108 0.02785496786236763 0.14513680338859558 0.007948657497763634 -0.006392910610884428 -0.03531748428940773 0.0119696743786335 -0.03545842692255974 0.16136226058006287 -0.016036273911595345 -0.0914013609290123 -0.013520888984203339 0.0802047923207283 -0.03703940287232399 0.017206797376275063 -0.0316353477537632 0.061488982290029526 -0.05063103139400482 0.13355402648448944 -0.057410672307014465 0.2233857661485672 -0.041022129356861115 0.0878944993019104 0.003743682289496064
b2 64
0.04105700924992561 -0.19884847104549408 0.11575489491224289 0.04908207431435585 0.10329835116863251 0.08931980282068253 -0.0008844659896567464 -0.08495894074440002 0.05207208916544914 0.06718824803829193 0.008132155984640121 0.02368561178445816 0.087342768907547 0.15266381204128265 -0.05138135328888893 0.07292881608009338 0.004402484279125929 0.0395841971039772 0.10510945320129395 -0.005615836009383202 0.05721643939614296 0.11776597052812576 -0.022743619978427887 -0.05848921462893486 -2.489391981441713e-08 -0.05181516334414482 0.033324990421533585 0.0757104679942131 -1.656323149745731e-07 0.07015599310398102 0.01712789386510849 0.0076346807181835175 0.008398088626563549 0.11400691419839859 -0.02308323234319687 0.04543871060013771 -0.04043200612068176 0.025049123913049698 -0.021574053913354874 0.03332056105136871 0.09243738651275635 0.07839017361402512 0.031069206073880196 0.03707228973507881 -0.06872368603944778 0.11327012628316879 0.05337166041135788 0.02052917703986168 -0.05851278081536293 0.14555706083774567 -0.1100417897105217 0.04511049762368202 0.03312678262591362 0.07326611131429672 -0.10811038315296173 -0.06170424446463585 0.08685755729675293 0.04176519811153412 0.0921904668211937 -0.011423083022236824 0.032107386738061905 0.008127217181026936 -0.0491490364074707 -0.013873034156858921
W3 64
-0.12863196432590485 0.4370654821395874 -0.1749192625284195 -0.1541818082332611 -0.084957554936409 -0.04683004319667816 -0.0995013639330864 0.08467361330986023 -0.07190653681755066 -0.10289626568555832 0.01767139323055744 -0.041978128254413605 -0.18666717410087585 -0.1775192767381668 0.07433240115642548 -0.09066440165042877 0.015172428451478481 0.05082082748413086 -0.11091681569814682 0.0025063890498131514 0.09931127727031708 -0.14459306001663208 0.05696388706564903 0.09924362599849701 1.7903920479511726e-07 0.21867771446704865 -0.17791153490543365 -0.17753072082996368 -0.004098685923963785 -0.046158093959093094 -0.08472907543182373 0.06550963222980499 -0.13139355182647705 -0.12886980175971985 -0.16186952590942383 0.04198702797293663 0.0693667009472847 -0.13885195553302765 0.02408653311431408 -0.06689071655273438 -0.09564993530511856 0.20525908470153809 -0.048988234251737595 -0.08957262337207794 0.1653096079826355 -0.18604682385921478 -0.13404709100723267 -0.1880258172750473 0.26901376247406006 -0.1633782535791397 0.172633558511734 -0.2015056163072586 0.025799890980124474 -0.119020976126194 0.24420951306819916 0.044075191020965576 -0.17466680705547333 0.07053538411855698 -0.1359245330095291 0.11868563294410706 0.028125403448939323 0.16130170226097107 0.1838892251253128 0.2996007204055786
b3 1
-0.07936879247426987
feature_cols 104
t4_active t4_pm_min t4_pm_gap t4_pm_mean t4_pm_max t4_llr_abs_min t4_llr_abs_mean t4_llr_abs_max t8_active t8_pm_min t8_pm_gap t8_pm_mean t8_pm_max t8_llr_abs_min t8_llr_abs_mean t8_llr_abs_max t16_active t16_pm_min t16_pm_gap t16_pm_mean t16_pm_max t16_llr_abs_min t16_llr_abs_mean t16_llr_abs_max t32_active t32_pm_min t32_pm_gap t32_pm_mean t32_pm_max t32_llr_abs_min t32_llr_abs_mean t32_llr_abs_max t40_active t40_pm_min t40_pm_gap t40_pm_mean t40_pm_max t40_llr_abs_min t40_llr_abs_mean t40_llr_abs_max branch_0 branch_1 branch_2 branch_3 branch_4 branch_5 branch_6 branch_7 branch_8 branch_9 branch_10 branch_11 branch_12 branch_13 branch_14 branch_15 branch_16 branch_17 branch_18 branch_19 branch_20 branch_21 branch_22 branch_23 branch_24 branch_25 branch_26 branch_27 branch_28 branch_29 branch_30 branch_31 branch_32 branch_33 branch_34 branch_35 branch_36 branch_37 branch_38 branch_39 branch_40 branch_41 branch_42 branch_43 branch_44 branch_45 branch_46 branch_47 branch_48 branch_49 branch_50 branch_51 branch_52 branch_53 branch_54 branch_55 branch_56 branch_57 branch_58 branch_59 branch_60 branch_61 branch_62 branch_63
