input_dim 104
hidden 64
M 64
branch_onehot 1
direction_largest 1
mean 104
1.0 0.1335172951221466 0.0 0.1335172951221466 0.1335172951221466 0.41934043169021606 1.0791301727294922 1.8212963342666626 2.0 0.31644999980926514 0.3937499523162842 0.5133351683616638 0.7102255821228027 0.23824645578861237 1.078901767730713 2.131033420562744 4.0 0.6143643856048584 0.252774715423584 0.9082342386245728 1.1323187351226807 0.12839767336845398 1.0787793397903442 2.4023244380950928 4.0 1.7551615238189697 0.620189368724823 2.545994997024536 3.2297098636627197 0.06691888719797134 1.0788553953170776 2.6430864334106445 4.0 3.8242082595825195 0.8528956770896912 4.7896199226379395 5.52648401260376 0.045138437300920486 1.0788055658340454 2.7733092308044434 0.015625 0.015625 0.015625 0.015625 0.015625 0.015625 0.015625 0.015625 0.015625 0.015625 0.015625 0.015625 0.015625 0.015625 0.015625 0.015625 0.015625 0.015625 0.015625 0.015625 0.015625 0.015625 0.015625 0.015625 0.015625 0.015625 0.015625 0.015625 0.015625 0.015625 0.015625 0.015625 0.015625 0.015625 0.015625 0.015625 0.015625 0.015625 0.015625 0.015625 0.015625 0.015625 0.015625 0.015625 0.015625 0.015625 0.015625 0.015625 0.015625 0.015625 0.015625 0.015625 0.015625 0.015625 0.015625 0.015625 0.015625 0.015625 0.015625 0.015625 0.015625 0.015625 0.015625 0.015625
std 104
1.0 0.11242315918207169 1.0 0.11242315918207169 0.11242315918207169 0.3304162323474884 0.34137678146362305 0.5519547462463379 1.0 0.17506155371665955 0.30501648783683777 0.16861289739608765 0.2696837782859802 0.20645615458488464 0.2417365312576294 0.4839106500148773 1.0 0.2479049414396286 0.2287907749414444 0.23317457735538483 0.2900734841823578 0.1186407059431076 0.1707909256219864 0.43009433150291443 1.0 0.6349977254867554 0.5230986475944519 0.5318063497543335 0.631216287612915 0.06424341350793839 0.12073604017496109 0.3881496489048004 1.0 1.0681674480438232 0.8714583516120911 0.7826747894287109 0.8667210340499878 0.043971795588731766 0.09849805384874344 0.36886993050575256 0.12346067279577255 0.12346068024635315 0.12346068024635315 0.12346068024635315 0.12346068024635315 0.12346068769693375 0.12346068769693375 0.12346068769693375 0.12346068769693375 0.12346069514751434 0.12346069514751434 0.12346069514751434 0.12346069514751434 0.12346070259809494 0.12346070259809494 0.12346070259809494 0.12346070259809494 0.12346071004867554 0.12346071004867554 0.12346071004867554 0.12346071004867554 0.12346071004867554 0.12346071004867554 0.12346071004867554 0.12346071004867554 0.12346071749925613 0.12346071749925613 0.12346071749925613 0.12346071749925613 0.12346072494983673 0.12346072494983673 0.12346072494983673 0.12346072494983673 0.12346073240041733 0.12346073240041733 0.12346073240041733 0.12346073240041733 0.12346073985099792 0.12346073985099792 0.12346073985099792 0.12346073985099792 0.12346074730157852 0.12346074730157852 0.12346074730157852 0.12346074730157852 0.12346075475215912 0.12346075475215912 0.12346075475215912 0.12346075475215912 0.12346076220273972 0.12346076220273972 0.12346076220273972 0.12346076220273972 0.12346076965332031 0.12346076965332031 0.12346076965332031 0.12346076965332031 0.12346077710390091 0.12346077710390091 0.12346077710390091 0.12346077710390091 0.12346077710390091 0.12346077710390091 0.12346077710390091
W1 6656
3.8275290462322345e-39 0.0028034374117851257 -2.374783310088196e-39 0.0075850593857467175 0.0021279100328683853 0.00509682297706604 -0.021588584408164024 -0.033283159136772156 5.347622587870188e-39 0.010351167060434818 -0.011362594552338123 -0.00748860277235508 -0.01779176853597164 -0.014714253135025501 0.009978486225008965 -0.01734350435435772 4.149529216454041e-39 0.008067152462899685 -0.015154307708144188 -0.03941647708415985 -0.00444180378690362 0.0043996600434184074 0.005712633952498436 -0.012175407260656357 2.0751016205076908e-39 0.0010580414673313498 -0.02633344940841198 -0.011663860641419888 -0.03054414503276348 -0.023080507293343544 0.009823659434914589 0.009215193800628185 -1.1006877138624643e-39 0.05619853734970093 0.00252966838888824 -0.002672713715583086 0.002580137923359871 -0.011812685988843441 0.02497967891395092 0.01380231324583292 -0.021359043195843697 -0.016567910090088844 -0.006516588851809502 -0.012002435512840748 0.023822825402021408 -0.007877856492996216 0.005925252102315426 0.021351182833313942 -0.003009000327438116 0.02187693864107132 0.0003280926903244108 0.012297670356929302 -0.01099313423037529 0.01967647299170494 0.015172088518738747 -0.01238118764013052 0.0073650735430419445 -0.0028283505234867334 -0.011627094820141792 -0.01419401727616787 0.023418784141540527 0.005677359644323587 0.003797299461439252 -0.016658954322338104 -0.004558959975838661 -0.010000624693930149 0.012729871086776257 0.0178538765758276 -0.006257662083953619 0.02379133552312851 0.03464043140411377 0.016625145450234413 0.006442167330533266 0.007477674167603254 0.02479501999914646 -0.01048015896230936 0.002086073160171509 0.005495099816471338 0.0012355137150734663 -0.005064121913164854 -0.0177230816334486 0.022062065079808235 -0.020993424579501152 -0.01523713767528534 0.019053135067224503 0.01978771574795246 -0.017700690776109695 -0.009592491202056408 0.02887243777513504 -0.01698988862335682 -0.01887110248208046 -0.012553681619465351 0.03385387361049652 0.003842688165605068 -0.0052054449915885925 0.005637597758322954 0.0015387351159006357 -0.006239325739443302 -0.005856784991919994 0.010798818431794643 0.013055155985057354 0.022767845541238785 0.00020699786546174437 -0.00890145543962717 -3.804428921307533e-38 -0.019669830799102783 3.389302378782399e-39 -0.0369853675365448 -0.028583435341715813 -0.032020777463912964 0.010888122022151947 -0.05204085633158684 -1.32676339900738e-39 0.04902486875653267 -0.03374301269650459 0.004092907998710871 0.01666487380862236 -0.042016878724098206 0.0157197043299675 -0.0005465273861773312 5.171249557956409e-39 -0.0452624186873436 0.05422612652182579 -0.11942056566476822 -0.1354978084564209 -0.08287525177001953 0.06585594266653061 0.09744086861610413 -2.2850259395527986e-39 0.01860380545258522 0.011712324805557728 -0.05290284380316734 -0.14424236118793488 0.015151728875935078 0.02790077216923237 0.0068533699959516525 1.189772461134986e-39 0.11175944656133652 -0.07614301145076752 0.04786522313952446 -0.04669324681162834 0.0691542699933052 -0.02926122024655342 -0.04118262603878975 -0.0923202708363533 -0.016283633187413216 -0.021134531125426292 0.03152715787291527 0.0008474208880215883 0.05418854206800461 -0.07261255383491516 0.0006151844281703234 -0.012149770744144917 0.0767628401517868 -0.044162310659885406 0.09688284248113632 -0.009839441627264023 0.03600016608834267 0.03429943323135376 0.06984343379735947 -0.006367397028952837 0.07517126947641373 0.012166372500360012 -0.09711932390928268 -0.039356525987386703 -0.035386428236961365 -0.034451473504304886 -0.01466852892190218 -0.05874119699001312 -0.014134569093585014 0.02212298847734928 0.02526068687438965 0.07234765589237213 -0.033086128532886505 0.03139445185661316 0.011672161519527435 0.03988964483141899 0.04815597087144852 0.05079016089439392 -0.03149160370230675 0.04577096924185753 -0.009535008110105991 0.055086296051740646 0.002749489387497306 0.027825340628623962 -0.029900861904025078 0.017440788447856903 -0.031274642795324326 -0.03395624831318855 -0.0865720883011818 -0.06759344786405563 -0.058111194521188736 -0.0724438950419426 -0.05766243487596512 0.03595278412103653 -0.03723601996898651 0.07257642596960068 0.06663660705089569 -0.022885197773575783 -0.059583500027656555 -0.06266385316848755 -0.010716184973716736 0.05352216213941574 -0.006127976346760988 -0.03436452895402908 0.014731776900589466 0.003609427949413657 0.04076686128973961 -5.918152849829251e-39 -0.018669355660676956 2.0921666332062384e-40 -0.04417194053530693 0.008715230971574783 -0.0036315566394478083 0.006242133677005768 -0.005636363290250301 3.7522863251903135e-39 0.03489717096090317 -0.03157716616988182 -0.0033086873590946198 -0.022475741803646088 -0.01541667990386486 -0.005401554051786661 0.010960265062749386 5.046388259591211e-39 0.076289601624012 -0.006051318719983101 0.027334457263350487 -0.060725193470716476 -0.010664723813533783 0.04123891517519951 -0.016424331814050674 -2.4603409891260122e-39 0.059890247881412506 0.04184858873486519 -0.05644474923610687 -0.04137956723570824 0.012551506981253624 0.04225267469882965 0.04763486608862877 5.441553585751731e-38 0.21556289494037628 0.014485529623925686 0.09512482583522797 -0.05123541131615639 -0.09498593211174011 0.03847022354602814 0.01106186117976904 -0.03121224418282509 0.08372462540864944 -0.02281404845416546 -0.07152023911476135 0.058222413063049316 0.09725639969110489 0.06884078681468964 0.03504030406475067 -0.031682636588811874 -0.05041109770536423 -0.03884001821279526 0.095401830971241 0.0999043732881546 0.08578020334243774 -0.06491453945636749 -0.045573558658361435 0.025725772604346275 0.0027611502446234226 0.05163794755935669 0.05801459774374962 -0.0593864880502224 0.08541311323642731 0.09331739693880081 -0.07974793016910553 0.037155427038669586 -0.032144226133823395 -0.00807583425194025 -0.05515486001968384 0.08569253981113434 -0.07274332642555237 0.10895362496376038 0.08964427560567856 0.025729048997163773 -0.04077862948179245 0.04789407551288605 -0.051214221864938736 0.0287227351218462 0.06931278854608536 -0.05546801909804344 -0.009375505149364471 0.0011032860493287444 -0.08116604387760162 0.028787385672330856 -0.04784334823489189 0.07921399176120758 0.027536911889910698 0.03290156275033951 0.07502386718988419 -0.04486134648323059 0.004532103892415762 0.06338862329721451 -0.05217012017965317 -0.01142163760960102 0.048231516033411026 -0.0353795662522316 -0.050630662590265274 -0.08396056294441223 0.026416512206196785 0.08634316921234131 -0.01086684875190258 0.09843602776527405 -0.07055217772722244 -0.027770860120654106 -0.03168841823935509 -2.294315147072808e-39 -0.07545718550682068 -5.625291279874615e-39 0.011666522361338139 -0.018470345064997673 -0.059214912354946136 -0.045730650424957275 0.00621506292372942 2.2136185724077346e-39 0.024350767955183983 -0.015648387372493744 0.009290865622460842 -0.04670228809118271 -0.05439304932951927 0.07801167666912079 0.07906153053045273 1.83829619302144e-39 0.10784433782100677 -0.019208937883377075 -0.09166789799928665 -0.13858003914356232 -0.02511519007384777 0.029823144897818565 -0.06409038603305817 -2.2308671552051088e-41 0.09968876838684082 -0.021693667396903038 -0.009076681919395924 -0.06946095079183578 -0.022078584879636765 -0.043576303869485855 0.06970100849866867 -5.546661620444421e-39 0.1472146362066269 -0.01464294083416462 0.041048262268304825 -0.16968384385108948 0.043269794434309006 -0.05578119680285454 -0.055465832352638245 -0.0409189835190773 -0.0036813062615692616 0.007899504154920578 -0.018911205232143402 -0.008569510653614998 0.08591915667057037 0.03274308517575264 0.08292287588119507 0.022498315200209618 0.04442166909575462 0.1056215763092041 -0.04435958340764046 0.044549133628606796 0.09398610144853592 -0.02219734899699688 0.039682794362306595 -0.0249172355979681 -0.04979587346315384 -0.0734034925699234 0.05361668020486832 0.0020364108495414257 0.002452883403748274 -0.02142571099102497 0.06288040429353714 0.006066467147320509 -0.002290993230417371 -0.025762299075722694 -0.026206620037555695 -0.05904022231698036 0.043181754648685455 -0.05645699054002762 -0.050771113485097885 -0.08793023228645325 -0.05598876252770424 0.009854624047875404 0.06576799601316452 -0.01549149863421917 -0.031278833746910095 -0.049027394503355026 0.09298797696828842 -0.034912481904029846 -0.008825469762086868 -0.06698893010616302 0.06784392893314362 -0.04494267329573631 0.05347425118088722 0.049835607409477234 0.032506063580513 0.11943549662828445 0.08385612070560455 -0.01937364600598812 0.031154664233326912 -0.014549082145094872 -0.00903303176164627 0.06705177575349808 0.06057238206267357 -0.021288787946105003 0.031048662960529327 -0.041036445647478104 0.059958528727293015 -0.054264068603515625 -0.05491621419787407 0.031815193593502045 -0.0677877739071846 -3.051485752793758e-39 0.07187402993440628 -3.531277735292396e-39 -0.005956730805337429 0.05931142717599869 -0.08957285434007645 0.01821364276111126 0.01660790666937828 -1.2687871973831765e-38 0.010449228808283806 -0.08401518315076828 -0.024696147069334984 -0.0585109107196331 0.023466231301426888 0.010220235213637352 0.004596063867211342 5.315253994642749e-39 0.09552820771932602 -0.07536140829324722 -0.049691930413246155 -0.11774385720491409 -0.06522147357463837 -0.07166978716850281 -0.010063025169074535 -5.718937253648514e-39 0.10073009133338928 0.05263204500079155 0.07117105275392532 -0.07720926403999329 -0.04987027868628502 0.012555538676679134 0.025909800082445145 9.067031648490513e-40 0.11477839201688766 -0.04075690358877182 0.1303507536649704 -0.02287662960588932 -0.012978451326489449 0.0186826903373003 0.001285041100345552 -0.06467300653457642 -0.0655079260468483 -0.020443281158804893 0.047275133430957794 0.03533077612519264 0.029038099572062492 0.03826693445444107 0.03722001239657402 0.04072081297636032 0.021827809512615204 -0.07909725606441498 -0.01737571507692337 -0.021605901420116425 -0.03688014671206474 -0.0035296021960675716 0.004751445725560188 -0.07631316035985947 0.07440071552991867 -0.060272954404354095 0.07834591716527939 0.1057136207818985 0.010877045802772045 -0.06684102863073349 -0.06878858804702759 0.03776422142982483 0.015854351222515106 0.06494925916194916 0.03730282932519913 -0.03001498244702816 0.019401920959353447 -0.07368405163288116 -0.0366947315633297 0.010459036566317081 0.05058073624968529 -0.0501878522336483 0.06740608811378479 0.07525462657213211 0.06837821751832962 0.091149240732193 0.0037604160606861115 -0.07762833684682846 0.05479460209608078 0.05911177769303322 0.038435082882642746 0.07531320303678513 0.009093094617128372 0.029071461409330368 0.08579523116350174 -0.013739910908043385 -0.0006409046472981572 0.0987711176276207 -0.01992494985461235 0.03163372725248337 -0.08215274661779404 0.04471500217914581 -0.027868883684277534 0.02297304756939411 -0.01736663095653057 0.015749648213386536 -0.01689673773944378 0.04836758226156235 -0.05380052328109741 0.07863873988389969 0.07433204352855682 2.7221960279605334e-38 0.03174861520528793 2.3842336669316027e-39 -0.05551435425877571 0.0005372732412070036 0.006616361904889345 -0.024570751935243607 0.014173979870975018 7.621942607155545e-41 0.07898922264575958 0.00816204585134983 -0.010197527706623077 -0.00975682120770216 -0.046318911015987396 -0.081904336810112 0.00849943794310093 -3.002136224775631e-39 -0.04215708002448082 -0.005587797146290541 -0.056420642882585526 -0.03738933056592941 0.05800167843699455 -0.01916859671473503 -0.014204648323357105 2.7457728746227985e-39 0.028412891551852226 0.03502364456653595 -0.018182560801506042 -0.015209800563752651 0.07033383101224899 0.017756612971425056 -0.00519099785014987 1.1678015025128371e-39 0.2917039096355438 0.03433360531926155 -0.010864386335015297 -0.014345909468829632 0.03109045885503292 -0.043741051107645035 -0.003349151462316513 0.06695327907800674 -0.0579962432384491 0.06503931432962418 0.06213688477873802 -0.07664309442043304 0.044831860810518265 0.06473235040903091 -0.016151975840330124 0.0644858255982399 -0.0006286886055022478 0.05848284438252449 -0.01849249377846718 0.048574049025774 0.04541752487421036 -0.0752718448638916 0.054404888302087784 0.04403303563594818 -0.07775787264108658 0.014783721417188644 0.0068039060570299625 0.04607503488659859 -0.07000574469566345 0.08677971363067627 0.0397242046892643 0.06504308432340622 0.07021726667881012 0.041524242609739304 0.01819729246199131 -0.048394568264484406 0.04951777309179306 0.06907813996076584 0.07234825193881989 0.07859234511852264 0.021995624527335167 0.06752648949623108 -0.032510384917259216 0.0357692614197731 -0.07230798155069351 -0.0541112944483757 0.05384821817278862 -0.09511050581932068 -0.049598585814237595 0.04868561401963234 -0.08875232934951782 -0.07721158862113953 -0.060211651027202606 0.06971494853496552 -0.011367300525307655 -0.03247196227312088 -0.05753188952803612 -0.060700710862874985 0.05818678438663483 -0.0033310847356915474 0.05677971616387367 -0.10140525549650192 -0.07503748685121536 0.04981730133295059 0.042082905769348145 -0.06560590118169785 -0.06660523265600204 0.04170288145542145 0.0726848915219307 -0.05119837448000908 0.027741054072976112 -5.5682318077057726e-39 0.004041384905576706 -6.179361890071719e-39 0.014164448715746403 0.06154490262269974 -0.016934210434556007 0.07082165032625198 0.05956847593188286 5.781953645589201e-39 -0.06023518368601799 0.06300903111696243 -0.024104058742523193 -0.010709190741181374 -0.001689113094471395 -0.009255635552108288 -0.0004278420237824321 -5.4075042751461804e-39 0.006901853252202272 0.02711927331984043 0.020520184189081192 0.05703761801123619 0.022592341527342796 -0.026190893724560738 -0.07077869772911072 -2.8971817723946306e-39 -0.038740720599889755 0.11393778771162033 0.03172461315989494 -0.006180224474519491 -0.0005227672518230975 0.04707077145576477 -0.03954961150884628 -1.9171178303412466e-39 0.26843157410621643 0.05212487652897835 0.004154597409069538 0.012589678168296814 -0.02210722304880619 -0.0021171027328819036 0.02615613304078579 0.05976063385605812 0.0782037004828453 0.030692312866449356 -0.08947094529867172 -0.007562745828181505 -0.11726650595664978 0.03802916780114174 0.03463960066437721 -0.027406519278883934 -0.06927178800106049 0.07349199056625366 0.05481730028986931 -0.0037829128559678793 0.05160411447286606 -0.02389596588909626 0.07735597342252731 -0.05212993919849396 0.022360986098647118 0.0489962212741375 0.0872526466846466 0.043920040130615234 -0.059042029082775116 0.07255072146654129 -0.03530538082122803 -0.04877322167158127 0.030277777463197708 0.028290314599871635 0.06004628911614418 0.06286761909723282 0.056177493184804916 0.0280409324914217 -0.06333369761705399 0.04439959302544594 0.05695224553346634 -0.0857207402586937 -0.0777706727385521 -0.06447872519493103 -0.01636636070907116 -0.067094586789608 -0.05504089221358299 0.0352841317653656 -0.0362388975918293 0.046094030141830444 0.050641946494579315 0.07268369197845459 0.046102069318294525 -0.12032752484083176 0.0055269524455070496 0.050662796944379807 -0.03137006610631943 0.005556602030992508 0.02592325024306774 -0.014157225377857685 0.0351547971367836 0.0768049880862236 -0.041677795350551605 0.06746069341897964 0.007053326815366745 -0.07200675457715988 -0.03838199004530907 0.02832907810807228 -0.015156042762100697 -0.041963983327150345 -0.012576760724186897 -3.214539440804129e-39 0.05382397025823593 -4.0536313560479724e-39 0.014677834697067738 0.010442703031003475 0.062165018171072006 0.013469494879245758 0.026716316118836403 -3.2542045951353075e-39 -0.01459530834108591 -0.0049046715721488 -0.07447956502437592 -0.048994846642017365 0.021716337651014328 -0.04811026155948639 -0.01611434854567051 -2.2187599364733424e-39 0.14983484148979187 0.003913372755050659 -0.04603760316967964 0.03491172939538956 -0.029350552707910538 0.010583778843283653 0.06175028905272484 -3.5888164515360376e-39 0.04166607931256294 0.010289141908288002 0.0017581270076334476 0.0707431510090828 -0.058619264513254166 0.03285854682326317 -0.03697028383612633 2.9700717133149503e-39 0.27842336893081665 -0.03324810042977333 0.09889928251504898 -0.06281347572803497 -0.05471571534872055 0.05265875905752182 -0.06853939592838287 -0.054833099246025085 -0.027619384229183197 0.013271446339786053 -0.010152105242013931 0.050398603081703186 -0.030903860926628113 0.06357938051223755 0.0879095196723938 0.06380852311849594 -0.06633514165878296 0.0791131854057312 0.00038540433160960674 0.08621729910373688 0.021597735583782196 0.055586185306310654 0.07766903191804886 0.05671755596995354 -0.04247179999947548 -0.0053082178346812725 -0.0879955142736435 0.02299278788268566 0.04418008029460907 -0.047609612345695496 0.0843588188290596 0.04924295097589493 -0.04724254459142685 0.05240969359874725 -0.14433307945728302 -0.03354134038090706 -0.06902829557657242 0.05043341591954231 -0.02873147465288639 0.054756686091423035 0.11008184403181076 0.04495055228471756 0.066764235496521 -0.0209669079631567 -0.040905874222517014 -0.06786708533763885 0.013595684431493282 -0.02216310054063797 -0.0012931203236803412 0.01596476510167122 -0.019620021805167198 0.05256048962473869 0.043593160808086395 0.02252340316772461 0.005307487677782774 -0.05029735714197159 -0.02996237948536873 0.11123016476631165 0.04250138998031616 0.0545000359416008 0.07261862605810165 -0.007382259704172611 -0.06373822689056396 -0.1040816381573677 0.03816324844956398 -0.06939126551151276 0.05873919650912285 0.02280438505113125 0.11387001723051071 0.045739613473415375 -0.04114101827144623 -6.124749085021588e-39 0.009567903354763985 -2.5124608842081094e-39 -0.07079979032278061 -0.04790864512324333 -0.0009773564524948597 -0.11568721383810043 0.02927016094326973 5.355469859270407e-39 -0.05591629445552826 0.06951198726892471 -0.02306169457733631 -0.02619873732328415 0.003483967622742057 -0.029979879036545753 0.06647641211748123 3.4188095205456865e-39 0.13300763070583344 -0.055779408663511276 -0.000633224961347878 -0.019302958622574806 0.010251275263726711 -0.0462711863219738 0.011852860450744629 -5.039439220506624e-39 0.13062003254890442 -0.045215193182229996 0.046786218881607056 -0.06271865963935852 0.04291890934109688 -0.07381997257471085 -0.1278340369462967 3.1931990664909266e-39 0.12679030001163483 -0.11666486412286758 0.12838929891586304 0.0374596081674099 0.01714468002319336 0.05160614475607872 0.020682092756032944 0.015613846480846405 -0.019724862650036812 0.0026980270631611347 -0.023412523791193962 -0.02700679376721382 0.11150571703910828 0.07198995351791382 -0.009102145209908485 -0.07926048338413239 0.028014250099658966 -0.06927825510501862 0.07584377378225327 -0.011410738341510296 -0.02718188613653183 -0.058107390999794006 0.012500680051743984 0.006265508010983467 0.05720185488462448 0.047483280301094055 -0.007404642179608345 -0.0025660181418061256 -0.06938603520393372 -0.08527839183807373 0.006520374678075314 -0.015633070841431618 0.04908667132258415 0.004834639374166727 0.05364389717578888 0.05227038636803627 0.05178883299231529 0.09363558143377304 0.03734477236866951 -0.026357723399996758 -0.07296272367238998 0.0677429810166359 0.06415804475545883 -0.011766442097723484 0.0059073856100440025 0.08270177245140076 -0.10261960327625275 0.12532275915145874 0.05172118917107582 0.04850280284881592 0.049506332725286484 -0.005236412864178419 -0.011347365565598011 0.07904946804046631 -0.03518922999501228 0.04006100073456764 -0.0302454624325037 0.06835885345935822 0.027444425970315933 0.009332745335996151 0.027114633470773697 0.1002577692270279 -0.06094595789909363 0.01072131097316742 -0.0014391953591257334 -0.04177265986800194 0.11135672777891159 -0.019679337739944458 -0.08133471012115479 -0.022440053522586823 -0.0006264854455366731 1.141962287505889e-37 0.007425754331052303 -3.699212145854011e-39 -0.02865300141274929 0.015021788887679577 0.011896869167685509 0.08589615672826767 0.010106246918439865 -1.219299501336467e-38 -0.04341140389442444 -0.009357612580060959 0.05915511026978493 -0.0006486313068307936 -0.00786061491817236 -0.03241633623838425 0.038044754415750504 -2.951044882766348e-39 0.0009899515425786376 -0.008147253654897213 -0.06187305226922035 0.043142806738615036 -0.013042408972978592 -0.09920230507850647 -0.023954277858138084 -2.0311751175465007e-39 -0.002181564224883914 -0.0411481149494648 -0.10298242419958115 0.048928216099739075 0.04634284973144531 -0.04530251398682594 -0.008919171057641506 -9.614363694632371e-38 0.30898576974868774 0.03645564615726471 0.0752103179693222 -0.03133559226989746 -0.03705340251326561 0.01774127595126629 0.027781711891293526 0.02846498042345047 -0.05582668259739876 0.007071022409945726 0.06628816574811935 -0.019978318363428116 0.053067319095134735 -0.032398857176303864 0.06058420240879059 0.03528976067900658 0.011490564793348312 -0.0211600661277771 0.07647614926099777 -0.06214224919676781 -0.007776081096380949 -0.07351738959550858 -0.05310900881886482 -0.0247869323939085 0.03396116942167282 -0.007634481880813837 -0.0703781321644783 -0.05139518901705742 0.06938116252422333 0.026931993663311005 -0.08224435150623322 -0.06377856433391571 0.07053083926439285 -0.05652182921767235 -0.0545620396733284 0.04449683427810669 -0.010070773772895336 0.04724417254328728 0.06653695553541183 -0.02955295890569687 -0.07838845998048782 -0.07499309629201889 0.0747135728597641 0.006804968696087599 0.08019538223743439 -0.056065481156110764 0.040716029703617096 0.059464532881975174 -0.06217985972762108 0.04057658091187477 -0.047135498374700546 0.07656358927488327 0.060611236840486526 0.05854416266083717 0.03693890571594238 -0.02187306433916092 -0.05329356715083122 -0.062100835144519806 0.05100177228450775 0.000827128766104579 -0.08718046545982361 -0.0961022675037384 0.04673248529434204 -0.0782865434885025 0.06412263959646225 -0.007077976129949093 -0.036364104598760605 0.029496463015675545 -0.047188691794872284 0.037128791213035583 -0.031078260391950607 7.568973525204067e-40 0.008653080090880394 6.45458251365897e-39 -0.036468278616666794 -0.06223342940211296 -0.015976767987012863 -0.007072507869452238 -0.04912787675857544 -5.587449214845523e-39 -0.00893042329698801 -0.009205915965139866 -0.027803732082247734 -0.036765698343515396 0.07695266604423523 0.017852557823061943 -0.041603006422519684 4.632565204897592e-39 -0.0835278257727623 -0.04491154104471207 0.028174318373203278 -0.05208192765712738 -0.051595013588666916 0.11666310578584671 0.02582639642059803 -7.495839758350955e-40 0.04011768102645874 0.005901414435356855 0.014520666562020779 -0.08027736097574234 0.09685447812080383 0.024230899289250374 -0.035116758197546005 2.5360853750181615e-39 0.2618527114391327 -0.01302333828061819 0.010427657514810562 0.03580882400274277 0.0037224753759801388 0.06778502464294434 -0.019584638997912407 0.028815072029829025 -0.06860902905464172 0.05824859440326691 -0.0076144300401210785 0.022343985736370087 -0.07099256664514542 -0.10596445202827454 0.06098374351859093 0.10211259871721268 0.029110847041010857 -0.009144384413957596 0.09704490005970001 -0.05231644958257675 -0.059242431074380875 -0.05044880881905556 0.04039750620722771 0.0398559533059597 0.017278075218200684 0.06514900177717209 -0.09331829845905304 0.03887152299284935 0.05553577467799187 -0.002734443871304393 -0.07416175305843353 0.07163481414318085 0.012772586196660995 -0.10896418988704681 -0.04500744864344597 0.056568443775177 0.07136465609073639 0.02257070504128933 -0.08909712731838226 -0.0032222962472587824 -0.06594281643629074 -0.09179455786943436 -0.027017170563340187 -0.0790059044957161 -0.08900316804647446 -0.06224021688103676 -0.049576178193092346 0.023962825536727905 -0.0008353318553417921 -0.026764117181301117 0.09429338574409485 -0.016584228724241257 0.01613677106797695 0.034516528248786926 0.06388454884290695 0.04978592321276665 0.08766687661409378 -0.0678628534078598 0.04730468988418579 0.08702252060174942 -0.012902948074042797 -0.07631871849298477 -0.043196965008974075 -0.03888882324099541 -0.05067998170852661 -0.053429391235113144 0.02698683738708496 -0.07129211723804474 -0.02364674210548401 -0.10068308562040329 0.01626645028591156 2.7455094305115054e-39 -0.012151127681136131 -6.81151565329793e-40 -0.006198463961482048 0.07066889107227325 -0.026066726073622704 0.10018891841173172 0.048113495111465454 6.2209398168067e-39 0.023985594511032104 -0.06257661432027817 0.016414878889918327 0.050342146307229996 0.07259296625852585 -0.11815422028303146 0.08188723027706146 3.4992973017395753e-39 -0.11095260828733444 0.07744860649108887 -0.08201738446950912 -0.06125519424676895 -0.02157577872276306 -0.056498609483242035 -0.0073387459851801395 6.064060249830144e-39 -0.023683063685894012 0.02835284359753132 -0.05599650368094444 -0.10347751528024673 -0.02918534353375435 0.04092046990990639 0.03440169245004654 -3.333205598658548e-39 0.3295784294605255 0.015421914868056774 0.015055208466947079 -0.09895242750644684 0.0024583181366324425 -0.10820013284683228 0.04064064845442772 0.02967560850083828 -0.004046289250254631 0.08299717307090759 -0.03465965390205383 -0.013993769884109497 -0.02684463933110237 0.015402563847601414 -0.0483679361641407 -0.009164857678115368 -0.07191488146781921 0.015385217033326626 -0.012055612169206142 -0.06523751467466354 -0.017403585836291313 0.039629336446523666 0.039913810789585114 0.01297618355602026 -0.09822911769151688 -0.07043808698654175 0.07966097444295883 -0.027542298659682274 0.06994304060935974 -0.006964408326894045 0.07922852039337158 0.03627598658204079 -0.013178525492548943 -0.04083152860403061 -0.015489551238715649 0.019267961382865906 0.04731741175055504 -0.07136420905590057 0.007303162943571806 0.012018081732094288 0.014931931160390377 0.06613167375326157 -0.0709189772605896 -0.0012321104295551777 -0.0024737990461289883 -0.03939400240778923 -0.06652192026376724 -0.04477611929178238 0.02587432973086834 0.06236756220459938 -0.0031923383940011263 0.07368410378694534 0.03315160050988197 0.10522432625293732 0.01794162206351757 -0.040896471589803696 -0.008089876733720303 0.06516838818788528 0.06082555651664734 0.035414714366197586 0.026926908642053604 -0.015982113778591156 -0.023371033370494843 -0.009152711369097233 -0.08742368221282959 0.028284775093197823 0.027326330542564392 -0.010779921896755695 0.07442495971918106 -0.04420078918337822 -0.07769192010164261 -4.803900566832123e-39 -0.018223905935883522 -3.210862433633741e-39 0.0047494093887507915 0.04381768777966499 -0.0033692275173962116 -0.02743850275874138 -0.0567428395152092 2.6460340551260153e-39 0.031610630452632904 -0.021576205268502235 -0.08270442485809326 -0.09375452995300293 -0.004163880366832018 -0.03602490574121475 0.018931370228528976 -8.69449645174976e-40 -0.004306636285036802 0.020712338387966156 -0.028601933270692825 -0.020004641264677048 0.04779078811407089 -0.05253010243177414 0.02764148637652397 -6.096573176799409e-40 -0.08797311782836914 -0.07651736587285995 0.027940677478909492 0.06670317053794861 0.0015023917658254504 0.08800861984491348 0.061802178621292114 -1.0386115931913393e-39 -0.44813182950019836 0.1377490907907486 0.04314466193318367 0.18544723093509674 -0.011806908063590527 -0.005439079832285643 0.006864496506750584 0.024132970720529556 0.04867316782474518 0.03310993313789368 0.007400445640087128 -0.011843875981867313 -0.08344235271215439 0.0010273571824654937 0.0330229327082634 -0.002380982507020235 0.05206405743956566 0.05377674847841263 -0.11825072020292282 0.01968313194811344 -0.036423955112695694 -0.0020672762766480446 0.04107027128338814 0.004501775372773409 0.04271304979920387 0.052324630320072174 0.03397952765226364 0.06264100968837738 0.01019345410168171 0.0005329693667590618 0.0004684315645135939 0.01262414176017046 0.009563503786921501 0.07980207353830338 -0.0182221420109272 0.05410749837756157 -0.04894514009356499 -0.15093083679676056 0.015213901177048683 0.03721797838807106 -0.021016249433159828 0.07608454674482346 -0.05939707159996033 0.008749142289161682 -0.06397311389446259 0.042205262929201126 0.022687356919050217 -0.03200867027044296 0.022064266726374626 0.05721856281161308 0.0520981028676033 0.06393415480852127 -0.023336097598075867 0.03245822340250015 0.05442917346954346 -0.03175663575530052 -0.01071526575833559 -0.03400405868887901 0.02091306447982788 0.005229691043496132 0.03923340514302254 -0.03485129401087761 -0.01062634028494358 -0.08985954523086548 -0.0046675726771354675 -0.008117696270346642 0.05040684714913368 0.00989651307463646 0.043137844651937485 0.02254355698823929 0.049687568098306656 -2.899727931704309e-38 -0.03461015969514847 6.148079303154132e-39 -0.03432973101735115 0.08991160243749619 -0.09467867761850357 0.05361131206154823 0.0005096688400954008 4.4303704481816995e-39 0.001168366870842874 0.025664299726486206 -0.08024860173463821 0.03457805514335632 -0.013147333636879921 0.09269364923238754 -0.08558928221464157 -4.385450424609303e-39 0.021178703755140305 0.04256756231188774 -0.0030151649843901396 -0.11136087030172348 -0.001224307925440371 0.050182949751615524 0.040336355566978455 5.066834605484174e-39 -0.013366025872528553 -0.0012691594893112779 -0.07154275476932526 -0.01587832160294056 0.052542928606271744 -0.051495082676410675 -0.03713449835777283 -7.873011571450465e-38 0.29762059450149536 0.01132588554173708 0.005776822101324797 -0.0305902361869812 0.014649245887994766 -0.05563550069928169 0.013257344253361225 0.015013828873634338 -0.04783451929688454 -0.06336471438407898 0.08797850459814072 0.004045227542519569 -0.010793084278702736 0.07206305116415024 0.06429348140954971 -0.04147687554359436 0.03388233482837677 0.03326517343521118 -0.06857627630233765 0.06917344033718109 0.08714141696691513 -0.05693203583359718 0.029445676133036613 -0.040240321308374405 -0.049075301736593246 0.0632409006357193 -0.057780224829912186 0.04015506058931351 0.017412535846233368 0.0030566067434847355 0.02290012501180172 0.06261385232210159 -0.02439841441810131 0.06643496453762054 -0.06705468147993088 0.033886998891830444 -0.061245959252119064 0.046587444841861725 -0.05323207750916481 -0.06356916576623917 -0.04600648954510689 0.028120912611484528 0.002198029076680541 0.0862898975610733 -0.011028643697500229 0.08372774720191956 0.03308074548840523 0.08610130846500397 0.059578463435173035 0.06166057288646698 0.09721901267766953 0.06665807217359543 0.069268599152565 0.051730453968048096 0.09359388053417206 -0.06532076746225357 -0.043811917304992676 0.07586314529180527 -0.05985799804329872 -0.06278900802135468 0.07133091241121292 0.00566405663266778 -0.032000359147787094 -0.0241374671459198 0.06132161244750023 0.050385233014822006 0.025196265429258347 0.06490172445774078 -0.048126399517059326 0.08302392065525055 -0.029331684112548828 -4.06055797435713e-39 -0.0772254467010498 -2.0826924542889383e-39 0.03224380686879158 0.010629277676343918 -0.001007197191938758 0.028927020728588104 0.013620571233332157 -5.54223211599869e-39 -0.0850369855761528 -0.03733803331851959 -0.03961629047989845 0.01735684834420681 -0.04170404374599457 0.027751516550779343 0.042162422090768814 -5.350600347106878e-39 -0.012677851133048534 -0.012325959280133247 -0.10029833763837814 0.05571051687002182 0.04980587214231491 -0.04004257917404175 0.026365652680397034 -7.077299933026418e-40 -0.037589702755212784 0.0015031307702884078 -0.023021124303340912 -0.011920093558728695 -0.04789496585726738 -0.003050247672945261 0.013705483637750149 3.43752246023828e-39 0.2071133404970169 -0.007447633892297745 0.05748004838824272 -0.03221125528216362 0.05124448612332344 -0.025784093886613846 -0.027620960026979446 0.055617351084947586 -0.02103133127093315 0.09496966004371643 -0.04634595289826393 0.052931588143110275 -0.0015751805622130632 -0.06119499355554581 0.06588989496231079 0.04585385322570801 0.012475929223001003 -0.01928029954433441 -0.05039158836007118 0.06735045462846756 0.03252752125263214 0.02273906208574772 -0.026059454306960106 0.03258656710386276 -0.05689389631152153 0.07766713201999664 -0.01947404444217682 0.03499568626284599 0.06149733066558838 0.07695690542459488 0.06859410554170609 0.028197167441248894 0.07842426747083664 -0.05863167345523834 0.033360935747623444 0.03482333943247795 -0.054725825786590576 -0.048114098608493805 -0.04897061362862587 -0.05626694858074188 0.035798124969005585 0.06369663774967194 -0.03903808817267418 -0.006126683205366135 0.06629268079996109 -0.04023756459355354 0.07433228939771652 0.07229515165090561 -0.030852800235152245 0.044599611312150955 -0.06310801208019257 -0.05019678547978401 -0.05507238581776619 0.043298982083797455 0.09170171618461609 -0.06343721598386765 0.07173288613557816 -0.06511833518743515 -0.047762181609869 -0.06409505754709244 0.07103468477725983 0.08787386864423752 0.028264731168746948 0.05858824774622917 -0.03526632487773895 0.027729272842407227 -0.03983553871512413 0.029793089255690575 0.03440232574939728 0.08021418005228043 0.06316948682069778 -6.366072018497129e-38 -0.07048377394676208 6.558875553164809e-40 -0.09312846511602402 -0.00199397886171937 0.017671868205070496 0.009194497019052505 -0.05446576327085495 5.010331448805669e-39 -0.026422234252095222 -0.026127666234970093 0.07894187420606613 0.02801586501300335 0.02628367207944393 0.0017887776484712958 -0.06214597821235657 -2.9104478649563937e-39 0.027259575203061104 -0.015708070248365402 0.09922442585229874 0.09529244899749756 -0.019161352887749672 -0.015344860963523388 0.05220530927181244 9.38833537337555e-40 -0.057187408208847046 -0.057256318628787994 0.016398943960666656 0.03547951579093933 0.06194644793868065 0.018635211512446404 -0.05142086371779442 6.118455853618305e-39 -0.5148643851280212 0.11523018032312393 0.005769203882664442 0.10260374844074249 -0.04142992943525314 0.05714183673262596 0.03910000994801521 0.005339253693819046 0.02939451113343239 0.03178643807768822 -0.009781140834093094 0.025049807503819466 0.03916110098361969 0.006556036416441202 -0.027804069221019745 0.022278686985373497 -0.009394229389727116 -0.010749985463917255 0.006649981252849102 -0.007482876069843769 0.045111965388059616 -0.006111555267125368 -0.019980622455477715 -0.01893411949276924 0.0321115218102932 0.030696926638484 -0.1172574833035469 -0.00774805061519146 0.03718161582946777 0.028431326150894165 0.015044879168272018 -0.05746746063232422 -0.013542934320867062 -0.01611313223838806 0.0003280564269516617 0.005627527367323637 -0.00019507389515638351 0.04023176059126854 0.00821767095476389 0.01998145505785942 -0.050917550921440125 0.025044364854693413 0.008494912646710873 0.014157626777887344 0.041134726256132126 0.002387838438153267 0.030929429456591606 0.05284106731414795 0.03132491558790207 0.00822310708463192 -0.0002533233491703868 0.04560156911611557 0.03556650131940842 -0.05183909460902214 0.026665575802326202 -0.01330137625336647 0.05468586087226868 0.007886337116360664 -0.02978789061307907 0.020719114691019058 0.02952273190021515 0.027469974011182785 0.027227232232689857 0.0342039093375206 -0.03890707716345787 -0.020810991525650024 0.042356837540864944 -0.034328363835811615 0.002928465139120817 0.023418568074703217 -0.008452425710856915 -2.0156094942047807e-39 0.002007861388847232 1.8271390546484857e-39 -0.004908171482384205 0.0338161401450634 -0.0451231487095356 -0.010863336734473705 0.017141306772828102 1.6608371567978094e-39 0.011727139353752136 -0.0017077880911529064 -0.04029891639947891 0.019251277670264244 0.0963183045387268 -0.030772104859352112 0.014543750323355198 6.494705892587983e-39 -0.0554480254650116 0.017418332397937775 -0.025959527119994164 -0.015321308746933937 -0.03228165581822395 -0.13125938177108765 0.0050404747016727924 -5.874450554622353e-39 0.061824142932891846 0.04291742667555809 -0.1015562191605568 -0.06225983798503876 0.056571345776319504 0.037195999175310135 0.010848995298147202 -4.974413366568095e-39 0.27611443400382996 0.0005913098575547338 0.015928268432617188 0.05087874457240105 0.007509387098252773 -0.08844494074583054 -0.00872504711151123 0.08201538026332855 0.04112924635410309 -0.07510346174240112 -0.07555984705686569 0.09597231447696686 0.01234370656311512 0.01983623020350933 0.0907951146364212 -0.05017824098467827 0.05429256334900856 0.07992776483297348 -0.0809667706489563 0.07448919117450714 -0.05374424159526825 0.0924411416053772 0.02523314580321312 0.05031383037567139 0.08496300876140594 0.04387759417295456 0.04678947851061821 0.06550314277410507 0.07166896760463715 0.02339731715619564 0.0524621307849884 0.01288458239287138 0.043171223253011703 0.08785487711429596 0.08076189458370209 0.07649651914834976 -0.08448295295238495 0.09150629490613937 -0.07802294194698334 -0.07737970352172852 0.01627405360341072 0.019882097840309143 -0.006429747678339481 -0.08083103597164154 -0.06869758665561676 -0.04980919137597084 -0.05900096893310547 -0.08743806183338165 0.07801813632249832 0.039553895592689514 0.07138339430093765 0.06724847108125687 -0.07072190940380096 -0.0663861557841301 0.05501677468419075 0.05623287707567215 0.047474704682826996 0.02392648532986641 -0.019025685265660286 0.021897705271840096 0.053603995591402054 -0.05865180492401123 0.0752411037683487 0.012321962043642998 0.007698541972786188 -0.06156749650835991 0.08924128860235214 -0.03655274957418442 0.025344984605908394 0.09556746482849121 0.10537771880626678 5.446377695845015e-39 -0.0014147184556350112 4.128146803186909e-39 0.029223190620541573 0.018477272242307663 -0.00968947820365429 0.059441979974508286 0.014821182936429977 6.774852080277336e-39 -0.019254883751273155 0.0385400652885437 -0.07397644966840744 0.008332117460668087 -0.001023514079861343 0.05028695613145828 -0.07163364440202713 2.88768993711668e-38 -0.0036087119951844215 -0.07724814862012863 -0.0037408783100545406 -0.0036148971412330866 0.04431707784533501 -0.07307171076536179 0.006786871701478958 2.1950037236076437e-39 -0.03760054334998131 0.002272299723699689 -0.02411159686744213 -0.089681476354599 0.0012683430686593056 -0.021734975278377533 0.017230652272701263 1.3279573052989848e-39 0.2149667888879776 -0.014939232729375362 0.0023282074835151434 -0.06866392493247986 -0.03198707848787308 -0.012173304334282875 0.004718096926808357 -0.01576652191579342 0.042282696813344955 0.004279308952391148 -0.03269580751657486 0.021405041217803955 0.005610192194581032 -0.05187535658478737 -0.039305176585912704 -0.011527156457304955 -0.05089326202869415 0.023071084171533585 -0.04795556515455246 0.06322804093360901 0.042290423065423965 0.02983768656849861 0.04498092085123062 -0.044792816042900085 -0.04734831303358078 -0.040254492312669754 0.07536718994379044 0.0413162000477314 0.047939084470272064 -0.02759842947125435 -0.053257327526807785 -0.031975965946912766 -0.04687400907278061 0.05959034338593483 0.04695205017924309 0.0710376426577568 -0.04720006510615349 0.04110085591673851 0.06745346635580063 0.01460726372897625 -0.052179183810949326 0.06631924957036972 0.023990998044610023 0.08365677297115326 0.044438812881708145 0.08908437937498093 0.01929682493209839 0.07748569548130035 -0.012828445062041283 0.012305213138461113 -0.052590999752283096 -0.024685628712177277 0.05042688176035881 -0.03655669838190079 0.06832101941108704 0.06558561325073242 -0.007216892670840025 0.0074121300131082535 0.03547912836074829 0.03043086640536785 0.07332144677639008 -0.020212460309267044 0.07266424596309662 0.025770364329218864 0.05651651695370674 0.0331820584833622 -0.010232736356556416 0.036991823464632034 -0.041590675711631775 0.008133378811180592 -0.04185783490538597 -3.085589153520031e-40 0.047726109623909 -3.099774497874391e-39 0.03745479881763458 0.061934638768434525 -0.009359362535178661 -0.11846902966499329 -0.04613598436117172 -8.544613568005578e-40 -0.06079129874706268 0.034156765788793564 -0.03271765634417534 -0.06218036264181137 -0.017024675384163857 0.08954552561044693 0.014096183702349663 3.468761606903473e-39 0.019388681277632713 0.011439248919487 -0.05750181898474693 -0.12024198472499847 0.02561185508966446 -0.005675564520061016 0.02755555510520935 1.6790091952831736e-39 0.062127090990543365 -0.08443671464920044 -0.010691111907362938 -0.04884939640760422 0.006244148127734661 0.06866563856601715 0.04822300747036934 1.4497833911904557e-40 0.15643349289894104 -0.02007352188229561 0.11814691871404648 -0.02664368227124214 -0.07249505817890167 -0.1240696907043457 -0.034091416746377945 -0.0013704795856028795 -0.043757494539022446 -0.042853936553001404 -0.06784062832593918 0.04916618391871452 -0.01648646406829357 0.009993713349103928 0.010299388319253922 -0.061351120471954346 0.025390470400452614 -0.05668557062745094 0.10805428773164749 0.08079935610294342 0.11504226922988892 -0.01830674335360527 -0.03550126031041145 0.06638742238283157 0.015778206288814545 0.0836629718542099 -0.04302222654223442 0.07888218760490417 -0.00599756371229887 -0.004143615253269672 -0.04451967030763626 0.024355042725801468 -0.019454604014754295 0.060384996235370636 -0.0325591042637825 -0.027280833572149277 0.05278152972459793 -0.04701567813754082 0.0011019592639058828 0.004463393706828356 -0.04479893669486046 -0.0387570820748806 0.008882789872586727 -0.0034759249538183212 0.014854514971375465 -0.02511879988014698 0.039409928023815155 -0.045248497277498245 0.012083381414413452 -0.05509253218770027 -0.03617250546813011 0.00409663375467062 0.03329780697822571 -0.014600439928472042 -0.036910269409418106 0.03022906929254532 0.07246579229831696 -0.05806783586740494 0.038121547549963 0.011965455487370491 -0.03666076064109802 0.03199883550405502 0.03069661185145378 -0.005649259779602289 0.029607318341732025 0.017693763598799706 -0.04098764434456825 0.03947297856211662 0.03574999421834946 0.02049017697572708 0.033549871295690536 3.8183892171285224e-38 -0.02957146055996418 5.9499272925078165e-40 0.021790239959955215 0.03766080364584923 0.08134525269269943 -0.10202612727880478 0.015449275262653828 4.3972465550819895e-38 0.012804287485778332 -0.05877677723765373 0.052355747669935226 0.010977600701153278 0.038542069494724274 0.05732540041208267 -0.014785814099013805 5.0524488754494155e-39 -0.03315410763025284 0.010031551122665405 -0.12617555260658264 -0.05125775933265686 0.07994475215673447 0.0001698149717412889 0.030034366995096207 4.404914460278775e-39 0.010477637872099876 0.056715525686740875 0.07706571370363235 -0.09210750460624695 -0.02179819904267788 0.00038085292908363044 -0.02323545329272747 -2.0903435439041518e-39 0.24769900739192963 0.05829349160194397 -0.03138501197099686 -0.24277496337890625 0.007394613232463598 -0.08334240317344666 -0.022994237020611763 0.059963203966617584 0.05630132555961609 0.08614867180585861 -0.029947571456432343 0.019705237820744514 0.04033726453781128 0.09065697342157364 0.05719607323408127 0.02132602035999298 -0.04260992258787155 -0.00347615173086524 0.035866253077983856 0.04842963069677353 -0.056159861385822296 -0.029529239982366562 -0.04671305790543556 -0.028548704460263252 0.006369275040924549 0.06332816928625107 0.08065755665302277 -0.051105279475450516 0.009766940958797932 0.11726633459329605 -0.008210036903619766 -0.0254973154515028 0.08624031394720078 -0.003639048198238015 0.0721583217382431 -0.07431034743785858 0.0004888649564236403 0.042278558015823364 0.051971543580293655 0.00918404571712017 0.029795987531542778 -0.004451292101293802 0.0599493682384491 -0.02693728171288967 -0.0237434022128582 -0.06445307284593582 -0.03659869357943535 -0.02601439505815506 -0.0035660110879689455 -0.07597707211971283 -0.06587466597557068 0.013164998032152653 0.05468325689435005 -0.002474681008607149 -0.07520253956317902 -0.005950010847300291 -0.015012318268418312 -0.08172443509101868 -0.0508892685174942 0.10919920355081558 -0.07550273835659027 0.06044884771108627 -0.015384238213300705 0.0015631376300007105 0.05786597356200218 -0.09710661321878433 0.02909492515027523 0.024659350514411926 0.10377822816371918 -0.001734067453071475 0.006106236949563026 4.293392121995484e-39 0.005501596722751856 -2.942616072503434e-39 0.0011088126339018345 -0.03392468020319939 -0.008383724838495255 0.02648673579096794 -0.041322238743305206 2.0161013499657587e-39 -0.056232091039419174 -0.02147097885608673 0.06034846231341362 0.04356077313423157 -0.04798327758908272 -0.0433884896337986 -0.020989147946238518 -2.6846762615782365e-39 -0.0798284038901329 -0.07384055852890015 -0.03676118329167366 -0.023094432428479195 -0.0504901222884655 0.08060480654239655 -0.029757186770439148 3.545163201775391e-39 0.0036031780764460564 -0.02840772084891796 0.05281881242990494 -0.01718071661889553 0.08041628450155258 -0.04808396100997925 -0.01264763344079256 -5.205217032731643e-39 0.09808745235204697 -0.023509712889790535 0.11939610540866852 -0.008226192556321621 -0.017984550446271896 0.05751040577888489 0.032844338566064835 -0.019487179815769196 -0.0053354608826339245 -0.02787342108786106 0.05366552993655205 -0.04080613702535629 -0.03724810108542442 0.04420684650540352 0.06596407294273376 0.03686128556728363 0.0058020614087581635 0.04635557904839516 0.06922290474176407 -0.022414783015847206 0.08054541796445847 -0.04541773349046707 -0.04033876955509186 -0.012606769800186157 -0.04479045420885086 0.07507279515266418 -0.022791873663663864 -0.043014563620090485 -0.015229539945721626 0.08121403306722641 0.010742721147835255 0.025024311617016792 0.03978649899363518 -0.02529527246952057 -0.03208712115883827 0.0621945858001709 0.03387259691953659 -0.02806997299194336 0.036620765924453735 0.06875675916671753 0.03707122057676315 -0.012102661654353142 0.05057504400610924 0.04550689086318016 0.06580773741006851 0.048368893563747406 -0.04798157885670662 0.010312439873814583 0.07490143924951553 -0.023723425343632698 0.009819461964070797 0.029012760147452354 0.080235555768013 -0.04345966503024101 0.07403413206338882 0.03175919130444527 -0.03081059455871582 0.022321972995996475 0.0810081958770752 0.021444112062454224 0.07187449187040329 -0.035172317177057266 0.04322722181677818 -0.04560214653611183 0.056859929114580154 -0.0014627090422436595 0.054109711199998856 -0.04662656784057617 0.014197498559951782 -0.02217884734272957 0.058661989867687225 -1.0577154951554795e-39 -0.010655319318175316 1.3570673190774828e-38 0.021417491137981415 0.027867956086993217 -0.06844619661569595 -0.030851222574710846 0.05803349241614342 -3.964982412597856e-39 0.03862418234348297 -0.04829738289117813 -0.04106359928846359 0.019891027361154556 0.025266418233513832 0.045308589935302734 -0.03204740583896637 -4.0416474515810666e-39 0.026441849768161774 0.0692925825715065 -0.0992584377527237 -0.04728180542588234 0.04450671374797821 0.009307131171226501 0.05313233658671379 1.98369071778439e-39 0.0888524204492569 0.00418113125488162 -0.004928566515445709 0.012001496739685535 -0.07089530676603317 -0.031202666461467743 0.030549023300409317 -1.9037452390961948e-39 0.2964732348918915 0.027634378522634506 0.09418157488107681 -0.06376932561397552 0.005830380599945784 0.061638664454221725 0.048850592225790024 -0.09696285426616669 0.07850994914770126 -0.022380979731678963 -0.023459769785404205 0.0955619290471077 0.03481759876012802 -0.007280995137989521 -0.0001610795734450221 -0.088461734354496 0.03783252462744713 0.006322244182229042 -0.03195220232009888 0.0832316055893898 0.019611967727541924 -0.0755063071846962 0.08042802661657333 -0.024147160351276398 0.08281301707029343 -0.06293462216854095 0.032544348388910294 -0.03888251632452011 0.020868226885795593 -0.020161615684628487 0.008225342258810997 0.07903160899877548 0.09969276934862137 0.11059153079986572 0.07133180648088455 0.021879006177186966 0.022292934358119965 -0.016038253903388977 0.08237551897764206 -0.034148793667554855 -0.01749352365732193 -0.03614480793476105 0.04108795151114464 0.06833115965127945 0.005886891856789589 -0.04016810283064842 0.08122266083955765 0.07871764898300171 -0.06246979907155037 0.09771675616502762 0.11746609210968018 0.05118333920836449 0.06638651341199875 0.07666757702827454 0.033845819532871246 -0.0980660617351532 0.06738781183958054 -0.03265823423862457 -0.05897310748696327 -0.08892931789159775 -0.06346454471349716 0.0971105620265007 0.025074297562241554 0.05838104337453842 -0.08770111203193665 0.038356903940439224 -0.02535860985517502 -0.016127251088619232 0.06362776458263397 -0.06375796347856522 0.06547839939594269 1.3762880893335477e-39 -0.031386952847242355 -9.926041620106269e-40 -0.015035268850624561 0.08510599285364151 -0.06848003715276718 -0.03822005167603493 -0.0007531647570431232 -6.399220013930425e-39 0.01160465832799673 0.01954014040529728 0.018968284130096436 -0.007548464462161064 0.05083918198943138 -0.010782750323414803 0.07081315666437149 5.780073103050077e-39 -0.0188602227717638 -0.00949976034462452 -0.04377908632159233 0.05195223167538643 -0.010990077629685402 -0.02831396833062172 0.007024542894214392 -2.615885118666067e-39 -0.040292467921972275 -0.027036020532250404 -0.07137226313352585 -0.007547725457698107 0.04194050282239914 0.017318662256002426 -0.003541019046679139 8.315431204165254e-40 0.31429770588874817 0.05994191765785217 0.08716551214456558 -0.08073913305997849 -0.031184513121843338 0.008792822249233723 0.07586434483528137 -0.02132030762732029 -0.06544718146324158 0.06999313086271286 0.03803950175642967 0.07014141976833344 0.052902210503816605 -0.09886602312326431 -0.0049528698436915874 0.05933045968413353 0.07880029082298279 0.06979957222938538 -0.022608812898397446 -0.029544619843363762 0.020170459523797035 0.030155543237924576 -0.08279415220022202 0.07994008809328079 -0.07441999018192291 0.046508464962244034 0.03822346404194832 0.07523151487112045 0.03805539384484291 0.08943085372447968 0.0660196915268898 -0.04040985926985741 0.07238572835922241 0.061115071177482605 -0.06402993202209473 -0.05169063061475754 0.06616571545600891 -0.06026671454310417 -0.07266414910554886 0.07375489175319672 0.03125336766242981 0.08360378444194794 0.06400969624519348 0.02887638844549656 -0.07172400504350662 0.02547399513423443 -0.0196109339594841 0.06255950778722763 -0.08560247719287872 0.05431319773197174 0.045284196734428406 -0.07967785000801086 -0.06825864315032959 0.09302277117967606 0.07783467322587967 0.07985276728868484 0.06900618970394135 0.015308777801692486 0.024201713502407074 -0.07832319289445877 -0.05916547030210495 0.07596617937088013 0.07731489092111588 0.049150463193655014 0.016831116750836372 0.07779493182897568 0.03752027079463005 -0.06665970385074615 -0.027428993955254555 0.03196123242378235 -0.03952384367585182 2.048816063913886e-39 -0.05736352130770683 2.543028808908891e-39 -0.0402534194290638 -0.018568910658359528 -0.0432467982172966 -0.05307935178279877 0.04572413116693497 2.2770147162322537e-39 -0.058518946170806885 0.04621671885251999 0.01854597218334675 0.0024399838875979185 0.08191532641649246 0.0045485347509384155 0.03550982475280762 1.3757009452769956e-39 0.007556226570159197 -0.10034190118312836 -0.01100862119346857 -0.05122321844100952 0.07097139954566956 0.023055991157889366 -0.11434230208396912 2.223978371954488e-39 0.05007307603955269 -0.08536650240421295 0.1361551433801651 0.10435084998607635 -0.10345225781202316 0.07806245237588882 0.06774087995290756 3.1218547577767572e-40 -0.3144961893558502 -0.16829241812229156 0.039927009493112564 0.053101278841495514 -0.2104322910308838 0.07073016464710236 -0.06303950399160385 0.0024645179510116577 0.011003409512341022 -0.01635250449180603 0.04889032244682312 0.029849225655198097 0.01934131421148777 0.025621604174375534 0.03268983215093613 -0.018451109528541565 0.019818933680653572 -0.03932179883122444 0.05348280444741249 -0.038164205849170685 0.03434503823518753 0.03628208488225937 0.043538231402635574 0.015324641019105911 0.011070666834712029 -0.014991187490522861 -0.030119463801383972 0.00881327036768198 0.05449388548731804 0.03874361515045166 0.0216960608959198 0.050446052104234695 -0.05819731578230858 -0.06034360080957413 0.03736608475446701 0.022030120715498924 -0.02088719606399536 -0.04635249078273773 -0.013719773851335049 0.05335405468940735 0.03499222174286842 0.009802526794373989 0.003970665857195854 0.018596714362502098 -0.009548621252179146 -0.06301724910736084 0.017702436074614525 0.040707819163799286 0.0023444565013051033 0.00609348202124238 0.051283255219459534 0.023702897131443024 0.050106652081012726 0.04842647537589073 0.05022778362035751 0.08235544711351395 -0.01727241836488247 0.00452217785641551 -0.02247662842273712 0.03223968297243118 -0.002565596019849181 0.043212082237005234 0.042913373559713364 0.030220575630664825 0.013819531537592411 0.07448221743106842 0.05312589928507805 -0.006481853313744068 0.045851901173591614 0.0244275089353323 -0.03662144020199776 1.635019633891089e-39 0.0033680791966617107 -3.758634207233705e-39 -0.02558848448097706 0.018498269841074944 -0.008109363727271557 0.06898533552885056 0.03702155128121376 -3.692895092376835e-39 0.010930284857749939 -0.01034880056977272 0.041953716427087784 -0.03325042128562927 0.013735183514654636 0.016834009438753128 -0.006974899675697088 -5.483244457142937e-39 -0.02771366573870182 0.053549397736787796 0.007405237294733524 -0.0411226786673069 -0.010464216582477093 0.010350379161536694 -0.020969606935977936 2.079430511723683e-38 0.009049287997186184 0.05021822452545166 -0.04520536959171295 -0.050993166863918304 0.032186802476644516 0.06352125108242035 -0.01693427748978138 -1.2819708935952373e-39 0.26257556676864624 -0.016249945387244225 0.03223485127091408 -0.0017632206436246634 -0.04115905240178108 -0.09046991914510727 -0.006206062622368336 -0.02330971695482731 0.0666465312242508 -0.043844811618328094 0.06293745338916779 -0.009510299190878868 0.024123510345816612 -0.06290040910243988 0.03225201740860939 -0.005553501658141613 0.06277529150247574 0.045166224241256714 0.06025999039411545 -0.022226911038160324 0.05373761057853699 0.05549543350934982 0.011576746590435505 0.04157270863652229 0.0656210258603096 0.069009929895401 -0.07576647400856018 0.08436483889818192 0.08131498843431473 -0.0588352233171463 -0.06612638384103775 0.0692383423447609 0.06513483822345734 -0.03256895765662193 -0.08086943626403809 0.05916713550686836 0.07318579405546188 0.037220217287540436 0.08912984281778336 -0.07957667857408524 -0.04575536400079727 0.06397362053394318 -0.05382532626390457 0.06429710984230042 0.09179038554430008 0.0071282293647527695 0.08443604409694672 0.0807536244392395 -0.061767831444740295 -0.07302283495664597 -0.03571521118283272 -0.08341871201992035 -0.018434494733810425 0.05762075260281563 0.013549595139920712 0.04802165552973747 0.06179087981581688 0.06327955424785614 0.055396292358636856 0.022781027480959892 0.05895889922976494 -0.04997127130627632 -0.07189184427261353 0.06859999895095825 -0.0006244296673685312 0.04640885815024376 0.050446320325136185 -0.039579324424266815 0.06610199809074402 -0.03581557050347328 0.007373828906565905 1.8430956402617524e-39 0.00647559342905879 -2.4368131879099985e-39 -0.012942183762788773 -0.036896299570798874 0.02224641852080822 -0.0034315078519284725 -0.00039566197665408254 -4.553673502654569e-40 0.028743816539645195 -0.03887059912085533 0.01840285025537014 -0.0011365001555532217 0.008319040760397911 -0.017750974744558334 0.004269888624548912 6.8448385307795745e-40 -0.0316939614713192 -0.007314610294997692 0.025616193190217018 -0.08142048120498657 0.04514417052268982 0.008313091471791267 0.043096330016851425 3.2719394284998024e-39 0.08732360601425171 0.04000946506857872 -0.0833146721124649 -0.014659500680863857 -0.11810441315174103 0.05610533058643341 0.01788683421909809 -5.401090532074966e-39 0.2848737835884094 0.034887947142124176 0.07125218957662582 -0.025293517857789993 0.021196752786636353 -0.04427661746740341 -0.07081770896911621 -0.071563221514225 0.07662906497716904 0.0919838398694992 0.07714277505874634 0.0690036416053772 0.06723301857709885 0.08043652772903442 -0.020856374874711037 0.0013884122017771006 0.01995658501982689 0.08083397895097733 0.07837565243244171 -0.07902074605226517 0.04575957730412483 -0.04875030368566513 0.06508491188287735 0.06781797856092453 -0.0760573148727417 -0.06561069190502167 0.05327735096216202 0.07231231033802032 -0.09423836320638657 0.07975909113883972 -0.0996789038181305 -0.07754602283239365 -0.061143845319747925 -0.05588678643107414 -0.08860057592391968 -0.09988938271999359 0.019062688574194908 0.009811745956540108 -0.10191775113344193 -0.07287279516458511 0.006552205421030521 0.07254183292388916 -0.0555587112903595 0.09507030993700027 0.03157293051481247 0.08192142099142075 0.017205119132995605 -0.07949523627758026 0.03167103976011276 0.05612127482891083 0.06566400825977325 0.06257070600986481 -0.05845089629292488 -0.08566038310527802 -0.08923303335905075 0.047564685344696045 0.08874721080064774 0.07990627735853195 0.05723433196544647 0.08391151577234268 -0.1002277210354805 -0.09161846339702606 0.07949195057153702 0.07357635349035263 0.055118855088949203 0.06705614924430847 0.07216590642929077 -0.0753895714879036 0.08021576702594757 -0.0018872073851525784 -0.07675725221633911 -4.008611840284609e-39 -0.0363532230257988 4.6927804012080934e-39 -0.004663719795644283 -0.05116221308708191 -0.0016337491106241941 0.042527154088020325 -0.0707332193851471 -4.7964316460172715e-39 -0.056657638400793076 -0.02173236943781376 -0.023212529718875885 -0.037997495383024216 0.07637140154838562 -0.0004031465796288103 0.012882757931947708 3.54947219455319e-39 -0.029448365792632103 0.06693970412015915 -0.046879976987838745 0.005354986060410738 -0.05520835146307945 0.03089623525738716 0.03812405839562416 -6.221424385815664e-38 0.0868239477276802 -0.03266400471329689 0.04730840027332306 -0.00803311262279749 -0.03397521376609802 -0.04205305874347687 0.05141719430685043 -1.3050003370253985e-37 0.11111215502023697 -0.006425008177757263 -0.0016948799602687359 0.05221405252814293 -0.016820574179291725 -0.02523176185786724 -0.050865765661001205 -0.003942079376429319 -0.013021983206272125 -0.05708198621869087 -0.0033582670148462057 0.016054553911089897 -0.012197740375995636 0.039696622639894485 -0.0541488341987133 0.023849159479141235 -0.010336341336369514 -0.02002524584531784 -0.04935123771429062 0.012805545702576637 0.05619623512029648 0.007297471631318331 0.01202631089836359 0.009770779870450497 0.05304969847202301 0.019793527200818062 -0.02247229404747486 -0.01370194647461176 0.008678053505718708 0.009144190698862076 -0.012798061594367027 -0.030240202322602272 0.005100694019347429 -0.011703508906066418 0.017524465918540955 0.00894137378782034 0.002758887130767107 0.0014142647851258516 -0.04799800366163254 0.05284325033426285 -0.03928220644593239 0.016014736145734787 0.01501964870840311 0.06994139403104782 0.027297459542751312 -0.03903278335928917 -0.02281487174332142 0.02632598765194416 0.014958570711314678 0.05151743069291115 0.017642516642808914 0.05549991503357887 -0.0641193762421608 0.04604572802782059 0.07970826327800751 -0.033170923590660095 -0.03280891850590706 0.0663265585899353 0.06963346153497696 -0.01914336159825325 -0.03509858250617981 0.04886773228645325 0.061147306114435196 0.031197868287563324 -0.06139374151825905 -0.017785070464015007 -0.030092202126979828 0.01819792576134205 0.03034183382987976 0.06380146741867065 -0.03400733694434166 -2.7002811212769576e-39 0.03199710696935654 1.231943137120377e-39 0.011685125529766083 0.0285339392721653 0.0247136652469635 -0.07135200500488281 0.008993922732770443 6.248871899096087e-39 -0.09737402945756912 0.05528696998953819 -0.03223300352692604 -0.033682383596897125 -0.02452998235821724 -0.02352675423026085 0.043836843222379684 1.909414892682853e-38 -0.04263032600283623 0.01412092987447977 -0.022706102579832077 0.00874465610831976 0.024715377017855644 0.0017368850531056523 0.046221595257520676 -4.273481072115893e-39 0.042244356125593185 -0.020033685490489006 0.0388033352792263 -0.09865419566631317 0.0032813791185617447 -0.0984896868467331 0.06275651603937149 3.076214466793698e-39 0.19555960595607758 0.05319449305534363 0.04993675276637077 -0.06507965922355652 0.0657118707895279 -0.11771564930677414 -0.08165467530488968 -0.02304955944418907 0.009012139402329922 -0.028897732496261597 0.007037363480776548 -0.06880815327167511 0.033800266683101654 0.012899444438517094 -0.0023906936403363943 0.012891171500086784 -0.036040447652339935 -0.006604196038097143 0.06461961567401886 0.06249348074197769 -0.04857953265309334 0.010090225376188755 0.051806069910526276 0.05982594937086105 -0.05429980531334877 0.008000980131328106 0.026820387691259384 0.04725373536348343 0.030435781925916672 -0.06143663078546524 -0.054982829838991165 -0.05049816891551018 -0.013224806636571884 0.043487876653671265 -0.056044526398181915 -0.029503032565116882 -0.005386792588979006 0.07291668653488159 -0.056906215846538544 0.02961735986173153 0.005243746563792229 -0.06194882467389107 0.04211012274026871 -0.06802141666412354 0.00453153857961297 0.03101024590432644 -0.0018602234777063131 0.02646562270820141 -0.056243445724248886 0.006533848121762276 0.09574522078037262 -0.06623423099517822 -0.0423009879887104 0.06648322939872742 -0.021119318902492523 -0.08003171533346176 0.044474612921476364 0.02866438403725624 -0.03832608461380005 -0.022325756028294563 -4.088101559318602e-05 0.0528753362596035 -0.03506463021039963 0.0714411586523056 0.0031054813880473375 -0.06490474939346313 -0.019811753183603287 0.060147736221551895 0.008262625895440578 0.06147771701216698 -0.06532076746225357 -6.918249754728623e-39 -0.011622597463428974 3.708561609207986e-39 0.009961708448827267 -0.06608258187770844 0.022471191361546516 -0.13049288094043732 -0.06363562494516373 -4.8768087246324786e-39 -0.01978396251797676 0.002329461509361863 -0.0037457221187651157 0.0040661646053195 0.0584387369453907 0.040710486471652985 -0.013847644440829754 -6.126296118526202e-39 -0.02619295008480549 -0.06719490885734558 -0.03995240852236748 0.015940193086862564 0.02574116550385952 -0.05278206244111061 -0.027156218886375427 -2.0719599093506745e-41 0.09644681215286255 -0.042259398847818375 0.014163601212203503 0.06995432078838348 -0.008462123572826385 0.02813282236456871 -0.07010946422815323 3.785399007902309e-39 0.2645985782146454 0.01847922056913376 0.003937122877687216 -0.08677112311124802 -0.07518874108791351 0.06684602797031403 -0.026263238862156868 -0.04146095737814903 0.03708880394697189 0.010863852687180042 0.006970054470002651 0.11486339569091797 -0.04606621339917183 -0.004919520579278469 0.02046959474682808 -0.04187527298927307 0.0713256299495697 0.004192881286144257 0.027579523622989655 -0.018063683062791824 0.11014596372842789 -0.019620856270194054 0.03192044794559479 -0.05811123177409172 0.01995927467942238 -0.033764634281396866 -0.035600170493125916 -0.04788345471024513 0.03143530339002609 0.053795043379068375 -0.04180258512496948 0.07381831109523773 -0.013902269303798676 0.001170732663013041 0.03714806213974953 0.04122822359204292 -0.06107397750020027 -0.0390889011323452 0.05707250162959099 0.0780496820807457 -0.027639057487249374 -0.06699514389038086 -0.02383091114461422 -0.07766955345869064 0.00512720039114356 -0.07035519182682037 0.0465717613697052 -0.02338465489447117 0.041129570454359055 -0.006349385250359774 0.07296279817819595 -0.00723468279466033 0.002662458922713995 -0.03473430499434471 -0.021125832572579384 0.04857571795582771 -0.04428067058324814 0.07892239838838577 0.017640594393014908 0.005467355716973543 -0.05821222439408302 0.055694255977869034 0.05116400122642517 -0.04338016360998154 0.011055867187678814 0.012466310523450375 0.052179303020238876 -0.030722927302122116 0.10742102563381195 -0.0006722814869135618 -0.03310741111636162 -4.831797616659901e-39 -0.013860596343874931 4.9388708323189605e-39 0.04080933332443237 -0.024216029793024063 -0.09293676912784576 -0.05653427913784981 0.04922809824347496 -4.088198586565937e-39 -0.11553618311882019 5.2524294005706906e-05 -0.07475204020738602 -0.02249414473772049 -0.0439985990524292 0.010089816525578499 0.054539524018764496 -3.2910335213746924e-40 0.01915544830262661 -0.09176696091890335 -0.008169017732143402 -0.0028094141744077206 0.05813130736351013 -0.022024836391210556 -0.01597156748175621 1.3931695319332688e-39 0.05127079784870148 0.010934906080365181 -0.03672385960817337 -0.04847101494669914 0.06093982979655266 0.04484985023736954 -0.08705281466245651 -7.026680828599613e-39 0.07868281751871109 -0.05279551446437836 0.13839006423950195 0.014354093000292778 0.06893748044967651 -0.0029594015795737505 -0.041041892021894455 -0.08116429299116135 0.06778194010257721 -0.0022143409587442875 0.03896092623472214 0.08272875845432281 0.03152079880237579 0.04026271775364876 -0.051530178636312485 -0.011407939717173576 -0.07719879597425461 0.04124870151281357 -0.06579899042844772 -0.05100714787840843 0.08211734890937805 0.09531007707118988 0.0702802985906601 0.03034317120909691 -0.04812570661306381 0.10440749675035477 -0.03590938076376915 0.029185570776462555 -0.03315591812133789 -0.025989878922700882 0.05434361845254898 0.03896727412939072 -0.08272421360015869 0.042850419878959656 -0.07176957279443741 0.05692417547106743 0.06316564977169037 -0.07772470265626907 0.10067898780107498 0.09915118664503098 0.04412971809506416 0.0404423289000988 -0.03319627791643143 0.03333791345357895 -0.05337275564670563 -0.023569772019982338 -0.044219959527254105 0.08861866593360901 0.10283112525939941 -0.03829283267259598 -0.06400784850120544 0.022203562781214714 0.09809330850839615 0.024260586127638817 -0.008383188396692276 -0.004369656089693308 -0.03953166678547859 0.08300084620714188 -0.053650423884391785 -0.0732979029417038 0.04136640578508377 0.012998099438846111 0.05830835551023483 -0.035699453204870224 -0.037187449634075165 -0.048274800181388855 0.024850070476531982 -0.06236608326435089 0.03259332478046417 -0.0677841454744339 0.05769169330596924 4.1010050532314015e-39 0.05194421112537384 4.782641467829851e-39 0.013920489698648453 0.03614506497979164 0.11309216916561127 -0.008282431401312351 -0.06853018701076508 -3.8263855866853455e-39 -0.008435734547674656 -0.009016322903335094 -0.01941787637770176 -0.05256451666355133 -0.005360862240195274 0.004841956775635481 0.043784718960523605 -5.73599525985474e-39 -0.07164205610752106 -0.0005803870153613389 -0.03493836522102356 -0.04828262701630592 -0.05597273260354996 -0.007962365634739399 -0.0038382518105208874 4.6515485951938e-39 -0.0071543375961482525 -0.032579123973846436 -0.015577265992760658 0.03202560171484947 0.038223061710596085 -0.0021676765754818916 -0.008382917381823063 -5.213096533996541e-39 0.20377567410469055 0.013364593498408794 0.009649142622947693 -0.0023020589724183083 -0.04568548500537872 0.06950744986534119 -0.010186366736888885 -0.03549007326364517 -0.021730732172727585 -0.018048154190182686 0.06685701757669449 -0.020763687789440155 0.049922261387109756 -0.0582968108355999 0.014681141823530197 0.050566814839839935 -0.011105204932391644 0.019122228026390076 -0.046146098524332047 -0.004293426405638456 -0.005666320212185383 0.02460491843521595 -0.01890425756573677 0.026606613770127296 -0.014186725951731205 -0.007925024256110191 0.03951536864042282 0.06757325679063797 0.04386889189481735 -0.01831870898604393 -0.06557915359735489 0.026839664205908775 0.05989733338356018 -0.03384189307689667 -0.057896509766578674 -0.023717474192380905 0.0021916653495281935 -0.0189665574580431 -0.05728473141789436 -0.024421175941824913 -0.020294349640607834 0.07769688218832016 0.06424369663000107 0.07719512283802032 -0.02170070819556713 0.034050121903419495 0.04657740890979767 -0.04204825684428215 -0.0323050282895565 0.04789372906088829 0.06310369819402695 0.0365966372191906 0.029584184288978577 0.016619158908724785 0.006139989942312241 -0.03438018262386322 0.08421299606561661 -0.062390509992837906 -0.012529873289167881 0.0301214586943388 -0.03213396295905113 -0.017129115760326385 0.05057038366794586 0.05428236350417137 -0.0013607126893475652 -0.022404834628105164 0.008068807423114777 0.05867071822285652 0.07863406836986542 0.08365223556756973 0.029870877042412758 -1.0524774414958333e-39 -0.0024739110376685858 1.4676779725798837e-40 0.03151289373636246 -0.004860715940594673 -0.010915698483586311 -0.06659416854381561 0.005995645187795162 3.559878236949266e-39 0.05458269640803337 -0.03370750695466995 -0.016551805660128593 0.0007256391691043973 -0.040595248341560364 -0.05897240713238716 0.04895457625389099 2.1972766297167786e-39 -0.020923154428601265 0.015254748985171318 -0.015054330229759216 0.013418515212833881 0.01896902173757553 -0.026647331193089485 -0.020485540851950645 2.495289372826273e-39 0.10030324012041092 -0.0017341627972200513 0.004837253596633673 -0.08415216207504272 0.02837630733847618 0.12282267957925797 0.05673728138208389 -3.0315433138285657e-38 0.14149817824363708 0.0327364057302475 0.00392662500962615 0.0855116918683052 0.05674174055457115 -0.0779663622379303 -0.06755190342664719 0.045829106122255325 -0.06846372038125992 0.09562744945287704 0.030370963737368584 0.05606401339173317 0.06734902411699295 0.06332781910896301 -0.017674580216407776 0.07790625840425491 -0.0013581374660134315 -0.05445680394768715 -0.04202762246131897 0.020036395639181137 -0.019989382475614548 0.05683743953704834 -0.0077818636782467365 -0.021459918469190598 -0.032452162355184555 0.04426960274577141 -0.03207610547542572 0.04420981556177139 0.006304292939603329 -0.010102377273142338 -0.0009110450046136975 -0.05305442586541176 -0.015578282065689564 0.07363596558570862 -0.006000237073749304 -0.001386835123412311 0.023983152583241463 -0.025095369666814804 -0.053505171090364456 0.04969177395105362 -0.06346935033798218 0.06530225276947021 -0.00948543380945921 -0.013454368337988853 0.03681427985429764 0.07233206927776337 -0.004912106785923243 -0.02992955408990383 0.03966015949845314 0.019943226128816605 -0.02826014906167984 0.046505797654390335 0.07007855176925659 -0.05290189012885094 0.015657488256692886 0.022384382784366608 -0.000542179390322417 -0.029175464063882828 -0.014070048928260803 0.04922797530889511 -0.0383417084813118 -0.024433575570583344 -0.045522015541791916 -0.0452994704246521 -0.06539005786180496 0.06368520855903625 -0.03498806804418564 0.04639703035354614 -0.06340477615594864 -0.06158815324306488 0.07616740465164185 9.099107370338908e-40 0.06631602346897125 4.551138553732605e-39 0.0632631853222847 0.05871514603495598 0.05691779404878616 0.0663815513253212 -0.02668146602809429 -7.292707532962429e-40 -0.027531854808330536 0.045561425387859344 0.006983577739447355 -0.022017957642674446 -0.040970008820295334 0.06242130324244499 0.02795790508389473 9.006565619754897e-41 -0.014271153137087822 -0.006652163341641426 -0.0020472919568419456 -0.04692786931991577 0.041501984000205994 -0.016758136451244354 -0.05933975428342819 -3.122751588793925e-39 0.049117930233478546 0.02372826263308525 0.11669782549142838 -0.019638605415821075 0.06459423154592514 -0.04018305242061615 -0.0014393482124432921 6.615161508581344e-39 -0.08648514747619629 0.013977192342281342 0.12712575495243073 0.033303435891866684 0.11907554417848587 -0.028232501819729805 -0.02915836311876774 0.04144081845879555 -0.026318112388253212 -0.02234962023794651 -0.013774116523563862 0.07208926975727081 -0.006248844787478447 -0.03572121635079384 0.00442083552479744 0.061131902039051056 -0.013395562767982483 0.026232797652482986 0.06527970731258392 0.054319415241479874 0.05769997835159302 -0.06403466314077377 0.012662218883633614 -0.02132898010313511 0.016616875305771828 -0.021960360929369926 0.014531590044498444 -0.017871662974357605 0.058827582746744156 0.022753415629267693 -0.07014229893684387 -0.0028155127074569464 0.010931362397968769 0.030345920473337173 0.018869800493121147 -0.032017141580581665 0.046731237322092056 -0.006112205795943737 -0.04146691411733627 0.0564592219889164 0.006007685791701078 0.049728140234947205 0.028238557279109955 -0.014918795786798 -0.02310127392411232 -0.033336032181978226 -0.05594981834292412 0.05497068539261818 -0.05988316610455513 -0.02218732051551342 0.008672649972140789 0.018113847821950912 -0.05782686173915863 0.016215484589338303 0.05854640156030655 -0.0036312127485871315 0.026534553617239 0.03258437663316727 0.009565403684973717 0.01054729800671339 -0.04049497842788696 0.0061344546265900135 -0.039525557309389114 -0.04893830046057701 0.03806731477379799 0.019898351281881332 0.0016483637737110257 -0.007382666692137718 0.03802813962101936 0.07810316234827042 -0.0667831301689148 1.937473091834029e-39 0.030819419771432877 -1.950145033846918e-40 -0.025799056515097618 0.03602667525410652 0.011300340294837952 -0.013196669518947601 -0.03033745102584362 -8.393869726484914e-38 0.011461739428341389 -0.061752162873744965 -0.009203828871250153 -0.06828491389751434 0.03837692737579346 -0.070604108273983 -0.03101724199950695 6.280270793786213e-39 -0.05839747563004494 -0.009075304493308067 -0.09637803584337234 -0.05971060320734978 -0.0053099896758794785 -0.03229331225156784 0.004550595302134752 9.295177051467236e-40 0.07359365373849869 -0.010397273115813732 0.04053235799074173 -0.07295136898756027 -0.0701587125658989 0.01474856398999691 0.05932413041591644 -3.697369438373424e-39 0.1680743396282196 0.022097637876868248 0.013169549405574799 -0.07779374718666077 0.0936719998717308 -0.01621892675757408 0.040416419506073 0.04111254960298538 0.07504773885011673 -0.03222106769680977 0.0954698920249939 0.08738171309232712 -0.051314447075128555 0.061225056648254395 0.03470622003078461 -0.003374494146555662 0.035696838051080704 0.09229844063520432 -0.010013066232204437 -0.0029971853364259005 -0.03585034981369972 0.022037874907255173 -0.04851585626602173 0.03300122916698456 0.020625317469239235 -0.006864527240395546 0.01402848307043314 -0.03270811215043068 0.016154998913407326 0.029662448912858963 -0.013724297285079956 -0.044855497777462006 -0.01200032327324152 -0.03646279126405716 -0.0006105133215896785 -0.014516645111143589 -0.03339284285902977 0.09341870993375778 0.04140699654817581 0.032363250851631165 0.11936987191438675 -0.05840591341257095 -0.016151724383234978 -0.005372179672122002 -0.017368393018841743 0.027658745646476746 0.028949309140443802 0.11293921619653702 0.05291109159588814 0.1090514212846756 -0.019774049520492554 0.029496779665350914 0.021002771332859993 0.02643601782619953 -0.038659270852804184 -0.04134882241487503 -0.048881128430366516 -0.025069449096918106 0.09170453250408173 0.036127448081970215 -0.0008118519326671958 -0.07133432477712631 -0.04857265576720238 0.011154523119330406 -0.02334889955818653 -0.030179550871253014 0.018100254237651825 -0.04344317317008972 -0.013957799412310123 0.00701562874019146 0.042203471064567566 2.581571523170145e-39 0.021849405020475388 5.590023400124488e-39 0.02518213726580143 0.026533054187893867 -0.04645714536309242 -0.004492360167205334 -0.02361181192100048 -6.159673646647955e-39 0.08762960135936737 -0.10123942792415619 0.0013126205885782838 -0.057717982679605484 -0.035577572882175446 0.030523134395480156 -0.023233069106936455 -3.5105497284081036e-39 0.057713959366083145 -0.07766979187726974 0.016686057671904564 0.0035081689711660147 -0.017307749018073082 0.012110273353755474 -0.010761608369648457 1.0805580614224383e-39 0.030780205503106117 -0.020665502175688744 0.016421111300587654 -0.0029933021869510412 0.005092008505016565 0.0350198894739151 -0.018574051558971405 6.376510571017577e-40 0.022757433354854584 -0.03252669423818588 0.02066854201257229 0.0017258506268262863 0.01776518113911152 0.018922438845038414 -0.020146675407886505 0.07373271882534027 -0.01635192148387432 0.007266378030180931 -0.016715001314878464 0.048583000898361206 0.016499193385243416 0.015399152413010597 0.03654855862259865 0.02814984694123268 0.012981390580534935 0.018080931156873703 -0.011227869428694248 -0.024972327053546906 -0.04734291508793831 -0.012026499956846237 0.029974691569805145 -0.029548700898885727 0.006202029064297676 0.0539766363799572 -0.04111434146761894 -0.005801476538181305 -0.0039222571067512035 -0.015024957247078419 -0.00800944771617651 0.028280332684516907 0.017468038946390152 -0.012596173211932182 0.05475336313247681 -0.015680676326155663 0.032034795731306076 -0.03317677974700928 0.05288043990731239 -0.030715331435203552 -0.011671880260109901 0.013515293598175049 -0.02332490310072899 -0.055893536657094955 0.01338769681751728 0.040977705270051956 0.057073868811130524 -0.014137032441794872 0.002648156601935625 -4.213610736769624e-05 0.009123857133090496 0.00026299164164811373 0.0045022726990282536 0.01060091145336628 -0.017474675551056862 -0.02177606150507927 0.008298203349113464 -0.002186872996389866 -0.035390257835388184 -0.04333280771970749 -0.004778558388352394 0.007323375903069973 0.011659263633191586 -0.016236107796430588 0.0007459943881258368 -0.04196334630250931 -0.01638415828347206 0.04106488451361656 0.01389821246266365 -0.005711160600185394 -0.034898072481155396 -2.1772618837508272e-39 0.0428001843392849 -1.882645888118856e-39 0.006363005377352238 -0.010087238624691963 0.025386296212673187 0.01710640639066696 0.06689923256635666 -2.890315409919439e-39 -0.01572093367576599 0.0005583795718848705 -0.039606157690286636 0.01663663610816002 -0.04573890566825867 -0.02729404903948307 -0.048379212617874146 6.673028128665637e-39 -0.05216159671545029 -0.03261811286211014 -0.065031997859478 -0.019724342972040176 0.06017747521400452 -0.01445001270622015 0.035498879849910736 1.7175603173352137e-39 0.13017694652080536 -0.0482834167778492 0.0036322304513305426 -0.09107745438814163 -0.02699359692633152 -0.020805343985557556 0.01565774902701378 -4.794450209988716e-39 0.08416832238435745 -0.04251409322023392 0.10951177030801773 -0.03962593153119087 -0.0053586289286613464 0.03268008306622505 0.001718224142678082 -0.013213805854320526 0.02489207498729229 0.05832765996456146 0.002915784949436784 0.02016177400946617 -0.053806230425834656 0.008439840748906136 -0.03914163261651993 -0.03965061530470848 0.08162644505500793 0.10293172299861908 -0.025772515684366226 -0.046499691903591156 -0.02448807656764984 0.03201112896203995 -0.053274016827344894 0.04858863726258278 0.04584544152021408 0.01407553255558014 -0.048370361328125 0.07253406941890717 0.00011844297841889784 0.04154948145151138 -0.001137905870564282 0.02724166214466095 0.010082785040140152 0.0006733588525094092 0.06914182752370834 -0.05147658288478851 0.046597011387348175 -0.012481202371418476 0.05325183644890785 0.07804392278194427 -0.033714793622493744 0.06304311007261276 0.014919530600309372 0.022490298375487328 0.045335546135902405 0.00500276917591691 -0.018413327634334564 -0.018928997218608856 0.07687968015670776 0.03773879259824753 -0.05410202592611313 -0.02093328721821308 0.04332452639937401 0.020455773919820786 -0.02106574922800064 0.07940052449703217 0.03474762290716171 -0.047336023300886154 -0.014392348937690258 -0.045097146183252335 -0.023009201511740685 0.01787130907177925 0.07963170111179352 0.044375158846378326 0.019933324307203293 -0.03103279322385788 0.030367698520421982 -0.03803631663322449 0.06961076706647873 -0.04808150604367256 0.029188066720962524 4.585317624575952e-39 0.05087297782301903 6.424465807063701e-39 0.016347229480743408 0.041129220277071 -0.012110297568142414 -0.03615690395236015 0.039095621556043625 2.669596888803637e-39 -0.049117960035800934 0.03535645827651024 0.015769483521580696 -0.004713088274002075 -0.020201805979013443 0.06648178398609161 0.13833549618721008 -3.1982927864087473e-39 -0.04398129880428314 0.020445765927433968 -0.01015416905283928 -0.009082254022359848 -0.22826844453811646 0.02358100190758705 0.048729512840509415 3.532608968833505e-39 -0.021631082519888878 -0.03765849024057388 -0.030381564050912857 -0.015059773810207844 -0.023955082520842552 -0.08761665225028992 0.04925066605210304 -2.4201699660492126e-39 -0.08989134430885315 -0.24100397527217865 -0.005648835562169552 -0.027046097442507744 -0.02486414834856987 -0.021016079932451248 0.06771925836801529 0.10344398766756058 0.03919866308569908 -0.023133179172873497 0.01732451468706131 0.04412220045924187 0.06178116053342819 -0.04743987321853638 -0.02739245817065239 -0.04006391018629074 0.002317993901669979 0.05200402811169624 -0.08094047009944916 -0.0007566973217763007 -0.02083340659737587 -0.0003312666085548699 -0.06386260688304901 -0.06727273017168045 0.022356485947966576 0.009833262301981449 0.039175305515527725 0.03059658594429493 0.03594737499952316 -0.050774987787008286 -0.00926548894494772 -0.003218865254893899 0.010830170474946499 -0.007518509402871132 0.07687930762767792 0.015811311081051826 -0.020706573501229286 0.014263547025620937 0.07485878467559814 0.018027998507022858 -0.09864973276853561 0.05451253056526184 -0.024379996582865715 0.03453322872519493 -0.0014707408845424652 0.0012326824944466352 0.04698941111564636 0.020368553698062897 0.04426145926117897 0.029431670904159546 -0.008279642090201378 0.0012118569575250149 0.08027811348438263 -0.045710738748311996 0.005932502914220095 0.036291103810071945 0.05448848009109497 -0.009324992075562477 -0.059199441224336624 0.01736362837255001 0.026640189811587334 0.011164319701492786 0.023140624165534973 0.02516891434788704 2.910592593252659e-05 -0.06785415858030319 0.0026208283379673958 0.006922577973455191 -0.03843976557254791 0.004979999270290136 0.0324423722922802 1.2768967918559171e-39 0.01792779751121998 -3.927584559181955e-39 -0.03287561610341072 -0.05149803310632706 0.04099954292178154 0.005554406438022852 -0.007270855363458395 -5.833583086208784e-39 0.06987389922142029 -0.019499685615301132 0.05303267762064934 -0.04982095584273338 -0.04933308809995651 0.019380854442715645 -0.047810107469558716 2.806582221482174e-39 -0.08518189936876297 0.011299600824713707 0.004554957151412964 -0.006959803402423859 -0.0836605653166771 0.04219408705830574 0.0007392996340058744 2.1680954299762929e-38 -0.01630622148513794 -0.03708491101861 -0.01148129627108574 0.00096846092492342 0.015480143949389458 -0.07092367857694626 0.02124015986919403 -5.2576718381467137e-39 0.25020846724510193 0.058159224689006805 0.09484199434518814 0.022678781300783157 0.04674477130174637 -0.006033116951584816 0.0356246680021286 0.00897027738392353 -0.04310518875718117 0.09025713056325912 -0.04019657149910927 0.011066337116062641 0.015891218557953835 0.01894184947013855 -0.04917001351714134 0.006436915602535009 0.04127974435687065 0.03165866807103157 0.02250763215124607 0.06813479214906693 0.010164054110646248 -0.046103231608867645 0.032912783324718475 -0.0331481508910656 0.03769291192293167 0.04022109881043434 -0.054820120334625244 -0.064304880797863 -0.0035463115200400352 0.08995600044727325 0.005515244323760271 -0.066377192735672 0.09409396350383759 0.0869947150349617 0.0036057359538972378 -0.029155034571886063 -0.04900196194648743 0.0815778523683548 0.06161053106188774 -0.046380143612623215 0.03049582429230213 -0.05837732180953026 0.08115340024232864 -0.041460830718278885 0.09310150146484375 0.08073727786540985 -0.06948583573102951 0.0586216114461422 0.058213379234075546 -0.045865435153245926 -0.045176420360803604 -0.02166597545146942 0.00440946314483881 0.05588427186012268 0.065547414124012 0.06195588409900665 0.08300134539604187 0.07825131714344025 -0.03186862915754318 -0.0654313862323761 0.07679611444473267 0.1099291443824768 0.09186691790819168 0.03722582012414932 0.08512433618307114 0.033930689096450806 -0.019611768424510956 -0.01317464467138052 0.06671100854873657 -0.051148414611816406 0.06194343417882919 1.0204255417213318e-39 0.08892235159873962 -5.6992420037324284e-39 0.01101062260568142 -0.04520118236541748 0.039068691432476044 0.0644083321094513 -0.031740132719278336 -5.2011686814682084e-39 0.011068953201174736 -0.07774483412504196 0.05583087354898453 0.03806512430310249 -0.01848391629755497 0.019168967381119728 0.04175279289484024 -1.7862267446840584e-39 0.01632976345717907 -0.013666505925357342 0.024827221408486366 0.004561832174658775 -0.03653103485703468 -0.012762720696628094 0.004033469595015049 3.90604239788989e-39 -0.01539645716547966 -0.07970573008060455 -0.021730346605181694 0.03508768975734711 -0.03689979761838913 -0.023023374378681183 -0.06490200012922287 -4.749862294152365e-39 -0.4626416563987732 0.15223099291324615 -0.039355430752038956 0.17324568331241608 -0.07065549492835999 0.07863925397396088 -0.08127585053443909 -0.022463690489530563 -0.0504007562994957 0.02128598839044571 0.0020001246593892574 -0.06317315995693207 0.07196134328842163 0.0036326092667877674 0.044943735003471375 0.01126084104180336 -0.016433265060186386 0.013547996059060097 0.09232810884714127 0.034036457538604736 -0.08934822678565979 0.007021264638751745 -0.05228983983397484 0.01947404444217682 -0.08887245506048203 -0.04447498917579651 0.07956746220588684 -0.09385155886411667 -0.049494244158267975 0.028260715305805206 0.011152777820825577 -0.03792458400130272 -0.07100184261798859 -0.03711336478590965 -0.0208294577896595 -0.05609594285488129 -0.0037492255214601755 0.07171384990215302 0.0239944439381361 0.0031227630097419024 0.04049592465162277 -0.07724402099847794 0.03612390160560608 0.039032451808452606 0.05491752550005913 0.032834071666002274 -0.06714202463626862 -0.02136867307126522 -0.054154686629772186 -0.05652613565325737 0.016352221369743347 0.06629789620637894 0.055456921458244324 0.04265376552939415 -0.0687532052397728 0.02767116390168667 0.06380972266197205 0.042192716151475906 -0.03467853367328644 0.018986796960234642 0.03875959664583206 0.05856522172689438 0.050521329045295715 0.009755568578839302 0.05306287482380867 0.011475828476250172 0.0033282784279435873 0.03762667253613472 0.04339401423931122 -0.012994841672480106 -0.07834892719984055 -5.672436565408359e-39 0.03099990077316761 4.999034180586282e-40 0.030841005966067314 -0.03860579431056976 0.01473936252295971 0.05800437554717064 -0.03648959472775459 1.6138614283782486e-38 -0.023191258311271667 -0.008911477401852608 0.04621129855513573 0.04981046915054321 -0.09824541956186295 -0.04946018382906914 -0.018711501732468605 -5.515816238647703e-39 -0.07517267763614655 0.010670656338334084 -0.032327208667993546 -0.10787194967269897 -0.03828742355108261 -0.0008853034814819694 -0.03766060248017311 5.726966693849095e-40 0.001777274301275611 5.795179458800703e-05 -0.03198041766881943 -0.011859029531478882 0.049598488956689835 -0.013264983892440796 0.04310585930943489 6.855735027638164e-39 0.1285123974084854 0.0034736748784780502 -0.032989501953125 -0.01613914966583252 -0.028922108933329582 -0.1271035224199295 -0.05730494484305382 -0.026499377563595772 0.031647421419620514 0.04877485707402229 0.09354744106531143 0.03975608944892883 -0.019107457250356674 -0.07749556005001068 0.06034668907523155 0.042507775127887726 0.0659472644329071 0.01663479208946228 -0.015744702890515327 0.004429080057889223 0.03166332468390465 0.04993748664855957 0.04733417555689812 -0.044877078384160995 -0.014891364611685276 0.09128227829933167 0.007038791663944721 0.05854780226945877 -0.061149511486291885 0.07169985771179199 -0.03568733483552933 0.03275495022535324 0.04001415893435478 0.06035833805799484 0.028678566217422485 -0.03511398285627365 -0.004310437478125095 -0.02272500842809677 -0.05804334953427315 -0.055868152529001236 -0.014158806763589382 -0.06601302325725555 -0.042059849947690964 0.030103301629424095 -0.06909023970365524 -0.020314719527959824 -0.026635518297553062 0.08168283849954605 0.09627916663885117 0.015678366646170616 0.10517223179340363 0.007147715426981449 -0.002544799819588661 -0.07447071373462677 -0.016364827752113342 -0.05780148133635521 0.001990575809031725 -0.0998421236872673 -0.009857716038823128 -0.027406366541981697 0.019516006112098694 -0.061198264360427856 -0.06808090955018997 0.037122517824172974 0.07171090692281723 0.04199691861867905 -0.04018160700798035 0.09261276572942734 -0.04101574420928955 -0.054785843938589096 -0.0001901463547255844 -1.8205151168076223e-39 -0.06495624035596848 -4.7864277762804566e-39 -0.053500186651945114 -0.03902696818113327 -0.025126159191131592 -0.024724164977669716 0.011269817128777504 -3.836668314816561e-39 0.02870490401983261 -0.007769960910081863 0.03713439404964447 -0.016371795907616615 -0.010664335452020168 -0.04552694410085678 0.04868929460644722 2.360805357906556e-39 -0.029582452028989792 0.05027097091078758 0.006545878481119871 -0.05739689990878105 0.031047863885760307 -0.08145448565483093 0.04299810156226158 -6.990904277506936e-39 -0.004842755384743214 -0.02018733136355877 -0.03802948445081711 -0.05306685343384743 0.016669176518917084 -0.014315876178443432 -0.0852074921131134 -3.636735253822089e-39 0.21117861568927765 -0.018172254785895348 0.008535371161997318 -0.02498861588537693 0.019381610676646233 0.0316426157951355 0.04440467804670334 0.056247275322675705 0.03653990477323532 -0.039293836802244186 0.024485576897859573 0.031349051743745804 0.04167064651846886 0.024957017973065376 -0.07495064288377762 -0.06368902325630188 -0.06375305354595184 -0.044807516038417816 0.09499957412481308 0.04804210364818573 0.05252959579229355 -0.006211673840880394 -0.053666505962610245 0.058737631887197495 0.08238288760185242 -0.0657007247209549 -0.041732512414455414 0.048158012330532074 0.059927329421043396 -0.060717012733221054 0.09052489697933197 -0.04478955641388893 0.04801943898200989 0.002460452960804105 0.03399823606014252 -0.04404711350798607 -0.0649968758225441 0.08422821760177612 -0.019199565052986145 0.07580459862947464 -0.01179536897689104 -0.04827979579567909 0.09657511115074158 0.10595543682575226 0.05104956030845642 0.07539404928684235 0.0512520968914032 0.07813112437725067 0.026878030970692635 0.036991965025663376 0.0958874300122261 0.07875345647335052 0.07679395377635956 -0.05163866654038429 0.021972255781292915 -0.053856004029512405 -0.01452535018324852 -0.06267797946929932 0.09321938455104828 -0.04045288637280464 -0.052311647683382034 0.036381762474775314 -0.03548063710331917 -0.055063772946596146 0.08709597587585449 -0.05072483420372009 0.0982901081442833 0.04011135175824165 -0.04054674133658409 0.048006463795900345 -0.00833395216614008 1.8106090577036173e-38 0.05728492885828018 -5.7632294955088925e-39 0.062504842877388 -0.002277027815580368 -0.0014401969965547323 0.00901260320097208 0.05802979692816734 -5.778534477336248e-40 -0.05531909689307213 0.05566512793302536 0.012915021739900112 0.002673870651051402 -0.016706842929124832 0.028474044054746628 0.029483959078788757 1.2049821546667675e-39 -0.05882970243692398 0.025943590328097343 -0.045720625668764114 -0.0655134990811348 0.013626032508909702 0.06452558189630508 -0.06898277997970581 3.034860747813008e-39 -0.0096223009750247 -0.0412554107606411 -0.03359308838844299 -0.044760074466466904 -0.0290679968893528 0.04706326127052307 -0.05223141983151436 4.569342822082649e-39 0.20505820214748383 0.00011959737457800657 0.029819181188941002 0.01755906082689762 -0.07081154733896255 0.04212972894310951 0.045085810124874115 0.008353009819984436 -0.046700336039066315 0.08257489651441574 -0.0179462730884552 0.03531152755022049 0.03230353444814682 -0.07757294923067093 0.017792267724871635 -0.00016035226872190833 0.0026675357948988676 0.018273549154400826 0.04974053427577019 -0.015557247214019299 -0.07973483204841614 -0.0680353045463562 0.03778262436389923 0.06475856155157089 0.07564789056777954 -0.05238980054855347 0.03601306676864624 -0.006721874698996544 0.06811556220054626 0.05584682524204254 0.0385972335934639 0.04908669739961624 0.013968592509627342 0.006966500077396631 0.021956492215394974 -0.03191138431429863 0.07625270634889603 0.0655120462179184 -0.07237512618303299 -0.026147833094000816 0.01112375408411026 0.06896881014108658 0.07765968143939972 -0.03838216885924339 -0.01293997187167406 -0.0035029698628932238 -0.049497298896312714 -0.028098788112401962 -0.031159628182649612 -0.01823435351252556 0.04385973885655403 -0.00853527057915926 0.03871985524892807 0.018885932862758636 -0.012569182552397251 -0.0653536394238472 -0.001750176539644599 0.03925194963812828 -0.01739528216421604 -0.01645912416279316 0.026783017441630363 0.031828489154577255 -0.03457249701023102 0.07867515087127686 -0.03851914778351784 0.06895674765110016 0.061556462198495865 0.026972992345690727 0.018575841560959816 0.04097649082541466 0.024222344160079956 5.555812099416462e-39 0.005622612312436104 3.330971928906414e-39 0.014650706201791763 0.026264123618602753 0.007975843735039234 -0.08649547398090363 -0.1611507683992386 8.451861622651918e-40 -0.04818330332636833 0.011683406308293343 -0.07328609377145767 -0.02244514599442482 0.022642331197857857 0.07807781547307968 0.06969951093196869 -8.999194789832548e-40 0.03277770057320595 0.008595740422606468 -0.019978078082203865 0.004899993538856506 -0.04144398123025894 0.06180364638566971 -0.0033354777842760086 3.542886091770863e-39 0.06952763348817825 0.02408965490758419 -0.011260534636676311 -0.05032888799905777 0.08210208266973495 -0.13709209859371185 -0.02871387079358101 -1.756324436753831e-39 0.15963350236415863 -0.017504574730992317 0.019834119826555252 -0.0727488324046135 0.009704695083200932 -0.14675144851207733 0.0608706921339035 -0.007810328155755997 0.023851970210671425 -0.07341326028108597 0.000672687659971416 0.017282094806432724 -0.030509261414408684 0.033460430800914764 0.0024036166723817587 0.051701948046684265 0.026838868856430054 -0.052632950246334076 0.0888981744647026 -0.06121331453323364 -0.014556403271853924 -0.020057430490851402 0.001618783688172698 -0.08137515932321548 -0.0168893001973629 -0.06270963698625565 0.03169216588139534 0.06823991984128952 0.011614900082349777 -0.04786166921257973 -0.02455279231071472 0.07025857269763947 0.013373637571930885 0.06266278773546219 -0.04203641042113304 0.05949334055185318 0.00878711324185133 -0.0625506266951561 -0.055324941873550415 0.044955138117074966 -0.037814345210790634 0.05896551534533501 -0.05093631520867348 0.08068853616714478 0.041314754635095596 0.011027340777218342 0.05007915198802948 0.05344098061323166 0.06402627378702164 -0.08819504827260971 -0.024542246013879776 0.023442760109901428 -0.03605042025446892 0.018917951732873917 -0.01863260753452778 -0.08784275501966476 -0.05733116716146469 -0.016910526901483536 0.030234357342123985 0.04676879569888115 0.04465655982494354 0.022763893008232117 0.06279715895652771 -0.01112654060125351 -0.0701000764966011 -0.048150841146707535 -0.017697026953101158 0.09738841652870178 0.023973533883690834 -0.02331126667559147 0.01934134028851986 -3.096059375385773e-38 -0.04678495228290558 -4.49761315629079e-39 -0.004943587351590395 -0.0649838000535965 0.013825051486492157 -0.007553930394351482 0.004827976226806641 8.30238511546239e-40 0.10256200283765793 -0.0610337071120739 0.015437615104019642 0.0023685258347541094 -0.011300093494355679 0.03617139905691147 -0.014125607907772064 3.8621663416734154e-39 0.019067399203777313 0.006813862826675177 -0.09433270990848541 -0.09602369368076324 -0.016870874911546707 -0.0037388841155916452 -0.007873945869505405 4.305363414776211e-39 0.09729047864675522 -0.05294390022754669 0.05106234923005104 -0.05510867014527321 -0.05587887763977051 -0.02660108357667923 -0.04303887113928795 3.9457481898765334e-40 0.12073361128568649 0.03367402032017708 -0.01590569131076336 -0.0772046372294426 -0.025951232761144638 -0.0014213086105883121 -0.004567370284348726 0.040664225816726685 0.0023708001244813204 0.037595443427562714 -0.05006852000951767 0.018670694902539253 0.03724823519587517 0.016561679542064667 0.04884891211986542 -0.035873137414455414 0.05194134637713432 -0.06924139708280563 -0.04849782958626747 -0.04232461005449295 -0.045772358775138855 -0.026271723210811615 0.04529769718647003 -0.02568349428474903 -0.041504159569740295 -0.008278283290565014 -0.01591627113521099 -0.03173164278268814 -0.04046241566538811 0.01780303567647934 0.00752127543091774 0.037603702396154404 0.020034687593579292 0.04995310679078102 -0.03829875588417053 -0.024829836562275887 -0.005982034839689732 -0.052975479513406754 -0.04467529058456421 0.05078548565506935 0.017325306311249733 0.02852277085185051 -0.022681323811411858 -0.06160149350762367 -0.0671401396393776 -0.022204140201210976 -0.054826341569423676 0.026764821261167526 -0.007189807016402483 -0.03291749581694603 -0.0036097264382988214 0.05814356729388237 -0.03339787572622299 0.03264434263110161 0.02948175184428692 -0.015720579773187637 -0.003513172036036849 0.08855368196964264 0.017963679507374763 -0.05979529023170471 0.012166510336101055 -0.012732998467981815 0.027587667107582092 -0.03307570517063141 0.0754530131816864 0.08676537126302719 0.10218816250562668 0.0007288087508641183 -0.01550736278295517 -0.03906404972076416 0.04832853376865387 -4.8291926028147214e-39 0.019893089309334755 6.369181780049159e-39 0.043603427708148956 0.017109742388129234 -0.010201442055404186 -0.08743087202310562 -0.03479449450969696 5.7139500324139817e-39 -0.1318499743938446 0.05018972232937813 -0.08952395617961884 -0.0028435271233320236 0.023116685450077057 0.07811491191387177 -0.06340469419956207 6.046394080090401e-39 0.024264859035611153 -0.03065638244152069 0.0029232597444206476 -0.002805729629471898 0.0035770011600106955 0.00218874285928905 -0.054160770028829575 2.5772849511677755e-39 0.049698710441589355 0.04531680792570114 -0.040634941309690475 -0.08047843724489212 -0.07667043805122375 0.05324944853782654 0.03765803202986717 5.303249070698878e-39 0.20829792320728302 0.05824245512485504 0.022109033539891243 -0.01675015687942505 0.004136767238378525 -0.014355023391544819 0.07989828288555145 0.0777316763997078 -0.060509856790304184 0.07367701828479767 -0.03610411658883095 -0.017784925177693367 -0.027524759992957115 0.007937204092741013 -0.06384395062923431 0.03875989094376564 0.08786211162805557 -0.025551622733473778 0.04342372342944145 -0.015385910868644714 -0.003970592748373747 -0.05525635555386543 0.007412097416818142 -0.01573551818728447 -0.009877612814307213 0.03036509081721306 0.050622276961803436 -0.058723658323287964 0.05016607791185379 0.02672906033694744 0.042811017483472824 0.008994948118925095 -0.063458152115345 0.034110717475414276 -0.034544143825769424 0.07332314550876617 0.0024531343951821327 0.02874147705733776 0.019756199792027473 -0.03524414449930191 -0.047429583966732025 0.05255286768078804 -0.0054841418750584126 0.004351289942860603 -0.04777391627430916 -0.03472422435879707 -0.03018028661608696 0.09869460761547089 -0.055597368627786636 -0.0399809405207634 -0.054452817887067795 0.018151719123125076 -0.017797764390707016 -0.020755834877490997 -0.02789153717458248 -0.061744917184114456 0.07668288797140121 -0.02002531848847866 0.0019406070932745934 0.08313523977994919 0.011720479466021061 0.05715475603938103 0.006015621591359377 -0.02211603708565235 -0.0013813360128551722 0.02670908533036709 0.002449890598654747 -0.03695392236113548 0.007891976274549961 -0.061238065361976624 0.06541461497545242 1.0850210288754972e-37 0.03768898546695709 -5.319610631568335e-39 -0.03767722100019455 -0.025216590613126755 -0.06418317556381226 -0.03466639667749405 -0.09067583829164505 1.5234063513374637e-38 -0.04947772994637489 -0.04433006793260574 -0.008372576907277107 0.09109889715909958 0.02902458794414997 0.0805855244398117 0.057952459901571274 8.192102926320027e-40 0.0069265468046069145 -0.06729854643344879 -0.04339175671339035 -0.08535058051347733 0.027202183380723 0.08985833823680878 -0.04557576775550842 -3.851453414913652e-39 0.04429273679852486 -0.07106233388185501 0.026159347966313362 -0.02492471970617771 -0.008961868472397327 0.03724336624145508 -0.009715254418551922 4.750422813538095e-39 0.24553996324539185 0.015486718155443668 0.09418999403715134 -0.14466580748558044 0.053401123732328415 -0.06311916559934616 0.0546371191740036 0.0285918228328228 0.06437614560127258 -0.05143008381128311 0.005502378102391958 0.014823413453996181 0.054809555411338806 0.0017428651917725801 -0.03725836053490639 0.05797896906733513 -0.03573167324066162 0.01591428741812706 -0.02708401530981064 -0.06084072217345238 0.0884464755654335 0.09866557270288467 -0.08131192624568939 0.06517822295427322 0.0958917960524559 0.01509862020611763 0.07390674203634262 0.022736987099051476 -0.0465596504509449 -0.09781607240438461 0.059703897684812546 -0.0483279712498188 -0.04573677107691765 -0.062526173889637 0.07100509852170944 0.013222967274487019 -0.09727942943572998 -0.04760683327913284 -0.028874153271317482 0.02537083625793457 0.009860280901193619 0.018553832545876503 0.08324745297431946 0.03537118434906006 0.0006590086268261075 0.07176392525434494 -0.062434688210487366 -0.0719873458147049 -0.06936876475811005 -0.09197249263525009 -0.0377480685710907 0.05165853351354599 -0.031130073592066765 0.041166339069604874 0.10041231662034988 0.08953739702701569 -0.04676204174757004 -0.08407315611839294 -0.0696130320429802 0.09389958530664444 0.013182937167584896 -0.07646739482879639 -0.034497104585170746 -0.024586152285337448 -0.018648212775588036 0.07884442061185837 -0.038204044103622437 0.04713030532002449 -0.09618881344795227 -0.0417185053229332 0.039047300815582275 1.0393724982574676e-39 0.013492977246642113 6.032368483760974e-39 0.04535957798361778 -0.05143037438392639 -0.03816581889986992 0.018269049003720284 -0.0400845892727375 -5.3311152919604416e-39 0.00828753225505352 -0.011396697722375393 -0.022734707221388817 0.08263374865055084 0.02322997711598873 0.018637340515851974 0.008451194502413273 -4.30552568513838e-38 -0.031097333878278732 0.026060158386826515 -0.08839242160320282 -0.019651232287287712 0.04279816895723343 -0.027803294360637665 0.01287887990474701 2.3336061547140114e-39 0.05953636392951012 -0.006196590606123209 0.0006765265134163201 -0.07461557537317276 0.014364638365805149 0.04112052172422409 0.01607193984091282 4.016464716878685e-39 0.2882014513015747 0.022181261330842972 0.022336415946483612 0.01194430235773325 -0.021952159702777863 -0.084689661860466 -0.004169344902038574 0.07679896801710129 0.05041525512933731 0.08555921912193298 0.034765344113111496 -0.0767810270190239 -0.06375991553068161 -0.07471846044063568 0.006123342551290989 0.06618999689817429 0.03681320324540138 -0.07751832157373428 -0.052041955292224884 -0.07738824933767319 -0.058999545872211456 0.06849659979343414 0.07913312315940857 0.06032006815075874 0.019650159403681755 -0.05788591876626015 0.0654546469449997 -0.05523284524679184 -0.06776655465364456 -0.013827107846736908 0.09127239137887955 0.08290360122919083 -0.06357252597808838 0.09362389147281647 0.07858391106128693 -0.07637342810630798 0.07341241091489792 0.07036350667476654 0.06616028398275375 0.10623615980148315 0.08945778012275696 -0.020894112065434456 0.08157237619161606 -0.08770810812711716 0.08764582872390747 0.07529059052467346 -0.07664704322814941 -0.08111952245235443 -0.0551997609436512 -0.08282289654016495 -0.07460428774356842 0.09192229807376862 0.0969243198633194 -0.08440960198640823 -0.07776428759098053 0.08087445050477982 0.05383755639195442 0.06379029154777527 0.0851391926407814 -0.07070410996675491 -0.07763584703207016 -0.061764106154441833 0.0844263955950737 0.01363466214388609 0.049507997930049896 0.08746276050806046 0.06331031024456024 0.022709278389811516 -0.06591486185789108 0.05607958137989044 0.09202248603105545 3.339829536499411e-39 5.560320278163999e-05 -2.0171192531702442e-38 0.02843940071761608 -0.009087314829230309 -0.008334328420460224 0.17215584218502045 -0.006298172287642956 -4.019564389081772e-39 0.04936360567808151 -0.03312264382839203 0.0032360556069761515 0.06576906144618988 0.017346464097499847 -0.021626610308885574 -0.026157034561038017 5.452273519003815e-38 -0.0034312664065510035 -0.027117909863591194 -0.048545386642217636 0.005224194377660751 -0.015164881944656372 -0.014579852111637592 0.04023624584078789 3.573114902243278e-40 -0.031382255256175995 0.0559767410159111 0.004000480752438307 -0.021390512585639954 -7.60912662371993e-05 -0.08473405241966248 0.03306033834815025 5.001894230751969e-39 0.22620195150375366 0.03565547615289688 -0.045598868280649185 -0.10421492159366608 0.005187598522752523 -0.11613830178976059 0.05256759375333786 0.04896015301346779 0.07017389684915543 -0.06581644713878632 0.05401673913002014 -0.01947220414876938 -0.03937442973256111 0.023862475529313087 0.040475692600011826 0.027568165212869644 -0.07952337712049484 0.003742639906704426 0.004612415097653866 -0.0071228682063519955 0.007483434397727251 0.06269548833370209 0.013345060870051384 -0.05864107981324196 0.05504296347498894 -0.016950733959674835 -0.006120836827903986 0.019954755902290344 0.041171032935380936 0.0511494055390358 0.004613439552485943 0.0007120578666217625 -0.017792250961065292 -0.023678772151470184 -0.05054432898759842 -0.04785771295428276 -0.05119699984788895 0.004034301266074181 0.063022181391716 0.021424058824777603 0.048188164830207825 -0.050384458154439926 0.022093722596764565 0.036780912429094315 -0.03919085115194321 -0.07258354872465134 -0.047929905354976654 0.014931624755263329 -0.011652790941298008 0.022105293348431587 -0.012406257912516594 0.026508133858442307 0.0314849428832531 0.046588391065597534 0.010215412825345993 0.05963992327451706 0.0536084845662117 0.0586959607899189 0.02063608169555664 -0.03381941840052605 -0.013198166154325008 -0.011819891631603241 -0.0038683745078742504 0.008690006099641323 -0.02711835876107216 0.036831144243478775 -0.03274618461728096 -0.07311476767063141 -0.03872455656528473 -0.07373982667922974 0.004871274344623089 6.073901568945097e-39 0.0083778640255332 3.880653672313253e-39 -0.03839227184653282 -0.013000366277992725 -0.0957222729921341 0.04200925678014755 -0.0278323981910944 -2.7197970049896094e-39 -0.017065297812223434 0.009818200953304768 -0.02178395539522171 -0.0036719946656376123 -0.02274901233613491 0.011856037192046642 -0.0014257488073781133 5.184929033565148e-39 0.031800687313079834 0.026430778205394745 0.009645029902458191 -0.04404502734541893 0.014119799248874187 0.037569884210824966 -0.00624844478443265 -2.2039888493608945e-39 -0.04745340347290039 -0.010748153552412987 -0.0627269446849823 -0.021306753158569336 -0.04451201856136322 0.02849404141306877 0.012495684437453747 4.798289767780966e-39 0.1668820083141327 0.003254438517615199 0.014909583143889904 -0.0061383056454360485 -0.009798048995435238 -0.0017862421227619052 0.006855815649032593 -0.027415497228503227 0.04179132729768753 0.006924112793058157 -0.03469312563538551 0.0521986149251461 0.01284822728484869 0.0648537203669548 0.04364854097366333 0.04465154930949211 0.023308439180254936 0.028199167922139168 -0.024738864973187447 0.03915456682443619 0.05785149335861206 0.05036800727248192 -0.0012304943520575762 -0.02764737233519554 0.03772227466106415 0.05539945513010025 -0.026843013241887093 -0.02285323478281498 0.03918225318193436 0.019265202805399895 0.030217107385396957 0.036573875695466995 -0.025394614785909653 0.03311429172754288 -0.0016561634838581085 -0.018539035692811012 0.05808262899518013 0.011055231094360352 0.0004591728502418846 0.03599195182323456 0.04288870468735695 0.05781383812427521 -0.00794095266610384 0.00800265185534954 -0.014608519151806831 0.017358941957354546 0.05823933705687523 -0.019139381125569344 0.043627914041280746 -0.004341539461165667 0.02890702523291111 -0.03258581459522247 0.05397844687104225 -0.027291201055049896 0.07175308465957642 0.017190732061862946 -0.034375403076410294 0.06853901594877243 -0.032656967639923096 -0.01785866543650627 -0.011864656582474709 0.0011002052342519164 0.02763388864696026 -0.010662452317774296 0.012410958297550678 -0.021033968776464462 -0.006995828822255135 0.007039913907647133 -0.013870567083358765 0.02697340026497841 -0.02211306244134903 -9.064485208921142e-38 -0.04399687424302101 5.632730773421715e-39 -0.030887112021446228 0.006463692989200354 -0.01403004676103592 0.10484537482261658 0.09919695556163788 -2.2812662557730151e-38 0.0394648052752018 0.029332907870411873 -0.014103197492659092 0.004379732999950647 -0.04456507787108421 -0.04393627867102623 -0.016288939863443375 -1.4843155892468122e-39 0.03363854065537453 0.019619649276137352 -0.019746694713830948 -0.08992937207221985 -0.00861088465899229 -0.018179655075073242 -0.013418414629995823 4.644865802817435e-39 0.01881835237145424 0.0067517408169806 -0.017437873408198357 -0.04024078696966171 -0.02260627970099449 -0.011309372261166573 -0.05040524899959564 -3.804458068315591e-39 0.1308283507823944 -0.07635538280010223 0.11452498286962509 -0.0017695326823741198 0.0026506700087338686 0.07087548077106476 0.04149510711431503 -0.04382775351405144 -0.050632964819669724 0.00104693160392344 -0.047892194241285324 -0.06670298427343369 0.05570113658905029 0.08465290814638138 0.030973123386502266 0.008383447304368019 0.04706638678908348 0.048430297523736954 0.08864197880029678 0.089263416826725 -0.018544510006904602 -0.004438037518411875 0.042499858886003494 -0.04705306515097618 0.08060629665851593 -0.07345601171255112 -0.04470841959118843 0.07101979851722717 -0.0447126142680645 0.06057027354836464 0.035993270576000214 -0.020350033417344093 0.09574392437934875 -0.05370616912841797 0.10499441623687744 0.06935462355613708 0.05705418810248375 0.04060524329543114 0.06761328130960464 0.08644764125347137 0.08234710246324539 -0.035962529480457306 -0.05795518308877945 0.0746522769331932 0.09332593530416489 -0.06437832862138748 -0.05338368937373161 0.0808820128440857 -0.004564814735203981 0.05798368901014328 0.09722248464822769 -0.06447117775678635 0.07195096462965012 -0.05432553589344025 -0.027512328699231148 -0.05093882232904434 -0.02672695368528366 0.0016792725073173642 -0.01748284138739109 -0.00026227717171423137 -0.0609511099755764 0.08129411935806274 0.06391993165016174 0.041205961257219315 0.013247868977487087 -0.049962300807237625 0.048230450600385666 0.03940872848033905 0.011203659698367119 0.056685514748096466 0.02645566314458847 -6.102443216066465e-39 0.0016879148315638304 -5.92466188119604e-39 -0.04178807511925697 0.028748663142323494 0.08217776566743851 -0.015573067590594292 -0.028270987793803215 8.647272693502014e-41 0.002701454795897007 0.03856988251209259 0.031287770718336105 0.038395121693611145 -0.06726355850696564 0.026624610647559166 -0.02581746317446232 2.5183379299674877e-39 -0.0031963996589183807 0.02154780551791191 -0.0007203441928140819 0.05444544181227684 -0.011081290431320667 0.07756568491458893 0.025883223861455917 -6.139514566940178e-39 0.06460636109113693 -0.019250240176916122 0.035594843327999115 0.04372914880514145 -0.012006997130811214 0.01343182660639286 0.040501952171325684 -7.738320444617721e-40 0.17016565799713135 -0.02191641740500927 0.016326945275068283 0.06560108065605164 -0.0910225659608841 -0.1064600870013237 0.060409512370824814 -0.05590715631842613 -0.039578281342983246 0.025091618299484253 0.04188309237360954 -0.06238376349210739 0.041174039244651794 0.056405432522296906 -0.08205384016036987 0.034579936414957047 -0.0016816502902656794 -0.029600923880934715 0.043810468167066574 0.03369102254509926 0.055312514305114746 -0.04307502880692482 0.030083103105425835 -0.019666461274027824 -0.03890528529882431 0.09974352270364761 0.05963877961039543 -0.004889676347374916 -0.012681951746344566 -0.015547116287052631 0.017962170764803886 -0.03623287007212639 -0.004140161909162998 -0.021018588915467262 -0.033223915845155716 -0.0486193485558033 0.08883489668369293 0.01860714890062809 -0.02705371379852295 -0.00968081597238779 -0.007089017424732447 -0.0367564857006073 0.02362990938127041 0.04223044961690903 -0.03863626718521118 0.08901654928922653 0.03757824748754501 0.05221536010503769 0.04325081780552864 0.01685686968266964 0.0356462262570858 -0.024383164942264557 -0.00046115691657178104 0.07749544084072113 -0.010493850335478783 -0.08147037774324417 0.09707725793123245 -0.031090639531612396 -0.06481774151325226 0.022755028679966927 0.03552911803126335 -0.06818601489067078 0.049547307193279266 0.03219929337501526 -0.01779593527317047 -0.06717613339424133 0.09122073650360107 0.08387867361307144 0.026380719617009163 -0.0004652964707929641 -0.020218195393681526 2.048971608043426e-39 -0.02269675023853779 -1.609963016050497e-39 0.0503767766058445 -0.04211314022541046 -0.03845035657286644 0.0581851564347744 0.008763730525970459 -3.1250791455431686e-39 -0.044264055788517 -0.05582527443766594 -0.026161959394812584 0.042055703699588776 0.010077827610075474 0.0019624370615929365 -0.011759505607187748 3.935357001244179e-38 -0.07896625250577927 -0.07497384399175644 0.026842117309570312 -0.007896360009908676 0.010401858948171139 -0.00045797834172844887 -0.0030932475347071886 5.3817890470273557e-39 0.02057809755206108 0.028628932312130928 -0.11676812916994095 0.045283276587724686 0.014956734143197536 0.011510996147990227 -0.03629590570926666 -2.3002118110106867e-39 0.31866326928138733 0.1468413919210434 0.022787364199757576 -0.06471581757068634 0.006154459435492754 -0.04239298403263092 0.04497968778014183 -0.0709770992398262 0.04859979823231697 -0.07437071204185486 0.05418313294649124 0.04012564197182655 0.04666268825531006 -0.07885022461414337 0.04093179479241371 0.05401964858174324 0.041667066514492035 0.0447552427649498 -0.055214304476976395 0.05877985432744026 -0.08236649632453918 0.060974836349487305 0.05351518094539642 0.05479956418275833 0.03860265761613846 0.03750229626893997 0.028714410960674286 -0.08603351563215256 0.048465050756931305 0.06416325271129608 0.046479832381010056 -0.08189596980810165 -0.0606415830552578 -0.08375786244869232 -0.07656628638505936 0.018652314320206642 0.04838699847459793 0.0526236854493618 0.06317057460546494 0.05587751045823097 0.06814540922641754 -0.06803015619516373 -0.06587330251932144 0.061715107411146164 0.05330616235733032 0.05624972656369209 0.06845427304506302 0.06447421759366989 0.06249784678220749 0.0539076067507267 -0.027538247406482697 -0.07914844900369644 -0.06793007999658585 0.04766954854130745 0.08542495965957642 -0.08253572136163712 -0.07744651287794113 -0.0846901386976242 -0.08375614881515503 0.03508055582642555 -0.09025473147630692 0.04679345712065697 -0.08570007234811783 -0.07670249789953232 0.04536277800798416 0.040595706552267075 0.04999599978327751 0.049942415207624435 -0.07904879003763199 0.04730337858200073 0.04779607802629471 -2.4042151740979803e-37 -0.0010255337692797184 6.604846550585449e-39 -0.02740427665412426 0.03965334966778755 0.07152754068374634 -0.060144007205963135 0.07708077877759933 2.5713056106205015e-39 -0.01528787612915039 -0.06740996986627579 0.016661928966641426 0.03682563453912735 0.03731533885002136 -0.013008380308747292 -0.03816959261894226 6.017181211004622e-39 0.05870577692985535 -0.003242757171392441 0.024002794176340103 0.04643460363149643 -0.014189664274454117 -0.0017373100854456425 -0.029234157875180244 -4.2107211177941774e-39 -0.03295228257775307 -0.0009570395923219621 -0.10357201844453812 0.05078408867120743 -0.07773151248693466 0.0346265584230423 0.07456378638744354 -2.524582115924519e-39 0.2958110570907593 0.02520219422876835 0.00039367855060845613 -0.012396683916449547 -0.006319786887615919 0.03723636642098427 -0.03018920123577118 0.07658277451992035 -0.07060554623603821 0.020859913900494576 -0.0053749000653624535 0.0565718375146389 0.01006572786718607 -0.002115371637046337 -0.02228638529777527 -0.015847060829401016 -0.04577629268169403 -0.011203804053366184 0.027798283845186234 0.08622359484434128 0.021789710968732834 0.06326407194137573 -0.046945568174123764 -0.030851425603032112 0.012963998131453991 0.03829622641205788 -0.06474053114652634 0.07413117587566376 -0.07351752370595932 -0.029450688511133194 -0.028901340439915657 -0.008713142946362495 -0.023854248225688934 -0.00775634590536356 0.020584922283887863 0.03822670131921768 -0.04070134088397026 -0.04971717298030853 0.0990985706448555 0.0247182659804821 0.005540210288017988 0.08492901921272278 0.03936252370476723 -0.010088582523167133 -0.010060730390250683 0.05347355827689171 -0.04594133794307709 -0.01183406077325344 0.06852301210165024 0.012722733430564404 0.03931650519371033 0.044207047671079636 0.04435672610998154 -0.06729677319526672 0.010322303511202335 -0.03452721983194351 0.03833445906639099 0.027666917070746422 -0.04515325650572777 0.044139374047517776 0.04417020455002785 0.05542679876089096 -0.018041716888546944 0.06958117336034775 -0.06340520083904266 0.02373417466878891 0.07533344626426697 0.04249837249517441 0.07131202518939972 0.06924653053283691 -0.021899834275245667 -8.483643071822805e-40 -0.02534107118844986 -5.7960086691863786e-39 0.00368799502030015 -0.014961812645196915 -0.005304682068526745 0.05263134464621544 -0.12824639678001404 1.7412310509945885e-39 0.03295231983065605 0.008156949654221535 -0.025923006236553192 0.013602913357317448 -0.04574092850089073 0.005880255717784166 0.09248527139425278 -2.286131564041151e-39 -0.07600639015436172 0.042834918946027756 -0.05438469350337982 0.03794153407216072 0.014658874832093716 -0.022555725648999214 -0.051657333970069885 2.3016159120719401e-38 0.06915285438299179 -0.03991583362221718 0.02332618087530136 -0.0037634188774973154 -0.03118852898478508 0.1245797798037529 0.008983788080513477 4.5110964501145236e-39 0.2191019207239151 0.0029415215831249952 0.011410481296479702 -0.04620802402496338 0.004297122824937105 0.09473497420549393 -0.1504187285900116 0.06375009566545486 0.0767783671617508 0.0005262616905383766 -0.02261815033853054 -0.01364084705710411 -0.042278509587049484 0.042964085936546326 0.043574169278144836 -0.06656289100646973 -0.07170245051383972 -0.022327380254864693 0.044704750180244446 -0.013451442122459412 -0.023962441831827164 0.04066545143723488 0.0019009063253179193 -0.050593052059412 -0.04949454963207245 -0.06276696175336838 0.06941772997379303 -0.034339215606451035 -0.011164823547005653 -0.04740364849567413 0.02037709206342697 0.04838491231203079 0.10383332520723343 0.078590527176857 0.07382073253393173 0.05453521013259888 0.009842921979725361 -0.08128558099269867 -0.004940977320075035 0.05732513591647148 0.00176110933534801 0.011271148920059204 -0.05675588548183441 -0.0716368779540062 0.052621372044086456 0.057856470346450806 0.04540390148758888 -0.030257100239396095 -0.014156000688672066 -0.0008417320786975324 0.03398096188902855 0.11966735869646072 -0.0360746867954731 -0.0714644342660904 -0.04315732419490814 0.06054935231804848 -0.05201372876763344 -0.041229065507650375 -0.06666559725999832 0.040356505662202835 0.02378091588616371 -0.023640165105462074 -0.021391842514276505 0.06732150167226791 -0.026375656947493553 0.024881204590201378 0.06195492297410965 0.06536298990249634 -0.030462684109807014 -0.05180002748966217 0.033591751009225845 -2.04384705955939e-39 0.025805892422795296 2.140823919782989e-39 0.026350945234298706 -0.00651377672329545 -0.0009774448117241263 -0.023388460278511047 0.04703572392463684 6.511999316936215e-39 -0.013279935345053673 0.0016127043636515737 0.001464186585508287 -0.03905133157968521 0.06102324649691582 -0.05950137600302696 0.029348429292440414 3.7818713791482176e-38 0.08796051144599915 0.012173914350569248 0.13518571853637695 0.16789112985134125 0.09778086841106415 0.014137194491922855 -0.008591423742473125 -3.4455014536941456e-39 -0.03395983576774597 -0.2695139944553375 -0.11402619630098343 -0.08253360539674759 -0.019220754504203796 0.030361825600266457 -0.027481062337756157 -4.201831280336501e-39 -0.15396763384342194 -0.30344358086586 -0.055381890386343 -0.10955610126256943 0.0288670863956213 0.06213809549808502 -0.0650763288140297 0.021168697625398636 0.02243560180068016 0.014789084903895855 0.00881206151098013 0.0017136175883933902 0.03098869137465954 0.015067060478031635 0.008319046348333359 0.02860603854060173 0.030880093574523926 -0.016011537984013557 0.05321783944964409 0.003612305037677288 -0.005736907944083214 0.013617614284157753 0.0250188410282135 -0.05245823413133621 0.01608624868094921 0.021560989320278168 0.061807870864868164 0.028486358001828194 0.016386818140745163 -0.004432754125446081 0.04955102130770683 0.01917763240635395 -0.0028770652133971453 0.03352673351764679 -0.021559273824095726 -0.010240443982183933 -0.023504383862018585 0.00862655695527792 0.06485644727945328 0.02458573691546917 -0.03766366094350815 0.021248821169137955 -0.011204124428331852 -0.019001053646206856 0.02131354995071888 0.050132982432842255 -0.12786829471588135 0.005620087496936321 -0.004118307027965784 0.03806057572364807 0.008014887571334839 0.02516217902302742 -0.0335199311375618 -0.0018805279396474361 0.007764791138470173 0.04209143668413162 0.023010609671473503 0.03562002256512642 0.0005849149310961366 -0.010065761394798756 0.0013698020484298468 0.02080000564455986 0.011135406792163849 -0.07080862671136856 0.0196446031332016 0.007468697614967823 -0.03264017403125763 0.045745112001895905 -0.08786725252866745 -0.028232933953404427 0.00882088951766491 2.4285609412535896e-39 -0.04021170362830162 -2.8310923329216793e-39 0.01570977456867695 -0.052637990564107895 0.06281266361474991 0.022923171520233154 0.05913180485367775 4.143853957673526e-39 0.012413499876856804 -0.014670015312731266 0.040451884269714355 0.041146308183670044 0.005854686256498098 -0.02916497178375721 -0.008693012408912182 -2.631981834125766e-39 -0.00048185099149122834 0.01142670027911663 -0.08693137019872665 -0.11266916245222092 -0.002822969341650605 -0.022696249186992645 0.08938947319984436 -1.3447210388277026e-39 0.09629487991333008 -0.01670111157000065 -0.0415513813495636 -0.05675974860787392 0.007090194616466761 -0.1235942468047142 0.09832791984081268 4.475315695126454e-39 0.20384106040000916 -0.015077033080160618 0.002090326976031065 -0.08808760344982147 0.022544844076037407 -0.001829040003940463 -0.09014250338077545 0.09952455013990402 0.0214057769626379 0.04194992035627365 0.006285518407821655 0.010726566426455975 0.09267118573188782 -0.01282985508441925 0.023645641282200813 0.06155332177877426 -0.027703125029802322 0.09158418327569962 0.11844465136528015 -0.05540608614683151 0.024797864258289337 0.020299682393670082 -0.055555813014507294 0.031532805413007736 0.08299340307712555 0.021972738206386566 0.025243209674954414 0.008747024461627007 -0.014423588290810585 0.06715499609708786 0.06900192052125931 0.061349865049123764 0.0665913000702858 -0.014151940122246742 0.097872294485569 -0.07073260843753815 -0.003628701204434037 0.027407635003328323 0.040721215307712555 0.07356178760528564 -0.057063788175582886 -0.03508233278989792 0.021847618743777275 0.019231712445616722 -0.009035204537212849 -0.015208370052278042 0.03346095234155655 -0.013041786849498749 0.09354142844676971 -0.05723906680941582 0.0037755812518298626 0.07320854812860489 -0.030644213780760765 -0.051315195858478546 -0.06265882402658463 0.08726824074983597 0.008863168768584728 -0.04040297493338585 -0.033246636390686035 0.06786796450614929 0.11200223118066788 0.031936049461364746 -0.048831235617399216 0.09021957218647003 -0.04315042868256569 -0.0715869888663292 0.004550368990749121 -0.048294033855199814 0.04712376743555069 -0.0007219670224003494 -0.0105691934004426 4.256811225584285e-39 -0.0218111053109169 -3.86295527270883e-39 0.052373677492141724 -0.018299387767910957 0.01722034439444542 0.011046434752643108 0.00882328487932682 7.006063524294002e-39 0.003943479619920254 -0.056440990418195724 0.056959155946969986 0.033848900347948074 -0.03386979550123215 0.020457055419683456 0.030373187735676765 -2.9203236560135693e-38 0.015830444172024727 -0.001052099745720625 -0.010588260367512703 -0.030260968953371048 0.01412149053066969 -0.03270857408642769 -0.01089139562100172 -3.6728509191431326e-39 -0.04815366864204407 0.017009863629937172 -0.015890050679445267 0.001953710103407502 0.006519503891468048 -0.007137718610465527 -0.011752097867429256 -2.6032711904096006e-38 0.2951481342315674 -0.014794575050473213 0.10225951671600342 -0.05559302121400833 0.008710106834769249 0.005456707905977964 0.018895532935857773 0.013525400310754776 0.06666404008865356 -0.011720423586666584 -0.01574939861893654 0.03902055323123932 0.07179533690214157 -0.05778549239039421 -0.037941087037324905 0.07686637341976166 0.05364718660712242 -0.07660536468029022 0.02114749327301979 -0.05120245739817619 0.0061248415149748325 0.08361328393220901 -0.03873269259929657 -0.057170379906892776 0.09903445839881897 0.016276240348815918 -0.07775268703699112 0.09418327361345291 0.08072467893362045 -0.011830300092697144 -0.0773092657327652 0.08269403874874115 -0.022795872762799263 0.07496558129787445 0.04869449883699417 0.03268178179860115 -0.08162690699100494 0.08097310364246368 -0.07831718772649765 0.08907174319028854 0.07388530671596527 0.03457639366388321 0.09630411118268967 -0.009998994879424572 0.10235392302274704 -0.027787592262029648 0.006970353424549103 0.051241274923086166 0.013728857040405273 -0.06735610216856003 0.06342410296201706 -0.07613464444875717 0.05013001710176468 0.009336268529295921 0.03974558413028717 0.06627004593610764 0.07791149616241455 -0.04128047078847885 0.07242850959300995 0.020635347813367844 0.07219023257493973 0.10041749477386475 0.02193382754921913 -0.09099991619586945 0.01318641472607851 0.02628467045724392 -0.03819791600108147 0.009128156118094921 -0.04590800777077675 -0.07574154436588287 0.02912488393485546 4.828282039072603e-38 0.013184608891606331 -4.2860226933716e-39 0.011255498044192791 0.004018086940050125 -0.02002113312482834 0.007401403971016407 0.06214306876063347 6.629565455496139e-39 -0.04385167360305786 0.039496567100286484 -0.06334683299064636 -0.07395487278699875 -0.006436313036829233 0.004619216080754995 -0.0554196834564209 -4.140360520601964e-38 0.04752339795231819 0.019906817004084587 -0.06711018085479736 -0.018635954707860947 -0.03947647288441658 0.08926863223314285 -0.018764380365610123 -6.177723772166923e-39 0.036089345812797546 -0.028184382244944572 -0.040436211973428726 0.06549017876386642 -0.0322677306830883 -0.07396630942821503 0.0412370003759861 -6.853235111177809e-39 0.24832890927791595 0.03311699628829956 0.08253840357065201 -0.07976450026035309 0.008302939124405384 0.06352031230926514 -0.02952539175748825 0.053599949926137924 0.07798722386360168 0.04212699830532074 0.0453205481171608 -0.08064475655555725 0.07749871164560318 0.08421125262975693 -0.06985978037118912 0.00022173146135173738 -0.05157489702105522 -0.07645009458065033 -0.04982733726501465 0.07244423031806946 -0.06652581691741943 -0.012297118082642555 0.08611475676298141 0.05824969708919525 -0.08452580124139786 0.05901749059557915 0.05807960033416748 -0.06098851561546326 0.06571203470230103 0.015194635838270187 -0.057880014181137085 0.033350639045238495 0.00824486929923296 0.08456018567085266 0.05296134576201439 -0.07415609806776047 -0.027085768058896065 -0.03463143855333328 -0.06369376182556152 -0.03780819848179817 0.07937272638082504 0.0676969438791275 0.06648197025060654 0.09689480066299438 -0.05286084860563278 0.07469990104436874 0.0766497328877449 -0.0739683210849762 0.10517052561044693 -0.08041717857122421 -0.07642515003681183 -0.03028854727745056 0.048603639006614685 0.05646580085158348 -0.030534645542502403 -0.05899187549948692 -0.046891484409570694 0.01501341164112091 0.07039409130811691 0.061571989208459854 0.06937038898468018 -0.07892344146966934 0.05656213313341141 0.07749554514884949 0.06895733624696732 -0.016160372644662857 -0.035708360373973846 -0.060394205152988434 0.04106984660029411 0.06095347926020622 -0.07078556716442108 6.652876335709875e-38 -0.035301852971315384 -4.5508246628765964e-39 -0.02044125273823738 -0.002726675244048238 -0.008532817475497723 0.05722922831773758 0.047298647463321686 -1.7898224765435159e-40 -0.018084615468978882 -0.0659165158867836 -0.03409205377101898 -0.020223325118422508 -0.06566878408193588 0.02241205796599388 0.04659052938222885 -6.661840161726468e-39 -0.009630684740841389 -0.020102238282561302 -0.09678695350885391 -0.11900260299444199 -0.07335544377565384 0.0064888098277151585 -0.034368716180324554 -4.3144452301235004e-39 0.11995396018028259 0.02520708553493023 0.02485734224319458 -0.12197062373161316 0.02548549696803093 0.013047104701399803 -0.00932307168841362 -6.682567047571989e-38 0.08660949766635895 -0.05343564972281456 -0.011552490293979645 -0.00439457967877388 0.027557769790291786 0.04948372021317482 -0.044063303619623184 -0.06520501524209976 0.019056761637330055 -0.011056022718548775 0.06587199866771698 -0.03908156603574753 0.0005271608242765069 0.026164861395955086 0.0799868106842041 0.05112695321440697 0.036508817225694656 0.009570895694196224 -0.046985842287540436 -0.03901834040880203 -0.014121359214186668 -0.004057624377310276 -0.04158365726470947 0.05219222232699394 -0.07360314577817917 0.08771941065788269 -0.05742073431611061 0.042210351675748825 -0.0024533201940357685 -0.018547216430306435 -0.040870729833841324 -0.027251912280917168 -0.05629809945821762 0.026618674397468567 0.055962469428777695 0.08230742067098618 0.025950469076633453 0.018065061420202255 -0.012262054719030857 0.010721644386649132 0.02454758808016777 -0.0510840006172657 0.05342921242117882 -0.028964875265955925 -0.003570372238755226 -0.0327182412147522 -0.035326406359672546 0.025563044473528862 -0.040241070091724396 0.013559499755501747 -0.02650563046336174 -0.028562262654304504 0.030923113226890564 0.0035406535025686026 -0.015128880739212036 0.11238064616918564 0.1209862232208252 -0.07338730990886688 0.056002046912908554 -0.07980824261903763 0.07338719069957733 -0.0008890550234355032 0.08187418431043625 -0.014067285694181919 0.008193659596145153 0.01645960845053196 -0.007453481666743755 -0.012273162603378296 -0.028711402788758278 -0.008535697124898434 0.03845825418829918 -5.491278101238911e-39 0.020430948585271835 -4.3309469208393894e-39 -0.05881578102707863 -0.02431676536798477 0.027695108205080032 0.11173935979604721 -0.017147520557045937 -1.296831663809402e-40 -0.031360555440187454 -0.011125202290713787 -0.010112477466464043 -0.03349963203072548 0.04532090201973915 -0.0063120960257947445 -0.029998263344168663 2.75754798561852e-39 0.03513084724545479 -0.014133458025753498 -0.05745778977870941 0.03515283018350601 0.04175737127661705 0.008547790348529816 -0.023273920640349388 3.6157017638725736e-39 0.05053429678082466 -0.07041069120168686 0.06158791854977608 0.051560305058956146 -0.0186765119433403 -0.06670675426721573 -0.01181747019290924 -6.772489491066484e-39 0.19473928213119507 -0.05632588267326355 0.09997673332691193 0.033305708318948746 0.015253175050020218 -0.0655641257762909 0.07330272346735 0.09648726880550385 0.07288522273302078 -0.0050356206484138966 0.07328367233276367 -0.0011645557824522257 0.02953873574733734 0.030361266806721687 -0.08887109160423279 0.035067301243543625 0.059971392154693604 0.022139310836791992 -0.016123253852128983 -0.014466328546404839 0.04394568130373955 0.06220328435301781 -0.006335463374853134 0.03697339817881584 -0.0947783961892128 -0.0414448007941246 0.06340008229017258 -0.08450204879045486 0.03923504054546356 -0.0683036595582962 0.041885942220687866 -0.10161786526441574 -0.08809731155633926 -0.060110170394182205 0.047324564307928085 -0.06647530943155289 0.016197262331843376 -0.03096230886876583 0.0115760313346982 -0.053211770951747894 0.053766701370477676 0.03483645245432854 0.004913382697850466 0.02621765248477459 0.10414598882198334 -0.07980629801750183 0.0484967976808548 0.02937791869044304 0.03319753333926201 -0.025561990216374397 -0.015171246603131294 0.10914159566164017 0.02410547062754631 -0.05304228141903877 -0.03433248773217201 0.07941243052482605 -0.05855325609445572 -0.04563421383500099 -0.028656428679823875 0.01411746721714735 -0.09708413481712341 0.06613364070653915 0.10234133154153824 0.014739498496055603 0.08118420839309692 0.021991539746522903 -0.016636131331324577 -0.04625532031059265 -0.030210494995117188 0.06576377153396606 0.017684360966086388 3.045221948658226e-39 0.06469383090734482 6.25373300346883e-39 -0.0013358840951696038 -0.013538137078285217 -0.02172926440834999 0.0316692478954792 0.015537403523921967 2.6289284047720023e-39 -0.09101696312427521 0.08702300488948822 -0.04581351950764656 0.025406356900930405 -0.051679711788892746 -0.03536444157361984 0.005658634472638369 -5.08205550940367e-39 0.052915897220373154 -0.04634017497301102 -0.03338586911559105 -0.08324436843395233 0.005750274285674095 -0.031770993024110794 0.013193191029131413 -4.174403665494271e-39 0.0052282181568443775 0.008941632695496082 -0.037246063351631165 -0.016102539375424385 0.006820701528340578 0.06380133330821991 0.021256374195218086 -3.9315544377313873e-39 0.3037154972553253 0.11902928352355957 0.08333776891231537 -0.1941983997821808 0.005130248609930277 0.04569320008158684 -0.03699994459748268 0.050947848707437515 -0.03879176080226898 -0.0609782375395298 -0.05057018622756004 0.06558796018362045 0.03219866752624512 -0.07482977211475372 0.04838820546865463 0.014115145429968834 0.08621365576982498 -0.06368021667003632 0.03595200553536415 -0.0554838702082634 -0.0031117298640310764 0.08786943554878235 -0.01163826696574688 -0.0660010278224945 -0.022876648232340813 -0.03183809667825699 0.055625203996896744 0.06981156021356583 -0.06487353146076202 -0.051556169986724854 0.014470214955508709 0.0337463803589344 0.010072573088109493 -0.05612989142537117 0.05532781407237053 0.06926420331001282 -0.029091276228427887 0.033328231424093246 0.034387342631816864 -0.007080611772835255 -0.05033350735902786 -0.02896551974117756 0.004511190578341484 -0.028985319659113884 0.05647359788417816 0.029853520914912224 0.07374637573957443 -0.062096159905195236 0.06888177990913391 0.033864472061395645 -0.06698741018772125 -0.07261236011981964 -0.05839657783508301 -0.025702890008687973 -0.03285219147801399 0.027539821341633797 0.09541648626327515 0.048152413219213486 -0.04264429584145546 0.09236031025648117 0.06042737886309624 0.08556582778692245 0.05857055261731148 0.04162117838859558 0.009419354610145092 -0.003882379736751318 -0.05078795552253723 0.03239450231194496 0.05329383909702301 0.000169174192706123 0.0736432671546936 -2.013014289448851e-39 -0.029314450919628143 -6.346987454451796e-38 0.08721619099378586 0.02118673361837864 -0.025010215118527412 0.02640225552022457 0.05807613953948021 -6.6356386830405225e-40 0.017688637599349022 0.053250644356012344 -0.046933986246585846 0.09501633048057556 0.0006087993970140815 -0.03705012425780296 0.04483707994222641 1.1831050830417285e-39 -0.012533828616142273 0.004785860888659954 0.03385268151760101 0.14267350733280182 0.03098536841571331 -0.00031669263262301683 -0.020557638257741928 -1.909065969365236e-39 -0.11208214610815048 0.08857492357492447 -0.08037836849689484 0.16466203331947327 0.02270820364356041 -0.013334853574633598 -0.01080811582505703 2.6310219446777035e-40 -0.503667414188385 0.19913224875926971 -0.07055415958166122 0.21775245666503906 0.09124550223350525 0.032652776688337326 0.011613423936069012 0.01221239473670721 -0.015002161264419556 0.03036283329129219 0.012323236092925072 0.007250017486512661 -0.024558505043387413 0.013957171700894833 -0.010148711502552032 -0.03831430897116661 0.0005584729369729757 0.022740427404642105 0.003950811922550201 0.02527579478919506 0.035122349858284 0.04152306169271469 0.019759248942136765 -0.0013381184544414282 -0.01006785873323679 0.011751356534659863 0.051744647324085236 0.012454251758754253 0.011977427639067173 0.017934247851371765 -0.043077465146780014 0.03854053094983101 0.05843387916684151 0.015440492890775204 0.023104600608348846 -0.011737584136426449 0.03891201689839363 0.02471071667969227 0.004861398134380579 -0.06011155992746353 0.050291240215301514 0.015543132089078426 -0.0051740119233727455 -0.022296149283647537 -0.033671993762254715 -0.00915730744600296 0.022631511092185974 -0.0009372009080834687 -0.0038685176987200975 -0.01189675834029913 0.024523280560970306 -0.0830342248082161 -0.043658141046762466 0.034917112439870834 -0.0069303130730986595 -0.008679664693772793 -0.02714933082461357 0.008698067627847195 0.01798553206026554 -0.018362242728471756 -0.012450024485588074 -0.0054546622559428215 -0.012791492976248264 0.030561121180653572 -0.007208331022411585 0.021218523383140564 -0.0907021313905716 0.006258400157094002 -0.012418678030371666 -0.035873837769031525 0.0065195257775485516 4.6427456382409115e-39 -0.06343340128660202 2.523378400543664e-39 0.010023665614426136 0.015422066673636436 -0.006729800254106522 0.01297560054808855 -0.013124200515449047 4.089246757817252e-39 -0.048763155937194824 -0.06753469258546829 -0.011109261773526669 -0.028193265199661255 -0.03479347378015518 -0.029484661296010017 -0.07922478765249252 7.600362610804943e-41 -0.027326500043272972 0.030780427157878876 -0.06303191930055618 0.043975748121738434 0.07161523401737213 0.022792330011725426 -0.027915187180042267 3.482186046191705e-39 0.07170549780130386 -0.019922854378819466 0.01583768054842949 -0.0028823406901210546 -0.08565420657396317 -0.09100685268640518 0.012291088700294495 4.533595137738337e-38 0.23459027707576752 -0.0009290090529248118 0.030057845637202263 -0.1585388481616974 -0.009076358750462532 0.11312535405158997 0.020637400448322296 -0.0609288290143013 -0.05178898200392723 -0.04841003939509392 0.057196490466594696 0.01912982203066349 -0.005516300443559885 0.02700331248342991 0.046455033123493195 -0.059081677347421646 -0.06568246334791183 0.08814152330160141 -0.013541621156036854 -0.02170063927769661 0.02638973854482174 0.08797137439250946 -0.05551053583621979 -0.04269814491271973 -0.05226801708340645 -0.01440716814249754 0.08316067606210709 -0.0708315446972847 0.04335331544280052 -0.05255686864256859 0.06316789984703064 0.06969035416841507 0.07059077173471451 -0.05372117832303047 0.030345788225531578 -0.012046176008880138 0.07913388311862946 -0.05145638808608055 0.07819046825170517 -0.010334132239222527 0.05251256376504898 0.07797729969024658 -0.04214049130678177 -0.025529609993100166 -0.021797845140099525 -0.010825647041201591 0.03471922501921654 0.006861024536192417 0.030742185190320015 -0.012765315361320972 0.08254494518041611 -0.023713113740086555 0.0503244511783123 -0.025318758562207222 0.047872144728899 0.07214900851249695 0.025071782991290092 0.012912708334624767 -0.019792644307017326 -0.05652004852890968 0.060464706271886826 0.08106069266796112 -0.08043112605810165 0.10536420345306396 -0.036487314850091934 0.10052490234375 0.031015213578939438 0.06350736320018768 -0.06057075038552284 0.03572544828057289 0.014413704164326191 9.983144532527505e-40 -0.027952618896961212 -3.709797554453521e-40 0.012497013434767723 -0.05754363536834717 0.006171198096126318 -0.05689169839024544 0.11958033591508865 1.9014821420763103e-38 0.07328710705041885 0.02432273142039776 -0.03764422982931137 -0.0392364077270031 0.0330311581492424 -0.0722210481762886 0.05613188073039055 5.816768905935351e-39 0.06225116178393364 -0.04456830024719238 0.018500227481126785 -0.11274246871471405 -0.03626660630106926 -0.023580895736813545 0.004814296029508114 2.3408452625807134e-39 0.013081831857562065 0.07126666605472565 -0.0635119304060936 0.014006518758833408 0.01168595626950264 0.0445902980864048 -0.029708195477724075 -4.564696116374948e-39 0.2568846642971039 0.08062264323234558 -0.03911537677049637 -0.1654457151889801 0.030664389953017235 0.0012253716122359037 0.011619879864156246 -0.03681599721312523 0.05302535369992256 0.06456629186868668 0.014116641134023666 -0.008841951377689838 -0.07289684563875198 -0.08913753181695938 -0.07289905101060867 -0.08440274745225906 0.042765550315380096 -0.07942962646484375 0.005552075803279877 -0.0582832470536232 0.014136046171188354 -0.04894004389643669 0.04528254270553589 0.0367136113345623 0.06414481997489929 0.005527609959244728 0.007442955859005451 0.00260775163769722 0.0030174986459314823 -0.05633051320910454 0.03481101244688034 -0.013445110991597176 0.07088861614465714 0.03571733459830284 0.056161247193813324 0.03376263380050659 0.05755334720015526 -0.05072054639458656 0.04566409811377525 0.0006775213405489922 -0.0771273598074913 0.039173707365989685 0.003869610372930765 -0.09457329660654068 0.043148260563611984 0.05165024474263191 0.07242275774478912 -0.04664449766278267 0.011372898705303669 3.5700853914022446e-05 0.011812491342425346 -0.049254532903432846 0.06329826265573502 0.051088083535432816 0.024842260405421257 0.05739370733499527 0.06317595392465591 -0.05393648147583008 -0.06744783371686935 -0.08225573599338531 -0.06751188635826111 0.044704634696245193 0.01984630897641182 0.02807467430830002 0.04747449979186058 0.06074900925159454 0.018872426822781563 0.030414514243602753 0.04168364033102989 0.04840035364031792 0.05581504479050636
b1 64
-0.006125884596258402 0.028212787583470345 0.031014781445264816 0.011435058899223804 0.005093987565487623 0.2153184562921524 0.10188654810190201 0.16372375190258026 -0.003800448728725314 0.1405164748430252 0.039644431322813034 0.13130278885364532 -0.044580619782209396 0.10406658053398132 0.17670424282550812 -0.04641447588801384 0.1693013608455658 0.03293095529079437 0.017123907804489136 0.04356110468506813 0.0654427707195282 0.15906721353530884 0.18249250948429108 0.006276573520153761 0.1566682606935501 0.1681852489709854 0.0846550241112709 0.06747088581323624 -0.016092531383037567 0.13461758196353912 -0.005799256730824709 0.0329301543533802 0.03544139117002487 -0.023048721253871918 0.007226268295198679 0.0454767569899559 -0.0659068152308464 0.056614816188812256 0.040443304926157 0.05168658867478371 0.08739034831523895 0.07490260154008865 -0.06654701381921768 -0.05115782469511032 0.008063793182373047 0.1421659290790558 0.1684144288301468 0.061091452836990356 0.04534297063946724 0.06928139925003052 0.03929382562637329 0.18474484980106354 -0.01423297356814146 -0.04283935949206352 -0.07474483549594879 0.03817003592848778 0.1164838895201683 0.17884978652000427 -0.01220467034727335 0.150711789727211 0.05645029619336128 0.09064065665006638 0.10816606879234314 0.1889551281929016
W2 4096
0.019687959924340248 0.06795472651720047 0.051636748015880585 0.013420541770756245 0.05822762846946716 0.06287442147731781 0.0747993141412735 0.07583799213171005 0.05840093269944191 0.08515725284814835 0.022572744637727737 0.0103864511474967 0.004012438468635082 0.06697116792201996 0.06533650308847427 -0.005736664403229952 0.01625765487551689 0.05063139274716377 0.0471213273704052 0.006099280435591936 -0.004175205249339342 0.04061471298336983 0.052000269293785095 -0.004375366028398275 0.014906668104231358 0.06568296998739243 0.005800663027912378 0.050328329205513 0.015722084790468216 0.01258261501789093 0.025032151490449905 0.007081956602632999 0.03887667506933212 0.01221534889191389 -0.0007307271589525044 0.03041057474911213 -0.001562293735332787 0.019774146378040314 -0.0016642265254631639 0.005515924654901028 0.046878233551979065 0.022198639810085297 0.05232222378253937 0.016236562281847 0.029859326779842377 0.07005126774311066 0.06978137791156769 0.02228483557701111 -0.0032831395510584116 0.056438203901052475 0.056444887071847916 0.044217292219400406 0.04151814430952072 0.0580432303249836 -0.03505919128656387 0.055118806660175323 0.0029763784259557724 0.026164205744862556 0.02146354876458645 0.04167091101408005 0.06657581031322479 0.00044260453432798386 0.08680354058742523 0.03596540540456772 0.019980721175670624 -0.076057069003582 -0.03626159206032753 0.004945339169353247 0.03320382162928581 -0.08002565801143646 -0.003228881163522601 0.01527920737862587 -0.01906193234026432 -0.07681047916412354 -0.09073587507009506 -0.08497156947851181 0.21145747601985931 -0.06360439956188202 0.039075326174497604 0.2543192207813263 -9.252747986465693e-06 -0.01578642427921295 -0.03394308313727379 -0.07692982256412506 0.06306659430265427 0.005266234744340181 -0.020283179357647896 0.1274259090423584 0.03909003734588623 -0.023211730644106865 -0.015058510936796665 -0.010646539740264416 -0.034987855702638626 0.07135267555713654 -0.02482040412724018 0.034732650965452194 0.16328465938568115 -0.03193673491477966 0.0801125317811966 0.047269877046346664 0.09557577967643738 0.033788058906793594 0.2460929900407791 -0.02757914550602436 0.03053842857480049 -0.002879388863220811 -0.07916604727506638 -0.034350790083408356 -0.037166520953178406 0.02066955342888832 -0.048235174268484116 -0.05361128970980644 0.003697433043271303 0.014609876088798046 0.0703522264957428 0.008199707604944706 -0.03888661414384842 -0.006348200608044863 0.1341717690229416 -0.036908846348524094 -0.04780855029821396 -0.016332605853676796 0.03045753575861454 0.049881819635629654 -0.07717300951480865 0.277432382106781 0.017414648085832596 -0.04234696179628372 -0.010035130195319653 0.06265953928232193 0.05308142676949501 0.06608333438634872 0.0584598071873188 0.0743228942155838 0.051329828798770905 0.07352245599031448 0.03511562570929527 0.05189399793744087 0.07563024759292603 0.03153291344642639 -0.007992833852767944 0.0883677527308464 0.03043494001030922 -0.02223716676235199 0.060002587735652924 0.019490662962198257 0.023583555594086647 0.030169924721121788 -0.0002263567439513281 0.026154372841119766 0.10204322636127472 -0.049226194620132446 0.008917921222746372 0.09344752877950668 -0.0003901789605151862 0.00012421105930116028 0.0674315094947815 0.045431558042764664 0.050907865166664124 0.04477726295590401 0.008108748123049736 0.047230321913957596 -0.001316090696491301 0.04193032905459404 -0.01257911417633295 0.07164467126131058 -0.014818667434155941 0.008416658267378807 0.037971653044223785 0.04818900674581528 0.03597671538591385 0.006648176349699497 0.05754099786281586 0.0654204711318016 0.035941265523433685 0.015419470146298409 0.0340687558054924 0.05086599662899971 0.018143389374017715 0.041122280061244965 0.028128905221819878 0.04013596847653389 -0.01761971041560173 0.06056559458374977 0.03530338406562805 0.0066840760409832 0.06127842515707016 0.053958263248205185 0.0663442462682724 -0.0029219400603324175 0.09166078269481659 0.007509881164878607 -0.022020364180207253 -0.015970200300216675 -0.03055071458220482 -0.05318693816661835 0.0879005640745163 -0.01837562769651413 0.062097303569316864 0.0045969258062541485 0.005603783763945103 0.012023610062897205 -0.0853753536939621 -0.047524355351924896 0.09594611823558807 0.014183868654072285 0.04758680611848831 0.1233329251408577 -0.013831919990479946 0.028306784108281136 -0.02630014158785343 -0.020483452826738358 0.04001742973923683 -0.0600605234503746 -0.026336999610066414 0.12171246856451035 0.02492300420999527 -0.0504642128944397 -0.025584762915968895 -0.054171327501535416 -0.06465441733598709 0.10113275051116943 0.03991667926311493 0.04655780270695686 0.09278757125139236 -0.008843758143484592 0.09710489958524704 0.02746141515672207 0.05151093378663063 -0.020789040252566338 0.17335543036460876 -0.061484526842832565 -0.053353600203990936 -0.016827313229441643 -0.035585418343544006 -0.05174083635210991 0.005141757894307375 -0.05566777288913727 -0.025323424488306046 -0.04037429392337799 -0.01666327193379402 0.0032493507023900747 0.035664454102516174 -0.05450645089149475 -0.04484366998076439 -0.03468433767557144 0.06645525991916656 -0.005289370194077492 0.015300605446100235 0.03831544518470764 0.026726363226771355 0.044541165232658386 -0.045713476836681366 0.1875087469816208 -0.017624178901314735 -0.05460429564118385 0.015627652406692505 0.087323859333992 0.07088407129049301 0.03758305683732033 0.05618175491690636 0.08177404850721359 0.04664985090494156 0.1110931783914566 0.02523943781852722 0.03815120831131935 0.07576771825551987 0.06289756298065186 -0.018482550978660583 0.04151879996061325 0.015011482872068882 -0.05089771747589111 0.0583285391330719 0.017361989244818687 0.08467581868171692 0.07178787142038345 0.06437214463949203 0.05219350755214691 0.07585235685110092 -0.02340618707239628 0.08387728035449982 0.04362386837601662 0.018724914640188217 0.00433970894664526 0.03213303163647652 0.07317467778921127 0.049404267221689224 0.0667286068201065 0.007554407697170973 0.02647191658616066 -0.004872745368629694 0.03147028759121895 -0.03818350285291672 0.039096392691135406 -0.008547733537852764 0.05689113587141037 0.08107031881809235 0.046657659113407135 0.07109463959932327 0.04109763354063034 0.051686882972717285 0.10523656010627747 0.05086674913764 0.055567581206560135 0.0005460120737552643 0.062068358063697815 0.07404495030641556 0.03033718839287758 0.021094102412462234 0.05702943354845047 -0.04331846907734871 0.032923623919487 0.03864770382642746 0.050501830875873566 0.03847039118409157 0.09098838269710541 0.05420476198196411 0.03831946849822998 0.038102682679891586 0.01714351586997509 0.013059856370091438 0.04528505355119705 0.048560429364442825 0.0003872908710036427 0.07900058478116989 -0.10342243313789368 0.014636354520916939 0.03522823750972748 0.08249715715646744 -0.01482249516993761 -0.026955997571349144 -0.008886989206075668 0.037641741335392 -0.048153188079595566 -0.08338312059640884 0.07782143354415894 -0.090896837413311 -0.0934295803308487 0.06895267218351364 0.05313869193196297 0.08401983231306076 -0.07752113789319992 -0.006961626000702381 0.08205064386129379 -0.040798358619213104 -0.08451404422521591 0.044885676354169846 -0.0035788409877568483 -0.013775116764008999 -0.06824439764022827 -0.0361052006483078 -0.04037051275372505 0.011617779731750488 -0.03133353963494301 -0.07566960901021957 -0.03149294853210449 -0.034964144229888916 0.035455480217933655 0.1379767656326294 -0.10123864561319351 -0.017440324649214745 -0.06356188654899597 -0.02145788073539734 0.042047448456287384 -0.010130496695637703 -0.01640504226088524 -0.025568265467882156 -0.07748313993215561 -0.014974641613662243 -0.0069106207229197025 -0.06208203360438347 -0.01348874345421791 -0.026588881388306618 0.005403084680438042 0.019140759482979774 -0.041817206889390945 0.05374430492520332 -0.12141435593366623 -0.07161422818899155 -0.021196171641349792 0.030152220278978348 0.1889149695634842 -0.0721280425786972 -0.12038937956094742 -0.010323991067707539 -0.03056596964597702 0.027159104123711586 0.0029407197143882513 0.030116280540823936 -0.01820152997970581 0.07801959663629532 -0.05055388808250427 -0.039718661457300186 -0.0477144792675972 0.02320029027760029 -0.017421605065464973 -0.03812135010957718 -0.04025218263268471 -0.02791280671954155 0.0827983096241951 -0.02470802143216133 -0.05605222284793854 0.0058056325651705265 0.013478645123541355 -0.001675951760262251 0.0073517258279025555 0.012320579960942268 -0.042025621980428696 0.06785135716199875 -0.037161413580179214 -0.05139956623315811 -0.04034533351659775 -0.029393915086984634 -0.08570003509521484 0.040447477251291275 -0.005934646353125572 -0.011067486368119717 -0.020351892337203026 -0.01011460367590189 -0.05483618751168251 0.047509510070085526 0.03945199400186539 0.06575879454612732 -0.06585386395454407 -0.0023200595751404762 0.0343315452337265 0.00039923746953718364 -0.002922629937529564 -0.020332111045718193 -0.07676725089550018 -0.04016057401895523 0.04311596602201462 -0.013936924748122692 -0.03583863377571106 0.07000255584716797 0.0455070361495018 0.00873809028416872 -0.012539801187813282 -0.01463188324123621 -0.02684859186410904 0.05002183839678764 0.06403417140245438 0.004161535296589136 0.020310403779149055 0.00338578294031322 0.10115748643875122 0.03950662165880203 -0.04345390573143959 -0.004367142915725708 0.006729167886078358 0.08440811932086945 0.028243938460946083 0.036489635705947876 0.07136587798595428 0.04550059884786606 0.08355646580457687 0.033476103097200394 0.06112949922680855 0.0766589343547821 0.10103674232959747 0.009475922212004662 0.10611052066087723 0.08128315955400467 -0.044431157410144806 0.1020185798406601 0.01049997191876173 0.07967237383127213 0.11035953462123871 0.008431533351540565 0.03059380315244198 0.0744287297129631 -0.053855884820222855 0.10632523894309998 0.0325629860162735 -0.0068426961079239845 0.04421563819050789 0.05158175900578499 0.014796149916946888 0.028875982388854027 0.09484795480966568 0.01031471136957407 0.0069230529479682446 0.030584216117858887 0.016613023355603218 0.019658472388982773 0.05370432138442993 -0.014300914481282234 0.06933972984552383 0.03381006792187691 0.08411607891321182 0.08526869863271713 0.01460686232894659 0.09670989960432053 0.04075253754854202 0.12673796713352203 0.07187743484973907 -0.006019816268235445 0.02228437177836895 0.01796599291265011 0.10307039320468903 0.09573923051357269 0.06918669492006302 -0.0326961949467659 0.10537111014127731 0.052254725247621536 0.09850910305976868 0.02399011328816414 0.05290800333023071 0.05832281336188316 -0.002306966809555888 0.06513606011867523 0.0813509151339531 -0.007422467228025198 0.006747605744749308 0.002063705353066325 -0.004367836285382509 0.013052064925432205 -0.008011169731616974 0.025119459256529808 -0.00801810808479786 -0.02753620222210884 -0.006394511088728905 -0.014277203008532524 -0.01965697668492794 -0.006316118873655796 0.010132919065654278 0.022990837693214417 0.0067832921631634235 0.007487016264349222 0.009425961412489414 0.01472796592861414 -0.013268151320517063 0.007985816337168217 -0.02292955480515957 -0.013372539542615414 0.025476861745119095 0.00238232733681798 0.007460182067006826 0.03075243905186653 -0.0070962305180728436 -0.01651519164443016 0.01440858282148838 -0.0030676061287522316 0.009055758826434612 0.004284576512873173 -0.01555866003036499 -0.010761718265712261 -0.007210677023977041 0.00946008786559105 -0.024453677237033844 0.006117437966167927 -0.01783352717757225 -0.0028371280059218407 0.012001384980976582 0.02266554720699787 0.00410069664940238 0.0023122685961425304 -0.006334271747618914 -0.019238635897636414 0.004599226638674736 -0.024935282766819 0.017959890887141228 -0.010994353331625462 -0.0025719283148646355 -0.006251579616218805 -0.008949089795351028 0.017166027799248695 0.01694754883646965 -0.002697108779102564 -0.03260905668139458 0.004849391058087349 0.03282541781663895 -0.007910049520432949 0.010685011744499207 -0.010489790700376034 0.0324786938726902 0.014602967537939548 0.015789451077580452 0.038633909076452255 0.016284780576825142 0.0082491934299469 0.04082966968417168 0.03608023002743721 0.019003070890903473 0.04670529067516327 0.02068435773253441 0.047048166394233704 0.07015609741210938 -0.00833970494568348 0.04941600188612938 0.05109033361077309 0.00681045837700367 0.038095518946647644 0.024777572602033615 0.027396492660045624 0.01259133592247963 0.03476749360561371 0.025939999148249626 0.0010067233815789223 -0.03080173395574093 0.037437595427036285 0.06721571087837219 -0.01237344741821289 0.0496659129858017 0.02659294195473194 0.04920141026377678 0.011327591724693775 0.03845549747347832 -0.014818278141319752 0.018234437331557274 0.013265550136566162 0.03637560456991196 -0.024138547480106354 0.04724825546145439 -0.019271602854132652 0.03384023159742355 0.006842282135039568 0.016988515853881836 0.02717580646276474 0.005333836190402508 0.04440435394644737 0.013660959899425507 0.06363612413406372 0.029508817940950394 0.0019473953871056437 0.011925574392080307 0.013162693940103054 0.03659414127469063 0.03686266019940376 0.04677430912852287 -0.04864408075809479 0.04312409088015556 0.03406427055597305 0.03301582112908363 0.04371044412255287 0.0410664826631546 0.01633550226688385 -0.027868514880537987 0.027493856847286224 0.004653032403439283 0.025323448702692986 0.02025270275771618 0.0190126933157444 0.08083279430866241 0.08042368292808533 0.07465767860412598 0.06634341925382614 -0.024137331172823906 0.08051810413599014 -0.0002074303774861619 0.0048502059653401375 0.08468335121870041 -0.011111325584352016 0.08812019228935242 -0.030135130509734154 -0.02561594545841217 -0.012468748725950718 0.008925403468310833 0.0055553000420331955 0.03203114494681358 0.04248994216322899 0.06184813380241394 0.007655950263142586 -0.028635429218411446 0.07285363227128983 0.09533334523439407 0.05636398866772652 0.00865968782454729 0.0476711131632328 0.08584846556186676 0.02638431452214718 -0.01367994025349617 0.04505399614572525 0.015961451455950737 -0.004891926888376474 0.06563342362642288 -0.016281526535749435 0.04001253843307495 0.05427040159702301 -0.023067286238074303 0.0015746040735393763 0.03389846161007881 0.03658827766776085 0.044462233781814575 0.07409366220235825 0.08980048447847366 0.05450727045536041 0.04660377651453018 0.05517959222197533 0.05460609868168831 0.0588158443570137 0.00788049679249525 0.05177539959549904 0.046001773327589035 0.027308670803904533 0.038337692618370056 0.003820697544142604 0.002777441870421171 0.0588219128549099 0.027965376153588295 0.04271528124809265 -0.07652026414871216 0.08210151642560959 0.07324448972940445 0.00011037869262509048 0.0037043977063149214 0.008013974875211716 0.036685820668935776 0.03067745454609394 0.026804806664586067 0.05685296654701233 0.07972823083400726 0.0775880441069603 0.058695267885923386 0.07686307281255722 0.024170618504285812 -0.001964299939572811 0.019294004887342453 0.035384465008974075 -0.03994247317314148 0.06738549470901489 0.047059766948223114 0.0740908533334732 0.06944862008094788 0.01607816107571125 0.03667547181248665 0.06674718856811523 0.008610130287706852 0.03844341263175011 0.10128417611122131 0.034044407308101654 0.02923525683581829 0.05701691284775734 0.05736001208424568 0.02715505100786686 0.02956037037074566 0.04771425575017929 0.036661069840192795 0.03631916269659996 0.006715443450957537 -0.01198191661387682 0.02559180185198784 -0.0032463523093611 0.06720121204853058 0.018396982923150063 0.05628311634063721 0.057167381048202515 0.030836427584290504 0.060660846531391144 0.05237635225057602 0.09790236502885818 0.017685776576399803 -0.007307913154363632 0.015885664150118828 0.03151726350188255 0.04431253299117088 0.04815095290541649 0.05556989461183548 -0.03625980764627457 0.07640793174505234 0.06608884036540985 0.07306306064128876 0.01352482009679079 0.047169990837574005 0.048267606645822525 0.016224900260567665 0.015605044551193714 0.004336751531809568 -0.018518507480621338 0.011011496186256409 -0.030986858531832695 -0.0059293038211762905 -0.02943575568497181 -0.024545744061470032 -0.026040488854050636 -0.027093252167105675 0.04364166036248207 -0.03849785029888153 -0.015553283505141735 0.009208486415445805 0.01207391731441021 -0.035984981805086136 0.007218712940812111 -0.008619301952421665 0.02071281149983406 -0.0001585278077982366 0.04196498170495033 -0.021089401096105576 0.045553501695394516 -0.06681552529335022 -0.019581736996769905 0.029582208022475243 0.037902794778347015 -0.009334178641438484 -0.03060743771493435 0.00899063516408205 0.015571258962154388 0.06127821281552315 -0.01222990546375513 -0.04000942036509514 0.02625672146677971 0.010835779830813408 -0.04029553011059761 -0.003413278143852949 0.005080058705061674 -0.014926970936357975 0.0009773322381079197 0.04027150943875313 0.012429912574589252 -0.0349198542535305 0.017962608486413956 -0.030191071331501007 -0.02088034525513649 0.007631249260157347 0.0005738037871196866 -0.005402253475040197 0.0052960715256631374 0.01672223210334778 -0.019525323063135147 -0.02298484370112419 0.00046417355770245194 0.005727631039917469 0.01387780625373125 0.0035851954016834497 0.03618667647242546 -0.04478137567639351 -0.04925171285867691 -0.007999674417078495 -0.024724656715989113 0.06407621502876282 -0.0347607284784317 -0.0643242597579956 8.499977411702275e-05 1.3193563972890843e-05 -7.515940069424687e-06 -2.9458204153343104e-05 -0.00017342217324767262 -1.2679588508035522e-06 -1.341987808700651e-05 0.00020590292115230113 3.455114710959606e-05 -3.848747655865736e-05 0.0007432768470607698 -4.3038649891968817e-05 -1.2455252829113306e-07 -1.0894070328504313e-05 0.00212232768535614 1.1411685818529804e-06 -7.727461706963368e-06 -2.74010814038661e-11 -7.255477976286784e-05 -5.466456059366465e-06 -3.143915455439128e-05 -0.00016888283425942063 -4.003295543952845e-05 0.0005719595937989652 -0.0003481243911664933 0.0019230582984164357 0.00015072418318595737 6.05940340392408e-06 -7.155090315791313e-06 -0.00022880110191181302 1.7406335928171757e-07 1.531026282464154e-05 -7.93848630564753e-06 -3.275018752901815e-05 -2.002264045586344e-05 5.7461136748315766e-05 -1.6287333437503548e-06 -4.085952554078176e-08 -3.994173596311157e-07 -3.5425910027697682e-06 -5.979596608085558e-05 0.0005961179849691689 1.667780047398537e-08 0.0005227354122325778 0.0003858121344819665 0.0029429516289383173 -0.0003154551377519965 -5.77006574076222e-07 1.8885204553953372e-05 -1.673104998189956e-05 6.8438423816985505e-09 8.358739432878792e-05 0.00011593836825340986 8.09069024398923e-06 -2.1901782076838572e-07 -4.391630682221148e-06 -6.847671465948224e-05 2.7586005671764724e-05 -1.1366085345798638e-05 -0.0005996605614200234 2.5010658646351658e-06 -1.1183703918504762e-07 -1.4979349543864373e-05 -0.000703121186234057 -4.547207499427941e-09 -7.982534988917878e-13 -3.1100527253181867e-16 3.243000037400634e-07 -2.421127520690902e-09 -2.116580175015592e-11 7.839602300663273e-10 -4.6359005523299857e-08 5.963041009660942e-16 2.665560272507861e-10 1.5096223160426803e-09 -2.1353249834987764e-08 -9.51850577524116e-13 2.0834490896959323e-06 -4.127161545852687e-08 5.803352640972167e-15 1.4282820259836626e-08 -3.6335864872505397e-10 4.153470456458308e-08 2.631480797155028e-11 5.603107977592003e-10 -8.550576696339518e-13 -9.109791676564782e-08 2.8899375337232414e-08 3.543821902596278e-10 -1.864699887554888e-11 -1.68167942678904e-12 7.967018404997361e-07 -1.3553343560304687e-12 -3.037960161211828e-11 -4.18646436961545e-11 -4.383069224949722e-14 6.533421720300581e-11 9.246769572257563e-09 -1.4802787901696535e-12 -3.332736469019437e-07 -3.795548408902505e-08 -6.579131059121068e-15 -2.1011961615080565e-10 -1.3695516075384884e-11 -1.4320893082508945e-10 -2.233946805318965e-09 3.0666385810022595e-16 -3.977809360654512e-14 7.312738192766233e-10 2.6118832465726882e-06 3.25044402416097e-06 1.8077875307831448e-10 2.766445073021373e-09 1.9620798420363787e-27 8.681266587195778e-23 -4.598631891949978e-11 -3.289635924774714e-11 3.505317636154359e-06 -5.9760614234960485e-09 4.378330142884579e-09 -7.354687692195938e-11 -2.482980221429898e-07 1.68809544121018e-09 -2.4295383127537207e-07 3.7636627148174284e-10 3.8841676403000847e-11 1.2137964404246304e-05 -1.9783055194011467e-09 0.004428855609148741 -0.0620640367269516 -0.04237745702266693 0.008675357326865196 0.045127637684345245 -0.017649278044700623 -0.015328566543757915 -0.029243532568216324 0.005933575797826052 -0.012433967553079128 0.036935433745384216 -0.068783238530159 0.1940045952796936 0.008302988484501839 -0.0007305686012841761 0.20881091058254242 0.0425795242190361 0.0017527416348457336 -0.0007798622245900333 -0.07376259565353394 0.04156775027513504 -0.0320916585624218 -0.03186117112636566 0.14579378068447113 -0.022492054849863052 0.041093166917562485 0.0284882839769125 -0.038202639669179916 -0.0004603815614245832 0.07608503848314285 -0.018986385315656662 0.02398642897605896 0.11587531864643097 0.011796943843364716 0.0843823254108429 0.019433123990893364 0.08465545624494553 -0.03853355348110199 0.15905359387397766 -0.011161784641444683 -0.025852980092167854 0.04433061555027962 -0.057767994701862335 0.00835827924311161 0.004965613596141338 5.955653250566684e-05 0.009689122438430786 -0.017198532819747925 0.03230932727456093 0.01271533127874136 0.009883379563689232 -0.07547661662101746 -0.02031084895133972 -0.05701475590467453 0.1286657154560089 0.0013699006522074342 -0.018210619688034058 -0.021219735965132713 0.030225684866309166 -0.014927887357771397 -0.06111741065979004 0.23273180425167084 -0.021437888965010643 -0.0643632635474205 -0.03877744451165199 -0.009271678514778614 -0.0031644385308027267 -0.08786854892969131 0.07076546549797058 -0.052504219114780426 0.05035139620304108 0.05536843091249466 -0.010004126466810703 -0.04893087223172188 -0.03159528970718384 -0.01196371391415596 0.17524190247058868 0.01370278187096119 0.05091419443488121 0.14278674125671387 0.009218800812959671 0.008205467835068703 -0.02820204198360443 -0.049455054104328156 0.00449961656704545 0.018965987488627434 -0.04381556063890457 0.09372921288013458 -0.004224282223731279 -0.05731714889407158 0.006744265556335449 -0.0951051190495491 -0.07894047349691391 0.007376344874501228 0.04477487504482269 0.023624345660209656 0.07168543338775635 -0.052836161106824875 0.034069571644067764 -0.008756836876273155 0.12327087670564651 0.02236984297633171 0.1687207967042923 -0.011913754977285862 -0.0358857698738575 0.02911287546157837 -0.04074681177735329 -0.04791640862822533 -0.022908145561814308 -0.01597050577402115 -0.014852441847324371 0.011196130886673927 0.0012024394236505032 0.007588232401758432 0.045965179800987244 -0.046851154416799545 -0.039232995361089706 -0.014247520826756954 0.0026800252962857485 0.03702090308070183 -0.03538806363940239 -0.027413764968514442 -0.002771909348666668 0.05815543606877327 -0.11351049691438675 0.24331176280975342 -0.015987705439329147 -0.031503815203905106 0.0022375043481588364 0.015434963628649712 0.012025662697851658 0.03580785542726517 0.01993730291724205 0.04025127738714218 0.03915732726454735 0.04568081349134445 0.029752999544143677 0.023518651723861694 0.022113054990768433 0.029300639405846596 -0.008083279244601727 0.01854592189192772 0.028557168319821358 -0.008109379559755325 0.023965204134583473 0.01867874152958393 0.020682571455836296 0.027366897091269493 0.009506858885288239 0.02247306890785694 0.04767833650112152 -0.0176674947142601 0.030942434445023537 0.043535176664590836 0.01045054942369461 0.021755458787083626 0.027647504583001137 0.016568753868341446 0.014110439456999302 0.02504490502178669 0.006523009389638901 0.02014261856675148 0.0007560036610811949 0.021298378705978394 -0.0151714151725173 0.031496934592723846 -0.0009948862716555595 0.03207628056406975 0.01352665200829506 0.020557714626193047 0.027011768892407417 0.019919270649552345 0.026618564501404762 0.05182173103094101 0.04164862260222435 0.014112499542534351 0.010861172340810299 0.012092002667486668 0.025927189737558365 0.021309519186615944 0.024027829989790916 0.03300269693136215 -0.030462900176644325 0.022211747244000435 0.02836202085018158 0.027969907969236374 0.03519071266055107 0.05041562020778656 0.02728302776813507 -0.008222763426601887 0.032233208417892456 0.022395210340619087 0.034223902970552444 0.017674999311566353 0.02605327032506466 0.02828127145767212 0.03446865826845169 0.004410036839544773 0.08595597743988037 0.09691140800714493 0.0008565587340854108 0.0684637725353241 0.060929350554943085 0.010712298564612865 0.009842774830758572 0.0069671012461185455 0.04086922109127045 -0.008569497615098953 0.08233945816755295 0.054255228489637375 0.009541431441903114 0.06729751080274582 0.05444338917732239 0.053171925246715546 0.06650463491678238 -0.001979012507945299 0.03405337780714035 0.029376011341810226 0.04599851742386818 0.0619070790708065 0.05258409306406975 0.05228523910045624 0.018597979098558426 0.036074914038181305 0.005053767003118992 0.058539360761642456 0.003719020402058959 0.019904546439647675 -0.027975095435976982 0.06841860711574554 0.008512713946402073 0.005748853087425232 0.002554971957579255 6.616693281102926e-05 0.05160142481327057 0.025854354724287987 0.017204463481903076 0.05618191510438919 0.06627555936574936 -0.001668622368015349 0.03103814460337162 0.03809673339128494 0.031123951077461243 0.03910636156797409 0.04476810246706009 0.0256543830037117 -0.028123630210757256 0.07211313396692276 0.010651465505361557 0.08928655833005905 0.04077346995472908 0.02381512150168419 0.03833477944135666 -0.011912771500647068 0.000881314103025943 0.07099819928407669 0.030546341091394424 0.026498479768633842 0.05742335319519043 0.02160712331533432 0.03224760293960571 0.05705530196428299 0.03905287757515907 0.0393824577331543 0.011462758295238018 0.03429955989122391 0.009112201631069183 0.05898921564221382 -0.032040949910879135 0.024017242714762688 0.007225526962429285 -0.05125733092427254 0.024565288797020912 0.05114338919520378 0.042668551206588745 0.07282786071300507 0.05101915821433067 0.09177720546722412 0.04861566424369812 -0.006619628053158522 0.06156032532453537 0.04165460541844368 -0.009999011643230915 0.03305714577436447 0.07551166415214539 0.009057754650712013 0.01208136323839426 0.035086121410131454 0.0369899719953537 0.004176675342023373 -0.006239047273993492 0.05674007162451744 -0.044688381254673004 0.04529592767357826 0.05624022334814072 0.05444563180208206 0.0010360900778323412 0.008233388885855675 0.039668936282396317 0.046554360538721085 0.04227982088923454 0.047146137803792953 0.0867851972579956 0.01551938708871603 -0.0022735644597560167 -0.002668401226401329 0.047458600252866745 0.03475828468799591 0.049816809594631195 0.033759620040655136 -0.009504553861916065 0.07817846536636353 0.043055210262537 0.02221166156232357 0.04349184036254883 0.09793281555175781 0.05146557837724686 -0.03786810487508774 0.026260271668434143 0.0008212616085074842 -1.10732128177915e-06 -3.951870439777849e-06 -3.1457764180231607e-06 -3.993192876805551e-06 -2.6053298824990634e-06 -7.588504558952991e-06 -3.3768706089176703e-06 -4.316207650845172e-06 -2.47437719735899e-06 -4.1429311750107445e-06 -3.587121000236948e-06 -5.1770480240520556e-06 -1.2136090845160652e-05 -3.3151229672512272e-06 -7.190518317656824e-06 -1.296887330681784e-05 -6.302669135038741e-06 -2.7733567549148574e-06 -2.745941401371965e-06 -4.406350853969343e-06 -2.884691866711364e-06 -3.2587834084552014e-06 -6.509571903734468e-06 -6.193484750838252e-06 -4.490199444262544e-06 -6.202636086527491e-06 -3.2105119771586033e-06 -3.7515530948439846e-06 -1.205810235660465e-06 -4.330993306211894e-06 -2.816159394569695e-06 -3.5200507682020543e-06 -5.119125034980243e-06 -2.5835981887212256e-06 -2.883490878957673e-06 -3.4039928777929163e-06 -6.196659796842141e-06 -1.819302838157455e-06 -1.745442750689108e-05 -4.15895965488744e-06 -3.2584575819782913e-06 -2.444021902192617e-06 5.225629706728796e-08 -1.900280381050834e-06 -1.600900873199862e-06 -3.0408425573114073e-06 -6.030148142599501e-06 -3.945055595977465e-06 -3.027311322512105e-06 -2.82987161881465e-06 -2.648843519637012e-06 -6.913035122124711e-06 -1.9404048998694634e-06 5.211522946524383e-08 -4.666541371989297e-06 -3.1728318390378263e-06 -2.906932422774844e-06 -4.249453013471793e-06 -3.83513997803675e-06 -2.196506329710246e-06 -2.4678363388375146e-06 -2.63941128650913e-05 -4.611395070241997e-06 -5.570569555857219e-06 -0.0035741631872951984 0.03607185184955597 0.06839694827795029 0.026852358132600784 0.005522370804101229 0.029356179758906364 0.02074301242828369 0.01280405092984438 0.0855662003159523 0.02227257937192917 0.08442046493291855 0.038424186408519745 -0.0393812358379364 0.10611557960510254 0.043620262295007706 -0.07718729227781296 0.0656215101480484 0.042741045355796814 0.011549562215805054 0.010221149772405624 -0.006712961010634899 0.06420362740755081 0.02584100514650345 0.024178622290492058 0.061045579612255096 0.0688263550400734 -0.019505618140101433 0.025325413793325424 0.02042943239212036 0.10586917400360107 0.043983668088912964 0.03508416935801506 0.05179480463266373 0.03990614414215088 0.007444020360708237 0.05213746055960655 -0.051950886845588684 0.03688047081232071 0.0510246641933918 0.09668071568012238 0.06191223859786987 0.10031230747699738 0.058722350746393204 -0.0030323704704642296 0.0734199807047844 0.10490555316209793 0.08171752840280533 0.004545396659523249 0.03181314468383789 0.08502752333879471 0.07659991830587387 0.06005863472819328 0.08505414426326752 0.05344374105334282 -0.020115895196795464 0.07117212563753128 0.06536982208490372 0.03444358706474304 0.08153633773326874 0.07098298519849777 0.07720229029655457 -0.03766309469938278 0.008548574522137642 0.007637843023985624 0.008457456715404987 0.031359992921352386 0.027171136811375618 0.022528812289237976 0.03165033459663391 0.017519047483801842 0.029067179188132286 0.016104968264698982 0.03124249167740345 0.037524621933698654 0.03138948604464531 0.02734854258596897 -0.015471561811864376 0.035432420670986176 0.00234649027697742 -0.03793082758784294 0.025095714256167412 0.021459119394421577 0.020014135167002678 0.017575189471244812 0.01939566060900688 0.04701988026499748 0.015329588204622269 -0.02745685540139675 0.031077800318598747 0.043119434267282486 0.015044556930661201 0.008088693022727966 0.02709447219967842 0.012203115038573742 0.013042294420301914 0.020107869058847427 -0.0006437957054004073 0.02840270660817623 0.0018033005762845278 0.02132120542228222 -0.01946081407368183 0.03094014711678028 0.006151146255433559 0.02869337797164917 0.018524685874581337 0.015443907119333744 0.027569333091378212 0.01821049489080906 0.02429974265396595 0.03997672721743584 0.03436899930238724 0.014750401489436626 0.001574021764099598 0.006267249584197998 0.019419072195887566 0.024572499096393585 0.02421385422348976 0.03348434716463089 -0.03410007432103157 0.019897079095244408 0.014082562178373337 0.03225710988044739 0.024425286799669266 0.02632584422826767 0.027863655239343643 -0.006473446264863014 0.031185992062091827 0.022652586922049522 -0.04613585025072098 -0.06632526218891144 -0.00824937503784895 -0.014307020232081413 -0.021449651569128036 -0.07534801959991455 0.07884707301855087 0.0022265762090682983 0.05635949969291687 -0.04710133746266365 -0.02500232309103012 -0.006313791498541832 0.037731025367975235 0.03211703523993492 0.07173676788806915 0.11611901968717575 -0.016593817621469498 -0.03331684693694115 -0.052253879606723785 0.005483763292431831 -0.01903619058430195 0.012572081759572029 -0.03466629236936569 -0.04494785889983177 -0.005588348954916 -0.059450093656778336 -0.05190723016858101 -0.03977208584547043 -0.09771526604890823 0.04596300423145294 -0.005315368063747883 -0.0331469401717186 -0.031407833099365234 -0.04944657161831856 -0.065708227455616 -0.008847694844007492 0.039566416293382645 0.030262405052781105 -0.012753620743751526 -0.02263331040740013 -0.012745355255901814 0.03700832277536392 0.02278771437704563 -0.007631497923284769 0.031764909625053406 0.021310172975063324 0.02452528476715088 -0.05966292321681976 -0.005744411144405603 -0.04467092081904411 -0.04711134359240532 0.014088816940784454 0.004398335702717304 0.01360377762466669 -0.04200870171189308 0.02623734250664711 0.02892792411148548 0.04172992706298828 0.012334299273788929 -0.04764911159873009 -0.004696494434028864 0.1281377226114273 -0.058714210987091064 -0.03085371106863022 -0.03231419250369072 0.014067492447793484 0.022172439843416214 0.05724535509943962 0.0665208250284195 0.04269922152161598 0.07195542752742767 0.11873111873865128 0.009602371603250504 0.03213607892394066 0.036447614431381226 0.029045334085822105 0.05498533323407173 0.05198784917593002 0.014195221476256847 -0.06058593839406967 0.10733000189065933 0.031233491376042366 -0.001205684500746429 0.007688657846301794 0.08919666707515717 0.008863313123583794 -0.009795294143259525 -0.03824546933174133 0.02149512991309166 0.10572361201047897 0.011176921427249908 0.07042787224054337 0.07512888312339783 0.07829657196998596 0.010692344978451729 0.05275128409266472 0.07792223989963531 0.024099361151456833 0.03613276407122612 0.0026682494208216667 -0.0506434291601181 0.04058970883488655 -0.022080212831497192 0.07974386215209961 0.10305178165435791 0.0043024783954024315 0.015465124510228634 0.06982225179672241 0.046284932643175125 0.04263273626565933 0.051868196576833725 -4.720768629340455e-05 0.04070444032549858 0.08133269846439362 0.061583634465932846 0.034232985228300095 0.07187999039888382 0.10105905681848526 -0.03535552695393562 0.06626756489276886 0.05191316455602646 0.1038135513663292 0.0685676857829094 0.03708251938223839 0.033755384385585785 -0.0363016314804554 -0.0036938514094799757 0.015269575640559196 0.002307918155565858 0.05628270283341408 0.027451040223240852 0.050222981721162796 0.09359221160411835 0.07790353894233704 0.14153707027435303 0.04019889235496521 0.07415793091058731 0.05640442669391632 0.02719809114933014 0.0709461122751236 0.0040632616728544235 0.060536257922649384 0.028852712363004684 -0.006611272227019072 0.0777977705001831 0.01456533744931221 0.05475630238652229 0.08467625081539154 0.054135650396347046 0.08610544353723526 0.04576295614242554 0.0055948239751160145 0.06380239874124527 0.08519375324249268 0.00788252241909504 0.09004654735326767 0.0581500343978405 0.11596518009901047 0.020972853526473045 0.07023727148771286 0.04232976585626602 0.05046901851892471 0.00879601575434208 0.06352730095386505 -0.013863252475857735 0.08204206824302673 -0.021565578877925873 0.09529062360525131 0.09333827346563339 0.04456406459212303 0.05787201225757599 0.03728809207677841 0.059909719973802567 0.08855682611465454 0.02683190442621708 0.026720451191067696 0.0054825665429234505 0.05704024061560631 0.058256395161151886 0.11341710388660431 0.06001495197415352 0.06516731530427933 -0.05801619216799736 0.02702697180211544 0.040992625057697296 0.13593325018882751 0.02394467405974865 0.11966840922832489 0.10192375630140305 -0.03321988135576248 0.028355950489640236 0.03509334847331047 -0.007578504737466574 -0.0054748826660215855 0.0019254328217357397 -0.008552907034754753 0.006120896432548761 -0.02580437622964382 -0.017800891771912575 -0.004688654560595751 0.0004951822920702398 -0.011186267249286175 -0.006085309199988842 -0.005646493751555681 -0.005606349557638168 -0.015233448706567287 -0.019809745252132416 0.033043570816516876 -0.015330608934164047 -0.006925992667675018 0.0015774996718391776 -0.0013422432821244001 -0.008021201007068157 -0.013980709947645664 -0.010811462067067623 0.009775209240615368 -0.016434449702501297 -0.019755186513066292 -0.009515185840427876 -0.0035161117557436228 -0.0011597007978707552 -0.015908759087324142 -0.0023166604805737734 -0.0066926321014761925 -0.005713139194995165 -0.008673736825585365 -0.0021084940526634455 -0.00401167431846261 0.005018230527639389 -0.01995633915066719 0.029802819713950157 -0.01779879815876484 -0.009387603960931301 -0.007872498594224453 -0.0019256778759881854 -0.008501851931214333 -0.004203889984637499 -0.014135375618934631 -0.018299436196684837 -0.011311383917927742 -0.007574310526251793 -0.0033454126678407192 -0.015305939130485058 -0.015051718801259995 -0.004025077447295189 -0.011075343005359173 0.02106076292693615 -0.0035827690735459328 -0.009826340712606907 -0.013993223197758198 -0.014037083834409714 -0.007624136283993721 -0.008808432146906853 0.026322796940803528 -0.0007804486667737365 -0.021010760217905045 0.000919957528822124 -0.0021161038894206285 -0.0016561473021283746 -0.006691519170999527 -0.0037409153301268816 0.0017518788808956742 -0.0021904532331973314 -0.008685634471476078 -0.0034888722002506256 -0.003019816242158413 -0.0010202843695878983 0.00405123271048069 0.003467656672000885 -0.001806951710022986 -0.005194114521145821 -0.0016009017126634717 -0.0030315134208649397 -0.0005376781919039786 -0.001221255399286747 0.0006338025559671223 -0.001337507856078446 0.01293935626745224 0.004866640083491802 -0.0036182384938001633 0.002026026137173176 0.0014803556259721518 0.0004983738181181252 -0.0012531715910881758 0.001985226757824421 -0.008036898449063301 0.0022536232136189938 0.0007759316358715296 -0.0036771937739104033 0.002935165073722601 -0.0014776081079617143 -0.0011430983431637287 0.0014941612025722861 0.0005462937406264246 -0.0049951346591115 -0.001992517849430442 -0.004900181666016579 -0.0020763168577104807 -0.002786435419693589 0.0017833193996921182 0.0031721536070108414 -0.004924478940665722 0.001076192012988031 0.0017519958782941103 -0.00042136257980018854 -0.0039263758808374405 0.00881313718855381 0.006551701109856367 -0.0021154317073524 -0.0025137539487332106 0.0012299517402425408 -0.0041653006337583065 0.0036976977717131376 -0.00018380495021119714 -0.0023971765767782927 0.0064417715184390545 -0.0019338277634233236 -0.0014616964617744088 0.006255130283534527 0.006183371413499117 -0.03777629882097244 -0.011139396578073502 -0.016434499993920326 0.003259432502090931 0.002440553391352296 -0.03295876830816269 -0.008971977047622204 -0.04085471108555794 0.01005603652447462 -0.009243147447705269 -0.06208726763725281 0.032782964408397675 0.08519275486469269 -0.08595289289951324 -0.042531684041023254 0.1228986606001854 -0.08321976661682129 -0.047239139676094055 -0.052606627345085144 0.041341815143823624 -0.09419956058263779 -0.018802549690008163 0.05740312486886978 0.01387957762926817 -0.02925896644592285 -0.08574169874191284 -0.08663672208786011 0.012048888020217419 -0.014475801959633827 -0.13755442202091217 -0.011696930974721909 -0.08195780962705612 -0.058170221745967865 -0.060996752232313156 -0.05954921618103981 -0.024930298328399658 0.04887258633971214 -0.061834707856178284 0.0454227477312088 -0.08179815858602524 -0.07930653542280197 -0.08918186277151108 -0.023557288572192192 -0.057430364191532135 -0.07654336839914322 -0.10181485861539841 -0.07913579791784286 0.047672566026449203 -0.08288411051034927 -0.07768290489912033 -0.01769176684319973 -0.07910343259572983 0.03208112716674805 -0.02355465479195118 0.06942279636859894 -0.025018973276019096 -0.019573060795664787 -0.07154135406017303 -0.05872698128223419 -0.030514346435666084 -0.02233240380883217 0.22503677010536194 -0.0026719842571765184 -0.05878913402557373 0.015140118077397346 0.0354531891644001 0.015340103767812252 0.04450313374400139 0.029999876394867897 0.052801940590143204 0.050873614847660065 0.0672040730714798 0.01352930348366499 0.042927276343107224 0.0392996147274971 0.0396968238055706 -0.014874381013214588 0.012797147035598755 0.05145707353949547 -0.034272704273462296 0.03657926246523857 0.014213117770850658 0.03828463330864906 0.03983509913086891 0.029317205771803856 0.048517681658267975 0.06512947380542755 -0.025971703231334686 0.033296726644039154 0.024173250421881676 0.010936795733869076 0.0018160887993872166 0.029003117233514786 0.009504543617367744 0.01845793053507805 0.013478410430252552 0.02391170710325241 0.03956395387649536 0.009904840961098671 0.012381847016513348 -0.023198343813419342 0.027950983494520187 -0.011417991481721401 0.005043322686105967 0.005277952644973993 0.03480510413646698 0.034112438559532166 0.01912093162536621 0.017240025103092194 0.011687779799103737 0.05319106578826904 0.006047743838280439 0.007449171971529722 -0.0007423660717904568 0.03472581133246422 0.02684738300740719 0.03041364625096321 0.03520878404378891 -0.02838088944554329 0.03893014043569565 0.0434735082089901 0.054109588265419006 0.0114534767344594 0.013711415231227875 0.026566121727228165 -0.017430486157536507 0.045641183853149414 0.018554870039224625 -0.0010714865056797862 0.018105467781424522 0.011168303899466991 0.047716569155454636 0.022264396771788597 0.030840106308460236 0.07519818097352982 0.0681125745177269 0.015430168248713017 0.05948260799050331 0.022676188498735428 0.029864981770515442 -0.0068456195294857025 0.043086692690849304 0.011421112343668938 -0.04342246055603027 0.009238631464540958 0.002947355853393674 0.031209321692585945 0.010363759472966194 0.024724408984184265 0.006484466604888439 0.015314674004912376 -0.006765424739569426 0.04693160951137543 0.0005131008801981807 0.029059499502182007 0.03355560824275017 0.01515413448214531 0.06260861456394196 0.017943209037184715 0.03769558668136597 0.025646235793828964 0.03584955632686615 0.017509786412119865 -0.006426242180168629 -0.01732417196035385 0.0330689437687397 0.02800014056265354 0.007190525997430086 0.0369255393743515 0.02034171111881733 0.03340144082903862 0.027023199945688248 0.04671232029795647 0.057245273143053055 0.05516736954450607 0.034332577139139175 0.011823203414678574 0.014981849119067192 0.02384513057768345 0.04699921980500221 0.018263090401887894 0.029209429398179054 -0.0010372803080826998 0.049809642136096954 0.03693016991019249 0.002998012350872159 0.04619678482413292 0.08120594173669815 0.038463737815618515 -0.03821554034948349 0.0591239407658577 0.009429890662431717 0.018122822046279907 0.05450206622481346 0.00031723271240480244 0.022692525759339333 0.027117040008306503 0.03816915675997734 0.009963843040168285 -0.004061595536768436 0.06140521913766861 0.012695412151515484 0.01527376752346754 0.05589776486158371 -0.027924958616495132 0.0253248643130064 0.000602864776737988 -0.04588129371404648 0.020132817327976227 0.042423345148563385 0.014343161135911942 0.008619380183517933 0.012826119549572468 0.0382612943649292 0.059638239443302155 -0.016792047768831253 0.002559360582381487 -0.009547112509608269 0.041519492864608765 0.040692903101444244 0.02772895060479641 0.006537298671901226 0.016638901084661484 0.028242861852049828 -0.015668444335460663 0.05299226939678192 0.01796320639550686 0.024691123515367508 0.00408216891810298 0.031430281698703766 -0.011780578643083572 0.0004956391640007496 0.04095189645886421 0.013344937935471535 0.02149057574570179 0.011186754330992699 0.019154584035277367 0.06518937647342682 -0.002891279524192214 0.0019492357969284058 0.004045945592224598 0.03957430273294449 0.0032520298846066 0.033901896327733994 0.018187856301665306 0.02640375681221485 -0.0417204275727272 0.02122238650918007 0.017855489626526833 0.05707794427871704 0.034670665860176086 0.06722202897071838 0.016764750704169273 0.016218436881899834 0.0035027512349188328 -0.0037309916224330664 0.018053896725177765 0.029988212510943413 0.0061605945229530334 0.04559260234236717 0.0007511745789088309 0.06980264186859131 0.038549020886421204 0.09503594040870667 0.056847646832466125 0.048476286232471466 0.028946252539753914 0.023043401539325714 -0.01873704604804516 0.045874204486608505 0.05244092270731926 -0.04465965926647186 0.02670924924314022 0.0241608414798975 0.030453631654381752 0.057204265147447586 0.000797079352196306 0.039758432656526566 0.02583100087940693 -0.015035061165690422 0.026102324947714806 0.0824221819639206 0.009226076304912567 -0.0012422335566952825 0.02209997922182083 -0.012460541911423206 0.021016331389546394 0.025869539007544518 -0.019075242802500725 0.04216105863451958 0.007868296466767788 0.0017823949456214905 -0.0076430258341133595 0.06543749570846558 0.00016849985695444047 -0.003277614014223218 0.028731416910886765 0.012488868087530136 0.03407789766788483 0.03342469781637192 0.019153067842125893 0.09429629147052765 0.07182840257883072 0.04646531119942665 0.024898534640669823 0.056246526539325714 0.014540364034473896 0.058323804289102554 0.01246747188270092 0.06082601472735405 -0.015671519562602043 0.03478911519050598 0.020106151700019836 0.04907604679465294 0.04051182419061661 0.06800626963376999 0.0647132396697998 0.03336295858025551 0.0716651976108551 0.0008295208681374788 -0.001668828772380948 -0.007643557153642178 -0.004827725235372782 -0.0012929344084113836 0.015200073830783367 0.004523856099694967 -0.0017699640011414886 0.004051349591463804 -0.0029959597159177065 -0.0056953164748847485 -0.0031327097676694393 -0.007073136046528816 0.0033607466612011194 -0.0014251318061724305 -0.00909225083887577 -0.0075721354223787785 0.0026071013417094946 -0.0023261429741978645 -0.0018543981714174151 0.003239610930904746 -0.0006705060950480402 -0.00238870014436543 -0.0023991281632333994 0.002661554841324687 -0.003205858403816819 0.011578088626265526 0.0030390408355742693 -0.007179516367614269 -0.0023961171973496675 -0.004178409930318594 0.005717690102756023 0.005185646470636129 0.008683997206389904 0.004123625345528126 0.005537679418921471 0.0009287422872148454 -0.00262171751819551 0.0006908903596922755 -0.0016867100493982434 0.002309615258127451 -0.0056122844107449055 0.005665391683578491 -0.007604899816215038 0.0033665637020021677 -0.0025109678972512484 -0.011377820745110512 0.011483725160360336 -0.004505143966525793 0.0026610062923282385 0.0002530936326365918 0.004213848616927862 0.002741812728345394 -0.002938778605312109 -0.0036670228000730276 -0.005124371033161879 -0.0037830921355634928 0.0034754369407892227 -0.002628031885251403 -0.001367300283163786 0.006720412522554398 -0.0020117475651204586 -0.0035109438467770815 -0.0005565721658058465 -0.0008523992146365345 0.023483319208025932 0.07427729666233063 0.05944608896970749 0.07501709461212158 0.06597141176462173 0.006038311868906021 0.07809609919786453 0.06674665957689285 0.019602235406637192 0.05448108911514282 0.09340444952249527 -2.7930494979955256e-05 -0.028695547953248024 0.022780051454901695 0.05863513797521591 -0.047792818397283554 0.043639712035655975 0.03279039263725281 0.059667881578207016 0.02788633294403553 0.01650327630341053 -0.002567300572991371 0.05653376132249832 -0.02237817272543907 0.08694762736558914 0.08140312880277634 -0.015036356635391712 0.04245465621352196 0.014748064801096916 0.09933744370937347 0.04104389250278473 0.023392755538225174 0.041423846036195755 0.06778592616319656 0.050616662949323654 0.07573257386684418 -0.016744421795010567 0.06614596396684647 0.05554116517305374 0.00879572331905365 0.08246256411075592 0.0739646926522255 0.05427342280745506 0.06943795830011368 0.028142467141151428 0.06959812343120575 0.014819626696407795 0.002042576903477311 0.0397690013051033 0.010762261226773262 0.052106574177742004 0.0127877714112401 0.049132123589515686 0.056192584335803986 -0.02570178173482418 0.018145525828003883 -0.0006002316367812455 0.07640895992517471 0.038224879652261734 0.0034553399309515953 0.06382089853286743 -0.027818730100989342 -0.009427476674318314 0.04438424110412598 0.020172156393527985 0.02310776896774769 -0.007945254445075989 -0.03064858727157116 0.007184801623225212 0.01894996501505375 -0.004338208120316267 -0.027745023369789124 -0.05251382663846016 -0.013201328925788403 -0.014995652250945568 -0.04834689199924469 0.18056273460388184 -0.03832535445690155 0.002273733261972666 0.19998767971992493 0.038732852786779404 0.023040825501084328 -0.007734762039035559 -0.06295285373926163 0.05626115947961807 -0.044966645538806915 0.05434241145849228 0.13482174277305603 -0.047971293330192566 -0.017103426158428192 0.0023002030793577433 -0.009553171694278717 -0.06210445612668991 0.027222765609622 -0.04900733008980751 0.0344017893075943 0.1066320389509201 0.013900063931941986 0.05453759431838989 -0.00415763771161437 0.059335097670555115 -0.034415800124406815 0.19333086907863617 -0.021060559898614883 0.04599864408373833 -0.015870388597249985 -0.05941632390022278 -0.02782551385462284 -0.02213834784924984 -0.029718801379203796 -0.0304533950984478 -0.04285695403814316 0.042478568851947784 0.04160015657544136 -0.049404487013816833 -0.04429731145501137 -0.015230609104037285 -0.035682421177625656 0.11635244637727737 -0.051973145455121994 0.018706705421209335 -0.023206425830721855 0.045774150639772415 0.0300434622913599 -0.06172218546271324 0.16459129750728607 -0.011121852323412895 -0.024744568392634392 -0.021957024931907654 0.08796103298664093 0.07845989614725113 -0.00831768848001957 0.07215158641338348 0.06663224846124649 0.006335122976452112 0.06158239766955376 0.08461076766252518 0.027182405814528465 0.037606630474328995 0.10676754266023636 0.013568779453635216 0.07730104774236679 0.087587870657444 -0.07601971179246902 0.09740719199180603 0.029691124334931374 -0.008064037188887596 0.05433058738708496 0.013843507505953312 0.0005728713585995138 -0.005704047624021769 -0.00896188709884882 0.05176759883761406 0.09842821210622787 0.04578641057014465 0.05193939059972763 0.009161226451396942 0.033562034368515015 -0.0011394760804250836 0.031688690185546875 0.034543756395578384 0.08588675409555435 -0.022295618429780006 0.011613276787102222 0.03160086274147034 0.05442425608634949 0.053115591406822205 -0.021734481677412987 0.0324394665658474 0.029002632945775986 0.02865864522755146 0.04477418214082718 0.03719542548060417 0.06074044853448868 0.10225294530391693 0.05397941917181015 0.02350127138197422 0.07072005420923233 0.0109182083979249 0.0449029766023159 0.008733121678233147 0.08035548776388168 -0.06895359605550766 0.013534465804696083 0.07853629440069199 0.01725979894399643 0.08487029373645782 0.03173961117863655 0.002718033269047737 -0.027056826278567314 0.06204761564731598 0.02608923427760601 0.04603609815239906 -0.014350954443216324 0.008466376923024654 0.008457602001726627 0.05197592079639435 -0.050719983875751495 -0.0484250970184803 -0.04316210001707077 0.022639352828264236 -0.03775519132614136 0.005119805224239826 -0.1452149599790573 0.16146060824394226 -0.05368579179048538 -0.03742316737771034 0.17103546857833862 -0.012024804949760437 0.010402183048427105 0.019048642367124557 -0.08929211646318436 0.03846987709403038 -0.054449036717414856 -0.10779701918363571 0.1244187206029892 -0.030991341918706894 -0.03825729712843895 0.05455869436264038 -0.020558461546897888 -0.009670178405940533 0.09362322092056274 0.00995818804949522 0.010792306624352932 0.08601877093315125 -0.013537686318159103 0.037117041647434235 0.05533955991268158 0.09078724682331085 -0.022762605920433998 0.09561111778020859 -0.012772238813340664 0.0003068950609304011 -0.022497164085507393 -0.022435156628489494 -0.01743346080183983 -0.057972002774477005 0.010458432137966156 -0.016027141362428665 -0.08787418901920319 -0.03977460786700249 0.021503105759620667 -0.0032795919105410576 -0.03716777265071869 -0.04867313802242279 -0.0668015256524086 0.028289463371038437 0.014062742702662945 -0.027585729956626892 -0.04015425220131874 0.025326164439320564 -0.00785019714385271 -0.029133077710866928 0.2028435617685318 -0.03755776584148407 -0.06840857863426208 -0.003032707143574953 -0.01630532182753086 -0.010699971579015255 -0.00890730507671833 -0.004305798094719648 0.004585960879921913 -0.011758760549128056 0.009688303805887699 -0.02461804822087288 0.004417040850967169 -0.00448234286159277 0.009429804980754852 -0.0021717105992138386 0.015630818903446198 -0.001036207308061421 -0.001681734574958682 -0.014207960106432438 -0.004450365900993347 -0.016501035541296005 -0.008003724738955498 -0.009734966792166233 0.015453323721885681 0.01203237660229206 0.003485425841063261 0.012138616293668747 0.0006409770576283336 0.000507631222717464 -0.002551258308812976 -0.010490380227565765 -0.018005099147558212 -0.006820119917392731 -0.004611236974596977 -0.0205606147646904 -0.0007889854023233056 -0.013778990134596825 -0.009631873108446598 0.0076678176410496235 0.0005647207144647837 -0.020408038049936295 -0.008671443909406662 -0.0002260873152408749 0.01234627328813076 -0.004822238814085722 -0.008748963475227356 -0.020373599603772163 -0.018535960465669632 -0.023253867402672768 0.02510342001914978 0.005365351680666208 0.0016599707305431366 0.0198009442538023 -0.008441027253866196 0.010749591514468193 -0.0009632119908928871 0.01928427442908287 0.0018486510962247849 0.010002893395721912 0.002239883877336979 -0.021567923948168755 -0.0032704088371247053 -0.00571732223033905 -0.013637209311127663 -0.011718101799488068 -0.00921840500086546 -6.496481337742282e-39 -8.979027374080467e-35 3.9759643886627694e-39 3.910043105005537e-41 1.8675665153442567e-39 -2.515163988945792e-39 -3.629384042078241e-39 2.2647925910264126e-39 1.850764946757002e-40 -2.262209997956662e-39 6.992759596673702e-40 3.481478390467221e-39 1.1358252728554091e-39 -9.270850510126557e-40 4.554251617628092e-31 6.784400528013245e-39 5.5095300137367417e-39 5.2649613927581313e-39 -1.7964200893842605e-31 1.272897486038734e-40 3.237571182363772e-39 -1.938504447503772e-39 5.362996908435184e-25 -4.420631423854642e-39 1.9102484166883407e-20 1.2736028805645076e-21 1.1197682778800307e-32 -4.7395333231718266e-39 -9.718859642155845e-40 7.114956975018689e-30 2.0547043200609787e-39 3.6013790922687096e-40 5.2860621450339344e-40 -5.4582256743608815e-40 3.665147534414477e-34 5.830032195900185e-39 3.645155656294217e-39 -2.2349981830779383e-39 -1.309261181187963e-40 3.2947441597082245e-39 5.1417213967161567e-39 2.616476466618012e-40 1.709425779749808e-39 -5.928570102613042e-39 -1.9610513397947582e-39 2.229310704707343e-29 5.2631677307237956e-39 -1.8356169103576509e-40 -1.089663698843621e-40 -4.1696893970218917e-35 5.2801346525298405e-39 -2.915496743323356e-39 -4.567144184792123e-39 -2.8506656698713683e-39 -6.086806126503065e-40 3.747229039032565e-39 7.349295741148546e-33 -3.6499200710729213e-40 1.772432362601245e-39 8.660515996130689e-28 4.251917891346863e-40 2.412979903628762e-40 2.8980645904271553e-39 -3.1244969359432824e-29 0.06181790679693222 0.023735955357551575 0.0884714424610138 0.05578667297959328 0.022419298067688942 0.08797289431095123 0.0411953441798687 0.08500134199857712 0.029728297144174576 0.1342950463294983 0.10339485108852386 0.06987055391073227 0.021946599707007408 0.01797529123723507 0.0538141131401062 -0.0475924015045166 0.07424090802669525 0.0744054764509201 0.047965943813323975 0.055246688425540924 0.10168926417827606 0.021402249112725258 0.04914604499936104 -0.06103931739926338 0.0730459988117218 -0.011898268014192581 0.04754175245761871 -0.003694557584822178 0.05677637830376625 0.0027438835240900517 0.06559852510690689 -0.0033159719314426184 -0.006008235737681389 0.0811745747923851 0.03653207793831825 -0.005532802548259497 -0.03527527675032616 0.11285050958395004 0.03837943822145462 0.08302362263202667 0.09874679893255234 0.013467743992805481 0.02026495151221752 0.06007371470332146 0.02045976184308529 0.029356611892580986 0.12805745005607605 0.041960060596466064 0.02910497970879078 0.054099190980196 0.0784035176038742 0.10292655974626541 0.04288526624441147 0.10355222970247269 -0.06995774805545807 0.03567938134074211 0.06575960665941238 0.09797080606222153 0.09848354756832123 0.13806945085525513 0.08980546146631241 -0.008904294110834599 0.04557349160313606 0.008168177679181099 -0.009797487407922745 0.007892951369285583 0.10997322201728821 0.08307674527168274 0.059908073395490646 0.04148022085428238 0.05806742608547211 0.010724425315856934 0.06172830983996391 0.08886156976222992 0.007127579767256975 0.041132260113954544 0.02929859049618244 0.0026878302451223135 0.10204261541366577 -0.07435692846775055 0.09321604669094086 -0.010889110155403614 0.07206324487924576 0.04776589944958687 0.014007827267050743 0.10509460419416428 0.12488652765750885 -0.03307735547423363 0.11718931794166565 -0.0014177521225064993 0.081690713763237 0.09799594432115555 0.06677479296922684 0.0946558266878128 0.028906987980008125 0.00456364406272769 0.014216198585927486 0.05349515751004219 0.029454758390784264 0.032973673194646835 -0.021930761635303497 0.09332235902547836 0.00027801544638350606 0.018979066982865334 0.10591193288564682 0.06333062797784805 0.04720507934689522 -0.0027246528770774603 0.0318160206079483 0.004851827397942543 0.02915966883301735 0.05210869386792183 0.02544812671840191 0.04377720504999161 0.09048542380332947 0.10886650532484055 0.010630562901496887 0.03284136578440666 -0.06953328847885132 0.029322078451514244 0.12407413870096207 0.06984296441078186 0.09385259449481964 0.0551949068903923 0.0844416543841362 0.016423191875219345 0.06706689298152924 0.08305055648088455 4.5796005876397317e-11 -4.7608600084458885e-07 1.697260665345368e-10 8.090268721616667e-08 2.830766954176056e-09 3.2541411787434527e-09 5.99670102019445e-07 -1.7950360415852629e-06 -2.0877843454059075e-08 -4.2228260888066416e-09 1.9794842154308157e-10 1.631136728974525e-05 -1.2543464045222663e-08 -3.934994907695e-08 -1.8067873952531954e-06 -4.223640104328297e-09 -2.2801886601087062e-08 2.0805519529432104e-09 4.6442294454607236e-09 -8.42039682424911e-09 8.069970469648524e-09 -3.872743832289416e-07 2.374565610807622e-06 -1.5232597405656634e-08 -2.967911783002819e-08 -2.2871532223689428e-07 -8.288704123060597e-08 -8.918851790440385e-08 -1.8152153391515213e-10 1.0118601494468749e-05 -2.3275734672978388e-09 6.0289657710654865e-09 -3.624356814668772e-09 -1.7020383324961585e-08 -7.991143857744021e-10 -1.4695674899201094e-08 -9.801155442801246e-10 -5.451878948292688e-10 -7.782320210480975e-08 5.555601756412898e-09 -1.0224340263320641e-09 8.632931667307275e-07 2.048555991507328e-09 -3.666720260753209e-09 -1.2610525956802121e-08 2.348577998745327e-09 -4.280620942154201e-07 5.272106591291958e-07 -4.0825277380918124e-08 -5.419141402285277e-08 6.344414438252954e-10 -4.242956919142671e-08 -1.626723822312215e-08 -6.455679990580165e-09 -4.107247875140274e-09 -6.48450571016923e-10 -3.530600922729832e-09 -2.4211371396631876e-07 1.0505372571856242e-08 -6.62536763229582e-08 4.668091246884387e-09 -2.1319826459809121e-10 -3.992865913460264e-07 2.8194298806738516e-07 0.08233587443828583 0.01733478531241417 -0.02080194279551506 -0.045308854430913925 0.04101518169045448 -0.09938392788171768 0.01224751491099596 0.05352984741330147 -0.004208884201943874 -0.025981534272432327 -0.04000852629542351 -0.10324845463037491 0.16081097722053528 -0.01320708729326725 0.031696729362010956 0.25346577167510986 -0.049721941351890564 -0.0011227921349927783 -0.045492276549339294 -0.10876307636499405 -0.01835741475224495 -0.009774467907845974 0.01994117721915245 0.12392107397317886 0.0440017506480217 0.03159363940358162 -0.04285235330462456 -0.048668328672647476 -0.03674587607383728 0.018376369029283524 -0.01795584335923195 -0.03154119849205017 0.07096997648477554 -0.06043969839811325 0.06991447508335114 0.052582748234272 0.11810217797756195 0.0001395227009197697 0.15940573811531067 0.00968919601291418 -0.005788104142993689 0.027668185532093048 -0.022980080917477608 -0.024405300617218018 -0.055608902126550674 -0.023361073806881905 -0.02272690273821354 -0.034321852028369904 0.0015768612502142787 -0.015885990113019943 0.07668929547071457 -0.06324386596679688 -0.02260485477745533 -0.002007555216550827 0.10091458261013031 -0.019221486523747444 -0.033409032970666885 -0.008448578417301178 0.04298078641295433 0.08533257991075516 -0.031635235995054245 0.24084649980068207 -0.0310132447630167 -0.0034445824567228556 4.151137211749756e-09 -1.921560937034883e-07 6.207063051988371e-06 2.864249495360127e-07 0.00014254808775149286 -7.993091458047275e-06 -2.0487144865910523e-05 -5.379632784752175e-05 3.220657890778966e-05 -5.857924861629726e-06 -1.066128740845329e-09 -3.976395873905858e-06 7.396597223596757e-12 7.78860975714224e-10 0.0005242757615633309 5.935609351581661e-06 -1.1000092854374088e-06 -6.416396303166039e-08 3.821893551503308e-05 7.309418833756354e-06 -3.911079033969145e-07 0.0003218885394744575 7.382857438642532e-05 -4.9101777221949305e-06 0.00040517927845939994 -1.6552876331843436e-05 1.2857073670602404e-05 2.641395440150518e-05 -1.3057133401161991e-06 4.425763836479746e-05 -2.656114439503199e-09 -9.36290547315366e-08 -1.3678319419341278e-06 3.1235002097673714e-05 -1.809945956665615e-06 -5.309553671395406e-06 -3.7550655633822316e-06 -1.3759400872004335e-06 1.1157887456647586e-05 -4.836934763829959e-08 -3.2278146022690635e-07 -1.7886872228700668e-05 1.6545331163797528e-05 1.6205949293635058e-07 8.154389070114121e-05 6.085446511860937e-05 0.00012358515232335776 2.3347616661339998e-05 -1.252756653968845e-08 1.6281989019262255e-06 3.3082858408306492e-06 3.831209596683038e-06 -3.702081698975235e-07 0.00022669883037451655 -3.3472400673417724e-07 -1.0242101211588306e-07 -6.749584281351417e-05 0.00011027405707864091 6.9817689407614125e-09 -3.991653647972271e-05 2.5170167646137998e-05 -8.973833587333502e-07 0.0006335947546176612 -8.173372407327406e-06 0.021030493080615997 0.04611979052424431 -1.581452670507133e-05 0.04943307489156723 0.03129688650369644 0.03246535733342171 0.014852110296487808 0.07294059544801712 0.06514695286750793 0.06514862924814224 0.048405420035123825 0.018312029540538788 -0.008088845759630203 0.020779840648174286 0.07000409811735153 -0.04411110281944275 0.025255169719457626 0.012423950247466564 0.030437670648097992 0.05688939243555069 0.040845271199941635 0.05274461954832077 0.0793268010020256 -0.04030894488096237 0.06274917721748352 0.019106652587652206 0.017055420204997063 0.05988642945885658 0.05316898971796036 0.07537461817264557 0.010349787771701813 0.03557102009654045 0.03324902057647705 0.029406191781163216 0.009002984501421452 0.011572127230465412 -0.015253479592502117 0.03868669271469116 -0.0002027002046816051 0.010498736053705215 0.04637636989355087 0.033494677394628525 0.05385396257042885 0.005612747278064489 0.036659128963947296 0.06653524190187454 0.07910872250795364 0.043414533138275146 0.035878751426935196 0.036027275025844574 0.010821940377354622 0.0541863888502121 0.03233227878808975 0.03775625675916672 -0.035500455647706985 0.05724112316966057 0.0780990719795227 -0.002697356278076768 0.007327280007302761 0.05675685778260231 0.0629308745265007 0.01943342573940754 0.0667891874909401 -0.005375133827328682 0.00268286420032382 0.02781841717660427 0.010693193413317204 0.01744607463479042 0.024285780265927315 0.028712550178170204 0.03105110675096512 0.04307134076952934 0.030681053176522255 0.04127645120024681 0.011313430033624172 0.02664284035563469 0.0015408333856612444 0.029459981247782707 0.027490224689245224 -0.030988210812211037 0.016666710376739502 0.023592939600348473 0.014087414368987083 0.03144067898392677 0.012059864588081837 0.03556632250547409 0.018198233097791672 -0.013325151987373829 0.026263900101184845 0.033574774861335754 0.0021427609026432037 0.021414468064904213 0.026176150888204575 0.010806383565068245 0.012757441028952599 0.011994519270956516 0.002660635393112898 0.02610614337027073 0.0015814995858818293 0.013451747596263885 -0.014784975908696651 0.03088804893195629 0.005454861093312502 0.016041729599237442 0.023315053433179855 0.02225210890173912 0.026144232600927353 0.017358703538775444 0.0230112187564373 0.043008945882320404 0.034822218120098114 0.01246767956763506 0.007938811555504799 0.013819823041558266 0.02284659817814827 0.014878739602863789 0.016699600964784622 0.030765555799007416 -0.02592465467751026 0.019944721832871437 0.009540793485939503 0.028802355751395226 0.022727567702531815 0.019723350182175636 0.03149576112627983 0.00838229339569807 0.01872796006500721 0.017798708751797676 0.02550932951271534 -0.002511054277420044 0.08939322084188461 0.0007179327658377588 0.07077651470899582 0.02576090395450592 0.053991228342056274 0.1269136667251587 0.06198585778474808 0.01788104884326458 0.007036163005977869 0.10017292201519012 0.002469877013936639 0.020470336079597473 0.02146156132221222 -0.025866687297821045 0.06275904178619385 0.07812757790088654 0.010268479585647583 0.037642985582351685 0.06270173192024231 0.030901458114385605 0.051245223730802536 -0.0009030491346493363 0.025222476571798325 0.06005784124135971 0.036809857934713364 0.020412752404808998 0.06732857972383499 0.100768081843853 0.020357465371489525 0.07435514032840729 0.001392763340845704 0.023055244237184525 0.005062708165496588 0.07001805305480957 -0.03505970537662506 0.0386018306016922 -0.007466298993676901 -0.011188266798853874 0.07012014091014862 0.09848345816135406 0.05381552129983902 0.06344301253557205 0.01687719114124775 0.09743908792734146 0.1309138983488083 0.015531831420958042 0.01798495650291443 0.010364211164414883 0.026533640921115875 0.11469411104917526 0.060608770698308945 0.07150846719741821 -0.06166532263159752 0.04605403542518616 0.09141182154417038 0.10158037394285202 0.05018171668052673 0.03249816969037056 0.06228424981236458 0.019664518535137177 0.07697933912277222 0.09820695221424103 -0.006610117852687836 0.043671123683452606 0.010549427941441536 0.0082821911200881 0.037066735327243805 0.03642461076378822 0.026715178042650223 0.056107986718416214 0.05698008835315704 0.03628644719719887 0.04880921542644501 0.01187366247177124 0.011789427138864994 0.044401463121175766 0.029120532795786858 0.0016479301266372204 0.03695487976074219 0.020934036001563072 0.04029648005962372 0.032951340079307556 0.02985193207859993 0.010764229111373425 0.06183433160185814 -0.008907884359359741 0.005088388919830322 0.0027205415535718203 0.023752311244606972 0.049596019089221954 0.013973337598145008 -0.009724973700940609 0.011800798587501049 0.019569031894207 0.018605541437864304 0.03583676367998123 -6.588461110368371e-05 0.03535732254385948 0.0013815644197165966 0.01686260476708412 -0.019837794825434685 0.00040391384391114116 0.0026474311016499996 0.021034985780715942 0.031806811690330505 0.012202383019030094 0.0397799089550972 0.05162225663661957 0.040332868695259094 0.024655546993017197 0.009533957578241825 0.0054834159091115 0.020508822053670883 0.01425105333328247 0.020388144999742508 0.030637800693511963 -0.04406974837183952 0.04149867966771126 0.0523662231862545 0.03876407444477081 0.023734210059046745 0.0259120874106884 0.023606829345226288 -0.007218983024358749 0.04526613652706146 0.05196208879351616 2.44221318723703e-08 4.66135679744184e-05 -1.0632267288812614e-09 -1.6562947280363005e-07 5.3933786148090135e-14 -1.2597679415193852e-05 -2.7736364245356526e-06 3.0458074888883857e-06 -1.6866543717242166e-07 -1.0283380191822289e-07 -2.361731699096481e-09 0.00048309218254871666 -2.7979685910395347e-06 2.07262633011851e-06 -1.0236481102765538e-05 -8.903864624765223e-12 1.2318807307565294e-07 -8.001727110240608e-06 6.932092588840533e-08 -1.7989150364883244e-06 1.3293768308386689e-09 -1.6293193766614422e-05 -2.8707913202197233e-07 -3.665052983325978e-11 -6.157808343232318e-07 -3.6213021470388185e-09 -7.520883360534469e-10 1.991694489333895e-06 -7.460947415438568e-08 -3.0705641620443203e-06 -2.922342489525276e-12 -1.2599562282389343e-08 -1.0830557357621728e-06 -6.594273713744769e-07 -1.8425354255668935e-06 -3.0139275963847467e-07 -5.771905193796556e-07 1.6917456324705427e-10 -9.178580118174295e-10 -1.0695151075879039e-07 -1.5066573544331163e-09 -3.330822835323488e-07 1.8581414451546152e-06 1.0040436260183583e-09 -4.593129688146291e-06 -2.5541178061416758e-08 5.863637852598913e-06 -4.6945834242251294e-07 -3.0262933705671458e-06 -7.971365928449714e-11 -2.355641726126123e-07 -1.4592797192847229e-08 -4.0461753769704956e-07 -6.551631486217957e-06 -1.24132839118829e-05 6.808488883791597e-09 -2.7995335472041916e-07 -3.463785469648428e-05 -4.114887417472346e-07 -3.7306713807083725e-07 -7.7780587162124e-06 -1.0805619012899115e-06 4.465121037355857e-06 -1.4255283531383611e-06 0.0057761697098612785 0.04180457815527916 0.07317405194044113 0.010462235659360886 0.04923274368047714 -0.002658923389390111 0.05794047191739082 0.08420800417661667 0.026768097653985023 0.036043133586645126 0.055908020585775375 -0.006099250633269548 0.01509192492812872 0.059139005839824677 0.06441808491945267 0.002574509009718895 0.06762037426233292 0.0076251644641160965 0.07154589891433716 0.009174003265798092 0.007884899154305458 0.08931989967823029 0.06902895867824554 -0.05455496907234192 0.051413971930742264 0.07329626381397247 0.01957663521170616 0.07474016398191452 0.07903927564620972 0.027941817417740822 0.035760749131441116 0.025907905772328377 -0.012781406752765179 -0.001442493055947125 0.0043623242527246475 0.03305232152342796 -0.04534889757633209 0.040392905473709106 0.019622795283794403 0.058570973575115204 0.0048737009055912495 0.03179854527115822 0.03009999915957451 0.013954788446426392 0.046239688992500305 0.047266703099012375 0.027702752500772476 0.02107364684343338 0.04035565257072449 0.0170135535299778 0.05222922936081886 0.045765407383441925 0.07264752686023712 0.07468067854642868 0.006794425658881664 0.046933118253946304 0.011546619236469269 0.04863819107413292 0.019700324162840843 0.010801143012940884 0.04831689968705177 -0.05267488211393356 0.08769398927688599 0.04105819761753082 -0.011557216756045818 -0.02817552722990513 -0.006410948932170868 -0.009512271732091904 -0.023937741294503212 -0.042556632310152054 -0.026289021596312523 -0.052267491817474365 -0.016323795542120934 -0.053882304579019547 -0.002999123651534319 -0.023352136835455894 0.01922929845750332 -0.016838913783431053 -0.03592877462506294 0.04114800691604614 -0.03905453905463219 0.005257204174995422 0.013547011651098728 0.01002565212547779 -0.029277196153998375 -0.06399310380220413 -0.0545327290892601 -0.016205724328756332 -0.0387265719473362 -0.07859927415847778 -0.025659212842583656 -0.007666123565286398 -0.03505776822566986 -0.061952996999025345 -0.02225574105978012 -0.04638915881514549 -0.006595016922801733 -0.02464151568710804 -0.034886736422777176 -0.0015180713962763548 0.023147810250520706 -0.04189162701368332 0.0501868836581707 -0.035654421895742416 -0.024107009172439575 -0.04593828320503235 -0.010418287478387356 -0.021856244653463364 -0.027955567464232445 -0.05375627055764198 -0.01579715497791767 -0.02399079129099846 -0.030123982578516006 -0.031467217952013016 -0.04553534835577011 -0.06239478290081024 -0.02957117184996605 -0.026537522673606873 0.09048830717802048 -0.029613126069307327 -0.06746923923492432 -0.06284000724554062 -0.029207667335867882 -0.0198900755494833 -0.03580602630972862 0.08481477946043015 -0.0011138420086354017 -0.04526633024215698 0.006592323537915945 0.021725589409470558 0.009399362839758396 0.03796247020363808 0.018959715962409973 0.0428222194314003 0.04530201479792595 0.012492137961089611 0.029294105246663094 0.05593167990446091 0.017368590459227562 0.010376130230724812 -0.014171102084219456 0.03511098399758339 0.011546709574759007 -0.021876687183976173 0.05723223462700844 0.02256307192146778 0.01539025641977787 0.01521931029856205 0.00916457362473011 0.05801010876893997 0.050873637199401855 -0.024917159229516983 0.04519171267747879 0.061146922409534454 -0.004599528852850199 0.02977651171386242 0.022427750751376152 0.0543367974460125 0.017776964232325554 0.02955726347863674 0.015339595265686512 0.014677707105875015 0.00011004162661265582 0.02774755097925663 -0.017260268330574036 0.03654799610376358 -0.00644927890971303 0.018225420266389847 0.03663196414709091 0.027898598462343216 0.02650654874742031 0.02799726277589798 0.023015016689896584 0.06282376497983932 0.036969706416130066 0.015339040197432041 0.009090803563594818 0.0020230328664183617 0.0246562659740448 0.01292362343519926 0.02535526268184185 0.03470770642161369 -0.02640008181333542 0.04457401484251022 0.020714305341243744 0.031207064166665077 0.03735094517469406 0.04003347083926201 0.042301394045352936 0.022610971704125404 0.026011785492300987 0.04181473329663277 -0.041511185467243195 0.05226390063762665 0.09056217968463898 0.10933420807123184 0.12013597786426544 0.020963871851563454 0.018891900777816772 0.11690409481525421 0.12300221621990204 0.050660837441682816 0.11175694316625595 0.0969846099615097 0.016169046983122826 0.03747709468007088 0.06151163950562477 -0.03724122792482376 0.05690917745232582 0.0813346579670906 0.0399935208261013 0.10814651101827621 0.03466707468032837 0.08779262751340866 0.012966854497790337 -0.060780324041843414 0.04775743931531906 0.003297387855127454 0.03923606872558594 0.02127852849662304 0.03418443351984024 0.005071582738310099 0.07034555822610855 0.05798725038766861 -0.002627091947942972 0.029089482501149178 -0.005747433286160231 0.06185925379395485 0.050478607416152954 0.025274526327848434 0.015988120809197426 0.028245901688933372 0.10542114824056625 0.09493730962276459 0.049047403037548065 -0.0029029357247054577 0.06014221906661987 0.059076931327581406 0.09420973062515259 0.051132682710886 0.04110914468765259 0.061718761920928955 0.009504560381174088 0.05356144160032272 0.07688331604003906 0.027944030240178108 -0.016420666128396988 0.08409778028726578 0.06299520283937454 0.050426650792360306 0.000603345746640116 0.10745378583669662 0.028200821951031685 0.008097697980701923 0.1109960675239563 0.012102755717933178 0.0179392509162426 0.06223139539361 0.07219292968511581 0.08470389246940613 0.03373108431696892 0.11605202406644821 0.10149438679218292 0.06060096248984337 0.01525292731821537 0.07243312895298004 0.08401133865118027 0.0004982620012015104 -0.0035824591759592295 0.10748358070850372 0.09607440233230591 -0.07294533401727676 0.07803614437580109 0.004111273214221001 0.0645940899848938 0.04266911372542381 0.02282967045903206 0.11252979189157486 0.04398975893855095 -0.05111318081617355 0.10145418345928192 0.01088343933224678 0.005741647444665432 0.06507542729377747 0.08032850921154022 0.05174432694911957 0.053563784807920456 0.05062170699238777 0.014673203229904175 0.029708733782172203 0.05761955305933952 -0.012811640277504921 -0.04678233712911606 0.0666203498840332 -0.010799846611917019 0.044855017215013504 0.012973292730748653 0.022533586248755455 0.05071750283241272 0.008161092177033424 0.027799420058727264 0.05996353551745415 0.012620599009096622 0.02002635970711708 0.04213899374008179 0.048268601298332214 0.045659299939870834 0.026822905987501144 0.02424178645014763 0.09626303613185883 -0.06224161386489868 0.038523055613040924 0.007763403467833996 0.07153204828500748 0.05103612691164017 0.031201118603348732 0.06569208204746246 0.04422686994075775 0.08484937250614166 0.07979895174503326 0.017513373866677284 0.062143780291080475 0.03387666493654251 0.08841775357723236 0.028569631278514862 -0.06304846704006195 0.019165877252817154 0.037218593060970306 0.09329194575548172 -0.03644435107707977 -0.03590520843863487 -0.11040430516004562 0.16796159744262695 -0.05388456583023071 -0.08178049325942993 0.14575286209583282 -0.0463528111577034 -0.007817858830094337 -0.020144741982221603 -0.024831030517816544 0.08336803317070007 -0.13290464878082275 -0.15895359218120575 0.10431897640228271 -0.05258968845009804 -0.033600497990846634 -0.06656056642532349 -0.011052820831537247 0.010689159855246544 0.005957037676125765 -0.04060464724898338 -0.018959948793053627 0.055796850472688675 -0.011152674444019794 0.04079803079366684 0.06956005841493607 0.06952840089797974 -0.06839060038328171 0.06662240624427795 -0.021572330966591835 -0.006688233464956284 -0.031186344102025032 -0.021593455225229263 0.014639133587479591 -0.035342637449502945 0.007314715068787336 0.039035674184560776 -0.023372311145067215 0.011719625443220139 -0.030758196488022804 -0.06686621904373169 0.054996736347675323 -0.03326629847288132 -0.004876747261732817 0.030574290081858635 0.02869173139333725 -0.023891208693385124 -0.016668207943439484 0.015563776716589928 -0.029562197625637054 0.004775961861014366 0.2312404066324234 0.0389321967959404 -0.039221007376909256 0.05851240083575249 0.005705901421606541 0.0752025842666626 0.08536402136087418 0.09710089862346649 0.07393153011798859 0.03903660923242569 0.02637910656630993 0.10356273502111435 0.05688328668475151 0.09676945954561234 0.01984010450541973 0.023034019395709038 0.010241303592920303 0.044927872717380524 -0.0049284109845757484 0.026930566877126694 0.07912612706422806 -0.02396986447274685 0.08433127403259277 0.04583879932761192 0.11068132519721985 0.023968694731593132 -0.011332939378917217 0.09335945546627045 0.1069684773683548 -0.0170342605561018 0.03400975838303566 0.02070290967822075 -0.018385956063866615 0.07238801568746567 0.07636301964521408 0.003430865006521344 0.05526954308152199 -0.01622876524925232 0.08628492802381516 -0.02831953763961792 0.010348396375775337 -0.05999411642551422 0.017354710027575493 0.037069499492645264 -0.026345575228333473 0.08025538176298141 0.03194528818130493 -0.013156607747077942 0.02829713188111782 0.05352499336004257 -0.014314888045191765 -0.019700365141034126 0.05842641368508339 0.07922714203596115 0.058123260736465454 -0.000916302960831672 0.09814351052045822 0.022786542773246765 -0.01669297181069851 0.06963616609573364 0.10259382426738739 -0.010449125431478024 0.03808765485882759 0.026025919243693352 -0.02316753752529621 0.1142091155052185 0.05422578006982803 0.027916431427001953 -0.0683533251285553 -0.03927776589989662 -0.02744678594172001 -0.03300536423921585 -0.017375068739056587 0.04479098692536354 -0.013477491214871407 -0.04218779504299164 -0.041310496628284454 0.009664290584623814 -0.07736258208751678 0.0425308495759964 -0.05125930905342102 0.02535114251077175 0.09640508890151978 -0.025897180661559105 -0.005147866439074278 -0.045091237872838974 -0.05369997397065163 0.03258230537176132 -0.08824995160102844 -0.02264603227376938 0.06569180637598038 0.034332823008298874 -0.01998896338045597 0.02265772968530655 0.016016952693462372 0.013126875273883343 0.06457637995481491 -0.008428588509559631 0.05716043710708618 0.05951874330639839 -0.040918853133916855 0.0467914380133152 0.024620337411761284 0.05056805908679962 -0.02581644244492054 0.1103791669011116 0.013158777728676796 0.02979832887649536 -0.006634591147303581 -0.0188126303255558 0.008555377833545208 -0.01777011528611183 -0.000403859798097983 -0.010692032054066658 0.004828095436096191 0.006454372778534889 -0.051036905497312546 -0.02246946096420288 0.03023962303996086 -0.0021945021580904722 -0.05924912914633751 0.0831250324845314 -0.06219498813152313 -0.017069078981876373 0.008461009711027145 -0.055220723152160645 -0.006488278042525053 0.025834325700998306 0.16641375422477722 2.6716763386502862e-05 -0.010253620333969593 -0.007750175893306732 0.018268395215272903 0.02002498134970665 0.04486018419265747 0.06524316221475601 0.04870615899562836 0.06298402696847916 0.048698488622903824 0.01597193256020546 0.06556624919176102 0.013377392664551735 0.046882811933755875 -0.02901466004550457 0.06611359119415283 0.03745339438319206 -0.05150093138217926 0.02293521724641323 0.04441895708441734 0.04678347706794739 0.025966253131628036 -0.004035720136016607 0.05887345224618912 0.0851941704750061 -0.037378404289484024 0.016841456294059753 0.02051839604973793 0.02578088454902172 -0.011009461246430874 0.04015802964568138 0.008829539641737938 0.016299588605761528 0.03580503538250923 0.016826992854475975 0.047176018357276917 -0.008345041424036026 0.026701267808675766 -0.006369595415890217 0.012199340388178825 0.03658445551991463 0.04326575621962547 0.0432991087436676 0.0424012653529644 0.038414303213357925 0.003767316462472081 0.009698194451630116 0.03981794789433479 0.03985253721475601 0.04050570726394653 -0.003691944759339094 0.05115890875458717 0.009928800165653229 0.023781556636095047 0.028204970061779022 0.025918781757354736 -0.02109912596642971 0.0612945556640625 0.040083665400743484 0.023876981809735298 0.02435465157032013 0.06802373379468918 0.04881489276885986 -0.029387379065155983 0.0334944911301136 0.030707737430930138 -0.018295222893357277 -0.013544428162276745 -0.017350289970636368 -0.061271581798791885 -0.010228917934000492 0.039640527218580246 -0.04067787155508995 -0.005856234114617109 -0.025079593062400818 -0.03512488305568695 -0.047500357031822205 -0.03360390290617943 0.1431684046983719 -0.040246471762657166 -0.017816510051488876 0.11959519237279892 -0.04867171496152878 -0.0026309280656278133 -0.014662456698715687 -0.06886430829763412 -0.004748255014419556 0.011536086909472942 -0.003266514278948307 0.0869419053196907 0.010191941633820534 -0.023360831663012505 -0.020782535895705223 -0.054893139749765396 -0.052144307643175125 -0.00764126144349575 -0.0065387701615691185 0.04651733860373497 0.07061782479286194 0.007811037823557854 0.07995808869600296 0.00742114894092083 0.09309730678796768 0.011261251755058765 0.17356805503368378 0.03626085817813873 -0.00885520875453949 0.023181108757853508 -0.058819569647312164 -0.040243975818157196 -0.04073303937911987 -0.04682847112417221 -0.010855388827621937 -0.07749776542186737 -0.01976635679602623 0.0005046271835453808 -0.007529555354267359 -0.01878603734076023 -0.052268560975790024 0.0012110478710383177 0.08233008533716202 -0.00835346058011055 0.03505062311887741 -0.03162333741784096 0.029385123401880264 0.046918053179979324 -0.07194624841213226 0.22102080285549164 -0.051705196499824524 -0.0529082790017128 0.006116901524364948 -0.0317843034863472 0.012454323470592499 -0.004585911054164171 0.014256344176828861 -0.05933387950062752 -0.06351394206285477 -0.014843360520899296 0.04327484220266342 -0.046823326498270035 -0.06707819551229477 -0.026303550228476524 0.035688724368810654 -0.06418590247631073 -0.03507249429821968 0.07314536720514297 -0.09739203751087189 -0.06303425878286362 -0.040225688368082047 0.004610218573361635 -0.08748221397399902 -0.02320392243564129 0.002737676026299596 0.03437649458646774 0.02600475214421749 -0.010412817820906639 -0.03266819939017296 -0.0071116359904408455 0.009828051552176476 -0.08859497308731079 -0.0018912623636424541 -0.05474819242954254 -0.06353630870580673 -0.014970473013818264 -0.017894547432661057 0.010624673217535019 0.01789962500333786 -0.07389303296804428 -0.0183477234095335 0.005717795807868242 -0.09188200533390045 -0.026375243440270424 -0.004706507083028555 -0.019230090081691742 -0.0008519637631252408 -0.04075492545962334 -0.042587995529174805 0.04021138697862625 -0.042276687920093536 -0.04175303876399994 -0.030493129044771194 -0.029244445264339447 -0.014093765988945961 -0.011971766129136086 0.003793104086071253 0.05031143128871918 -0.04916185885667801 0.0022732981014996767 -0.01808932237327099 -0.035414665937423706 0.015562271699309349 0.11987219750881195 0.007358876522630453 -0.036980096250772476 0.00971610751003027 0.04445468261837959 0.01927858218550682 0.037906404584646225 0.012324797920882702 0.04144895821809769 0.034902796149253845 0.02682247757911682 0.03052932396531105 0.019339965656399727 0.05002964660525322 0.026161544024944305 -0.031226640567183495 0.010833562351763248 0.008580159395933151 -0.018749507144093513 0.057318784296512604 0.04120798408985138 0.03397209197282791 0.02133272960782051 0.0023252563551068306 0.04952216520905495 0.012619293294847012 -0.014504102990031242 0.014259139075875282 0.07126116007566452 0.02306229993700981 0.030017506331205368 0.04442807659506798 0.016033761203289032 0.011217676103115082 0.021143285557627678 -0.0028498799074441195 0.006051907315850258 0.0007328242063522339 0.04057537391781807 -0.027543021366000175 0.015423727221786976 0.005936440546065569 0.0388202965259552 0.03345895931124687 0.043521881103515625 0.02281523309648037 0.03078906424343586 0.016462145373225212 0.013405668549239635 0.01904696226119995 0.013096430338919163 0.022170189768075943 0.03189801052212715 0.02813967689871788 0.0437125526368618 0.014834828674793243 0.04480985552072525 -0.04874321073293686 0.011400197632610798 0.06113123521208763 0.05660204216837883 0.0477067232131958 0.021699894219636917 0.022907203063368797 -0.011194953694939613 0.00013590382877737284 0.047087907791137695 0.050165001302957535 0.09025575965642929 0.09156375378370285 0.0698399618268013 0.0500052310526371 -0.012241464108228683 0.054315876215696335 0.08724728971719742 0.08894053101539612 -0.006330055650323629 0.020659537985920906 -0.009540798142552376 -0.03191094100475311 0.05499538779258728 -0.025945382192730904 -0.017457496374845505 0.12965208292007446 -0.008115705102682114 0.03992604836821556 0.02188236638903618 0.009378312155604362 0.06184907257556915 0.05442364141345024 -0.0742441937327385 0.05028514191508293 0.026856333017349243 0.07330822944641113 -0.03249702602624893 -0.004349461290985346 0.04420488700270653 0.03796308860182762 0.03136761486530304 -0.031091630458831787 0.011669265106320381 0.012537190690636635 0.0888483002781868 0.019820360466837883 0.028155364096164703 0.0748399943113327 0.05460115149617195 0.10267583280801773 -0.0006637134356424212 0.05158623307943344 0.07972700148820877 0.01987937092781067 0.05651943385601044 0.020613307133316994 0.05968079715967178 -0.013917511329054832 0.05185045301914215 0.016076676547527313 0.03964628651738167 0.0031206330750137568 0.011115861125290394 0.03257814049720764 0.10189227759838104 0.10550576448440552 0.12373284995555878 0.02813071571290493 0.0553930439054966 0.08127059787511826 -0.06312631070613861 0.022231383249163628 -0.007565174717456102 -0.04521825537085533 0.026596345007419586 0.062299225479364395 -0.0023935651406645775 0.09035464376211166 -0.014651254750788212 0.04718678817152977 0.07219161093235016 0.11272137612104416 0.07237499207258224 0.040113627910614014 -0.011321472004055977 -0.04583200812339783 0.11403947323560715 0.05497616529464722 -0.09367436915636063 0.02243853360414505 0.022247379645705223 0.055601250380277634 0.06564759463071823 0.0980008989572525 0.06683137267827988 0.023628313094377518 -0.024986473843455315 0.10048802942037582 0.10131676495075226 -0.04046619310975075 -0.003142670029774308 0.04663397744297981 0.0988670289516449 0.03758387640118599 0.10492441058158875 0.004088380839675665 0.0643862932920456 0.038977112621068954 0.04751983657479286 0.023197941482067108 0.08729299157857895 0.017178000882267952 -0.0034660897217690945 0.05866758152842522 -0.007092474959790707 0.012445613741874695 0.05278164893388748 0.05985849350690842 0.08017785847187042 0.06132464110851288 0.003059783950448036 0.0019806050695478916 0.09152702987194061 0.011561429128050804 0.07965955883264542 0.02151283621788025 0.03466099873185158 -0.08566892892122269 0.0333544947206974 0.10043921321630478 -0.02155173383653164 0.10530941188335419 0.10910118371248245 0.018902519717812538 0.022859469056129456 0.0035098190419375896 0.10423432290554047
b2 64
-0.03003588318824768 0.07198784500360489 0.06286665797233582 -0.014302751049399376 0.019948555156588554 -0.10386541485786438 -0.059276141226291656 0.06558415293693542 -0.006097981706261635 0.1074664294719696 0.13759049773216248 0.0020445864647626877 -0.007919801399111748 -0.019151100888848305 -0.0007671114872209728 -0.031606387346982956 0.059123583137989044 0.030464602634310722 -0.01242765411734581 0.11249947547912598 0.0001370144309476018 0.15123127400875092 0.09272012859582901 0.020258648321032524 0.13866382837295532 0.06501275300979614 -0.024233423173427582 -0.004514291882514954 -0.10135123878717422 0.13053365051746368 0.09726575016975403 0.10399119555950165 0.014697462320327759 -0.03197591379284859 0.05870673060417175 0.03326239809393883 0.09508445113897324 0.12311903387308121 0.0006897865096107125 -3.0653351384968275e-11 0.010994814336299896 0.03677281737327576 -0.00038495002081617713 0.014531332068145275 -0.017318306490778923 0.02355501428246498 0.015599741600453854 -0.008767660707235336 0.02087695151567459 -0.0026601552963256836 0.06666828691959381 -0.02965511381626129 0.009042308665812016 -0.01807462051510811 0.0483550988137722 -0.06250789761543274 0.12489335983991623 0.0882943868637085 0.13551181554794312 0.12293442338705063 0.04824194312095642 0.08772802352905273 0.13162238895893097 0.1395430862903595
W3 64
-0.1314709186553955 0.31219008564949036 -0.14463995397090912 0.2313024401664734 -0.16408312320709229 0.28690147399902344 0.1617811769247055 -0.2115112692117691 0.04651191458106041 -0.08808297663927078 -0.11996442079544067 -0.13175402581691742 0.08604557067155838 0.014513884671032429 0.002607709262520075 0.2321101725101471 0.26964035630226135 -0.07995065301656723 -0.11002122610807419 -0.12958768010139465 -7.065407316986239e-07 -0.21013864874839783 -0.07820834219455719 0.1463145762681961 -0.1797667145729065 -0.24446357786655426 0.055003926157951355 0.025040190666913986 0.3158807158470154 -0.08470181375741959 -0.09943262487649918 -0.0863272175192833 -0.11386316269636154 0.027910493314266205 -0.15433742105960846 0.23418983817100525 -0.13468970358371735 0.21996206045150757 0.053553372621536255 -0.0005781277432106435 -0.21924225986003876 -0.20798209309577942 -0.000854019948747009 0.30005142092704773 0.012239878065884113 -0.10625576227903366 -0.07030234485864639 -0.18260201811790466 -0.08449576050043106 0.005584375001490116 -0.14743074774742126 0.20925147831439972 -0.08777014911174774 -0.20974497497081757 -0.18080851435661316 0.2630144953727722 -0.13768711686134338 0.16981010138988495 -0.1000024676322937 0.20888656377792358 0.18234650790691376 -0.0908096507191658 -0.17531795799732208 -0.1949201077222824
b3 1
-0.019038062542676926
feature_cols 104
t4_active t4_pm_min t4_pm_gap t4_pm_mean t4_pm_max t4_llr_abs_min t4_llr_abs_mean t4_llr_abs_max t8_active t8_pm_min t8_pm_gap t8_pm_mean t8_pm_max t8_llr_abs_min t8_llr_abs_mean t8_llr_abs_max t16_active t16_pm_min t16_pm_gap t16_pm_mean t16_pm_max t16_llr_abs_min t16_llr_abs_mean t16_llr_abs_max t32_active t32_pm_min t32_pm_gap t32_pm_mean t32_pm_max t32_llr_abs_min t32_llr_abs_mean t32_llr_abs_max t48_active t48_pm_min t48_pm_gap t48_pm_mean t48_pm_max t48_llr_abs_min t48_llr_abs_mean t48_llr_abs_max branch_0 branch_1 branch_2 branch_3 branch_4 branch_5 branch_6 branch_7 branch_8 branch_9 branch_10 branch_11 branch_12 branch_13 branch_14 branch_15 branch_16 branch_17 branch_18 branch_19 branch_20 branch_21 branch_22 branch_23 branch_24 branch_25 branch_26 branch_27 branch_28 branch_29 branch_30 branch_31 branch_32 branch_33 branch_34 branch_35 branch_36 branch_37 branch_38 branch_39 branch_40 branch_41 branch_42 branch_43 branch_44 branch_45 branch_46 branch_47 branch_48 branch_49 branch_50 branch_51 branch_52 branch_53 branch_54 branch_55 branch_56 branch_57 branch_58 branch_59 branch_60 branch_61 branch_62 branch_63
