input_dim 64
hidden 64
log_input 1
y_mean 2.3837499618530273
y_std 5.298862457275391
x_mean 64
1.1628046035766602 1.2634745836257935 1.330484390258789 1.3790661096572876 1.417439341545105 1.4487085342407227 1.4760653972625732 1.5001699924468994 1.5225119590759277 1.542641520500183 1.5614901781082153 1.5789849758148193 1.5952202081680298 1.611066460609436 1.6259429454803467 1.6404855251312256 1.6546132564544678 1.6679919958114624 1.6806610822677612 1.692893385887146 1.7042006254196167 1.7158151865005493 1.727366328239441 1.7378790378570557 1.7481024265289307 1.7579768896102905 1.7673771381378174 1.7763729095458984 1.785294771194458 1.794006109237671 1.8025856018066406 1.8109511137008667 1.8190186023712158 1.8270983695983887 1.8347851037979126 1.8422805070877075 1.8499056100845337 1.8570855855941772 1.8641541004180908 1.8713399171829224 1.8786873817443848 1.8855247497558594 1.8925122022628784 1.8996411561965942 1.906477451324463 1.913503646850586 1.9205589294433594 1.9276790618896484 1.9344028234481812 1.9413838386535645 1.948511004447937 1.9558154344558716 1.963510513305664 1.971452236175537 1.979716181755066 1.988631010055542 1.9979115724563599 2.0075414180755615 2.0183210372924805 2.030217409133911 2.044064998626709 2.060598850250244 2.082427978515625 2.1170690059661865
x_std 64
0.28745636343955994 0.2833852767944336 0.2736739218235016 0.2666884958744049 0.2615741789340973 0.25788548588752747 0.2540367543697357 0.2509711980819702 0.24839290976524353 0.2453412413597107 0.24272674322128296 0.24006609618663788 0.23774248361587524 0.23577728867530823 0.23367133736610413 0.23119927942752838 0.22889888286590576 0.22652795910835266 0.22424869239330292 0.2219209372997284 0.21999573707580566 0.2172825187444687 0.21405287086963654 0.21177998185157776 0.20931249856948853 0.20710726082324982 0.2048739492893219 0.2027297168970108 0.20071908831596375 0.19835732877254486 0.19600056111812592 0.19318896532058716 0.1909288913011551 0.18853797018527985 0.18694473803043365 0.18485821783542633 0.18245674669742584 0.18053855001926422 0.1786947250366211 0.1765449494123459 0.17366541922092438 0.17174607515335083 0.1694972962141037 0.16663038730621338 0.1643296182155609 0.16166171431541443 0.15895530581474304 0.15653051435947418 0.1559082418680191 0.15433141589164734 0.15215134620666504 0.1505146324634552 0.14811106026172638 0.14579921960830688 0.14359179139137268 0.14042922854423523 0.13861064612865448 0.13730524480342865 0.13475002348423004 0.1319800615310669 0.12969176471233368 0.12538862228393555 0.12169871479272842 0.12179707735776901
W1 4096
0.19467167556285858 0.1262809783220291 0.17163965106010437 -0.02867254614830017 -0.05374700948596001 -0.0034982506185770035 0.019840870052576065 0.026087339967489243 -0.09230118244886398 0.0774470865726471 -0.022543225437402725 0.06556326150894165 -0.023326626047492027 0.011477652005851269 0.069044329226017 -0.0583762563765049 0.0660267248749733 -0.08142109960317612 -0.04914896935224533 0.0687975361943245 -0.014070870354771614 0.09680980443954468 -0.07836689054965973 0.07138548791408539 -0.00454748747870326 -0.05576026439666748 -0.037396419793367386 -0.0458596907556057 0.09795188158750534 -0.05553613230586052 -0.07678995281457901 0.10237088799476624 -0.12465156614780426 -0.02583462744951248 -0.025499330833554268 -0.012938824482262135 -0.09262806922197342 -0.11600323766469955 -0.05611273646354675 0.028894921764731407 -0.0043095494620501995 -0.11164627224206924 -0.06816653907299042 0.12040624022483826 0.05533735826611519 0.01674525812268257 0.1358088105916977 0.05693884566426277 0.09974392503499985 -0.08313075453042984 0.06377720087766647 0.031333357095718384 0.10520453751087189 -0.07308536767959595 -0.10817256569862366 -0.05126159265637398 -0.012209427542984486 0.08085843920707703 -0.06861753761768341 0.0011858888901770115 0.012126931920647621 -0.039490554481744766 -0.01754756271839142 -0.06617145985364914 -0.040813326835632324 0.042232733219861984 0.17294941842556 0.15496307611465454 0.08786439150571823 -0.08923979103565216 0.1130327507853508 0.08341760188341141 -0.034763630479574203 0.11126352101564407 0.030866524204611778 -0.0922079011797905 0.06366341561079025 -0.0950729250907898 0.00859417486935854 0.03789849206805229 -0.03579491749405861 -0.007621680852025747 -0.0485641211271286 0.09933581203222275 -0.08483530580997467 0.023712158203125 -0.006616335362195969 0.13732439279556274 0.01585634984076023 0.009019999764859676 -0.0936645120382309 -0.061808910220861435 0.010821704752743244 -0.15065741539001465 0.02269679307937622 -0.140236496925354 -0.058342885226011276 0.11251409351825714 -0.04221406206488609 -0.14265039563179016 -0.07043595612049103 0.039553508162498474 -0.1422247290611267 -0.13032598793506622 0.017153441905975342 0.09071984887123108 -0.11936002969741821 0.023696552962064743 -0.06776375323534012 -0.018391873687505722 -0.017961183562874794 0.0547364167869091 -0.0655861347913742 0.01894531585276127 -0.022222841158509254 -0.11005625873804092 -0.0678495541214943 -0.1493690460920334 0.0820198506116867 0.07987666875123978 0.00023874419275671244 -0.0647968128323555 -0.05659539997577667 0.012944941408932209 -0.0446859672665596 0.0032174023799598217 0.004835959989577532 -0.027042878791689873 0.16405941545963287 -0.08703414350748062 0.10488937795162201 0.05040023475885391 0.06834598630666733 0.08040625602006912 0.010419057682156563 0.03283807262778282 0.0879276916384697 0.1355549395084381 -0.03407590091228485 -0.05128483474254608 -0.10947583615779877 -0.06433916091918945 0.11374052613973618 0.09275822341442108 0.0281969103962183 -0.1280374526977539 0.05320233851671219 -0.060423512011766434 0.007093464024364948 -0.05328237637877464 -0.0480647012591362 0.1016058698296547 0.07055746763944626 -0.0018189764814451337 -0.10522542148828506 -0.09158419817686081 -0.12064291536808014 0.07001747190952301 -0.14138881862163544 -0.10149440169334412 0.0410982146859169 -0.023961223661899567 -0.045425113290548325 0.10675806552171707 -0.09720045328140259 0.07319656014442444 -0.11794877052307129 -0.04248442500829697 -0.05645156279206276 0.04046399146318436 0.09625895321369171 0.06686396151781082 0.06487426906824112 -0.051728084683418274 -0.09100852161645889 0.10632471740245819 -0.10189633816480637 -0.1361723393201828 -0.10140884667634964 -0.06902320683002472 -0.08597952872514725 -0.07161132991313934 -0.0432477705180645 -0.03650035336613655 -0.02687063440680504 0.00856389943510294 0.050258226692676544 -0.003070506267249584 0.10161487013101578 0.0014547660248354077 0.11576109379529953 0.1198774054646492 0.2199213206768036 0.11910508573055267 0.07717461884021759 0.10707587003707886 0.05283087491989136 0.08676183968782425 0.08930984139442444 -0.015447856858372688 0.11623243987560272 -0.09724487364292145 -0.0639127790927887 0.1041712686419487 0.06662946194410324 -0.10338937491178513 -0.03381440415978432 -0.07229600101709366 0.08339899778366089 -0.12666988372802734 0.012200464494526386 -0.00426291162148118 -0.10415201634168625 0.08094707876443863 0.012664004229009151 -0.06360133737325668 0.08724800497293472 -0.008770585060119629 -0.12595927715301514 -0.0317329466342926 0.05044203996658325 -0.02010214515030384 -0.11378244310617447 0.025758324190974236 -0.09672338515520096 0.05667824670672417 0.09894554316997528 -0.09091166406869888 0.0704265907406807 0.0759832039475441 0.0038689780049026012 0.0387176051735878 0.007418632972985506 0.06114901974797249 -0.029048025608062744 0.08325949311256409 -0.07045150548219681 -0.016915109008550644 -0.06449541449546814 0.09512890875339508 -0.08631817996501923 0.0760825052857399 -0.12668389081954956 -0.03152644634246826 -0.10567459464073181 -0.046676501631736755 -0.04065362364053726 -0.06292720139026642 0.015011640265583992 0.08130909502506256 -0.014217603951692581 -0.09904398769140244 -0.07888372242450714 -0.11223221570253372 0.097770094871521 0.06888899952173233 0.043690454214811325 0.08745241165161133 0.017768297344446182 -0.04741239920258522 -0.08477197587490082 0.06403536349534988 -0.10635653138160706 -0.12523925304412842 0.013489799574017525 -0.039057567715644836 -0.12942060828208923 0.049353208392858505 0.05745812505483627 -0.06249459832906723 0.07980909198522568 0.05027192831039429 -0.03893383964896202 0.06857471913099289 0.028200305998325348 -0.01577911339700222 0.022218506783246994 -0.013631422072649002 -0.09143354743719101 0.005273761227726936 -0.0319555401802063 -0.02441488765180111 0.07318731397390366 0.10800476372241974 -0.0005137781845405698 0.10126476734876633 -0.0332319512963295 0.083482526242733 0.008571469224989414 0.019884802401065826 0.1103639304637909 0.026486990973353386 -0.0720328688621521 0.07198084145784378 0.0992586687207222 0.020414089784026146 0.0014729490503668785 -0.073980912566185 0.061549339443445206 -0.0029488378204405308 0.10899477452039719 -0.04949956387281418 -0.08958026021718979 -0.017985237762331963 -0.06481468677520752 0.014123862609267235 -0.03824314475059509 0.07001888751983643 -0.06616227328777313 0.004425110761076212 0.07450864464044571 0.0038396872114390135 0.08175531774759293 -0.12981641292572021 -0.09474728256464005 -0.07548066973686218 -0.08575096726417542 -0.013418173417448997 -0.0909876674413681 0.01041101198643446 0.07134035974740982 -0.04508252441883087 -0.03132086619734764 -0.05309881269931793 0.04663437604904175 -0.02687578834593296 -0.010285199619829655 -0.012475147843360901 -0.06042090803384781 -0.06468655169010162 0.05354345962405205 0.07964886724948883 -0.03532906621694565 0.04103880375623703 -0.010252769105136395 -0.07098118960857391 0.0703984871506691 -0.060065656900405884 0.017003338783979416 -0.07513464242219925 0.06408485770225525 -0.004432511515915394 -0.07040807604789734 0.0702725276350975 0.0650840476155281 0.057652100920677185 0.07629960030317307 -0.05633564293384552 -0.04950680956244469 0.008198453113436699 0.04611722752451897 0.024349404498934746 -0.0019387096399441361 0.01073897909373045 0.04864390194416046 0.06779757887125015 0.0824984684586525 -0.058908432722091675 -0.07560228556394577 -0.07016448676586151 -0.07400886714458466 0.04065955802798271 0.03890807554125786 -0.07343830913305283 -0.05100683867931366 -0.0014454054180532694 0.02982073836028576 -0.0038457647897303104 0.07976552844047546 -0.028831474483013153 -0.03182683885097504 0.08735653012990952 -0.07693213224411011 0.06893514841794968 -0.01109633781015873 0.08237030357122421 -0.08798100799322128 0.023459527641534805 -0.0037673506885766983 0.015138939954340458 -0.08394233137369156 0.05586927384138107 -0.07165780663490295 0.03009989485144615 -0.15631762146949768 -0.029000960290431976 0.05713989958167076 -0.1433771699666977 0.0171714685857296 -0.015832610428333282 -0.1248994767665863 0.045696720480918884 0.05039002001285553 -0.009162467904388905 -0.052505552768707275 -0.01400682795792818 0.13646982610225677 0.03343644365668297 -0.034553591161966324 -0.08519943058490753 -0.04977494105696678 0.11124397814273834 -0.008549811318516731 0.09672525525093079 0.026721665635704994 0.1269804686307907 -0.06223726645112038 0.07939687371253967 0.04544776678085327 0.07958308607339859 -0.00703694112598896 0.11803673207759857 -0.006413063034415245 -0.07818082720041275 0.04664035886526108 0.10720639675855637 0.014548495411872864 -0.019228801131248474 -0.021814223378896713 0.03551105037331581 -0.007877317257225513 0.02086779475212097 -0.08776764571666718 0.08907855302095413 0.11369600892066956 0.10409656912088394 0.05121580511331558 -0.09975061565637589 -0.08662275224924088 0.06775332242250443 -0.07902612537145615 -0.0688575953245163 0.07898904383182526 0.06877297908067703 -0.04198424518108368 -0.019805865362286568 0.07964795082807541 -0.061869606375694275 0.019529560580849648 -0.13816571235656738 -0.05510102957487106 -0.10420715063810349 -0.006748431362211704 -0.017240865156054497 -0.09630285203456879 0.13306114077568054 -0.03419347479939461 0.06214490532875061 0.04819781705737114 -0.14614161849021912 -0.09995155036449432 -0.15065285563468933 0.033919189125299454 -0.09411774575710297 -0.04078839346766472 -0.10430560261011124 0.07932619750499725 0.07436029613018036 0.13555625081062317 0.06720301508903503 -0.08085295557975769 -0.008501091971993446 0.09159496426582336 0.009297843091189861 0.02366601675748825 0.09717503190040588 -0.017161469906568527 0.036634188145399094 0.10020741075277328 -0.026177462190389633 -0.07131537050008774 -0.0906282365322113 0.09061682969331741 -0.008136996999382973 0.027048401534557343 0.002901438856497407 -0.0006089741364121437 0.06578755378723145 0.018455881625413895 -0.08259294182062149 0.01798642799258232 -0.058795928955078125 -0.05794832482933998 -0.09109057486057281 -0.06255175173282623 -0.057071007788181305 0.06623364984989166 0.09097114205360413 -0.02485453151166439 -0.07713781297206879 0.12738218903541565 -0.053584542125463486 -0.00936699565500021 0.028058387339115143 0.1172197088599205 -0.0787985771894455 -0.06828708201646805 0.03264419734477997 0.04586845263838768 -0.0648919865489006 -0.08022207766771317 0.09752795100212097 0.10665591061115265 0.08264607936143875 0.027960719540715218 -0.09380101412534714 -0.031934697180986404 0.07311350107192993 0.009831476025283337 -0.07488533854484558 0.07476112246513367 0.03365634009242058 0.019121533259749413 0.01069691963493824 0.05532446503639221 -0.04519736394286156 0.039706334471702576 -0.09105521440505981 -0.018120797351002693 -0.014514759182929993 0.1091131642460823 0.09277765452861786 0.03289271891117096 -0.015633678063750267 0.07781441509723663 0.08606551587581635 0.046072572469711304 -0.03049474023282528 0.026922941207885742 -0.0471772626042366 -0.09089953452348709 0.09741602838039398 -0.046831466257572174 -0.07071822136640549 0.044165659695863724 0.09128451347351074 0.022507963702082634 -0.07037322968244553 0.06538482755422592 0.10608828812837601 -0.0737132877111435 0.07626774907112122 -0.11370967328548431 -0.13193650543689728 -0.07289516180753708 -0.0851786807179451 -0.06243068352341652 -0.07458659261465073 0.01335479598492384 -0.0916973426938057 -0.12007834762334824 -0.06912657618522644 -0.08990351855754852 0.07722608000040054 0.058675751090049744 0.05297940596938133 0.03665974363684654 0.0031839064322412014 0.06715968251228333 0.030454913154244423 -0.0944652184844017 0.01814335770905018 0.020060766488313675 0.004015137441456318 0.002226499142125249 -0.045882828533649445 -0.0009892260422930121 -0.06610886007547379 -0.1213836595416069 -0.09614516794681549 -0.07403002679347992 -0.05319369584321976 0.08027119189500809 -0.06199120730161667 -0.07807724177837372 -0.04315796121954918 0.17830650508403778 -0.00660343561321497 -0.10855478793382645 0.0030749975703656673 0.08949115127325058 0.07917261123657227 0.08141375333070755 -0.04505182057619095 -0.16404226422309875 -0.003667396493256092 -0.10462866723537445 -0.14829300343990326 -0.10153131932020187 -0.019593792036175728 0.07883545011281967 0.04317191243171692 -0.11331639438867569 0.013916750438511372 0.0248149074614048 0.02416786551475525 -0.019021306186914444 0.03296413645148277 0.04567538946866989 0.006913779303431511 0.015583649277687073 0.07920973747968674 0.015908394008874893 0.060444485396146774 0.008328573778271675 0.009093633852899075 -0.0252978652715683 -0.08132488280534744 -0.026362750679254532 -0.06647207587957382 0.09400112926959991 0.05716913193464279 -0.010241578333079815 -0.10146191716194153 -0.0695592537522316 -0.1458747833967209 -0.08275536447763443 -0.053107332438230515 -0.11852890998125076 -0.048728663474321365 -0.07108665257692337 -0.020587947219610214 -0.08636432886123657 -0.034465618431568146 -0.05641710013151169 -0.14103826880455017 -0.06586690992116928 -0.022990623489022255 -0.09871329367160797 0.05459029972553253 0.09538938105106354 -0.07567770779132843 -0.04810214042663574 -0.10475540161132812 0.05560827627778053 0.061128005385398865 0.045100584626197815 -0.021218597888946533 0.039387430995702744 0.08616764843463898 -0.11306104809045792 0.021893462166190147 -0.07280407845973969 -0.02979429066181183 -0.12089136987924576 0.06823328137397766 0.08911062031984329 -0.014443137682974339 -0.014024807140231133 0.06918010115623474 0.08504483103752136 0.05384533107280731 0.1094362661242485 -0.08989477157592773 0.05514524132013321 -0.09158087521791458 0.038297221064567566 0.06042337790131569 0.13202716410160065 0.06158389896154404 0.1309153139591217 -0.09123366326093674 0.043785210698843 0.058682799339294434 0.09529116004705429 -0.08830129355192184 0.07766230404376984 0.031226027756929398 -0.11841341853141785 0.0025253696367144585 -0.1371222585439682 -0.03291007876396179 -0.09069650620222092 0.0045918128453195095 0.05412613973021507 -0.11153730005025864 0.040140051394701004 -0.018003519624471664 0.024858135730028152 0.03926814720034599 -0.003943334333598614 -0.006732672452926636 0.01855735294520855 0.027806665748357773 0.06410269439220428 -0.04065294936299324 0.07161188125610352 0.05369769036769867 -0.09519031643867493 0.008245117962360382 -0.026720285415649414 0.03029996156692505 -0.05092990770936012 -0.027051908895373344 0.09212300181388855 -0.03278206288814545 -0.016548389568924904 -0.11139530688524246 -0.03493591770529747 0.03536571189761162 0.038763295859098434 -0.053345948457717896 0.05570140853524208 -0.033874258399009705 -0.15982550382614136 -0.05104083567857742 0.07813452929258347 0.11780967563390732 0.09238642454147339 0.04996059462428093 0.08550634235143661 -0.09771189093589783 0.047735512256622314 -0.008293562568724155 -0.05648462846875191 -0.02929348312318325 -0.11851458996534348 0.03279036283493042 0.055557895451784134 -0.08863581717014313 -0.01625669375061989 -0.11157028377056122 -0.005986626259982586 0.03109719231724739 -0.02953939698636532 -0.061786722391843796 -0.07932623475790024 -0.11285004019737244 -0.0574972964823246 -0.12849383056163788 -0.0700734555721283 -0.026555147022008896 0.016245650127530098 0.07845309376716614 -0.060960233211517334 -0.061484403908252716 0.10765336453914642 0.1047736182808876 0.01669108308851719 -0.019632894545793533 -0.08382568508386612 0.06731446832418442 0.07732705026865005 -0.045340076088905334 -0.04625147953629494 0.05133848637342453 -0.007606047671288252 0.060041483491659164 0.062066491693258286 -0.06326219439506531 0.041605401784181595 0.08143354952335358 -0.0036720656789839268 0.055720165371894836 -0.00022488576360046864 0.08117371052503586 -0.06657619029283524 0.10142840445041656 0.04491002857685089 0.11513504385948181 0.03561203181743622 -0.04829396307468414 0.03255774453282356 -0.030980799347162247 -0.06757042557001114 0.10849539190530777 0.005449290852993727 -0.13008441030979156 -0.16027550399303436 0.10430733114480972 -0.02567792311310768 0.06819052994251251 0.0283771101385355 -0.10395562648773193 0.05537334457039833 -0.05052786320447922 -0.058828212320804596 -0.027496516704559326 -0.10221836715936661 -0.0742446705698967 -0.02184787392616272 -0.07987287640571594 -0.04046040028333664 -0.012468107044696808 0.04056423157453537 0.12843605875968933 0.10165610909461975 0.07141204923391342 0.09421471506357193 0.14930510520935059 -0.055898215621709824 0.0972134917974472 0.09487418830394745 -0.09298518300056458 0.12687446177005768 0.11403319239616394 -0.009943301789462566 0.009209025651216507 0.08229678869247437 0.005503820721060038 0.029904520139098167 0.02379320003092289 -0.033343590795993805 0.11730829626321793 0.025585046038031578 0.07057592272758484 -0.030585620552301407 -0.06801631301641464 -0.08790691196918488 -0.0969189926981926 -0.02408141829073429 0.08648574352264404 0.008722454309463501 -0.10721418261528015 -0.08162209391593933 0.03297089412808418 0.06986968964338303 0.10742291063070297 -0.11311065405607224 0.025032905861735344 0.009814268909394741 0.046896662563085556 0.0647415891289711 -0.0975826159119606 -0.06591874361038208 0.07283647358417511 -0.09331502765417099 -0.12388083338737488 -0.11269062757492065 0.06484012305736542 -0.08885976672172546 0.009264105930924416 -0.12080274522304535 -0.09790204465389252 0.07856766134500504 0.05410301685333252 0.06365356594324112 0.032550085335969925 0.11204235255718231 0.005040185991674662 -0.08571774512529373 0.11412467062473297 0.1002659946680069 -0.08412487059831619 0.05631963163614273 -0.016977038234472275 0.11108709126710892 -0.01691536046564579 0.06562326848506927 -0.0648859366774559 -0.10536589473485947 0.029673678800463676 0.005616003647446632 -0.09377426654100418 -0.05110052227973938 -0.07670721411705017 0.05316918343305588 0.026203086599707603 0.11410500854253769 -0.026766899973154068 -0.033777832984924316 -0.022192418575286865 0.035994499921798706 -0.12755703926086426 0.07396214455366135 0.0859692394733429 -0.1323964148759842 -0.1282280534505844 -0.03651989623904228 -0.11993645876646042 0.023861316964030266 0.024124955758452415 -0.005725852679461241 -0.10487623512744904 0.05741867423057556 0.08072007447481155 0.014204045757651329 -0.10602668672800064 -0.04701552540063858 0.047691233456134796 -0.019761240109801292 0.01619034633040428 -0.0716233178973198 -0.10082398355007172 -0.1177428588271141 0.03869715705513954 0.051589541137218475 -0.12563209235668182 -0.0635717436671257 0.010629530996084213 0.028772754594683647 0.12197502702474594 -0.026081018149852753 0.03596462309360504 0.08985628187656403 -0.016638072207570076 -0.001609599799849093 -0.08265300840139389 -0.0578191801905632 -0.10054066777229309 -0.05428503826260567 0.03818085417151451 -0.0829031765460968 -0.06898333132266998 0.07179386913776398 -0.027474405243992805 0.012254168279469013 -0.11396180838346481 0.003649441758170724 0.12204866111278534 -0.02045281231403351 0.11622143536806107 -0.1059582307934761 -0.0369025282561779 0.12875249981880188 0.10317971557378769 0.09149548411369324 0.012695220299065113 -0.04421241953969002 0.13988597691059113 0.08745989948511124 -0.10238759219646454 0.10762373358011246 0.06745488196611404 0.01200608629733324 -0.08382102847099304 0.12791302800178528 0.053910255432128906 0.07626203447580338 0.024917347356677055 0.08643659204244614 -0.002286148490384221 0.014767779968678951 -0.09998591989278793 0.0339776910841465 0.005200534593313932 0.06331750750541687 -0.09257670491933823 -0.11952712386846542 -0.09520456939935684 0.08812201768159866 0.059052590280771255 -0.05928809195756912 -0.12894795835018158 -0.03946791589260101 0.13057664036750793 0.026757732033729553 0.12098158895969391 0.12867848575115204 0.03560616075992584 0.07759018242359161 -0.09214096516370773 0.1105537936091423 -0.07743540406227112 0.013104653917253017 0.04291814938187599 0.10834935307502747 -0.03355156630277634 0.04590914398431778 0.10840953886508942 0.10115545988082886 0.1796959787607193 0.1690184473991394 0.1237962394952774 0.14964206516742706 -0.0938548818230629 0.1364050954580307 -0.033922791481018066 -0.012945194728672504 0.06447334587574005 0.06449078768491745 -0.05168433114886284 -0.007656669709831476 0.039092618972063065 -0.10879828780889511 -0.04441697522997856 -0.11278200894594193 -0.06346473842859268 0.06926761567592621 -0.036822058260440826 0.03315644711256027 -0.019484147429466248 0.04929616302251816 0.031058290973305702 0.07419491559267044 -0.10559189319610596 -0.11989659070968628 -0.10910095274448395 0.04361797496676445 0.037685465067625046 -0.02108103036880493 0.03261317312717438 0.036721933633089066 0.032902106642723083 0.0395951047539711 -0.005763170309364796 0.10008726269006729 0.07081028074026108 -0.06731008738279343 -0.05850471928715706 -0.05652814358472824 0.08010552823543549 -0.05232708901166916 -0.015971098095178604 -0.1078944131731987 0.11593607813119888 0.0064276098273694515 0.017378993332386017 -0.08724986761808395 -0.027717996388673782 -0.047200266271829605 0.0432165302336216 -0.006266653537750244 -0.026184024289250374 0.003067619865760207 -0.1143602654337883 0.0942428782582283 0.12152284383773804 -0.11411042511463165 -0.0031947018578648567 -0.09900771826505661 -0.03254110738635063 0.04484691843390465 -0.00245899660512805 -0.0503036305308342 -0.16669274866580963 -0.19946667551994324 -0.20306897163391113 -0.16557052731513977 -0.1666986495256424 -0.08976691216230392 -0.1436038613319397 -0.08263040333986282 -0.145594522356987 -0.00056413997663185 -0.09260507673025131 -0.019122567027807236 -0.13014358282089233 -0.034601472318172455 -0.08063720911741257 -0.1337377429008484 -0.11938821524381638 -0.08518451452255249 0.008847050368785858 -0.048981066793203354 -0.005338167306035757 -0.026657024398446083 -0.0657353475689888 0.05838022753596306 -0.054363783448934555 -0.03975678235292435 -0.010582252405583858 -0.003036990063264966 -0.0065666972659528255 -0.07421761006116867 0.012264657765626907 0.04870244115591049 0.10394089668989182 0.08171731233596802 -0.05204428359866142 -0.07554489374160767 -0.06066702678799629 -0.05085481330752373 0.09019878506660461 -0.05391181260347366 -0.09807231277227402 0.0449240505695343 0.017719630151987076 -0.04692850261926651 0.10746370255947113 0.05784515291452408 0.005759095773100853 -0.049671564251184464 0.05474259704351425 0.11668669432401657 -0.051208704710006714 -0.07119760662317276 0.006886444054543972 -0.06291250884532928 -0.039910461753606796 0.09366093575954437 0.04022277891635895 -0.05650145560503006 0.03178614377975464 0.09109228849411011 0.13732871413230896 0.027948351576924324 0.10146115720272064 0.13462184369564056 0.07635612040758133 0.0379604808986187 0.07941332459449768 0.15327249467372894 0.10720611363649368 -0.06596426665782928 0.040278349071741104 0.0739387646317482 0.009638289920985699 0.10208433121442795 0.055374063551425934 -0.0818939134478569 0.09119158238172531 0.0555589385330677 -0.07216479629278183 0.10349439084529877 0.08513764292001724 -0.1362685114145279 -0.018423989415168762 -0.12510162591934204 -0.11939039081335068 -0.007244158536195755 0.11537322402000427 0.08364354819059372 -0.11840444803237915 -0.0752912387251854 -0.0636400580406189 -0.032290611416101456 -0.03997110202908516 0.08597102761268616 0.0460268072783947 -0.1266501396894455 0.08596562594175339 -0.09108788520097733 -0.049029432237148285 -0.006694300100207329 -0.1195342168211937 0.09055311232805252 -0.05749693512916565 -0.03865106403827667 0.027686404064297676 0.10208439826965332 -0.04816273972392082 0.09417847543954849 -0.011143725365400314 0.06140577793121338 0.04413957521319389 -0.11174874752759933 0.06909330189228058 -0.13446219265460968 0.012481652200222015 -0.054220352321863174 -0.13831746578216553 -0.026266267523169518 -0.024653280153870583 0.10215934365987778 -0.007241175044327974 -0.0011995909735560417 0.02276953123509884 -0.041981980204582214 -0.07387193292379379 -0.07188355177640915 0.00018994478159584105 0.1754099428653717 0.0011908799642696977 0.12920290231704712 -0.01252557709813118 0.03974941745400429 0.04681949317455292 0.0010401041945442557 -0.039589207619428635 0.1269034743309021 0.04749782383441925 0.0011500490363687277 0.024568652734160423 -0.10984335094690323 0.08055837452411652 0.07659078389406204 -0.016846396028995514 -0.06871774792671204 0.00343338749371469 -0.04523080959916115 -0.11128126829862595 0.04846719652414322 -0.10820461809635162 -0.08561429381370544 -0.0967785194516182 0.09059299528598785 -0.0027391300536692142 -0.02936788648366928 0.012374014593660831 0.060155238956213 0.028933420777320862 -0.1209140419960022 0.07610834389925003 -0.04436514526605606 -0.08110077679157257 -0.07591951638460159 -0.050791990011930466 0.005974943283945322 -0.004220771137624979 0.06443043053150177 0.0616520494222641 0.04974525421857834 0.004109896253794432 0.04778393730521202 -0.10123518109321594 -0.06637061387300491 -0.05858428031206131 0.07507039606571198 0.016945667564868927 0.12659931182861328 -0.02732880227267742 -0.010804135352373123 0.07670094072818756 -0.1390891969203949 0.038875676691532135 0.03767750784754753 -0.05936340615153313 0.05298415198922157 -0.030313406139612198 0.05724664404988289 0.06467580795288086 0.06150824949145317 -0.08288362622261047 0.09006636589765549 -0.004361309111118317 0.16552090644836426 0.09266568720340729 0.11896869540214539 0.12435825169086456 0.0032585400622338057 -0.031462881714105606 0.10319052636623383 -0.05259149894118309 -0.12106688320636749 -0.0632878988981247 -0.12448005378246307 -0.0329669825732708 -0.018449509516358376 0.0928913801908493 -0.04339880868792534 0.05433456227183342 -0.020051561295986176 -0.004793458618223667 0.013736681081354618 0.033750489354133606 0.04729311540722847 -0.040724337100982666 -0.037780940532684326 -0.10608280450105667 0.0796194076538086 0.10036429762840271 0.007754547521471977 -0.08936876058578491 -0.03663675859570503 0.001621169620193541 0.04635441303253174 -0.10396924614906311 -0.07302863150835037 0.11124435067176819 -0.06845886260271072 0.08255499601364136 0.025933558121323586 0.004785886965692043 0.02527119405567646 0.009055518545210361 -0.08111797273159027 -0.09563461691141129 0.00045492721255868673 -0.02581941895186901 0.11548207700252533 -0.05438302829861641 -0.04633988067507744 0.0440824069082737 0.11058804392814636 -0.06258753687143326 0.0035706297494471073 0.0024524254258722067 0.04025951772928238 0.03378351777791977 0.05594133213162422 -0.0679398626089096 -0.022046469151973724 -0.056223224848508835 0.023716891184449196 -0.07675612717866898 -0.051147133111953735 0.06816256791353226 -0.0753692016005516 0.0015557592269033194 0.11670679599046707 -0.021115049719810486 0.016042612493038177 0.030989689752459526 -0.0991106703877449 0.009119865484535694 0.07226292788982391 0.011363492347300053 -0.07556415349245071 0.08477016538381577 -0.08786088973283768 0.09215614944696426 -0.038636062294244766 -0.095258928835392 -0.05727744475007057 0.053066451102495193 -0.03764556720852852 -0.062055665999650955 -0.013479180634021759 -0.015925630927085876 0.022986942902207375 -0.03329334408044815 0.004983704071491957 0.10311784595251083 -0.0707085132598877 -0.040888335555791855 -0.026810793206095695 0.048742908984422684 0.05257793143391609 -0.018032878637313843 -0.11265775561332703 0.04513951763510704 0.06664171069860458 0.034980859607458115 -0.049260128289461136 -0.03981196880340576 0.09063257277011871 -0.11040197312831879 0.06069950759410858 -0.05920901522040367 0.050194062292575836 -0.0964852049946785 0.00284627010114491 0.01977495662868023 -0.00276556215249002 -0.06418353319168091 0.046617329120635986 -0.07346827536821365 -0.06231941282749176 -0.07918664813041687 -0.0694095641374588 0.0802767351269722 -0.039743103086948395 0.05376872792840004 0.010434792377054691 -0.08432591706514359 0.08578843623399734 -0.02604863978922367 0.017219096422195435 0.10860476642847061 0.08953660726547241 0.08194799721240997 0.000230110133998096 -0.041529953479766846 -0.018706172704696655 -0.043819691985845566 0.012191670015454292 -0.11860355734825134 -0.09362765401601791 -0.0333828330039978 0.028334779664874077 -0.06673677265644073 -0.029744932428002357 -0.0654577761888504 0.02896401658654213 0.06669437885284424 -0.005622060038149357 0.0027079209685325623 0.047610752284526825 0.1249915286898613 0.06884580105543137 0.06883413344621658 -0.06076957657933235 -0.06738855689764023 0.07105865329504013 0.05028693005442619 0.11055073142051697 0.037944912910461426 -0.002442458411678672 0.00017307291273027658 0.08714091777801514 -0.03142125532031059 0.03844645619392395 -0.08861599117517471 0.08098722994327545 0.12247887998819351 0.08278575539588928 -0.07550039142370224 -0.11023865640163422 0.0009971332037821412 0.08438413590192795 -0.11170418560504913 0.025375794619321823 -0.03992705047130585 -0.11069291085004807 0.062057361006736755 -0.07151845097541809 0.0977385863661766 -0.0763329491019249 -0.05837962403893471 -0.04878154397010803 0.12938286364078522 0.0074353329837322235 -0.0834476575255394 -0.05479119345545769 -0.03908428177237511 0.11469721794128418 -0.08050534129142761 0.04377280920743942 0.04376697912812233 0.026261618360877037 -0.028934339061379433 -0.10488694906234741 0.04353933036327362 -0.030467025935649872 -0.07426438480615616 0.016635898500680923 -0.06239812821149826 0.15159223973751068 0.1531323939561844 0.05987941473722458 0.044158101081848145 -0.07203436642885208 -0.06376758962869644 -0.06942175328731537 -0.05995888635516167 0.04371555894613266 0.02559785358607769 -0.01574658416211605 -0.0720875933766365 -0.08003414422273636 0.09384357184171677 0.06717967242002487 0.04423082247376442 0.04182196408510208 -0.04594981297850609 -0.04102182015776634 0.07360907644033432 -0.0683777704834938 0.12932607531547546 -0.07752534002065659 -0.016980865970253944 0.11848023533821106 -0.0018894317327067256 0.019874146208167076 0.02693038620054722 -0.012457411736249924 -0.057567231357097626 -0.04340474307537079 0.017113560810685158 -0.10007902979850769 0.034202538430690765 0.023403789848089218 0.014312895946204662 -0.004367643967270851 0.06817622482776642 -0.01636681705713272 -0.0006608078256249428 -0.04340719059109688 -0.11817031353712082 0.008427959866821766 0.09814968705177307 -0.0644705519080162 0.11429616063833237 0.07293561100959778 -0.08904649317264557 -0.06081976369023323 -0.035665467381477356 0.07930383831262589 0.0619644969701767 -0.10176003724336624 0.0028809679206460714 0.12175281345844269 -0.02188197523355484 0.046014055609703064 -0.03093815967440605 0.14433331787586212 0.06253080070018768 0.13151074945926666 -0.04606100916862488 -0.04900895431637764 0.045851703733205795 0.07253920286893845 -0.08580366522073746 0.0905202180147171 0.03641953691840172 -0.08069458603858948 -0.031331319361925125 -0.08710617572069168 0.0649508386850357 -0.07176464796066284 0.038307081907987595 0.005672162864357233 -0.07685920596122742 -0.008672664873301983 0.021549956873059273 -0.016835590824484825 -0.0590045228600502 -0.05014365166425705 0.033753279596567154 -0.06081494316458702 0.0657591000199318 -0.10264866799116135 -0.10093327611684799 0.017419716343283653 -0.06595101952552795 -0.04750983044505119 0.043911468237638474 -0.06291784346103668 0.08752443641424179 0.006101897917687893 0.01613379456102848 -0.001802130602300167 -0.10293778777122498 -0.07933412492275238 0.08094064891338348 -0.009397761896252632 -0.05283861234784126 -0.09475935250520706 -0.04900725558400154 0.07130676507949829 -0.07641584426164627 0.059992674738168716 0.06401922553777695 0.02284262888133526 0.06338100880384445 0.04781655967235565 0.010820136405527592 0.04885479435324669 0.11337246745824814 -0.021233346313238144 -0.011534199118614197 -0.05845578387379646 -0.01339004561305046 0.09791090339422226 -0.042076680809259415 0.060277651995420456 -0.05221627652645111 -0.010170587338507175 -0.09948279708623886 -0.15397754311561584 -0.12257504463195801 -0.03727670758962631 -0.07812580466270447 -0.04855804890394211 0.04521419107913971 -0.012327003292739391 -0.04123978316783905 0.013219579122960567 0.14625437557697296 0.01665138080716133 0.05336636304855347 0.007950074970722198 0.028494762256741524 -0.09339936077594757 -0.028574643656611443 0.06464426219463348 -0.0148998461663723 0.005302590783685446 -0.016584455966949463 0.053380172699689865 -0.04185294732451439 0.006281707901507616 -0.06542880088090897 -0.0789150819182396 -0.06464844942092896 0.05940205976366997 0.0015560206957161427 -0.12477502971887589 0.02828262560069561 0.0102837597951293 -0.06213660165667534 0.020497748628258705 0.13479119539260864 0.10958511382341385 0.07379789650440216 0.09749926626682281 0.04961288720369339 -0.05586656555533409 0.02861078456044197 -0.001238490454852581 -0.02263527549803257 -0.03129522129893303 0.004964054562151432 -0.03590451180934906 -0.06114698201417923 -0.028861017897725105 -0.0674760490655899 -0.13403461873531342 0.03237159922719002 -0.008422541432082653 -0.012471749447286129 0.08405587822198868 0.0625138133764267 -0.0695752277970314 0.001481790328398347 -0.048616956919431686 -0.09094953536987305 0.05530844256281853 0.06507660448551178 -0.13389232754707336 -0.06358494609594345 -0.017377512529492378 -0.12249007076025009 0.04620160907506943 0.05153202638030052 0.03834642842411995 0.012043200433254242 -0.0746891126036644 0.05519414320588112 -0.12474723905324936 -0.15074560046195984 0.04628094285726547 0.06715074926614761 -0.007020736578851938 -0.04591093212366104 -0.12486395984888077 -0.0653138980269432 -0.024063678458333015 0.09942014515399933 -0.032315850257873535 -0.044785141944885254 0.06432139128446579 0.05737721920013428 -0.00562066538259387 -0.03535809367895126 -0.03662688285112381 0.11038479954004288 0.01631169021129608 -0.02631673961877823 0.12147435545921326 -0.06914250552654266 0.014828902669250965 0.14291207492351532 0.07871305197477341 -0.03898443281650543 0.01504878792911768 -0.03409581631422043 0.002973653143271804 0.15859076380729675 0.11671765148639679 -0.09477922320365906 -0.07156789302825928 -0.11625069379806519 -0.017530344426631927 0.07862097769975662 -0.02578086033463478 0.10835852473974228 0.08444155752658844 0.06658217310905457 0.014887770637869835 0.03652866557240486 -0.05601773411035538 -0.05192521587014198 0.012943019159138203 -0.11084849387407303 -0.11333005875349045 0.07783448696136475 0.11121979355812073 0.04288613051176071 0.023431390523910522 0.09505294263362885 -0.05265015363693237 -0.048478689044713974 -0.030799247324466705 0.11533840745687485 -0.08654549717903137 -0.07747575640678406 0.13948339223861694 0.15565107762813568 0.13419759273529053 0.12299035489559174 -0.06681784242391586 0.14039069414138794 0.03388959914445877 -0.14101922512054443 -0.10652108490467072 -0.04860065132379532 -0.012044890783727169 0.03279512748122215 -0.004906550981104374 -0.029918136075139046 0.050847455859184265 -0.07151420414447784 -0.049970656633377075 -0.013572677969932556 0.07003038376569748 -0.04901721701025963 -0.04975568875670433 -0.022059310227632523 0.0373339019715786 -0.07675345987081528 0.07944005727767944 0.026030847802758217 0.005181629676371813 0.05149006471037865 0.04392728954553604 -0.007523993030190468 0.06466513127088547 0.09269551187753677 -0.03385472297668457 -0.009521453641355038 0.061461325734853745 0.07964365929365158 -0.05797044187784195 -0.06905430555343628 0.041233040392398834 0.10742682218551636 0.03853003308176994 -0.04600420966744423 0.07900010794401169 0.04648904502391815 -0.0752728208899498 -0.00972061324864626 0.04255426302552223 -0.034563157707452774 0.006513576954603195 -0.0750020295381546 0.013428401201963425 -0.056352611631155014 -0.07934243232011795 0.011078150011599064 -0.03816797211766243 -0.0755142867565155 -0.024953316897153854 0.0594991073012352 0.011231038719415665 -0.029733935371041298 0.07089535892009735 -0.02534988895058632 0.014368598349392414 0.11799125373363495 0.014688985422253609 0.017695164307951927 0.048829108476638794 -0.10262879729270935 -0.065984807908535 -0.04223025217652321 0.14426003396511078 -0.03512538596987724 0.0635332465171814 -0.026098785921931267 0.14873218536376953 0.15055900812149048 -0.03406394273042679 0.01101398654282093 0.09770238399505615 -0.025235561653971672 -0.054938122630119324 0.1295703500509262 0.08029010891914368 0.015317097306251526 0.028200626373291016 0.012717077508568764 -0.06780248880386353 0.005906736943870783 -0.03128517046570778 -0.03166654706001282 0.04308709129691124 0.010868157260119915 0.07309462875127792 -0.0882454589009285 0.039018645882606506 -0.10902749001979828 0.08633406460285187 -0.03914465755224228 0.008633624762296677 -0.0774591788649559 -0.07799333333969116 -0.07229816913604736 0.03953889384865761 -0.03638511523604393 0.08482836931943893 -0.11446414142847061 0.10065490007400513 0.019380716606974602 -0.07568108290433884 -0.0892203077673912 -0.11654465645551682 -0.04833569750189781 0.10071321576833725 0.06794407218694687 -0.09845460951328278 -0.04139869287610054 0.0471019484102726 0.04571635648608208 0.0875651091337204 -0.1013440266251564 0.028780696913599968 -0.00015836150851100683 -0.0015418990515172482 -0.14672738313674927 -0.032383933663368225 0.038831643760204315 -0.08376118540763855 0.0003270317683927715 -0.10135573893785477 0.019024396315217018 -0.05285093933343887 -0.07447583228349686 0.12115442007780075 0.06468319147825241 0.038211848586797714 0.09089049696922302 0.09665679186582565 0.10275737941265106 0.06606964766979218 0.1436285376548767 0.05640387535095215 0.11407002061605453 -0.048381876200437546 -0.03992127999663353 0.08975040167570114 0.00475678127259016 0.038441404700279236 -0.1074032112956047 0.057806335389614105 -0.1336435079574585 -0.027431940659880638 -0.07880090177059174 -0.1074223592877388 0.09708134084939957 0.08959858119487762 0.09935150295495987 -0.09033089131116867 0.0846768170595169 -0.05762484669685364 -0.10463134944438934 0.0931362509727478 -0.055313337594270706 0.09199623018503189 -0.05100971460342407 -0.0024802943225950003 0.02419627271592617 0.08287665247917175 0.07029083371162415 0.0600380077958107 0.02352733537554741 -0.010357130318880081 0.05426384508609772 -0.05753757059574127 0.033479105681180954 -0.03971628472208977 -0.12569919228553772 -0.02163727767765522 0.017498541623353958 -0.12027089297771454 0.009011599235236645 -0.11512812227010727 0.04867244139313698 -0.08604317903518677 -0.051270898431539536 -0.11376902461051941 0.03975416719913483 -0.0011846751440316439 0.07641780376434326 0.04883972182869911 -0.10133639723062515 0.0064477259293198586 5.162261368241161e-05 -0.06534773111343384 -0.07747262716293335 0.10647618770599365 -0.0718991681933403 -0.009237532503902912 -0.06841099262237549 -0.1386205554008484 -0.17421628534793854 -0.0356728732585907 -0.14308631420135498 -0.13538908958435059 -0.10435792058706284 -0.03940347954630852 -0.00018011446809396148 0.07162225246429443 0.03486816585063934 -0.06885497272014618 0.08659941703081131 0.041225332766771317 -0.0288094412535429 0.010653569363057613 -0.004290780518203974 0.010058647021651268 -0.09905006736516953 0.0548311322927475 -0.003286845050752163 0.016951080411672592 -0.05269639566540718 0.014787481166422367 -0.09294837713241577 -0.06096688657999039 0.07718940079212189 0.040748581290245056 0.00131708150729537 0.0009974859422072768 -0.11422497034072876 0.05510373413562775 -0.04465833678841591 -0.010391340591013432 0.06232394650578499 -0.10231520980596542 -0.014283491298556328 -0.06416779011487961 0.03309153392910957 -0.04270796850323677 0.015363584272563457 -0.0207231342792511 0.04791250079870224 0.08552879095077515 -0.017717644572257996 0.0706254243850708 -0.011908422224223614 0.009987489320337772 0.08017733693122864 0.053980279713869095 0.07119790464639664 -0.04631861299276352 -0.09434834122657776 0.027513379231095314 0.014302205294370651 -0.03463423252105713 -0.022746503353118896 -0.03624104708433151 -0.02033812552690506 -0.025039728730916977 0.06795807182788849 -0.09796343743801117 -0.023989547044038773 0.03646775335073471 0.06002066284418106 0.13675808906555176 0.17353715002536774 -0.006526581011712551 0.13311825692653656 0.022796429693698883 -0.004164499696344137 0.12302259355783463 0.07989256829023361 0.0029471307061612606 -0.0318194255232811 -0.06529062241315842 0.0831676796078682 -0.02944505587220192 -0.015553845092654228 -0.06568516790866852 -0.008850072510540485 -0.06632745265960693 0.0205930694937706 -0.015952059999108315 0.004499360453337431 0.029902132228016853 0.053607840090990067 0.004915769677609205 -0.059547267854213715 0.04874153435230255 -0.0994340106844902 -0.06267905980348587 0.050926573574543 0.052308786660432816 -0.004278162959963083 0.0813015028834343 -0.08762317150831223 -0.01606517657637596 0.10898181051015854 0.05567823722958565 0.0021783006377518177 -0.11207244545221329 0.015768812969326973 -0.0433180145919323 0.07256310433149338 0.010739671997725964 -0.11499808728694916 0.09626423567533493 -0.02932918630540371 0.022327233105897903 -0.02130526304244995 0.07396457344293594 -0.059352997690439224 -0.004579321946948767 -0.02755189687013626 0.048214204609394073 -0.07233379036188126 0.014715783298015594 0.06965944170951843 0.011438311077654362 0.059339407831430435 0.053077273070812225 -0.09463948756456375 -0.03359885886311531 -0.08204203099012375 -0.11149264127016068 -0.14145657420158386 -0.0007190988399088383 -0.08749276399612427 -0.09899204969406128 0.031574878841638565 -0.1528841108083725 -0.1348663568496704 -0.04749568924307823 0.027192870154976845 0.018283292651176453 -0.0061611817218363285 -0.0025541135109961033 -0.017038971185684204 0.14243605732917786 -0.09257946908473969 -0.05635823681950569 0.08761754631996155 -0.014540252275764942 0.07175631076097488 0.025303632020950317 0.11864001303911209 0.01505349949002266 0.04075508192181587 -0.031066253781318665 -0.0033856111112982035 0.022518767043948174 0.11120635271072388 0.06291372328996658 -0.005510421469807625 0.001035332097671926 0.13113254308700562 0.08890201896429062 0.11787252873182297 -0.08468538522720337 -0.03186793252825737 -0.007893454283475876 -0.119647316634655 0.1112736240029335 -0.004222457762807608 -0.04732539504766464 0.1160057932138443 0.0458669476211071 -0.07945375889539719 -0.02855999581515789 0.05262415483593941 -0.052447378635406494 -0.02137271873652935 0.11696440726518631 0.06949525326490402 -0.10039271414279938 -0.0955108106136322 0.022795144468545914 -0.0813099816441536 0.04012583941221237 -0.09635479003190994 0.008567641489207745 0.06693416088819504 -0.058385804295539856 -0.07212761789560318 0.07271920889616013 -0.091670922935009 0.05278242379426956 0.035221174359321594 -0.0948723554611206 0.1430668979883194 -0.05113779008388519 -0.07103125751018524 0.08849617093801498 0.04512013867497444 0.07117798924446106 0.09098175168037415 -0.012482646852731705 0.008847299963235855 0.0033388715237379074 0.030516095459461212 -0.09037274122238159 0.050031282007694244 0.03822159022092819 0.007031003944575787 -0.01582404039800167 0.005693734623491764 0.06416439265012741 -0.06839952617883682 -0.09168761968612671 0.019081883132457733 0.12235777080059052 -0.050897017121315 -0.047582194209098816 0.13035477697849274 -0.05169542878866196 -0.01326042227447033 -0.044475093483924866 0.029407048597931862 0.08329831063747406 0.025052107870578766 -0.0315399132668972 -0.12724953889846802 0.050904616713523865 -0.14272189140319824 0.030739838257431984 -0.0811571478843689 -0.04121313616633415 -0.09246117621660233 -0.01654627174139023 -0.011533750221133232 -0.13429518043994904 0.04511158913373947 0.08710692077875137 -0.017315078526735306 -0.03196927160024643 -0.12109167128801346 0.01740243099629879 -0.039481595158576965 0.06052118167281151 0.029943684116005898 -0.03795269504189491 -0.028429139405488968 0.06835046410560608 -0.11498554050922394 0.03793380409479141 -0.01555640995502472 0.08827145397663116 -0.12040649354457855 0.07849634438753128 -0.026795824989676476 -0.006466435268521309 0.1035575345158577 0.06250502169132233 -0.06643534451723099 0.09199199080467224 -0.04653335362672806 0.16630607843399048 0.16951993107795715 0.15534111857414246 0.03985289856791496 0.12005113810300827 -0.060074761509895325 -0.02424675039947033 -0.04667671397328377 -0.0655447319149971 0.16392485797405243 -0.040640689432621 0.01656723953783512 0.027364876121282578 0.12972672283649445 -0.10412997752428055 -0.0030280782375484705 0.0794135183095932 -0.08854007720947266 0.019204307347536087 0.07905630022287369 -0.009584592655301094 0.044002436101436615 -0.09992294758558273 0.11346513032913208 -0.08894707262516022 -0.0878719612956047 0.07612930238246918 -0.06845679879188538 -0.11333905905485153 -0.04332435131072998 -0.006894010119140148 -0.0009061740711331367 -0.1331784725189209 0.13239635527133942 0.06332624703645706 0.055538710206747055 0.0711144283413887 0.02932056039571762 -0.0014844003599137068 0.01848781667649746 -0.0964459776878357 0.028460193425416946 -0.04814029857516289 -0.016918431967496872 0.10499915480613708 -0.0527196004986763 0.06457913666963577 0.011671734973788261 -0.04659465327858925 -0.10771403461694717 0.05264607071876526 0.031354986131191254 -0.057500798255205154 0.022615790367126465 0.054196249693632126 -0.036473598331213 0.13313716650009155 -0.028403503820300102 0.16163519024848938 0.04780108854174614 0.11937864124774933 0.055418387055397034 0.11002486944198608 -0.062284406274557114 0.20673047006130219 0.12069734185934067 0.20197904109954834 -0.05191633477807045 0.04849258437752724 -0.04751509055495262 -0.043859709054231644 0.1267571747303009 0.10220827907323837 -0.016610726714134216 -0.008674484677612782 0.05480585992336273 0.08751479536294937 -0.08950243890285492 -0.11570648849010468 -0.020131496712565422 0.029423698782920837 -0.042722929269075394 0.08920848369598389 -0.045579809695482254 0.01498930063098669 0.0720805823802948 -0.13863220810890198 0.08500635623931885 0.11204227060079575 0.03913876786828041 -0.14290092885494232 -0.07772661000490189 0.06454041600227356 -0.033647678792476654 -0.1673886626958847 0.03441120311617851 0.027160538360476494 0.07847154885530472 0.050337448716163635 -0.048806704580783844 0.0034054399002343416 0.10984735935926437 -0.04973100125789642 0.040318991988897324 0.04314783960580826 0.07890405505895615 -0.0634905993938446 -0.08324839174747467 -0.004104204010218382 0.08951427042484283 0.10972723364830017 0.027148667722940445 -0.05762042477726936 0.05445004999637604 -0.03849433735013008 0.10668884962797165 -0.04804240167140961 0.07957851886749268 -0.061186544597148895 0.0044026607647538185 0.0924273431301117 0.040099676698446274 0.0059738061390817165 0.14475247263908386 0.005736881867051125 -0.10082048177719116 -0.006891879718750715 -0.09954852610826492 -0.10306776314973831 0.08999177813529968 -0.035949576646089554 -0.06008049100637436 -0.014492728747427464 -0.09160754084587097 -0.09063174575567245 0.010641282424330711 -0.07966993749141693 0.007270531728863716 0.06510559469461441 0.003424507100135088 0.06986279785633087 0.10908284038305283 -0.0764039009809494 0.09984556585550308 -0.05490357428789139 0.001033422420732677 0.01753508672118187 -0.08601055294275284 -0.018122773617506027 -0.13420702517032623 -0.029472216963768005 0.031632330268621445 -0.10094717144966125 -0.13737888634204865 0.024857111275196075 -0.1274726241827011 -0.12015625834465027 -0.08769089728593826 0.10469779372215271 -0.028589077293872833 0.09791232645511627 -0.12096815556287766 -0.10868021845817566 0.04190035164356232 -0.025187483057379723 -0.08946878463029861 -0.1043679341673851 -0.10708334296941757 0.06242816895246506 0.019780827686190605 -0.028515910729765892 -0.0671837255358696 0.0066860090009868145 -0.057632651180028915 0.09547501057386398 0.12573376297950745 -0.06376408785581589 0.07068370282649994 0.07350297272205353 -0.038078222423791885 0.06744140386581421 -0.04936160519719124 -0.07926291227340698 0.07512404769659042 -0.009388153441250324 0.09668970108032227 0.04458162188529968 -0.12109601497650146 0.08769416064023972 0.1272391676902771 -0.03698325902223587 0.028266077861189842 -0.1001565009355545 -0.14560255408287048 0.0046711210161447525 -0.022122321650385857 -0.11434222757816315 0.09811000525951385 0.04009595513343811 -0.050629422068595886 0.05582108721137047 -0.05231940373778343 -0.05917547643184662 0.12518379092216492 -0.03401092812418938 0.12336906790733337 0.029836228117346764 0.1077309101819992 -0.021897269412875175 -0.06308233737945557 0.12105125188827515 0.06792855262756348 -0.034068528562784195 -0.07842625677585602 0.06941062957048416 -0.018353141844272614 0.08105827122926712 0.05810391902923584 -0.12574686110019684 -0.10096690058708191 -0.07607793062925339 0.05267805978655815 -0.13900558650493622 -0.10423050075769424 0.07516837865114212 -0.11829348653554916 0.021253932267427444 0.0072462670505046844 0.07510895282030106 -0.05037800967693329 -0.01231264229863882 0.07038932293653488 0.013897618278861046 0.08644241839647293 0.06498106569051743 0.010719800367951393 -0.0907217413187027 -0.04050483927130699 0.026980135589838028 -0.08309958875179291 0.07107319682836533 -0.08496470749378204 -0.06922857463359833 0.016890384256839752 -0.12903036177158356 -0.11647381633520126 -0.06664904952049255 0.023254891857504845 -0.04494713619351387 -0.08883246779441833 0.09919319301843643 0.09904339909553528 0.02686953917145729 -0.08703432232141495 0.11249090731143951 0.048594795167446136 -0.1111249178647995 -0.15695692598819733 -0.000558377243578434 -0.044152259826660156 -0.005995552986860275 -0.024713115766644478 0.09252749383449554 0.10315119475126266 -0.06339871138334274 0.1083160936832428 0.06566724926233292 0.1081659272313118 -0.0514938086271286 0.05348159000277519 0.0745120570063591 -0.011328604072332382 -0.07366558909416199 0.022217852994799614 0.03321239724755287 -0.0779910683631897 -0.11765630543231964 -0.054597992449998856 0.017825379967689514 -0.0987543910741806 -0.06519093364477158 0.07015030086040497 0.11310181021690369 0.05808350443840027 0.008623764850199223 0.06842278689146042 0.0453791581094265 0.07537546753883362 0.028452757745981216 0.00887220073491335 0.033575691282749176 0.028916914016008377 -0.08700350672006607 0.07310623675584793 -0.1153181940317154 -0.03720853477716446 -0.043592408299446106 -0.07540648430585861 -0.11385338753461838 -0.05791960656642914 0.03743193671107292 0.04865158349275589 0.06374846398830414 -0.023375412449240685 0.018742498010396957 -0.13234739005565643 -0.0943884328007698 -0.04151041433215141 -0.028632164001464844 -0.07465115934610367 -0.16449181735515594 -0.016450559720396996 0.015052910894155502 -0.04728105291724205 0.09355349093675613 -0.05487901717424393 0.06720483303070068 -0.04810190945863724 0.06320959329605103 0.020814966410398483 -0.0037921820767223835 0.12144751101732254 -0.012765825726091862 0.08309602737426758 -0.05016260966658592 -0.11137955635786057 -0.022667841985821724 0.0920652374625206 0.02380332164466381 0.059523552656173706 0.022752460092306137 0.015824072062969208 0.01576203480362892 -0.05058571323752403 -0.012410304509103298 -0.09496230632066727 0.026459243148565292 0.06941474974155426 0.0332222543656826 -0.03583177924156189 0.012606595642864704 0.07375996559858322 0.004509644117206335 -0.0009508367511443794 -0.11643100529909134 -0.044818878173828125 0.05976240336894989 -0.12235894054174423 0.08023493736982346 0.001660756068304181 -0.06656195223331451 0.06826865673065186 0.07358791679143906 -0.0171915702521801 -0.04977439343929291 0.04397698864340782 0.014585835859179497 -0.09281712770462036 -0.11183347553014755 0.017225103452801704 0.016582172363996506 0.04230555146932602 -0.11638333648443222 0.013483057729899883 0.042946286499500275 0.02547585219144821 -0.08185344189405441 -0.10874959081411362 -0.019832288846373558 0.06972600519657135 -0.013195679523050785 -0.042722832411527634 0.0904851108789444 0.03947485238313675 -0.035526130348443985 0.007390573620796204 -0.019418293610215187 -0.08235947787761688 0.11782322824001312 -0.06565475463867188 0.08017080277204514 0.07946497201919556 -0.04435969889163971 0.04572470113635063 -0.011745749041438103 -0.015940064564347267 -0.018962135538458824 -0.08003202080726624 -0.07961241900920868 0.05446252226829529 -0.07577948272228241 -0.0032257104758173227 0.07877140492200851 -0.08273405581712723 0.0532086044549942 -0.0740896463394165 0.04902689531445503 -0.05413712188601494 0.04504174366593361 0.052981678396463394 -0.08098790794610977 0.04033010080456734 -0.0539080910384655 -0.015754252672195435 0.015532341785728931 0.041618309915065765 -0.006358222104609013 0.02355562336742878 -0.08343223482370377 0.023023750633001328 -0.06763283908367157 -0.03954887017607689 -0.07218849658966064 0.01641593687236309 -0.044571250677108765 -0.05789920315146446 0.006360925734043121 0.08102260529994965 -0.060237810015678406 -0.014213312417268753 0.028383290395140648 -0.05007731169462204 -0.031624238938093185 -0.09507037699222565 -0.002389794448390603 0.06894756108522415 -0.08105416595935822 0.03535804525017738 0.0001261762372450903 0.0811319574713707 0.0465213917195797 0.05772913247346878 -0.057871751487255096 -0.07733394205570221 0.006180229596793652 0.07295288145542145 0.09727160632610321 0.0092165507376194 0.08143395930528641 0.02935158833861351 0.016555961221456528 0.07737725973129272 -0.058966007083654404 -0.003429720876738429 -0.1006295457482338 0.051257435232400894 -0.05865815281867981 -0.014306489378213882 -0.10642636567354202 0.009454941377043724 -0.022993676364421844 0.019395872950553894 -0.030940493568778038 -0.12298561632633209 -0.0553756058216095 -0.0466124527156353 -0.04491012543439865 0.08211567252874374 -0.02339787408709526 0.05342833325266838 0.006111150607466698 -0.1017501950263977 0.07280721515417099 0.08181914687156677 -0.11072387546300888 -0.023912344127893448 0.05825221911072731 0.03750590980052948 0.07527311146259308 0.00561606977134943 -0.06747382134199142 -0.05762292072176933 0.1094173789024353 0.06952011585235596 0.0683271735906601 -0.027494844049215317 0.10784212499856949 -0.006654754281044006 0.08805026859045029 -0.0037813493981957436 0.04732577130198479 -0.10898984968662262 -0.026150649413466454 -0.045559465885162354 -0.02164776250720024 -0.07430815696716309 0.04465290904045105 -0.010358737781643867 0.04622843861579895 0.11907631903886795 -0.027733834460377693 -0.0770147293806076 0.014699097722768784 0.021344803273677826 -0.05964955687522888 0.038501035422086716 -0.12651380896568298 -0.045146506279706955 0.032888803631067276 -0.04797297716140747 -0.08677160739898682 -0.006257705856114626 0.11334124207496643 0.1299869865179062 0.08771239221096039 0.12619490921497345 -0.025160452350974083 -0.05264377221465111 -0.10780844837427139 0.027483081445097923 -0.07267550379037857 0.046774737536907196 -0.12017187476158142 -0.09528321772813797 0.04390443116426468 0.10375313460826874 0.1170906350016594 0.16210412979125977 0.09448368847370148 -0.06496381759643555 0.11527267098426819 0.036555215716362 -0.0705418735742569 -0.09664513915777206 0.09811830520629883 0.06765874475240707 0.05344599857926369 0.10538065433502197 -0.10291153192520142 0.07294315099716187 0.056921571493148804 -0.11899183690547943 -0.0354524627327919 0.04368338733911514 -0.04337893798947334 -0.08258500695228577 -0.0741189569234848 -0.061104997992515564 -0.08877500146627426 -0.053584545850753784 0.04767042025923729 -0.09587709605693817 0.009472567588090897 -0.1064412072300911 -0.01575464755296707 0.056747812777757645 -0.09391950815916061 0.04345805197954178 0.009885536506772041 0.024603430181741714 0.0393395833671093 0.06329205632209778 -0.11124315857887268 -0.0719091147184372 -0.0448579266667366 -0.08683397620916367 0.06286527961492538 0.02997143380343914 -0.030572429299354553 0.014854129403829575 -0.07748227566480637 -0.06306002289056778 -0.12476126849651337 0.07868748158216476 0.017535695806145668 -0.06308336555957794 -0.08242888748645782 0.008919589221477509 -0.13100510835647583 -0.11828438937664032 0.07254011929035187 0.08909890800714493 0.04027562215924263 0.04993579164147377 0.14348022639751434 0.021980376914143562 -0.04518738016486168 0.06407145410776138 -0.11520315706729889 0.03604786470532417 -0.09417152404785156 -0.09805740416049957 -0.10803386569023132 0.022630980238318443 -0.0017030920134857297 -0.0420830100774765 0.09173727035522461 -0.00012790257460437715 0.0006473113899119198 0.02943320758640766 -0.0016884227516129613 0.017617251724004745 -0.02736777812242508 0.06827902048826218 -0.11226639151573181 0.009955154731869698 0.014571884647011757 -0.08848381787538528 0.07423145323991776 -0.03417610749602318 0.036670226603746414 -0.10106514394283295 0.0659012570977211 0.008401978760957718 -0.08568787574768066 -0.11841887980699539 0.051975611597299576 0.08406849205493927 -0.017569271847605705 0.08038762211799622 -0.0352758914232254 0.051896125078201294 -0.07513123750686646 0.06679685413837433 -0.047284167259931564 0.03488600626587868 0.05878884345293045 -0.09868068248033524 -0.10877577215433121 0.06153660640120506 -0.02909984067082405 -0.029783964157104492 -0.06634621322154999 0.025890670716762543 0.0692514181137085 0.03728600963950157 0.09297484159469604 -0.06421135365962982 0.027072129771113396 0.06162825599312782 0.07618732750415802 0.03700548782944679 -0.06147652864456177 0.08066648989915848 -0.10426824539899826 0.061719801276922226 -0.1157991886138916 0.07011289894580841 0.031171409413218498 -0.09213390946388245 -0.014496677555143833 -0.02515961229801178 0.0021348586305975914 -0.11111152917146683 -0.06977950781583786 -0.029721952974796295 0.0810108482837677 -0.10782025754451752 -0.03702274337410927 0.08368363231420517 -0.037169985473155975 -0.019884541630744934 -0.08979913592338562 -0.05213071405887604 -0.08586547523736954 0.06054578721523285 0.07339390367269516 0.08867000043392181 0.0453595370054245 0.038970984518527985 0.10921572148799896 0.13939295709133148 0.147894486784935 0.07035095989704132 -0.01889716275036335 0.13764744997024536 0.12773869931697845 0.1249617338180542 0.1187664121389389 0.027154583483934402 0.032733187079429626 -0.022577963769435883 0.02769167535007 -0.11421012878417969 -0.09487347304821014 0.060247864574193954 -0.04645266383886337 -0.038888394832611084 0.11435174942016602 0.07417724281549454 -0.025953715667128563 -0.08144012838602066 -0.013331493362784386 -0.04663054272532463 0.015097652561962605 -0.034841760993003845 -0.040422506630420685 0.07615970820188522 -0.11490055918693542 0.009209279902279377 0.1010352373123169 -0.06728345900774002 -0.06662394106388092 0.08037841320037842 0.03627903014421463 -0.02621261216700077 0.06657671183347702 0.01563982293009758 -0.14233046770095825 -0.13460181653499603 -0.0846661627292633 -0.057822927832603455 -0.14067378640174866 0.00788776483386755 -0.1493721753358841 -0.04946880415081978 -0.015661608427762985 -0.009769611060619354 -0.00015882069419603795 0.00638425862416625 -0.04491513967514038 0.0062728747725486755 -0.023856671527028084 0.04265759140253067 -0.014053326100111008 0.0709688663482666 -0.020886993035674095 0.09863801300525665 0.10254334658384323 -0.08694864809513092 0.07927151769399643 -0.015652306377887726 -0.04370270296931267 -0.018060879781842232 -0.013940878212451935 0.08573063462972641 0.09582571685314178 0.0005977367400191724 0.09205467998981476 -0.09250089526176453 0.044073596596717834 -0.08238526433706284 -0.11185569316148758 -0.0015693651512265205 -0.08151666820049286 -0.08209334313869476 0.06259230524301529 -0.11102046817541122 -0.04113161191344261 -0.011833344586193562 0.08562444895505905 -0.08010773360729218 0.01398559007793665 0.028486087918281555 -0.09889006614685059 0.09174653887748718 0.010985752567648888 0.09285792708396912 -0.0633101537823677 -0.03103243000805378 -0.09751643985509872 0.048812441527843475 0.031881071627140045 0.08119077235460281 -0.0150265172123909 0.07725176215171814 0.04281425476074219 0.05895931273698807 0.032627277076244354 -0.11581834405660629 0.04980538412928581 -0.09871500730514526 0.045625220984220505 0.09782391041517258 -0.09385045617818832 0.03684456646442413 0.047523193061351776 -0.002400730038061738 0.012084907852113247 0.023094505071640015 0.07384870946407318 -0.1107700988650322 -0.11705365031957626 -0.14000292122364044 -0.09852764755487442 0.02939598634839058 -0.044495560228824615 0.030560947954654694 -0.10205452144145966 -0.07220803201198578 0.013524630106985569 0.03491264209151268 0.02503645233809948 -0.06260858476161957 0.08262200653553009 -0.06957443803548813 0.07681918144226074 -0.09796246141195297 -0.043506767600774765 -0.05951826646924019 0.03114548698067665 -0.10581550002098083 0.09785536676645279 0.0428493358194828 0.09294116497039795 0.09696370363235474 0.11209984868764877 -0.017057759687304497 0.04898323491215706 0.01752546988427639 0.11342354863882065 0.01097691897302866 0.10776092112064362 -0.06716518104076385 -0.01975591853260994 0.03956359624862671 0.1279781013727188 -0.02533874660730362 0.018417656421661377 0.05540022999048233 -0.09977561980485916 0.011739177629351616 -0.07027406245470047 -0.020843949168920517 0.0626828745007515 0.036809466779232025 -0.026741864159703255 -0.10766119509935379 0.02920466475188732 -0.07410047948360443 0.10788890719413757 -0.06769907474517822 0.05528357997536659 0.07589653134346008 -0.08360599726438522 -0.06938426941633224 0.03202681988477707 0.021920405328273773 -0.09793859720230103 -0.04133431613445282 -0.05650516226887703 0.00987654272466898 0.07688596844673157 0.020303525030612946 -0.010589375160634518 0.025363439694046974 0.05985775962471962 0.056294478476047516 -0.08563631772994995 -0.0638749971985817 -0.07695320248603821 -0.09311094880104065 -0.026828546077013016 0.020857632160186768 0.049263253808021545 0.013399126008152962 -0.04765089601278305 0.04072132706642151 -0.09977738559246063 -0.08722322434186935 0.006184941157698631 0.016155628487467766 0.02585286647081375 0.027613863348960876 -0.08954761177301407 0.00516699580475688 -0.03376436606049538 -0.06479638069868088 -0.0852552130818367 -0.029364030808210373 0.0922890231013298 -0.02544238604605198 -0.04409473389387131 0.08191807568073273 -0.05395451933145523 -0.007220997475087643 0.10650718212127686 -0.018362529575824738 -0.08319142460823059 0.03677231818437576 -0.049099285155534744 -0.0781359076499939 0.061382193118333817 -0.057277340441942215 0.0729718953371048 -0.0020377752371132374 -0.02999221161007881 -0.0076985121704638 0.05799428001046181 0.10452747344970703 0.011418893933296204 0.119348905980587 0.04046710208058357 -0.09336721897125244 -0.037163008004426956 -0.03600025177001953 -0.01471024565398693 -0.0433364063501358 0.08338796347379684 -0.022971248254179955 -0.024709220975637436 0.12781456112861633 -0.05853691324591637 0.012308355420827866 0.06502490490674973 -0.0021095769479870796 -0.12164474278688431 0.05111392214894295 -0.11550474911928177 -0.09509984403848648 -0.05395624041557312 0.08065977692604065 -0.040687840431928635 -0.09856720268726349 0.09607060998678207 0.09674666076898575 -0.06154759228229523 -0.05104899778962135 0.05270490422844887 -0.07128709554672241 -0.049400463700294495 -0.03807608410716057 -0.009122894145548344 0.15583358705043793 -0.01749001070857048 0.16363564133644104 -0.06606786698102951 0.0186985582113266 0.15624965727329254 0.1457645297050476 0.14826199412345886 0.08357014507055283 -0.05670452117919922 0.0728454664349556 0.11855529993772507 0.1338210254907608 -0.06596390157938004 0.06485076248645782 -0.08480847626924515 0.09083589166402817 -0.12056420743465424 0.01199210062623024 0.0910363718867302 -0.12258312851190567 0.06035001575946808 -0.0593477301299572 0.07608087360858917 -0.11368077993392944 -0.035060055553913116 -0.11001940816640854 0.05660929158329964 0.02638097107410431 0.0792325884103775 -0.13205131888389587 -0.09045353531837463 -0.034656818956136703 0.05303517356514931 0.06365839391946793 -0.14291024208068848 -0.043166399002075195 -0.07617310434579849 -0.048638634383678436 0.04979070648550987 -0.07529185712337494 -0.07466451078653336 0.1301114708185196 0.041574642062187195 0.0902402475476265 0.1424064040184021 -0.13393500447273254 0.1712603121995926 0.10854291915893555 0.048598580062389374 0.1280657947063446 0.023514719679951668 0.13264568150043488 -0.02860652469098568 -0.02915666066110134 -0.0005497542442753911 0.10289610177278519 0.07036103308200836 0.024202613160014153 0.015075938776135445 0.09440199285745621 0.11026457697153091 0.0735740065574646 -0.0947045311331749 -0.05612146109342575 -0.03284537419676781 -0.07471248507499695 0.09170269221067429 -0.11201470345258713 -0.04637613147497177 0.029188062995672226 -0.09989628195762634 0.06736785918474197 0.010233420878648758 0.1272755116224289 -0.11751778423786163 -0.07389089465141296 -0.08279533684253693 0.004624207969754934 -0.11102884262800217 -0.08468469977378845 0.11337028443813324 -0.023202432319521904 -0.029870718717575073 -0.1044246181845665 -0.09740663319826126 -0.06488581746816635 -0.07163406908512115 0.029786808416247368 -0.020250936970114708 0.010256610810756683 -0.05785910040140152 -0.10180161148309708 0.034749142825603485 -0.01774919591844082 0.01361925434321165 0.07477472722530365 -0.026772281154990196 -0.11886542290449142 -0.10848920792341232 0.03451050817966461 -0.024838600307703018 -0.009334199130535126 0.028897754848003387 0.05563676357269287 -0.07741301506757736 0.11713248491287231 0.07838985323905945 0.08891573548316956 -0.0025934006553143263 -0.03106476366519928 -0.1656961590051651 -0.07633335143327713 0.039681483060121536 0.03730086609721184 -0.0017792084254324436 -0.04750660061836243 -0.06746505200862885 0.11467591673135757 0.002901224885135889 0.08005350083112717 -0.05560917407274246 -0.012551250867545605 0.051287658512592316 0.003896218491718173 0.08576075732707977 -0.0032999489922076464 0.13355609774589539 0.14979203045368195 0.0652059018611908 0.03913408890366554 -0.009650620631873608 0.03613758459687233 -0.0367971770465374 0.13096992671489716 -0.10802150517702103 -0.032005202025175095 0.00858240481466055 -0.009070144034922123 0.12901651859283447 0.09237661212682724 -0.06765571236610413 0.11975309997797012 0.11518902331590652 -0.12244387716054916 -0.10615156590938568 -0.06072293221950531 -0.017396053299307823 0.03800158575177193 -0.05240149050951004 0.07876023650169373 -0.026971405372023582 0.1058846265077591 -0.06417372077703476 -0.05262462794780731 -0.03381926193833351 0.04312765598297119 -0.059213340282440186 -0.13638544082641602 0.05016307160258293 -0.02891913242638111 -0.04159069433808327 -0.00863351859152317 0.030913617461919785 0.008335850201547146 -0.10946677625179291 -0.06395603716373444 -0.11985890567302704 -0.17478369176387787 -0.005663836374878883 0.05805845931172371 0.03433078154921532 0.1608554571866989 0.07904792577028275 0.05855090543627739 -0.05536958947777748 0.026676587760448456 -0.1278584748506546 0.02500644139945507 0.022266734391450882 -0.0009008278138935566 0.045603636652231216 0.09404255449771881 -0.0443868450820446 0.12883831560611725 -0.0315297394990921 -0.07400340586900711 0.014542625285685062 -0.07948896288871765 -0.04181041568517685 -0.06678996980190277 0.050416551530361176 0.1115475445985794 -0.009721278212964535 -0.019364969804883003 -0.11057136952877045 -0.08346271514892578 0.09001670032739639 -0.12417791038751602 0.03537050262093544 0.07712654024362564 -0.008113897405564785 -0.12736201286315918 -0.023317215964198112 -0.030356494709849358 -0.038004107773303986 0.06209537014365196 0.09430067241191864 -0.007830476388335228 -0.029872829094529152 0.0876258984208107 -0.06771736592054367 -0.05869041755795479 0.10417283326387405 0.006111814174801111 -0.04275897890329361 0.0945645123720169 -0.12043661624193192 0.09163504093885422 -0.031094659119844437 -0.013514499180018902 -0.10152384638786316 0.0013383522164076567 -0.05103061720728874 0.0006071225507184863 -0.030786558985710144 0.05946798250079155 0.015598381869494915 0.028601141646504402 0.054872892796993256 0.023467522114515305 0.03154418244957924 0.039522092789411545 0.03432519733905792 -0.08195529133081436 -0.004836482461541891 -0.024671485647559166 -0.03993485867977142 -0.11447106301784515 0.005179894622415304 0.10867206007242203 0.04467368498444557 -0.01329656969755888 -0.08441732078790665 -0.11192682385444641 -0.11937123537063599 -0.03273359313607216 -0.04630298167467117 0.07806506007909775 -0.06091102212667465 0.06106620281934738 -0.07688087970018387 0.0590246319770813 0.04523063451051712 -0.06328125298023224 0.01259226631373167 0.026843896135687828 -0.007426283322274685 0.062095142900943756 0.07662908732891083 0.0027707377448678017 -0.06289537250995636 0.07814168184995651 0.012786359526216984 -0.03815127909183502 -0.019962221384048462 -0.0333595797419548 -0.14184117317199707 0.004544681403785944 -0.10209954530000687 -0.02373165264725685 -0.10198018699884415 0.05193251743912697 -0.047050341963768005 0.07485996931791306 -0.010215193964540958 0.03319908678531647 0.09040717780590057 -0.07816669344902039 -0.05326422303915024 -0.03349345177412033 -0.017181910574436188 0.01489944662898779 -0.04476894065737724 0.06155826896429062 0.006008468102663755 -0.04900433495640755 -0.04694336652755737 0.014513789676129818 0.0753948912024498 -0.021450316533446312 0.08811287581920624 -0.07300754636526108 0.0248465146869421 0.050670377910137177 -0.0812743753194809 -0.07793057709932327 -0.09509673714637756 0.0021680991631001234 0.08469151705503464 0.03829926252365112 -0.04696078225970268 -0.14075744152069092 0.1288689523935318 0.11671710014343262 0.0743396207690239 -0.11329001933336258 -0.023593051359057426 0.10045457631349564 0.0019272424979135394 -0.01941118761897087 -0.11215924471616745 -0.11099930852651596 -0.028732506558299065 0.019883645698428154 0.11463247239589691 -0.02113121561706066 -0.07024151086807251 -0.10540511459112167 -0.09655729681253433 -0.011690868996083736 -0.026609543710947037 -0.05830731242895126 -0.11478576809167862 0.0257473923265934 0.07860063761472702 0.09314452856779099 -0.09060446918010712 0.06317958980798721 0.04084939509630203 -0.026724524796009064 0.04953903332352638 0.08006641268730164 0.057428792119026184 -0.09853754192590714 0.04919324442744255 0.08691789209842682 0.048114534467458725 -0.04496913030743599 0.06740698963403702 -0.01173375640064478 0.015821261331439018 -0.04932576045393944 0.028803953900933266 0.07316233962774277 -0.04529367387294769 0.10107942670583725 0.05538145452737808 -0.009325944818556309 0.11805610358715057 0.11348041892051697 -0.08570588380098343 0.1045863926410675 -0.05907158926129341 -0.022461073473095894 0.06569701433181763 0.027982063591480255 0.06450279802083969 0.10579103976488113 0.0031335975509136915 -0.08776863664388657 -0.09847690165042877 -0.08998265117406845 0.023423943668603897 0.042647313326597214 -0.17623668909072876 -0.09282832592725754 0.08225910365581512 0.06312871724367142 -0.08010641485452652 0.02146347053349018 0.03695397451519966 -0.07582858204841614 0.053390346467494965 0.028528643772006035 0.08783464878797531 0.09973908215761185 0.06430186331272125 -0.03799465671181679 -0.13037128746509552 0.06161709129810333 0.08767957240343094 -0.044182177633047104 0.03501797839999199 -0.024219680577516556 -0.04893079772591591 -0.01096747349947691 0.08287559449672699 -0.07218644767999649 -0.1110665574669838 -0.06204509735107422 0.03515315428376198 0.07094622403383255 0.05683985725045204 -0.0023984068538993597 0.005134426057338715 -0.05392058938741684 -0.11318658292293549 -0.03178789094090462 -0.11177460104227066 -0.003948340658098459 -0.05513289198279381 0.0827823206782341 -0.11019620299339294 -0.1064760684967041 -0.12331594526767731 0.07104761898517609 -0.07411178946495056 -0.04148994758725166 -0.016272027045488358 0.0409606397151947 0.045836370438337326 0.016498960554599762 0.02788112685084343 0.0446021594107151 0.10580208152532578 -0.13180267810821533 0.05120280757546425 -0.1107596606016159 0.020183894783258438 0.01445954479277134 -0.1073450893163681 0.06380214542150497 0.10246862471103668 0.06095656007528305 0.0469660647213459 -0.03167932108044624 -0.005358886905014515 -0.09649399667978287 0.12403946369886398 -0.11560828238725662 -0.22637932002544403 -0.027347108349204063 0.0041108448058366776 -0.11773030459880829 -0.13502237200737 0.02901832014322281 0.09530989080667496 0.040708355605602264 0.02376680262386799 0.07191000133752823 0.04663396254181862 -0.10503584891557693 -0.05663430690765381 -0.06444942951202393 0.09937653690576553 0.12386344373226166 0.04432695358991623 0.13503892719745636 -0.03759922832250595 0.055115994065999985 -0.07169134169816971 -0.03453763946890831 -0.05964735150337219 0.13233701884746552 0.009809832088649273 0.05806060880422592 0.12137288600206375 0.12148594856262207 0.06375063955783844 -0.045466337352991104 0.04239475727081299 -0.07959949970245361 -0.08118116110563278 -0.018184788525104523 0.10816168040037155 0.01933327689766884 0.029323363676667213 -0.05069221556186676 0.1292618215084076 0.12297717481851578 0.12121427804231644 -0.06423814594745636 0.12826454639434814 0.02938254363834858 0.04115048423409462 -0.09644152969121933 0.02492000162601471 -0.006471917498856783 -0.11624912172555923 -0.01116208452731371 0.08460093289613724 -0.08302854001522064 -0.02669965848326683 -0.10677864402532578 -0.028101766481995583 -0.1182389110326767 -0.043294332921504974 0.05231062322854996 -0.10355647653341293 -0.10293413698673248 -0.014639364555478096 0.0920725092291832 0.040078677237033844 0.12692320346832275 -0.13332825899124146 -0.5428884625434875 -0.2074286788702011 -0.30540671944618225 -0.16782492399215698 -0.16238991916179657 -0.03166184946894646 -0.04337778314948082 -0.15874649584293365 -0.051291756331920624 -0.005730868317186832 -0.10806950181722641 -0.06171555072069168 0.03383913263678551 -0.010805396363139153 -0.13335160911083221 -0.1050821989774704 -0.006447426043450832 -0.13803429901599884 0.07108436524868011 -0.11306609958410263 -0.032297905534505844 0.07305780053138733 -0.07073868066072464 -0.11677315086126328 0.012463713064789772 0.06677605211734772 -0.032784879207611084 -0.082691989839077 -0.10594011843204498 0.04341907426714897 -0.09085630625486374 0.06814783066511154 0.04960687458515167 0.04258866608142853 -0.02785436622798443 -0.000797359156422317 -0.0063482411205768585 -0.04940412938594818 0.0726224035024643 0.05504317581653595 -0.0621977262198925 0.08396399021148682 0.03842349350452423 -0.1046997457742691 -0.10803265124559402 0.0420064702630043 -0.06654457002878189 -0.05183786526322365 0.09395982325077057 -0.02540649101138115 -0.11340298503637314 0.06362685561180115 0.06087189167737961 -0.008141526952385902 0.06907389312982559 -0.08317835628986359 0.01310922671109438 0.10950358211994171 -0.11366785317659378 0.0940399169921875 0.06269308179616928 -0.03582536429166794 0.12419282644987106 0.001335897482931614 -0.0045512341894209385 0.10430599004030228 -0.03800273686647415 -0.020481079816818237 0.042930640280246735 0.07595957070589066 0.07920943200588226 -0.004897414706647396 -0.03169923275709152 0.096213698387146 -0.038715850561857224 0.08424530923366547 0.03471560776233673 0.015578868798911572 0.0809212177991867 -0.031165549531579018 -0.07665281742811203 0.08729977160692215 -0.014292948879301548 -0.040913570672273636 -0.10594283044338226 -0.052255094051361084 -0.05631144344806671 -0.031649619340896606 -0.07477255165576935 0.05129825323820114 -0.10150521248579025 -0.03269954025745392 -0.034391455352306366 -0.0503905713558197 0.0069133867509663105 0.023561233654618263 -0.08385421335697174 0.06625737249851227 0.0752929225564003 0.00400489941239357 0.04271535947918892 0.05037388950586319 -0.0238003171980381 0.0031228826846927404 0.017749497666954994 0.023427454754710197 -0.09271887689828873 -0.03719950467348099 -0.08599613606929779 0.058880515396595 0.05726516619324684 -0.07475483417510986 -0.024783099070191383 -0.058026399463415146 0.10024502128362656 -0.042664092034101486 -0.012407227419316769 -0.03949253633618355 -0.05250519886612892 -0.016583846881985664 -0.028250791132450104 0.0035544726997613907 0.0934276208281517 -0.00045784973190166056 0.021067697554826736 0.10499075055122375 -0.06513513624668121 -0.111971914768219 -0.16936422884464264 -0.10650656372308731 -0.14908143877983093 -0.14987772703170776 -0.16145242750644684 -0.08943168073892593 -0.096181720495224 -0.123030886054039 -0.01642267219722271 -0.015079007484018803 -0.06708118319511414 -0.049920424818992615 0.03222174942493439 -0.09027886390686035 0.07978617399930954 -0.0030434224754571915 0.08171917498111725 0.0654197409749031 0.08481574058532715 -0.08283906430006027 0.036400407552719116 -0.013672664761543274 -0.027531873434782028 0.09683022648096085 -0.06606355309486389 0.06091095134615898 0.015353599563241005 -0.04999994859099388 0.03286171332001686 -0.05327199026942253 -0.003077792003750801 -0.060238566249608994 -0.0224013589322567 0.10976585745811462 -0.08768117427825928 -0.010947991162538528 -0.0604846328496933 0.1002635806798935 0.007360116112977266 -0.0025305668823421 0.12311886250972748 0.11125624924898148 -8.566770702600479e-06 -0.07224421203136444 0.10927946120500565 -0.06064534932374954 -0.05412114039063454 -0.016266625374555588 0.0725640282034874 -0.05845002084970474 -0.04725107178092003 0.09120379388332367 -0.012522568926215172 0.026984769850969315 0.049484752118587494 -0.03008483722805977 -0.051808226853609085 0.004261169116944075 0.046538956463336945 -0.11560405045747757 -0.04147694259881973 0.0817762240767479 -0.03314337134361267 -0.0028144363313913345 -0.022942418232560158 0.10587462782859802 -0.0767427608370781 -0.10769724100828171 -0.07387473434209824 -0.0838247612118721 0.05173463374376297 0.00510395085439086 -0.008946959860622883 -0.05136385187506676 -0.014004465192556381 0.025180859491229057 -0.016516145318746567 -0.0214112289249897 -0.07237035036087036 -0.005538327153772116 -0.024113647639751434 -0.12068632245063782 -0.08314220607280731 -0.09062181413173676 -0.14161591231822968 0.007276657037436962 -0.09299136698246002 0.06414300203323364 -0.10976942628622055 -0.0557149276137352 0.08570970594882965 -0.027606651186943054 -0.026231370866298676 -0.06313132494688034 -0.04321524128317833 0.00799599289894104 0.019513992592692375 -0.07681825011968613 -0.05369266867637634 -0.10840581357479095 0.08954501152038574 0.03483438119292259 -0.08740797638893127 -0.02734953910112381 -0.10023033618927002 -0.05521359667181969 0.1025657206773758 -0.10807805508375168 0.034641243517398834 0.08911517262458801 0.009284958243370056 0.00563160702586174 -0.08802072703838348 0.09751233458518982 0.0836283415555954 -0.052755873650312424 0.03663541004061699 -0.025153640657663345 -0.05385613813996315 0.062143728137016296 -0.026149002835154533 -0.0023084678687155247 0.0057693347334861755 -0.09998561441898346 -0.00021290838776621968 -0.00956136453896761 0.034860678017139435 -0.17690828442573547 -0.12687747180461884 -0.019508564844727516 0.06663861125707626 0.07864856719970703 0.0133274020627141 0.06519733369350433 -0.14093555510044098 -0.0327928364276886 -0.11214620620012283 0.10518310219049454 0.037061963230371475 -0.0964718908071518 0.13682934641838074 0.0643157884478569 0.11978911608457565 0.11542624235153198 0.058939412236213684 0.08068660646677017 -0.055228397250175476 -0.03431674838066101 0.049806371331214905 0.1448085457086563 -0.0868808850646019 0.023826777935028076 -0.016110152006149292 -0.049831122159957886 -0.04421702027320862 -0.08962902426719666 0.12891480326652527 0.10645118355751038 -0.1033516526222229 -0.08999442309141159 0.01748022437095642 -0.09812738746404648 0.050854675471782684 -0.056676656007766724 -0.005010140128433704 -0.036502473056316376 0.03292066603899002 0.027809007093310356 -0.0769820287823677 0.026053108274936676 -0.09293796122074127 0.06712424755096436 0.09526456892490387 0.07611238211393356 -0.09366574883460999 0.0796569436788559 -0.03583632782101631 0.01375960186123848 0.03378462791442871 -0.003909432794898748 -0.0589914545416832 -0.09626619517803192 -0.06820262968540192 0.008971397764980793 0.08424830436706543 -0.0573432482779026 -0.01958322525024414 0.029951905831694603 0.1262388676404953 0.06365104019641876 0.04439765587449074 -0.21649079024791718 -0.12556926906108856 0.010478450916707516 0.12777023017406464 0.15848685801029205 -0.05370672792196274 0.029962871223688126 0.11021556705236435 0.08340825140476227 -0.015354563482105732 -0.05163430795073509 -0.01905263587832451 0.037682514637708664 -0.009096887893974781 0.04822150617837906 0.14294089376926422 -0.06338687986135483 -0.06216320022940636 0.07812850177288055 0.09871899336576462 -0.07936827838420868 -0.028953827917575836 -0.07692292332649231 -0.13826076686382294 0.01859344355762005 -0.0827476754784584 0.043387219309806824 -0.05326616391539574 -0.01495425682514906 0.008916805498301983 -0.03683582693338394 -0.008377693593502045 0.08816777169704437 -0.09896144270896912 0.025534922257065773 0.05137268453836441 0.07386673241853714 0.01414708886295557 0.055330540984869 -0.03420226275920868 -0.030550217255949974 -0.052636560052633286 -0.05713462457060814 -0.08329448103904724 -0.11357556283473969 -0.12483566254377365 0.0853884369134903 -0.07358691096305847 0.06652570515871048 -0.05329081788659096 0.008538821712136269 0.05924992635846138 -0.12921006977558136 -0.13144485652446747 -0.12195798009634018 0.034015581011772156 0.06884977966547012 0.03998763859272003 0.03413573279976845 0.14001256227493286 -0.053144630044698715 0.12416455149650574 0.1613885462284088 -0.014298892579972744 0.08754826337099075 0.0981418639421463 0.15223440527915955 0.018790284171700478 0.08317069709300995 -0.030159711837768555 0.16939249634742737 0.1193828284740448 0.14408454298973083 0.006036789622157812 0.01610349677503109 0.14262181520462036 0.040871843695640564 -0.027433320879936218 0.08616030216217041 0.08279014378786087 0.051649004220962524 -0.05580681189894676 -0.09767425805330276 -0.05773390457034111 -0.026308171451091766 0.06434646248817444 -0.02903878316283226 0.10531122237443924 -0.0712348148226738 -0.0037384836468845606 -0.06952468305826187 0.09812118113040924 0.08578714728355408 0.01802724599838257 -0.13409294188022614 -0.011279013939201832 -0.09757530689239502 -0.0724346935749054 -0.1173361986875534 -0.08924361318349838 -0.1218457892537117 0.08433257043361664 0.03155355155467987 0.09118513017892838 0.007167832460254431 -0.00225833966396749 0.005946395453065634 -0.04936986044049263 0.06868056952953339 -0.06118277832865715 -0.004474201239645481 0.01974409818649292 -0.13496875762939453 0.033193495124578476 -0.06608914583921432 -0.14047089219093323 -0.07241121679544449 0.007200169842690229 0.04854962229728699 -0.04873794689774513 0.018676895648241043 -0.018081435933709145 0.037154313176870346 -0.10641176998615265 0.08779104053974152 -0.13929274678230286 0.0027935097459703684 -0.014450130984187126 0.14138172566890717 -0.04625168815255165 -0.03150176256895065 0.16131740808486938 0.12401682138442993 -0.10750506073236465 0.09631643444299698 -0.06068916618824005 -0.012323779985308647 0.09990254789590836 0.13684159517288208 0.11604752391576767 0.035756949335336685 -0.10821497440338135 -0.13107523322105408 -0.13316231966018677 0.08924247324466705 0.0711202472448349 -0.1083531603217125 -0.06831804662942886 0.00803285650908947 0.10276160389184952 -0.015554556623101234 0.07265139371156693 -0.08869730681180954 0.031276024878025055 0.06286454200744629 -0.07309048622846603 0.05038056522607803 0.033134061843156815 -0.09220979362726212 -0.10270382463932037 -0.10459219664335251 0.05849406495690346 -0.09448907524347305 -0.011854447424411774 0.029675345867872238 -0.1786462664604187 0.030292050912976265 -0.04315552860498428 -0.05303363502025604 -0.012282040901482105 0.008451510220766068 -0.11642277240753174 0.041994478553533554 0.01689712144434452 0.10344410687685013 -0.0060491133481264114 -0.11172454059123993 -0.07770621031522751 0.059201061725616455 -0.008126805536448956 -0.11547814309597015 -0.01929800771176815 -0.12506386637687683 0.11701145768165588 0.07033921033143997 -0.07388585060834885 0.03517058491706848 0.0141410231590271 -0.1340634822845459 0.03823118284344673 0.13410750031471252 -0.09954921156167984 0.16943322122097015 0.18190447986125946 0.1828119456768036 0.10613180696964264 -0.026960263028740883 -0.019353529438376427 0.025466378778219223 -0.016002994030714035 0.01848176307976246 0.06806841492652893 0.03606416657567024 0.052204616367816925 0.06494657695293427 0.020720789209008217 -0.10469788312911987 0.09393459558486938 -0.04021662473678589 -0.004319898318499327 0.001223660889081657 0.09347591549158096 0.10692530870437622 0.022758619859814644 -0.1179937794804573 -0.05248716473579407 -0.05322324484586716 -0.0674414411187172 -0.030093403533101082 0.07184414565563202 0.10293508321046829 -0.07032773643732071 -0.13404421508312225 -0.1351819485425949 -0.11736989766359329 -0.04842981696128845 0.07789594680070877 -0.11820292472839355 0.012661700136959553 0.003301433753222227 0.06177409738302231 0.06089043244719505 -0.06878028064966202 -0.10585533827543259 0.013653757981956005 -0.10578624904155731 0.0793549194931984 -0.06768692284822464 0.10746229439973831 -0.03653138875961304 0.0289719570428133 0.09870786219835281 0.07522333413362503 0.07398596405982971 -0.08825281262397766 -0.07088372111320496 0.07674452662467957 -0.03314327448606491 -0.07974252104759216 -0.040742263197898865 0.031164146959781647 -0.04961007833480835 0.12230303883552551 -0.024095740169286728 -0.05381345376372337 -0.04208876192569733
b1 64
-0.0007612182525917888 -0.07757270336151123 -0.11407522112131119 -0.1638806164264679 -0.10432253777980804 -0.125985249876976 0.11906284093856812 0.14146874845027924 0.028188085183501244 -0.04280175641179085 -0.023383663967251778 -0.05067882686853409 -0.012287336401641369 -0.13006259500980377 0.1096368283033371 -0.04069236293435097 -0.13617438077926636 -0.1290103942155838 -0.13134975731372833 -0.07432305067777634 0.041808102279901505 -0.01235931646078825 0.03169851750135422 -0.032920122146606445 -0.06639150530099869 0.054148346185684204 -0.0919579491019249 -0.049314599484205246 -0.07004719972610474 -0.20782682299613953 0.01260399166494608 0.12867921590805054 0.018980510532855988 0.04437467083334923 -0.09905409067869186 0.17253398895263672 0.11229638010263443 -0.07306846976280212 -0.12529951333999634 -0.0515395849943161 0.2355469912290573 -0.18012695014476776 -0.03794795274734497 -0.05689548701047897 0.11585443466901779 0.12664981186389923 0.11296755075454712 0.02066456340253353 -0.09265431016683578 -0.003059821669012308 0.10626685619354248 0.1923178732395172 -0.13381050527095795 -0.15086627006530762 0.18880265951156616 -0.26498496532440186 -0.16267789900302887 -0.2761291563510895 0.09151117503643036 0.1920321136713028 -0.045942872762680054 -0.04721999168395996 -0.09194926917552948 -0.13770823180675507
W2 4096
0.06573127210140228 0.019410256296396255 0.10256568342447281 -0.029359418898820877 -0.011058556847274303 -0.007455876097083092 0.07643746584653854 0.04234587401151657 -0.0660017803311348 0.039703741669654846 -0.08565853536128998 0.03172513470053673 -0.00938357226550579 0.038033150136470795 -0.0751100406050682 0.07773486524820328 -0.1693013310432434 0.0021943836472928524 0.04214430972933769 -0.041832949966192245 0.08336438983678818 0.02509363181889057 0.07021030783653259 0.00848572887480259 0.014390559867024422 -0.007851690985262394 -0.04052312299609184 0.05329086259007454 0.05526279658079147 -0.023885030299425125 0.05005300045013428 0.010000308975577354 -0.01519082672894001 0.08029225468635559 0.07787072658538818 -0.09357378631830215 0.12441564351320267 0.11427886039018631 -0.06914449483156204 0.019450992345809937 0.04623141512274742 0.06721093505620956 0.021409381181001663 0.054666485637426376 0.0359492301940918 0.06231871247291565 -0.05260704085230827 -0.08666525781154633 0.04204673320055008 -0.008950351737439632 -0.07470089197158813 0.05838845670223236 0.08765170723199844 0.06750143319368362 -0.08764170110225677 -0.14854609966278076 0.011093641631305218 -0.09857145696878433 0.007345668040215969 0.0017308446113020182 0.12469331920146942 0.12697726488113403 0.033818356692790985 0.11592601984739304 -0.06955864280462265 -0.07654988765716553 0.031282249838113785 -0.15407179296016693 -0.025417359545826912 -0.06413065642118454 -0.0112034622579813 -0.08865803480148315 -0.06982483714818954 -0.12009384483098984 0.11745604872703552 -0.057549815624952316 -0.10662592202425003 -0.0248036440461874 -0.08779898285865784 -0.04001735523343086 0.07894667237997055 0.044207613915205 0.13485728204250336 -0.026050714775919914 0.007680900394916534 0.10529359430074692 -0.024832317605614662 0.08989956229925156 -0.02683158405125141 0.04669029638171196 0.019870121031999588 0.021261153742671013 0.03151291236281395 -0.08384781330823898 -0.06419962644577026 -0.0446745865046978 -0.07076986879110336 0.1325725018978119 0.04710571840405464 0.10441657900810242 0.09286744892597198 0.006801825948059559 0.05154268071055412 0.03622789308428764 0.0009717839420773089 -0.013087638653814793 -0.06338722258806229 -0.11654915660619736 -0.06242081895470619 0.027887005358934402 -0.02325376123189926 -0.0008794576860964298 -0.04431768134236336 0.07113975286483765 0.064823217689991 0.12204371392726898 -0.07256866991519928 0.06787114590406418 0.06582402437925339 -0.011666410602629185 0.11651063710451126 -0.07228938490152359 0.04406580328941345 0.055151358246803284 0.08193936198949814 -0.036325015127658844 -0.1212327778339386 -0.02518198825418949 -0.07970409095287323 -0.022788815200328827 0.08852441608905792 0.06403549015522003 -0.004320395179092884 -0.005530374124646187 0.051906950771808624 -0.011928330175578594 -0.07148049026727676 0.07020126283168793 -0.018432917073369026 -0.010705891996622086 0.014422035776078701 0.03185426816344261 -0.07717673480510712 -0.08379191905260086 -0.048755768686532974 -0.037395138293504715 -0.059314556419849396 0.03701706975698471 0.026583252474665642 0.019170721992850304 0.02945973165333271 -0.01852020062506199 0.05585772171616554 0.049228962510824203 -0.04904937744140625 -0.00152782560326159 -0.05950969085097313 -0.021344870328903198 0.08852196484804153 -0.048586782068014145 -0.07667292654514313 0.0076136295683681965 -0.003627000143751502 -0.016479577869176865 0.03657292574644089 -0.020682713016867638 0.02820615842938423 -0.028903819620609283 -0.017314093187451363 0.031734153628349304 0.0480300672352314 -0.07201547175645828 0.02223171852529049 -0.027008209377527237 0.026667196303606033 -0.05595801770687103 0.07259348034858704 0.05062810704112053 0.02719447761774063 -0.0009750004974193871 0.06776107847690582 -0.016200430691242218 -0.00017468414444010705 -0.028992855921387672 -0.06859207153320312 -0.004952657036483288 -0.06398908793926239 0.008004634641110897 0.002142747398465872 0.05384001508355141 -0.07932175695896149 0.04320373386144638 -0.004524638410657644 -0.011040783487260342 -0.0015761530958116055 -0.004239565227180719 -0.0003513670526444912 0.005565487779676914 0.009094566106796265 -0.014231281355023384 -0.017399564385414124 -0.006580903194844723 0.007150751538574696 -0.0023007667623460293 -0.016470834612846375 0.025823822245001793 0.02380545251071453 -0.008653471246361732 -0.08294796198606491 -0.001698371721431613 -0.001982355723157525 -0.0029719716403633356 -0.006818803492933512 0.00193610112182796 0.01289527676999569 0.0022609487641602755 -0.01824561320245266 -0.023762201890349388 -0.0044875903986394405 -0.003956866450607777 -0.0041390941478312016 -0.006871836259961128 -0.011174583807587624 -0.03226304054260254 -0.019643688574433327 -0.01662789098918438 -0.0054361228831112385 0.04216988757252693 0.00768592394888401 -0.0007379612070508301 -0.0004796988796442747 -0.014835593290627003 -0.003916872199624777 -0.0006072696414776146 -0.007102731615304947 0.0008589646313339472 0.001353941042907536 -0.001087438897229731 -0.0013560556108132005 -0.006021527573466301 -0.0048949276097118855 0.0010042585199698806 -0.006331246346235275 -0.034213416278362274 0.018002483993768692 -6.486161146312952e-05 -0.027406681329011917 -0.0006416696705855429 -0.008487754501402378 0.0036478701513260603 0.010830920189619064 -0.029247839003801346 0.0015684216050431132 -0.00539304967969656 0.014385002665221691 -0.004664389416575432 0.012944312766194344 -0.01378391869366169 -0.044833019375801086 0.0027227795217186213 -0.015910644084215164 0.00018784200074151158 -0.003367102239280939 0.017403263598680496 -0.06422773003578186 0.05499409884214401 -0.0011804701061919332 -0.0019809831865131855 -0.00013692570792045444 -0.02984035760164261 -0.005994476843625307 0.011640200391411781 -0.05126902088522911 -0.01414560154080391 -0.0008119939593598247 0.000194049091078341 0.01647051051259041 0.009497484192252159 -0.003256506286561489 -0.00899225752800703 -0.0006665582186542451 -0.006846983917057514 -4.102312232134864e-06 0.00037715304642915726 0.007051228545606136 -0.008300104178488255 -0.01802661269903183 -0.011814865283668041 -0.005742724984884262 -0.003834022209048271 0.0016383626498281956 -0.004759746603667736 -0.00016188144218176603 -0.001286800135858357 0.0009215133031830192 -0.0034604237880557775 -0.0023536724038422108 -0.00021212866704445332 -0.00017056985234376043 -0.0027697959449142218 -0.00014714300050400198 -0.0030231920536607504 0.04740021377801895 -8.872775083546003e-07 0.009614984504878521 -0.004966906737536192 0.001953837927430868 -0.009077761322259903 0.00365521851927042 0.002250287914648652 -0.008289594203233719 0.028778454288840294 0.0027224526274949312 -0.0035272440873086452 -0.017019718885421753 -0.004383678548038006 -0.00024966051569208503 -0.034060582518577576 -0.0054108984768390656 -0.002418247517198324 0.12016279250383377 0.11093533039093018 0.0026003189850598574 0.15894994139671326 -0.01666971668601036 -0.01305843424052 -0.037482213228940964 0.08011045306921005 0.051533836871385574 0.052820660173892975 0.09384090453386307 0.0009439592831768095 0.017807487398386 0.08415646851062775 -0.013255449943244457 -0.041166581213474274 -0.18375560641288757 0.01331013161689043 -0.04738858342170715 0.07493102550506592 0.029469728469848633 -0.04472365230321884 0.12981921434402466 -0.08438199013471603 -0.07716631144285202 0.0849190503358841 0.06953844428062439 0.022197887301445007 0.013498259708285332 0.012776901014149189 0.11173246055841446 0.05111038684844971 0.09833883494138718 0.008696638979017735 -0.027333015576004982 -0.1259174644947052 -0.07313873618841171 -0.0683261901140213 -0.029531454667448997 -0.05585392192006111 -0.00657849945127964 -0.026657458394765854 0.024133682250976562 -0.06010681390762329 -0.037761688232421875 0.017475679516792297 0.02644342929124832 -0.09440340846776962 0.033990394324064255 0.0427059680223465 -0.041206758469343185 0.0981849953532219 -0.008573180064558983 -0.04918494448065758 -0.09649182111024857 -0.04367782175540924 0.0233482476323843 -0.07499533146619797 0.04216040298342705 -0.08875168859958649 0.006298181135207415 0.019213376566767693 -0.052618272602558136 0.03693768382072449 -0.04191146790981293 0.009925724007189274 -0.06989400833845139 0.12225139886140823 0.012578672729432583 -0.01512752566486597 0.012067832984030247 -0.0988323912024498 -0.06377553194761276 0.1496151089668274 0.08168091624975204 -0.08003411442041397 0.11012964695692062 0.03285331651568413 -0.15619032084941864 0.13148289918899536 -0.13623328506946564 0.11013782024383545 -0.0505208894610405 0.07181143760681152 0.0331224761903286 0.03527447581291199 0.049820322543382645 -0.07166656851768494 0.06636635214090347 -0.07220211625099182 -0.05925622582435608 -0.0020578172989189625 -0.08764757961034775 -0.07468926906585693 -0.07389003783464432 0.04737138748168945 0.04439930245280266 0.1148839220404625 0.10783213376998901 -0.06473375856876373 0.06631128489971161 0.07468172162771225 -0.09177993983030319 0.014590688981115818 -0.05678549036383629 -0.09148359298706055 0.004523535259068012 0.058679308742284775 -0.03950881212949753 0.08374572545289993 0.030987827107310295 -0.12392190843820572 -0.017187684774398804 -0.1339198499917984 -0.036197733134031296 0.03332166001200676 0.06920696794986725 0.045318495482206345 -0.20475904643535614 -0.16379138827323914 0.002982325153425336 -0.03560614213347435 0.024997394531965256 -0.044928230345249176 -0.13593295216560364 0.0007364558987319469 0.12282230705022812 0.049069974571466446 0.10144350677728653 0.0527777299284935 -0.06347697973251343 0.12035577744245529 0.08469977974891663 -0.0431910939514637 -0.06862746924161911 0.021198438480496407 0.09156247228384018 -0.050454046577215195 -0.01890667900443077 -0.02130916342139244 -5.7765268138609827e-05 0.040768735110759735 0.04190167784690857 0.008175084367394447 -0.11152228713035583 -0.017977772280573845 0.0813881978392601 -0.051070187240839005 -0.08899328857660294 -0.030865777283906937 0.03201938420534134 0.04223519563674927 0.06868793070316315 -0.13376961648464203 0.01544405147433281 0.004014347679913044 -0.10115382820367813 -0.017238663509488106 0.09482403099536896 0.07876010984182358 0.06121458485722542 -0.07739156484603882 0.13071836531162262 -0.08536937832832336 0.11847744882106781 0.06160764768719673 -0.06264545768499374 0.02129085548222065 0.03722650930285454 0.09440091997385025 0.09449635446071625 0.08025066554546356 -0.11954572796821594 0.005544742103666067 0.07274807244539261 -0.08040103316307068 0.06514254957437515 0.07695195823907852 0.09715522825717926 -0.03773463889956474 0.10836756974458694 0.012429392896592617 -0.16545553505420685 -0.16903124749660492 -0.09391804784536362 -0.053138602524995804 -0.08944240212440491 -0.08473239839076996 0.15031467378139496 0.07851957529783249 -0.011922638863325119 0.14797313511371613 -0.0345846451818943 0.015019525773823261 0.05405163764953613 0.012150363996624947 0.007142162416130304 0.03039812296628952 0.01568608358502388 0.09997085481882095 0.05252259224653244 -0.0012818938121199608 -0.012968831695616245 0.10936988890171051 0.05464198812842369 -0.00245312275364995 0.015477181412279606 -0.024004848673939705 -0.07147791981697083 0.1192948967218399 0.10424630343914032 0.12028659880161285 0.08915914595127106 0.013343390077352524 -0.033773306757211685 -0.012343443930149078 0.0493244044482708 0.07633484154939651 -0.08347451686859131 -0.03472776338458061 0.11813671141862869 0.005465601570904255 -0.09950423985719681 -0.044493723660707474 0.06107168272137642 0.067083939909935 0.057288166135549545 0.008661034516990185 -0.09340052306652069 0.03514606133103371 0.00456977216526866 -0.07976600527763367 0.05046764016151428 0.07215388864278793 0.08623702079057693 0.03876100853085518 -0.010976285673677921 -0.0470878966152668 0.0863194391131401 -0.14330829679965973 0.14121077954769135 -0.07789693027734756 0.012640445493161678 0.012420506216585636 -0.07260750979185104 0.07502081245183945 0.01593625918030739 0.005885356571525335 -0.015134088695049286 0.05069993436336517 0.0515359491109848 -0.04484987631440163 0.142300546169281 0.14381200075149536 0.08730140328407288 0.11407732218503952 0.10332843661308289 -0.03150394931435585 -0.12567219138145447 -0.1065826267004013 -0.08797534555196762 -0.010822881944477558 -0.08536228537559509 0.019027771428227425 0.02595936693251133 -0.13516674935817719 0.09451991319656372 -0.1204719990491867 -0.11757538467645645 -0.09495172649621964 0.05564993992447853 -0.1209026500582695 -0.09534969925880432 0.0348479188978672 0.08097776770591736 0.061029426753520966 0.11254602670669556 -0.031899385154247284 0.03261580318212509 -0.06829901039600372 -0.020646046847105026 0.0022546325344592333 0.041365768760442734 0.058071035891771317 -0.02568281628191471 -0.0444185696542263 -0.08293040096759796 0.07039828598499298 0.1290527731180191 -0.010890169069170952 -0.0396568700671196 0.07584455609321594 0.04081254079937935 -0.06814838945865631 -0.10601896047592163 0.08499173074960709 -0.045528560876846313 0.009150470606982708 -0.0321086086332798 0.058099426329135895 -0.07634655386209488 -0.03390870988368988 -0.0918978825211525 -0.03905493766069412 -0.07503411918878555 -0.05819832906126976 0.10256529599428177 0.07985565811395645 0.015905989333987236 0.047422949224710464 0.06872066855430603 -0.06234481930732727 0.0018621027702465653 -0.020400570705533028 -0.05865513160824776 0.09570644795894623 0.030616946518421173 0.08085349947214127 -0.06113991141319275 -0.09270679205656052 -0.08446639776229858 -0.07167866826057434 0.049845803529024124 -0.045648250728845596 0.02311103604733944 0.02230280451476574 0.1191127821803093 0.165562704205513 0.01986854150891304 -0.04223973676562309 0.13173530995845795 -0.10431265830993652 -0.050089024007320404 0.0064499094150960445 -0.059731896966695786 -0.08013873547315598 -0.031501103192567825 -0.007123993709683418 0.019911227747797966 -0.1002751812338829 -0.07211344689130783 0.0322488397359848 -0.045261502265930176 -0.08326907455921173 -0.011121361516416073 0.050792235881090164 0.026532985270023346 -0.011253847740590572 -0.021150030195713043 0.017677433788776398 -0.12215951085090637 0.05823180451989174 0.07230312377214432 0.024991098791360855 -0.05375274270772934 -0.02749059535562992 0.014598865061998367 0.0814267173409462 -0.06526634842157364 0.07336708158254623 0.02037736587226391 0.09211673587560654 0.05216796323657036 0.07081487774848938 0.12753887474536896 -0.027438784018158913 0.0194733664393425 0.12789206206798553 -0.019239012151956558 0.12639296054840088 -0.055110469460487366 -0.003252592869102955 -0.057682693004608154 0.04199831187725067 0.1699647754430771 0.043132979422807693 0.018391232937574387 0.12684893608093262 -0.006828518118709326 0.18451717495918274 -0.005879552569240332 -0.03228373825550079 0.03446555137634277 -0.03529622405767441 0.12926192581653595 -0.03621351718902588 0.014708323404192924 0.10603855550289154 -0.022728493437170982 0.013821559958159924 -0.15391798317432404 -0.04915428161621094 0.10209772735834122 -0.01227725762873888 -0.030747931450605392 0.010538244619965553 0.02022082544863224 -0.026175977662205696 -0.031409814953804016 0.12620508670806885 -0.18593694269657135 -0.04352506250143051 -0.025195283815264702 0.061067987233400345 0.07167614996433258 0.12741868197917938 0.04735727235674858 -0.037712015211582184 -0.00641755061224103 -0.09983162581920624 -0.020685333758592606 0.12892192602157593 0.02501516230404377 0.003710184944793582 -0.08278413861989975 -0.09389372169971466 -0.059972744435071945 0.07821835577487946 0.13849769532680511 0.0363474115729332 0.061399102210998535 0.0028960362542420626 0.05689816549420357 0.06308186799287796 -0.0923510193824768 -0.11126411706209183 0.032805185765028 -0.06241270527243614 -0.1168736144900322 -0.05584118515253067 -0.059624649584293365 -0.007463422603905201 0.09530095756053925 0.0013208426535129547 -0.007817642763257027 0.09515057504177094 0.0641116201877594 0.08535366505384445 -0.194607213139534 -0.2096787393093109 0.06609830260276794 -0.02108459733426571 0.09577381610870361 -0.1026463732123375 -0.06810767203569412 0.11216514557600021 -0.08376068621873856 0.16316448152065277 0.01121114194393158 0.07668481022119522 -0.16058333218097687 -0.1306205838918686 -0.024731606245040894 -0.04430370032787323 0.10232248902320862 0.08493812382221222 0.008485140278935432 -0.06673447042703629 0.07594667375087738 -0.013228893280029297 -0.005934747867286205 0.01836782693862915 -0.022828947752714157 0.06274630129337311 0.07850795239210129 -0.12482968717813492 -0.04028111323714256 0.032248374074697495 0.060999009758234024 0.0899844840168953 0.07859563082456589 -0.011271018534898758 -0.08354340493679047 0.08810095489025116 0.031132716685533524 -0.08798161894083023 -0.1188652515411377 -0.11054205894470215 0.08563143014907837 0.08220547437667847 0.0619179904460907 0.05037581920623779 -0.061320774257183075 0.04920978471636772 0.07436377555131912 -0.07465483993291855 -0.03201095014810562 -0.014195465482771397 0.03391585871577263 -0.06860281527042389 -0.025627166032791138 -0.09139489382505417 0.05819852650165558 -0.03529222309589386 0.08553148061037064 0.013209372758865356 -0.08757683634757996 -0.06180494651198387 -0.035303499549627304 0.07245481759309769 -0.012196984142065048 -0.06591194123029709 0.05405933037400246 -0.05652790889143944 -0.03943415358662605 -0.06321512907743454 -0.048042215406894684 0.029982231557369232 0.007828093133866787 -0.1282540112733841 0.06949587911367416 -0.0804257020354271 0.014526832848787308 0.04124592989683151 0.027427781373262405 -0.007044317200779915 0.0012491794768720865 -4.35866677435115e-05 -0.0002868110896088183 0.001204613596200943 -0.03067907691001892 0.0020190037321299314 0.02334127016365528 0.0006551665719598532 0.001151767559349537 0.008829198777675629 -0.03491004928946495 0.027703747153282166 -0.0042631556279957294 0.009685976430773735 -0.0006185580277815461 -0.0035513299517333508 0.031236397102475166 -0.006303026806563139 0.0009489719523116946 -0.009406054392457008 0.02814948745071888 -0.008574390783905983 -9.444387978874147e-05 -0.02665661834180355 -0.038531213998794556 -0.010195496492087841 -0.044891756027936935 -0.006004560273140669 -0.020906956866383553 0.030491657555103302 0.04373820871114731 -0.01758316531777382 -0.027615118771791458 0.01527306530624628 -0.0034489664249122143 0.00654055317863822 0.02103591337800026 6.876850966364145e-05 -0.029971010982990265 -0.0006720611709170043 0.0009819226106628776 -0.00019803100440185517 -0.019361117854714394 -0.0028863674961030483 0.02169664017856121 -0.003984298091381788 -0.00015397861716337502 -0.003461355110630393 -0.00344588584266603 -0.0007187611772678792 -0.00011388032726245001 -0.00927252322435379 -0.008971825242042542 -0.007837966084480286 -0.030615853145718575 -0.0022646337747573853 0.00543808750808239 -0.034954268485307693 -0.026139425113797188 0.0012524938210844994 0.06333643198013306 0.1263847053050995 0.03086761198937893 0.14254507422447205 -0.05194924399256706 -0.04119852930307388 -0.07728056609630585 0.024995824322104454 -0.049308158457279205 0.08009906113147736 -0.09478829801082611 -0.03174169361591339 -0.011562809348106384 0.09116391092538834 0.003765946254134178 0.13052912056446075 -0.02721467986702919 -0.011451195925474167 0.002017740625888109 0.016655679792165756 -0.044516462832689285 -0.03511667624115944 0.0835009515285492 -0.08741167932748795 -0.07822328060865402 -0.13511787354946136 0.0042039621621370316 -0.0412130281329155 0.07980252057313919 -0.06952820718288422 0.07145688682794571 -0.031176138669252396 0.01815582625567913 -0.010278122499585152 0.1757757067680359 -0.06469306349754333 0.04160025343298912 -0.11386480182409286 0.07018066942691803 0.05838657170534134 0.004006998147815466 -0.09824597090482712 -0.06795055419206619 0.09370279312133789 -0.11041051894426346 -0.04822283610701561 -0.036977797746658325 -0.09366539865732193 -0.04299941658973694 -0.1257360875606537 0.07537881284952164 0.08045940101146698 0.015121886506676674 -0.014185347594320774 -0.19922319054603577 -0.19312384724617004 -0.12510806322097778 -0.08467385172843933 0.0022075027227401733 0.03742130473256111 -0.1862446814775467 0.09928534179925919 0.1031990572810173 -0.003963921219110489 -0.0408572256565094 0.04007779806852341 -0.01715325564146042 -0.0029731160029768944 -0.09650732576847076 -0.00709281861782074 -0.0020249071530997753 -0.01696856878697872 0.011669795960187912 -0.01937125064432621 -0.08902644366025925 -0.10455788671970367 0.07954929769039154 -0.09132759273052216 0.10091318190097809 0.044985003769397736 -0.08650488406419754 0.03717821463942528 -0.07785200327634811 0.05110121890902519 -0.07041922956705093 0.005842859391123056 -0.08145909756422043 -0.002473063301295042 -0.10753375291824341 0.06837356835603714 -0.016668429598212242 -0.12056829035282135 0.0341714583337307 0.01296304352581501 -0.11515801399946213 0.08507120609283447 -0.03155648708343506 -0.01554445642977953 -0.04414789751172066 -0.019193632528185844 0.08943329751491547 0.02629636786878109 -0.1208362802863121 -0.03439430147409439 0.08503972738981247 -0.10322783142328262 -0.07467883825302124 0.0659775510430336 0.06995832175016403 -0.07033395022153854 0.04932714253664017 -0.0650298073887825 -0.09247791022062302 -0.0783626064658165 -0.009127496741712093 0.06359066069126129 0.013599229976534843 -0.08980495482683182 0.08968514204025269 -0.01798863708972931 -0.0573614239692688 -0.08099624514579773 -0.04681742936372757 0.06410902738571167 -0.04292181506752968 -0.013533989898860455 0.03342978656291962 -0.01471630483865738 0.07877993583679199 -0.006422361359000206 0.04259280860424042 -0.10356393456459045 0.014217359013855457 -0.00031632493482902646 0.006213523913174868 0.06087513267993927 -0.10008850693702698 0.05280302092432976 -0.042453158646821976 -0.027194121852517128 0.0034300198312848806 -0.030496394261717796 0.014775354415178299 -0.01978040672838688 0.05407048016786575 0.06460171937942505 -0.010720656253397465 -0.04500740021467209 -0.008838748559355736 -0.003800887381657958 0.014913257211446762 0.0022913457360118628 -0.013067268766462803 -0.029581313952803612 0.001013086992315948 -0.08822418004274368 0.03466632589697838 0.0004462765355128795 0.012004646472632885 -0.05346953496336937 0.0477706715464592 0.006670626811683178 -0.06068636104464531 -0.00870042946189642 0.003922201693058014 0.006764314137399197 0.04059956595301628 -0.00851782038807869 -0.02160579338669777 0.011987075209617615 0.005649222526699305 0.0036245158407837152 -0.021068960428237915 0.0092713488265872 -0.06382092088460922 -0.005808305460959673 0.03426738455891609 0.028503699228167534 0.018734440207481384 -0.0060432069003582 -0.006876398343592882 -0.039159126579761505 0.012665384449064732 -0.015836380422115326 -0.04721912741661072 0.014741817489266396 -0.017138389870524406 0.015861876308918 0.027293862774968147 -0.02551976591348648 -0.058952249586582184 0.028027797117829323 -0.00877445936203003 0.009351113811135292 0.07317303866147995 0.03116648644208908 -0.052193157374858856 0.03842112421989441 0.048252299427986145 -0.08926428854465485 0.023632099851965904 -0.09878752380609512 -0.07734081894159317 -0.0873505100607872 0.019594479352235794 -0.11033236235380173 0.006866350769996643 -0.13775622844696045 -0.1138726994395256 -0.1099865511059761 -0.007518148049712181 -0.05156286805868149 0.08374463766813278 -0.03793720901012421 0.04471993073821068 0.07278773188591003 -0.07000620663166046 -0.09042882174253464 0.04326089844107628 0.10346430540084839 -0.05406918376684189 0.023565171286463737 0.0011982624419033527 0.04302561283111572 0.08291490375995636 0.13210202753543854 0.10186576098203659 0.08004022389650345 -0.047359563410282135 0.10494827479124069 0.027328241616487503 -0.010942025110125542 0.062068551778793335 -0.06709621846675873 0.05770526081323624 -0.051129210740327835 0.10191265493631363 -0.06599313765764236 0.0588638074696064 -0.09074464440345764 -0.07315516471862793 0.07038441300392151 0.018823718652129173 0.007244324777275324 0.07807417213916779 -0.11046600341796875 0.05194548889994621 -6.777094677090645e-05 0.056293245404958725 -0.06804493069648743 0.04970548301935196 0.0021197551395744085 -0.04253184795379639 0.007346828002482653 0.02162035182118416 -0.11800996959209442 -0.06795211136341095 -0.034525126218795776 0.028429528698325157 0.05258733034133911 -0.003663573879748583 0.002781595103442669 0.04297122731804848 -0.01232119183987379 0.085613913834095 -0.03093273937702179 -0.060631316155195236 0.003277871524915099 0.010789681226015091 0.0064502377063035965 -0.025243107229471207 0.0200197696685791 -0.018808558583259583 0.03061356209218502 -0.03324627876281738 -0.019261309877038002 0.044309455901384354 -0.010036247782409191 0.004195661284029484 0.008405501022934914 -0.042229410260915756 -0.02598974108695984 0.018852245062589645 -0.08746639639139175 -0.0711173489689827 0.005375369917601347 0.04500296711921692 0.049387041479349136 -0.031038891524076462 0.05784720182418823 0.02539227530360222 0.0570155531167984 0.05536393076181412 -0.024506762623786926 -0.04221757873892784 -0.04980481415987015 -0.011726909317076206 0.006487267091870308 0.015245651826262474 0.02260613441467285 0.03786415979266167 0.002559832064434886 0.06730403006076813 0.017880992963910103 -0.03981447219848633 -0.014899689704179764 -0.009239171631634235 -0.03609207645058632 0.03855801001191139 0.0006475754198618233 -0.0032889344729483128 0.00480223074555397 0.05057612061500549 -0.004860401153564453 -0.03352796286344528 0.019902411848306656 -0.0032588550820946693 0.0054024881683290005 0.04182107001543045 -0.08796712756156921 0.024690674617886543 -0.04778880998492241 -0.02274281717836857 -0.02670728974044323 -0.005249956622719765 -9.69640605035238e-05 -0.02025746740400791 0.007359372917562723 -0.0015971545362845063 -0.039363354444503784 -0.013908814638853073 -0.00039716967148706317 -0.023220323026180267 0.002218968002125621 0.0006950148963369429 0.006236097309738398 0.0025264837313443422 0.026379970833659172 -0.00575327780097723 -0.029549114406108856 0.007498443592339754 -0.007515903562307358 -0.00040354894008487463 -0.011853727512061596 0.01616000570356846 0.0049086324870586395 -0.00864116195589304 0.02093910239636898 -0.019590243697166443 -0.005047740880399942 0.04340023547410965 -0.01664803735911846 0.014002392999827862 0.00875660590827465 -0.027170829474925995 -0.032566919922828674 0.018251091241836548 0.0034616857301443815 -0.01997539773583412 0.004378593061119318 -0.026681430637836456 -0.0015530181117355824 -0.00413662102073431 -0.025316255167126656 -0.0035597016103565693 -0.015153561718761921 -0.004591130651533604 -0.012532031163573265 -0.02423080801963806 -0.003842969425022602 0.0003764535649679601 0.0067100683227181435 -0.0020479229278862476 -0.003132144920527935 -0.027105817571282387 -0.009378009475767612 0.002531240228563547 -0.005727371200919151 0.01868026703596115 -0.021962124854326248 0.003907880280166864 -0.031686995178461075 0.016454875469207764 -0.047488804906606674 -0.02269572950899601 0.058730583637952805 0.10970517247915268 -0.01606212556362152 0.019132627174258232 0.02954195812344551 -0.03623899072408676 -0.03811124339699745 0.08820054680109024 0.04731491953134537 -0.02224143221974373 0.014879460446536541 0.036408595740795135 0.024043122306466103 -0.0013646940933540463 -0.08238069713115692 -0.07831967622041702 0.10635294765233994 -0.010665393434464931 0.01408999040722847 -0.024105632677674294 0.00371379591524601 -0.006750595290213823 0.07566359639167786 0.002119558397680521 -0.011368761770427227 -0.04739405959844589 0.008388467133045197 -0.05328596010804176 -0.026484033092856407 -0.09039325267076492 -0.028790589421987534 -0.06203189492225647 0.0014023705152794719 2.6073510071000783e-06 -0.005927184130996466 0.04392313212156296 0.06689678877592087 0.0560612715780735 -0.02411438152194023 -0.0532161109149456 0.10375314205884933 0.0209047831594944 -0.016885792836546898 -0.08232150971889496 -0.03105415590107441 -0.0011815727921202779 0.03227376565337181 0.022780394181609154 -0.01906806044280529 0.02489975467324257 -0.03826969489455223 0.01775449514389038 -0.023203492164611816 -0.02833525463938713 0.07967840880155563 -0.048717521131038666 0.07637679576873779 -0.036701951175928116 -0.029831551015377045 -0.005691895727068186 -0.11790049076080322 0.013669721782207489 -0.07418015599250793 -0.0011122561991214752 -0.1266956627368927 -0.016755733639001846 -0.13874788582324982 -0.04761780798435211 0.004217649810016155 0.03634802624583244 0.029843134805560112 -0.05573715642094612 0.11429276317358017 0.1085667759180069 0.10707999765872955 0.06058709695935249 -0.0006904964102432132 0.024319134652614594 -0.08981255441904068 -0.05558358132839203 -0.11681161820888519 0.07378216832876205 0.007937782444059849 -0.0578492172062397 0.024169184267520905 0.11107482016086578 0.0032849737908691168 -0.10749280452728271 0.021528422832489014 -0.06530510634183884 -0.055403947830200195 -0.027403321117162704 0.07345232367515564 -0.07905998826026917 0.11524196714162827 0.010068179108202457 0.07376137375831604 -0.03331334888935089 0.01070981752127409 0.05620187520980835 -0.014518857933580875 0.009305483661592007 0.018229320645332336 0.114324189722538 -0.0637921690940857 0.03877973183989525 0.12508511543273926 -0.050237029790878296 0.007089790888130665 0.011878048069775105 0.07902954518795013 0.024783626198768616 0.06781807541847229 0.03868633136153221 -0.010596774518489838 0.09669428318738937 0.08403606712818146 -0.019399583339691162 0.030614562332630157 -0.04526681825518608 0.058146651834249496 0.022310642525553703 0.05999802052974701 -0.057009004056453705 -0.08388405293226242 -0.12008814513683319 0.044317975640296936 -0.09248590469360352 -0.10158168524503708 -0.014699716120958328 -0.13454869389533997 -0.018765831366181374 -0.022738683968782425 0.05252651125192642 -0.08603374660015106 -0.02979142963886261 -0.07145651429891586 0.07318342477083206 -0.025242898613214493 0.06436814367771149 -0.12463358044624329 0.07068467140197754 0.018034672364592552 0.07110424339771271 -0.07623131573200226 -0.04049457982182503 -0.08740099519491196 -0.01380032580345869 -0.10964483767747879 0.024289658293128014 -0.08008290082216263 0.10449066013097763 0.11885709315538406 0.02597280777990818 0.023020952939987183 -0.011692159809172153 -0.05353311076760292 -0.032468728721141815 -0.0424121618270874 0.0290747731924057 -0.032826125621795654 -0.05859442427754402 0.006220487877726555 0.044113367795944214 -0.04584571346640587 0.05391916260123253 0.0538422130048275 -0.03745037317276001 0.0060390327125787735 0.023451009765267372 0.06948655843734741 -0.0071407463401556015 -0.09009017795324326 0.020006699487566948 0.04331068694591522 -0.0009519348386675119 0.030235717073082924 0.08005279302597046 0.038338832557201385 0.028941843658685684 0.05190626531839371 -0.06332455575466156 -0.14512263238430023 0.03605831041932106 0.05236561596393585 0.013693160377442837 0.012451590970158577 -0.06191611662507057 0.06488126516342163 0.10867947340011597 -0.006668095476925373 0.008547438308596611 -0.07601442188024521 -0.013636701740324497 -0.038003213703632355 -0.048574190586805344 -0.0030950920190662146 -0.0581965297460556 0.044696368277072906 0.05145470052957535 0.05818331614136696 -0.03594490513205528 -0.0020117172971367836 -0.05288438871502876 0.05713579058647156 -0.17597106099128723 -0.008612100966274738 -0.050403423607349396 0.033449914306402206 0.0006646184483543038 -0.10464902967214584 -0.08733426034450531 0.04191926121711731 -0.018178025260567665 -0.03998386114835739 -0.062175169587135315 -0.12714627385139465 0.01969052664935589 0.037917524576187134 0.0703979954123497 -0.03391985222697258 0.07122153043746948 -0.06397467851638794 -0.08017648011445999 0.08770748227834702 -0.06842710822820663 -0.1116437315940857 -0.01843295432627201 0.07440755516290665 0.0013705930905416608 0.010476295836269855 0.04018578678369522 0.06956762820482254 -0.013042396865785122 -0.12463627755641937 -0.020588364452123642 -0.042546480894088745 -0.03798965364694595 0.007089090067893267 0.05124208331108093 0.020043199881911278 -0.06648813933134079 -0.0493968166410923 0.009227421134710312 0.06591102480888367 -0.005787153262645006 -0.013874907977879047 0.04502355679869652 -0.029382698237895966 -0.0964345782995224 9.502191096544266e-05 0.050123997032642365 0.009159691631793976 0.04183639585971832 -0.016794059425592422 0.10398632287979126 0.07676884531974792 0.035489074885845184 0.027644822373986244 0.057811398059129715 -0.023983748629689217 -0.058108873665332794 -0.020508594810962677 0.07571154832839966 0.02497239224612713 -0.0926131159067154 0.0016021574847400188 -0.09899092465639114 -0.051291532814502716 -0.055740922689437866 0.03427907079458237 -0.030128750950098038 0.0039218636229634285 0.0822322890162468 0.046589527279138565 0.05588902160525322 -0.0012758279917761683 0.033795423805713654 -0.05564264953136444 -0.05991893634200096 -0.08276184648275375 -0.10390695929527283 0.11376165598630905 0.05489350110292435 -0.11344436556100845 0.04915712773799896 -0.09279556572437286 0.08726300299167633 -0.0063635483384132385 0.12883584201335907 -0.05090564861893654 0.0855470672249794 0.01673884131014347 -0.0770367980003357 -0.075136698782444 -0.1512346714735031 0.07222309708595276 -0.022720061242580414 -0.10897626727819443 0.019878530874848366 -0.02200024574995041 -0.06909412890672684 0.01635810174047947 0.027849344536662102 0.02024638094007969 0.041285183280706406 0.015913410112261772 0.07778103649616241 0.02829950861632824 -0.009056895039975643 -0.20109736919403076 -0.021662574261426926 -0.030638622120022774 -0.08182261884212494 -0.07516303658485413 0.08288820832967758 0.1258394867181778 0.019659165292978287 0.16179540753364563 0.11319863051176071 -0.08329573273658752 0.0877898707985878 0.150930717587471 -0.015530294738709927 0.04400335252285004 -0.0013233904028311372 0.035653628408908844 0.057879604399204254 0.08893904089927673 0.06168780475854874 -0.08485238999128342 -0.034143440425395966 0.021224677562713623 -0.09659545868635178 0.10461227595806122 -0.06871090084314346 0.007266602013260126 0.11086000502109528 0.09328647702932358 0.03815703094005585 0.1063322052359581 -0.08356127887964249 0.04743804410099983 0.03925169259309769 -0.06495911628007889 0.04380659759044647 0.020145732909440994 0.04765826091170311 -0.0010944016976282 0.010228341445326805 -0.06574311852455139 -0.016264887526631355 0.007297429256141186 0.14774233102798462 0.037108343094587326 0.03104449436068535 -0.12459119409322739 -0.03065490536391735 0.014296477660536766 0.0006428590277209878 -0.07187199592590332 -0.009142422117292881 0.12419918924570084 -0.10285500437021255 -0.07583974301815033 -0.08831185102462769 -0.0630265325307846 -0.015385045669972897 -0.15319347381591797 -0.07631523907184601 0.09783931821584702 0.10637017339468002 -0.041139911860227585 -0.051648758351802826 -0.20496733486652374 0.047921136021614075 -0.08130376040935516 -0.012590044178068638 -0.16889362037181854 -0.1459638774394989 -0.07009813189506531 0.03817081078886986 0.03214641660451889 0.10488511621952057 0.06448695808649063 -0.0740380734205246 0.11137041449546814 0.1012769564986229 0.011618630960583687 -0.00019502826035022736 0.08196008205413818 0.1473119556903839 0.04275078698992729 0.09397470951080322 -0.0590987503528595 -0.05074417218565941 -0.04045041278004646 -0.0008333409205079079 -0.09919027984142303 0.1334577202796936 -0.09076686203479767 -0.026690460741519928 0.06332120299339294 -0.04946064203977585 0.003954697400331497 -0.18183861672878265 -0.10025570541620255 0.05538133531808853 0.022820070385932922 0.10589559376239777 -0.06264364719390869 0.057846907526254654 0.04551563784480095 -0.07490484416484833 -0.008497077971696854 0.0374191515147686 -0.15830902755260468 -0.1479906141757965 0.07753368467092514 -0.13333237171173096 0.02846059575676918 -0.0019978529307991266 0.10440237075090408 -0.04423169791698456 -0.0010620520915836096 0.04931524768471718 0.05624714121222496 0.034129541367292404 -0.015294372104108334 0.07618129253387451 -0.04592033103108406 -0.055053580552339554 0.015688009560108185 0.04329203441739082 0.0030572309624403715 0.0814848318696022 0.0942089855670929 0.11027965694665909 0.07502219825983047 0.03605513274669647 0.04881255701184273 -0.0256736408919096 -0.14886079728603363 0.08440598100423813 0.09995556622743607 0.07796333730220795 0.006288573145866394 -0.02563006989657879 -0.02250673621892929 -0.011250118725001812 -0.016488496214151382 0.0053567104041576385 0.0003936384746339172 -0.04320608079433441 -0.005549607332795858 -0.02004450000822544 -0.0017773015424609184 -0.027672920376062393 -0.017769338563084602 -0.020386558026075363 -0.0035963840782642365 -0.011383382603526115 -0.0031139254570007324 -0.011640112847089767 -0.02800625003874302 -0.023062553256750107 -0.002292140619829297 -0.005682135000824928 -0.01498232502490282 0.01759181171655655 0.007889182306826115 -0.0024834955111145973 -0.007745915092527866 0.005281180143356323 -0.015075618401169777 0.008561806753277779 -0.011141861788928509 -0.012232445180416107 0.0009847230976447463 0.00355337536893785 -0.02815536968410015 -0.006321140564978123 -0.007237243466079235 -0.009428813122212887 -0.01729397661983967 0.0007719146669842303 -0.017126889899373055 -0.034064628183841705 -0.0009241218795068562 0.007091684266924858 -0.027925336733460426 -0.004189781378954649 0.009913749061524868 0.008006580173969269 0.012804850935935974 -0.011356255039572716 -0.014802241697907448 0.021774087101221085 -0.033950258046388626 0.009550625458359718 -0.006582464557141066 -0.06419475376605988 0.00810439046472311 -0.0014951016055420041 -0.0003131405683234334 0.010022260248661041 0.012473382987082005 0.00012720271479338408 -0.006526018027216196 -0.012163372710347176 -0.00040120710036717355 0.10434632003307343 -0.011595510877668858 0.019966574385762215 0.1198611706495285 -0.16653777658939362 0.023197680711746216 -0.1882348209619522 0.02378048375248909 0.02547651156783104 0.04562840983271599 -0.0885123685002327 0.06188805028796196 -0.04928739368915558 -0.1365290731191635 -0.2123376578092575 -0.06742433458566666 0.05052029341459274 0.019853804260492325 0.04766890034079552 0.014968297444283962 0.0525667779147625 -0.1259186714887619 -0.03547146916389465 -0.22572648525238037 -0.036686114966869354 -0.2009103000164032 0.03016289509832859 0.023627018555998802 0.13134121894836426 0.03399434685707092 -0.00885824766010046 -0.16356022655963898 0.12019431591033936 0.04079786688089371 0.10231023281812668 -0.19457750022411346 -0.0005456809303723276 -0.0914253443479538 0.021580619737505913 0.04147643968462944 0.0397413894534111 -0.04654137045145035 -0.050184957683086395 -0.08998440206050873 0.002532357582822442 -0.1387016773223877 -0.035759612917900085 -0.082953542470932 -0.0258028544485569 -0.15678134560585022 -0.08834391832351685 -0.044087398797273636 -0.12924477458000183 0.115061454474926 -0.11123890429735184 -0.020096926018595695 -3.906819620169699e-05 -0.0009903509635478258 -0.16587157547473907 -0.03551948070526123 -0.13903452455997467 -0.005745286121964455 0.012758823111653328 -0.01609860733151436 -0.05230104550719261 0.04541493579745293 0.014554193243384361 -0.05855870991945267 -0.008483375422656536 -0.00041677922126837075 0.003673151833936572 -0.03698774799704552 -0.02656247466802597 -0.07746163010597229 -0.005517876707017422 0.010234764777123928 -0.03288474678993225 -0.03287014365196228 -0.028816362842917442 0.03437630832195282 0.055609624832868576 0.003813025075942278 0.006231389939785004 -0.02724456787109375 0.012488904409110546 0.01754561997950077 -0.015408213250339031 -0.0031251886393874884 0.0141281858086586 -0.05981796979904175 0.015597273595631123 -0.018196243792772293 -0.03633270785212517 -0.007423064671456814 0.00575668690726161 0.0383288711309433 0.020878510549664497 -0.03373505547642708 -0.008408141322433949 0.037403907626867294 0.013809201307594776 0.04706317558884621 -0.0382976196706295 -0.010427075438201427 -0.019516484811902046 0.032512202858924866 0.0027388008311390877 -0.039667874574661255 0.02632775343954563 -0.034123826771974564 0.005806288216263056 -0.004164222627878189 0.008344038389623165 0.0207448061555624 -0.018593747168779373 -0.049764975905418396 -0.008716613054275513 -0.014290433377027512 0.008822686038911343 0.0028780025895684958 0.016452934592962265 0.007100709248334169 -0.025644520297646523 0.04974071681499481 0.03187500312924385 0.047200173139572144 -0.00036939827259629965 -0.03697424381971359 -0.05109810829162598 0.016777897253632545 -0.008871247060596943 0.013205200433731079 -0.005879837088286877 -0.0004702980222646147 -0.01121374312788248 0.0006890491349622607 0.05477737635374069 -0.03250178322196007 0.0291976947337389 -0.001259843003936112 -0.0051616039127111435 0.017919160425662994 0.019275963306427002 0.030273953452706337 -0.02121616341173649 -0.03587418049573898 0.0069614071398973465 -0.02493276819586754 -0.014691028743982315 0.012046970427036285 -0.006229449529200792 -0.020834174007177353 -0.049865324050188065 -0.01037197932600975 -0.003286039223894477 -0.02894682250916958 -0.05783139541745186 -0.005686079617589712 0.0491950660943985 -0.03640509024262428 -0.02797078713774681 -0.05369383469223976 0.005467860959470272 -0.0035153841599822044 0.013040025718510151 0.025593122467398643 -0.02664114162325859 0.02317636087536812 -0.003256311872974038 -0.00868012011051178 0.010941378772258759 0.005040537100285292 0.022805163636803627 -0.030242832377552986 0.0007865324150770903 0.00648600235581398 -0.039178378880023956 0.009039568714797497 -0.018133407458662987 0.03820532560348511 -0.0019196573412045836 -0.0024197250604629517 0.012920942157506943 -0.01778545044362545 0.002429962158203125 -0.016050009056925774 -0.04378638043999672 -0.01890460215508938 0.008970602415502071 -0.027667727321386337 0.00128769944421947 -0.03256336227059364 -0.1351146399974823 0.034227240830659866 0.03109097294509411 -0.13483618199825287 -0.06913068890571594 -0.030759280547499657 0.13088686764240265 0.07932943850755692 0.11065902560949326 0.1332533210515976 -0.048307377845048904 0.05664748325943947 0.03235636651515961 0.012571492232382298 0.0811527669429779 -0.14261694252490997 0.00936377514153719 0.00648439209908247 -0.09246634691953659 -0.10705967992544174 -0.06853704899549484 0.12488637864589691 -0.04487678036093712 0.13138233125209808 0.011179312132298946 0.03877030313014984 -0.04973319545388222 -0.05436663702130318 0.014229253865778446 0.07058081775903702 -0.07469655573368073 -0.011012469418346882 -0.0733756422996521 -0.06540023535490036 0.004796180874109268 -0.07110586017370224 0.15040086209774017 0.052583832293748856 0.03331560268998146 0.04723095893859863 -0.05146429315209389 0.04374799504876137 0.06548164784908295 0.025901561602950096 0.07112947851419449 0.03676149994134903 0.013279462233185768 0.007181221153587103 -0.06304369121789932 0.03155640512704849 0.10868000239133835 -0.04447203874588013 -0.08464374393224716 -0.09971901774406433 -0.014828881248831749 0.0016745710745453835 -0.009866105392575264 -0.030987726524472237 0.1200365200638771 0.07936527580022812 -0.03197508677840233 0.09656878560781479 0.04557309299707413 -0.08693176507949829 0.1315401792526245 -0.015631765127182007 -0.07196758687496185 0.11947408318519592 0.04354700818657875 0.0013120734365656972 0.03771292045712471 -0.01912454515695572 0.049720436334609985 0.14223113656044006 -0.06772290170192719 0.0639275386929512 -0.07156926393508911 0.029495593160390854 -0.1291397362947464 0.10746542364358902 -0.1328536719083786 -0.05050932988524437 0.03493836522102356 -0.06348943710327148 -0.0027297348715364933 -0.06063232198357582 -0.08440744876861572 -0.03667931631207466 -0.0387190580368042 -0.003925291355699301 -0.021731523796916008 -0.07317422330379486 0.06570085138082504 -0.015382080338895321 0.01717602275311947 -0.0764196515083313 -0.11672207713127136 0.051340553909540176 0.0451679565012455 -0.06040613353252411 0.08754647523164749 -0.03846879303455353 -0.06953077018260956 0.0186914075165987 -0.09633200615644455 0.09919832646846771 -0.05221043899655342 -0.05636657774448395 -0.03691089153289795 0.019327912479639053 -0.0016562890959903598 -0.11897178739309311 -0.010343070141971111 -0.018248077481985092 0.009646603837609291 -0.10811050981283188 -0.050487618893384933 0.06317126750946045 0.0002453785855323076 -0.13936775922775269 0.08137994259595871 -0.023702122271060944 0.03303622826933861 0.023805765435099602 -0.02491026557981968 0.0762188658118248 0.09784331172704697 -0.0071440390311181545 -0.059142399579286575 -0.13289974629878998 0.09266164153814316 -0.12351255118846893 0.03703002259135246 0.0037010484375059605 -0.061095234006643295 -0.016660651192069054 -0.08647449314594269 0.04100609943270683 0.03730067238211632 0.08200068026781082 -0.06458976119756699 -0.07794194668531418 0.024066556245088577 0.10085925459861755 -0.10760236531496048 -0.026118231937289238 0.04007842391729355 -0.10007224977016449 0.09847274422645569 -0.0529450997710228 -0.10020293295383453 0.05575086921453476 0.11698198318481445 0.035102471709251404 0.0690518170595169 0.023231642320752144 -0.04792477563023567 -0.04964730888605118 0.035267796367406845 -0.1326681673526764 0.07935889065265656 -0.02403363399207592 0.06353997439146042 0.07946855574846268 0.10916171967983246 -0.03218621760606766 0.07189570367336273 0.0680287629365921 0.030987922102212906 -0.07654280215501785 0.031000876799225807 0.023565078154206276 0.04085412248969078 0.005150840152055025 0.037993744015693665 0.08558366447687149 -0.07968012988567352 0.03714660182595253 -0.023609448224306107 0.018591102212667465 -0.1055566743016243 0.10224924236536026 0.08490732312202454 -0.03711473196744919 -0.021479560062289238 -0.03538482263684273 0.020358160138130188 0.06686265766620636 0.01783623732626438 0.10330798476934433 -0.09956548362970352 0.039216797798871994 -0.0022047741804271936 0.006539882160723209 -0.0012529140803962946 -7.854549721741932e-07 -0.0001332750398432836 0.0004155739152338356 -5.920569718894427e-15 0.00038071913877502084 -0.02204633317887783 -0.008106780238449574 -2.9215443646535277e-05 -0.0011296445736661553 -0.00012088059884263203 -0.0010960340732708573 -0.0004879330226685852 -8.102948413579725e-06 -0.01409257110208273 0.015298944897949696 -0.00022857986914459616 -2.939229126752707e-08 0.00017888960428535938 -0.0015293804462999105 -0.02125731110572815 -0.004092780873179436 -0.0004897955805063248 0.005669950973242521 0.004103289917111397 -0.0004448403196875006 -3.4640164813026786e-05 0.0008163155289366841 -0.001234089257195592 -0.023212775588035583 0.0038023421075195074 -0.0009570803376846015 -1.3401764420439832e-10 0.008073180913925171 0.0023578039836138487 -0.004705897532403469 -1.4506606539010328e-16 0.014480671845376492 -3.947638660406483e-09 1.0438799336043303e-06 -0.00021588144591078162 -0.0002512758073862642 0.009131135419011116 -0.00022462736524175853 0.002190982224419713 -0.015035044401884079 -0.004832026083022356 1.1877857104991563e-05 0.0005399035871960223 0.011820127256214619 -0.000738319184165448 -7.245985360121096e-14 -1.1096859108689072e-12 -0.01042841374874115 0.008392665535211563 -0.0018123422050848603 0.023274661973118782 -0.005050426349043846 -0.0027967540081590414 -0.00010470981214893982 -0.00199326453730464 -3.698929140227847e-05 -0.08262240141630173 0.07968182116746902 -0.041692160069942474 0.1050989031791687 0.07414709776639938 -0.051065683364868164 0.048885323107242584 -0.09114427119493484 -0.0020106821320950985 0.07627984881401062 0.09341005980968475 -0.11493011564016342 0.03541509434580803 -0.05453935265541077 0.03465387970209122 0.0007971299346536398 -0.031694721430540085 -0.09691479802131653 -0.0010669850744307041 0.05753006041049957 -0.011265681125223637 0.08604488521814346 -0.10816191136837006 -0.011784598231315613 -0.07730627059936523 -0.11339187622070312 0.002072222763672471 0.04392768442630768 -0.09458121657371521 0.07481914758682251 0.12521012127399445 0.009692531079053879 0.0661134347319603 -0.10428158938884735 -0.007533021736890078 0.09589019417762756 0.028355944901704788 -0.04544610530138016 -0.055707260966300964 -0.05739757418632507 0.09029275178909302 -0.030851667746901512 -0.09450104087591171 0.10277055203914642 0.043947793543338776 0.042844660580158234 0.022495212033391 -0.009073523804545403 -0.01911379024386406 -0.09344767779111862 -0.055838603526353836 0.10512737929821014 0.04448242485523224 0.019725000485777855 0.05386713892221451 0.05733446776866913 -0.009806668385863304 -0.09577269107103348 -0.02048497460782528 -0.06907980889081955 0.11677577346563339 -0.09255556762218475 0.07425843179225922 -0.11209695041179657 -0.029672712087631226 -0.021290503442287445 0.012787035666406155 -0.07803855836391449 -0.0029807034879922867 -3.738130908459425e-05 -0.007890195585787296 -0.022896086797118187 -0.05248228833079338 -0.01847773604094982 0.039076171815395355 0.06843322515487671 -0.03550170734524727 0.055357322096824646 -0.09670358151197433 -0.04265684634447098 -0.04652312025427818 0.03716723993420601 -0.011083859950304031 -0.0610920749604702 -0.02945714071393013 -0.040246766060590744 -0.026157787069678307 -0.02230621874332428 0.07282916456460953 -0.09230678528547287 -0.020971596240997314 0.062274590134620667 0.0269439946860075 -0.03097361885011196 -0.05285608023405075 -0.004973378963768482 0.0010960008949041367 -0.054921988397836685 -0.04376141354441643 -0.061968106776475906 -0.022605838254094124 0.050342388451099396 -0.003644042182713747 0.024622924625873566 -0.06272242963314056 0.07062540203332901 0.020267637446522713 -0.10083194822072983 -0.0019134210888296366 -0.028671959415078163 -0.031618133187294006 -0.0038955933414399624 -0.011819696985185146 0.04453977197408676 -0.0305477324873209 -0.044801026582717896 0.013346157036721706 -0.03470326215028763 0.03097953461110592 -0.060857780277729034 -0.000905783788766712 -0.01647135429084301 -0.05300835147500038 0.06779463589191437 0.0714619979262352 -0.0010397506412118673 0.029049118980765343 0.011896166950464249 2.694297191070254e-16 2.203750723572817e-11 -2.75351618503846e-29 -1.3390965150500704e-15 3.917713745536925e-36 2.9211662399645862e-36 -1.3767857095835083e-32 5.70702946771419e-37 -8.473667973495267e-17 -1.2205366612384517e-29 -1.1612877962959897e-31 8.226528681745033e-37 -5.281968079226393e-32 8.87156423154127e-34 -2.1431904438399285e-36 6.738761024888129e-12 -2.377620547114884e-37 5.468422156068575e-12 1.012755107461078e-35 4.8648401831030573e-26 2.899829218980509e-24 2.617818396117389e-31 -2.6185492673064412e-36 -1.3237082320435205e-36 2.8731463917278305e-35 6.299889028338699e-37 7.61925570142811e-37 -1.1249418516295067e-19 -1.7536337236934846e-13 1.2005100461021366e-31 -3.7058682789137265e-09 -2.7185419079177032e-33 7.838607502833193e-19 1.2795499929789747e-15 -1.2008643438309637e-25 -4.333962723647828e-35 -2.6793034702686485e-35 3.2062838870833446e-37 -3.3831660170048924e-18 1.4822587633608762e-37 -1.461650677055389e-29 9.2172509470017e-35 5.254858479245858e-37 -2.2267630322627943e-38 -1.6020565653543284e-31 -6.450390711135431e-34 -6.734262494954436e-36 -9.835532276941674e-35 -5.29880672070889e-21 1.7865023094665485e-35 -4.114002432799646e-37 9.114030145207522e-34 1.116656317011361e-36 -5.406356806764645e-35 7.386703759605928e-35 1.8322249714010556e-32 -1.373212030432856e-31 7.416776010287676e-36 6.659605402324648e-35 1.0862771507813179e-31 4.2253153256514756e-32 3.6564626881840923e-09 -1.337312443641636e-26 -3.975359063744695e-14 -0.002656935015693307 0.00768215162679553 0.012782031670212746 -0.009305939078330994 0.06552588939666748 -0.01679822988808155 0.06194670870900154 -0.1065496876835823 -0.047015439718961716 0.009216790087521076 0.08740416169166565 -0.04466966912150383 -0.010692812502384186 -0.06995491683483124 -0.08670450001955032 -0.052607763558626175 0.0972215011715889 -0.0685233548283577 0.0698920339345932 0.0045444960705935955 0.01447819359600544 0.1365911215543747 0.033919718116521835 -0.0630568116903305 -0.0625099241733551 -0.10604199022054672 0.0782020315527916 -0.005772840231657028 0.06636153906583786 0.03771151974797249 0.10821712017059326 -0.09174128621816635 -0.01365343201905489 0.12916162610054016 -0.026672866195440292 0.04286196455359459 -0.003246841486543417 0.020655332133173943 0.06954500079154968 0.05894923582673073 0.10647986829280853 -0.03631959855556488 0.03316132724285126 -0.030266709625720978 0.06361527740955353 0.09564564377069473 0.1110972985625267 -0.0692591592669487 0.11647205799818039 0.05229707434773445 -0.0927114188671112 -0.02567913755774498 0.019826313480734825 -0.08329746872186661 0.006854338571429253 -0.07191278040409088 0.07194360345602036 0.05420771613717079 -0.010428202338516712 0.013579566963016987 -0.09062782675027847 -0.07088257372379303 0.0043591600842773914 0.11695321649312973 -0.006411381531506777 0.055459924042224884 -0.20610764622688293 0.0322556309401989 -0.08909307420253754 -0.001616192515939474 0.08388802409172058 0.0916721522808075 0.010949678719043732 -0.0979924276471138 0.004519237671047449 -0.028015222400426865 0.08130865544080734 -0.057356059551239014 -0.022059302777051926 0.06548113375902176 -0.09597226977348328 -0.0707080215215683 -0.03300749883055687 -0.06937609612941742 -0.05542922392487526 0.060823164880275726 0.03194579854607582 0.004673325922340155 -0.005656612105667591 -0.03392622619867325 -0.05679161101579666 -0.05439426004886627 -0.045121949166059494 -0.05155961588025093 -0.04840034991502762 0.042547695338726044 -0.008417340926826 0.0020024129189550877 0.058988336473703384 -0.007259278558194637 0.0800517126917839 -0.05947655439376831 0.03945786878466606 -0.06058979779481888 0.06454890221357346 -0.11040068417787552 -0.07317396998405457 -0.025961145758628845 0.07974183559417725 -0.015152745880186558 -0.07428465038537979 0.01841849274933338 -0.13424697518348694 0.04279264435172081 0.1128527894616127 0.010646505281329155 -0.03151777386665344 0.08112844824790955 -0.012372229248285294 0.08964109420776367 -0.06755706667900085 0.04675789549946785 -0.024644311517477036 -0.018909325823187828 0.05749179795384407 -0.027447234839200974 -0.03769632801413536 -0.10444634407758713 -0.02488143928349018 -0.05773540958762169 -0.035930488258600235 0.07135695219039917 0.05104672163724899 -0.01752573624253273 -0.07977903634309769 -0.09159616380929947 -0.0059088305570185184 -0.03932478651404381 -0.009721881709992886 -0.016884351149201393 -0.04707667976617813 -0.0711054652929306 0.008730498142540455 0.04642303287982941 -0.011199027299880981 -0.021767213940620422 0.11520660668611526 0.0051923515275120735 0.018693407997488976 0.011699031107127666 0.051800891757011414 0.032086219638586044 -0.09432066231966019 -0.11339706927537918 -0.03439866751432419 0.07645033299922943 -0.026755398139357567 -0.028055384755134583 -0.07261040061712265 0.008971348404884338 0.073470838367939 0.10620484501123428 -0.06876014173030853 -0.03266683965921402 0.09747625887393951 0.13241292536258698 0.016449827700853348 0.010332057252526283 0.0016600188100710511 -0.030520569533109665 -0.01790391281247139 0.00617642467841506 0.05454660952091217 -0.0610705241560936 0.0684128925204277 -0.03664546087384224 -0.10736243426799774 -0.026477212086319923 0.07983087003231049 -0.004420890007168055 0.006792813539505005 -0.07990406453609467 0.11249598860740662 0.00494943605735898 0.09333250671625137 -0.021822381764650345 0.022410891950130463 -0.07918711751699448 -0.04264633357524872 0.0029254283290356398 -0.07059221714735031 -0.12229903042316437 -0.10238168388605118 -0.04596735164523125 -0.0587422177195549 -0.034161172807216644 0.01754165254533291 -0.03665357455611229 0.12357773631811142 0.03228476643562317 -0.01613815873861313 -0.05304883420467377 0.05543700233101845 -0.07110286504030228 0.08871782571077347 0.018902242183685303 0.06534986943006516 -0.058015935122966766 0.03375117853283882 -0.07588795572519302 0.006619355175644159 -0.03060312569141388 -0.03424274921417236 0.010379922576248646 0.10814695805311203 -0.057645123451948166 -0.013006669469177723 -0.06531940400600433 0.06641916930675507 -0.05869821086525917 -0.10801887512207031 0.060302115976810455 -0.01899721659719944 0.0957958921790123 0.03881443291902542 -0.007161994930356741 0.03090444952249527 0.12465911358594894 0.03181085363030434 -0.04415280744433403 -0.024748394265770912 0.06802215427160263 0.11718104779720306 -0.14383061230182648 -0.012693477794528008 0.1363138109445572 0.015037385746836662 0.1143573597073555 0.013861437328159809 0.007240466307848692 -0.17213226854801178 -0.027642861008644104 0.07722815871238708 0.08346883207559586 -0.03181954845786095 -0.056733522564172745 0.08998677879571915 0.07387126237154007 -0.03430764004588127 0.10826895385980606 0.05942229926586151 -0.047824274748563766 -0.05081168934702873 -0.08186744153499603 -0.045187193900346756 -0.11692342907190323 -0.1031612977385521 -0.03428557142615318 0.06949711591005325 0.006476408801972866 0.029001647606492043 -0.01711425743997097 0.13817258179187775 0.043941766023635864 -0.002440359443426132 -0.062139879912137985 0.025312259793281555 -0.020011838525533676 0.021763989701867104 0.1319843977689743 0.14407266676425934 -0.041262056678533554 -0.022102056071162224 0.0895155668258667 -0.044540680944919586 -0.05823561176657677 0.0026031355373561382 0.07912939786911011 -0.0011097528040409088 -0.10285943001508713 -0.031125249341130257 -0.010072065517306328 0.07660520821809769 -0.005821781698614359 -0.08437976986169815 -0.08938895910978317 -0.13662633299827576 0.1081153154373169 -0.010081175714731216 -0.041054822504520416 0.014689799398183823 -0.11169858276844025 0.16445639729499817 0.034994885325431824 -0.002357244025915861 0.08555164933204651 0.0786687433719635 0.11686625331640244 -0.0026342766359448433 -0.06820475310087204 0.08947812765836716 0.14257818460464478 -0.01674366556107998 -0.016243023797869682 -0.0011474464554339647 0.17453065514564514 0.05225341394543648 -0.05736809968948364 0.0521564781665802 -0.021261852234601974 0.07289507985115051 -0.13443760573863983 -7.429125253111124e-05 -0.0380592942237854 -0.1736796349287033 0.08070038259029388 0.12237498909235 0.009943912737071514 -0.003507135668769479 -0.03133552521467209 -0.09562958031892776 -0.11413373053073883 -0.02229510247707367 -0.11590922623872757 0.0191117525100708 -0.04223731532692909 0.050873272120952606 0.08602651953697205 0.05030704289674759 0.09247656166553497 -0.09994001686573029 0.05541574954986572 -0.054176028817892075 0.0538044199347496 -0.0701507031917572 -0.10090044885873795 0.10545298457145691 0.09120219200849533 0.0915650874376297 0.08029084652662277 0.029296942055225372 0.059424880892038345 0.055522844195365906 -0.12432004511356354 0.02062349021434784 0.0062721106223762035 0.07552455365657806 0.10348638892173767 -0.04657730460166931 0.08868147432804108 0.07655910402536392 0.021175075322389603 0.08941736817359924 -0.08401533961296082 0.02340090088546276 0.011260386556386948 -0.01800999417901039 -0.010943825356662273 -0.0002976431860588491 -0.06739059090614319 0.07351705431938171 0.018019383773207664 0.08850066363811493 0.08504193276166916 -0.053695764392614365 0.08044715225696564 0.09675948321819305 -0.02977987937629223 -0.05980230122804642 0.04916796833276749 -0.0488346703350544 0.028599975630640984 0.0036278353072702885 -0.03478623926639557 0.1375727653503418 -0.03144444525241852 0.028702162206172943 0.049586378037929535 0.06282730400562286 0.11468435078859329 0.058777932077646255 -0.011616529896855354 -0.006348876282572746 -0.1116856187582016 0.14052709937095642 0.10602039843797684 0.07469747215509415 -0.05995927378535271 -0.03603654354810715 -0.05486159026622772 -0.007591694593429565 -0.10010755062103271 0.07580702751874924 -0.08999527990818024 0.07895341515541077 0.051336243748664856 0.04278486967086792 0.06678295135498047 -0.1500980705022812 0.10457915812730789 -0.09918023645877838 0.06033572927117348 0.12631595134735107 0.10630924999713898 -0.022228945046663284 -0.011938218958675861 0.058580294251441956 -0.004633184056729078 -0.04127758368849754 -0.15250040590763092 0.06595094501972198 0.016266703605651855 0.061160288751125336 -0.04348974674940109 0.06576495617628098 -0.030667606741189957 0.09362063556909561 0.15543782711029053 -0.04750664532184601 -0.08486311882734299 0.07844998687505722 -0.013639545999467373 -0.0024186098016798496 -0.05381849780678749 0.012807779014110565 0.10941389203071594 -0.008849077858030796 0.04672195389866829 0.09079188108444214 -0.07466604560613632 0.055270109325647354 -0.06396844238042831 0.11537963896989822 0.11107621341943741 -0.05355823040008545 -0.027748119086027145 -0.021662060171365738 0.014105726964771748 -0.13985413312911987 -0.20491637289524078 0.10951390862464905 -0.16086767613887787 -0.06517291069030762 -0.024573950096964836 0.050272293388843536 0.14330469071865082 0.10834678262472153 0.09931502491235733 -0.08996906876564026 -0.0040779211558401585 0.06987932324409485 -0.019794806838035583 -0.04409797862172127 -0.01819452829658985 0.04751267656683922 0.022508729249238968 0.0935492217540741 -0.0727730318903923 -0.10001728683710098 -0.0304692555218935 -0.04827762395143509 0.06867193430662155 -0.005677417851984501 0.031719133257865906 0.1097286269068718 -0.0760069489479065 -0.041246701031923294 -0.0735415518283844 0.051419731229543686 0.03812791779637337 -0.05230917036533356 0.05380824953317642 0.0631609633564949 -0.0369734950363636 0.006606251932680607 0.0890454426407814 -0.05301591753959656 0.03851224482059479 -0.05099456012248993 0.01723128743469715 -0.038023144006729126 -0.0856873169541359 0.04929325729608536 0.03675096109509468 0.01122705452144146 0.083981454372406 0.037008557468652725 -0.02530992217361927 -0.005797699559479952 -0.049345578998327255 -0.014972766861319542 0.016974173486232758 -0.024433715268969536 0.03177594393491745 0.048617444932460785 -0.02507154271006584 -0.04765765741467476 0.04024656489491463 -0.03519437834620476 0.11192236840724945 0.027758676558732986 0.003559879492968321 -0.053699739277362823 0.04580426216125488 0.020027270540595055 -0.0484464094042778 0.07168742269277573 0.07495616376399994 -0.08159312605857849 0.07577245682477951 0.08400662243366241 -0.03532147407531738 -0.06509355455636978 0.02168232761323452 0.052729230374097824 0.08263233304023743 0.029049018397927284 0.029861874878406525 -0.1080232635140419 -0.08228675276041031 0.029637405648827553 0.040350139141082764 0.020405104383826256 0.050861701369285583 0.04081142321228981 0.035991035401821136 -0.03268137574195862 0.0706380233168602 -0.022635065019130707 0.0726809948682785 0.022830545902252197 -0.049874890595674515 -0.0372665598988533 0.013996229507029057 0.032025277614593506 -0.07468388229608536 0.014539355412125587 -0.13145843148231506 -0.013253351673483849 -0.05641642212867737 -0.0728013664484024 -0.05278000980615616 -0.03269132971763611 0.08325508236885071 -0.0376548171043396 0.10222721844911575 0.050427645444869995 -0.01881306990981102 0.06348688155412674 0.04125804454088211 0.027208581566810608 -0.0006389757036231458 -0.02854512818157673 0.07422392070293427 -0.009413190186023712 -0.07141303271055222 0.047015439718961716 -0.030382102355360985 0.1016245186328888 -0.1145755723118782 -0.019858015701174736 -0.029226750135421753 0.029217038303613663 -0.007611013017594814 0.005658539943397045 -0.05045156925916672 -0.10534483194351196 0.06128969416022301 0.01770961843430996 -0.06909611076116562 0.052384842187166214 0.05335618183016777 -0.00949254259467125 0.13228937983512878 0.020407244563102722 -0.013843006454408169 -4.299204738344997e-05 -0.002363288775086403 -2.481131195963826e-05 -2.2391215617756366e-11 -8.873487240634859e-05 -4.350269111226028e-25 4.146882490174697e-12 -7.2457273745385464e-06 -0.0021686602849513292 -0.0021099341101944447 2.052457404033703e-08 -0.0002925005683209747 -1.0876252645175555e-06 -0.000964478706009686 -2.585166036794817e-08 -2.9107697628205642e-05 -0.0033571757376194 -7.343953620875254e-05 2.4360996629860077e-22 -2.6112027740055055e-07 -8.263923432934856e-25 -4.0350842027692124e-05 -3.9770062618929303e-25 -0.0005016985815018415 0.0017594367964193225 -2.5300025963126416e-11 -5.401465159593499e-07 -0.00021341408137232065 -1.7942375052371062e-05 -1.3874655735435226e-07 -0.0017661028541624546 -0.0005538765108212829 -0.00011411729792598635 -1.937164433013231e-25 -1.5771632047231754e-12 -0.00266700959764421 -1.2277106179681141e-05 -4.342756437836215e-05 -2.0226859760441585e-06 -2.7657479084730596e-10 -8.984531868483359e-12 -3.1770780125651987e-13 1.2483876779545433e-12 -2.5572396680217935e-06 -5.926860668914458e-10 -8.656452291089245e-13 -2.1750297207745461e-07 4.954296955322901e-12 -8.57962186273653e-06 -4.412225393934932e-07 -2.018868144659791e-05 -0.00034669897286221385 -7.873568743050669e-30 -3.972919785155682e-06 -4.6434243117232654e-09 -0.000849180156365037 7.038389315816573e-10 -0.00018910798826254904 -0.0023790765553712845 4.7157755034277216e-08 -0.0001652306382311508 -4.9001107981894165e-05 0.00010855115397134796 -4.6199173198147037e-07 -0.05419519171118736 -0.032879460602998734 0.030804332345724106 -0.03937838599085808 -0.0032622457947582006 -0.03461651876568794 0.07953929901123047 -0.026052862405776978 -0.013847341760993004 -0.007845111191272736 -0.005177028942853212 -0.10836193710565567 -0.005100862123072147 0.0069411746226251125 -0.02272343821823597 -0.07505741715431213 -0.046959929168224335 0.0037122140638530254 0.02311563678085804 -0.0263371542096138 0.06900905817747116 -0.008203212171792984 0.055427033454179764 0.006493129767477512 -0.03728095069527626 0.09263535588979721 0.0188258308917284 0.06132703274488449 -0.08027210831642151 -0.06675097346305847 -0.07293717563152313 0.03417756035923958 0.04636118561029434 -0.08983045071363449 -0.06272167712450027 -0.008936472237110138 -0.022424686700105667 -0.12601296603679657 0.06445202231407166 0.04173997789621353 0.027369899675250053 -0.017207980155944824 -0.03848720341920853 0.05275314673781395 -0.031342409551143646 -0.05505498871207237 -0.03547855094075203 0.02893771044909954 0.05993713065981865 0.02286367118358612 -0.03221443295478821 0.10691437870264053 -0.05412948131561279 -0.01821734569966793 0.025000307708978653 -0.10691811889410019 0.030435878783464432 -0.06221695989370346 -0.05809952691197395 0.06541386246681213 -0.09386362135410309 -0.07275000214576721 0.04783721640706062 -0.052511218935251236 0.023649608716368675 0.010738629847764969 0.07027385383844376 0.15915843844413757 -0.132553368806839 0.0036758894566446543 -0.02053380198776722 0.05459170788526535 -0.11747229844331741 -0.07960385829210281 0.07757250219583511 -0.04537307843565941 -0.017064251005649567 -0.10133330523967743 -0.04251086711883545 0.054931774735450745 -0.03575652092695236 0.09425342082977295 0.11048173904418945 0.02073822170495987 0.07010044902563095 -0.12228772789239883 -0.02130229026079178 -0.21344871819019318 -0.0829148218035698 0.039242155849933624 0.05020849406719208 -0.03182877227663994 -0.03637215495109558 -0.02418968454003334 -0.09559521824121475 -0.04872288927435875 -0.000235315557802096 -0.033590372651815414 0.04068898409605026 -0.1921636462211609 0.050527267158031464 -0.14368832111358643 0.07426897436380386 0.08132784813642502 0.0355643667280674 0.004095660522580147 -0.031911298632621765 -0.11040850728750229 0.011973231099545956 -0.12192381173372269 0.047231003642082214 0.0720401406288147 0.11812864989042282 -0.10953053832054138 -0.015410332009196281 0.023302890360355377 0.10729750245809555 -0.0012760647805407643 0.06417884677648544 -0.03311033174395561 -0.0263304952532053 -0.011678114533424377 -0.1774185448884964 0.012990815564990044 -0.08461923152208328 0.07416826486587524 0.09739209711551666 0.17335504293441772 0.04184739664196968 0.09390059113502502 -0.06730445474386215 -0.013475603424012661 -0.07557123899459839 0.05476608872413635 0.12037752568721771 0.046640221029520035 0.05239337310194969 -0.10756082087755203 -0.08474042266607285 -0.014895406551659107 0.05078577995300293 -0.09170330315828323 -0.023028366267681122 -0.012523624114692211 -0.06010168790817261 -0.08636545389890671 -0.13140584528446198 -0.05163223668932915 -0.01759730838239193 -0.13121919333934784 -0.026384474709630013 0.02991931512951851 -0.028943326324224472 0.01005806215107441 0.03638067841529846 -0.08624684810638428 0.002703298581764102 0.042837657034397125 -0.07826664298772812 -0.021222928538918495 0.09531903266906738 -0.06717605888843536 -0.039865098893642426 0.05173066630959511 0.005300796590745449 -0.061691418290138245 -0.08936194330453873 0.09954883903265 0.10876403003931046 -0.019513849169015884 -0.03456978499889374 -0.06481485068798065 -0.03407513350248337 0.05960512161254883 0.07080905139446259 -0.008690516464412212 0.0031994013115763664 -0.07223445922136307 -0.029594484716653824 0.08285315334796906 0.020195305347442627 -0.048932939767837524 0.0029110987670719624 0.030174409970641136 -0.06442989408969879 -0.0243823379278183 -0.1053462028503418 0.01833326183259487 0.08510790765285492 -0.0067493789829313755 0.014154247008264065 -0.06591835618019104 0.09445084631443024 0.03841344639658928 0.12552744150161743 0.09210622310638428 0.0510178804397583 -5.683989002136514e-06 -0.06886973977088928 0.003928195685148239 -0.052552565932273865 -0.01473334152251482 0.0289548821747303 0.061543058604002 -0.02764422446489334 0.018019525334239006 -0.12172765284776688 -0.10252104699611664 -0.018253497779369354 0.006485166028141975 -0.00957524124532938 0.005676698870956898 -0.007913718931376934 0.02295493148267269 -0.09376423805952072 -0.026209136471152306 0.09751803427934647 -0.0751534253358841 0.019768981263041496 -0.03090314194560051 0.08332420885562897 0.020636554807424545 -0.022249799221754074 0.0720972791314125 0.07588646560907364 0.025257140398025513 -0.07416056841611862 -0.08774726837873459 0.0619170181453228 -0.02830362319946289 -0.0005833416944369674 -0.04812495782971382 -0.054065752774477005 0.014997109770774841 -0.007262698840349913 -0.08792766183614731 0.0635494664311409 0.024342261254787445 -0.00746218441054225 -0.09855029731988907 0.04638772830367088 0.0024484277237206697 -0.003655150765553117 0.022184723988175392 0.06041504070162773 -0.02443019114434719 -0.09775573015213013 -0.0985882356762886 -0.06480607390403748 -0.01743565872311592 -0.026220640167593956 0.0764407366514206 0.029103226959705353 0.11874131113290787 0.03141181170940399 -0.011197017505764961 -0.013189726509153843 0.06441851705312729 -0.08401426672935486 0.12028919905424118 -0.031744301319122314 -0.015948902815580368 -0.04900253936648369 0.016795244067907333 0.11454137414693832 0.1102314442396164 0.07770892977714539 -0.09418676048517227 -0.08085201680660248 -0.0693969801068306 -0.010399711318314075 0.13143810629844666 -0.18463222682476044 -0.051535747945308685 -0.030374819412827492 0.009869496338069439 0.007438150700181723 -0.053058937191963196 0.11230319738388062 0.04334741458296776 0.08981672674417496 -0.02426871471107006 0.09903763979673386 0.05253957211971283 -0.0630895346403122 -0.07773717492818832 0.015383109450340271 0.08804504573345184 0.08782962709665298 0.14156778156757355 0.06722883135080338 -0.06553756445646286 -0.04947216436266899 0.07412715256214142 0.10259069502353668 -0.05179869011044502 -0.033605486154556274 -0.06515731662511826 -0.010411122813820839 0.03441005200147629 -0.08510950207710266 0.04718976095318794 0.08171013742685318 0.028678661212325096 0.08303333818912506 -0.014655942097306252 0.009931880980730057 -0.033128343522548676 0.0029160159174352884 -0.01280912384390831 -0.1545831859111786 -0.10556884109973907 -0.02754078060388565 -0.13343827426433563 -0.05451422929763794 -0.06225515156984329 -0.06967920064926147 0.11872438341379166 -0.037339337170124054 0.0845029279589653 0.06678232550621033 0.12888984382152557 0.11629326641559601 -0.04763416945934296 -0.05656331032514572 -0.002581669483333826 -0.11294038593769073 0.017030470073223114 -0.09450115263462067 -0.015297306701540947 0.05846192315220833 -0.008861570619046688 -0.11550909280776978 0.12084464728832245 0.006957194767892361 -0.06789616495370865 -0.11157159507274628 0.02239900268614292 -0.08186289668083191 0.029853995889425278 -0.023807693272829056 0.03041897900402546 -0.06014694646000862 -0.05240226909518242 -0.0970848947763443 -0.160072460770607 -0.011061477474868298 0.020439570769667625 0.03779064863920212 -0.0556064210832119 0.09679155796766281 -0.10322549194097519 0.05764700472354889 0.08847181499004364 0.01993679627776146 -0.05776260048151016 0.04224144294857979 0.13650935888290405 -0.030151989310979843 -0.04715926572680473 0.020995069295167923 0.13550925254821777 0.01064783614128828 -0.07230491936206818 0.09227177500724792 -0.1220751479268074 -0.032044053077697754 0.013041414320468903 -0.06161734089255333 -0.04114228114485741 -0.08024419099092484 -0.1484859585762024 0.0014511975459754467 0.006188271567225456 -0.059200018644332886 -0.11838860809803009 0.0015018769772723317 -0.021114012226462364 -0.04230368882417679 -0.06015865504741669 0.14794540405273438 -0.06811421364545822 0.09392218291759491 0.08173121511936188 0.15417149662971497 0.10383675992488861 0.14625850319862366 0.11486063152551651 0.03315085172653198 0.053711358457803726 0.07228309661149979 -0.049924664199352264 0.054819900542497635 -0.015806932002305984 0.13500621914863586 -0.05271637812256813 0.01401462871581316 0.05075029283761978 -0.048358041793107986 0.12230146676301956 -0.19011960923671722 0.14032822847366333 -0.03092581406235695 -0.004564912524074316 0.014901670627295971 0.010659569874405861 0.03586731478571892 -0.10434126108884811 0.0961376428604126 -0.017641030251979828 -0.0038554894272238016 0.1314765363931656 -0.007385340053588152 0.01530841737985611 -0.05983619764447212 -0.032279349863529205 0.08947959542274475 0.14332260191440582 0.1411062628030777 0.015343181788921356 -0.04150675982236862 0.08095362037420273 -0.07114230841398239 0.08344172686338425 0.05447407811880112 -0.021500689908862114 -0.04801977425813675 -0.020272936671972275 -0.05946345627307892 -0.10018566250801086 0.061819396913051605 0.03315277397632599 -0.018790284171700478 -0.07439824193716049 -0.0913442000746727 0.07729040831327438 -0.048949018120765686 -0.06287030875682831 0.04643470421433449 -0.21373389661312103 0.044538840651512146 -0.11740859597921371 0.05588400736451149 0.08323883265256882 0.1193418800830841 0.00959268119186163 -0.02485097572207451 0.14680053293704987 0.08031275123357773 0.13016816973686218 0.007432352285832167 -0.06336890161037445 0.03923381119966507 0.06339829415082932 -0.06714154779911041 0.0015536120627075434 -0.04720544442534447 0.10043676942586899 0.10151558369398117 0.08853238075971603 -0.02026607096195221 0.016229739412665367 -0.08694010227918625 -0.03751063719391823 0.08000766485929489 0.00996783934533596 -0.015509936027228832 -0.0068159401416778564 -0.0711052417755127 0.04392828792333603 0.0155645702034235 0.10127060860395432 0.019826699048280716 -0.04271396994590759 0.02993922121822834 0.12813039124011993 0.12280399352312088 0.013550130650401115 -0.10703267902135849 0.03711630031466484 -0.01236460730433464 -0.010548420250415802 0.11803940683603287 0.05935262143611908 0.1232324093580246 0.029190514236688614 0.017232511192560196 0.05837898701429367 -0.0596097968518734 0.07977030426263809 0.09401096403598785 -0.03396446257829666 -0.0400051549077034 0.05153101682662964 0.0574442557990551 0.04434327036142349 -0.08595898002386093 0.12751895189285278 -0.059872742742300034 -0.021608533337712288 0.09417542070150375 0.07724112272262573 -0.0983213484287262 -0.10188384354114532 -0.07711290568113327 -0.009129657410085201 -0.04933897405862808 0.04895824193954468 0.10709571838378906 0.05543322116136551 0.018361946567893028 0.11227218061685562 0.12354594469070435 -0.07364898175001144 0.10179082304239273 0.09113050252199173 0.03596042841672897 -0.0032761688344180584 -0.14496202766895294 -0.019535435363650322 -0.0948835238814354 0.06023221090435982 0.010264535434544086 -0.021539321169257164 0.01865740865468979 -0.08593238145112991 0.055265918374061584 0.044123850762844086 -0.09506204724311829 0.1152910366654396 -0.03451969847083092 -0.09874235093593597 -0.09019390493631363 0.013301398605108261 0.04976337403059006 0.052375428378582 0.05557902529835701 -0.014278862625360489 -0.015280990861356258 -0.028125690296292305 0.041235268115997314 -0.04582636058330536 -0.021655211225152016 -0.018267245963215828 0.0021352493204176426 -0.005158701445907354 -0.021615903824567795 0.038340043276548386 -0.04248105734586716 0.0613463930785656 -0.03756740316748619 -0.05036107450723648 0.08494424819946289 -0.024153148755431175 -0.005082365125417709 -0.060619600117206573 -0.0789460763335228 -0.04715248569846153 0.09360698610544205 -0.04467184096574783 -0.05693886801600456 -0.04628298431634903 0.05466027185320854 0.08994776755571365 -0.04459240287542343 -0.04810605198144913 -0.18919672071933746 -0.11657340824604034 -0.05098169669508934 -0.004298258572816849 0.10530664771795273 -0.08523327112197876 -0.011165945790708065 -0.024960288777947426 0.03340795263648033 0.028450170531868935 0.02331581711769104 -0.0833541601896286 0.03464323282241821 0.10843068361282349 -0.019580448046326637 -2.1159664811420953e-06 -0.027528252452611923 0.003340943483635783 -0.082389697432518 -0.026128321886062622 0.06054745241999626 -0.0031391156371682882 -0.021618803963065147 -0.03346636891365051 -0.04912281408905983 0.051215071231126785 -1.071862820722913e-09 0.004780254326760769 -0.012695297598838806 0.04319297522306442 0.05989064276218414 -0.027535997331142426 -0.023839641362428665 -0.06171572953462601 -0.030212515965104103 0.009592518210411072 0.01312417071312666 -0.009733806364238262 -0.05638624727725983 5.025121208745986e-05 -0.02759629487991333 -0.07024817168712616 -0.01999811828136444 -0.042689405381679535 -0.06540479511022568 -0.026242824271321297 -0.04067680984735489 -0.044443655759096146 0.0346740186214447 0.010495174676179886 -0.009146802127361298 -0.0313718244433403 -0.03490201756358147 -0.015414715744554996 -0.031135505065321922 -0.028620800003409386 -0.007291046436876059 -0.04440570995211601 0.016154395416378975 -0.0227535218000412 -0.020213231444358826 -0.028759926557540894 -0.03242308646440506 -0.005602188874036074 -0.04586043953895569 -3.1566066976811825e-25 -0.014064034447073936 8.607720092257409e-11 -0.03670012578368187 -0.01545809768140316 -0.009136288426816463 0.09984929114580154 0.07690651714801788 0.059867069125175476 -0.05410798266530037 -0.03027251362800598 -0.11344534903764725 -0.11247009038925171 -0.04706631973385811 -0.03176913410425186 0.07936669886112213 0.11111011356115341 0.047157593071460724 -0.1711285412311554 0.06759484857320786 -0.04892473667860031 0.10132019966840744 -0.06906507164239883 0.08834733068943024 0.029334325343370438 -0.06777242571115494 -0.03349563479423523 -0.06416263431310654 -0.05095967650413513 0.05856039375066757 -0.03209121152758598 0.06863024830818176 -0.06558772176504135 -0.00670442171394825 0.06272099912166595 -0.06948411464691162 0.007574287708848715 -0.01824367046356201 -0.08200959861278534 0.13644938170909882 0.015621466562151909 -0.04928820952773094 -0.0328407920897007 -0.07985487580299377 0.07472389191389084 0.014893317595124245 0.002873130375519395 0.02596954256296158 -0.052669424563646317 0.13601288199424744 -0.14961178600788116 0.052243318408727646 0.03121182508766651 0.13003255426883698 -0.06634059548377991 -0.0831451565027237 0.08103308826684952 -0.14237326383590698 -0.00879580806940794 -0.025197558104991913 0.06574047356843948 0.02111535333096981 -0.061609044671058655 0.04208197444677353 -0.06101009622216225 0.0008428361034020782 -0.1482461839914322 -0.013763219118118286 0.10871673375368118 -0.023467835038900375 0.12211928516626358 0.040625493973493576 -0.13355721533298492 -0.10302814096212387 -0.0193503238260746 -0.037810295820236206 -0.01706334762275219 0.04871010035276413 0.029249290004372597 0.10922911018133163 0.03763459250330925 -0.054069291800260544 -0.016532137989997864 -0.03033299557864666 0.06660526990890503 0.01976083032786846 0.05870439112186432 0.09109949320554733 -0.1591264009475708 0.02960882894694805 0.039809077978134155 -0.06055888906121254 -0.004672581795603037 -0.01136170793324709 0.030703788623213768 0.003420016262680292 0.06916994601488113 -0.06009132042527199 -0.05528176203370094 -0.04083496704697609 -0.10666210949420929 0.04143721982836723 -0.07358118891716003 -0.13305766880512238 0.09532881528139114 0.11757189780473709 0.08912717550992966 0.06258654594421387 0.009076624177396297 0.07275351136922836 -0.02430863305926323 0.004195397719740868 0.09254445880651474 0.0739813894033432 -0.097084641456604 0.0015722060343250632 0.10215365886688232 -0.00046303030103445053 0.0723133385181427 0.07871026545763016 -0.07630328088998795 0.04723372310400009 0.05968909710645676 -0.005233221221715212 -0.05413100868463516 0.0606110505759716 -0.03199068456888199 0.06510940194129944 -0.007008867338299751 -0.0349416509270668 -0.04704779013991356 0.08069256693124771 0.043104078620672226 -0.08228465914726257 -0.07672138512134552 -0.10917985439300537 0.047139864414930344 -0.07234955579042435 -0.008678835816681385 0.12887731194496155 -0.1309049278497696 -0.04683535546064377 -0.008812861517071724 0.08247126638889313 -0.01798473484814167 0.03178510069847107 -0.07142116874456406 0.05119733884930611 0.12881174683570862 -0.19351500272750854 0.09794291108846664 -0.20692427456378937 -0.08160368353128433 -0.07539522647857666 -0.008306752890348434 -0.016249369829893112 -0.13231544196605682 -0.076857790350914 -0.06523346155881882 -0.026213712990283966 -0.16754800081253052 0.14294950664043427 -0.10476738959550858 -0.10345038026571274 0.06921623647212982 0.05479050427675247 -0.14042697846889496 -0.15791870653629303 0.024780498817563057 0.07620923966169357 -0.009976929984986782 -0.12052801251411438 -0.2716032862663269 0.08740290254354477 0.06808331608772278 0.006616686936467886 -0.013495723716914654 -0.04243301972746849 0.2161027044057846 -0.054922915995121 -0.21232785284519196 0.052165765315294266 -0.06408941000699997 -0.12592242658138275 0.06951134651899338 0.07295781373977661 0.19581755995750427 -0.23270604014396667 -0.17576095461845398 0.023915983736515045 -0.0810493677854538 -0.05199505761265755 -0.2617686092853546 0.004853400867432356 -0.09046533703804016 -0.23982566595077515 0.1668863296508789 0.17803092300891876 0.10382519662380219 0.006079244427382946 0.025374529883265495 -0.0471750907599926 0.08070293068885803 -0.055260613560676575 -0.023129940032958984 0.06053408235311508 -0.01338469423353672 0.0040344363078475 -0.036335334181785583 0.08588004112243652 -0.051331229507923126 -0.0037613422609865665 -0.024965887889266014 -0.03836766630411148 -0.10700133442878723 -0.004347759764641523 -0.11169049143791199 -0.05857519805431366 -0.08894910663366318 -0.007390998769551516 -0.03485643118619919 -0.004446943756192923 0.02995957061648369 0.00010546651901677251 -0.021326100453734398 0.018547529354691505 -0.0146721750497818 0.028193935751914978 0.04457729309797287 -0.09300507605075836 0.011665143072605133 -0.016515064984560013 0.038659803569316864 0.039540283381938934 -0.0035799758043140173 -0.011370851658284664 0.06406208127737045 0.001279412885196507 -0.042942922562360764 0.010194933973252773 -0.02725132368505001 -0.031895268708467484 0.008271188475191593 -0.0026109064929187298 -0.0025028707459568977 -0.024093328043818474 -0.036447301506996155 -0.10847660154104233 0.010636626742780209 -0.09973780810832977 -0.0181511752307415 -0.008448614738881588 0.056780796498060226 0.0009689582511782646 -0.004116563126444817 -0.024622654542326927 -0.05238126963376999 0.06120942160487175 0.03632403910160065 0.0820908322930336 -0.012928827665746212 0.05523805692791939 0.013525041751563549 -0.03507019206881523 0.04664617404341698 -0.061864737421274185 0.11091719567775726 -0.10004223138093948 -0.005631416570395231 0.02504567615687847 -0.031485576182603836 -0.038003917783498764 -0.03603139892220497 0.09366769343614578 -0.06025460734963417 -0.11049249768257141 0.11689966171979904 0.08311963081359863 -0.10429777204990387 -0.10471785068511963 0.14099203050136566 0.019555360078811646 0.07836293429136276 -0.07247758656740189 -0.006182685494422913 -0.05268510431051254 -0.04009493812918663 -0.00491781160235405 0.046646665781736374 -0.07986252754926682 -0.048296183347702026 -0.07086832076311111 -0.039926376193761826 0.11208298057317734 0.062148742377758026 0.12194985151290894 -0.0718512162566185 -0.040238574147224426 0.07979118078947067 0.16038425266742706 0.10199252516031265 0.0019342330051586032 -0.0013466066448017955 0.04994742199778557 0.09987776726484299 0.12743212282657623 0.03418482095003128 -0.06337524205446243 -0.0892043262720108 0.04500966891646385 -0.05196128413081169 0.08242756873369217 -0.15501807630062103 0.03926604986190796 -0.13440167903900146 0.017024626955389977 0.03490959852933884 -0.02464771270751953 0.043013375252485275 -0.04197383671998978 0.007106366101652384 0.0333017036318779 -0.0397847518324852 -0.014777664095163345 0.01799897477030754 0.05972711741924286 0.0026642675511538982 -0.018320756033062935 0.1312004178762436 -0.026940973475575447 0.03890441730618477 0.09505722671747208 -0.09562787413597107 -0.08507919311523438 -0.00838687364012003 0.029834872111678123 -0.014144864864647388 -0.06110687926411629 -0.11064179986715317 0.02962908335030079 0.05769599974155426 -0.018245503306388855 -0.046622518450021744 0.07629825174808502 -0.08678866177797318 0.10253669321537018 -0.03282942250370979 -0.07682604342699051 -0.034850820899009705 0.00972103700041771 0.045814964920282364 0.05537017062306404 0.07300946116447449 -0.05895601212978363 -0.05655014142394066 -0.06966638565063477 -0.08712899684906006 -0.03732922300696373 0.05240846797823906 0.10406199842691422 0.05646983161568642 -0.0270231980830431 -0.013796703889966011 0.0001484565291320905 0.058759670704603195 0.07531708478927612 0.11794857680797577 0.11000783741474152 0.042465128004550934 0.06046473979949951 -0.0663527250289917 0.01755719631910324 0.024020079523324966 0.126190647482872 -0.06145423650741577 0.07126181572675705 0.021238427609205246 -0.060481052845716476 -0.08250179141759872 -0.026360459625720978 0.00786932185292244 -0.09997323900461197 0.010992818512022495 -0.040086131542921066 0.0012883254094049335 0.06687143445014954 0.09297864884138107 0.04302851855754852 0.0611548088490963 -0.07889442890882492 0.06495112180709839 -0.011269411072134972 -0.027373991906642914
b2 64
-0.1381407082080841 0.20076850056648254 0.030734263360500336 0.014437421225011349 -0.055975981056690216 -0.12501239776611328 -0.02044035494327545 0.05640147998929024 -0.09959273785352707 0.08899544179439545 -0.1458449810743332 -0.023481791839003563 0.18707987666130066 -0.06705249845981598 -0.04874700680375099 0.12240906804800034 0.03433907777070999 0.0394967682659626 -0.013392569497227669 0.04625444486737251 -0.24963483214378357 0.17425908148288727 0.1307131052017212 0.05657124146819115 0.061643410474061966 -0.019286425784230232 0.021582065150141716 0.07838340848684311 0.03383096680045128 -0.05844174697995186 0.00910225696861744 0.012637573294341564 0.038011129945516586 -0.045140158385038376 -0.044781312346458435 0.12137589603662491 -0.01386294886469841 -5.178916921977361e-07 -0.06692854315042496 0.165493905544281 0.09538827836513519 -0.1623421311378479 -0.1456141471862793 0.15660808980464935 -0.02245061844587326 0.07277163863182068 -0.03688269108533859 -0.010166984051465988 0.0046709151938557625 -0.1005568578839302 0.17971636354923248 -0.003293093992397189 -0.10733242332935333 0.03311435133218765 -0.14764390885829926 -0.09596636146306992 0.02605826035141945 0.0060517326928675175 0.03608645498752594 0.072072833776474 -0.07856961339712143 -0.11062417924404144 -0.07740288972854614 0.07218009233474731
W3 64
0.06225749850273132 -0.11454080790281296 0.005648800637573004 0.03827259689569473 -0.017172101885080338 0.027462702244520187 0.06273897737264633 0.07433614879846573 0.08835186809301376 -0.10669014602899551 0.110103078186512 0.06697448343038559 -0.1369551122188568 0.0007256694370880723 0.11607508361339569 -0.07247652113437653 -0.011588538996875286 -0.04477574676275253 0.0007113668834790587 -0.007909812964498997 -0.12899664044380188 -0.13275673985481262 -0.10714210569858551 0.020021140575408936 0.12850075960159302 0.10274381935596466 -0.11802009493112564 -0.010120140388607979 0.16456787288188934 0.01278390921652317 -0.0060675800777971745 0.06319665163755417 0.02475767210125923 -0.07078013569116592 0.021973581984639168 -0.09110715985298157 0.05126039311289787 1.3180199845741777e-31 0.03973628208041191 -0.1834905445575714 -0.06152442842721939 0.10535819828510284 0.1882910430431366 -0.10154395550489426 0.14066393673419952 -0.006807791534811258 0.024215934798121452 0.009724332951009274 0.05254427343606949 0.10350111871957779 -0.13823066651821136 0.020199375227093697 0.10366630554199219 0.04406849294900894 0.11276500672101974 0.07953745871782303 0.019335776567459106 0.01094994880259037 -0.12466362863779068 -0.08287128806114197 0.23027074337005615 -0.01688069850206375 0.10007700324058533 -0.0370461568236351
b3 1
0.04209697246551514
