1024 256
0 1 2 3 4 5 6 7 8 9 10 11 12 13 14 15 16 17 18 19 20 21 22 23 24 25 26 27 28 29 30 31 32 33 34 35 36 37 38 39 40 41 42 43 44 45 46 47 48 49 50 51 52 53 54 55 56 57 58 59 60 61 62 63 64 65 66 67 68 69 70 71 72 73 74 75 76 77 78 79 80 81 82 83 84 85 86 87 88 89 90 91 92 93 94 95 96 97 98 99 100 101 102 103 104 105 106 107 108 109 110 111 112 113 114 115 116 117 118 119 120 121 122 123 124 125 126 127 128 129 130 131 132 133 134 135 136 137 138 139 140 141 142 143 144 145 146 147 148 149 150 151 152 153 154 155 156 157 158 159 160 161 162 163 164 165 166 167 168 169 170 171 172 173 174 175 176 177 178 179 180 181 182 183 184 185 186 187 188 189 190 191 192 193 194 195 196 197 198 199 200 201 202 203 204 205 206 207 208 209 210 211 212 213 214 215 216 217 218 219 220 221 222 223 224 225 226 227 228 229 230 231 232 233 234 235 236 237 238 239 240 241 242 243 244 245 246 247 248 249 250 251 252 253 254 255
159 8 241 113 87 63 108 93 255 97 36 178 84 73 53 156 124 85 90 62 98 200 123 6 207 225 249 106 14 252 1 141 183 204 214 80 171 59 165 162 0 194 229 155 44 240 151 173 184 174 66 94 143 12 187 195 209 40 189 43 228 224 29 56 127 191 120 172 215 86 231 69 4 129 176 163 219 22 182 236 42 83 34 206 154 131 208 76 95 88 223 125 81 18 185 135 16 10 13 233 48 246 234 134 104 243 99 186 193 239 167 77 24 61 140 152 205 60 58 117 180 179 7 198 164 244 253 148 149 25 103 217 2 115 248 181 31 119 17 65 32 133 91 232 3 190 132 230 211 136 111 126 128 41 116 30 122 238 52 210 192 5 78 150 54 247 109 33 49 157 72 166 39 254 213 177 227 101 64 235 175 38 250 114 144 161 218 70 121 55 145 245 251 142 216 147 212 196 75 19 201 45 199 118 110 28 237 138 169 51 74 26 92 188 137 170 139 112 146 68 47 67 20 15 100 222 71 57 82 27 203 96 158 35 79 168 130 197 226 9 160 242 107 202 23 153 50 89 102 11 221 21 105 220 46 37
234 178 153 36 146 188 155 247 53 37 225 222 132 162 246 35 123 77 129 32 157 138 134 161 66 190 67 16 102 183 240 51 54 68 184 150 23 168 237 144 209 1 108 94 171 75 0 79 179 106 124 21 233 172 14 204 63 194 232 120 110 111 49 251 174 92 147 19 154 253 230 238 6 140 241 193 243 159 119 39 13 107 114 185 205 148 60 97 59 208 74 103 17 128 226 2 242 166 33 57 46 231 248 56 152 52 252 213 84 199 4 117 99 78 47 244 235 160 249 158 136 10 176 126 62 165 141 109 215 207 139 149 182 137 169 26 227 50 55 101 22 173 218 229 25 31 250 167 98 20 87 206 135 211 113 8 228 198 7 28 133 186 70 212 125 81 15 151 192 201 189 245 164 27 29 170 255 203 219 214 177 45 115 163 254 116 236 187 86 69 9 43 82 191 38 221 41 181 118 200 18 105 145 143 96 89 48 156 239 197 196 122 180 72 44 93 64 58 130 142 40 76 104 5 73 127 220 95 121 216 131 210 223 30 65 90 112 3 202 91 224 12 71 175 83 24 11 85 100 80 217 42 61 34 195 88
183 95 227 103 250 131 74 245 70 137 117 202 180 86 30 130 165 104 186 179 197 118 219 67 80 196 93 187 5 230 100 149 159 2 158 210 101 176 141 222 172 241 205 89 1 254 150 54 234 174 57 190 201 4 138 94 14 171 43 142 162 50 194 92 39 81 120 192 33 226 113 45 61 111 24 108 148 122 231 38 207 195 0 68 208 167 233 252 151 239 28 243 66 178 119 105 40 72 128 217 48 229 204 188 173 26 55 56 27 235 152 146 216 78 73 63 251 199 168 145 20 236 225 134 193 116 163 71 124 106 182 154 184 47 126 129 32 87 121 97 109 224 249 21 228 83 218 9 198 36 64 248 215 110 153 46 107 155 112 42 34 15 12 8 85 84 203 13 49 139 143 157 214 160 65 7 29 16 181 23 125 62 185 79 166 220 69 52 75 212 136 91 246 51 59 221 11 177 35 244 10 132 60 77 114 147 18 25 238 189 253 175 90 211 213 53 144 255 200 206 58 232 247 209 37 3 123 191 164 82 31 22 127 17 41 115 156 135 140 76 102 133 96 237 88 19 242 169 240 99 223 6 98 161 170 44
248 201 124 100 125 83 63 23 10 57 188 96 106 205 161 52 33 235 168 55 12 195 244 132 252 214 20 32 154 119 255 159 207 157 2 110 173 103 133 62 53 170 27 253 121 211 128 210 199 136 219 194 162 86 74 58 111 107 73 78 222 72 88 144 117 156 31 54 142 90 240 118 16 19 1 87 180 141 47 234 71 109 60 135 245 230 7 145 70 224 166 237 66 44 11 79 227 104 98 126 213 17 18 216 131 105 113 238 92 26 61 85 3 189 249 97 174 38 8 25 172 99 150 114 24 94 190 231 140 56 76 75 179 48 155 209 123 102 229 192 221 167 153 50 163 160 196 202 151 169 183 6 40 67 241 51 64 239 69 236 115 146 36 176 187 5 232 49 243 137 39 91 45 143 9 46 181 171 112 152 34 148 101 175 220 80 149 204 225 81 127 30 22 116 242 197 212 254 21 65 42 68 147 82 200 198 84 164 226 37 139 182 95 251 29 158 165 223 206 15 215 122 203 108 4 185 178 89 41 0 43 93 184 193 14 120 217 138 233 35 228 247 191 186 59 28 129 218 177 77 13 208 130 246 250 134
54 124 222 50 61 194 189 135 149 46 108 68 72 79 122 69 251 216 214 244 130 38 70 162 188 82 145 90 9 104 39 190 56 84 113 193 220 123 16 119 205 179 40 206 140 22 146 86 37 15 111 67 42 110 107 236 91 126 225 219 169 154 96 24 195 71 94 58 13 114 5 172 178 77 132 131 33 192 64 233 201 184 224 101 176 49 242 26 83 103 32 226 65 245 34 238 7 118 41 20 218 231 197 168 217 80 170 30 165 166 250 160 117 163 221 128 207 198 232 141 177 129 98 29 246 254 53 138 185 249 229 81 63 88 25 134 92 62 121 227 159 174 55 211 137 35 2 47 97 100 173 210 48 208 200 12 239 75 252 74 161 157 116 93 171 59 255 139 115 148 196 43 187 44 158 175 136 253 8 112 237 152 213 10 3 143 243 76 150 181 247 14 186 167 73 215 234 182 223 28 203 241 51 127 19 153 235 85 240 27 212 125 248 106 95 31 18 6 156 21 102 23 120 191 144 11 1 180 164 17 147 133 151 202 36 105 78 87 99 155 109 228 230 45 66 204 209 142 60 4 57 183 0 199 89 52
169 131 155 6 226 222 85 211 209 120 247 179 84 102 147 149 156 57 30 110 81 92 213 168 89 140 236 170 117 33 60 112 231 115 56 18 123 73 103 107 188 83 166 95 72 210 16 235 116 7 151 214 90 69 172 204 165 250 183 184 104 22 205 50 53 234 66 201 182 96 79 139 173 32 246 93 216 141 86 98 135 28 145 20 243 1 144 253 196 249 87 71 162 70 127 189 208 254 158 35 227 125 191 129 75 143 242 200 240 146 136 51 40 248 220 15 160 2 43 167 176 9 187 111 245 48 124 171 80 65 255 152 157 206 29 55 128 38 148 61 36 198 180 122 78 77 25 232 67 37 106 45 178 207 19 252 212 163 99 21 31 230 47 251 97 118 10 46 94 63 134 100 108 133 217 4 24 11 193 224 181 175 0 239 54 161 194 76 153 197 219 199 238 39 137 130 225 241 14 186 229 192 52 44 164 218 105 233 91 195 26 23 58 244 114 109 203 177 34 150 215 68 190 17 174 8 159 113 12 3 41 27 42 101 13 142 221 121 138 126 132 62 202 88 64 119 59 82 49 223 237 74 185 5 154 228
226 14 88 154 151 165 81 238 111 210 40 27 31 221 148 115 5 17 231 69 99 23 189 121 106 242 188 24 177 159 114 149 197 90 172 130 140 12 64 126 52 79 36 153 89 198 85 58 51 127 56 182 200 203 50 59 66 105 122 8 95 255 134 94 9 220 32 175 120 190 68 232 218 254 96 43 249 20 252 46 234 125 65 60 158 178 119 176 25 62 212 142 49 204 87 15 38 117 113 160 223 73 208 229 240 7 123 136 48 143 202 201 144 184 215 248 44 193 22 100 244 181 57 86 205 237 82 163 76 156 104 67 191 19 250 0 251 21 194 71 109 162 83 171 91 247 216 98 70 195 4 116 39 211 63 13 236 206 167 225 227 169 75 164 152 37 16 6 241 107 3 196 150 155 77 55 128 246 92 186 2 108 72 224 168 228 209 112 118 179 34 102 54 78 53 103 157 61 26 41 133 1 187 243 101 35 80 166 207 74 170 84 199 183 145 139 131 30 28 11 141 213 138 146 174 33 180 245 129 173 147 222 161 110 239 230 18 192 45 253 219 10 29 132 42 97 217 233 47 137 214 185 93 135 124 235
216 27 54 6 116 251 42 231 69 97 26 248 143 186 79 140 188 145 75 67 48 45 41 118 117 236 46 82 172 176 190 247 193 98 40 62 49 214 56 158 95 218 112 199 253 102 85 108 245 169 124 24 84 92 254 44 210 68 22 43 165 93 110 147 180 51 58 16 222 31 208 123 244 246 86 177 33 233 239 91 10 25 242 70 36 156 224 197 115 64 55 160 50 74 148 189 168 173 109 135 166 129 15 121 52 20 202 18 132 1 39 131 194 203 77 128 5 136 28 164 107 23 103 170 150 235 213 119 63 163 198 137 219 212 230 151 252 100 113 229 126 220 38 8 133 182 192 35 191 243 134 209 174 255 205 19 238 122 34 32 183 87 12 207 90 223 234 37 171 127 47 204 76 175 195 83 227 125 72 114 153 225 66 4 146 78 94 144 57 141 181 155 9 71 240 228 0 101 241 200 11 30 184 17 61 21 99 211 152 138 73 105 161 250 81 7 237 221 206 59 88 89 60 13 185 179 249 111 106 96 29 232 201 178 53 14 3 167 226 149 196 104 157 139 215 187 217 80 159 162 65 120 154 130 142 2
89 248 45 38 178 23 111 185 216 27 49 221 202 108 250 14 217 3 63 238 21 86 162 54 188 15 120 20 62 247 160 28 141 130 66 53 41 191 56 137 58 155 226 179 46 36 215 199 52 182 168 186 237 71 140 113 122 134 190 144 8 10 80 101 239 244 177 95 39 92 218 0 234 124 87 159 2 85 96 229 224 170 184 81 143 103 107 114 157 104 31 251 249 24 165 73 105 197 223 117 180 125 44 139 74 225 91 119 148 228 255 158 51 154 240 214 75 241 175 57 181 121 72 50 146 102 77 145 142 16 126 161 5 254 204 189 131 59 230 106 129 93 48 149 40 207 213 112 167 166 68 227 99 13 236 219 4 136 211 84 22 61 118 138 67 6 100 25 69 18 42 153 76 55 253 11 232 203 252 115 205 65 200 201 30 195 152 198 1 163 242 233 12 176 212 164 133 64 26 34 88 173 220 29 9 116 98 123 60 169 127 97 156 7 194 209 90 246 172 70 37 82 132 135 208 245 83 243 235 47 19 110 32 109 196 192 151 128 206 94 35 174 150 183 231 78 222 79 193 210 171 33 43 147 17 187
74 69 123 10 138 251 100 186 183 218 149 19 14 108 82 194 55 120 228 95 177 79 168 64 18 172 163 201 187 202 6 173 47 126 26 43 31 37 222 107 248 224 24 219 242 209 128 142 234 90 165 59 133 36 60 166 131 127 245 116 114 25 152 84 244 7 52 54 61 217 190 15 241 252 118 73 249 45 141 75 22 193 220 17 136 20 216 178 28 233 8 12 93 243 71 255 232 115 176 140 21 167 56 119 250 229 77 109 70 155 88 89 9 182 110 210 213 139 226 106 87 1 239 44 78 192 151 253 121 46 246 3 40 188 50 180 148 161 49 158 101 154 247 231 67 230 32 94 113 159 63 195 132 30 96 34 235 48 147 105 145 51 41 211 200 153 125 175 65 162 203 72 81 169 92 16 150 208 29 76 240 225 160 57 62 111 189 215 33 198 53 221 196 103 85 27 238 237 185 137 227 197 11 205 83 112 179 157 117 68 4 181 191 135 207 156 2 23 170 206 254 223 39 5 13 38 122 164 184 171 98 129 86 80 0 144 214 66 99 236 58 102 124 104 143 199 42 35 130 146 174 91 134 97 212 204
183 233 119 204 152 168 163 126 249 64 112 203 65 185 136 35 18 213 247 31 140 242 170 245 130 67 149 222 54 94 92 45 38 252 105 188 146 145 71 129 21 248 42 13 7 79 91 244 25 53 209 22 76 169 44 70 165 80 159 172 234 14 39 61 207 151 40 173 216 20 124 32 228 215 34 49 29 166 246 10 238 144 37 127 102 240 95 137 104 196 2 241 174 171 81 111 195 239 72 26 78 236 106 87 83 110 15 139 16 220 51 132 189 255 3 17 133 99 227 117 186 93 158 205 57 43 120 24 0 28 128 55 73 225 182 121 218 153 12 143 181 69 59 60 253 200 123 41 96 223 103 202 179 187 210 89 190 142 192 108 68 243 217 56 63 134 154 97 9 46 8 157 23 52 221 77 175 206 191 115 237 6 250 180 197 5 101 1 201 162 33 148 208 66 48 27 251 193 184 109 198 107 85 214 125 75 11 114 90 58 164 156 88 98 131 86 118 230 176 254 4 50 226 122 167 178 229 235 199 116 47 224 36 155 84 160 62 212 177 147 211 232 82 135 19 161 74 30 219 100 141 150 138 194 113 231
162 43 164 192 221 46 73 231 124 227 58 32 148 59 248 130 254 194 145 123 219 175 150 218 215 89 199 234 78 72 22 7 204 132 48 179 202 166 121 222 113 25 31 185 240 239 141 45 172 86 54 37 77 209 29 157 95 134 191 211 140 79 173 98 142 91 115 226 149 128 71 84 50 21 70 188 23 138 18 19 103 13 225 16 74 236 60 51 85 249 30 237 206 137 99 107 161 246 38 102 82 189 171 196 133 242 200 170 229 80 12 27 163 64 245 143 110 155 205 208 26 63 156 61 53 120 92 183 105 182 14 10 224 201 24 167 108 247 223 1 49 151 40 152 11 28 244 106 116 220 90 5 66 118 111 251 96 184 3 34 100 122 39 20 181 68 87 35 76 136 56 94 159 235 127 6 88 193 93 135 65 233 101 214 203 139 126 114 9 129 210 131 228 44 252 119 109 33 17 125 255 241 4 55 144 213 186 195 207 8 217 81 83 153 174 57 62 250 168 112 165 36 0 52 197 160 232 75 158 169 47 42 243 2 154 216 176 180 187 230 177 104 69 67 97 238 146 178 15 41 190 253 198 117 212 147
73 52 84 184 10 178 3 206 169 38 121 97 0 98 123 41 173 211 9 185 18 193 94 63 200 172 42 106 218 141 58 165 115 83 53 14 72 74 16 177 11 254 139 118 108 88 209 105 43 252 2 179 157 230 93 194 33 104 210 174 71 15 75 56 214 220 26 136 204 156 180 155 205 4 163 128 143 235 103 34 90 203 137 182 13 54 176 17 186 46 30 247 241 233 132 130 113 243 60 240 248 21 135 27 92 231 20 249 69 8 212 86 77 120 39 147 100 66 112 131 234 144 199 64 80 149 239 61 32 195 237 226 82 116 190 1 253 12 183 85 213 57 142 129 133 68 250 217 107 119 78 171 201 125 36 223 208 89 35 126 24 6 216 251 44 192 19 232 242 114 166 228 154 181 138 255 191 45 187 160 153 229 158 29 47 50 152 161 168 207 224 110 197 102 236 196 111 67 134 22 222 37 170 79 65 101 198 145 96 122 99 148 81 227 167 162 5 25 221 23 127 164 59 244 151 51 189 117 140 219 215 7 70 175 55 76 87 109 225 238 150 245 49 48 246 31 62 95 146 40 124 202 91 28 159 188
55 192 145 12 2 181 165 18 148 134 152 203 37 106 79 88 100 156 110 229 231 46 67 205 210 143 61 5 58 184 0 200 90 53 125 223 51 62 195 190 136 150 47 109 69 73 80 123 70 252 217 215 245 131 39 71 163 189 83 146 91 10 105 40 191 57 85 114 194 221 124 17 120 206 180 41 207 141 23 147 87 38 16 112 68 43 111 108 237 92 127 226 220 170 155 97 25 196 72 95 59 14 115 6 173 179 78 133 132 34 193 65 234 202 185 225 102 177 50 243 27 84 104 33 227 66 246 35 239 8 119 42 21 219 232 198 169 218 81 171 31 166 167 251 161 118 164 222 129 208 199 233 142 178 130 99 30 247 255 54 139 186 250 230 82 64 89 26 135 93 63 122 228 160 175 56 212 138 36 3 48 98 101 174 211 49 209 201 13 240 76 253 75 162 158 117 94 172 60 1 140 116 149 197 44 188 45 159 176 137 254 9 113 238 153 214 11 4 144 244 77 151 182 248 15 187 168 74 216 235 183 224 29 204 242 52 128 20 154 236 86 241 28 213 126 249 107 96 32 19 7 157 22 103 24 121
0 250 252 254 1 3 5 7 9 11 13 15 17 19 21 23 25 27 29 31 33 35 37 39 41 43 45 47 49 51 53 55 57 59 61 63 65 67 69 71 73 75 77 79 81 83 85 87 89 91 93 95 97 99 101 103 105 107 109 111 113 115 117 119 121 123 125 127 129 131 133 135 137 139 141 143 145 147 149 151 153 155 157 159 161 163 165 167 169 171 173 175 177 179 181 183 185 187 189 191 193 195 197 199 201 203 205 207 209 211 213 215 217 219 221 223 225 227 229 231 233 235 237 239 241 243 245 247 249 251 253 255 2 4 6 8 10 12 14 16 18 20 22 24 26 28 30 32 34 36 38 40 42 44 46 48 50 52 54 56 58 60 62 64 66 68 70 72 74 76 78 80 82 84 86 88 90 92 94 96 98 100 102 104 106 108 110 112 114 116 118 120 122 124 126 128 130 132 134 136 138 140 142 144 146 148 150 152 154 156 158 160 162 164 166 168 170 172 174 176 178 180 182 184 186 188 190 192 194 196 198 200 202 204 206 208 210 212 214 216 218 220 222 224 226 228 230 232 234 236 238 240 242 244 246 248
199 202 195 213 134 235 83 96 212 109 203 21 246 116 165 175 18 174 226 117 192 157 238 188 2 221 105 17 15 166 70 250 190 73 206 217 20 154 110 30 187 59 158 178 66 210 108 55 97 136 208 49 242 129 61 77 127 40 124 164 138 247 54 223 211 0 84 224 183 249 13 167 255 44 4 82 194 135 121 56 88 144 233 64 245 220 204 189 42 71 72 43 251 168 162 232 94 89 79 12 215 184 161 36 252 241 150 209 132 179 87 140 122 198 170 200 63 142 145 48 103 137 113 125 240 10 37 244 99 234 25 214 52 80 9 231 126 169 62 123 171 128 58 50 31 28 24 101 100 219 29 65 155 159 173 230 176 81 23 45 32 197 39 141 78 201 95 182 236 85 68 91 228 152 107 7 67 75 237 27 193 51 5 26 148 76 93 130 163 34 41 254 205 14 191 106 227 229 69 160 16 216 222 74 248 8 225 53 19 139 207 180 98 47 38 143 33 57 131 172 151 156 92 118 149 112 253 104 35 3 185 1 115 239 22 114 177 186 60 111 243 119 11 147 90 6 86 153 133 218 196 102 46 146 181 120
197 192 249 130 238 169 174 226 161 246 149 175 44 114 164 208 245 133 166 177 8 126 79 150 32 6 154 184 144 163 68 106 52 119 160 85 35 56 21 105 39 223 90 58 179 173 248 53 221 54 230 138 242 48 43 5 252 51 116 109 118 16 188 95 209 86 92 120 97 29 30 65 203 17 147 241 200 172 71 134 0 142 87 196 232 26 195 73 12 137 110 117 193 224 204 206 82 231 77 168 23 22 37 235 189 205 251 9 211 115 215 47 222 62 10 198 212 99 139 25 104 178 102 145 132 190 18 240 181 243 213 61 50 98 76 191 225 96 33 88 233 155 152 127 247 218 182 140 78 217 199 49 227 45 1 4 81 236 108 59 11 202 159 143 7 27 93 3 67 36 183 84 94 186 28 75 165 187 34 46 229 63 180 24 158 141 254 151 210 255 185 125 253 40 250 101 124 153 234 146 14 31 113 131 107 219 57 38 42 69 239 135 167 157 83 74 214 55 237 216 201 103 156 122 2 70 148 111 60 171 66 91 220 129 20 194 19 15 176 162 80 41 207 123 121 228 89 128 72 170 112 100 244 13 64 136
115 134 29 112 41 18 156 217 181 62 208 97 160 36 15 118 150 111 196 129 130 50 223 151 251 254 180 12 147 128 42 25 85 119 233 192 39 162 87 32 44 81 229 91 221 189 202 90 199 142 195 33 17 108 16 73 135 154 200 104 236 173 71 137 75 21 89 188 146 186 92 82 252 241 194 166 216 106 203 244 113 122 210 133 57 191 249 70 117 26 11 201 98 103 152 230 1 74 239 94 7 237 144 126 68 24 23 226 178 13 238 52 246 124 153 220 198 158 109 45 222 232 176 248 197 43 64 211 247 40 9 80 46 54 79 163 205 225 212 139 170 127 121 0 185 255 107 140 22 99 143 165 145 184 240 83 76 171 187 215 132 175 138 253 245 110 164 51 179 37 141 227 224 4 190 60 55 149 123 235 96 161 14 136 218 120 209 105 59 213 204 242 228 243 47 214 88 167 67 84 72 78 8 148 34 10 65 5 28 250 169 183 20 131 206 100 174 77 101 207 172 168 31 157 155 66 193 125 30 48 93 95 102 3 231 56 27 38 159 114 35 86 182 116 63 234 6 58 177 61 2 219 69 19 49 53
39 241 35 178 43 5 66 78 200 165 46 205 253 203 48 156 219 149 179 108 99 216 73 44 167 2 174 1 245 182 10 240 208 132 120 104 157 153 119 124 13 118 134 190 163 202 77 100 188 136 31 164 62 65 47 133 226 187 93 25 117 155 106 181 36 21 53 191 116 15 212 28 112 90 57 125 18 150 144 172 4 63 64 7 177 151 159 29 138 72 107 131 49 235 40 143 220 84 54 71 218 145 196 160 70 140 236 22 186 102 122 121 225 94 201 255 169 148 20 238 12 213 199 96 209 206 242 248 197 215 229 52 86 113 32 97 110 30 115 27 161 192 82 222 233 51 23 95 34 183 85 137 91 189 55 92 227 217 158 198 80 194 147 221 11 126 195 250 16 127 173 76 68 162 33 243 3 45 67 111 88 114 193 128 246 244 130 210 17 83 185 228 141 42 75 204 211 14 252 61 6 168 249 154 50 231 224 135 87 0 89 139 230 239 60 166 8 184 24 81 19 38 237 232 105 74 175 9 223 123 59 254 176 37 41 180 247 170 146 171 129 109 69 56 103 234 142 152 251 207 98 79 26 214 101 58
54 93 59 139 148 43 44 175 253 112 152 10 143 76 181 14 167 215 182 28 241 127 153 85 27 125 106 31 6 21 23 191 11 180 17 133 202 105 87 155 228 45 204 142 4 183 199 52 222 61 189 149 108 72 122 251 214 130 70 188 145 9 39 56 113 220 16 205 40 140 146 37 111 42 107 91 225 169 96 195 94 13 5 178 132 33 64 201 224 176 242 83 32 65 34 7 41 218 197 217 170 165 250 117 221 207 232 177 98 246 53 185 229 63 25 92 121 159 55 137 2 97 173 48 200 239 252 161 116 171 255 115 196 187 158 136 8 237 213 3 243 150 247 186 73 234 223 203 51 19 235 240 212 248 95 18 156 102 120 144 1 164 147 151 36 78 99 109 230 66 209 60 57 0 89 124 50 194 135 46 68 79 69 216 244 38 162 82 90 104 190 84 193 123 119 179 206 22 86 15 67 110 236 126 219 154 24 71 58 114 172 77 131 192 233 184 101 49 26 103 226 245 238 118 20 231 168 80 30 166 160 163 128 198 141 129 29 254 138 249 81 88 134 62 227 174 211 35 47 100 210 208 12 75 74 157
215 38 130 193 202 76 127 4 135 27 163 106 22 102 169 149 234 212 118 62 162 197 136 218 211 229 150 251 99 112 228 125 219 37 7 132 181 191 34 190 242 133 208 173 254 204 18 237 121 33 31 182 86 11 206 89 222 233 36 170 126 46 203 75 174 194 82 226 124 71 113 152 224 65 3 145 77 93 143 56 140 180 154 8 70 239 227 0 100 240 199 10 29 183 16 60 20 98 210 151 137 72 104 160 249 80 6 236 220 205 58 87 88 59 12 184 178 248 110 105 95 28 231 200 177 52 13 2 166 225 148 195 103 156 138 214 186 216 79 158 161 64 119 153 129 141 1 26 53 5 115 250 41 230 68 96 25 247 142 185 78 139 187 144 74 66 47 44 40 117 116 235 45 81 171 175 189 246 192 97 39 61 48 213 55 157 94 217 111 198 252 101 84 107 244 168 123 23 83 91 253 43 209 67 21 42 164 92 109 146 179 50 57 15 221 30 207 122 243 245 85 176 32 232 238 90 9 24 241 69 35 155 223 196 114 63 54 159 49 73 147 188 167 172 108 134 165 128 14 120 51 19 201 17 131 255
213 69 70 154 64 21 67 125 32 111 102 136 45 81 33 2 188 150 158 212 42 89 153 133 240 222 247 184 38 251 221 25 131 63 78 214 115 41 194 161 206 1 4 77 114 207 112 104 171 143 234 156 233 65 61 20 252 75 218 159 43 19 52 100 202 91 203 62 79 40 157 167 16 141 56 117 169 162 47 147 235 54 85 151 173 90 71 232 119 138 86 127 187 107 145 210 31 178 57 139 244 144 186 116 29 152 10 254 190 177 165 60 180 6 182 24 95 48 170 160 84 68 176 51 37 55 106 195 9 237 246 3 59 13 132 134 204 225 108 113 46 219 163 216 87 0 103 248 211 28 126 209 220 98 93 39 53 205 12 227 231 238 26 228 155 120 118 148 34 197 229 66 92 241 49 249 168 8 198 94 215 243 17 97 124 27 175 23 109 83 199 110 44 181 50 245 196 174 15 226 201 14 11 140 250 30 129 123 73 58 255 183 99 230 253 217 172 18 164 76 82 236 36 35 192 96 223 137 105 88 128 5 80 208 146 185 242 7 191 130 224 149 193 142 166 22 200 179 122 135 101 72 121 239 74 189
166 51 150 235 222 226 161 88 55 200 212 171 9 39 218 129 61 46 182 128 219 117 99 54 89 137 30 112 70 80 207 4 66 247 19 231 93 29 138 25 253 246 67 251 122 140 143 245 254 6 45 62 203 35 195 74 34 204 160 227 115 60 130 8 172 158 194 36 238 189 215 192 241 174 65 5 255 98 118 59 116 220 2 152 82 244 144 27 210 233 57 53 100 163 13 148 169 180 202 63 76 243 83 142 141 84 124 155 188 239 133 217 40 184 121 252 26 145 177 22 103 16 96 44 7 131 214 190 0 191 216 134 11 49 102 23 111 31 187 156 38 10 135 199 56 234 151 3 208 176 146 107 165 167 109 15 104 92 232 211 201 181 47 198 136 90 95 17 250 68 186 32 126 197 48 12 164 108 168 149 52 58 119 229 42 249 18 248 43 97 1 221 236 73 196 127 183 41 230 20 106 147 14 110 24 139 123 85 79 71 225 223 206 81 153 78 86 114 228 120 185 69 113 87 162 101 50 179 170 213 132 240 193 159 205 224 72 237 37 157 173 242 77 154 125 33 75 64 175 209 28 94 91 105 21 178
17 117 59 242 158 34 57 21 231 77 223 135 141 40 95 94 251 155 27 196 164 147 187 64 139 12 205 244 46 66 250 189 28 208 252 201 225 81 4 238 181 194 160 131 180 43 133 248 128 129 213 123 80 126 184 91 170 161 195 104 140 92 61 247 209 217 16 101 148 212 192 44 26 51 243 97 55 25 84 190 122 137 18 174 100 253 220 10 60 63 136 173 11 171 163 230 202 38 215 37 124 120 79 56 134 22 218 102 78 111 159 6 150 7 121 138 99 216 226 75 200 115 176 228 221 106 206 39 113 144 210 232 149 130 36 178 197 145 186 246 166 204 14 90 237 116 198 48 203 245 175 88 211 69 58 249 236 224 119 239 65 241 83 154 107 229 219 143 127 235 110 96 114 165 254 68 41 50 62 118 72 191 193 8 29 167 172 105 23 222 20 146 0 162 52 15 87 185 13 24 157 152 98 112 9 71 31 35 42 85 32 214 179 177 207 93 1 33 125 151 45 108 53 227 67 2 153 19 47 76 156 183 86 234 82 168 142 3 169 103 240 109 49 255 233 74 30 5 73 70 199 54 89 188 182 132
203 149 13 33 99 9 73 42 189 90 100 192 34 81 171 193 40 52 235 69 186 30 164 147 5 157 216 6 191 131 4 46 1 107 130 159 240 152 20 37 119 137 113 225 63 44 48 75 245 141 173 163 89 80 220 61 243 222 207 109 162 128 8 76 154 117 66 177 72 97 226 135 26 200 25 21 182 168 86 47 213 129 127 234 95 134 78 176 118 106 250 19 70 142 198 255 136 244 175 180 232 167 252 155 181 50 120 170 214 251 139 172 183 14 132 85 156 38 12 160 190 150 169 74 112 58 125 166 91 41 62 27 111 45 229 96 64 185 179 254 59 227 60 236 144 248 54 49 11 3 57 122 115 124 22 194 101 215 92 98 126 103 35 36 71 209 23 153 247 206 178 77 140 0 148 93 202 238 32 201 79 18 143 116 123 199 230 210 212 88 237 83 174 29 28 43 241 195 211 2 15 217 121 221 53 228 68 16 204 218 105 145 31 110 184 108 151 138 196 24 246 187 249 219 67 56 104 82 197 231 102 39 94 239 161 158 133 253 224 188 146 84 223 205 55 233 51 7 10 87 242 114 65 17 208 165
31 187 185 244 52 51 134 70 36 116 125 20 21 152 230 89 129 242 120 53 158 246 144 192 159 5 218 104 130 62 4 102 83 8 238 253 255 168 243 157 249 110 179 82 64 132 205 22 181 119 236 160 176 29 199 38 166 126 85 49 99 228 191 107 47 165 122 241 16 33 90 197 248 182 17 117 123 14 88 19 84 68 202 146 73 172 71 245 237 155 109 10 41 178 201 153 219 60 9 42 11 239 18 195 174 194 147 142 227 94 198 184 209 154 75 223 30 162 206 40 2 69 98 136 32 114 234 74 150 25 177 216 229 138 93 148 232 92 173 164 135 113 240 214 190 235 220 127 224 163 50 211 200 180 28 251 212 217 189 225 72 250 133 79 97 121 233 141 124 128 13 55 76 86 207 43 186 37 34 0 66 101 27 171 112 23 45 56 46 193 221 15 139 59 67 81 167 61 170 100 96 156 183 254 63 247 44 87 213 103 196 131 1 48 35 91 149 54 108 169 210 161 78 26 3 80 203 222 215 95 252 208 145 57 7 143 137 140 105 175 118 106 6 231 115 226 58 65 111 39 204 151 188 12 24 77
45 191 147 81 217 3 12 255 56 230 93 95 236 66 14 30 25 243 111 181 229 65 182 47 253 152 135 75 109 148 2 104 32 107 247 184 11 84 171 211 209 162 155 114 222 50 8 7 188 246 138 110 159 130 124 196 208 106 142 170 71 139 193 31 161 187 27 197 21 34 96 131 156 178 69 13 157 35 78 137 241 149 90 77 151 166 146 28 108 127 100 6 154 244 219 102 212 254 221 58 119 103 36 33 198 228 57 101 189 143 195 98 223 204 200 227 132 1 133 82 168 249 51 117 120 134 250 216 89 234 48 210 20 67 174 160 237 141 0 145 245 172 190 87 44 238 80 15 129 5 43 186 176 177 115 62 240 158 213 85 220 64 41 49 72 206 52 4 54 225 185 105 79 173 180 251 16 214 126 163 125 19 140 169 83 194 37 68 53 232 99 123 112 42 59 122 218 118 63 24 150 10 70 183 165 144 113 55 46 226 60 224 202 76 242 192 128 231 207 175 26 18 205 215 248 203 235 92 38 116 121 167 88 239 29 40 91 97 61 233 164 86 153 17 201 22 179 74 39 9 73 94 199 252 136 23
3 93 100 58 9 73 250 165 31 33 128 219 75 20 26 133 52 67 29 112 78 198 11 239 157 106 97 202 92 116 190 231 210 215 151 177 208 171 57 163 94 62 244 60 174 43 81 173 236 245 119 170 47 178 70 206 149 65 145 212 192 22 255 161 105 205 240 179 6 254 17 193 39 142 155 16 168 7 80 50 175 224 234 77 233 30 176 251 216 42 247 61 25 164 76 74 225 129 54 249 132 10 21 79 213 169 89 246 118 217 237 125 14 167 114 156 195 12 108 46 188 120 136 186 99 183 223 197 51 113 27 15 0 143 28 242 53 72 226 59 103 63 141 253 194 180 115 147 203 37 123 49 24 8 248 101 130 131 102 55 227 221 36 153 148 138 71 19 243 220 95 56 45 209 13 191 238 146 199 181 2 229 4 122 201 204 107 162 196 172 184 44 69 96 48 158 38 84 18 111 139 68 35 185 228 121 182 230 187 117 109 90 87 83 160 159 23 88 124 214 218 232 34 235 140 82 104 91 1 98 200 137 5 154 241 40 144 127 150 32 211 166 66 126 134 41 86 252 110 64 85 207 135 152 189 222
93 245 125 106 20 3 63 97 211 170 17 140 65 10 22 59 207 69 199 167 180 68 177 120 173 11 250 86 249 51 113 132 178 82 214 151 49 115 53 254 67 166 124 164 70 60 230 219 172 144 194 84 181 222 91 100 188 111 35 169 227 48 95 4 244 179 76 81 130 208 234 52 217 72 240 215 122 104 46 2 1 204 156 246 216 30 224 102 131 198 176 136 87 23 200 210 154 226 175 21 42 189 225 18 242 58 24 32 57 141 183 203 190 117 148 105 99 0 163 233 85 118 255 77 121 143 123 162 218 61 54 149 165 193 110 153 116 231 223 88 142 29 157 15 119 205 202 237 168 38 33 127 101 213 74 139 247 114 196 98 187 83 37 191 182 220 206 221 25 192 66 145 45 62 50 56 241 126 12 243 43 238 6 228 147 161 253 109 184 78 152 55 79 185 150 146 9 135 133 44 171 103 8 26 71 73 80 236 209 34 5 16 137 92 13 64 160 94 41 212 239 36 155 39 235 197 47 252 27 31 112 7 90 19 251 134 195 159 40 186 75 138 14 248 96 128 89 174 107 108 28 201 129 229 232 158
210 179 21 92 45 167 157 81 65 173 48 34 52 103 192 6 234 243 255 56 10 129 131 201 222 105 110 43 216 160 213 84 0 100 245 208 25 123 206 217 95 90 36 50 202 9 224 228 235 23 225 152 117 115 145 31 194 226 63 89 238 46 246 165 5 195 91 212 240 14 94 121 24 172 20 106 80 196 107 41 178 47 242 193 171 12 223 198 11 8 137 247 27 126 120 70 55 252 180 96 227 250 214 169 15 161 73 79 233 33 32 189 93 220 134 102 85 125 2 77 205 143 182 239 4 188 127 221 146 190 139 163 19 197 176 119 132 98 69 118 236 71 186 66 67 151 61 18 64 122 29 108 99 133 42 78 30 254 185 147 155 209 39 86 150 130 237 219 244 181 35 248 218 22 128 60 75 211 112 38 191 158 203 253 1 74 111 204 109 101 168 140 231 153 230 62 58 17 249 72 215 156 40 16 49 97 199 88 200 59 76 37 154 164 13 138 53 114 166 159 44 144 232 51 82 148 170 87 68 229 116 135 83 124 184 104 142 207 28 175 54 136 241 141 183 113 26 149 7 251 187 174 162 57 177 3
14 93 111 162 251 65 38 47 59 115 69 188 190 5 26 164 169 102 20 219 17 143 0 159 49 12 84 182 10 21 154 149 95 109 6 68 28 32 39 82 29 211 176 174 204 90 253 30 122 148 42 105 50 224 64 254 150 16 44 73 153 180 83 231 79 165 139 255 166 100 237 106 46 252 230 71 27 2 70 67 196 51 86 185 179 129 114 56 239 155 31 54 18 228 74 220 132 138 37 92 91 248 152 24 193 161 144 184 61 136 9 202 241 43 63 247 186 25 205 249 198 222 78 1 235 178 191 157 128 177 40 130 245 125 126 210 120 77 123 181 88 167 158 192 101 137 89 58 244 206 214 13 98 145 209 189 41 23 48 240 94 52 22 81 187 119 134 15 171 97 250 217 7 57 60 133 170 8 168 160 227 199 35 212 34 121 117 76 53 131 19 215 99 75 108 156 3 147 4 118 135 96 213 223 72 197 112 173 225 218 103 203 36 110 141 207 229 146 127 33 175 194 142 183 243 163 201 11 87 234 113 195 45 200 242 172 85 208 66 55 246 233 221 116 236 62 238 80 151 104 226 216 140 124 232 107
136 89 44 199 4 12 174 219 130 243 197 218 85 13 30 67 100 226 233 191 142 206 128 43 164 166 6 97 208 153 159 11 185 200 162 245 211 76 144 117 35 239 230 80 225 249 68 109 88 93 29 55 86 49 190 41 227 195 122 193 52 176 214 51 114 123 252 48 180 56 203 84 27 198 23 90 70 155 133 39 238 83 118 57 139 132 150 71 172 20 33 149 46 140 213 183 53 102 112 210 111 163 54 129 94 175 125 194 158 42 209 207 103 7 187 127 10 143 154 212 91 47 222 124 251 95 115 3 147 45 247 34 73 145 241 179 66 253 14 64 232 61 101 75 184 246 160 148 0 21 161 120 186 205 104 192 236 196 19 131 72 58 248 25 81 170 1 182 157 141 126 234 8 9 235 188 105 99 169 31 26 16 204 152 121 98 228 189 178 87 146 69 116 24 77 59 135 107 137 255 79 82 240 40 74 50 62 177 202 229 181 36 171 217 151 244 17 201 168 63 106 254 60 108 65 250 242 223 220 216 38 37 156 221 2 92 96 110 167 113 18 215 237 224 134 231 78 15 138 32 119 173 22 5 28 165
52 44 75 60 239 106 130 119 49 66 129 225 125 70 31 157 17 77 190 172 151 120 62 53 233 67 231 209 83 249 199 135 238 214 182 33 25 212 222 255 210 242 99 45 123 128 174 95 246 36 47 98 104 68 240 171 93 160 24 208 29 186 81 46 16 80 101 206 4 143 30 198 154 88 224 10 19 7 63 237 100 102 243 73 21 37 32 250 118 188 236 72 189 54 5 159 142 82 116 155 9 111 39 114 254 191 18 91 178 218 216 169 162 121 229 57 15 14 195 253 145 117 166 137 131 203 215 113 149 177 78 146 200 38 168 194 34 204 28 41 103 138 163 185 76 20 164 42 85 144 248 156 97 84 158 173 153 35 115 134 107 13 161 251 226 109 219 6 228 65 126 110 43 40 205 235 64 108 196 150 202 105 230 211 207 234 139 8 140 89 175 1 58 124 127 141 2 223 96 241 55 217 27 74 181 167 244 148 0 152 252 179 197 94 51 245 87 22 136 12 50 193 183 184 122 69 247 165 220 92 227 71 48 56 79 213 59 11 61 232 192 112 86 180 187 3 23 221 133 170 132 26 147 176 90 201
29 17 82 66 200 144 71 170 69 243 235 153 107 8 39 176 199 151 217 58 7 40 9 237 16 193 172 192 145 140 225 92 196 182 207 152 73 221 28 160 204 38 255 67 96 134 30 112 232 72 148 23 175 214 227 136 91 146 230 90 171 162 133 111 238 212 188 233 218 125 222 161 48 209 198 178 26 249 210 215 187 223 70 248 131 77 95 119 231 139 122 126 11 53 74 84 205 41 184 35 32 0 64 99 25 169 110 21 43 54 44 191 219 13 137 57 65 79 165 59 168 98 94 154 181 252 61 245 42 85 211 101 194 129 254 46 33 89 147 52 106 167 208 159 76 24 1 78 201 220 213 93 250 206 143 55 5 141 135 138 103 173 116 104 4 229 113 224 56 63 109 37 202 149 186 10 22 75 185 183 242 50 49 132 68 34 114 123 18 19 150 228 87 127 240 118 51 156 244 142 190 157 3 216 102 128 60 2 100 81 6 236 251 253 166 241 155 247 108 177 80 62 130 203 20 179 117 234 158 174 27 197 36 164 124 83 47 97 226 189 105 45 163 120 239 14 31 88 195 246 180 15 115 121 12 86
245 249 37 211 64 17 238 29 48 151 61 116 236 252 66 156 233 204 112 154 143 254 33 107 173 170 184 100 2 130 229 59 46 50 240 167 134 24 36 250 88 118 42 208 140 125 6 207 43 196 178 133 168 216 109 191 149 159 31 83 145 71 98 55 172 108 217 104 77 70 146 75 201 219 222 69 78 85 124 141 27 114 19 153 113 28 239 51 194 139 209 87 251 237 18 115 62 13 39 16 65 253 144 84 79 177 197 138 195 44 81 231 161 68 223 106 34 57 136 132 179 242 92 227 248 4 26 142 155 67 162 221 220 163 203 234 12 63 212 41 119 8 200 76 105 224 1 101 182 95 175 123 86 210 38 14 0 15 40 213 90 128 181 102 190 110 11 235 117 89 214 23 135 58 230 82 32 255 225 186 244 246 188 94 183 171 56 35 25 5 126 22 215 169 174 96 74 147 10 111 205 21 127 91 243 187 247 228 131 137 198 53 121 73 97 72 122 176 80 45 60 152 20 206 7 120 54 99 185 226 93 189 103 218 202 164 158 150 49 47 30 160 232 157 165 193 52 199 9 148 192 166 241 180 129 3
67 41 98 44 204 146 168 155 65 162 9 201 69 218 50 104 208 191 214 96 20 230 130 190 198 105 150 61 174 128 149 16 199 216 253 31 157 164 122 73 137 59 229 95 97 192 28 139 84 90 197 116 131 93 176 142 7 75 48 221 170 161 11 156 180 254 40 19 24 215 241 17 235 121 227 158 126 53 124 238 107 145 237 45 54 183 234 111 242 134 15 213 129 209 21 1 86 64 225 169 14 49 243 70 63 81 2 103 206 219 80 232 71 144 114 239 33 43 141 42 94 240 60 25 106 56 125 89 228 140 138 34 193 118 58 196 74 85 143 22 233 153 55 182 26 46 189 78 231 178 220 4 76 172 110 252 184 200 250 163 247 32 6 115 177 91 79 0 207 92 51 117 136 35 123 167 127 205 62 3 244 179 211 12 101 187 113 88 72 57 165 194 195 166 119 36 30 100 217 212 202 135 83 52 29 159 120 109 18 77 255 47 210 8 245 66 38 68 186 10 13 171 226 5 236 248 108 133 160 112 222 102 148 82 175 203 132 99 249 37 185 246 39 251 181 173 154 151 147 224 223 87 152 188 23 27
232 50 197 76 158 8 163 205 135 48 171 29 18 209 196 184 79 199 25 201 43 114 67 189 179 103 87 195 70 56 74 125 214 28 1 10 22 78 32 151 153 223 244 127 132 65 238 182 235 106 0 122 12 230 47 145 228 239 117 112 58 72 224 31 246 250 2 45 247 174 139 137 167 53 216 248 85 111 5 68 13 187 27 217 113 234 7 36 116 143 46 194 42 128 102 218 129 63 200 69 9 215 193 34 245 220 33 30 159 14 49 148 142 92 77 19 202 118 249 17 236 191 37 183 95 101 255 55 54 211 115 242 156 124 107 147 24 99 227 165 204 6 26 210 149 243 168 212 161 185 41 219 198 141 154 120 91 140 3 93 208 88 89 173 83 40 86 144 51 130 121 155 64 100 52 21 207 169 177 231 61 108 172 152 4 241 11 203 57 15 240 44 150 82 97 233 134 60 213 180 225 20 23 96 133 226 131 123 190 162 253 175 252 84 80 39 16 94 237 178 62 38 71 119 221 110 222 81 98 59 176 186 35 160 75 136 188 181 66 166 254 73 104 170 192 109 90 251 138 157 105 146 206 126 164 229
240 211 66 65 80 23 232 248 39 52 254 158 3 90 10 105 53 241 255 142 182 68 147 221 145 188 175 233 61 28 224 31 1 104 93 141 119 234 13 139 76 131 21 198 195 170 35 6 225 183 121 5 242 92 15 88 44 47 124 24 151 102 54 245 202 186 50 70 136 46 110 79 226 127 137 229 71 118 208 230 77 89 17 106 223 67 201 184 42 194 253 43 228 168 41 83 38 144 167 196 22 189 57 74 156 174 150 7 100 81 85 112 27 178 210 200 126 117 2 98 25 4 244 146 199 165 45 113 191 154 103 214 109 134 8 172 63 237 62 58 219 205 123 84 250 166 164 16 132 171 115 213 155 143 32 56 107 179 235 37 173 26 212 217 14 204 34 192 218 87 157 207 251 33 176 209 220 51 169 122 193 75 49 197 227 187 206 111 149 95 162 203 128 78 99 64 148 82 11 133 101 222 216 36 96 9 97 18 181 30 91 86 48 40 94 159 152 161 59 231 138 252 129 135 163 140 72 73 108 246 60 190 29 243 215 114 177 0 185 130 239 20 69 238 116 55 180 153 160 236 12 247 249 125 19 120
152 102 26 42 150 65 159 32 247 206 170 220 94 57 228 168 31 243 107 137 154 211 63 114 48 138 238 244 135 209 140 205 189 68 12 194 38 192 111 103 21 230 131 162 44 67 19 85 181 130 163 132 105 139 61 40 60 13 8 93 215 64 50 75 20 196 89 151 28 72 161 123 190 219 2 153 235 100 195 16 146 43 82 95 4 214 14 98 213 39 30 1 234 106 80 56 101 86 248 90 29 171 77 66 46 149 117 78 83 55 91 193 116 254 200 218 242 99 7 245 249 134 176 197 207 73 164 52 158 155 0 187 222 148 37 233 144 166 177 167 59 87 136 5 180 188 202 33 182 36 221 217 22 49 120 184 113 165 208 79 224 62 252 122 169 156 212 15 175 229 35 76 27 199 147 124 201 69 88 81 216 118 74 11 178 128 9 3 6 226 41 239 227 127 97 236 92 179 186 232 160 70 17 54 133 145 198 53 51 110 173 172 255 191 157 237 246 141 142 18 96 210 250 108 241 174 24 112 10 58 25 126 84 225 251 183 125 223 204 129 104 119 121 34 109 23 115 231 45 203 185 253 71 143 47 240
112 136 80 224 102 145 204 53 216 157 144 218 233 213 95 175 194 167 73 221 56 31 169 24 66 33 125 186 170 103 100 10 40 124 168 1 210 7 165 35 16 12 39 199 68 200 149 235 61 118 184 187 201 62 28 156 46 115 22 87 134 241 227 49 208 0 212 57 239 2 154 111 50 147 82 196 72 110 253 243 244 182 129 52 225 25 152 32 131 108 116 139 18 119 71 121 37 252 172 146 240 247 63 83 26 193 230 192 86 207 236 150 6 104 135 120 44 166 190 179 109 126 189 30 185 130 91 217 77 137 250 232 211 180 122 113 38 127 36 14 143 54 4 195 43 19 242 93 85 17 27 60 15 47 159 105 183 188 234 155 51 96 107 158 164 128 45 231 153 220 84 13 89 246 141 106 76 140 161 11 64 203 90 3 214 148 29 70 79 67 123 42 160 162 48 133 81 97 92 55 178 248 41 132 249 114 65 219 202 142 176 215 69 171 99 174 59 251 78 151 238 23 21 229 222 181 34 117 75 74 255 58 205 177 226 197 191 8 20 173 209 237 138 206 5 98 228 254 94 9 88 101 163 198 223 245
29 96 26 43 106 202 102 47 8 134 249 54 167 149 128 97 39 30 210 44 208 186 60 226 176 112 215 191 159 10 2 189 199 232 187 219 76 22 100 105 151 72 223 13 24 75 81 45 217 148 70 137 1 185 6 163 58 23 248 57 78 183 236 120 7 175 131 65 201 242 251 239 40 214 77 79 220 50 253 14 9 227 95 165 213 49 166 31 237 136 119 59 93 132 241 88 16 91 231 168 250 68 155 195 193 146 139 98 206 34 247 246 172 230 122 94 143 114 108 180 192 90 126 154 55 123 177 15 145 171 11 181 5 18 80 115 140 162 53 252 141 19 62 121 225 133 74 61 135 150 130 12 92 111 84 245 138 228 203 86 196 238 205 42 103 87 20 17 182 212 41 85 173 127 179 82 207 188 184 211 116 240 117 66 152 233 35 101 104 118 234 200 73 218 32 194 4 51 158 144 221 125 0 129 229 156 174 71 28 222 64 254 113 244 27 170 160 161 99 46 224 142 197 69 204 48 25 33 56 190 36 243 38 209 169 89 63 157 164 235 255 198 110 147 109 3 124 153 67 178 21 52 37 216 83 107
112 193 104 126 137 127 19 47 96 220 140 148 162 248 142 251 181 177 237 9 80 144 73 125 168 39 184 22 212 82 129 116 172 230 135 189 250 36 242 159 107 84 161 29 48 41 176 78 34 226 138 88 224 218 221 186 1 199 187 87 57 196 52 139 146 192 120 30 232 14 93 105 158 13 11 70 133 132 215 151 117 197 206 101 102 233 56 170 210 68 201 134 239 72 225 18 240 86 44 185 211 143 85 183 164 89 64 79 81 249 69 238 75 191 5 163 145 213 31 103 7 200 62 241 2 110 25 119 247 207 166 130 180 54 17 188 128 246 203 67 97 114 171 23 74 8 98 198 204 95 169 100 165 149 28 227 154 253 152 71 63 236 190 91 122 4 27 234 45 141 90 123 92 65 99 21 255 20 228 223 53 175 24 10 35 235 156 49 111 243 32 121 83 150 179 217 113 195 60 155 231 106 3 42 55 219 174 229 58 173 254 245 216 194 66 40 16 61 46 208 50 244 131 37 26 6 109 77 38 43 15 51 153 76 214 160 178 202 59 222 205 209 94 136 157 167 33 124 12 118 115 0 147 182 108 252
89 152 198 1 163 242 233 12 176 212 164 133 64 26 34 88 173 220 29 9 116 98 123 60 169 127 97 156 7 194 209 90 246 172 70 37 82 132 135 208 245 83 243 235 47 19 110 32 109 196 192 151 128 206 94 35 174 150 183 231 78 222 79 193 210 171 33 43 147 17 187 248 45 38 178 23 111 185 216 27 49 221 202 108 250 14 217 3 63 238 21 86 162 54 188 15 120 20 62 247 160 28 141 130 66 53 41 191 56 137 58 155 226 179 46 36 215 199 52 182 168 186 237 71 140 113 122 134 190 144 8 10 80 101 239 244 177 95 39 92 218 0 234 124 87 159 2 85 96 229 224 170 184 81 143 103 107 114 157 104 31 251 249 24 165 73 105 197 223 117 180 125 44 139 74 225 91 119 148 228 255 158 51 154 240 214 75 241 175 57 181 121 72 50 146 102 77 145 142 16 126 161 5 254 204 189 131 59 230 106 129 93 48 149 40 207 213 112 167 166 68 227 99 13 236 219 4 136 211 84 22 61 118 138 67 6 100 25 69 18 42 153 76 55 253 11 232 203 252 115 205 65 200 201 30 195
46 98 196 62 99 234 224 165 205 87 201 154 228 18 133 202 2 23 134 180 83 75 169 40 250 10 52 74 118 95 121 200 135 253 251 137 217 24 90 192 235 148 49 82 211 218 21 4 68 13 175 1 161 57 238 231 142 94 0 96 146 237 246 67 173 15 191 31 88 26 45 244 239 112 81 182 16 230 130 66 6 183 44 48 187 254 177 153 178 136 116 76 63 110 241 149 159 3 214 105 86 33 221 108 65 248 42 185 50 12 73 85 207 172 53 212 5 210 55 163 226 156 186 115 106 223 80 51 174 9 181 8 252 189 17 247 215 139 127 111 164 160 126 131 20 125 141 197 170 209 84 107 195 143 38 171 69 72 54 140 233 194 100 32 124 162 113 188 43 28 60 198 123 22 219 35 119 97 64 132 25 157 151 179 11 70 71 14 184 158 166 36 145 79 114 138 56 242 47 150 227 91 61 78 225 152 203 167 77 147 243 29 193 109 129 128 232 101 208 7 176 155 27 245 19 220 206 103 216 213 249 255 204 222 236 59 93 120 39 104 117 37 122 34 168 199 89 229 240 58 30 102 41 190 92 144
106 101 152 158 122 39 225 147 214 78 7 83 240 135 100 70 134 155 5 58 197 84 252 208 142 23 64 73 61 117 36 154 156 42 127 75 91 86 49 172 242 35 126 243 108 59 213 196 136 170 209 63 165 93 168 53 245 72 145 232 17 15 223 216 175 28 111 69 68 249 52 199 171 220 191 185 2 14 167 203 231 132 200 254 92 222 248 88 3 82 95 157 192 217 239 130 74 218 96 139 198 47 210 151 138 212 227 207 89 169 188 161 67 215 50 25 163 18 60 27 119 180 164 97 94 4 34 118 162 250 204 1 159 29 10 6 33 193 62 194 143 229 55 112 178 181 195 56 22 150 40 109 16 81 128 235 221 43 202 0 206 51 233 251 148 105 44 141 76 190 66 104 247 237 238 176 123 46 219 19 146 26 125 102 110 133 12 113 65 115 31 246 166 140 234 241 57 77 20 187 224 186 80 201 230 144 255 98 129 114 38 160 184 173 103 120 183 24 179 124 85 211 71 131 244 226 205 174 116 107 32 121 30 8 137 48 253 189 37 13 236 87 79 11 21 54 9 41 153 99 177 182 228 149 45 90
245 46 134 88 140 43 168 149 145 172 77 201 78 27 113 194 251 62 65 79 195 161 34 179 248 155 220 12 119 105 182 86 0 90 190 117 135 32 244 183 25 215 74 205 243 131 121 122 60 7 185 103 158 30 165 9 241 249 17 151 252 204 254 170 130 50 24 118 125 196 216 159 71 108 70 219 85 114 28 139 237 13 253 177 44 68 57 242 4 67 163 63 8 224 95 210 15 128 110 89 58 255 246 171 5 169 147 21 187 137 73 176 152 120 226 218 150 160 193 148 180 37 238 61 66 112 33 184 229 240 36 42 6 178 109 31 98 217 146 222 124 19 239 209 18 39 144 197 81 223 136 92 26 162 203 212 200 1 175 38 40 181 11 214 230 225 188 56 126 174 10 127 247 198 97 80 20 54 93 202 49 232 52 192 129 211 29 116 156 154 107 100 59 167 250 208 207 133 191 83 55 104 75 69 141 153 51 87 115 16 84 138 231 106 132 227 142 221 234 41 76 101 123 14 213 102 235 23 82 186 94 35 22 96 111 91 228 53 72 45 206 99 189 164 47 157 199 166 3 64 48 236 233 143 173 2
121 12 51 64 228 183 238 67 182 8 254 225 203 75 49 25 70 55 217 59 253 140 46 35 15 118 86 47 52 24 60 162 85 223 169 187 211 68 231 214 218 103 145 166 176 42 133 21 127 124 0 156 191 117 6 202 113 135 146 136 28 56 105 229 149 157 171 2 151 5 190 186 246 18 89 153 82 134 177 48 193 31 221 91 138 125 181 239 144 198 4 45 251 168 116 93 170 38 57 50 185 87 43 235 147 97 233 227 230 195 10 208 196 96 66 205 61 148 155 201 129 39 241 23 102 114 167 22 20 79 142 141 224 160 126 206 215 110 111 242 65 179 219 77 210 143 248 81 234 27 249 95 53 194 220 152 94 192 173 98 73 88 90 3 78 247 84 200 14 172 154 222 40 112 16 209 71 250 11 119 34 128 1 216 175 139 189 63 26 197 137 255 212 76 106 123 180 32 83 17 107 207 213 104 178 109 174 158 37 236 163 7 161 80 72 245 199 100 131 13 36 243 54 150 99 132 101 74 108 30 9 29 237 232 62 184 33 19 44 244 165 58 120 252 41 130 92 159 188 226 122 204 69 164 240 115
104 32 160 202 157 8 31 60 141 53 176 193 20 38 14 126 219 200 204 231 146 42 74 64 245 236 121 217 144 123 108 10 63 29 164 232 55 18 222 78 228 253 127 36 182 101 181 177 83 69 242 203 114 30 28 135 251 35 234 77 19 7 151 175 226 43 99 156 37 145 76 81 133 68 153 56 82 206 21 71 115 152 40 73 84 170 33 241 57 194 168 61 91 51 70 230 13 214 26 67 247 197 218 183 12 201 130 252 220 86 80 155 215 128 216 137 45 149 210 205 167 159 213 23 16 25 178 95 2 116 248 254 27 4 191 192 227 110 179 54 148 107 79 233 41 0 49 249 103 139 188 102 235 174 44 17 24 100 131 111 113 244 138 239 75 185 184 199 142 96 112 158 171 118 22 122 209 129 224 172 105 119 6 46 187 11 85 9 52 39 97 180 147 88 150 120 223 212 5 238 98 132 3 195 250 140 62 59 34 154 125 89 47 240 124 106 211 134 207 163 166 243 143 15 221 173 109 66 50 169 189 255 165 229 198 90 246 1 93 190 237 72 94 196 208 136 225 87 186 65 48 161 58 117 162 92
12 198 206 231 60 102 122 109 36 67 24 18 0 82 152 4 37 174 251 40 62 42 81 137 235 228 68 84 112 29 72 35 150 142 7 61 203 76 189 38 124 121 156 87 212 207 46 20 132 248 58 166 33 115 17 106 2 211 110 101 139 125 140 199 111 240 64 219 236 224 230 160 45 186 162 217 157 180 147 66 80 172 28 103 252 71 229 253 104 69 65 183 54 52 218 90 22 182 200 245 247 254 155 128 208 179 190 56 11 187 238 79 13 215 131 158 210 74 213 154 116 221 171 201 205 31 181 9 193 170 53 114 78 214 105 249 57 188 167 15 47 8 93 26 27 202 120 48 148 151 77 164 44 25 194 177 237 16 130 89 191 59 239 184 196 233 126 243 118 86 99 242 96 39 92 185 169 5 168 225 32 51 97 1 133 70 223 34 227 173 241 85 43 83 244 234 149 138 91 63 113 3 100 141 10 19 107 30 209 88 146 222 14 178 163 98 250 255 49 127 153 226 136 246 159 134 41 23 220 176 175 123 75 165 135 204 143 21 50 117 95 55 6 197 119 129 73 145 94 195 216 108 144 192 161 232
227 33 114 105 76 54 181 155 131 176 161 68 165 104 246 152 141 121 224 192 153 158 130 166 13 191 74 20 38 62 174 82 65 69 209 251 17 27 148 239 127 233 230 0 7 42 223 112 53 219 241 252 242 134 162 211 80 255 8 22 108 2 111 41 37 97 124 195 4 188 240 28 154 44 137 72 197 244 231 32 90 250 49 110 151 102 19 222 199 21 144 163 156 36 193 149 86 253 203 84 78 81 46 116 59 47 202 172 56 167 254 6 52 235 145 92 129 208 220 18 128 126 185 248 247 75 11 232 57 66 216 217 93 171 30 70 183 61 249 99 187 85 133 100 201 159 45 71 3 200 43 24 204 179 194 196 109 184 98 190 51 120 23 5 73 146 218 122 60 177 101 117 225 140 234 107 67 26 245 40 169 132 48 243 106 63 182 212 229 31 138 189 123 213 58 64 210 29 215 25 9 143 87 14 113 12 186 178 96 50 206 237 119 142 94 160 1 205 238 207 180 214 136 115 135 88 83 168 35 139 125 150 95 16 164 226 103 147 236 198 10 39 77 228 55 175 15 91 221 118 157 170 79 34 89 173
106 199 185 203 254 88 157 130 139 151 207 161 25 27 97 118 1 6 194 112 56 109 235 0 251 141 104 176 19 102 113 246 241 187 201 98 160 120 124 131 174 121 48 13 11 41 182 90 122 214 240 134 197 142 61 156 91 242 108 136 165 245 17 175 68 171 2 231 92 3 192 74 198 138 89 67 163 119 94 162 159 33 143 178 22 16 221 206 148 76 247 123 146 110 65 166 57 224 230 129 184 183 85 244 116 30 253 236 21 153 228 101 39 78 135 155 84 23 117 42 86 35 59 170 93 72 15 28 249 220 14 132 222 82 217 218 47 212 169 215 18 180 4 250 29 193 229 181 150 81 43 51 105 190 237 46 26 133 115 140 77 186 144 114 173 24 211 226 107 8 189 87 54 99 149 152 225 7 100 5 252 64 36 127 49 126 213 209 168 145 223 111 52 191 167 200 248 95 239 96 210 227 188 50 60 164 34 204 10 62 55 195 40 128 202 233 44 66 238 219 125 12 31 234 20 80 255 38 103 179 71 205 32 137 37 79 9 177 45 158 147 83 70 58 208 73 154 75 172 243 196 63 53 232 216 69
245 49 207 231 82 47 43 161 32 30 196 68 255 160 178 223 225 232 133 106 186 157 168 34 244 165 216 57 246 193 109 136 188 52 191 132 94 199 149 179 183 9 159 242 171 148 31 92 56 192 83 227 35 166 145 248 25 241 71 4 5 180 98 26 126 129 55 142 22 3 172 155 215 249 108 67 169 37 217 162 174 211 104 221 96 64 77 220 74 17 70 163 147 238 146 203 10 29 75 234 111 48 201 12 205 151 219 63 21 61 222 212 127 116 69 41 91 236 78 119 243 252 85 8 187 66 124 200 247 156 141 76 228 233 27 105 131 204 114 224 137 112 19 1 198 154 153 101 53 143 113 182 121 254 28 95 73 33 239 175 97 107 51 123 72 173 194 86 122 170 139 210 176 184 209 38 80 100 87 14 45 2 251 0 60 130 237 15 152 229 18 40 20 59 115 213 206 46 62 90 7 50 13 128 120 240 39 181 54 167 16 102 99 134 65 190 185 24 253 110 226 36 144 11 93 250 84 235 189 88 79 117 103 118 177 89 218 42 197 214 202 208 138 23 164 140 195 135 158 125 44 58 150 6 81 230
204 34 178 28 44 100 73 112 242 10 98 46 196 74 227 230 212 43 136 97 3 190 27 65 16 91 201 186 218 101 26 180 122 193 22 255 222 35 183 60 54 82 169 228 229 172 87 61 69 194 48 237 17 41 214 145 205 53 130 249 219 236 128 55 106 70 235 50 146 187 96 12 32 31 135 4 111 165 79 58 185 148 177 123 109 6 119 116 152 158 107 125 139 217 251 23 197 7 20 195 25 192 71 102 247 132 143 216 188 5 199 93 250 47 1 99 220 2 137 127 68 108 245 104 57 131 176 36 105 160 181 37 83 241 233 72 198 153 168 210 232 21 253 24 103 38 156 154 40 120 182 248 95 138 51 207 240 114 121 179 162 226 171 78 159 64 215 141 134 45 252 0 254 49 140 149 225 76 173 94 189 246 184 203 147 142 15 239 85 174 133 33 224 164 86 202 206 90 157 80 56 81 39 19 234 221 13 144 52 62 161 117 8 244 191 124 11 223 151 200 88 208 170 231 243 110 75 211 115 163 113 213 66 129 59 89 18 9 126 238 209 77 167 84 166 155 92 175 150 118 42 30 14 67 63 29
226 157 165 190 19 61 81 68 250 26 238 232 0 41 111 218 251 133 210 254 21 1 40 96 194 187 27 43 71 243 31 249 109 101 221 20 162 35 148 252 83 80 115 46 171 166 5 234 91 207 17 125 247 74 231 65 216 170 69 60 98 84 99 158 70 199 23 178 195 183 189 119 4 145 121 176 116 139 106 25 39 131 242 62 211 30 188 212 63 28 24 142 13 11 177 49 236 141 159 204 206 213 114 87 167 138 149 15 225 146 197 38 227 174 90 117 169 33 172 113 75 180 130 160 164 245 140 223 152 129 12 73 37 173 64 208 16 147 126 229 6 222 52 240 241 161 79 7 107 110 36 123 3 239 153 136 196 230 89 48 150 18 198 143 155 192 85 202 77 45 58 201 55 253 51 144 128 219 127 184 246 10 56 215 92 29 182 248 186 132 200 44 2 42 203 193 108 97 50 22 72 217 59 100 224 233 66 244 168 47 105 181 228 137 122 57 209 214 8 86 112 185 95 205 118 93 255 237 179 135 134 82 34 124 94 163 102 235 9 76 54 14 220 156 78 88 32 104 53 154 175 67 103 151 120 191
160 191 91 133 63 231 99 212 201 137 124 112 7 127 208 129 226 42 250 117 107 31 15 123 253 239 2 53 142 211 184 193 205 6 215 79 81 151 172 55 60 248 166 110 163 34 0 50 195 158 230 73 156 167 45 40 241 255 152 214 174 178 185 228 175 102 67 65 95 236 144 176 13 39 188 251 196 115 210 145 41 162 190 219 44 71 229 122 225 56 30 146 57 246 128 252 192 143 121 217 173 148 216 213 87 197 232 76 70 20 5 202 130 46 177 200 164 119 220 111 23 29 183 238 237 139 43 170 84 52 35 75 207 27 155 93 132 189 209 138 77 171 96 140 89 113 224 147 126 69 82 48 19 68 186 21 136 16 17 101 11 223 14 72 234 58 49 83 247 28 235 204 135 97 105 159 244 36 100 80 187 169 194 131 240 198 168 227 78 10 25 161 62 243 141 108 153 203 206 24 61 154 59 51 118 90 181 103 180 12 8 222 199 22 165 106 245 221 254 47 149 38 150 9 26 242 104 114 218 88 3 64 116 109 249 94 182 1 32 98 120 37 18 179 66 85 33 74 134 54 92 157 233 125 4 86
173 151 217 64 107 20 176 209 83 90 148 131 195 140 47 128 33 184 110 103 14 221 0 223 18 109 118 194 45 142 63 158 215 153 172 116 111 239 208 54 143 102 2 193 133 55 171 175 59 126 49 25 50 8 243 203 190 237 113 21 31 130 86 232 213 160 93 235 192 120 169 57 177 139 200 212 79 44 180 84 132 82 182 35 98 28 58 242 233 95 207 178 46 136 53 135 124 61 144 119 87 11 254 238 36 32 253 3 147 252 13 69 42 81 211 234 67 15 165 43 196 199 181 12 105 66 227 159 251 34 240 60 170 155 187 70 250 149 91 162 246 224 191 4 152 29 23 51 138 197 198 141 56 30 38 163 17 206 241 10 183 114 174 22 99 218 188 205 97 24 75 39 204 19 115 156 65 236 1 255 104 228 80 134 48 27 154 117 146 92 78 230 88 85 121 127 76 94 108 186 220 247 166 231 244 164 249 161 40 71 216 101 112 185 157 229 168 62 219 16 225 68 189 226 106 96 37 77 214 73 26 100 145 5 74 129 150 6 52 210 202 41 167 122 137 179 201 245 222 248 72 7 125 123 9 89
166 132 240 193 159 205 224 72 237 37 157 173 242 77 154 125 33 75 64 175 209 28 94 91 105 21 178 51 150 235 222 226 161 88 55 200 212 171 9 39 218 129 61 46 182 128 219 117 99 54 89 137 30 112 70 80 207 4 66 247 19 231 93 29 138 25 253 246 67 251 122 140 143 245 254 6 45 62 203 35 195 74 34 204 160 227 115 60 130 8 172 158 194 36 238 189 215 192 241 174 65 5 255 98 118 59 116 220 2 152 82 244 144 27 210 233 57 53 100 163 13 148 169 180 202 63 76 243 83 142 141 84 124 155 188 239 133 217 40 184 121 252 26 145 177 22 103 16 96 44 7 131 214 190 0 191 216 134 11 49 102 23 111 31 187 156 38 10 135 199 56 234 151 3 208 176 146 107 165 167 109 15 104 92 232 211 201 181 47 198 136 90 95 17 250 68 186 32 126 197 48 12 164 108 168 149 52 58 119 229 42 249 18 248 43 97 1 221 236 73 196 127 183 41 230 20 106 147 14 110 24 139 123 85 79 71 225 223 206 81 153 78 86 114 228 120 185 69 113 87 162 101 50 179 170 213
251 227 108 102 105 70 140 83 71 226 196 80 191 23 30 76 4 169 116 153 232 244 42 152 150 209 17 16 99 35 1 81 90 240 241 117 195 54 94 207 85 18 123 211 109 157 124 225 183 69 95 27 224 67 48 228 203 218 220 133 208 122 214 75 144 47 29 97 170 242 146 84 201 125 141 249 164 3 131 91 50 14 64 193 156 72 12 130 87 206 236 253 55 162 213 147 237 82 88 234 53 239 49 33 167 111 38 137 36 210 202 120 74 230 6 143 166 118 184 25 229 7 231 204 238 160 139 159 112 107 192 59 163 149 174 119 40 188 250 127 171 5 222 34 63 101 252 79 199 39 115 245 142 181 194 103 58 113 197 57 138 129 100 78 205 179 155 200 185 92 189 128 15 176 165 145 248 216 177 182 154 190 37 215 98 44 62 86 198 106 89 93 233 20 41 51 172 8 151 2 254 0 31 66 247 136 77 243 10 21 11 158 186 235 104 24 32 46 132 26 135 65 61 121 148 219 28 212 9 52 178 68 161 96 221 13 255 56 114 19 73 134 175 126 43 246 223 45 168 187 180 60 217 173 110 22
51 120 228 56 14 13 194 252 144 116 165 136 130 202 214 112 148 176 77 145 199 37 167 193 33 203 27 40 102 137 162 184 75 19 163 41 84 143 247 155 96 83 157 172 152 34 114 133 106 12 160 250 225 108 218 5 227 64 125 109 42 39 204 234 63 107 195 149 201 104 229 210 206 233 138 7 139 88 174 255 57 123 126 140 1 222 95 240 54 216 26 73 180 166 243 147 0 151 251 178 196 93 50 244 86 21 135 11 49 192 182 183 121 68 246 164 219 91 226 70 47 55 78 212 58 10 60 231 191 111 85 179 186 2 22 220 132 169 131 25 146 175 89 200 43 74 59 238 105 129 118 48 65 128 224 124 69 30 156 16 76 189 171 150 119 61 52 232 66 230 208 82 248 198 134 237 213 181 32 24 211 221 254 209 241 98 44 122 127 173 94 245 35 46 97 103 67 239 170 92 159 23 207 28 185 80 45 15 79 100 205 3 142 29 197 153 87 223 9 18 6 62 236 99 101 242 72 20 36 31 249 117 187 235 71 188 53 4 158 141 81 115 154 8 110 38 113 253 190 17 90 177 217 215 168 161
160 205 11 6 223 215 14 79 72 81 234 151 58 172 49 55 83 60 247 248 28 166 235 110 204 163 135 34 97 0 105 50 159 195 244 158 36 230 100 73 80 156 187 167 169 45 194 40 131 241 240 255 198 152 168 214 227 174 78 178 10 185 25 228 161 175 62 102 243 67 141 65 108 95 153 236 203 144 206 176 24 13 61 39 154 188 59 251 51 196 118 115 90 210 181 145 103 41 180 162 12 190 8 219 222 44 199 71 22 229 165 122 106 225 245 56 221 30 254 146 47 57 149 246 38 128 150 252 9 192 26 143 242 121 104 217 114 173 218 148 88 216 3 213 64 87 116 197 109 232 249 76 94 70 182 20 1 5 32 202 98 130 120 46 37 177 18 200 179 164 66 119 85 220 33 111 74 23 134 29 54 183 92 238 157 237 233 139 125 43 4 170 86 84 191 52 91 35 133 75 63 207 231 27 99 155 212 93 201 132 137 189 124 209 112 138 7 77 127 171 208 96 129 140 226 89 42 113 250 224 117 147 107 126 31 69 15 82 123 48 253 19 239 68 2 186 53 21 142 136 211 16 184 17 193 101
214 70 64 92 179 238 239 182 97 71 79 204 58 247 27 51 224 155 215 63 140 4 229 246 138 65 116 80 245 60 156 197 106 22 42 41 145 14 121 175 89 68 195 158 187 133 119 16 129 126 162 168 117 135 149 227 6 33 207 17 30 205 35 202 81 112 2 142 153 226 198 15 209 103 5 57 11 109 230 12 147 137 78 118 255 114 67 141 186 46 115 170 191 47 93 251 243 82 208 163 178 220 242 31 8 34 113 48 166 164 50 130 192 3 105 148 61 217 250 124 131 189 172 236 181 88 169 74 225 151 144 55 7 0 9 59 150 159 235 86 183 104 199 1 194 213 157 152 25 249 95 184 143 43 234 174 96 212 216 100 167 90 66 91 49 29 244 231 23 154 62 72 171 127 18 254 201 134 21 233 161 210 98 218 180 241 253 120 85 221 125 173 123 223 76 139 69 99 28 19 136 248 219 87 177 94 176 165 102 185 160 128 52 40 24 77 73 39 44 188 38 54 110 83 122 252 20 108 56 206 84 237 240 222 53 146 107 13 200 37 75 26 101 211 196 228 111 36 190 132 203 32 10 232 45 193
154 101 120 25 63 9 76 117 42 247 13 233 62 251 180 47 15 136 130 205 10 178 11 187 95 199 5 255 217 209 8 73 66 75 228 145 52 166 43 49 77 54 241 242 22 160 229 104 198 157 129 28 91 0 99 44 153 189 238 152 30 224 94 67 74 150 181 161 163 39 188 34 125 235 234 249 192 146 162 208 221 168 72 172 4 179 19 222 155 169 56 96 237 61 135 59 102 89 147 230 197 138 200 170 18 7 55 33 148 182 53 245 45 190 112 109 84 204 175 139 97 35 174 156 6 184 2 213 216 38 193 65 16 223 159 116 100 219 239 50 215 24 248 140 41 51 143 240 32 122 144 246 3 186 20 137 236 115 98 211 108 167 212 142 82 210 252 207 58 81 110 191 103 226 243 70 88 64 176 14 250 254 26 196 92 124 114 40 31 171 12 194 173 158 60 113 79 214 27 105 68 17 128 23 48 177 86 232 151 231 227 133 119 37 253 164 80 78 185 46 85 29 127 69 57 201 225 21 93 149 206 87 195 126 131 183 118 203 106 132 1 71 121 165 202 90 123 134 220 83 36 107 244 218 111 141
102 35 80 82 89 245 218 43 14 25 146 101 22 73 169 103 50 221 248 45 164 48 244 206 56 6 36 40 121 16 99 28 5 143 204 168 49 195 84 147 23 2 105 137 98 183 116 117 37 210 138 238 241 167 254 134 115 29 12 72 106 220 179 26 149 74 19 31 68 216 78 208 176 189 77 186 129 182 20 4 95 3 60 122 141 187 91 223 160 58 124 62 8 76 175 133 173 79 69 239 228 181 153 203 93 190 231 100 109 197 120 44 178 236 57 104 13 253 188 85 90 139 217 243 61 226 81 249 224 131 113 55 11 10 213 165 255 225 39 233 111 140 207 185 145 96 32 209 219 163 235 184 30 51 198 234 27 251 67 33 41 66 150 192 212 199 126 157 114 108 0 172 242 94 127 9 86 130 152 132 171 227 70 63 158 174 202 119 162 125 240 232 97 151 38 166 24 128 214 211 246 177 47 42 136 110 222 83 148 1 123 205 107 196 92 46 200 191 229 215 230 34 201 75 154 54 71 59 65 250 135 21 252 52 247 15 237 156 170 7 118 193 87 161 64 88 194 159 155 18 144 142 53 180 112 17
46 80 17 126 84 54 113 219 151 166 47 203 129 27 249 39 89 92 165 202 40 200 192 4 231 67 244 66 153 149 108 85 163 51 247 131 107 140 188 35 179 36 150 167 128 245 255 104 229 144 205 2 250 135 235 68 142 173 239 6 178 159 65 207 226 174 215 20 195 233 43 119 11 145 227 77 232 19 204 117 240 98 87 23 10 253 148 13 94 15 112 183 136 3 248 172 156 9 139 125 143 194 28 97 70 79 91 147 101 220 222 37 58 196 201 134 52 251 49 175 0 191 81 44 116 214 42 53 186 181 127 141 38 100 60 64 71 114 61 243 208 206 236 122 30 62 154 180 74 137 82 1 96 31 182 48 76 105 185 212 115 8 111 197 171 32 198 132 14 138 78 29 7 103 59 34 102 99 228 83 118 217 211 161 146 88 16 187 63 86 50 5 106 252 164 170 69 124 123 25 184 56 225 193 176 216 93 168 41 234 18 75 95 24 218 57 237 26 230 254 110 33 12 210 223 189 160 209 72 162 22 157 158 242 152 109 155 213 120 199 190 224 133 169 121 90 21 238 246 45 130 177 241 221 73 55
160 222 179 107 156 44 164 126 187 199 66 31 167 71 119 69 169 22 85 15 45 229 220 82 194 165 33 123 40 122 111 48 131 106 74 253 241 225 23 19 240 245 134 239 255 56 29 68 198 221 54 2 152 30 183 186 168 254 92 53 214 146 238 21 227 47 157 142 174 57 237 136 78 149 233 211 178 246 139 16 10 38 125 184 185 128 43 17 25 150 4 193 228 252 170 101 161 9 86 205 175 192 84 11 62 26 191 6 102 143 52 223 243 242 91 215 67 121 35 14 141 104 133 79 65 217 75 72 108 114 63 81 95 173 207 234 153 218 231 151 236 148 27 58 203 88 99 172 144 216 155 49 206 3 212 55 176 213 93 83 24 64 201 60 13 87 132 247 61 116 137 248 39 197 189 28 154 109 124 166 188 232 209 235 59 249 112 110 251 76 138 204 51 94 7 163 196 70 77 135 118 182 127 34 115 20 171 97 90 1 208 0 210 5 96 105 181 32 129 50 145 202 140 159 103 98 226 195 41 130 89 244 180 120 42 158 162 46 113 36 12 37 250 230 190 177 224 100 8 18 117 73 219 200 147 80
165 193 1 201 120 215 150 46 167 195 224 49 76 234 127 230 61 35 151 62 251 133 2 197 148 126 222 178 153 221 218 92 202 237 81 75 25 10 207 135 51 182 205 169 124 225 116 28 34 188 243 242 144 48 175 89 57 40 80 212 32 160 98 137 194 214 143 82 176 101 145 94 118 229 152 131 74 87 53 24 73 191 26 141 21 22 106 16 228 19 77 239 63 54 88 252 33 240 209 140 102 110 164 249 41 105 85 192 174 199 136 245 203 173 232 83 15 30 166 67 248 146 113 158 208 211 29 66 159 64 56 123 95 186 108 185 17 13 227 204 27 170 111 250 226 4 52 154 43 155 14 31 247 109 119 223 93 8 69 121 114 254 99 187 6 37 103 125 42 23 184 71 90 38 79 139 59 97 162 238 130 9 91 196 96 138 68 236 104 217 206 142 129 117 12 132 213 134 231 47 255 122 112 36 20 128 3 244 7 58 147 216 189 198 210 11 220 84 86 156 177 60 65 253 171 115 168 39 0 55 200 163 235 78 161 172 50 45 246 5 157 219 179 183 190 233 180 107 72 70 100 241 149 181 18 44
111 134 119 43 165 189 178 108 125 188 29 184 129 90 216 76 136 249 231 210 179 121 112 37 126 35 13 142 53 3 194 42 18 241 92 84 16 26 59 14 46 158 104 182 187 233 154 50 95 106 157 163 127 44 230 152 219 83 12 88 245 140 105 75 139 160 10 63 202 89 2 213 147 28 69 78 66 122 41 159 161 47 132 80 96 91 54 177 247 40 131 248 113 64 218 201 141 175 214 68 170 98 173 58 250 77 150 237 22 20 228 221 180 33 116 74 73 254 57 204 176 225 196 190 7 19 172 208 236 137 205 4 97 227 253 93 8 87 100 162 197 222 244 135 79 223 101 144 203 52 215 156 143 217 232 212 94 174 193 166 72 220 55 30 168 23 65 32 124 185 169 102 99 9 39 123 167 255 209 6 164 34 15 11 38 198 67 199 148 234 60 117 183 186 200 61 27 155 45 114 21 86 133 240 226 48 207 0 211 56 238 1 153 110 49 146 81 195 71 109 252 242 243 181 128 51 224 24 151 31 130 107 115 138 17 118 70 120 36 251 171 145 239 246 62 82 25 192 229 191 85 206 235 149 5 103
3 138 229 84 83 98 41 250 11 57 70 17 176 21 108 28 123 71 4 18 160 200 86 165 239 163 206 193 251 79 46 242 49 19 122 111 159 137 252 31 157 94 149 39 216 213 188 53 24 243 201 139 23 5 110 33 106 62 65 142 42 169 120 72 8 220 204 68 88 154 64 128 97 244 145 155 247 89 136 226 248 95 107 35 124 241 85 219 202 60 212 16 61 246 186 59 101 56 162 185 214 40 207 75 92 174 192 168 25 118 99 103 130 45 196 228 218 144 135 20 116 43 22 7 164 217 183 63 131 209 172 121 232 127 152 26 190 81 255 80 76 237 223 141 102 13 184 182 34 150 189 133 231 173 161 50 74 125 197 253 55 191 44 230 235 32 222 52 210 236 105 175 225 14 51 194 227 238 69 187 140 211 93 67 215 245 205 224 129 167 113 180 221 146 96 117 82 166 100 29 151 119 240 234 54 114 27 115 36 199 48 109 104 66 58 112 177 170 179 77 249 156 15 147 153 181 158 90 91 126 9 78 208 47 6 233 132 195 0 203 148 2 38 87 1 134 73 198 171 178 254 30 10 12 143 37
65 70 27 11 130 150 216 126 190 159 51 207 217 54 151 198 33 55 157 169 97 186 48 147 26 9 122 19 78 123 53 248 121 163 118 224 247 21 102 14 137 154 236 254 230 87 180 161 165 192 107 3 35 25 206 197 82 178 105 84 69 226 24 245 125 193 16 234 183 39 189 214 88 252 143 62 142 138 44 30 203 164 75 246 244 96 212 251 195 38 235 223 112 136 187 4 60 117 253 106 37 42 94 29 114 17 43 167 237 32 76 113 1 34 45 131 249 202 18 155 129 22 52 12 31 191 229 175 242 28 208 158 179 144 228 162 91 213 181 47 41 116 176 89 177 98 6 110 171 166 128 120 174 239 232 241 139 56 218 77 209 215 243 220 152 153 188 71 140 15 109 68 40 194 2 0 10 210 64 100 149 63 196 135 5 233 240 61 92 72 74 205 99 200 36 146 145 160 103 57 73 119 132 79 238 83 170 90 185 133 66 80 222 7 148 227 46 225 13 255 58 141 108 49 111 81 184 173 221 199 59 93 219 156 211 101 23 20 250 115 86 50 8 201 85 67 172 95 168 124 127 204 104 231 182 134
243 226 70 204 187 45 197 1 46 231 171 44 86 41 147 170 199 25 192 60 77 159 177 153 10 103 84 88 115 30 181 213 203 129 120 5 101 28 7 247 149 202 168 48 116 194 157 106 217 112 137 11 175 66 240 65 61 222 208 126 87 253 169 167 19 135 174 118 216 158 146 35 59 110 182 238 40 176 29 215 220 17 207 37 195 221 90 160 210 254 36 179 212 223 54 172 125 196 78 52 200 230 190 209 114 152 98 165 206 131 81 102 67 151 85 14 136 104 225 219 39 99 12 100 21 184 33 94 89 51 43 97 162 155 164 62 234 141 255 132 138 166 143 75 76 111 249 63 193 32 246 218 117 180 0 188 133 242 23 72 241 119 58 183 156 163 239 15 250 252 128 22 123 214 69 68 83 26 235 251 42 55 2 161 6 93 13 108 56 244 3 145 185 71 150 224 148 191 178 236 64 31 227 34 4 107 96 144 122 237 16 142 79 134 24 201 198 173 38 9 228 186 124 8 245 95 18 91 47 50 127 27 154 105 57 248 205 189 53 73 139 49 113 82 229 130 140 232 74 121 211 233 80 92 20 109
54 90 190 193 119 206 86 67 236 219 24 58 172 131 233 101 26 226 238 20 168 30 160 128 141 29 138 81 134 227 211 47 210 12 74 93 139 43 175 112 10 76 14 215 28 127 85 125 31 21 191 180 133 105 155 45 142 183 52 61 149 72 251 130 188 9 56 220 205 140 37 42 91 169 195 13 178 33 201 176 83 65 7 218 217 165 117 207 177 246 185 63 92 159 137 97 48 239 161 171 115 187 136 237 3 150 186 234 203 19 240 248 18 102 144 164 151 78 109 66 60 0 124 194 46 79 216 38 82 104 84 123 179 22 15 110 126 154 71 114 77 192 184 49 103 245 118 231 80 166 163 198 129 254 249 88 62 174 35 100 208 75 157 59 148 44 253 152 143 181 167 182 241 153 27 106 6 23 11 17 202 87 228 204 4 199 222 189 108 122 214 70 145 39 113 16 40 146 111 107 225 96 94 5 132 64 224 242 32 34 41 197 170 250 221 232 98 53 229 25 121 55 2 173 200 252 116 255 196 158 8 213 243 247 73 223 51 235 212 95 156 120 1 147 36 99 230 209 57 89 50 135 68 69 244 162
48 102 208 139 107 34 105 219 88 126 218 26 35 164 215 92 223 115 251 194 110 190 2 237 67 45 206 150 250 30 224 51 44 62 238 84 187 200 61 213 52 125 95 220 14 24 122 23 75 221 41 6 87 37 106 70 209 121 119 15 174 99 39 177 55 66 124 3 214 134 36 163 7 27 170 59 212 159 201 240 57 153 91 233 165 181 231 144 228 13 242 96 158 72 60 0 188 73 32 98 117 16 104 148 108 186 43 239 225 160 192 248 82 168 94 69 53 38 146 175 176 147 100 17 11 81 198 193 183 116 64 33 10 140 101 90 254 58 236 28 191 244 226 47 19 49 167 246 249 152 207 241 217 229 89 114 141 93 203 83 129 63 156 184 113 80 230 18 166 227 20 232 162 154 135 132 128 205 204 68 133 169 4 8 22 79 25 185 127 149 136 46 143 245 182 50 199 31 85 189 172 195 77 1 211 111 171 179 86 131 42 155 109 130 252 180 197 234 12 138 145 103 54 118 40 210 76 78 173 9 120 65 71 178 97 112 74 157 123 243 56 29 202 151 142 247 137 161 235 21 255 5 196 222 253 216
3 95 35 241 219 60 16 246 59 56 185 40 75 174 168 118 103 45 228 144 20 43 7 217 63 209 121 127 26 81 80 237 141 13 182 150 133 173 50 125 253 191 230 32 52 236 175 14 194 238 187 211 67 245 224 167 180 146 117 166 29 119 234 114 115 199 109 66 112 170 77 156 147 181 90 126 78 47 233 195 203 2 87 134 198 178 30 12 37 229 83 41 11 70 176 108 123 4 160 86 239 206 251 46 49 122 159 252 157 149 216 188 24 201 23 110 106 65 42 120 8 204 88 64 97 145 247 136 248 107 124 85 202 212 61 186 101 162 214 207 92 192 25 99 130 196 218 135 116 22 164 183 131 172 232 152 190 255 76 223 102 184 34 189 231 161 74 197 55 44 235 222 210 105 225 51 227 69 140 93 215 205 129 113 221 96 82 100 151 240 54 27 36 48 104 58 177 179 249 15 153 158 91 9 208 6 132 0 148 38 1 73 171 254 10 143 138 84 98 250 57 17 21 28 71 18 200 165 163 193 79 242 19 111 137 31 94 39 213 53 243 139 5 33 62 142 169 72 220 68 154 128 244 155 89 226
97 225 149 60 247 232 113 59 150 48 30 240 20 68 216 43 1 11 138 190 252 178 205 162 24 215 69 211 184 177 253 182 53 71 74 176 185 192 231 248 134 221 126 5 220 135 91 158 46 246 61 194 103 89 125 222 169 120 146 123 172 105 251 191 186 29 49 245 47 151 188 83 13 175 75 213 141 164 243 239 31 94 199 79 100 111 133 249 7 174 14 73 72 15 55 86 119 170 64 148 226 115 52 183 212 76 108 208 34 202 27 230 193 62 145 121 0 122 147 65 197 235 33 209 42 217 118 87 224 196 66 130 242 165 82 189 139 107 77 38 96 98 40 201 35 23 163 142 132 112 233 129 67 21 26 203 181 254 117 218 57 128 234 198 95 39 99 80 238 244 50 160 228 180 204 179 229 28 187 152 167 4 127 58 114 227 161 206 37 78 200 41 210 70 54 16 10 2 156 154 137 12 84 9 17 45 159 51 116 255 44 18 93 32 236 110 101 144 63 171 124 90 136 155 3 168 223 88 104 173 8 85 56 219 6 250 106 140 214 25 22 36 207 109 237 81 166 153 157 92 19 241 131 143 102 195
248 166 98 113 249 150 76 229 196 241 36 39 112 149 242 147 139 206 178 14 191 13 100 96 55 32 110 253 194 78 54 87 135 237 126 238 97 114 75 192 202 51 176 91 152 204 197 82 182 15 89 120 186 208 125 106 12 154 173 121 162 222 142 180 245 66 213 92 174 24 179 221 151 64 187 45 34 225 212 200 95 215 41 217 59 130 83 205 195 119 103 211 86 72 90 141 230 44 17 26 38 94 48 167 169 239 5 143 148 81 254 198 251 122 0 138 28 246 63 161 244 255 133 128 74 88 240 47 7 11 18 61 8 190 155 153 183 69 232 9 101 127 21 84 29 203 43 233 129 250 23 52 132 159 62 210 58 144 118 234 145 79 216 85 25 231 209 50 6 236 49 46 175 30 65 164 158 108 93 35 218 134 10 33 252 207 53 199 111 117 16 71 70 227 131 3 172 140 123 163 40 115 243 181 220 22 42 226 165 4 184 228 177 201 57 235 214 157 170 136 107 156 19 109 224 104 105 189 99 56 102 160 67 146 137 171 80 116 68 37 223 185 193 247 77 124 188 168 20 2 27 219 73 31 1 60
149 151 60 45 235 132 137 186 9 35 108 18 128 41 16 178 160 102 58 57 5 212 47 17 86 25 158 187 254 232 192 143 79 1 11 210 27 231 77 98 245 26 74 43 114 80 88 113 197 239 4 246 173 204 161 155 0 219 34 141 174 56 133 177 199 179 218 19 117 110 205 221 249 166 209 172 32 24 144 198 85 213 71 175 6 3 38 224 94 89 183 157 14 130 195 48 170 252 154 243 139 93 247 238 21 7 22 81 248 122 201 101 118 106 112 42 182 68 44 99 39 62 29 203 217 54 165 240 134 208 111 135 241 206 202 65 191 189 100 227 159 64 82 127 129 136 37 10 90 61 72 193 148 69 120 216 150 97 13 40 92 211 95 36 253 103 53 83 87 168 63 146 75 52 190 251 215 96 242 131 194 70 49 152 184 145 230 163 164 84 2 185 30 33 214 46 181 162 76 59 119 153 12 226 73 196 121 66 78 115 8 125 255 223 236 124 233 176 229 67 51 142 50 107 169 188 234 138 15 207 105 171 109 55 123 222 180 220 126 116 31 20 228 200 250 140 237 23 147 156 244 167 91 225 28 104
246 73 123 177 81 46 61 153 21 207 8 121 55 100 186 227 94 190 104 219 203 165 159 151 50 48 31 161 233 158 166 194 53 200 10 149 193 167 242 181 130 4 250 38 212 65 18 239 30 49 152 62 117 237 253 67 157 234 205 113 155 144 255 34 108 174 171 185 101 3 131 230 60 47 51 241 168 135 25 37 251 89 119 43 209 141 126 7 208 44 197 179 134 169 217 110 192 150 160 32 84 146 72 99 56 173 109 218 105 78 71 147 76 202 220 223 70 79 86 125 142 28 115 20 154 114 29 240 52 195 140 210 88 252 238 19 116 63 14 40 17 66 254 145 85 80 178 198 139 196 45 82 232 162 69 224 107 35 58 137 133 180 243 93 228 249 5 27 143 156 68 163 222 221 164 204 235 13 64 213 42 120 9 201 77 106 225 2 102 183 96 176 124 87 211 39 15 0 16 41 214 91 129 182 103 191 111 12 236 118 90 215 24 136 59 231 83 33 1 226 187 245 247 189 95 184 172 57 36 26 6 127 23 216 170 175 97 75 148 11 112 206 22 128 92 244 188 248 229 132 138 199 54 122 74 98
229 224 26 162 15 201 206 3 193 23 181 207 76 146 196 240 22 165 198 209 40 158 111 182 64 38 186 216 176 195 100 138 84 151 192 117 67 88 53 137 71 255 122 90 211 205 25 85 253 86 7 170 19 80 75 37 29 83 148 141 150 48 220 127 241 118 124 152 129 61 62 97 235 49 179 18 232 204 103 166 0 174 119 228 9 58 227 105 44 169 142 149 225 1 236 238 114 8 109 200 55 54 69 12 221 237 28 41 243 147 247 79 254 94 42 230 244 131 171 57 136 210 134 177 164 222 50 17 213 20 245 93 82 130 108 223 2 128 65 120 10 187 184 159 24 250 214 172 110 249 231 81 4 77 33 36 113 13 140 91 43 234 191 175 39 59 125 35 99 68 215 116 126 218 60 107 197 219 66 78 6 95 212 56 190 173 31 183 242 32 217 157 30 72 27 133 156 185 11 178 46 63 145 163 139 251 89 70 74 101 16 167 199 189 115 106 246 87 14 248 233 135 188 154 34 102 180 143 92 203 98 123 252 161 52 226 51 47 208 194 112 73 239 155 153 5 121 160 104 202 144 132 21 45 96 168
171 208 57 40 63 200 124 79 234 39 47 209 254 165 23 232 253 120 48 65 102 135 6 13 226 177 241 163 78 199 201 41 132 243 188 194 46 220 235 197 25 246 111 179 152 70 19 10 115 5 29 103 144 123 128 64 90 121 84 225 76 7 230 157 228 87 211 249 86 149 158 32 83 215 91 238 119 62 233 58 125 105 190 168 74 18 118 153 92 174 167 185 106 207 55 68 184 81 175 248 218 88 137 147 245 146 198 89 164 129 210 160 229 193 77 244 242 138 42 222 162 45 178 189 247 126 82 2 159 31 130 150 38 182 80 27 69 108 180 21 214 101 33 49 99 12 96 136 110 219 26 195 183 0 56 196 155 221 240 139 227 16 231 54 166 107 93 28 60 116 205 36 217 192 176 161 14 43 44 15 223 140 134 204 66 61 51 239 187 156 133 8 224 213 122 181 104 151 59 112 94 170 142 172 35 114 117 20 75 109 85 97 212 237 9 216 71 206 252 186 24 52 236 203 98 141 34 95 143 100 30 22 3 255 251 73 72 191 1 37 127 131 145 202 148 53 250 17 4 169 11 113 50 173 67 154
0 95 103 111 119 127 135 143 151 159 167 175 183 191 199 207 215 223 231 239 247 255 8 16 24 32 40 48 56 64 72 80 88 96 104 112 120 128 136 144 152 160 168 176 184 192 200 208 216 224 232 240 248 1 9 17 25 33 41 49 57 65 73 81 89 97 105 113 121 129 137 145 153 161 169 177 185 193 201 209 217 225 233 241 249 2 10 18 26 34 42 50 58 66 74 82 90 98 106 114 122 130 138 146 154 162 170 178 186 194 202 210 218 226 234 242 250 3 11 19 27 35 43 51 59 67 75 83 91 99 107 115 123 131 139 147 155 163 171 179 187 195 203 211 219 227 235 243 251 4 12 20 28 36 44 52 60 68 76 84 92 100 108 116 124 132 140 148 156 164 172 180 188 196 204 212 220 228 236 244 252 5 13 21 29 37 45 53 61 69 77 85 93 101 109 117 125 133 141 149 157 165 173 181 189 197 205 213 221 229 237 245 253 6 14 22 30 38 46 54 62 70 78 86 94 102 110 118 126 134 142 150 158 166 174 182 190 198 206 214 222 230 238 246 254 7 15 23 31 39 47 55 63 71 79 87
94 9 6 42 48 252 15 29 107 141 168 87 152 165 85 170 82 216 247 137 22 33 106 78 150 89 238 140 192 146 244 110 147 27 17 213 253 135 249 202 21 66 181 250 50 71 182 228 131 123 217 88 43 58 100 122 166 143 169 248 183 46 44 185 10 72 138 240 28 196 97 130 4 11 69 52 116 61 223 49 209 105 31 24 190 142 0 144 194 30 39 115 221 63 239 79 136 74 93 37 32 160 129 230 64 23 178 114 54 231 92 96 235 47 225 201 226 184 164 124 111 158 34 197 207 51 7 153 134 81 14 156 113 41 90 233 98 60 121 133 255 220 101 5 53 3 103 211 19 204 234 163 154 16 128 99 222 57 229 56 45 237 65 40 8 187 175 159 212 208 174 179 68 173 189 245 218 2 132 155 243 191 86 219 117 120 102 188 26 242 148 80 172 210 161 236 91 76 108 246 171 70 12 83 167 145 112 180 73 205 199 227 59 118 119 62 232 206 214 84 193 127 162 186 104 35 95 198 20 139 109 126 18 200 251 215 125 195 36 77 241 157 177 176 25 149 1 55 224 203 75 38 67 13 254 151
252 138 144 205 60 128 80 104 79 129 183 87 52 67 159 27 213 14 127 61 106 192 233 100 196 110 225 209 171 165 157 56 54 37 167 239 164 172 200 59 206 16 155 199 173 248 187 136 10 1 44 218 71 24 245 36 55 158 68 123 243 4 73 163 240 211 119 161 150 6 40 114 180 177 191 107 9 137 236 66 53 57 247 174 141 31 43 2 95 125 49 215 147 132 13 214 50 203 185 140 175 223 116 198 156 166 38 90 152 78 105 62 179 115 224 111 84 77 153 82 208 226 229 76 85 92 131 148 34 121 26 160 120 35 246 58 201 146 216 94 3 244 25 122 69 20 46 23 72 5 151 91 86 184 204 145 202 51 88 238 168 75 230 113 41 64 143 139 186 249 99 234 255 11 33 149 162 74 169 228 227 170 210 241 19 70 219 48 126 15 207 83 112 231 8 108 189 102 182 130 93 217 45 21 0 22 47 220 97 135 188 109 197 117 18 242 124 96 221 30 142 65 237 89 39 7 232 193 251 253 195 101 190 178 63 42 32 12 133 29 222 176 181 103 81 154 17 118 212 28 134 98 250 194 254 235
140 214 198 131 128 38 68 152 196 29 238 35 193 63 44 40 67 227 96 228 177 8 89 146 212 215 229 90 56 184 74 143 50 115 162 14 255 77 236 0 240 85 12 30 182 139 78 175 110 224 100 138 26 16 17 210 157 80 253 53 180 60 159 136 144 167 46 147 99 149 65 25 200 174 13 20 91 111 54 221 3 220 114 235 9 178 34 132 163 148 72 194 218 207 137 154 217 58 213 158 119 245 105 165 23 5 239 208 150 141 66 155 64 42 171 82 32 223 71 47 15 121 113 45 55 88 43 75 187 133 211 216 7 183 79 124 135 186 192 156 73 4 181 248 112 41 117 19 169 134 104 168 189 39 92 231 118 31 242 176 57 98 107 95 151 70 188 190 76 161 109 125 120 83 206 21 69 160 22 142 93 247 230 170 204 243 97 199 127 202 87 24 106 179 11 51 49 2 250 209 62 145 103 102 28 86 233 205 254 225 219 36 48 201 237 10 166 234 33 126 1 27 122 37 116 129 191 226 251 18 164 108 252 130 173 232 81 244 185 172 246 6 241 123 203 222 195 101 249 84 59 197 52 94 61 153
177 226 241 203 31 252 117 185 158 76 25 16 121 11 35 109 150 129 134 70 96 127 90 231 82 13 236 163 234 93 217 255 92 155 164 38 89 221 97 244 125 68 239 64 131 111 196 174 80 24 124 159 98 180 173 191 112 213 61 74 190 87 181 254 224 94 143 153 251 152 204 95 170 135 216 166 235 199 83 250 248 144 48 228 168 51 184 195 253 132 88 8 165 37 136 156 44 188 86 33 75 114 186 27 220 107 39 55 105 18 102 142 116 225 32 201 189 0 62 202 161 227 246 145 233 22 237 60 172 113 99 34 66 122 211 42 223 198 182 167 20 49 50 21 229 146 140 210 72 67 57 245 193 162 139 14 230 219 128 187 110 157 65 118 100 176 148 178 41 120 123 26 81 115 91 103 218 243 15 222 77 212 3 192 30 58 242 209 104 147 40 101 149 106 36 28 9 6 2 79 78 197 7 43 133 137 151 208 154 59 1 23 10 175 17 119 56 179 73 160 214 63 46 69 206 130 85 240 45 53 215 5 171 29 238 4 126 54 71 108 141 12 19 232 183 247 169 84 205 207 47 138 249 194 200 52
173 168 62 219 16 225 68 189 226 106 96 37 77 214 73 26 100 145 5 74 129 150 6 52 210 202 41 167 122 137 179 201 245 222 248 72 7 125 123 9 89 151 217 64 107 20 176 209 83 90 148 131 195 140 47 128 33 184 110 103 14 221 0 223 18 109 118 194 45 142 63 158 215 153 172 116 111 239 208 54 143 102 2 193 133 55 171 175 59 126 49 25 50 8 243 203 190 237 113 21 31 130 86 232 213 160 93 235 192 120 169 57 177 139 200 212 79 44 180 84 132 82 182 35 98 28 58 242 233 95 207 178 46 136 53 135 124 61 144 119 87 11 254 238 36 32 253 3 147 252 13 69 42 81 211 234 67 15 165 43 196 199 181 12 105 66 227 159 251 34 240 60 170 155 187 70 250 149 91 162 246 224 191 4 152 29 23 51 138 197 198 141 56 30 38 163 17 206 241 10 183 114 174 22 99 218 188 205 97 24 75 39 204 19 115 156 65 236 1 255 104 228 80 134 48 27 154 117 146 92 78 230 88 85 121 127 76 94 108 186 220 247 166 231 244 164 249 161 40 71 216 101 112 185 157 229
125 181 225 185 8 120 61 47 237 14 70 159 245 171 146 130 115 223 252 253 224 177 94 88 158 20 15 5 193 141 110 87 217 178 167 76 135 58 105 13 66 48 124 96 126 244 68 71 229 29 63 39 51 166 191 218 170 25 160 206 140 233 6 190 157 52 95 243 49 97 54 239 231 212 209 205 27 26 145 210 246 81 85 99 156 102 7 204 226 213 123 220 67 4 127 21 108 162 11 249 17 154 78 33 188 248 1 163 208 119 232 186 207 74 2 19 56 89 215 222 180 131 195 117 32 153 155 250 86 197 142 148 255 174 189 151 234 200 65 133 106 24 228 219 69 214 238 57 98 77 82 18 44 75 38 179 30 216 184 111 182 41 165 203 40 103 112 241 37 169 45 192 73 16 187 12 79 59 144 122 28 227 72 107 46 128 121 139 60 161 9 22 138 35 129 202 172 42 91 101 199 100 152 43 118 83 164 114 183 147 31 198 196 92 251 176 116 254 132 143 201 80 36 211 113 240 84 104 247 136 34 236 23 62 134 230 168 55 242 3 53 221 50 90 64 173 235 149 137 0 10 150 109 175 194 93
75 50 97 204 190 12 171 0 175 20 202 220 117 74 13 110 45 159 35 73 216 206 207 145 92 15 188 243 115 250 94 71 79 102 236 82 34 84 255 215 135 109 203 210 26 46 244 156 193 155 49 170 199 113 224 67 98 83 7 129 153 142 72 89 152 248 148 93 54 180 40 100 213 195 174 143 85 76 1 90 254 232 106 17 222 158 6 237 205 56 48 235 245 23 233 10 122 68 146 151 197 118 14 59 70 121 127 91 8 194 116 183 47 231 52 209 104 69 39 103 124 229 27 166 53 221 177 111 247 33 42 30 86 5 123 125 11 96 44 60 55 18 141 211 4 95 212 77 28 182 165 105 139 178 32 134 62 137 22 214 41 114 201 241 239 192 185 144 252 80 38 37 218 21 168 140 189 160 154 226 238 136 172 200 101 169 223 61 191 217 57 227 51 64 126 161 186 208 99 43 187 65 108 167 16 179 120 107 181 196 176 58 138 157 130 36 184 19 249 132 242 29 251 88 149 133 66 63 228 3 87 131 219 173 225 128 253 234 230 2 162 31 163 112 198 24 81 147 150 164 25 246 119 9 78 240
119 15 105 205 211 102 176 107 172 156 35 234 161 5 159 78 70 243 197 98 129 11 34 241 52 148 97 130 99 72 106 28 7 27 235 230 60 182 31 17 42 242 163 56 118 250 39 128 90 157 186 224 120 202 67 162 238 113 10 49 62 226 181 236 65 180 6 252 223 201 73 47 23 68 53 215 57 251 138 44 33 13 116 84 45 50 22 58 160 83 221 167 185 209 66 229 212 216 101 143 164 174 40 131 19 125 122 0 154 189 115 4 200 111 133 144 134 26 54 103 227 147 155 169 255 149 3 188 184 244 16 87 151 80 132 175 46 191 29 219 89 136 123 179 237 142 196 2 43 249 166 114 91 168 36 55 48 183 85 41 233 145 95 231 225 228 193 8 206 194 94 64 203 59 146 153 199 127 37 239 21 100 112 165 20 18 77 140 139 222 158 124 204 213 108 109 240 63 177 217 75 208 141 246 79 232 25 247 93 51 192 218 150 92 190 171 96 71 86 88 1 76 245 82 198 12 170 152 220 38 110 14 207 69 248 9 117 32 126 254 214 173 137 187 61 24 195 135 253 210 74 104 121 178 30 81
171 241 56 163 196 78 155 199 221 201 240 41 139 132 227 243 16 188 231 194 54 46 166 220 107 235 93 197 28 25 60 246 116 111 205 179 36 152 217 70 192 19 176 10 161 115 14 5 43 29 44 103 15 144 223 123 140 128 134 64 204 90 66 121 61 84 51 225 239 76 187 7 156 230 133 157 8 228 224 87 213 211 122 249 181 86 104 149 151 158 59 32 112 83 94 215 170 91 142 238 172 119 35 62 114 233 117 58 20 125 75 105 109 190 85 168 97 74 212 18 237 118 9 153 216 92 71 174 206 167 252 185 186 106 24 207 52 55 236 68 203 184 98 81 141 175 34 248 95 218 143 88 100 137 30 147 22 245 3 146 255 198 251 89 73 164 72 129 191 210 1 160 37 229 127 193 131 77 145 244 202 242 148 138 53 42 250 222 17 162 4 45 169 178 11 189 113 247 50 126 173 82 67 2 154 159 208 31 57 130 40 150 63 38 200 182 124 80 79 27 234 69 39 108 47 180 209 21 254 214 165 101 23 33 232 49 253 99 120 12 48 96 65 136 102 110 135 219 6 26 13 195 226 183 177 0
192 222 76 6 2 62 89 160 224 153 205 248 119 9 102 37 162 209 196 252 55 215 14 75 116 67 239 187 164 241 109 128 121 1 158 114 51 218 168 49 43 46 11 81 24 12 167 137 21 132 219 226 17 200 110 57 94 173 185 238 93 91 150 213 212 40 231 197 22 31 181 182 58 136 250 35 148 26 214 64 152 50 98 65 166 124 10 36 223 165 8 244 169 144 159 161 74 149 63 155 16 85 243 225 38 111 183 87 25 142 66 82 190 105 199 72 32 246 210 5 134 97 13 208 71 28 147 177 194 251 103 154 88 178 23 29 175 249 180 245 229 108 52 234 78 232 151 143 61 15 171 202 84 107 59 125 221 170 203 172 145 179 101 80 100 53 48 133 255 104 90 115 60 236 129 191 68 112 201 163 230 4 42 193 20 140 235 56 186 83 122 135 44 254 54 138 253 79 70 41 19 146 120 96 141 126 33 130 69 211 117 106 86 189 157 118 123 95 131 233 156 39 240 3 27 139 47 30 34 174 216 237 247 113 204 92 198 195 0 227 7 188 77 18 184 206 217 207 99 127 176 45 220 228 242 73
189 215 165 46 40 43 8 78 21 9 164 134 18 129 216 223 14 197 107 54 91 170 182 235 90 88 147 210 209 37 228 194 19 28 178 179 55 133 247 32 145 23 211 61 149 47 95 62 163 121 7 33 220 162 5 241 166 141 156 158 71 146 60 152 13 82 240 222 35 108 180 84 22 139 63 79 187 102 196 69 29 243 207 2 131 94 10 205 68 25 144 174 191 248 100 151 85 175 20 26 172 246 177 242 226 105 49 231 75 229 148 140 58 12 168 199 81 104 56 122 218 167 200 169 142 176 98 77 97 50 45 130 252 101 87 112 57 233 126 188 65 109 198 160 227 1 39 190 17 137 232 53 183 80 119 132 41 251 51 135 250 76 67 38 16 143 117 93 138 123 30 127 66 208 114 103 83 186 154 115 120 92 128 230 153 36 237 255 24 136 44 27 31 171 213 234 244 110 201 89 195 192 0 224 4 185 74 15 181 203 214 204 96 124 173 42 217 225 239 70 219 73 3 254 59 86 157 221 150 202 245 116 6 99 34 159 206 193 249 52 212 11 72 113 64 236 184 161 238 106 125 118 253 155 111 48
191 152 66 45 172 135 164 110 96 248 106 103 139 145 94 112 126 204 238 10 184 249 7 182 12 179 58 89 234 119 130 203 175 247 186 80 237 34 243 86 207 244 124 114 55 95 232 91 44 118 163 23 92 147 168 24 70 228 220 59 185 140 155 197 219 8 240 11 90 25 143 141 27 107 169 235 82 125 38 194 227 101 108 166 149 213 158 65 146 51 202 128 121 32 239 0 241 36 127 136 212 63 160 81 176 233 171 190 134 129 2 226 72 161 120 20 211 151 73 189 193 77 144 67 43 68 26 6 221 208 255 131 39 49 148 104 250 231 178 111 253 210 138 187 75 195 157 218 230 97 62 198 102 150 100 200 53 116 46 76 5 251 113 225 196 64 154 71 153 142 79 162 137 105 29 17 1 54 50 16 21 165 15 31 87 60 99 229 252 85 33 183 61 214 217 199 30 123 84 245 177 14 52 3 78 188 173 205 88 13 167 109 180 9 242 209 22 170 47 41 69 156 215 216 159 74 48 56 181 35 224 4 28 201 132 192 40 117 236 206 223 115 42 93 57 222 37 133 174 83 254 19 18 122 246 98
101 86 81 44 167 237 30 121 238 103 54 208 191 131 165 204 58 160 88 163 48 240 67 140 227 12 10 218 211 170 23 106 64 63 244 47 194 166 215 186 180 252 9 162 198 226 127 195 249 87 217 243 83 253 77 90 152 187 212 234 125 69 213 91 134 193 42 205 146 133 207 222 202 84 164 183 156 62 210 45 20 158 13 55 22 114 175 159 92 89 254 29 113 157 245 199 251 154 24 5 1 28 188 57 189 138 224 50 107 173 176 190 51 17 145 35 104 11 76 123 230 216 38 197 0 201 46 228 246 143 100 39 136 71 185 61 99 242 232 233 171 118 41 214 14 141 21 120 97 105 128 7 108 60 110 26 241 161 135 229 236 52 72 15 182 219 181 75 196 225 139 250 93 124 109 33 155 179 168 98 115 178 19 174 119 80 206 66 126 239 221 200 169 111 102 27 116 25 3 132 43 248 184 32 8 231 82 74 6 16 49 4 36 148 94 172 177 223 144 40 85 96 147 153 117 34 220 142 209 73 2 78 235 130 95 65 129 150 255 53 192 79 247 203 137 18 59 68 56 112 31 149 151 37 122 70
180 159 47 191 89 36 78 117 189 30 223 110 42 58 108 21 105 145 119 228 35 204 192 0 65 205 164 230 249 148 236 25 240 63 175 116 102 37 69 125 214 45 226 201 185 170 23 52 53 24 232 149 143 213 75 70 60 248 196 165 142 17 233 222 131 190 113 160 68 121 103 179 151 181 44 123 126 29 84 118 94 106 221 246 18 225 80 215 6 195 33 61 245 212 107 150 43 104 152 109 39 31 12 9 5 82 81 200 10 46 136 140 154 211 157 62 4 26 13 178 20 122 59 182 76 163 217 66 49 72 209 133 88 243 48 56 218 8 174 32 241 7 129 57 74 111 144 15 22 235 186 250 172 87 208 210 50 141 252 197 203 55 229 244 206 34 255 120 188 161 79 28 19 124 14 38 112 153 132 137 73 99 130 93 234 85 16 239 166 237 96 220 3 95 158 167 41 92 224 100 247 128 71 242 67 134 114 199 177 83 27 127 162 101 183 176 194 115 216 64 77 193 90 184 2 227 97 146 156 254 155 207 98 173 138 219 169 238 202 86 253 251 147 51 231 171 54 187 198 1 135 91 11 168 40 139
193 160 148 204 123 241 243 129 214 162 178 173 136 4 74 122 213 75 195 146 45 28 223 2 41 150 252 180 255 140 77 159 232 64 104 102 55 48 7 115 198 156 155 81 139 31 3 52 23 17 89 101 254 35 63 219 32 86 179 54 80 175 90 169 182 244 24 49 71 217 161 50 183 226 30 134 42 238 225 44 59 39 176 1 20 248 154 47 137 112 250 105 147 114 206 12 251 184 181 91 121 205 249 82 36 88 246 116 97 93 120 25 149 26 230 61 142 199 10 13 27 143 109 237 127 196 103 168 215 67 53 130 34 0 38 138 65 83 235 192 131 228 163 22 153 191 79 69 70 8 210 133 51 106 233 113 212 189 197 220 99 200 152 202 118 78 253 227 66 73 144 164 107 19 56 18 167 33 62 231 87 185 216 201 125 247 16 5 190 207 15 111 11 211 172 43 158 218 76 58 37 6 203 194 119 208 117 95 224 135 85 21 124 100 68 174 166 98 108 141 96 128 240 186 9 14 60 236 132 177 188 239 245 209 126 57 234 46 165 94 170 72 222 187 157 221 242 92 145 29 171 84 40 229 110 151
106 91 198 148 116 86 47 105 107 49 210 44 32 172 151 141 121 242 138 76 30 35 212 190 8 126 227 66 137 243 207 104 48 108 89 247 253 59 169 237 189 213 188 238 37 196 161 176 13 136 67 123 236 170 215 46 87 209 50 219 79 63 25 19 11 165 163 146 21 93 18 26 54 168 60 125 9 53 27 102 41 245 119 110 153 72 180 133 99 145 164 12 177 232 97 113 182 17 94 65 228 15 4 115 149 223 34 31 45 216 118 246 90 175 162 166 101 28 250 140 152 111 204 234 158 69 1 241 122 68 159 57 39 249 29 77 225 52 10 20 147 199 6 187 214 171 33 224 78 220 193 186 7 191 62 80 83 185 194 201 240 2 143 230 135 14 229 144 100 167 55 255 70 203 112 98 134 231 178 129 155 132 181 114 5 200 195 38 58 254 56 160 197 92 22 184 84 222 150 173 252 248 40 103 208 88 109 120 142 3 16 183 23 82 81 24 64 95 128 179 73 157 235 124 61 192 221 85 117 217 43 211 36 239 202 71 154 130 0 131 156 74 206 244 42 218 51 226 127 96 233 205 75 139 251 174
10 53 193 204 22 249 66 5 154 56 108 62 160 26 63 198 188 129 169 51 165 118 192 237 97 166 221 242 98 144 47 39 133 4 214 229 16 38 82 59 85 164 99 217 215 101 181 243 54 156 199 112 13 46 175 182 240 223 32 232 139 220 125 21 202 195 106 58 0 60 110 201 210 31 137 234 155 250 52 245 9 208 203 76 45 146 235 194 94 30 225 147 8 12 151 218 141 117 142 100 80 40 27 74 205 113 123 222 178 69 50 252 185 72 29 212 6 149 14 231 37 49 171 136 17 176 224 174 19 127 190 120 150 79 70 187 44 15 138 228 145 227 216 153 236 211 179 103 91 75 128 124 90 95 239 89 105 161 134 173 48 71 159 107 2 135 33 36 18 104 197 158 64 251 88 126 77 152 7 247 24 162 87 241 183 254 83 61 28 96 244 121 115 143 230 34 35 233 148 122 130 255 109 43 78 102 20 206 11 114 191 55 25 42 189 116 167 131 41 111 207 248 157 73 93 92 196 65 172 226 140 119 246 209 238 184 170 67 180 177 213 219 168 186 200 23 57 84 3 68 81 1 86 253 132 163
6 123 67 139 88 189 210 102 138 186 155 226 192 200 225 54 96 116 103 30 61 18 12 0 76 146 253 31 168 245 34 56 36 75 131 229 222 62 78 106 23 66 29 144 136 1 55 197 70 183 32 118 115 150 81 206 201 40 14 126 242 52 160 27 109 11 100 251 205 104 95 133 119 134 193 105 234 58 213 230 218 224 154 39 180 156 211 151 174 141 60 74 166 22 97 246 65 223 247 98 63 59 177 48 46 212 84 16 176 194 239 241 248 149 122 202 173 184 50 5 181 232 73 7 209 125 152 204 68 207 148 110 215 165 195 199 25 175 3 187 164 47 108 72 208 99 243 51 182 161 9 41 2 87 20 21 196 114 42 142 145 71 158 38 19 188 171 231 10 124 83 185 53 233 178 190 227 120 237 112 80 93 236 90 33 86 179 163 254 162 219 26 45 91 250 127 64 217 28 221 167 235 79 37 77 238 228 143 132 85 57 107 252 94 135 4 13 101 24 203 82 140 216 8 172 157 92 244 249 43 121 147 220 130 240 153 128 35 17 214 170 169 117 69 159 129 198 137 15 44 111 89 49 255 191 113
169 87 162 127 208 158 227 191 75 242 240 136 40 220 160 43 176 187 245 124 80 255 157 29 128 148 36 180 78 25 67 106 178 19 212 99 31 47 97 10 94 134 108 217 24 193 181 0 54 194 153 219 238 137 225 14 229 52 164 105 91 26 58 114 203 34 215 190 174 159 12 41 42 13 221 138 132 202 64 59 49 237 185 154 131 6 222 211 120 179 102 149 57 110 92 168 140 170 33 112 115 18 73 107 83 95 210 235 7 214 69 204 250 184 22 50 234 201 96 139 32 93 141 98 28 20 1 253 249 71 70 189 254 35 125 129 143 200 146 51 248 15 2 167 9 111 48 171 65 152 206 55 38 61 198 122 77 232 37 45 207 252 163 21 230 251 118 46 63 100 133 4 11 224 175 239 161 76 197 199 39 130 241 186 192 44 218 233 195 23 244 109 177 150 68 17 8 113 3 27 101 142 121 126 62 88 119 82 223 74 5 228 155 226 85 209 247 84 147 156 30 81 213 89 236 117 60 231 56 123 103 188 166 72 16 116 151 90 172 165 183 104 205 53 66 182 79 173 246 216 86 135 145 243 144 196
121 206 110 242 179 77 143 81 27 95 194 152 192 98 88 3 247 200 172 222 112 209 250 119 128 216 139 63 197 255 76 123 32 17 207 104 109 158 236 7 80 245 100 13 243 150 132 74 30 29 232 184 19 244 58 252 130 159 226 204 164 115 51 228 238 182 254 203 49 70 217 253 46 15 86 52 60 85 169 211 231 218 145 176 133 127 0 191 6 113 146 28 105 149 171 151 190 246 89 82 177 193 221 138 181 144 4 251 116 170 57 185 43 147 233 230 10 196 66 61 155 129 241 102 167 20 142 224 126 215 111 65 219 210 248 234 249 53 220 94 173 73 90 78 84 14 154 40 16 71 11 34 1 175 189 26 137 212 106 180 83 107 213 178 174 37 163 161 72 199 131 36 54 99 101 108 9 237 62 33 44 165 120 41 92 188 122 69 240 12 64 183 67 8 225 75 25 55 59 140 35 118 47 24 162 223 187 68 214 103 166 42 21 124 156 117 202 135 136 56 229 157 2 5 186 18 153 134 48 31 91 125 239 198 45 168 93 38 50 87 235 97 227 195 208 96 205 148 201 39 23 114 22 79 141 160
128 57 81 192 115 94 37 50 16 242 36 154 244 104 239 240 69 234 191 237 40 202 26 17 51 215 251 203 172 103 65 73 127 212 4 68 48 155 137 162 99 208 166 136 195 46 233 248 129 30 211 109 76 121 171 174 247 29 122 27 19 86 58 149 71 148 235 231 190 167 245 133 74 213 189 222 15 117 6 118 232 249 210 72 82 186 56 226 32 84 77 217 62 150 224 255 66 88 5 241 147 34 53 1 42 102 22 60 125 201 93 227 54 159 59 101 31 199 67 180 169 105 92 80 230 95 176 97 194 10 218 85 75 254 238 91 221 207 225 21 110 179 152 161 173 229 183 47 49 119 140 23 28 216 134 78 131 2 0 18 163 126 198 41 124 135 13 8 209 223 120 182 142 146 153 196 143 70 35 33 63 204 112 144 236 7 156 219 164 83 178 113 9 130 158 187 12 39 197 90 193 24 253 114 25 214 96 220 160 111 89 185 141 116 184 181 55 165 200 44 38 243 228 170 98 14 145 168 132 87 188 79 246 252 151 206 205 107 11 138 52 20 3 43 175 250 123 61 100 157 177 106 45 139 64 108
95 155 223 46 9 213 69 219 244 118 27 173 92 172 168 74 60 233 194 105 21 19 126 242 26 225 68 10 253 142 166 217 34 90 147 28 136 67 72 124 59 144 47 73 197 12 62 106 143 31 64 75 161 24 232 48 185 159 52 82 42 61 221 4 205 17 58 238 188 209 174 3 192 121 243 211 77 71 146 206 119 207 128 36 140 201 196 158 150 204 14 7 16 169 86 248 107 239 245 18 250 182 183 218 101 170 45 139 98 70 224 32 0 40 240 94 130 179 93 226 165 35 8 15 91 122 102 104 235 129 230 66 176 175 190 133 87 103 149 162 109 13 113 200 120 215 163 96 110 252 37 178 2 76 255 43 30 88 171 138 79 141 111 214 203 251 229 89 123 249 186 241 131 53 50 25 145 116 80 38 231 115 97 202 125 198 154 157 234 134 6 212 164 100 57 41 160 180 246 156 220 189 81 237 247 84 181 228 63 85 187 199 127 216 78 177 56 39 152 49 108 153 83 23 151 193 148 254 22 51 132 44 167 184 11 29 5 117 210 191 195 222 137 33 65 55 236 227 112 208 135 114 99 1 54 20
35 10 164 227 0 235 180 34 70 119 33 166 105 230 203 210 31 62 42 44 175 69 170 6 116 115 130 73 27 43 89 102 49 208 53 140 60 155 103 36 50 192 232 118 197 16 195 238 225 28 111 78 19 81 51 154 143 191 169 29 63 189 126 181 71 248 245 220 85 56 20 233 171 55 37 142 65 138 94 97 174 74 201 152 104 40 252 236 100 120 186 96 160 129 21 177 187 24 121 168 3 25 127 139 67 156 18 117 251 234 92 244 48 93 23 218 91 133 88 194 217 246 72 239 107 124 206 224 200 57 150 131 135 162 77 228 5 250 176 167 52 148 75 54 39 196 249 215 95 163 241 204 153 9 159 184 58 222 113 32 112 108 14 255 173 134 45 216 214 66 182 221 165 8 205 193 82 106 157 229 30 87 223 76 7 12 64 254 84 242 13 137 207 2 46 83 226 4 15 101 219 172 243 125 99 247 22 237 1 161 199 145 212 253 178 128 149 114 198 132 61 183 151 17 11 86 146 59 147 68 231 80 141 136 98 90 144 209 202 211 109 26 188 47 179 185 213 190 122 123 158 41 110 240 79 38
69 11 231 229 4 145 53 85 177 203 97 160 105 24 119 54 205 71 99 128 208 235 138 31 134 220 194 55 221 155 37 161 101 52 30 126 82 57 125 122 251 106 141 240 234 184 169 111 39 210 86 109 73 28 129 20 187 193 92 147 146 48 207 79 248 216 199 239 116 191 64 2 41 98 118 47 241 80 5 49 253 22 133 56 35 233 246 212 183 232 95 185 45 180 181 10 175 132 178 236 143 222 213 247 156 192 144 113 44 6 14 68 153 200 9 244 96 78 103 40 149 107 77 136 242 174 189 70 226 152 50 17 62 112 115 188 225 63 223 215 27 254 90 12 89 176 172 131 108 186 74 15 154 130 163 211 58 202 59 173 190 151 13 23 127 252 167 228 25 18 158 3 91 165 196 7 29 201 182 88 230 249 197 238 43 218 1 66 142 34 168 250 100 255 42 227 140 8 121 110 46 33 21 171 36 117 38 135 206 159 26 16 195 179 32 162 148 166 217 51 120 93 102 114 170 124 243 245 60 81 219 224 157 75 19 72 198 0 214 104 67 139 237 65 76 209 204 150 164 61 123 83 87 94 137 84
205 128 105 37 38 73 211 25 155 249 208 180 79 142 0 150 95 204 240 34 203 81 20 145 118 125 201 232 212 214 90 239 85 176 31 30 45 243 197 213 4 17 219 123 223 55 230 70 18 206 220 107 147 33 112 186 110 153 140 198 26 248 189 251 221 69 58 106 84 199 233 104 41 96 241 163 160 135 255 226 190 148 86 225 207 57 235 53 9 12 89 244 116 67 19 210 167 151 15 35 101 11 75 44 191 92 102 194 36 83 173 195 42 54 237 71 188 32 166 149 7 159 218 8 193 133 6 48 3 109 132 161 242 154 22 39 121 139 115 227 65 46 50 77 247 143 175 165 91 82 222 63 245 224 209 111 164 130 10 78 156 119 68 179 74 99 228 137 28 202 27 23 184 170 88 49 215 131 129 236 97 136 80 178 120 108 252 21 72 144 200 2 138 246 177 182 234 169 254 157 183 52 122 172 216 253 141 174 185 16 134 87 158 40 14 162 192 152 171 76 114 60 127 168 93 43 64 29 113 47 231 98 66 187 181 1 61 229 62 238 146 250 56 51 13 5 59 124 117 126 24 196 103 217 94 100
133 210 112 16 143 57 25 8 48 180 255 128 66 105 162 182 111 50 144 69 113 62 86 197 120 99 42 55 21 247 41 159 249 109 244 245 74 239 196 242 45 207 31 22 56 220 1 208 177 108 70 78 132 217 9 73 53 160 142 167 104 213 171 141 200 51 238 253 134 35 216 114 81 126 176 179 252 34 127 32 24 91 63 154 76 153 240 236 195 172 250 138 79 218 194 227 20 122 11 123 237 254 215 77 87 191 61 231 37 89 82 222 67 155 229 5 71 93 10 246 152 39 58 6 47 107 27 65 130 206 98 232 59 164 64 106 36 204 72 185 174 110 97 85 235 100 181 102 199 15 223 90 80 4 243 96 226 212 230 26 115 184 157 166 178 234 188 52 54 124 145 28 33 221 139 83 136 7 0 23 168 131 203 46 129 140 18 13 214 228 125 187 147 151 158 201 148 75 40 38 68 209 117 149 241 12 161 224 169 88 183 118 14 135 163 192 17 44 202 95 198 29 3 119 30 219 101 225 165 116 94 190 146 121 189 186 60 170 205 49 43 248 233 175 103 19 150 173 137 92 193 84 251 2 156 211
181 98 148 192 229 117 150 161 247 110 63 134 16 245 138 168 128 147 52 90 36 103 144 69 19 40 5 89 23 207 74 42 163 157 232 37 205 38 214 122 226 32 27 244 236 35 100 93 102 255 172 79 193 70 76 104 81 13 14 49 187 1 131 225 184 156 55 118 0 126 71 180 216 10 179 57 251 121 94 101 177 208 188 190 66 215 61 152 7 6 21 219 173 189 235 248 195 99 199 31 206 46 249 182 196 83 123 9 88 162 86 129 116 174 2 224 165 227 197 45 34 82 60 175 209 80 17 72 217 139 136 111 231 202 166 124 62 201 183 33 211 29 240 243 65 220 92 43 250 186 143 127 246 11 77 242 51 20 167 68 78 170 12 59 149 171 18 30 213 47 164 8 142 125 238 135 194 239 169 109 237 24 234 85 108 137 218 130 253 15 97 115 91 203 41 22 26 53 223 119 151 141 67 58 198 39 221 200 185 87 140 106 241 54 132 95 44 155 50 75 204 113 4 178 3 254 160 146 64 25 191 107 105 212 73 112 56 154 96 84 228 252 48 120 176 233 114 222 153 158 210 145 230 133 159 28
66 202 86 68 173 96 169 125 128 205 105 232 183 135 71 28 12 131 151 217 127 191 160 52 208 218 55 152 199 34 56 158 170 98 187 49 148 27 10 123 20 79 124 54 249 122 164 119 225 248 22 103 15 138 155 237 255 231 88 181 162 166 193 108 4 36 26 207 198 83 179 106 85 70 227 25 246 126 194 17 235 184 40 190 215 89 253 144 63 143 139 45 31 204 165 76 247 245 97 213 252 196 39 236 224 113 137 188 5 61 118 254 107 38 43 95 30 115 18 44 168 238 33 77 114 2 35 46 132 250 203 19 156 130 23 53 13 32 192 230 176 243 29 209 159 180 145 229 163 92 214 182 48 42 117 177 90 178 99 7 111 172 167 129 121 175 240 233 242 140 57 219 78 210 216 244 221 153 154 189 72 141 16 110 69 41 195 3 0 11 211 65 101 150 64 197 136 6 234 241 62 93 73 75 206 100 201 37 147 146 161 104 58 74 120 133 80 239 84 171 91 186 134 67 81 223 8 149 228 47 226 14 1 59 142 109 50 112 82 185 174 222 200 60 94 220 157 212 102 24 21 251 116 87 51 9
193 224 170 75 17 39 26 191 33 135 72 195 89 176 230 79 62 85 222 146 101 1 61 69 231 21 187 45 254 20 142 70 87 124 157 28 35 248 199 8 185 100 221 223 63 154 10 210 216 68 242 2 219 47 13 133 201 174 92 41 32 137 27 51 125 166 145 150 86 112 143 106 247 98 29 252 179 250 109 233 16 108 171 180 54 105 237 113 5 141 84 255 80 147 127 212 190 96 40 140 175 114 196 189 207 128 229 77 90 206 103 197 15 240 110 159 169 12 168 220 111 186 151 232 182 251 215 99 11 9 160 64 244 184 67 200 211 14 148 104 24 181 53 152 172 60 204 102 49 91 130 202 43 236 123 55 71 121 34 118 158 132 241 48 217 205 0 78 218 177 243 7 161 249 38 253 76 188 129 115 50 82 138 227 58 239 214 198 183 36 65 66 37 245 162 156 226 88 83 73 6 209 178 155 30 246 235 144 203 126 173 81 134 116 192 164 194 57 136 139 42 97 131 107 119 234 4 31 238 93 228 19 208 46 74 3 225 120 163 56 117 165 122 52 44 25 22 18 95 94 213 23 59 149 153 167
229 160 29 136 190 104 83 210 173 202 148 134 31 144 141 177 183 132 150 164 242 21 48 222 32 45 220 50 217 96 127 17 157 168 241 213 30 224 118 20 72 26 124 245 27 162 152 93 133 15 129 82 156 201 61 130 185 206 62 108 11 3 97 223 178 193 235 2 46 23 49 128 63 181 179 65 145 207 18 120 163 76 232 10 139 146 204 187 251 196 103 184 89 240 166 159 70 22 0 24 74 165 174 250 101 198 119 214 16 209 228 172 167 40 9 110 199 158 58 249 189 111 227 231 115 182 105 81 106 64 44 4 246 38 169 77 87 186 142 33 14 216 149 36 248 176 225 113 233 195 1 13 135 100 236 140 188 138 238 91 154 84 114 43 34 151 8 234 102 192 109 191 180 117 200 175 143 67 55 39 92 88 54 59 203 53 69 125 98 137 12 35 123 71 221 99 252 255 237 68 161 122 28 215 52 90 41 116 226 211 243 126 51 205 147 218 47 25 247 60 208 85 79 107 194 253 254 197 112 86 94 219 73 7 42 66 239 170 230 78 155 19 244 6 153 80 131 95 5 75 171 212 121 37 57 56
45 64 214 42 226 203 86 147 111 247 138 27 90 221 200 48 80 41 126 59 60 235 153 81 181 184 110 197 77 58 227 210 15 49 163 122 224 92 17 217 229 11 159 21 151 119 132 20 129 72 125 218 202 38 201 3 65 84 130 34 166 103 1 67 5 206 19 118 76 116 22 12 182 171 124 96 146 36 133 174 43 52 140 63 242 121 179 255 47 211 196 131 28 33 82 160 186 4 169 24 192 167 74 56 253 209 208 156 108 198 168 237 176 54 83 150 128 88 39 230 152 162 106 178 127 228 249 141 177 225 194 10 231 239 9 93 135 155 142 69 100 57 51 0 115 185 37 70 207 29 73 95 75 114 170 13 6 101 117 145 62 105 68 183 175 40 94 236 109 222 71 157 154 189 120 245 240 79 53 165 26 91 199 66 148 50 139 35 244 143 134 172 158 173 232 144 18 97 252 14 2 8 193 78 219 195 250 190 213 180 99 113 205 61 136 30 104 7 31 137 102 98 216 87 85 251 123 55 215 233 23 25 32 188 161 241 212 223 89 44 220 16 112 46 248 164 191 243 107 246 187 149 254 204 234 238
60 78 128 2 220 136 76 194 151 15 45 62 119 226 22 211 46 146 152 43 117 48 113 97 231 175 102 201 100 19 11 184 138 39 70 207 230 182 248 89 38 71 40 13 47 224 203 223 176 171 1 123 227 213 238 183 104 252 59 191 235 69 31 98 127 165 61 143 8 103 179 54 206 245 3 167 122 177 6 121 202 193 164 142 14 243 219 9 249 156 253 192 79 240 229 209 57 25 241 246 218 254 101 24 162 108 126 150 7 170 153 157 42 84 105 115 236 72 215 66 63 0 95 130 56 200 141 52 74 85 75 222 250 44 168 88 96 110 196 90 199 129 125 185 212 28 92 21 73 116 242 132 225 160 30 77 64 120 178 83 137 198 239 190 107 55 32 109 232 251 244 124 26 237 174 86 36 172 166 169 134 204 147 135 35 5 144 255 87 94 140 68 233 180 217 41 53 106 216 214 18 81 80 163 99 65 145 154 49 50 181 4 118 158 16 149 82 187 20 173 221 188 34 247 133 159 91 33 131 112 37 12 27 29 197 17 186 23 139 208 111 93 161 234 51 210 148 10 189 205 58 228 67 195 155 114
244 233 75 122 212 234 81 93 21 110 227 71 205 188 46 198 2 47 232 172 45 87 42 148 171 200 26 193 61 78 160 178 154 11 104 85 89 116 31 182 214 204 130 121 6 102 29 8 248 150 203 169 49 117 195 158 107 218 113 138 12 176 67 241 66 62 223 209 127 88 254 170 168 20 136 175 119 217 159 147 36 60 111 183 239 41 177 30 216 221 18 208 38 196 222 91 161 211 255 37 180 213 224 55 173 126 197 79 53 201 231 191 210 115 153 99 166 207 132 82 103 68 152 86 15 137 105 226 220 40 100 13 101 22 185 34 95 90 52 44 98 163 156 165 63 235 142 1 133 139 167 144 76 77 112 250 64 194 33 247 219 118 181 0 189 134 243 24 73 242 120 59 184 157 164 240 16 251 253 129 23 124 215 70 69 84 27 236 252 43 56 3 162 7 94 14 109 57 245 4 146 186 72 151 225 149 192 179 237 65 32 228 35 5 108 97 145 123 238 17 143 80 135 25 202 199 174 39 10 229 187 125 9 246 96 19 92 48 51 128 28 155 106 58 249 206 190 54 74 140 50 114 83 230 131 141
33 221 62 11 44 13 241 20 197 176 196 149 144 229 96 200 186 211 156 77 225 32 164 208 42 4 71 100 138 34 116 236 76 152 27 179 218 231 140 95 150 234 94 175 166 137 115 242 216 192 237 222 129 226 165 52 213 202 182 30 253 214 219 191 227 74 252 135 81 99 123 235 143 126 130 15 57 78 88 209 45 188 39 36 0 68 103 29 173 114 25 47 58 48 195 223 17 141 61 69 83 169 63 172 102 98 158 185 1 65 249 46 89 215 105 198 133 3 50 37 93 151 56 110 171 212 163 80 28 5 82 205 224 217 97 254 210 147 59 9 145 139 142 107 177 120 108 8 233 117 228 60 67 113 41 206 153 190 14 26 79 189 187 246 54 53 136 72 38 118 127 22 23 154 232 91 131 244 122 55 160 248 146 194 161 7 220 106 132 64 6 104 85 10 240 255 2 170 245 159 251 112 181 84 66 134 207 24 183 121 238 162 178 31 201 40 168 128 87 51 101 230 193 109 49 167 124 243 18 35 92 199 250 184 19 119 125 16 90 21 86 70 204 148 75 174 73 247 239 157 111 12 43 180 203 155
218 10 190 135 147 184 77 194 69 37 50 193 47 245 43 136 120 211 119 176 238 2 48 207 84 21 174 240 178 124 192 36 249 34 195 185 100 89 42 14 64 209 51 92 216 225 58 236 160 39 97 173 220 129 114 49 201 206 255 78 104 177 87 197 110 85 247 229 171 127 126 74 26 116 86 155 94 227 1 68 46 6 212 148 70 80 24 96 45 146 167 59 95 143 112 183 149 157 182 11 53 73 60 242 18 230 224 0 33 103 210 243 125 202 246 13 248 32 88 186 179 19 35 63 235 23 241 101 93 213 12 154 27 140 244 75 72 107 38 163 158 252 226 83 199 9 117 239 66 223 57 208 162 61 52 90 76 91 150 62 191 15 170 187 175 181 111 251 137 113 168 108 131 98 17 31 123 234 54 203 22 180 204 55 20 16 134 5 3 169 41 228 133 151 196 198 205 106 79 159 130 141 7 217 138 189 30 219 166 82 109 161 25 164 105 67 172 122 152 156 237 132 215 144 121 4 65 29 165 56 200 8 139 118 221 253 214 44 232 233 153 71 254 99 102 28 115 250 231 145 128 188 222 81 40 142
156 219 68 54 79 24 200 93 155 32 76 165 127 194 223 6 157 239 104 199 20 150 47 86 99 8 218 18 102 217 43 34 5 238 110 84 60 105 90 252 94 33 175 81 70 50 153 121 82 87 59 95 197 120 3 204 222 246 103 11 249 253 138 180 201 211 77 168 56 162 159 0 191 226 152 41 237 148 170 181 171 63 91 140 9 184 192 206 37 186 40 225 221 26 53 124 188 117 169 212 83 228 66 1 126 173 160 216 19 179 233 39 80 31 203 151 128 205 73 92 85 220 122 78 15 182 132 13 7 10 230 45 243 231 131 101 240 96 183 190 236 164 74 21 58 137 149 202 57 55 114 177 176 4 195 161 241 250 145 146 22 100 214 254 112 245 178 28 116 14 62 29 130 88 229 255 187 129 227 208 133 108 123 125 38 113 27 119 235 49 207 189 2 75 147 51 244 106 30 46 154 69 163 36 251 210 174 224 98 61 232 172 35 247 111 141 158 215 67 118 52 142 242 248 139 213 144 209 193 72 16 198 42 196 115 107 25 234 135 166 48 71 23 89 185 134 167 136 109 143 65 44 64 17 12 97
158 125 127 40 115 29 121 237 51 209 191 4 77 149 53 246 108 32 48 156 71 165 38 253 212 176 226 100 63 234 174 37 249 113 143 160 217 69 120 54 144 244 250 141 215 146 211 195 74 18 200 44 198 117 109 27 236 137 168 50 73 25 91 187 136 169 138 111 145 67 46 66 19 14 99 221 70 56 81 26 202 95 157 34 78 167 129 196 225 8 159 241 106 201 22 152 49 88 101 10 220 20 104 219 45 36 7 240 112 86 62 107 92 254 96 35 177 83 72 52 155 123 84 89 61 97 199 122 5 206 224 248 105 13 251 255 140 182 203 213 79 170 58 164 161 0 193 228 154 43 239 150 172 183 173 65 93 142 11 186 194 208 39 188 42 227 223 28 55 126 190 119 171 214 85 230 68 3 128 175 162 218 21 181 235 41 82 33 205 153 130 207 75 94 87 222 124 80 17 184 134 15 9 12 232 47 245 233 133 103 242 98 185 192 238 166 76 23 60 139 151 204 59 57 116 179 178 6 197 163 243 252 147 148 24 102 216 1 114 247 180 30 118 16 64 31 132 90 231 2 189 131 229 210 135 110
128 179 214 239 6 152 96 240 118 161 220 69 232 173 160 234 249 229 111 191 210 183 89 237 72 47 185 40 82 49 141 202 186 119 116 26 56 140 184 17 226 23 181 51 32 28 55 215 84 216 165 251 77 134 200 203 217 78 44 172 62 131 38 103 150 2 243 65 224 0 228 73 255 18 170 127 66 163 98 212 88 126 14 4 5 198 145 68 241 41 168 48 147 124 132 155 34 135 87 137 53 13 188 162 1 8 79 99 42 209 246 208 102 223 252 166 22 120 151 136 60 182 206 195 125 142 205 46 201 146 107 233 93 153 11 248 227 196 138 129 54 143 52 30 159 70 20 211 59 35 3 109 101 33 43 76 31 63 175 121 199 204 250 171 67 112 123 174 180 144 61 247 169 236 100 29 105 7 157 122 92 156 177 27 80 219 106 19 230 164 45 86 95 83 139 58 176 178 64 149 97 113 108 71 194 9 57 148 10 130 81 235 218 158 192 231 85 187 115 190 75 12 94 167 254 39 37 245 238 197 50 133 91 90 16 74 221 193 242 213 207 24 36 189 225 253 154 222 21 114 244 15 110 25 104 117
253 77 99 86 251 93 195 132 255 149 236 35 139 122 145 27 206 161 61 121 129 36 81 247 105 59 80 202 130 147 184 217 88 95 53 4 68 245 160 26 28 123 214 70 15 21 128 47 62 24 107 73 193 6 234 152 101 92 197 87 111 185 226 205 210 146 172 203 166 52 158 89 57 239 55 169 38 76 168 231 240 114 165 42 173 65 201 144 60 140 207 187 17 250 156 100 200 235 174 1 249 12 188 34 137 150 11 163 2 75 45 170 219 229 72 228 25 171 246 211 37 242 56 20 159 71 69 220 124 49 244 127 5 16 74 208 164 84 241 113 212 232 120 9 162 109 151 190 7 103 41 183 115 131 181 94 178 218 192 46 108 22 10 0 138 23 237 48 67 221 54 98 58 136 248 189 175 110 142 198 32 118 44 19 3 243 96 125 126 97 50 222 216 31 148 143 133 66 14 238 215 90 51 40 204 8 186 233 141 194 176 252 224 254 117 196 199 102 157 191 167 179 39 64 91 43 153 33 79 13 106 134 63 30 180 223 116 177 225 182 112 104 85 82 78 155 154 18 83 119 209 213 227 29 230 135
189 220 35 131 172 81 252 17 16 120 244 96 150 64 43 170 133 162 108 94 246 104 101 137 143 92 110 124 202 236 8 182 247 5 180 10 177 56 87 232 117 128 201 173 245 184 78 235 32 241 84 205 242 122 112 53 93 230 89 42 116 161 21 90 145 166 22 68 226 218 57 183 138 153 195 217 6 238 9 88 23 141 139 25 105 167 233 80 123 36 192 225 99 106 164 147 211 156 63 144 49 200 126 119 30 237 0 239 34 125 134 210 61 158 79 174 231 169 188 132 127 255 224 70 159 118 18 209 149 71 187 191 75 142 65 41 66 24 4 219 206 253 129 37 47 146 102 248 229 176 109 251 208 136 185 73 193 155 216 228 95 60 196 100 148 98 198 51 114 44 74 3 249 111 223 194 62 152 69 151 140 77 160 135 103 27 15 254 52 48 14 19 163 13 29 85 58 97 227 250 83 31 181 59 212 215 197 28 121 82 243 175 12 50 1 76 186 171 203 86 11 165 107 178 7 240 207 20 168 45 39 67 154 213 214 157 72 46 54 179 33 222 2 26 199 130 190 38 115 234 204 221 113 40 91 55
63 89 157 211 49 179 205 45 215 39 52 114 149 174 196 87 31 175 53 96 155 4 167 108 95 169 184 164 46 126 145 118 24 172 7 237 120 230 17 239 76 137 121 54 51 216 246 75 119 207 161 213 116 241 222 218 245 150 19 151 100 186 12 69 135 138 152 13 234 107 252 66 228 38 85 192 178 255 159 0 163 8 190 208 105 62 1 98 33 147 23 61 204 194 195 133 80 3 176 231 103 238 82 59 67 90 224 70 22 72 243 203 123 97 191 198 14 34 232 144 181 143 37 158 187 101 212 55 86 71 250 117 141 130 60 77 140 236 136 81 42 168 28 88 201 183 162 131 73 64 244 78 242 220 94 5 210 146 249 225 193 44 36 223 233 11 221 253 110 56 134 139 185 106 2 47 58 109 115 79 251 182 104 171 35 219 40 197 92 57 27 91 112 217 15 154 41 209 165 99 235 21 30 18 74 248 111 113 254 84 32 48 43 6 129 199 247 83 200 65 16 170 153 93 127 166 20 122 50 125 10 202 29 102 189 229 227 180 173 132 240 68 26 25 206 9 156 128 177 148 142 214 226 124 160 188
88 138 188 24 33 109 215 57 233 73 130 68 87 31 26 154 123 224 58 17 172 108 48 225 86 90 229 41 219 195 220 178 158 118 105 152 28 191 201 45 1 147 128 75 8 150 107 35 84 227 92 54 115 127 249 214 95 254 47 252 97 205 13 198 228 157 148 10 122 93 216 51 223 50 39 231 59 34 2 181 169 153 206 202 168 173 62 167 183 239 212 251 126 149 237 185 80 213 111 114 96 182 20 236 142 74 166 204 155 230 85 70 102 240 165 64 6 77 161 139 106 174 67 199 193 221 53 112 113 56 226 200 208 78 187 121 156 180 98 29 89 192 14 133 103 120 12 194 245 209 119 189 30 71 235 151 171 170 19 143 250 49 218 197 69 32 61 7 248 145 3 255 36 42 246 9 23 101 135 162 81 146 159 79 164 76 210 241 131 16 27 100 72 144 83 232 134 186 140 238 104 141 21 11 207 247 129 243 196 15 60 175 244 44 65 176 222 125 117 211 82 37 52 94 116 160 137 163 242 177 40 38 179 4 66 132 234 22 190 91 124 253 5 63 46 110 55 217 43 203 99 25 18 184 136 0
179 41 57 107 20 104 144 118 227 34 203 191 0 64 204 163 229 248 147 235 24 239 62 174 115 101 36 68 124 213 44 225 200 184 169 22 51 52 23 231 148 142 212 74 69 59 247 195 164 141 16 232 221 130 189 112 159 67 120 102 178 150 180 43 122 125 28 83 117 93 105 220 245 17 224 79 214 5 194 32 60 244 211 106 149 42 103 151 108 38 30 11 8 4 81 80 199 9 45 135 139 153 210 156 61 3 25 12 177 19 121 58 181 75 162 216 65 48 71 208 132 87 242 47 55 217 7 173 31 240 6 128 56 73 110 143 14 21 234 185 249 171 86 207 209 49 140 251 196 202 54 228 243 205 33 254 119 187 160 78 27 18 123 13 37 111 152 131 136 72 98 129 92 233 84 15 238 165 236 95 219 2 94 157 166 40 91 223 99 246 127 70 241 66 133 113 198 176 82 26 126 161 100 182 175 193 114 215 63 76 192 89 183 1 226 96 145 155 253 154 206 97 172 137 218 168 237 201 85 252 250 146 50 230 170 53 186 197 255 134 90 10 167 39 138 158 46 190 88 35 77 116 188 29 222 109
32 19 94 234 171 253 71 158 198 196 149 142 101 209 37 250 249 175 233 125 97 146 117 111 183 195 93 129 157 58 126 180 18 148 174 14 184 8 21 83 118 143 165 56 255 144 22 65 124 228 136 77 64 138 153 133 15 95 114 87 248 141 231 206 89 199 241 208 45 106 90 23 20 185 215 44 88 176 130 182 85 210 191 187 214 119 243 120 69 155 236 38 104 107 121 237 203 76 221 35 197 7 54 161 147 224 128 0 132 232 159 177 74 31 225 67 2 116 247 30 173 163 164 102 49 227 145 200 72 207 51 28 36 59 193 39 246 41 212 172 92 66 160 167 238 3 201 113 150 112 6 127 156 70 181 24 55 40 219 86 110 99 29 46 109 205 105 50 11 137 252 57 170 152 131 100 42 33 213 47 211 189 63 229 179 115 218 194 162 13 5 192 202 235 190 222 79 25 103 108 154 75 226 16 27 78 84 48 220 151 73 140 4 188 9 166 61 26 251 60 81 186 239 123 10 178 134 68 204 245 254 242 43 217 80 82 223 53 1 17 12 230 98 168 216 52 169 34 240 139 122 62 96 135 244 91
184 78 176 207 192 116 238 7 251 181 198 6 102 2 202 163 34 149 209 67 49 28 252 194 185 110 199 108 86 215 126 76 12 115 91 59 165 157 89 99 132 87 119 231 177 255 5 51 227 123 168 179 230 236 200 117 48 225 37 156 85 161 63 213 178 148 212 233 83 136 20 162 75 31 220 101 142 151 139 195 114 232 234 120 205 153 169 164 127 250 65 113 204 66 186 137 36 19 214 248 32 141 243 171 246 131 68 150 223 55 95 93 46 39 253 106 189 147 146 72 130 22 249 43 14 8 80 92 245 26 54 210 23 77 170 45 71 166 81 160 173 235 15 40 62 208 152 41 174 217 21 125 33 229 216 35 50 30 167 247 11 239 145 38 128 103 241 96 138 105 197 3 242 175 172 82 112 196 240 73 27 79 237 107 88 84 111 16 140 17 221 52 133 190 1 4 18 134 100 228 118 187 94 159 206 58 44 121 25 0 29 129 56 74 226 183 122 219 154 13 144 182 70 60 61 254 201 124 42 97 224 104 203 180 188 211 90 191 143 193 109 69 244 218 57 64 135 155 98 10 47 9 158 24 53 222
91 133 90 29 126 61 175 51 89 232 222 223 161 108 31 204 4 131 11 110 87 95 118 252 98 50 100 16 231 151 125 219 226 42 62 5 172 209 171 65 186 215 129 240 83 114 99 23 145 169 158 88 105 168 9 164 109 70 196 56 116 229 211 190 159 101 92 17 106 15 248 122 33 238 174 22 253 221 72 64 251 6 39 249 26 138 84 162 167 213 134 30 75 86 137 143 107 24 210 132 199 63 247 68 225 120 85 55 119 140 245 43 182 69 237 193 127 8 49 58 46 102 21 139 141 27 112 60 76 71 34 157 227 20 111 228 93 44 198 181 121 155 194 48 150 78 153 38 230 57 130 217 2 255 208 201 160 13 96 54 53 234 37 184 156 205 176 170 242 254 152 188 216 117 185 239 77 207 233 73 243 67 80 142 177 202 224 115 59 203 81 124 183 32 195 136 123 197 212 192 74 154 173 146 52 200 35 10 148 3 45 12 104 165 149 82 79 244 19 103 147 235 189 241 144 14 250 246 18 178 47 179 128 214 40 97 163 166 180 41 7 135 25 94 1 66 113 220 206 28 187 0 191 36 218 236
165 82 140 123 187 132 39 120 25 176 102 95 6 213 0 215 10 101 110 186 37 134 55 150 207 145 164 108 103 231 200 46 135 94 249 185 125 47 163 167 51 118 41 17 42 255 235 195 182 229 105 13 23 122 78 224 205 152 85 227 184 112 161 49 169 131 192 204 71 36 172 76 124 74 174 27 90 20 50 234 225 87 199 170 38 128 45 127 116 53 136 111 79 3 246 230 28 24 245 250 139 244 5 61 34 73 203 226 59 7 157 35 188 191 173 4 97 58 219 151 243 26 232 52 162 147 179 62 242 141 83 154 238 216 183 251 144 21 15 43 130 189 190 133 48 22 30 155 9 198 233 2 175 106 166 14 91 210 180 197 89 16 67 31 196 11 107 148 57 228 248 247 96 220 72 126 40 19 146 109 138 84 70 222 80 77 113 119 68 86 100 178 212 239 158 223 236 156 241 153 32 63 208 93 104 177 149 221 160 54 211 8 217 60 181 218 98 88 29 69 206 65 18 92 137 252 66 121 142 253 44 202 194 33 159 114 129 171 193 237 214 240 64 254 117 115 1 81 143 209 56 99 12 168 201 75
21 83 223 160 242 60 147 187 185 138 131 90 198 26 239 238 164 222 114 86 135 106 100 172 184 82 118 146 47 115 169 7 137 163 3 173 252 10 72 107 132 154 45 244 133 11 54 113 217 125 66 53 127 142 122 4 84 103 76 237 130 220 195 78 188 230 197 34 95 79 12 9 174 204 33 77 165 119 171 74 199 180 176 203 108 232 109 58 144 225 27 93 96 110 226 192 65 210 24 186 251 43 150 136 213 117 0 121 221 148 166 63 20 214 56 246 105 236 19 162 152 153 91 38 216 134 189 61 196 40 17 25 48 182 28 235 30 201 161 81 55 149 156 227 247 190 102 139 101 250 116 145 59 170 13 44 29 208 75 99 88 18 35 98 194 94 39 255 126 241 46 159 141 120 89 31 22 202 36 200 178 52 218 168 104 207 183 151 2 249 181 191 224 179 211 68 14 92 97 143 64 215 5 16 67 73 37 209 140 62 129 248 177 253 155 50 15 240 49 70 175 228 112 254 167 123 57 193 234 243 231 32 206 69 71 212 42 245 6 1 219 87 157 205 41 158 23 229 128 111 51 85 124 233 80 8
86 18 159 185 117 59 157 138 63 38 53 55 223 43 212 49 165 234 137 119 187 5 77 236 174 36 215 231 84 254 93 221 181 140 104 154 28 246 162 102 220 177 41 71 88 145 252 48 237 72 172 178 69 143 74 139 123 2 201 128 227 126 45 37 210 164 65 96 233 1 208 19 115 64 97 66 39 73 250 229 249 202 197 27 149 253 239 9 209 130 23 85 217 6 95 57 124 153 191 87 169 34 129 205 80 232 16 29 193 148 203 32 147 228 219 190 168 40 14 245 35 20 182 24 218 105 11 255 235 83 51 12 17 244 25 127 50 188 134 152 176 33 196 179 183 68 110 131 141 7 98 241 92 89 0 121 156 82 226 167 78 100 111 101 248 21 70 194 114 122 136 222 116 225 155 151 211 238 54 118 47 99 142 13 158 251 186 56 103 90 146 204 109 163 224 10 216 133 81 58 135 3 22 15 150 52 8 200 112 62 198 192 195 160 230 173 161 61 31 170 26 113 120 166 94 4 206 243 67 79 132 242 240 44 107 106 189 125 91 171 180 75 76 207 30 144 184 42 175 108 213 46 199 247 214 60
116 87 235 62 20 30 157 209 16 197 224 181 43 234 88 230 203 196 17 201 72 90 93 195 204 211 250 12 153 240 145 24 239 154 110 177 65 10 80 213 122 108 144 241 188 139 165 142 191 124 15 210 205 48 68 9 66 170 207 102 32 194 94 232 160 183 7 3 50 113 218 98 119 130 152 13 26 193 33 92 91 34 74 105 138 189 83 167 245 134 71 202 231 95 127 227 53 221 46 249 212 81 164 140 0 141 166 84 216 254 52 228 61 236 137 106 243 215 85 149 6 184 101 208 158 126 96 57 115 117 59 220 54 42 182 161 151 131 252 148 86 40 45 222 200 18 136 237 76 147 253 217 114 58 118 99 2 8 69 179 247 199 223 198 248 47 206 171 186 23 146 77 133 246 180 225 56 97 219 60 229 89 73 35 29 21 175 173 156 31 103 28 36 64 178 70 135 19 63 37 112 51 255 129 120 163 82 190 143 109 155 174 22 187 242 107 123 192 27 104 75 238 25 14 125 159 233 44 41 55 226 128 1 100 185 172 176 111 38 5 150 162 121 214 244 168 79 11 251 132 78 169 67 49 4 39
67 117 3 88 36 52 47 10 133 203 251 87 204 69 20 174 157 97 131 170 24 126 54 129 14 206 33 106 193 233 231 184 177 136 244 72 30 29 210 13 160 132 181 152 146 218 230 128 164 192 93 161 215 53 183 209 49 219 43 56 118 153 178 200 91 35 179 57 100 159 8 171 112 99 173 188 168 50 130 149 122 28 176 11 241 124 234 21 243 80 141 125 58 55 220 250 79 123 211 165 217 120 245 226 222 249 154 23 155 104 190 16 73 139 142 156 17 238 111 1 70 232 42 89 196 182 4 163 0 167 12 194 212 109 66 5 102 37 151 27 65 208 198 199 137 84 7 180 235 107 242 86 63 71 94 228 74 26 76 247 207 127 101 195 202 18 38 236 148 185 147 41 162 191 105 216 59 90 75 254 121 145 134 64 81 144 240 140 85 46 172 32 92 205 187 166 135 77 68 248 82 246 224 98 9 214 150 253 229 197 48 40 227 237 15 225 2 114 60 138 143 189 110 6 51 62 113 119 83 255 186 108 175 39 223 44 201 96 61 31 95 116 221 19 158 45 213 169 103 239 25 34 22 78 252 115
104 71 241 230 183 155 205 95 192 233 102 111 199 122 46 180 238 59 106 15 255 190 87 92 141 219 245 63 228 83 251 226 133 115 57 13 12 215 167 2 227 41 235 113 142 209 187 147 98 34 211 221 165 237 186 32 53 200 236 29 253 69 35 43 68 152 194 214 201 128 159 116 110 0 174 244 96 129 11 88 132 154 134 173 229 72 65 160 176 204 121 164 127 242 234 99 153 40 168 26 130 216 213 248 179 49 44 138 112 224 85 150 3 125 207 109 198 94 48 202 193 231 217 232 36 203 77 156 56 73 61 67 252 137 23 254 54 249 17 239 158 172 9 120 195 89 163 66 90 196 161 157 20 146 144 55 182 114 19 37 82 84 91 247 220 45 16 27 148 103 24 75 171 105 52 223 250 47 166 50 246 208 58 8 38 42 123 18 101 30 7 145 206 170 51 197 86 149 25 4 107 139 100 185 118 119 39 212 140 240 243 169 1 136 117 31 14 74 108 222 181 28 151 76 21 33 70 218 80 210 178 191 79 188 131 184 22 6 97 5 62 124 143 189 93 225 162 60 126 64 10 78 177 135 175 81
199 33 133 221 40 71 137 159 76 57 218 105 124 72 113 173 93 131 196 17 164 43 125 230 130 172 102 15 138 251 240 176 163 151 46 166 247 168 10 81 34 156 146 70 54 162 37 23 41 92 181 250 223 232 244 45 254 118 120 190 211 94 99 32 205 149 202 73 0 89 234 197 14 112 195 206 84 79 25 39 191 253 213 217 224 12 214 141 106 104 134 20 183 215 52 78 227 35 235 154 249 184 80 201 229 3 83 110 13 161 9 95 69 185 96 30 167 36 231 182 160 1 212 187 255 252 126 236 16 115 109 59 44 241 169 85 216 239 203 158 4 150 62 68 222 22 21 178 82 209 123 91 74 114 246 66 194 132 171 228 248 177 116 210 135 179 128 152 8 186 165 108 121 87 58 107 225 60 175 55 56 140 50 7 53 111 18 97 88 122 31 67 19 243 174 136 144 198 28 75 139 119 226 208 233 170 24 237 207 11 117 49 64 200 101 27 180 147 192 242 245 63 100 193 98 90 157 129 220 142 219 51 47 6 238 61 204 145 29 5 38 86 188 77 189 48 65 26 143 153 2 127 42 103 155 148
13 233 151 112 23 194 192 44 160 199 143 241 183 171 60 84 135 207 8 65 201 54 240 245 42 232 62 220 246 115 185 235 24 61 204 237 248 79 197 150 221 103 77 225 255 215 234 139 177 123 190 231 156 106 127 92 176 110 39 161 129 250 244 64 124 37 125 46 209 58 119 114 76 68 122 187 180 189 87 4 166 25 157 163 191 168 100 101 136 19 88 218 57 16 243 142 205 0 213 158 12 48 97 11 144 83 208 181 188 9 40 20 22 153 47 148 239 94 93 108 51 5 21 67 80 27 186 31 118 38 133 81 14 28 170 210 96 175 249 173 216 203 6 89 56 252 59 29 132 121 169 147 7 41 167 104 159 49 226 223 198 63 34 253 211 149 33 15 120 43 116 72 75 152 52 179 130 82 18 230 214 78 98 164 74 138 107 254 155 165 2 99 146 236 3 105 117 45 134 251 95 229 212 70 222 26 71 1 196 69 111 66 172 195 224 50 217 85 102 184 202 178 35 128 109 113 140 55 206 238 228 154 145 30 126 53 32 17 174 227 193 73 141 219 182 131 242 137 162 36 200 91 10 90 86 247
67 123 249 139 232 167 37 84 71 127 185 90 144 205 246 197 114 62 39 116 239 3 251 131 33 244 181 93 43 179 173 176 141 211 154 142 42 12 151 7 94 101 147 75 240 187 224 48 60 113 223 221 25 88 87 170 106 72 152 161 56 57 188 11 125 165 23 156 89 194 27 180 228 195 41 254 140 166 98 40 138 119 44 19 34 36 204 24 193 30 146 215 118 100 168 241 58 217 155 17 196 212 65 235 74 202 162 121 85 135 9 227 143 83 201 158 22 52 69 126 233 29 218 53 153 159 50 124 55 120 104 238 182 109 208 107 26 18 191 145 46 77 214 237 189 255 96 45 78 47 20 54 231 210 230 183 178 8 130 234 220 245 190 111 4 66 198 242 76 38 105 134 172 68 150 15 110 186 61 213 252 10 174 129 184 13 128 209 200 171 149 21 250 226 16 1 163 5 199 86 247 236 216 64 32 248 253 225 6 108 31 169 115 133 157 14 177 160 164 49 91 112 122 243 79 222 73 70 0 102 137 63 207 148 59 81 92 82 229 2 51 175 95 103 117 203 97 206 136 132 192 219 35 99 28 80
39 232 105 74 175 9 223 123 59 254 176 37 41 180 247 170 146 171 129 109 69 56 103 234 142 152 251 207 98 79 26 214 101 58 241 35 178 43 5 66 78 200 165 46 205 253 203 48 156 219 149 179 108 99 216 73 44 167 2 174 1 245 182 10 240 208 132 120 104 157 153 119 124 13 118 134 190 163 202 77 100 188 136 31 164 62 65 47 133 226 187 93 25 117 155 106 181 36 21 53 191 116 15 212 28 112 90 57 125 18 150 144 172 4 63 64 7 177 151 159 29 138 72 107 131 49 235 40 143 220 84 54 71 218 145 196 160 70 140 236 22 186 102 122 121 225 94 201 255 169 148 20 238 12 213 199 96 209 206 242 248 197 215 229 52 86 113 32 97 110 30 115 27 161 192 82 222 233 51 23 95 34 183 85 137 91 189 55 92 227 217 158 198 80 194 147 221 11 126 195 250 16 127 173 76 68 162 33 243 3 45 67 111 88 114 193 128 246 244 130 210 17 83 185 228 141 42 75 204 211 14 252 61 6 168 249 154 50 231 224 135 87 0 89 139 230 239 60 166 8 184 24 81 19 38 237
68 111 185 251 248 7 178 80 208 52 137 124 128 63 245 212 102 114 73 166 196 120 31 218 203 84 30 121 19 1 211 246 39 187 14 227 237 109 161 223 149 176 133 250 186 40 182 155 148 224 153 24 42 45 147 156 163 202 219 105 192 97 231 191 106 62 129 17 217 32 165 74 60 96 193 140 91 117 94 143 76 222 162 157 255 20 216 18 122 159 54 239 146 46 184 112 135 214 210 2 65 170 50 71 82 104 220 233 145 240 44 43 241 26 57 90 141 35 119 197 86 23 154 183 47 79 179 5 173 253 201 164 33 116 92 0 93 118 36 168 206 4 180 13 188 89 58 195 167 37 101 213 136 53 160 110 78 48 9 67 69 11 172 6 249 134 113 103 83 204 100 38 247 252 174 152 225 88 189 28 99 205 169 66 10 70 51 209 215 21 131 199 151 175 150 200 254 158 123 138 230 98 29 85 198 132 177 8 49 171 12 181 41 25 242 236 228 127 125 108 238 55 235 243 16 130 22 87 226 15 244 64 3 207 81 72 115 34 142 95 61 107 126 229 139 194 59 75 144 234 56 27 190 232 221 77
104 103 235 24 113 75 142 171 209 105 187 52 147 223 98 250 34 47 211 166 221 50 165 246 237 208 186 58 32 8 53 38 200 42 236 123 29 18 253 101 69 30 35 7 43 145 68 206 152 170 194 51 214 197 201 86 128 149 159 25 116 4 110 107 0 139 174 100 244 185 96 118 129 119 11 39 88 212 132 140 154 240 134 243 173 169 229 1 72 136 65 117 160 31 176 14 204 74 121 108 164 222 127 181 242 28 234 151 99 76 153 21 40 33 168 70 26 218 130 80 216 210 213 178 248 191 179 79 49 188 44 131 138 184 112 22 224 6 85 97 150 5 3 62 125 124 207 143 109 189 198 93 94 225 48 162 202 60 193 126 231 64 217 10 232 78 36 177 203 135 77 175 156 81 56 71 73 241 61 230 67 183 252 155 137 205 23 95 254 192 54 233 249 102 17 111 239 199 158 122 172 46 9 180 120 238 195 59 89 106 163 15 66 255 90 190 196 87 161 92 157 141 20 219 146 245 144 63 55 228 182 83 114 251 19 226 37 133 82 115 84 57 91 13 247 12 220 215 45 167 16 2 27 227 148 41
197 217 236 27 186 63 255 153 219 157 103 171 15 228 13 174 164 79 68 21 248 43 188 30 71 195 204 37 215 139 18 76 152 199 108 93 28 180 185 234 57 83 156 66 176 89 64 226 208 150 106 105 53 5 95 65 134 73 206 235 47 25 240 191 127 49 59 3 75 24 125 146 38 74 122 91 162 128 136 161 245 32 52 39 221 252 209 203 0 12 82 189 222 104 181 225 247 227 11 67 165 158 253 14 42 214 2 220 80 72 192 246 133 6 119 223 54 51 86 17 142 137 231 205 62 178 243 96 218 45 202 36 187 141 40 31 69 55 70 129 41 170 249 149 166 154 160 90 230 116 92 147 87 110 77 251 10 102 213 33 182 1 159 183 34 254 250 113 239 237 148 20 207 112 130 175 177 184 85 58 138 109 120 241 196 117 168 9 198 145 61 88 140 4 143 84 46 151 101 131 135 216 111 194 123 100 238 44 8 144 35 179 242 118 97 200 232 193 23 211 212 132 50 233 78 81 7 94 229 210 124 107 167 201 60 19 121 244 169 114 126 163 56 173 48 16 29 172 26 224 22 115 99 190 98 155
140 220 114 235 9 178 34 132 163 148 72 194 218 207 137 154 217 58 213 158 119 245 105 165 23 5 239 208 150 141 66 155 64 42 171 82 32 223 71 47 15 121 113 45 55 88 43 75 187 133 211 216 7 183 79 124 135 186 192 156 73 4 181 248 112 41 117 19 169 134 104 168 189 39 92 231 118 31 242 176 57 98 107 95 151 70 188 190 76 161 109 125 120 83 206 21 69 160 22 142 93 247 230 170 204 243 97 199 127 202 87 24 106 179 11 51 49 2 250 209 62 145 103 102 28 86 233 205 254 225 219 36 48 201 237 10 166 234 33 126 1 27 122 37 116 129 191 226 251 18 164 108 252 130 173 232 81 244 185 172 246 6 241 123 203 222 195 101 249 84 59 197 52 94 61 153 214 198 131 128 38 68 152 196 29 238 35 193 63 44 40 67 227 96 228 177 8 89 146 212 215 229 90 56 184 74 143 50 115 162 14 255 77 236 0 240 85 12 30 182 139 78 175 110 224 100 138 26 16 17 210 157 80 253 53 180 60 159 136 144 167 46 147 99 149 65 25 200 174 13 20 91 111 54 221 3
168 81 164 175 53 48 249 8 160 222 182 186 193 236 183 110 75 73 103 244 152 184 21 47 196 4 204 123 218 153 49 170 198 227 52 79 237 130 233 64 38 154 65 254 136 5 200 151 129 225 181 156 224 221 95 205 240 84 78 28 13 210 138 54 185 208 172 127 228 119 31 37 191 246 245 147 51 178 92 60 43 83 215 35 163 101 140 197 217 146 85 179 104 148 97 121 232 155 134 77 90 56 27 76 194 29 144 24 25 109 19 231 22 80 242 66 57 91 255 36 243 212 143 105 113 167 252 44 108 88 195 177 202 139 248 206 176 235 86 18 33 169 70 251 149 116 161 211 214 32 69 162 67 59 126 98 189 111 188 20 16 230 207 30 173 114 253 229 7 55 157 46 158 17 34 250 112 122 226 96 11 72 124 117 2 102 190 9 40 106 128 45 26 187 74 93 41 82 142 62 100 165 241 133 12 94 199 99 141 71 239 107 220 209 145 132 120 15 135 216 137 234 50 3 125 115 39 23 131 6 247 10 61 150 219 192 201 213 14 223 87 89 159 180 63 68 1 174 118 171 42 0 58 203 166 238
72 18 137 157 223 133 197 166 58 214 224 61 158 205 40 62 164 176 104 193 55 154 33 16 129 26 85 130 60 255 128 170 125 231 254 28 109 21 144 161 243 6 237 94 187 168 172 199 114 10 42 32 213 204 89 185 112 91 76 233 31 252 132 200 23 241 190 46 196 221 95 4 150 69 149 145 51 37 210 171 82 253 251 103 219 3 202 45 242 230 119 143 194 11 67 124 5 113 44 49 101 36 121 24 50 174 244 39 83 120 8 41 52 138 1 209 25 162 136 29 59 19 38 198 236 182 249 35 215 165 186 151 235 169 98 220 188 54 48 123 183 96 184 105 13 117 178 173 135 127 181 246 239 248 146 63 225 84 216 222 250 227 159 160 195 78 147 22 116 75 47 201 9 0 17 217 71 107 156 70 203 142 12 240 247 68 99 79 81 212 106 207 43 153 152 167 110 64 80 126 139 86 245 90 177 97 192 140 73 87 229 14 155 234 53 232 20 7 65 148 115 56 118 88 191 180 228 206 66 100 226 163 218 108 30 27 2 122 93 57 15 208 92 74 179 102 175 131 134 211 111 238 189 141 77 34
101 213 134 42 146 207 202 164 156 210 20 13 22 175 92 254 113 245 251 24 1 188 189 224 107 176 51 145 104 76 230 38 0 46 246 100 136 185 99 232 171 41 14 21 97 128 108 110 241 135 236 72 182 181 196 139 93 109 155 168 115 19 119 206 126 221 169 102 116 3 43 184 8 82 6 49 36 94 177 144 85 147 117 220 209 2 235 95 129 255 192 247 137 59 56 31 151 122 86 44 237 121 103 208 131 204 160 163 240 140 12 218 170 106 63 47 166 186 252 162 226 195 87 243 253 90 187 234 69 91 193 205 133 222 84 183 62 45 158 55 114 159 89 29 157 199 154 5 28 57 138 50 173 190 17 35 11 123 216 197 201 228 143 39 71 61 242 233 118 214 141 120 105 7 60 26 161 229 52 15 219 75 225 250 124 33 179 98 178 174 80 66 239 200 111 27 25 132 248 32 231 74 16 4 148 172 223 40 96 153 34 142 73 78 130 65 150 53 79 203 18 68 112 149 37 70 81 167 30 238 54 191 165 58 88 48 67 227 10 211 23 64 244 194 215 180 9 198 127 249 217 83 77 152 212 125
24 198 191 200 98 15 177 36 168 174 202 179 111 112 147 30 99 229 68 27 254 153 216 0 224 169 23 59 108 22 155 94 219 192 199 20 51 31 33 164 58 159 250 105 104 119 62 16 32 78 91 38 197 42 129 49 144 92 25 39 181 221 107 186 5 184 227 214 17 100 67 8 70 40 143 132 180 158 18 52 178 115 170 60 237 234 209 74 45 9 222 160 44 26 131 54 127 83 86 163 63 190 141 93 29 241 225 89 109 175 85 149 118 10 166 176 13 110 157 247 14 116 128 56 145 7 106 240 223 81 233 37 82 12 207 80 122 77 183 206 235 61 228 96 113 195 213 189 46 139 120 124 151 66 217 249 239 165 156 41 137 64 43 28 185 238 204 84 152 230 193 142 253 148 173 47 211 102 21 101 97 3 244 162 123 34 205 203 55 171 210 154 252 194 182 71 95 146 218 19 76 212 65 251 1 53 243 73 231 2 126 196 246 35 72 215 248 4 90 208 161 232 114 88 236 11 226 245 150 188 134 201 242 167 117 138 103 187 121 50 172 140 6 255 75 135 48 136 57 220 69 130 125 87 79 133
194 108 120 235 5 32 239 94 229 20 209 47 75 4 226 121 164 57 118 166 123 53 45 26 23 19 96 95 214 24 60 150 154 168 225 171 76 18 40 27 192 34 136 73 196 90 177 231 80 63 86 223 147 102 2 62 70 232 22 188 46 255 21 143 71 88 125 158 29 36 249 200 9 186 101 222 224 64 155 11 211 217 69 243 3 220 48 14 134 202 175 93 42 33 138 28 52 126 167 146 151 87 113 144 107 248 99 30 253 180 251 110 234 17 109 172 181 55 106 238 114 6 142 85 1 81 148 128 213 191 97 41 141 176 115 197 190 208 129 230 78 91 207 104 198 16 241 111 160 170 13 169 221 112 187 152 233 183 252 216 100 12 10 161 65 245 185 68 201 212 15 149 105 25 182 54 153 173 61 205 103 50 92 131 203 44 237 124 56 72 122 35 119 159 133 242 49 218 206 0 79 219 178 244 8 162 250 39 254 77 189 130 116 51 83 139 228 59 240 215 199 184 37 66 67 38 246 163 157 227 89 84 74 7 210 179 156 31 247 236 145 204 127 174 82 135 117 193 165 195 58 137 140 43 98 132
198 159 255 211 186 254 251 125 235 15 114 108 58 43 240 168 84 215 238 202 157 3 149 61 67 221 21 20 177 81 208 122 90 73 113 245 65 193 131 170 227 247 176 115 209 134 178 127 151 7 185 164 107 120 86 57 106 224 59 174 54 55 139 49 6 52 110 17 96 87 121 30 66 18 242 173 135 143 197 27 74 138 118 225 207 232 169 23 236 206 10 116 48 63 199 100 26 179 146 191 241 244 62 99 192 97 89 156 128 219 141 218 50 46 5 237 60 203 144 28 4 37 85 187 76 188 47 64 25 142 152 1 126 41 102 154 147 32 132 220 39 70 136 158 75 56 217 104 123 71 112 172 92 130 195 16 163 42 124 229 129 171 101 14 137 250 239 175 162 150 45 165 246 167 9 80 33 155 145 69 53 161 36 22 40 91 180 249 222 231 243 44 253 117 119 189 210 93 98 31 204 148 201 72 0 88 233 196 13 111 194 205 83 78 24 38 190 252 212 216 223 11 213 140 105 103 133 19 182 214 51 77 226 34 234 153 248 183 79 200 228 2 82 109 12 160 8 94 68 184 95 29 166 35 230 181
111 97 27 189 89 227 155 178 2 253 45 108 213 93 114 125 147 8 21 188 28 87 86 29 69 100 133 184 78 162 240 129 66 197 226 90 122 222 48 216 41 244 207 76 159 135 0 136 161 79 211 249 47 223 56 231 132 101 238 210 80 144 1 179 96 203 153 121 91 52 110 112 54 215 49 37 177 156 146 126 247 143 81 35 40 217 195 13 131 232 71 142 248 212 109 53 113 94 252 3 64 174 242 194 218 193 243 42 201 166 181 18 141 72 128 241 175 220 51 92 214 55 224 84 68 30 24 16 170 168 151 26 98 23 31 59 173 65 130 14 58 32 107 46 250 124 115 158 77 185 138 104 150 169 17 182 237 102 118 187 22 99 70 233 20 9 120 154 228 39 36 50 221 123 251 95 180 167 171 106 33 255 145 157 116 209 239 163 74 6 246 127 73 164 62 44 254 34 82 230 57 15 25 152 204 11 192 219 176 38 229 83 225 198 191 12 196 67 85 88 190 199 206 245 7 148 235 140 19 234 149 105 172 60 5 75 208 117 103 139 236 183 134 160 137 186 119 10 205 200 43 63 4 61 165 202
108 146 116 175 26 213 228 109 10 191 89 56 101 151 154 227 9 102 7 254 66 38 129 51 128 215 211 170 147 225 113 54 193 169 202 250 97 241 98 212 229 190 52 62 166 36 206 12 64 57 197 42 130 204 235 46 68 240 221 127 14 33 236 22 82 2 40 105 181 73 207 34 139 39 81 11 179 47 160 149 85 72 60 210 75 156 77 174 245 198 65 55 234 218 71 201 187 205 1 90 159 132 141 153 209 163 27 29 99 120 3 8 196 114 58 111 237 0 253 143 106 178 21 104 115 248 243 189 203 100 162 122 126 133 176 123 50 15 13 43 184 92 124 216 242 136 199 144 63 158 93 244 110 138 167 247 19 177 70 173 4 233 94 5 194 76 200 140 91 69 165 121 96 164 161 35 145 180 24 18 223 208 150 78 249 125 148 112 67 168 59 226 232 131 186 185 87 246 118 32 255 238 23 155 230 103 41 80 137 157 86 25 119 44 88 37 61 172 95 74 17 30 251 222 16 134 224 84 219 220 49 214 171 217 20 182 6 252 31 195 231 183 152 83 45 53 107 192 239 48 28 135 117 142 79 188
245 100 87 14 45 2 251 0 60 130 237 15 152 229 18 40 20 59 115 213 206 46 62 90 7 50 13 128 120 240 39 181 54 167 16 102 99 134 65 190 185 24 253 110 226 36 144 11 93 250 84 235 189 88 79 117 103 118 177 89 218 42 197 214 202 208 138 23 164 140 195 135 158 125 44 58 150 6 81 230 49 207 231 82 47 43 161 32 30 196 68 255 160 178 223 225 232 133 106 186 157 168 34 244 165 216 57 246 193 109 136 188 52 191 132 94 199 149 179 183 9 159 242 171 148 31 92 56 192 83 227 35 166 145 248 25 241 71 4 5 180 98 26 126 129 55 142 22 3 172 155 215 249 108 67 169 37 217 162 174 211 104 221 96 64 77 220 74 17 70 163 147 238 146 203 10 29 75 234 111 48 201 12 205 151 219 63 21 61 222 212 127 116 69 41 91 236 78 119 243 252 85 8 187 66 124 200 247 156 141 76 228 233 27 105 131 204 114 224 137 112 19 1 198 154 153 101 53 143 113 182 121 254 28 95 73 33 239 175 97 107 51 123 72 173 194 86 122 170 139 210 176 184 209 38 80
27 209 145 254 141 114 107 183 112 238 1 4 106 115 122 161 178 64 151 56 190 150 65 21 88 231 176 246 124 33 19 55 152 99 50 76 53 102 35 181 121 116 214 234 175 232 81 118 13 198 105 5 143 71 94 173 169 216 24 129 9 30 41 63 179 192 104 199 3 2 200 240 16 49 100 249 78 156 45 237 113 142 6 38 138 219 132 212 160 123 247 75 51 0 52 77 250 127 165 218 139 227 147 48 17 154 126 251 60 172 95 12 119 69 37 7 223 26 28 225 131 220 208 93 72 62 42 163 59 252 206 211 133 111 184 47 148 242 58 164 128 25 224 29 10 168 174 235 90 158 110 134 109 159 213 117 82 97 189 57 243 44 157 91 136 222 8 130 226 140 255 239 201 195 187 86 84 67 197 14 194 202 230 89 236 46 185 229 203 23 217 166 40 31 74 248 101 54 20 66 85 188 98 153 18 34 103 193 15 241 149 191 180 36 70 144 210 207 221 137 39 167 11 96 83 87 22 204 171 61 73 32 125 155 79 245 177 162 43 244 80 233 215 170 205 253 146 228 186 196 68 120 182 108 135 92
152 169 27 216 6 92 133 255 96 10 125 109 71 65 57 211 209 192 67 139 64 72 100 214 106 171 55 99 73 148 87 36 165 156 199 118 226 179 145 191 210 58 223 23 143 159 228 63 140 111 19 61 50 161 195 14 80 77 91 7 164 37 136 221 208 212 147 74 41 186 198 157 250 25 204 115 47 32 168 114 205 103 85 40 75 123 16 98 56 66 193 245 52 233 5 217 79 15 124 11 239 232 53 237 108 126 129 231 240 247 31 48 189 21 181 60 20 190 146 213 101 46 116 249 158 144 180 22 224 175 201 178 227 160 51 246 241 84 104 45 102 206 243 138 68 230 130 13 196 219 43 39 86 149 254 134 155 166 188 49 62 229 69 128 127 70 110 141 174 225 119 203 26 170 107 238 12 131 163 8 89 2 82 30 248 117 200 176 0 177 202 120 252 35 88 9 97 17 173 142 24 251 121 185 42 220 137 244 194 162 132 93 151 153 95 1 90 78 218 197 187 167 33 184 122 76 81 3 236 54 172 18 112 183 34 253 150 94 154 135 38 44 105 215 28 235 4 234 29 83 242 207 222 59 182 113
188 153 212 213 156 71 45 53 178 32 221 1 25 198 129 189 37 114 233 203 220 112 39 90 54 219 34 130 171 80 251 16 15 119 243 95 149 63 42 169 132 161 107 93 245 103 100 136 142 91 109 123 201 235 7 181 246 4 179 9 176 55 86 231 116 127 200 172 244 183 77 234 31 240 83 204 241 121 111 52 92 229 88 41 115 160 20 89 144 165 21 67 225 217 56 182 137 152 194 216 5 237 8 87 22 140 138 24 104 166 232 79 122 35 191 224 98 105 163 146 210 155 62 143 48 199 125 118 29 236 0 238 33 124 133 209 60 157 78 173 230 168 187 131 126 254 223 69 158 117 17 208 148 70 186 190 74 141 64 40 65 23 3 218 205 252 128 36 46 145 101 247 228 175 108 250 207 135 184 72 192 154 215 227 94 59 195 99 147 97 197 50 113 43 73 2 248 110 222 193 61 151 68 150 139 76 159 134 102 26 14 253 51 47 13 18 162 12 28 84 57 96 226 249 82 30 180 58 211 214 196 27 120 81 242 174 11 49 255 75 185 170 202 85 10 164 106 177 6 239 206 19 167 44 38 66
192 161 3 74 27 149 139 63 47 155 30 16 34 85 174 243 216 225 237 38 247 111 113 183 204 87 92 25 198 142 195 66 0 82 227 190 7 105 188 199 77 72 18 32 184 246 206 210 217 5 207 134 99 97 127 13 176 208 45 71 220 28 228 147 242 177 73 194 222 251 76 103 6 154 2 88 62 178 89 23 160 29 224 175 153 249 205 180 248 245 119 229 9 108 102 52 37 234 162 78 209 232 196 151 252 143 55 61 215 15 14 171 75 202 116 84 67 107 239 59 187 125 164 221 241 170 109 203 128 172 121 145 1 179 158 101 114 80 51 100 218 53 168 48 49 133 43 255 46 104 11 90 81 115 24 60 12 236 167 129 137 191 21 68 132 112 219 201 226 163 17 230 200 4 110 42 57 193 94 20 173 140 185 235 238 56 93 186 91 83 150 122 213 135 212 44 40 254 231 54 197 138 22 253 31 79 181 70 182 41 58 19 136 146 250 120 35 96 148 141 26 126 214 33 64 130 152 69 50 211 98 117 65 106 166 86 124 189 10 157 36 118 223 123 165 95 8 131 244 233 169 156 144 39 159 240
222 195 19 174 191 179 185 115 255 141 117 172 112 135 102 21 35 127 238 58 207 26 184 208 59 24 20 138 9 7 173 45 232 137 155 200 202 209 110 83 163 134 145 11 221 142 193 34 223 170 86 113 165 29 168 109 71 176 126 156 160 241 136 219 148 125 8 69 33 169 60 204 12 143 122 225 2 218 48 236 237 157 75 3 103 106 32 119 254 235 149 132 192 226 85 44 146 14 194 139 151 188 81 198 73 41 54 197 51 249 47 140 124 215 123 180 242 6 52 211 88 25 178 244 182 128 196 40 253 38 199 189 104 93 46 18 68 213 55 96 220 229 62 240 164 43 101 177 224 133 118 53 205 210 4 82 108 181 91 201 114 89 251 233 175 131 130 78 30 120 90 159 98 231 5 72 50 10 216 152 74 84 28 100 49 150 171 63 99 147 116 187 153 161 186 15 57 77 64 246 22 234 228 0 37 107 214 247 129 206 250 17 252 36 92 190 183 23 39 67 239 27 245 105 97 217 16 158 31 144 248 79 76 111 42 167 162 1 230 87 203 13 121 243 70 227 61 212 166 65 56 94 80 95 154 66
28 183 115 116 151 34 103 233 72 31 3 157 220 0 228 173 27 63 112 26 159 98 223 196 203 24 55 35 37 168 62 163 254 109 108 123 66 20 36 82 95 42 201 46 133 53 148 96 29 43 185 225 111 190 9 188 231 218 21 104 71 12 74 44 147 136 184 162 22 56 182 119 174 64 241 238 213 78 49 13 226 164 48 30 135 58 131 87 90 167 67 194 145 97 33 245 229 93 113 179 89 153 122 14 170 180 17 114 161 251 18 120 132 60 149 11 110 244 227 85 237 41 86 16 211 84 126 81 187 210 239 65 232 100 117 199 217 193 50 143 124 128 155 70 221 253 243 169 160 45 141 68 47 32 189 242 208 88 156 234 197 146 2 152 177 51 215 106 25 105 101 7 248 166 127 38 209 207 59 175 214 158 1 198 186 75 99 150 222 23 80 216 69 255 5 57 247 77 235 6 130 200 250 39 76 219 252 8 94 212 165 236 118 92 240 15 230 249 154 192 138 205 246 171 121 142 107 191 125 54 176 144 10 4 79 139 52 140 61 224 73 134 129 91 83 137 202 195 204 102 19 181 40 172 178 206
182 7 84 83 202 12 48 138 142 156 213 159 64 6 28 15 180 22 124 61 184 78 165 219 68 51 74 211 135 90 245 50 58 220 10 176 34 243 9 131 59 76 113 146 17 24 237 188 252 174 89 210 212 52 143 254 199 205 57 231 246 208 36 2 122 190 163 81 30 21 126 16 40 114 155 134 139 75 101 132 95 236 87 18 241 168 239 98 222 5 97 160 169 43 94 226 102 249 130 73 244 69 136 116 201 179 85 29 129 164 103 185 178 196 117 218 66 79 195 92 186 4 229 99 148 158 1 157 209 100 175 140 221 171 240 204 88 255 253 149 53 233 173 56 189 200 3 137 93 13 170 42 141 161 49 193 91 38 80 119 191 32 225 112 44 60 110 23 107 147 121 230 37 206 194 0 67 207 166 232 251 150 238 27 242 65 177 118 104 39 71 127 216 47 228 203 187 172 25 54 55 26 234 151 145 215 77 72 62 250 198 167 144 19 235 224 133 192 115 162 70 123 105 181 153 183 46 125 128 31 86 120 96 108 223 248 20 227 82 217 8 197 35 63 247 214 109 152 45 106 154 111 41 33 14 11
177 16 11 109 129 70 127 231 13 163 93 255 155 38 221 244 68 64 111 174 24 159 180 191 213 74 87 254 94 153 152 95 135 166 199 250 144 228 51 195 132 8 37 156 188 33 114 27 107 55 18 142 225 201 0 202 227 145 22 60 113 34 122 42 198 167 49 21 146 210 67 245 162 14 219 187 157 118 176 178 120 26 115 103 243 222 212 192 58 209 147 101 106 28 6 79 197 43 137 208 59 23 175 119 179 160 63 69 130 240 53 5 29 4 54 108 12 232 247 84 207 138 194 52 241 31 117 158 25 121 35 150 134 96 90 82 236 234 217 92 164 89 97 125 239 131 196 80 124 98 173 112 61 190 181 224 143 251 204 170 216 235 83 248 48 168 184 253 88 165 136 44 86 75 186 220 39 105 102 116 32 189 62 161 246 233 237 172 99 66 211 223 182 20 50 229 140 72 57 193 139 230 128 110 65 100 148 41 123 81 91 218 15 77 3 30 242 104 40 149 36 9 2 78 7 133 151 154 1 10 17 56 73 214 46 206 85 45 215 171 238 126 71 141 19 183 169 205 47 249 200 226 203 252 185 76
0 205 206 207 208 209 210 211 212 213 214 215 216 217 218 219 220 221 222 223 224 225 226 227 228 229 230 231 232 233 234 235 236 237 238 239 240 241 242 243 244 245 246 247 248 249 250 251 252 253 254 255 1 2 3 4 5 6 7 8 9 10 11 12 13 14 15 16 17 18 19 20 21 22 23 24 25 26 27 28 29 30 31 32 33 34 35 36 37 38 39 40 41 42 43 44 45 46 47 48 49 50 51 52 53 54 55 56 57 58 59 60 61 62 63 64 65 66 67 68 69 70 71 72 73 74 75 76 77 78 79 80 81 82 83 84 85 86 87 88 89 90 91 92 93 94 95 96 97 98 99 100 101 102 103 104 105 106 107 108 109 110 111 112 113 114 115 116 117 118 119 120 121 122 123 124 125 126 127 128 129 130 131 132 133 134 135 136 137 138 139 140 141 142 143 144 145 146 147 148 149 150 151 152 153 154 155 156 157 158 159 160 161 162 163 164 165 166 167 168 169 170 171 172 173 174 175 176 177 178 179 180 181 182 183 184 185 186 187 188 189 190 191 192 193 194 195 196 197 198 199 200 201 202 203 204
128 207 229 216 126 223 70 7 130 24 111 165 14 252 20 157 81 36 191 251 4 166 211 122 235 189 210 77 5 22 59 92 218 225 183 134 198 120 35 156 158 253 89 200 145 151 3 177 192 154 237 203 68 136 109 27 231 222 72 217 241 60 101 80 85 21 47 78 41 182 33 219 187 114 185 44 168 206 43 106 115 244 40 172 48 195 76 19 190 15 82 62 147 125 31 230 75 110 49 131 124 142 63 164 12 25 141 38 132 205 175 45 94 104 202 103 155 46 121 86 167 117 186 150 34 201 199 95 254 179 119 2 135 146 204 83 39 214 116 243 87 107 250 139 37 239 26 65 137 233 171 58 245 6 56 224 53 93 67 176 238 152 140 0 13 153 112 178 197 96 184 228 188 11 123 64 50 240 17 73 162 248 174 149 133 118 226 255 1 227 180 97 91 161 23 18 8 196 144 113 90 220 181 170 79 138 61 108 16 69 51 127 99 129 247 71 74 232 32 66 42 54 169 194 221 173 28 163 209 143 236 9 193 160 55 98 246 52 100 57 242 234 215 212 208 30 29 148 213 249 84 88 102 159 105 10
97 226 95 104 192 115 39 173 231 52 99 8 248 183 80 85 134 212 238 56 221 76 244 219 126 108 50 6 5 208 160 250 220 34 228 106 135 202 180 140 91 27 204 214 158 230 179 25 46 193 229 22 246 62 28 36 61 145 187 207 194 121 152 109 103 0 167 237 89 122 4 81 125 147 127 166 222 65 58 153 169 197 114 157 120 235 227 92 146 33 161 19 123 209 206 241 172 42 37 131 105 217 78 143 251 118 200 102 191 87 41 195 186 224 210 225 29 196 70 149 49 66 54 60 245 130 16 247 47 242 10 232 151 165 2 113 188 82 156 59 83 189 154 150 13 139 137 48 175 107 12 30 75 77 84 240 213 38 9 20 141 96 17 68 164 98 45 216 243 40 159 43 239 201 51 1 31 35 116 11 94 23 255 138 199 163 44 190 79 142 18 252 100 132 93 178 111 112 32 205 133 233 236 162 249 129 110 24 7 67 101 215 174 21 144 69 14 26 63 211 73 203 171 184 72 181 124 177 15 254 90 253 55 117 136 182 86 218 155 53 119 57 3 71 170 128 168 74 64 234 223 176 148 198 88 185
135 156 140 125 233 7 8 234 187 104 98 168 30 25 15 203 151 120 97 227 188 177 86 145 68 115 23 76 58 134 106 136 254 78 81 239 39 73 49 61 176 201 228 180 35 170 216 150 243 16 200 167 62 105 253 59 107 64 249 241 222 219 215 37 36 155 220 1 91 95 109 166 112 17 214 236 223 133 230 77 14 137 31 118 172 21 4 27 164 88 43 198 3 11 173 218 129 242 196 217 84 12 29 66 99 225 232 190 141 205 127 42 163 165 5 96 207 152 158 10 184 199 161 244 210 75 143 116 34 238 229 79 224 248 67 108 87 92 28 54 85 48 189 40 226 194 121 192 51 175 213 50 113 122 251 47 179 55 202 83 26 197 22 89 69 154 132 38 237 82 117 56 138 131 149 70 171 19 32 148 45 139 212 182 52 101 111 209 110 162 53 128 93 174 124 193 157 41 208 206 102 6 186 126 9 142 153 211 90 46 221 123 250 94 114 2 146 44 246 33 72 144 240 178 65 252 13 63 231 60 100 74 183 245 159 147 0 20 160 119 185 204 103 191 235 195 18 130 71 57 247 24 80 169 255 181
216 94 184 206 53 65 248 82 199 43 177 160 18 170 229 19 204 144 17 59 14 120 143 172 253 165 33 50 132 150 126 238 76 57 61 88 3 154 186 176 102 93 233 74 1 235 220 122 175 141 21 89 167 130 79 190 85 110 239 148 39 213 38 34 195 181 99 60 226 142 140 247 108 147 91 189 131 119 8 32 83 155 211 13 149 2 188 193 245 180 10 168 194 63 133 183 227 9 152 185 196 27 145 98 169 51 25 173 203 163 182 87 125 71 138 179 104 54 75 40 124 58 242 109 77 198 192 12 72 240 73 249 157 6 67 62 24 16 70 135 128 137 35 207 114 228 105 111 139 116 48 49 84 222 36 166 5 219 191 90 153 0 161 106 215 251 45 214 92 31 156 129 136 212 243 223 225 101 250 96 187 42 41 56 254 208 224 15 28 230 134 234 66 241 81 29 217 231 118 158 44 123 197 121 164 151 209 37 4 200 7 232 80 69 117 95 210 244 115 52 107 252 174 171 146 11 237 201 159 97 236 218 68 246 64 20 23 100 255 127 78 30 221 178 162 26 46 112 22 86 55 202 103 113 205 47
185 143 207 152 59 140 45 196 122 115 26 233 0 235 30 121 130 206 57 154 75 170 227 165 184 128 123 251 220 66 155 114 14 205 145 67 183 187 71 138 61 37 62 20 255 215 202 249 125 33 43 142 98 244 225 172 105 247 204 132 181 69 189 151 212 224 91 56 192 96 144 94 194 47 110 40 70 254 245 107 219 190 58 148 65 147 136 73 156 131 99 23 11 250 48 44 10 15 159 9 25 81 54 93 223 246 79 27 177 55 208 211 193 24 117 78 239 171 8 46 252 72 182 167 199 82 7 161 103 174 3 236 203 16 164 41 35 63 150 209 210 153 68 42 50 175 29 218 253 22 195 126 186 34 111 230 200 217 109 36 87 51 216 31 127 168 77 248 13 12 116 240 92 146 60 39 166 129 158 104 90 242 100 97 133 139 88 106 120 198 232 4 178 243 1 176 6 173 52 83 228 113 124 197 169 241 180 74 231 28 237 80 201 238 118 108 49 89 226 85 38 112 157 17 86 141 162 18 64 222 214 53 179 134 149 191 213 2 234 5 84 19 137 135 21 101 163 229 76 119 32 188 221 95 102 160
214 111 36 190 132 203 32 10 232 45 193 70 64 92 179 238 239 182 97 71 79 204 58 247 27 51 224 155 215 63 140 4 229 246 138 65 116 80 245 60 156 197 106 22 42 41 145 14 121 175 89 68 195 158 187 133 119 16 129 126 162 168 117 135 149 227 6 33 207 17 30 205 35 202 81 112 2 142 153 226 198 15 209 103 5 57 11 109 230 12 147 137 78 118 255 114 67 141 186 46 115 170 191 47 93 251 243 82 208 163 178 220 242 31 8 34 113 48 166 164 50 130 192 3 105 148 61 217 250 124 131 189 172 236 181 88 169 74 225 151 144 55 7 0 9 59 150 159 235 86 183 104 199 1 194 213 157 152 25 249 95 184 143 43 234 174 96 212 216 100 167 90 66 91 49 29 244 231 23 154 62 72 171 127 18 254 201 134 21 233 161 210 98 218 180 241 253 120 85 221 125 173 123 223 76 139 69 99 28 19 136 248 219 87 177 94 176 165 102 185 160 128 52 40 24 77 73 39 44 188 38 54 110 83 122 252 20 108 56 206 84 237 240 222 53 146 107 13 200 37 75 26 101 211 196 228
80 158 59 90 227 250 202 13 109 58 91 60 33 67 244 223 243 196 191 21 143 247 233 3 203 124 17 79 211 255 89 51 118 147 185 81 163 28 123 199 74 226 10 23 187 142 197 26 141 222 213 184 162 34 8 239 29 14 176 18 212 99 5 249 229 77 45 6 11 238 19 121 44 182 128 146 170 27 190 173 177 62 104 125 135 1 92 235 86 83 0 115 150 76 220 161 72 94 105 95 242 15 64 188 108 116 130 216 110 219 149 145 205 232 48 112 41 93 136 7 152 245 180 50 97 84 140 198 103 157 218 4 210 127 75 52 129 252 16 9 144 46 2 194 106 56 192 186 189 154 224 167 155 55 25 164 20 107 114 160 88 253 200 237 61 73 126 236 234 38 101 100 183 119 85 165 174 69 70 201 24 138 178 36 169 102 207 40 193 241 208 54 12 153 179 111 53 151 132 57 32 47 49 217 37 206 43 159 228 131 113 181 254 71 230 168 30 209 225 78 248 87 215 175 134 98 148 22 240 156 96 214 171 35 65 82 139 246 42 231 66 166 172 63 137 68 133 117 251 195 122 221 120 39 31 204
23 88 141 137 103 108 252 102 118 174 147 186 61 84 172 120 15 148 46 49 31 117 210 171 77 9 101 139 90 165 20 5 37 175 100 254 196 12 96 74 41 109 2 134 128 156 243 47 48 246 161 135 143 13 122 56 91 115 33 219 24 127 204 68 38 55 202 129 180 144 54 124 220 6 170 86 106 105 209 78 185 239 153 132 4 222 251 197 183 80 193 190 226 232 181 199 213 36 70 97 16 81 94 14 99 11 145 176 66 206 217 35 7 79 18 167 69 121 75 173 39 76 211 201 142 182 64 178 131 205 250 110 179 234 255 111 157 60 52 146 17 227 242 29 51 95 72 98 177 112 230 228 114 194 1 67 169 212 125 26 59 188 195 253 236 45 245 152 233 138 34 215 208 119 71 0 73 123 214 223 44 150 247 168 8 65 3 22 221 216 89 58 159 248 207 107 43 238 160 21 25 164 231 154 130 155 113 93 53 40 87 218 126 136 235 191 82 63 10 198 85 42 225 19 162 27 244 50 62 184 149 30 189 237 187 32 140 203 133 163 92 83 200 57 28 151 241 158 240 229 166 249 224 192 116 104
14 105 224 254 16 73 180 231 165 255 100 106 252 71 2 67 51 185 129 56 155 54 228 220 138 92 248 24 161 184 136 202 43 247 25 249 222 1 178 157 177 130 125 210 77 181 167 192 137 58 206 13 145 189 23 240 52 81 119 15 97 217 57 133 8 160 199 212 121 76 131 215 75 156 147 118 96 223 197 173 218 203 110 207 146 33 194 183 163 11 234 195 200 172 208 55 233 116 62 80 104 216 124 107 111 251 38 59 69 190 26 169 20 17 0 49 84 10 154 95 6 28 39 29 176 204 253 122 42 50 64 150 44 153 83 79 139 166 237 46 230 27 70 196 86 179 114 239 31 18 74 132 37 91 152 193 144 61 9 241 63 186 205 198 78 235 191 128 40 245 126 120 123 88 158 101 89 244 214 98 209 41 48 94 22 187 134 171 250 7 60 170 168 227 35 34 117 53 19 99 108 3 4 135 213 72 112 225 103 36 141 229 127 175 142 243 201 87 113 45 242 85 66 246 221 236 238 151 226 140 232 93 162 65 47 115 188 5 164 102 219 143 159 12 182 21 149 109 68 32 82 211 174 90 30 148
211 225 229 236 24 226 153 118 116 146 32 195 227 64 90 239 47 247 166 6 196 92 213 241 15 95 122 25 173 21 107 81 197 108 42 179 48 243 194 172 13 224 199 12 9 138 248 28 127 121 71 56 253 181 97 228 251 215 170 16 162 74 80 234 34 33 190 94 221 135 103 86 126 3 78 206 144 183 240 5 189 128 222 147 191 140 164 20 198 177 120 133 99 70 119 237 72 187 67 68 152 62 19 65 123 30 109 100 134 43 79 31 255 186 148 156 210 40 87 151 131 238 220 245 182 36 249 219 23 129 61 76 212 113 39 192 159 204 254 2 75 112 205 110 102 169 141 232 154 231 63 59 18 250 73 216 157 41 17 50 98 200 89 201 60 77 38 155 165 14 139 54 115 167 160 45 145 233 52 83 149 171 88 69 230 117 136 84 125 185 105 143 208 29 176 55 137 242 142 184 114 27 150 8 252 188 175 163 58 178 4 180 22 93 46 168 158 82 66 174 49 35 53 104 193 7 235 244 1 57 11 130 132 202 223 106 111 44 217 161 214 85 0 101 246 209 26 124 207 218 96 91 37 51 203 10
217 49 46 42 119 118 237 47 83 173 177 191 248 194 99 41 63 50 215 57 159 96 219 113 200 254 103 86 109 246 170 125 25 85 93 255 45 211 69 23 44 166 94 111 148 181 52 59 17 223 32 209 124 245 247 87 178 34 234 240 92 11 26 243 71 37 157 225 198 116 65 56 161 51 75 149 190 169 174 110 136 167 130 16 122 53 21 203 19 133 2 40 132 195 204 78 129 6 137 29 165 108 24 104 171 151 236 214 120 64 164 199 138 220 213 231 152 253 101 114 230 127 221 39 9 134 183 193 36 192 244 135 210 175 1 206 20 239 123 35 33 184 88 13 208 91 224 235 38 172 128 48 205 77 176 196 84 228 126 73 115 154 226 67 5 147 79 95 145 58 142 182 156 10 72 241 229 0 102 242 201 12 31 185 18 62 22 100 212 153 139 74 106 162 251 82 8 238 222 207 60 89 90 61 14 186 180 250 112 107 97 30 233 202 179 54 15 4 168 227 150 197 105 158 140 216 188 218 81 160 163 66 121 155 131 143 3 28 55 7 117 252 43 232 70 98 27 249 144 187 80 141 189 146 76 68
28 54 176 144 10 4 79 139 52 140 61 224 73 134 129 91 83 137 202 195 204 102 19 181 40 172 178 206 183 115 116 151 34 103 233 72 31 3 157 220 0 228 173 27 63 112 26 159 98 223 196 203 24 55 35 37 168 62 163 254 109 108 123 66 20 36 82 95 42 201 46 133 53 148 96 29 43 185 225 111 190 9 188 231 218 21 104 71 12 74 44 147 136 184 162 22 56 182 119 174 64 241 238 213 78 49 13 226 164 48 30 135 58 131 87 90 167 67 194 145 97 33 245 229 93 113 179 89 153 122 14 170 180 17 114 161 251 18 120 132 60 149 11 110 244 227 85 237 41 86 16 211 84 126 81 187 210 239 65 232 100 117 199 217 193 50 143 124 128 155 70 221 253 243 169 160 45 141 68 47 32 189 242 208 88 156 234 197 146 2 152 177 51 215 106 25 105 101 7 248 166 127 38 209 207 59 175 214 158 1 198 186 75 99 150 222 23 80 216 69 255 5 57 247 77 235 6 130 200 250 39 76 219 252 8 94 212 165 236 118 92 240 15 230 249 154 192 138 205 246 171 121 142 107 191 125
52 156 211 245 221 233 93 118 145 97 207 87 133 67 160 188 117 84 234 22 170 231 24 236 166 158 139 136 132 209 208 72 137 173 8 12 26 83 29 189 131 153 140 50 147 249 186 54 203 35 89 193 176 199 81 5 215 115 175 183 90 135 46 159 113 134 1 184 201 238 16 142 149 107 58 122 44 214 80 82 177 13 124 69 75 182 101 116 78 161 127 247 60 33 206 155 146 251 141 165 239 25 4 9 200 226 2 220 106 212 143 111 38 109 223 92 130 222 30 39 168 219 96 227 119 255 198 114 194 6 241 71 49 210 154 254 34 228 55 48 66 242 88 191 204 65 217 56 129 99 224 18 28 126 27 79 225 45 10 91 41 110 74 213 125 123 19 178 103 43 181 59 70 128 7 218 138 40 167 11 31 174 63 216 163 205 244 61 157 95 237 169 185 235 148 232 17 246 100 162 76 64 0 192 77 36 102 121 20 108 152 112 190 47 243 229 164 196 252 86 172 98 73 57 42 150 179 180 151 104 21 15 85 202 197 187 120 68 37 14 144 105 94 3 62 240 32 195 248 230 51 23 53 171 250 253
228 153 193 167 21 83 252 240 0 113 253 212 23 42 196 29 73 33 111 223 164 150 85 117 173 7 93 19 249 233 218 71 100 101 72 25 197 191 6 123 118 108 41 244 213 190 65 26 15 179 238 161 208 116 169 151 227 199 229 92 171 174 77 132 166 142 154 14 39 66 18 128 8 54 243 81 109 38 5 155 198 91 152 200 157 87 79 60 57 53 130 129 248 58 94 184 188 202 4 205 110 52 74 61 226 68 170 107 230 124 211 10 114 97 120 2 181 136 36 96 104 11 56 222 80 34 55 177 105 122 159 192 63 70 28 234 43 220 135 1 3 98 189 45 245 251 103 22 37 254 82 48 168 236 209 127 76 67 172 62 86 160 201 180 185 121 147 178 141 27 133 64 32 214 30 144 13 51 143 206 215 89 140 17 148 40 176 119 35 115 182 162 247 225 131 75 175 210 149 231 224 242 163 9 112 125 241 138 232 50 20 145 194 204 47 203 255 146 221 186 12 217 31 250 134 46 44 195 99 24 219 102 235 246 49 183 139 59 216 88 187 207 95 239 137 84 126 165 237 78 16 158 90 106 156 69
61 101 139 231 39 48 177 228 105 236 128 9 207 123 203 15 250 80 58 219 163 8 43 237 64 57 75 251 97 200 213 74 226 65 138 108 233 27 37 135 36 88 234 54 19 100 50 119 83 222 134 132 28 187 112 52 190 68 79 137 16 227 147 49 176 20 40 183 72 225 172 214 253 70 166 104 246 178 194 244 157 241 26 255 109 171 85 73 0 201 86 45 111 130 29 117 161 121 199 56 252 238 173 205 6 95 181 107 82 66 51 159 188 189 160 113 30 24 94 211 206 196 129 77 46 23 153 114 103 12 71 249 41 204 2 239 60 32 62 180 4 7 165 220 254 230 242 102 127 154 106 216 96 142 76 169 197 126 93 243 31 179 240 33 245 175 167 148 145 141 218 217 81 146 182 17 21 35 92 38 198 140 162 149 59 156 3 195 63 212 44 98 202 185 208 90 14 224 124 184 192 99 144 55 168 122 143 10 193 210 247 25 151 158 116 67 131 53 223 89 91 186 22 133 78 84 191 110 125 87 170 136 1 69 42 215 164 155 5 150 174 248 34 13 18 209 235 11 229 115 221 152 120 47 118 232
204 95 134 147 56 11 66 150 10 91 82 53 31 158 132 108 153 138 45 142 81 223 129 118 98 201 169 130 135 107 143 245 168 51 252 15 39 151 59 42 46 186 228 249 4 125 216 104 210 207 0 239 19 200 89 30 196 218 229 219 111 139 188 57 232 240 254 85 234 88 18 14 74 101 172 236 165 217 5 131 21 114 49 174 221 208 9 67 227 26 87 128 79 251 199 176 253 121 140 133 13 170 126 63 230 180 61 55 58 23 93 36 24 179 149 33 144 231 238 29 212 122 69 106 185 197 250 105 103 162 225 224 52 243 209 34 43 193 194 70 148 7 47 160 38 226 76 164 62 110 77 178 136 22 48 235 177 20 1 181 156 171 173 86 161 75 167 28 97 255 237 50 123 195 99 37 154 78 94 202 117 211 84 44 3 222 17 146 109 25 220 83 40 159 189 206 8 115 166 100 190 35 41 187 6 192 2 241 120 64 246 90 244 163 155 73 27 183 214 96 119 71 137 233 182 215 184 157 191 113 92 112 65 60 145 12 116 102 127 72 248 141 203 80 124 213 175 242 16 54 205 32 152 247 68 198
251 121 237 148 82 219 88 28 234 212 53 9 239 52 49 178 33 68 167 161 111 96 38 221 137 13 36 255 210 56 202 114 120 19 74 73 230 134 6 175 143 126 166 43 118 246 184 223 25 45 229 168 7 187 231 180 204 60 238 217 160 173 139 110 159 22 112 227 107 108 192 102 59 105 163 70 149 140 174 83 119 71 40 226 188 196 250 80 127 191 171 23 5 30 222 76 34 4 63 169 101 116 252 153 79 232 199 244 39 42 115 152 245 150 142 209 181 17 194 16 103 99 58 35 113 1 197 81 57 90 138 240 129 241 100 117 78 195 205 54 179 94 155 207 200 85 185 18 92 123 189 211 128 109 15 157 176 124 165 225 145 183 248 69 216 95 177 27 182 224 154 67 190 48 37 228 215 203 98 218 44 220 62 133 86 208 198 122 106 214 89 75 93 144 233 47 20 29 41 97 51 170 172 242 8 146 151 84 2 201 254 125 0 141 31 249 66 164 247 3 136 131 77 91 243 50 10 14 21 64 11 193 158 156 186 72 235 12 104 130 24 87 32 206 46 236 132 253 26 55 135 162 65 213 61 147
31 58 70 192 157 38 197 245 195 40 148 211 141 171 100 91 208 65 36 159 249 166 248 237 174 2 232 200 124 112 96 149 145 111 116 5 110 126 182 155 194 69 92 180 128 23 156 54 57 39 125 218 179 85 17 109 147 98 173 28 13 45 183 108 7 204 20 104 82 49 117 10 142 136 164 251 55 56 254 169 143 151 21 130 64 99 123 41 227 32 135 212 76 46 63 210 137 188 152 62 132 228 14 178 94 114 113 217 86 193 247 161 140 12 230 4 205 191 88 201 198 234 240 189 207 221 44 78 105 24 89 102 22 107 19 153 184 74 214 225 43 15 87 26 175 77 129 83 181 47 84 219 209 150 190 72 186 139 213 3 118 187 242 8 119 165 68 60 154 25 235 250 37 59 103 80 106 185 120 238 236 122 202 9 75 177 220 133 34 67 196 203 6 244 53 253 160 241 146 42 223 216 127 79 0 81 131 222 231 52 158 255 176 16 73 11 30 229 224 97 66 167 1 215 115 51 246 168 29 33 172 239 162 138 163 121 101 61 48 95 226 134 144 243 199 90 71 18 206 93 50 233 27 170 35 252
190 181 197 11 101 178 149 57 99 88 199 233 52 118 115 129 45 202 75 174 4 246 250 185 112 79 224 236 195 33 63 242 153 85 70 206 152 243 141 123 78 113 161 54 136 94 104 231 28 90 16 43 255 117 53 162 49 22 15 91 20 146 164 167 14 23 30 69 86 227 59 219 98 58 228 184 251 139 84 154 32 196 182 218 60 7 213 239 216 10 198 89 29 24 122 142 83 140 244 26 176 106 13 168 51 234 2 81 77 124 187 37 172 193 204 226 87 100 12 107 166 165 108 148 179 212 8 157 241 64 208 145 21 50 169 201 46 127 40 120 68 31 155 238 214 0 215 240 158 35 73 126 47 135 55 211 180 62 34 159 223 80 3 175 27 232 200 170 131 189 191 133 39 128 116 1 235 225 205 71 222 160 114 119 41 19 92 210 56 150 221 72 36 188 132 192 173 76 82 143 253 66 18 42 17 67 121 25 245 5 97 220 151 207 65 254 44 130 171 38 134 48 163 147 109 103 95 249 247 230 105 177 102 110 138 252 144 209 93 137 111 186 125 74 203 194 237 156 9 217 183 229 248 96 6 61
76 17 77 180 2 121 91 108 255 182 233 197 107 177 18 59 223 139 159 158 7 131 238 37 206 185 57 20 49 250 236 133 246 243 24 30 234 252 11 89 123 150 69 134 147 67 152 64 198 229 119 4 15 88 60 132 71 220 122 174 128 226 92 129 9 254 195 235 117 231 184 3 48 163 232 32 53 164 210 113 105 199 70 25 40 82 104 148 125 151 230 165 28 26 167 247 54 120 222 10 178 79 112 241 248 51 34 98 43 205 31 191 87 13 6 172 124 0 126 176 12 21 97 203 45 221 61 118 56 75 19 14 142 111 212 46 5 160 96 36 213 74 78 217 29 207 183 208 166 146 106 93 140 16 179 189 33 244 135 116 63 251 138 95 23 72 215 80 42 103 115 237 202 83 242 35 240 85 193 1 186 216 145 136 253 110 81 204 39 211 38 27 219 47 22 245 169 157 141 194 190 156 161 50 155 171 227 200 239 114 137 225 173 68 201 99 102 84 170 8 224 130 62 154 192 143 218 73 58 90 228 153 52 249 65 149 127 94 162 55 187 181 209 41 100 101 44 214 188 196 66 175 109 144 168 86
216 174 146 237 159 236 68 64 23 255 78 221 162 46 22 55 103 205 94 206 65 82 43 160 170 19 144 59 120 172 165 50 150 238 57 88 154 176 93 74 235 122 141 89 130 190 110 148 213 34 181 60 142 247 147 189 119 32 155 13 2 193 180 168 63 183 9 185 27 98 51 173 163 87 71 179 54 40 58 109 198 12 240 249 6 62 16 135 137 207 228 111 116 49 222 166 219 90 0 106 251 214 31 129 212 223 101 96 42 56 208 15 230 234 241 29 231 158 123 121 151 37 200 232 69 95 244 52 252 171 11 201 97 218 246 20 100 127 30 178 26 112 86 202 113 47 184 53 248 199 177 18 229 204 17 14 143 253 33 132 126 76 61 3 186 102 233 1 220 175 21 167 79 85 239 39 38 195 99 226 140 108 91 131 8 83 211 149 188 245 10 194 133 227 152 196 145 169 25 203 182 125 138 104 75 124 242 77 192 72 73 157 67 24 70 128 35 114 105 139 48 84 36 5 191 153 161 215 45 92 156 136 243 225 250 187 41 254 224 28 134 66 81 217 118 44 197 164 209 4 7 80 117 210 115 107
202 111 110 58 10 100 70 139 78 211 240 52 30 245 196 132 54 64 8 80 29 130 151 43 79 127 96 167 133 141 166 250 37 57 44 226 2 214 208 0 17 87 194 227 109 186 230 252 232 16 72 170 163 3 19 47 219 7 225 85 77 197 251 138 11 124 228 59 56 91 22 147 142 236 210 67 183 248 101 223 50 207 41 192 146 45 36 74 60 75 134 46 175 254 154 171 159 165 95 235 121 97 152 92 115 82 1 15 107 218 38 187 6 164 188 39 4 255 118 244 242 153 25 212 117 135 180 182 189 90 63 143 114 125 246 201 122 173 14 203 150 66 93 145 9 148 89 51 156 106 136 140 221 116 199 128 105 243 49 13 149 40 184 247 123 102 205 237 198 28 216 217 137 55 238 83 86 12 99 234 215 129 112 172 206 65 24 126 249 174 119 131 168 61 178 53 21 34 177 31 229 27 120 104 195 103 160 222 241 32 191 68 5 158 224 162 108 176 20 233 18 179 169 84 73 26 253 48 193 35 76 200 209 42 220 144 23 81 157 204 113 98 33 185 190 239 62 88 161 71 181 94 69 231 213 155
68 13 152 8 95 102 148 76 241 188 225 49 61 114 224 222 26 89 88 171 107 73 153 162 57 58 189 12 126 166 24 157 90 195 28 181 229 196 42 255 141 167 99 41 139 120 45 20 35 37 205 25 194 31 147 216 119 101 169 242 59 218 156 18 197 213 66 236 75 203 163 122 86 136 10 228 144 84 202 159 23 53 70 127 234 30 219 54 154 160 51 125 56 121 105 239 183 110 209 108 27 19 192 146 47 78 215 238 190 1 97 46 79 48 21 55 232 211 231 184 179 9 131 235 221 246 191 112 5 67 199 243 77 39 106 135 173 69 151 16 111 187 62 214 253 11 175 130 185 14 129 210 201 172 150 22 251 227 17 2 164 6 200 87 248 237 217 65 33 249 254 226 7 109 32 170 116 134 158 15 178 161 165 50 92 113 123 244 80 223 74 71 0 103 138 64 208 149 60 82 93 83 230 3 52 176 96 104 118 204 98 207 137 133 193 220 36 100 29 81 124 250 140 233 168 38 85 72 128 186 91 145 206 247 198 115 63 40 117 240 4 252 132 34 245 182 94 44 180 174 177 142 212 155 143 43
78 71 149 154 200 121 17 62 73 124 130 94 11 197 119 186 50 234 55 212 107 72 42 106 127 232 30 169 56 224 180 114 250 36 45 33 89 8 126 128 14 99 47 63 58 21 144 214 7 98 215 80 31 185 168 108 142 181 35 137 65 140 25 217 44 117 204 244 242 195 188 147 255 83 41 40 221 24 171 143 192 163 157 229 241 139 175 203 104 172 226 64 194 220 60 230 54 67 129 164 189 211 102 46 190 68 111 170 19 182 123 110 184 199 179 61 141 160 133 39 187 22 252 135 245 32 254 91 152 136 69 66 231 6 90 134 222 176 228 131 1 237 233 5 165 34 166 115 201 27 84 150 153 167 28 249 122 12 81 243 53 100 207 193 15 174 0 178 23 205 223 120 77 16 113 48 162 38 76 219 209 210 148 95 18 191 246 118 253 97 74 82 105 239 85 37 87 3 218 138 112 206 213 29 49 247 159 196 158 52 173 202 116 227 70 101 86 10 132 156 145 75 92 155 251 151 96 57 183 43 103 216 198 177 146 88 79 4 93 2 235 109 20 225 161 9 240 208 59 51 238 248 26 236 13 125
59 119 10 177 183 82 137 136 38 197 69 238 206 189 229 106 181 54 247 31 88 108 37 231 70 250 39 243 12 123 46 25 223 236 202 173 222 85 175 35 170 171 255 165 122 168 226 133 212 203 237 146 182 134 103 34 251 4 58 143 190 254 234 86 68 93 30 139 97 67 126 232 164 179 60 216 142 40 7 52 102 105 178 215 53 213 205 17 244 80 2 79 166 162 121 98 176 64 5 144 120 153 201 48 192 49 163 180 141 3 13 117 242 157 218 15 8 148 248 81 155 186 252 19 191 172 78 220 239 187 228 33 208 246 56 132 24 158 240 90 245 32 217 130 253 111 100 36 23 11 161 26 107 28 125 196 149 16 6 185 169 22 152 138 156 207 41 110 83 92 104 160 114 233 235 50 71 209 214 147 65 9 62 188 0 204 94 57 129 227 55 66 199 194 140 154 51 113 73 77 84 127 74 1 221 219 249 135 43 75 167 193 87 150 95 14 109 44 195 61 89 118 198 225 128 21 124 210 184 45 211 145 27 151 91 42 20 116 72 47 115 112 241 96 131 230 224 174 159 101 29 200 76 99 63 18
76 79 72 90 11 112 215 228 89 241 80 153 123 248 42 52 150 51 103 249 69 34 115 65 134 98 237 149 147 43 202 127 67 205 83 94 152 31 242 162 64 191 35 55 198 87 240 187 229 13 85 181 119 6 193 209 4 172 1 41 15 124 186 100 88 0 216 101 60 126 145 44 132 176 136 214 71 12 253 188 220 21 110 196 122 97 81 66 174 203 204 175 128 45 39 109 226 221 211 144 92 61 38 168 129 118 27 86 9 56 219 17 254 75 47 77 195 19 22 180 235 14 245 2 117 142 169 121 231 111 157 91 184 212 141 108 3 46 194 255 48 5 190 182 163 160 156 233 232 96 161 197 32 36 50 107 53 213 155 177 164 74 171 18 210 78 227 59 113 217 200 223 105 29 239 139 199 207 114 159 70 183 137 158 25 208 225 7 40 166 173 131 82 146 68 238 104 106 201 37 148 93 99 206 125 140 102 185 151 16 84 57 230 179 170 20 165 189 8 49 28 33 224 250 26 244 130 236 167 135 62 133 247 116 154 246 54 63 192 243 120 251 143 24 222 138 218 30 10 95 73 234 178 23 58 252
248 231 50 236 46 30 164 108 35 134 33 207 199 117 71 227 3 140 163 115 181 22 226 4 228 201 235 157 136 156 109 104 189 56 160 146 171 116 37 185 247 124 168 2 219 31 60 98 249 76 196 36 112 242 139 178 191 100 55 110 194 54 135 126 97 75 202 176 152 197 182 89 186 125 12 173 162 142 245 213 174 179 151 187 34 212 95 41 59 83 195 103 86 90 230 17 38 48 169 5 148 254 251 0 28 63 244 133 74 240 7 18 8 155 183 232 101 21 29 43 129 23 132 62 58 118 145 216 25 209 6 49 175 65 158 93 218 10 252 53 111 16 70 131 172 123 40 243 220 42 165 184 177 57 214 170 107 19 224 105 99 102 67 137 80 68 223 193 77 188 20 27 73 1 166 113 150 229 241 39 149 147 206 14 13 96 32 253 78 87 237 238 114 192 51 91 204 82 15 120 208 106 154 121 222 180 66 92 24 221 64 45 225 200 215 217 130 205 119 211 72 141 44 26 94 167 239 143 81 198 122 138 246 161 255 128 88 47 11 61 190 153 69 9 127 84 203 233 250 52 159 210 144 234 79 85
141 249 22 206 173 68 111 4 65 113 70 255 247 228 225 221 43 42 161 226 7 97 101 115 172 118 23 220 242 229 139 236 83 20 143 37 124 178 27 10 33 170 94 49 204 9 17 179 224 135 248 202 223 90 18 35 72 105 231 238 196 147 211 133 48 169 171 11 102 213 158 164 16 190 205 167 250 216 81 149 122 40 244 235 85 230 254 73 114 93 98 34 60 91 54 195 46 232 200 127 198 57 181 219 56 119 128 2 53 185 61 208 89 32 203 28 95 75 160 138 44 243 88 123 62 144 137 155 76 177 25 38 154 51 145 218 188 58 107 117 215 116 168 59 134 99 180 130 199 163 47 214 212 108 12 192 132 15 148 159 217 96 52 227 129 1 100 120 8 152 50 252 39 78 150 246 184 71 3 19 69 237 66 106 80 189 251 165 153 0 26 166 125 191 210 109 197 241 201 24 136 77 63 253 30 86 175 6 187 162 146 131 239 13 14 240 193 110 104 174 36 31 21 209 157 126 103 233 194 183 92 151 74 121 29 82 64 140 112 142 5 84 87 245 45 79 55 67 182 207 234 186 41 176 222 156
110 92 155 31 10 113 145 106 191 124 125 45 218 146 246 249 175 7 142 123 37 20 80 114 228 187 34 157 82 27 39 76 224 86 216 184 197 85 194 137 190 28 12 103 11 68 130 149 195 99 231 168 66 132 70 16 84 183 141 181 87 77 247 236 189 161 211 101 198 239 108 117 205 128 52 186 244 65 112 21 6 196 93 98 147 225 251 69 234 89 2 232 139 121 63 19 18 221 173 8 233 47 241 119 148 215 193 153 104 40 217 227 171 243 192 38 59 206 242 35 4 75 41 49 74 158 200 220 207 134 165 122 116 0 180 250 102 135 17 94 138 160 140 179 235 78 71 166 182 210 127 170 133 248 240 105 159 46 174 32 136 222 219 254 185 55 50 144 118 230 91 156 9 131 213 115 204 100 54 208 199 237 223 238 42 209 83 162 62 79 67 73 3 143 29 5 60 255 23 245 164 178 15 126 201 95 169 72 96 202 167 163 26 152 150 61 188 120 25 43 88 90 97 253 226 51 22 33 154 109 30 81 177 111 58 229 1 53 172 56 252 214 64 14 44 48 129 24 107 36 13 151 212 176 57 203
185 169 241 180 74 231 28 237 80 201 238 118 108 49 89 226 85 38 112 157 17 86 141 162 18 64 222 214 53 179 134 149 191 213 2 234 5 84 19 137 135 21 101 163 229 76 119 32 188 221 95 102 160 143 207 152 59 140 45 196 122 115 26 233 0 235 30 121 130 206 57 154 75 170 227 165 184 128 123 251 220 66 155 114 14 205 145 67 183 187 71 138 61 37 62 20 255 215 202 249 125 33 43 142 98 244 225 172 105 247 204 132 181 69 189 151 212 224 91 56 192 96 144 94 194 47 110 40 70 254 245 107 219 190 58 148 65 147 136 73 156 131 99 23 11 250 48 44 10 15 159 9 25 81 54 93 223 246 79 27 177 55 208 211 193 24 117 78 239 171 8 46 252 72 182 167 199 82 7 161 103 174 3 236 203 16 164 41 35 63 150 209 210 153 68 42 50 175 29 218 253 22 195 126 186 34 111 230 200 217 109 36 87 51 216 31 127 168 77 248 13 12 116 240 92 146 60 39 166 129 158 104 90 242 100 97 133 139 88 106 120 198 232 4 178 243 1 176 6 173 52 83 228 113 124 197
245 44 4 8 15 58 5 187 152 150 180 66 229 6 98 124 18 81 26 200 40 230 126 247 20 49 129 156 59 207 55 141 115 231 142 76 213 82 22 228 206 47 3 233 46 43 172 27 62 161 155 105 90 32 215 131 7 30 249 204 50 196 108 114 13 68 67 224 128 255 169 137 120 160 37 112 240 178 217 19 39 223 162 1 181 225 174 198 54 232 211 154 167 133 104 153 16 106 221 101 102 186 96 53 99 157 64 143 134 168 77 113 65 34 220 182 190 244 74 121 185 165 17 254 24 216 70 28 253 57 163 95 110 246 147 73 226 193 238 33 36 109 146 239 144 136 203 175 11 188 10 97 93 52 29 107 250 191 75 51 84 132 234 123 235 94 111 72 189 199 48 173 88 149 201 194 79 179 12 86 117 183 205 122 103 9 151 170 118 159 219 139 177 242 63 210 89 171 21 176 218 148 61 184 42 31 222 209 197 92 212 38 214 56 127 80 202 192 116 100 208 83 69 87 138 227 41 14 23 35 91 45 164 166 236 2 140 145 78 251 195 248 119 0 135 25 243 60 158 241 252 130 125 71 85 237
140 6 171 241 82 123 32 203 223 222 71 195 47 101 15 249 121 84 113 59 45 197 55 52 88 94 43 61 75 153 187 214 133 198 211 131 216 128 7 38 183 68 79 152 124 196 135 29 186 238 192 35 156 193 73 63 4 44 181 40 248 67 112 227 41 96 117 228 19 177 169 8 134 89 104 146 168 212 189 215 39 229 92 90 231 56 118 184 31 74 242 143 176 50 57 115 98 162 107 14 95 255 151 77 70 236 188 0 190 240 76 85 161 12 109 30 125 182 120 139 83 78 206 175 21 110 69 224 160 100 22 138 142 26 93 16 247 17 230 210 170 157 204 80 243 253 97 53 199 180 127 60 202 159 87 136 24 144 106 167 179 46 11 147 51 99 49 149 2 65 250 25 209 200 62 174 145 13 103 20 102 91 28 111 86 54 233 221 205 3 254 220 225 114 219 235 36 9 48 178 201 34 237 132 10 163 166 148 234 72 33 194 126 218 1 207 27 137 122 154 37 217 116 58 129 213 191 158 226 119 251 245 18 105 164 165 108 23 252 5 130 239 173 208 232 150 81 141 244 66 185 155 172 64 246 42
137 106 100 170 32 27 17 205 153 122 99 229 190 179 88 147 70 117 25 78 60 136 108 138 1 80 83 241 41 75 51 63 178 203 230 182 37 172 218 152 245 18 202 169 64 107 255 61 109 66 251 243 224 221 217 39 38 157 222 3 93 97 111 168 114 19 216 238 225 135 232 79 16 139 33 120 174 23 6 29 166 90 45 200 5 13 175 220 131 244 198 219 86 14 31 68 101 227 234 192 143 207 129 44 165 167 7 98 209 154 160 12 186 201 163 246 212 77 145 118 36 240 231 81 226 250 69 110 89 94 30 56 87 50 191 42 228 196 123 194 53 177 215 52 115 124 253 49 181 57 204 85 28 199 24 91 71 156 134 40 239 84 119 58 140 133 151 72 173 21 34 150 47 141 214 184 54 103 113 211 112 164 55 130 95 176 126 195 159 43 210 208 104 8 188 128 11 144 155 213 92 48 223 125 252 96 116 4 148 46 248 35 74 146 242 180 67 254 15 65 233 62 102 76 185 247 161 149 0 22 162 121 187 206 105 193 237 197 20 132 73 59 249 26 82 171 2 183 158 142 127 235 9 10 236 189
228 230 114 181 104 80 105 63 43 3 245 37 168 76 86 185 141 32 13 215 148 35 247 175 224 112 232 194 255 12 134 99 235 139 187 137 237 90 153 83 113 42 33 150 7 233 101 191 108 190 179 116 199 174 142 66 54 38 91 87 53 58 202 52 68 124 97 136 11 34 122 70 220 98 251 254 236 67 160 121 27 214 51 89 40 115 225 210 242 125 50 204 146 217 46 24 246 59 207 84 78 106 193 252 253 196 111 85 93 218 72 6 41 65 238 169 229 77 154 18 243 5 152 79 130 94 4 74 170 211 120 36 56 55 159 28 135 189 103 82 209 172 201 147 133 30 143 140 176 182 131 149 163 241 20 47 221 31 44 219 49 216 95 126 16 156 167 240 212 29 223 117 19 71 25 123 244 26 161 151 92 132 14 128 81 155 200 60 129 184 205 61 107 10 2 96 222 177 192 234 1 45 22 48 127 62 180 178 64 144 206 17 119 162 75 231 9 138 145 203 186 250 195 102 183 88 239 165 158 69 21 0 23 73 164 173 249 100 197 118 213 15 208 227 171 166 39 8 109 198 157 57 248 188 110 226
5 19 178 23 110 30 125 73 6 20 162 202 88 167 241 165 208 195 253 81 48 244 51 21 124 113 161 139 254 33 159 96 151 41 218 215 190 55 26 245 203 141 25 7 112 35 108 64 67 144 44 171 122 74 10 222 206 70 90 156 66 130 99 246 147 157 249 91 138 228 250 97 109 37 126 243 87 221 204 62 214 18 63 248 188 61 103 58 164 187 216 42 209 77 94 176 194 170 27 120 101 105 132 47 198 230 220 146 137 22 118 45 24 9 166 219 185 65 133 211 174 123 234 129 154 28 192 83 2 82 78 239 225 143 104 15 186 184 36 152 191 135 233 175 163 52 76 127 199 255 57 193 46 232 237 34 224 54 212 238 107 177 227 16 53 196 229 240 71 189 142 213 95 69 217 247 207 226 131 169 115 182 223 148 98 119 84 168 102 31 153 121 242 236 56 116 29 117 38 201 50 111 106 68 60 114 179 172 181 79 251 158 17 149 155 183 160 92 93 128 11 80 210 49 8 235 134 197 0 205 150 4 40 89 3 136 75 200 173 180 1 32 12 14 145 39 140 231 86 85 100 43 252 13 59 72
94 83 215 152 50 116 54 255 68 167 125 165 71 61 231 220 173 145 195 85 182 223 92 101 189 112 36 170 228 49 96 5 245 180 77 82 131 209 235 53 218 73 241 216 123 105 47 3 2 205 157 247 217 31 225 103 132 199 177 137 88 24 201 211 155 227 176 22 43 190 226 19 243 59 25 33 58 142 184 204 191 118 149 106 100 0 164 234 86 119 1 78 122 144 124 163 219 62 55 150 166 194 111 154 117 232 224 89 143 30 158 16 120 206 203 238 169 39 34 128 102 214 75 140 248 115 197 99 188 84 38 192 183 221 207 222 26 193 67 146 46 63 51 57 242 127 13 244 44 239 7 229 148 162 254 110 185 79 153 56 80 186 151 147 10 136 134 45 172 104 9 27 72 74 81 237 210 35 6 17 138 93 14 65 161 95 42 213 240 37 156 40 236 198 48 253 28 32 113 8 91 20 252 135 196 160 41 187 76 139 15 249 97 129 90 175 108 109 29 202 130 230 233 159 246 126 107 21 4 64 98 212 171 18 141 66 11 23 60 208 70 200 168 181 69 178 121 174 12 251 87 250 52 114 133 179
176 157 24 120 34 149 133 95 89 81 235 233 216 91 163 88 96 124 238 130 195 79 123 97 172 111 60 189 180 223 142 250 203 169 215 234 82 247 47 167 183 252 87 164 135 43 85 74 185 219 38 104 101 115 31 188 61 160 245 232 236 171 98 65 210 222 181 19 49 228 139 71 56 192 138 229 127 109 64 99 147 40 122 80 90 217 14 76 2 29 241 103 39 148 35 8 1 77 6 132 150 153 255 9 16 55 72 213 45 205 84 44 214 170 237 125 70 140 18 182 168 204 46 248 199 225 202 251 184 75 15 10 108 128 69 126 230 12 162 92 254 154 37 220 243 67 63 110 173 23 158 179 190 212 73 86 253 93 152 151 94 134 165 198 249 143 227 50 194 131 7 36 155 187 32 113 26 106 54 17 141 224 200 0 201 226 144 21 59 112 33 121 41 197 166 48 20 145 209 66 244 161 13 218 186 156 117 175 177 119 25 114 102 242 221 211 191 57 208 146 100 105 27 5 78 196 42 136 207 58 22 174 118 178 159 62 68 129 239 52 4 28 3 53 107 11 231 246 83 206 137 193 51 240 30 116
241 248 200 250 166 126 46 20 114 121 192 212 155 67 104 66 215 81 110 24 135 233 9 249 173 40 64 53 238 255 63 159 59 4 220 91 206 11 124 106 85 54 251 242 167 1 165 143 17 183 133 69 172 148 116 222 214 146 156 189 144 176 33 234 57 62 108 29 180 225 236 32 38 2 174 105 27 94 213 142 218 120 15 235 205 14 35 140 193 77 219 132 88 22 158 199 208 196 252 171 34 36 177 7 210 226 221 184 52 122 170 6 123 243 194 93 76 16 50 89 198 45 228 48 188 125 207 25 112 152 150 103 96 55 163 246 204 203 129 187 79 51 100 71 65 137 149 47 83 111 12 80 134 227 102 128 223 138 217 230 37 72 97 119 10 209 98 231 19 78 182 90 31 18 92 107 87 224 49 68 41 202 95 185 160 43 153 195 162 254 60 44 232 229 139 169 253 42 130 84 136 39 164 145 141 168 73 197 74 23 109 190 247 58 61 75 191 157 30 175 244 151 216 8 115 101 178 82 0 86 186 113 131 28 240 179 21 211 70 201 239 127 117 118 56 3 181 99 154 26 161 5 237 245 13 147
39 242 185 101 181 248 228 58 36 197 141 241 21 215 42 35 53 229 75 178 191 52 204 43 116 86 211 5 15 113 14 66 212 32 252 78 28 97 61 200 112 110 6 165 90 30 168 46 57 115 249 205 125 27 154 253 18 161 50 203 150 192 231 48 144 82 224 156 172 222 135 219 4 233 87 149 63 51 0 179 64 23 89 108 7 95 139 99 177 34 230 216 151 183 239 73 159 85 60 44 29 137 166 167 138 91 8 2 72 189 184 174 107 55 24 1 131 92 81 245 49 227 19 182 235 217 38 10 40 158 237 240 143 198 232 208 220 80 105 132 84 194 74 120 54 147 175 104 71 221 9 157 218 11 223 153 145 126 123 119 196 195 59 124 160 250 254 13 70 16 176 118 140 127 37 134 236 173 41 190 22 76 180 163 186 68 247 202 102 162 170 77 122 33 146 100 121 243 171 188 225 3 129 136 94 45 109 31 201 67 69 164 255 111 56 62 169 88 103 65 148 114 234 47 20 193 142 133 238 128 152 226 12 246 251 187 213 244 207 93 199 130 98 25 96 210 79 117 209 17 26 155 206 83 214 106
136 54 129 94 175 125 194 158 42 209 207 103 7 187 127 10 143 154 212 91 47 222 124 251 95 115 3 147 45 247 34 73 145 241 179 66 253 14 64 232 61 101 75 184 246 160 148 0 21 161 120 186 205 104 192 236 196 19 131 72 58 248 25 81 170 1 182 157 141 126 234 8 9 235 188 105 99 169 31 26 16 204 152 121 98 228 189 178 87 146 69 116 24 77 59 135 107 137 255 79 82 240 40 74 50 62 177 202 229 181 36 171 217 151 244 17 201 168 63 106 254 60 108 65 250 242 223 220 216 38 37 156 221 2 92 96 110 167 113 18 215 237 224 134 231 78 15 138 32 119 173 22 5 28 165 89 44 199 4 12 174 219 130 243 197 218 85 13 30 67 100 226 233 191 142 206 128 43 164 166 6 97 208 153 159 11 185 200 162 245 211 76 144 117 35 239 230 80 225 249 68 109 88 93 29 55 86 49 190 41 227 195 122 193 52 176 214 51 114 123 252 48 180 56 203 84 27 198 23 90 70 155 133 39 238 83 118 57 139 132 150 71 172 20 33 149 46 140 213 183 53 102 112 210 111 163
184 124 192 165 83 32 23 128 18 42 116 157 136 141 77 103 134 97 238 89 20 243 170 241 100 224 7 99 162 171 45 96 228 104 251 132 75 246 71 138 118 203 181 87 31 131 166 105 187 180 198 119 220 68 81 197 94 188 6 231 101 150 160 3 159 211 102 177 142 223 173 242 206 90 2 255 151 55 235 175 58 191 202 5 139 95 15 172 44 143 163 51 195 93 40 82 121 193 34 227 114 46 62 112 25 109 149 123 232 39 208 196 0 69 209 168 234 253 152 240 29 244 67 179 120 106 41 73 129 218 49 230 205 189 174 27 56 57 28 236 153 147 217 79 74 64 252 200 169 146 21 237 226 135 194 117 164 72 125 107 183 155 185 48 127 130 33 88 122 98 110 225 250 22 229 84 219 10 199 37 65 249 216 111 154 47 108 156 113 43 35 16 13 9 86 85 204 14 50 140 144 158 215 161 66 8 30 17 182 24 126 63 186 80 167 221 70 53 76 213 137 92 247 52 60 222 12 178 36 245 11 133 61 78 115 148 19 26 239 190 254 176 91 212 214 54 145 1 201 207 59 233 248 210 38 4
245 209 18 39 144 197 81 223 136 92 26 162 203 212 200 1 175 38 40 181 11 214 230 225 188 56 126 174 10 127 247 198 97 80 20 54 93 202 49 232 52 192 129 211 29 116 156 154 107 100 59 167 250 208 207 133 191 83 55 104 75 69 141 153 51 87 115 16 84 138 231 106 132 227 142 221 234 41 76 101 123 14 213 102 235 23 82 186 94 35 22 96 111 91 228 53 72 45 206 99 189 164 47 157 199 166 3 64 48 236 233 143 173 2 46 134 88 140 43 168 149 145 172 77 201 78 27 113 194 251 62 65 79 195 161 34 179 248 155 220 12 119 105 182 86 0 90 190 117 135 32 244 183 25 215 74 205 243 131 121 122 60 7 185 103 158 30 165 9 241 249 17 151 252 204 254 170 130 50 24 118 125 196 216 159 71 108 70 219 85 114 28 139 237 13 253 177 44 68 57 242 4 67 163 63 8 224 95 210 15 128 110 89 58 255 246 171 5 169 147 21 187 137 73 176 152 120 226 218 150 160 193 148 180 37 238 61 66 112 33 184 229 240 36 42 6 178 109 31 98 217 146 222 124 19 239
188 26 88 14 41 253 115 51 160 47 20 13 89 18 144 162 165 12 21 28 67 84 225 57 217 96 56 226 182 249 137 82 152 30 194 180 216 58 5 211 237 214 8 196 87 27 22 120 140 81 138 242 24 174 104 11 166 49 232 255 79 75 122 185 35 170 191 202 224 85 98 10 105 164 163 106 146 177 210 6 155 239 62 206 143 19 48 167 199 44 125 38 118 66 29 153 236 212 0 213 238 156 33 71 124 45 133 53 209 178 60 32 157 221 78 1 173 25 230 198 168 129 187 189 131 37 126 114 254 233 223 203 69 220 158 112 117 39 17 90 208 54 148 219 70 34 186 130 190 171 74 80 141 251 64 16 40 15 65 119 23 243 3 95 218 149 205 63 252 42 128 169 36 132 46 161 145 107 101 93 247 245 228 103 175 100 108 136 250 142 207 91 135 109 184 123 72 201 192 235 154 7 215 181 227 246 94 4 59 179 195 9 99 176 147 55 97 86 197 231 50 116 113 127 43 200 73 172 2 244 248 183 110 77 222 234 193 31 61 240 151 83 68 204 150 241 139 121 76 111 159 52 134 92 102 229
153 200 70 119 129 227 128 180 71 146 111 192 142 211 175 59 226 224 120 24 204 144 27 160 171 229 108 64 239 141 13 112 132 20 164 62 9 51 90 162 3 196 83 15 31 81 249 78 118 92 201 8 177 165 0 38 178 137 203 222 121 209 253 213 36 148 89 75 10 42 98 187 18 199 174 158 143 251 25 26 252 205 122 116 186 48 43 33 221 169 138 115 245 206 195 104 163 86 133 41 94 76 152 124 154 17 96 99 2 57 91 67 79 194 219 246 198 53 188 234 168 6 34 218 185 80 123 16 77 125 82 12 4 240 237 233 55 54 173 238 19 109 113 127 184 130 35 232 254 241 151 248 95 32 155 49 136 190 39 22 45 182 106 61 216 21 29 191 236 147 5 214 235 102 30 47 84 117 243 250 208 159 223 145 60 181 183 23 114 225 170 176 28 202 217 179 7 228 93 161 134 52 1 247 97 242 11 85 126 105 110 46 72 103 66 207 58 244 212 139 210 69 193 231 68 131 140 14 65 197 73 220 101 44 215 40 107 87 172 150 56 255 100 135 74 156 149 167 88 189 37 50 166 63 157 230
76 149 127 94 162 55 187 181 209 41 100 101 44 214 188 196 66 175 109 144 168 86 17 77 180 2 121 91 108 255 182 233 197 107 177 18 59 223 139 159 158 7 131 238 37 206 185 57 20 49 250 236 133 246 243 24 30 234 252 11 89 123 150 69 134 147 67 152 64 198 229 119 4 15 88 60 132 71 220 122 174 128 226 92 129 9 254 195 235 117 231 184 3 48 163 232 32 53 164 210 113 105 199 70 25 40 82 104 148 125 151 230 165 28 26 167 247 54 120 222 10 178 79 112 241 248 51 34 98 43 205 31 191 87 13 6 172 124 0 126 176 12 21 97 203 45 221 61 118 56 75 19 14 142 111 212 46 5 160 96 36 213 74 78 217 29 207 183 208 166 146 106 93 140 16 179 189 33 244 135 116 63 251 138 95 23 72 215 80 42 103 115 237 202 83 242 35 240 85 193 1 186 216 145 136 253 110 81 204 39 211 38 27 219 47 22 245 169 157 141 194 190 156 161 50 155 171 227 200 239 114 137 225 173 68 201 99 102 84 170 8 224 130 62 154 192 143 218 73 58 90 228 153 52 249 65
218 30 232 136 236 68 243 83 31 219 233 120 160 46 125 199 123 166 153 211 39 6 202 9 234 82 71 119 97 212 246 117 54 109 254 176 173 148 13 239 203 161 99 238 220 70 248 66 22 25 102 2 129 80 32 223 180 164 28 48 114 24 88 57 204 105 115 207 49 96 186 208 55 67 250 84 201 45 179 162 20 172 231 21 206 146 19 61 16 122 145 174 255 167 35 52 134 152 128 240 78 59 63 90 5 156 188 178 104 95 235 76 3 237 222 124 177 143 23 91 169 132 81 192 87 112 241 150 41 215 40 36 197 183 101 62 228 144 142 249 110 149 93 191 133 121 10 34 85 157 213 15 151 4 190 195 247 182 12 170 196 65 135 185 229 11 154 187 198 29 147 100 171 53 27 175 205 165 184 89 127 73 140 181 106 56 77 42 126 60 244 111 79 200 194 14 74 242 75 251 159 8 69 64 26 18 72 137 130 139 37 209 116 230 107 113 141 118 50 51 86 224 38 168 7 221 193 92 155 0 163 108 217 253 47 216 94 33 158 131 138 214 245 225 227 103 252 98 189 44 43 58 1 210 226 17
207 28 223 86 43 162 192 209 11 118 169 103 193 38 44 190 9 195 5 244 123 67 249 93 247 166 158 76 30 186 217 99 122 74 140 236 185 218 187 160 194 116 95 115 68 63 148 15 119 105 130 75 251 144 206 83 127 216 178 245 19 57 208 35 155 250 71 201 98 137 150 59 14 69 153 13 94 85 56 34 161 135 111 156 141 48 145 84 226 132 121 101 204 172 133 138 110 146 248 171 54 255 18 42 154 62 45 49 189 231 252 7 128 219 107 213 210 0 242 22 203 92 33 199 221 232 222 114 142 191 60 235 243 2 88 237 91 21 17 77 104 175 239 168 220 8 134 24 117 52 177 224 211 12 70 230 29 90 131 82 254 202 179 1 124 143 136 16 173 129 66 233 183 64 58 61 26 96 39 27 182 152 36 147 234 241 32 215 125 72 109 188 200 253 108 106 165 228 227 55 246 212 37 46 196 197 73 151 10 50 163 41 229 79 167 65 113 80 181 139 25 51 238 180 23 4 184 159 174 176 89 164 78 170 31 100 3 240 53 126 198 102 40 157 81 97 205 120 214 87 47 6 225 20 149 112
245 4 5 180 98 26 126 129 55 142 22 3 172 155 215 249 108 67 169 37 217 162 174 211 104 221 96 64 77 220 74 17 70 163 147 238 146 203 10 29 75 234 111 48 201 12 205 151 219 63 21 61 222 212 127 116 69 41 91 236 78 119 243 252 85 8 187 66 124 200 247 156 141 76 228 233 27 105 131 204 114 224 137 112 19 1 198 154 153 101 53 143 113 182 121 254 28 95 73 33 239 175 97 107 51 123 72 173 194 86 122 170 139 210 176 184 209 38 80 100 87 14 45 2 251 0 60 130 237 15 152 229 18 40 20 59 115 213 206 46 62 90 7 50 13 128 120 240 39 181 54 167 16 102 99 134 65 190 185 24 253 110 226 36 144 11 93 250 84 235 189 88 79 117 103 118 177 89 218 42 197 214 202 208 138 23 164 140 195 135 158 125 44 58 150 6 81 230 49 207 231 82 47 43 161 32 30 196 68 255 160 178 223 225 232 133 106 186 157 168 34 244 165 216 57 246 193 109 136 188 52 191 132 94 199 149 179 183 9 159 242 171 148 31 92 56 192 83 227 35 166 145 248 25 241 71
112 244 6 43 76 202 209 167 118 182 104 19 140 142 237 73 184 129 135 242 161 176 138 221 187 52 120 93 11 215 206 56 201 225 44 85 64 69 5 31 62 25 166 17 203 171 98 169 28 152 190 27 90 99 228 24 156 32 179 60 3 174 254 66 46 131 109 15 214 59 94 33 115 108 126 47 148 251 9 125 22 116 189 159 29 78 88 186 87 139 30 105 70 151 101 170 134 18 185 183 79 238 163 103 241 119 130 188 67 23 198 100 227 71 91 234 123 21 223 10 49 121 217 155 42 229 245 40 208 37 77 51 160 222 136 124 0 252 137 96 162 181 80 168 212 172 250 107 48 34 224 1 57 146 232 158 133 117 102 210 239 240 211 164 81 75 145 7 2 247 180 128 97 74 204 165 154 63 122 45 92 255 53 35 111 83 113 231 55 58 216 16 50 26 38 153 178 205 157 12 147 193 127 220 248 177 144 39 82 230 36 84 41 226 218 199 196 192 14 13 132 197 233 68 72 86 143 89 249 191 213 200 110 207 54 246 114 8 95 149 253 236 4 141 65 20 175 235 243 150 195 106 219 173 194 61
195 66 246 186 69 202 213 16 150 106 26 183 55 154 174 62 206 104 51 93 132 204 45 238 125 57 73 123 36 120 160 134 243 50 219 207 0 80 220 179 245 9 163 251 40 255 78 190 131 117 52 84 140 229 60 241 216 200 185 38 67 68 39 247 164 158 228 90 85 75 8 211 180 157 32 248 237 146 205 128 175 83 136 118 194 166 196 59 138 141 44 99 133 109 121 236 6 33 240 95 230 21 210 48 76 5 227 122 165 58 119 167 124 54 46 27 24 20 97 96 215 25 61 151 155 169 226 172 77 19 41 28 193 35 137 74 197 91 178 232 81 64 87 224 148 103 3 63 71 233 23 189 47 1 22 144 72 89 126 159 30 37 250 201 10 187 102 223 225 65 156 12 212 218 70 244 4 221 49 15 135 203 176 94 43 34 139 29 53 127 168 147 152 88 114 145 108 249 100 31 254 181 252 111 235 18 110 173 182 56 107 239 115 7 143 86 2 82 149 129 214 192 98 42 142 177 116 198 191 209 130 231 79 92 208 105 199 17 242 112 161 171 14 170 222 113 188 153 234 184 253 217 101 13 11 162
255 54 14 18 25 68 15 197 162 160 190 76 239 16 108 134 28 91 36 210 50 240 136 2 30 59 139 166 69 217 65 151 125 241 152 86 223 92 32 238 216 57 13 243 56 53 182 37 72 171 165 115 100 42 225 141 17 40 4 214 60 206 118 124 23 78 77 234 138 10 179 147 130 170 47 122 250 188 227 29 49 233 172 11 191 235 184 208 64 242 221 164 177 143 114 163 26 116 231 111 112 196 106 63 109 167 74 153 144 178 87 123 75 44 230 192 200 254 84 131 195 175 27 9 34 226 80 38 8 67 173 105 120 1 157 83 236 203 248 43 46 119 156 249 154 146 213 185 21 198 20 107 103 62 39 117 5 201 85 61 94 142 244 133 245 104 121 82 199 209 58 183 98 159 211 204 89 189 22 96 127 193 215 132 113 19 161 180 128 169 229 149 187 252 73 220 99 181 31 186 228 158 71 194 52 41 232 219 207 102 222 48 224 66 137 90 212 202 126 110 218 93 79 97 148 237 51 24 33 45 101 55 174 176 246 12 150 155 88 6 205 3 129 0 145 35 253 70 168 251 7 140 135 81 95 247
240 75 82 40 246 55 232 147 13 15 110 201 57 2 8 115 34 49 11 94 60 180 248 221 139 88 79 184 74 98 172 213 192 197 133 159 190 153 39 145 76 44 226 42 156 25 63 155 218 227 101 152 29 160 52 188 131 47 127 194 174 4 237 143 87 187 222 161 243 236 254 175 21 124 137 253 150 244 62 32 157 206 216 59 215 12 158 233 198 24 229 43 7 146 58 56 207 111 36 231 114 247 3 61 195 151 71 228 100 199 219 107 251 149 96 138 177 249 90 28 170 102 118 168 81 165 205 179 33 95 9 252 0 125 10 224 35 54 208 41 85 45 123 235 176 162 97 129 185 19 105 31 6 245 230 83 112 113 84 37 209 203 18 135 130 120 53 1 225 202 77 38 27 191 250 173 220 128 181 163 239 211 241 104 183 186 89 144 178 154 166 26 51 78 30 140 20 66 255 93 121 50 17 167 210 103 164 212 169 99 91 72 69 65 142 141 5 70 106 196 200 214 16 217 122 64 86 73 238 80 182 119 242 136 223 22 126 109 132 14 193 148 48 108 116 23 68 234 92 46 67 189 117 134 171 204
166 64 103 175 16 209 96 28 44 94 7 91 131 105 214 21 190 178 0 51 191 150 216 235 134 222 11 226 49 161 102 88 23 55 111 200 31 212 187 171 156 9 38 39 10 218 135 129 199 61 56 46 234 182 151 128 3 219 208 117 176 99 146 54 107 89 165 137 167 30 109 112 15 70 104 80 92 207 232 4 211 66 201 247 181 19 47 231 198 93 136 29 90 138 95 25 17 253 250 246 68 67 186 251 32 122 126 140 197 143 48 245 12 254 164 6 108 45 168 62 149 203 52 35 58 195 119 74 229 34 42 204 249 160 18 227 248 115 43 60 97 130 1 8 221 172 236 158 73 194 196 36 127 238 183 189 41 215 230 192 20 241 106 174 147 65 14 5 110 255 24 98 139 118 123 59 85 116 79 220 71 2 225 152 223 82 206 244 81 144 153 27 78 210 86 233 114 57 228 53 120 100 185 163 69 13 113 148 87 169 162 180 101 202 50 63 179 76 170 243 213 83 132 142 240 141 193 84 159 124 205 155 224 188 72 239 237 133 37 217 157 40 173 184 242 121 77 252 154 26 125 145 33 177 75 22
172 48 242 112 85 92 168 199 179 181 57 206 52 143 253 252 12 210 164 180 226 239 186 90 190 22 197 37 240 173 187 74 114 255 79 153 77 120 107 165 248 215 156 218 188 36 25 73 51 166 200 71 8 63 208 130 127 102 222 193 157 115 53 192 174 24 202 20 231 234 56 211 83 34 241 177 134 118 237 2 68 233 42 11 158 59 69 161 3 50 140 162 9 21 204 38 155 254 133 116 229 126 185 230 160 100 228 15 225 76 99 128 209 121 244 6 88 106 82 194 32 13 17 44 214 110 142 132 58 49 189 30 212 191 176 78 131 97 232 45 123 86 35 146 41 66 195 104 250 169 249 245 151 137 55 16 182 98 96 203 64 103 47 145 87 75 219 243 39 111 167 224 105 213 144 149 201 136 221 124 150 19 89 139 183 220 108 141 152 238 101 54 125 7 236 129 159 119 138 43 81 27 94 135 60 10 31 251 80 14 198 65 33 154 148 223 28 196 29 205 113 217 23 18 235 227 26 91 84 93 246 163 70 184 61 67 95 72 4 5 40 178 247 122 216 175 147 46 109 0 117 62 171 207 1 170
238 21 66 232 90 44 65 187 115 132 169 202 73 80 38 244 53 230 145 11 13 108 199 55 255 6 113 32 47 9 92 58 178 246 219 137 86 77 182 72 96 170 211 190 195 131 157 188 151 37 143 74 42 224 40 154 23 61 153 216 225 99 150 27 158 50 186 129 45 125 192 172 2 235 141 85 185 220 159 241 234 252 173 19 122 135 251 148 242 60 30 155 204 214 57 213 10 156 231 196 22 227 41 5 144 56 54 205 109 34 229 112 245 1 59 193 149 69 226 98 197 217 105 249 147 94 136 175 247 88 26 168 100 116 166 79 163 203 177 31 93 7 250 0 123 8 222 33 52 206 39 83 43 121 233 174 160 95 127 183 17 103 29 4 243 228 81 110 111 82 35 207 201 16 133 128 118 51 254 223 200 75 36 25 189 248 171 218 126 179 161 237 209 239 102 181 184 87 142 176 152 164 24 49 76 28 138 18 64 253 91 119 48 15 165 208 101 162 210 167 97 89 70 67 63 140 139 3 68 104 194 198 212 14 215 120 62 84 71 236 78 180 117 240 134 221 20 124 107 130 12 191 146 46 106 114
136 172 53 94 103 91 147 66 184 186 72 157 105 121 116 79 202 17 65 156 18 138 89 243 226 166 200 239 93 195 123 198 83 20 102 175 7 47 45 253 246 205 58 141 99 98 24 82 229 201 250 221 215 32 44 197 233 6 162 230 29 122 252 23 118 33 112 125 187 222 247 14 160 104 248 126 169 228 77 240 181 168 242 2 237 119 199 218 191 97 245 80 55 193 48 90 57 149 210 194 127 124 34 64 148 192 25 234 31 189 59 40 36 63 223 92 224 173 4 85 142 208 211 225 86 52 180 70 139 46 111 158 10 251 73 232 0 236 81 8 26 178 135 74 171 106 220 96 134 22 12 13 206 153 76 249 49 176 56 155 132 140 163 42 143 95 145 61 21 196 170 9 16 87 107 50 217 254 216 110 231 5 174 30 128 159 144 68 190 214 203 133 150 213 54 209 154 115 241 101 161 19 1 235 204 146 137 62 151 60 38 167 78 28 219 67 43 11 117 109 41 51 84 39 71 183 129 207 212 3 179 75 120 131 182 188 152 69 255 177 244 108 37 113 15 165 130 100 164 185 35 88 227 114 27 238
33 74 99 126 78 188 68 114 48 141 169 98 65 215 3 151 212 5 217 147 139 120 117 113 190 189 53 118 154 244 248 7 64 10 170 112 134 121 31 128 230 167 35 184 16 70 174 157 180 62 241 196 96 156 164 71 116 27 140 94 115 237 165 182 219 252 123 130 88 39 103 25 195 61 63 158 249 105 50 56 163 82 97 59 142 108 228 41 14 187 136 127 232 122 146 220 6 240 245 181 207 238 201 87 193 124 92 19 90 204 73 111 203 11 20 149 200 77 208 100 236 179 95 175 242 222 52 30 191 135 235 15 209 36 29 47 223 69 172 185 46 198 37 110 80 205 254 9 107 8 60 206 26 246 72 22 91 55 194 106 104 255 159 84 24 162 40 51 109 243 199 119 21 148 247 12 155 44 197 144 186 225 42 138 76 218 150 166 216 129 213 253 227 81 143 57 45 0 173 58 17 83 102 1 89 133 93 171 28 224 210 145 177 233 67 153 79 54 38 23 131 160 161 132 85 2 251 66 183 178 168 101 49 18 250 125 86 75 239 43 221 13 176 229 211 32 4 34 152 231 234 137 192 226 202 214
215 125 190 237 89 75 152 56 0 60 160 87 105 2 214 153 250 185 44 175 213 101 91 92 30 232 155 73 128 255 135 234 211 219 242 121 222 174 224 140 100 20 249 88 95 166 186 129 41 78 40 189 55 84 253 109 207 238 223 147 14 38 27 212 229 37 133 33 233 194 65 180 240 98 80 59 28 225 216 141 230 139 117 246 157 107 43 146 122 90 196 188 120 130 163 118 150 7 208 31 36 82 3 154 199 210 6 12 231 148 79 1 68 187 116 192 94 244 209 179 243 9 114 167 51 193 106 62 251 132 173 182 170 226 145 8 10 151 236 184 200 195 158 26 96 144 235 97 217 168 67 50 245 24 63 172 19 202 22 162 99 181 254 86 126 124 77 70 29 137 220 178 177 103 161 53 25 74 45 39 111 123 21 57 85 241 54 108 201 76 102 197 112 191 204 11 46 71 93 239 183 72 205 248 52 156 64 5 247 66 81 61 198 23 42 15 176 69 159 134 17 127 169 136 228 34 18 206 203 113 143 227 16 104 58 110 13 138 119 115 142 47 171 48 252 83 164 221 32 35 49 165 131 4 149 218
6 138 192 96 61 76 168 36 222 23 136 70 115 201 242 109 205 119 234 218 180 174 166 65 63 46 176 248 173 181 209 68 215 25 164 208 182 2 196 145 19 10 53 227 80 33 254 45 64 167 77 132 252 13 82 172 249 220 128 170 159 15 49 123 189 186 200 116 18 146 245 75 62 66 1 183 150 40 52 11 104 134 58 224 156 141 22 223 59 212 194 149 184 232 125 207 165 175 47 99 161 87 114 71 188 124 233 120 93 86 162 91 217 235 238 85 94 101 140 157 43 130 35 169 129 44 255 67 210 155 225 103 12 253 34 131 78 29 55 32 81 14 160 100 95 193 213 154 211 60 97 247 177 84 239 122 50 73 152 148 195 3 108 243 9 20 42 158 171 83 178 237 236 179 219 250 28 79 228 57 135 24 216 92 121 240 17 117 198 111 191 139 102 226 54 30 0 31 56 229 106 144 197 118 206 126 27 251 133 105 230 39 151 74 246 98 48 16 241 202 5 7 204 110 199 187 72 51 41 21 142 38 231 185 190 112 90 163 26 127 221 37 143 107 4 203 8 244 147 153 214 69 137 89 113 88
109 230 167 65 131 69 15 83 182 140 180 86 76 246 235 188 160 210 100 197 238 107 116 204 127 51 185 243 64 111 20 5 195 92 97 146 224 250 68 233 88 1 231 138 120 62 18 17 220 172 7 232 46 240 118 147 214 192 152 103 39 216 226 170 242 191 37 58 205 241 34 3 74 40 48 73 157 199 219 206 133 164 121 115 0 179 249 101 134 16 93 137 159 139 178 234 77 70 165 181 209 126 169 132 247 239 104 158 45 173 31 135 221 218 253 184 54 49 143 117 229 90 155 8 130 212 114 203 99 53 207 198 236 222 237 41 208 82 161 61 78 66 72 2 142 28 4 59 254 22 244 163 177 14 125 200 94 168 71 95 201 166 162 25 151 149 60 187 119 24 42 87 89 96 252 225 50 21 32 153 108 29 80 176 110 57 228 255 52 171 55 251 213 63 13 43 47 128 23 106 35 12 150 211 175 56 202 91 154 30 9 112 144 105 190 123 124 44 217 145 245 248 174 6 141 122 36 19 79 113 227 186 33 156 81 26 38 75 223 85 215 183 196 84 193 136 189 27 11 102 10 67 129 148 194 98
132 77 153 4 101 22 117 174 112 131 75 70 198 167 13 102 61 216 152 92 14 130 134 18 85 8 239 9 222 202 162 149 196 72 235 245 89 45 191 172 119 52 194 151 79 128 16 136 98 159 171 38 3 139 43 91 41 141 249 57 242 17 201 192 54 166 137 5 95 12 94 83 20 103 78 46 225 213 197 250 246 212 217 106 211 227 28 1 40 170 193 26 229 124 2 155 158 140 226 64 25 186 118 210 248 199 19 129 114 146 29 209 108 50 121 205 183 150 218 111 243 237 10 97 156 157 100 15 244 252 122 231 165 200 224 142 73 133 236 58 177 147 164 56 238 34 253 163 233 74 115 24 195 215 214 63 187 39 93 7 241 113 76 105 51 37 189 47 44 80 86 35 53 67 145 179 206 125 190 203 123 208 120 254 30 175 60 71 144 116 188 127 21 178 230 184 27 148 185 65 55 251 36 173 32 240 59 104 219 33 88 109 220 11 169 161 255 126 81 96 138 160 204 181 207 31 221 84 82 223 48 110 176 23 66 234 135 168 42 49 107 90 154 99 6 87 247 143 69 62 228 180 0 182 232 68
17 138 75 228 39 232 178 246 90 48 88 249 239 154 143 96 68 118 8 105 146 15 24 112 35 214 93 151 227 19 183 168 103 255 5 54 132 158 231 141 251 164 139 46 28 225 181 180 128 80 170 140 209 148 26 55 122 100 60 11 202 124 134 78 150 99 200 221 113 149 197 166 237 203 211 236 65 107 127 114 41 72 29 23 0 87 157 9 42 179 1 45 67 47 86 142 240 233 73 89 117 34 77 40 155 147 12 66 208 81 194 43 129 126 161 92 217 212 51 25 137 253 63 171 38 120 22 111 7 216 115 106 144 130 145 204 116 245 69 224 241 229 235 165 50 191 167 222 162 185 152 71 85 177 33 108 2 76 234 3 109 74 70 188 59 57 223 95 27 187 205 250 252 4 160 133 213 184 195 61 16 192 243 84 18 220 136 163 215 79 218 159 121 226 176 206 210 36 186 14 198 175 58 119 83 219 110 254 62 193 172 20 52 13 98 31 32 207 125 53 153 156 82 169 49 30 199 182 242 21 135 94 196 64 244 189 201 238 131 248 123 91 104 247 101 44 97 190 174 10 173 230 37 56 102 6
150 71 141 162 45 50 238 156 100 153 24 0 40 185 148 220 63 146 157 35 30 231 245 142 204 164 168 175 218 165 92 57 55 85 226 134 166 3 29 178 241 186 105 200 135 31 152 180 209 34 61 219 112 215 46 20 136 47 236 118 242 182 133 111 207 163 138 206 203 77 187 222 66 60 10 250 192 120 36 167 190 154 109 210 101 13 19 173 228 227 129 33 160 74 42 25 65 197 17 145 83 122 179 199 128 67 161 86 130 79 103 214 137 116 59 72 38 9 58 176 11 126 6 7 91 1 213 4 62 224 48 39 73 237 18 225 194 125 87 95 149 234 26 90 70 177 159 184 121 230 188 158 217 68 255 15 151 52 233 131 98 143 193 196 14 51 144 49 41 108 80 171 93 170 2 253 212 189 12 155 96 235 211 244 37 139 28 140 254 16 232 94 104 208 78 248 54 106 99 239 84 172 246 22 88 110 27 8 169 56 75 23 64 124 44 82 147 223 115 249 76 181 81 123 53 221 89 202 191 127 114 102 252 117 198 119 216 32 240 107 97 21 5 113 243 229 247 43 132 201 174 183 195 251 205 69
93 83 185 197 125 214 76 175 54 37 150 47 106 151 81 21 149 191 146 252 20 49 130 42 165 182 9 27 3 115 208 189 193 220 135 31 63 53 234 225 110 206 133 112 97 254 52 18 153 221 44 7 211 67 217 242 116 25 171 90 170 166 72 58 231 192 103 19 17 124 240 24 223 66 8 251 140 164 215 32 88 145 26 134 65 70 122 57 142 45 71 195 10 60 104 141 29 62 73 159 22 230 46 183 157 50 80 40 59 219 2 203 15 56 236 186 207 172 1 190 119 241 209 75 69 144 204 117 205 126 34 138 199 194 156 148 202 12 5 14 167 84 246 105 237 243 16 248 180 181 216 99 168 43 137 96 68 222 30 0 38 238 92 128 177 91 224 163 33 6 13 89 120 100 102 233 127 228 64 174 173 188 131 85 101 147 160 107 11 111 198 118 213 161 94 108 250 35 176 255 74 253 41 28 86 169 136 77 139 109 212 201 249 227 87 121 247 184 239 129 51 48 23 143 114 78 36 229 113 95 200 123 196 152 155 232 132 4 210 162 98 55 39 158 178 244 154 218 187 79 235 245 82 179 226 61
123 37 120 49 26 164 225 189 70 216 105 168 44 23 126 158 119 204 137 138 58 231 159 4 7 188 20 155 136 50 33 93 127 241 200 47 170 95 40 52 89 237 99 229 197 210 98 207 150 203 41 25 116 24 81 143 162 208 112 244 181 79 145 83 29 97 196 154 194 100 90 5 249 202 174 224 114 211 252 121 130 218 141 65 199 2 78 125 34 19 209 106 111 160 238 9 82 247 102 15 245 152 134 76 32 31 234 186 21 246 60 254 132 161 228 206 166 117 53 230 240 184 1 205 51 72 219 255 48 17 88 54 62 87 171 213 233 220 147 178 135 129 0 193 8 115 148 30 107 151 173 153 192 248 91 84 179 195 223 140 183 146 6 253 118 172 59 187 45 149 235 232 12 198 68 63 157 131 243 104 169 22 144 226 128 217 113 67 221 212 250 236 251 55 222 96 175 75 92 80 86 16 156 42 18 73 13 36 3 177 191 28 139 214 108 182 85 109 215 180 176 39 165 163 74 201 133 38 56 101 103 110 11 239 64 35 46 167 122 43 94 190 124 71 242 14 66 185 69 10 227 77 27 57 61 142
230 234 196 2 14 136 101 237 141 189 139 239 92 155 85 115 44 35 152 9 235 103 193 110 192 181 118 201 176 144 68 56 40 93 89 55 60 204 54 70 126 99 138 13 36 124 72 222 100 253 1 238 69 162 123 29 216 53 91 42 117 227 212 244 127 52 206 148 219 48 26 248 61 209 86 80 108 195 254 255 198 113 87 95 220 74 8 43 67 240 171 231 79 156 20 245 7 154 81 132 96 6 76 172 213 122 38 58 57 161 30 137 191 105 84 211 174 203 149 135 32 145 142 178 184 133 151 165 243 22 49 223 33 46 221 51 218 97 128 18 158 169 242 214 31 225 119 21 73 27 125 246 28 163 153 94 134 16 130 83 157 202 62 131 186 207 63 109 12 4 98 224 179 194 236 3 47 24 50 129 64 182 180 66 146 208 19 121 164 77 233 11 140 147 205 188 252 197 104 185 90 241 167 160 71 23 0 25 75 166 175 251 102 199 120 215 17 210 229 173 168 41 10 111 200 159 59 250 190 112 228 232 116 183 106 82 107 65 45 5 247 39 170 78 88 187 143 34 15 217 150 37 249 177 226 114
53 255 49 192 57 19 80 92 214 179 60 219 12 217 62 170 233 163 193 122 113 230 87 58 181 16 188 15 4 196 24 254 222 146 134 118 171 167 133 138 27 132 148 204 177 216 91 114 202 150 45 178 76 79 61 147 240 201 107 39 131 169 120 195 50 35 67 205 130 29 226 42 126 104 71 139 32 164 158 186 18 77 78 21 191 165 173 43 152 86 121 145 63 249 54 157 234 98 68 85 232 159 210 174 84 154 250 36 200 116 136 135 239 108 215 14 183 162 34 252 26 227 213 110 223 220 1 7 211 229 243 66 100 127 46 111 124 44 129 41 175 206 96 236 247 65 37 109 48 197 99 151 105 203 69 106 241 231 172 212 94 208 161 235 25 140 209 9 30 141 187 90 82 176 47 2 17 59 81 125 102 128 207 142 5 3 144 224 31 97 199 242 155 56 89 218 225 28 11 75 20 182 8 168 64 245 238 149 101 0 103 153 244 253 74 180 22 198 38 95 33 52 251 246 119 88 189 23 237 137 73 13 190 51 55 194 6 184 160 185 143 123 83 70 117 248 156 166 10 221 112 93 40 228 115 72
234 96 89 48 156 239 197 196 122 180 72 44 93 64 58 130 142 40 76 104 5 73 127 220 95 121 216 131 210 223 30 65 90 112 3 202 91 224 12 71 175 83 24 11 85 100 80 217 42 61 34 195 88 178 153 36 146 188 155 247 53 37 225 222 132 162 246 35 123 77 129 32 157 138 134 161 66 190 67 16 102 183 240 51 54 68 184 150 23 168 237 144 209 1 108 94 171 75 0 79 179 106 124 21 233 172 14 204 63 194 232 120 110 111 49 251 174 92 147 19 154 253 230 238 6 140 241 193 243 159 119 39 13 107 114 185 205 148 60 97 59 208 74 103 17 128 226 2 242 166 33 57 46 231 248 56 152 52 252 213 84 199 4 117 99 78 47 244 235 160 249 158 136 10 176 126 62 165 141 109 215 207 139 149 182 137 169 26 227 50 55 101 22 173 218 229 25 31 250 167 98 20 87 206 135 211 113 8 228 198 7 28 133 186 70 212 125 81 15 151 192 201 189 245 164 27 29 170 255 203 219 214 177 45 115 163 254 116 236 187 86 69 9 43 82 191 38 221 41 181 118 200 18 105 145 143
178 119 223 29 24 241 233 32 97 90 99 252 169 76 190 67 73 101 78 10 11 46 184 253 128 222 181 153 52 115 0 123 68 177 213 7 176 54 248 118 91 98 174 205 185 187 63 212 58 149 4 3 18 216 170 186 232 245 192 96 196 28 203 43 246 179 193 80 120 6 85 159 83 126 113 171 254 221 162 224 194 42 31 79 57 172 206 77 14 69 214 136 133 108 228 199 163 121 59 198 180 30 208 26 237 240 62 217 89 40 247 183 140 124 243 8 74 239 48 17 164 65 75 167 9 56 146 168 15 27 210 44 161 5 139 122 235 132 191 236 166 106 234 21 231 82 105 134 215 127 250 12 94 112 88 200 38 19 23 50 220 116 148 138 64 55 195 36 218 197 182 84 137 103 238 51 129 92 41 152 47 72 201 110 1 175 255 251 157 143 61 22 188 104 102 209 70 109 53 151 93 81 225 249 45 117 173 230 111 219 150 155 207 142 227 130 156 25 95 145 189 226 114 147 158 244 107 60 131 13 242 135 165 125 144 49 87 33 100 141 66 16 37 2 86 20 204 71 39 160 154 229 34 202 35 211
161 20 246 240 57 69 222 3 31 187 255 54 147 22 48 143 58 137 150 212 247 17 39 185 129 18 151 194 253 102 10 206 193 12 27 7 144 224 243 216 122 15 105 80 218 73 115 82 174 235 219 152 149 59 89 173 217 50 4 56 214 84 65 61 88 248 117 249 198 29 110 167 233 236 250 111 77 205 95 164 71 136 183 35 21 98 2 0 6 106 33 51 203 160 99 196 131 245 121 159 47 37 38 231 178 101 19 74 201 81 180 157 165 188 67 168 120 170 86 46 221 195 34 41 112 132 75 242 24 241 135 1 30 199 55 153 184 169 93 215 239 228 158 175 238 79 234 179 140 11 126 186 44 26 5 229 171 162 87 176 85 63 192 103 53 244 92 68 36 142 134 66 76 109 64 96 208 154 232 237 28 204 100 145 156 207 213 177 94 25 202 14 133 62 138 40 190 155 125 189 210 60 113 252 139 52 8 197 78 119 128 116 172 91 209 211 97 182 130 146 141 104 227 42 90 181 43 163 114 13 251 191 225 9 118 220 148 223 108 45 127 200 32 72 70 23 16 230 83 166 124 123 49 107 254 226
225 211 122 56 193 62 2 208 186 27 238 213 26 23 152 7 42 141 135 85 70 12 195 111 242 10 229 184 30 176 88 94 248 48 47 204 108 235 149 117 100 140 17 92 220 158 197 254 19 203 142 236 161 205 154 178 34 212 191 134 147 113 84 133 251 86 201 81 82 166 76 33 79 137 44 123 114 148 57 93 45 14 200 162 170 224 54 101 165 145 252 234 4 196 50 8 233 37 143 75 90 226 127 53 206 173 218 13 16 89 126 219 124 116 183 155 246 168 245 77 73 32 9 87 230 171 55 31 64 112 214 103 215 74 91 52 169 179 28 153 68 129 181 174 59 159 247 66 97 163 185 102 83 244 131 150 98 139 199 119 157 222 43 190 69 151 1 156 198 128 41 164 22 11 202 189 177 72 192 18 194 36 107 60 182 172 96 80 188 63 49 67 118 207 21 249 3 15 71 25 144 146 216 237 120 125 58 231 175 228 99 0 115 5 223 40 138 221 232 110 105 51 65 217 24 239 243 250 38 240 167 132 130 160 46 209 241 78 104 253 61 6 180 20 210 106 227 255 29 109 136 39 187 35 121 95
132 208 254 175 71 116 127 178 184 148 65 251 173 240 104 33 109 11 161 126 96 160 181 31 84 223 110 23 234 168 49 90 99 87 143 62 180 182 68 153 101 117 112 75 198 13 61 152 14 134 85 239 222 162 196 235 89 191 119 194 79 16 98 171 3 43 41 249 242 201 54 137 95 94 20 78 225 197 246 217 211 28 40 193 229 2 158 226 25 118 248 19 114 29 108 121 183 218 243 10 156 100 244 122 165 224 73 236 177 164 238 253 233 115 195 214 187 93 241 76 51 189 44 86 53 145 206 190 123 120 30 60 144 188 21 230 27 185 55 36 32 59 219 88 220 169 255 81 138 204 207 221 82 48 176 66 135 42 107 154 6 247 69 228 0 232 77 4 22 174 131 70 167 102 216 92 130 18 8 9 202 149 72 245 45 172 52 151 128 136 159 38 139 91 141 57 17 192 166 5 12 83 103 46 213 250 212 106 227 1 170 26 124 155 140 64 186 210 199 129 146 209 50 205 150 111 237 97 157 15 252 231 200 142 133 58 147 56 34 163 74 24 215 63 39 7 113 105 37 47 80 35 67 179 125 203
160 35 141 133 65 75 108 63 95 207 153 231 236 27 203 99 144 155 206 212 176 93 24 201 13 132 61 137 39 189 154 124 188 209 59 112 251 138 51 7 196 77 118 127 115 171 90 208 210 96 181 129 145 140 103 226 41 89 180 42 162 113 12 250 190 224 8 117 219 147 222 107 44 126 199 31 71 69 22 15 229 82 165 123 122 48 106 253 225 19 245 239 56 68 221 2 30 186 254 53 146 21 47 142 57 136 149 211 246 16 38 184 128 17 150 193 252 101 9 205 192 11 26 6 143 223 242 215 121 14 104 79 217 72 114 81 173 234 218 151 148 58 88 172 216 49 3 55 213 83 64 60 87 247 116 248 197 28 109 166 232 235 249 110 76 204 94 163 70 135 182 34 20 97 1 0 5 105 32 50 202 159 98 195 130 244 120 158 46 36 37 230 177 100 18 73 200 80 179 156 164 187 66 167 119 169 85 45 220 194 33 40 111 131 74 241 23 240 134 255 29 198 54 152 183 168 92 214 238 227 157 174 237 78 233 178 139 10 125 185 43 25 4 228 170 161 86 175 84 62 191 102 52 243 91 67
49 253 198 13 146 55 41 77 174 121 72 98 75 124 57 203 143 138 236 1 197 254 103 140 35 220 127 27 165 93 116 195 191 238 46 151 31 52 63 85 201 214 126 221 25 24 222 7 38 71 122 16 100 178 67 4 135 164 28 60 160 241 154 234 182 145 14 97 73 0 74 99 17 149 187 240 161 249 169 70 39 176 148 18 82 194 117 34 141 91 59 29 245 48 50 247 153 242 230 115 94 84 64 185 81 19 228 233 155 133 206 69 170 9 80 186 150 47 246 51 32 190 196 2 112 180 132 156 131 181 235 139 104 119 211 79 10 66 179 113 158 244 30 152 248 162 22 6 223 217 209 108 106 89 219 36 216 224 252 111 3 68 207 251 225 45 239 188 62 53 96 15 123 76 42 88 107 210 120 175 40 56 125 215 37 8 171 213 202 58 92 166 232 229 243 159 61 189 33 118 105 109 44 226 193 83 95 54 147 177 101 12 199 184 65 11 102 255 237 192 227 20 168 250 208 218 90 142 204 130 157 114 231 167 21 163 136 129 205 134 5 23 26 128 137 144 183 200 86 173 78 212 172 87 43 110
28 203 47 24 32 55 189 35 242 37 208 168 88 62 156 163 234 254 197 109 146 108 2 123 152 66 177 20 51 36 215 82 106 95 25 42 105 201 101 46 7 133 248 53 166 148 127 96 38 29 209 43 207 185 59 225 175 111 214 190 158 9 1 188 198 231 186 218 75 21 99 104 150 71 222 12 23 74 80 44 216 147 69 136 255 184 5 162 57 22 247 56 77 182 235 119 6 174 130 64 200 241 250 238 39 213 76 78 219 49 252 13 8 226 94 164 212 48 165 30 236 135 118 58 92 131 240 87 15 90 230 167 249 67 154 194 192 145 138 97 205 33 246 245 171 229 121 93 142 113 107 179 191 89 125 153 54 122 176 14 144 170 10 180 4 17 79 114 139 161 52 251 140 18 61 120 224 132 73 60 134 149 129 11 91 110 83 244 137 227 202 85 195 237 204 41 102 86 19 16 181 211 40 84 172 126 178 81 206 187 183 210 115 239 116 65 151 232 34 100 103 117 233 199 72 217 31 193 3 50 157 143 220 124 0 128 228 155 173 70 27 221 63 253 112 243 26 169 159 160 98 45 223 141 196 68
166 246 67 251 122 140 143 245 254 6 45 62 203 35 195 74 34 204 160 227 115 60 130 8 172 158 194 36 238 189 215 192 241 174 65 5 255 98 118 59 116 220 2 152 82 244 144 27 210 233 57 53 100 163 13 148 169 180 202 63 76 243 83 142 141 84 124 155 188 239 133 217 40 184 121 252 26 145 177 22 103 16 96 44 7 131 214 190 0 191 216 134 11 49 102 23 111 31 187 156 38 10 135 199 56 234 151 3 208 176 146 107 165 167 109 15 104 92 232 211 201 181 47 198 136 90 95 17 250 68 186 32 126 197 48 12 164 108 168 149 52 58 119 229 42 249 18 248 43 97 1 221 236 73 196 127 183 41 230 20 106 147 14 110 24 139 123 85 79 71 225 223 206 81 153 78 86 114 228 120 185 69 113 87 162 101 50 179 170 213 132 240 193 159 205 224 72 237 37 157 173 242 77 154 125 33 75 64 175 209 28 94 91 105 21 178 51 150 235 222 226 161 88 55 200 212 171 9 39 218 129 61 46 182 128 219 117 99 54 89 137 30 112 70 80 207 4 66 247 19 231 93 29 138 25 253
45 216 160 87 186 85 4 251 169 123 24 55 192 215 167 233 74 23 56 25 253 32 209 188 208 161 156 241 108 212 198 223 168 89 237 44 176 220 54 16 83 112 150 46 128 248 88 164 39 191 230 243 152 107 162 246 106 187 178 149 127 254 228 204 249 234 141 238 177 64 225 214 194 42 10 226 231 203 239 86 9 147 93 111 135 247 155 138 142 27 69 90 100 221 57 200 51 48 0 80 115 41 185 126 37 59 70 60 207 235 29 153 73 81 95 181 75 184 114 110 170 197 13 77 6 58 101 227 117 210 145 15 62 49 105 163 68 122 183 224 175 92 40 17 94 217 236 229 109 11 222 159 71 21 157 151 154 119 189 132 120 20 245 129 240 72 79 125 53 218 165 202 26 38 91 201 199 3 66 65 148 84 50 130 139 34 35 166 244 103 143 1 134 67 172 5 158 206 173 19 232 118 144 76 18 116 97 22 252 12 14 182 2 171 8 124 193 96 78 146 219 36 195 133 250 174 190 43 213 52 180 140 99 63 113 242 205 121 61 179 136 255 30 47 104 211 7 196 31 131 137 28 102 33 98 82
36 194 238 212 32 226 175 49 40 83 2 110 63 29 75 94 197 107 162 27 43 112 202 24 250 158 200 189 45 79 153 219 216 230 146 48 176 20 105 92 96 31 213 180 70 82 41 134 164 88 254 186 171 52 253 89 242 224 179 214 7 155 237 195 205 77 129 191 117 144 101 218 154 8 150 123 116 192 121 247 10 13 115 124 131 170 187 73 160 65 199 159 74 30 97 240 185 255 133 42 28 64 161 108 59 85 62 111 44 190 130 125 223 243 184 241 90 127 22 207 114 14 152 80 103 182 178 225 33 138 18 39 50 72 188 201 113 208 12 11 209 249 25 58 109 3 87 165 54 246 122 151 15 47 147 228 141 221 169 132 1 84 60 0 61 86 4 136 174 227 148 236 156 57 26 163 135 5 69 181 104 21 128 78 46 16 232 35 37 234 140 229 217 102 81 71 51 172 68 6 215 220 142 120 193 56 157 251 67 173 137 34 233 38 19 177 183 244 99 167 119 143 118 168 222 126 91 106 198 66 252 53 166 100 145 231 17 139 235 149 9 248 210 204 196 95 93 76 206 23 203 211 239 98 245 55
26 147 84 237 48 241 187 255 99 57 97 3 248 163 152 105 77 127 17 114 155 24 33 121 44 223 102 160 236 28 192 177 112 9 14 63 141 167 240 150 5 173 148 55 37 234 190 189 137 89 179 149 218 157 35 64 131 109 69 20 211 133 143 87 159 108 209 230 122 158 206 175 246 212 220 245 74 116 136 123 50 81 38 32 0 96 166 18 51 188 10 54 76 56 95 151 249 242 82 98 126 43 86 49 164 156 21 75 217 90 203 52 138 135 170 101 226 221 60 34 146 7 72 180 47 129 31 120 16 225 124 115 153 139 154 213 125 254 78 233 250 238 244 174 59 200 176 231 171 194 161 80 94 186 42 117 11 85 243 12 118 83 79 197 68 66 232 104 36 196 214 4 6 13 169 142 222 193 204 70 25 201 252 93 27 229 145 172 224 88 227 168 130 235 185 215 219 45 195 23 207 184 67 128 92 228 119 8 71 202 181 29 61 22 107 40 41 216 134 62 162 165 91 178 58 39 208 191 251 30 144 103 205 73 253 198 210 247 140 2 132 100 113 1 110 53 106 199 183 19 182 239 46 65 111 15
172 254 100 121 13 49 97 66 137 103 111 136 220 7 27 14 196 227 184 178 0 242 57 164 197 79 156 200 222 202 241 42 140 133 228 244 17 189 232 195 55 47 167 221 108 236 94 198 29 26 61 247 117 112 206 180 37 153 218 71 193 20 177 11 162 116 15 6 44 30 45 104 16 145 224 124 141 129 135 65 205 91 67 122 62 85 52 226 240 77 188 8 157 231 134 158 9 229 225 88 214 212 123 250 182 87 105 150 152 159 60 33 113 84 95 216 171 92 143 239 173 120 36 63 115 234 118 59 21 126 76 106 110 191 86 169 98 75 213 19 238 119 10 154 217 93 72 175 207 168 253 186 187 107 25 208 53 56 237 69 204 185 99 82 142 176 35 249 96 219 144 89 101 138 31 148 23 246 4 147 1 199 252 90 74 165 73 130 192 211 2 161 38 230 128 194 132 78 146 245 203 243 149 139 54 43 251 223 18 163 5 46 170 179 12 190 114 248 51 127 174 83 68 3 155 160 209 32 58 131 41 151 64 39 201 183 125 81 80 28 235 70 40 109 48 181 210 22 255 215 166 102 24 34 233 50
135 233 30 188 58 39 35 62 222 91 223 172 3 84 141 207 210 224 85 51 179 69 138 45 110 157 9 250 72 231 0 235 80 7 25 177 134 73 170 105 219 95 133 21 11 12 205 152 75 248 48 175 55 154 131 139 162 41 142 94 144 60 20 195 169 8 15 86 106 49 216 253 215 109 230 4 173 29 127 158 143 67 189 213 202 132 149 212 53 208 153 114 240 100 160 18 255 234 203 145 136 61 150 59 37 166 77 27 218 66 42 10 116 108 40 50 83 38 70 182 128 206 211 2 178 74 119 130 181 187 151 68 254 176 243 107 36 112 14 164 129 99 163 184 34 87 226 113 26 237 171 52 93 102 90 146 65 183 185 71 156 104 120 115 78 201 16 64 155 17 137 88 242 225 165 199 238 92 194 122 197 82 19 101 174 6 46 44 252 245 204 57 140 98 97 23 81 228 200 249 220 214 31 43 196 232 5 161 229 28 121 251 22 117 32 111 124 186 221 246 13 159 103 247 125 168 227 76 239 180 167 241 1 236 118 198 217 190 96 244 79 54 192 47 89 56 148 209 193 126 123 33 63 147 191 24
240 29 215 177 185 239 69 116 180 160 12 249 19 211 65 23 248 52 158 90 105 241 142 68 221 188 233 28 31 104 141 234 139 131 198 170 6 183 5 92 88 47 24 102 245 186 70 46 79 127 229 118 230 89 106 67 184 194 43 168 83 144 196 189 74 174 7 81 112 178 200 117 98 4 146 165 113 154 214 134 172 237 58 205 84 166 16 171 213 143 56 179 37 26 217 204 192 87 207 33 209 51 122 75 197 187 111 95 203 78 64 82 133 222 36 9 18 30 86 40 159 161 231 252 135 140 73 246 190 243 114 0 130 20 238 55 153 236 247 125 120 66 80 232 39 254 3 10 53 255 182 147 145 175 61 224 1 93 119 13 76 21 195 35 225 121 242 15 44 124 151 54 202 50 136 110 226 137 71 208 77 17 223 201 42 253 228 41 38 167 22 57 156 150 100 85 27 210 126 2 25 244 199 45 191 103 109 8 63 62 219 123 250 164 132 115 155 32 107 235 173 212 14 34 218 157 251 176 220 169 193 49 227 206 149 162 128 99 148 11 101 216 96 97 181 91 48 94 152 59 138 129 163 72 108 60
97 232 68 178 177 192 135 89 105 151 164 111 15 115 202 122 217 165 98 112 254 39 180 4 78 2 45 32 90 173 140 81 143 113 216 205 253 231 91 125 251 188 243 133 55 52 27 147 118 82 40 233 117 99 204 127 200 156 159 236 136 8 214 166 102 59 43 162 182 248 158 222 191 83 239 249 86 183 230 65 87 189 201 129 218 80 179 58 41 154 51 110 155 85 25 153 195 150 1 24 53 134 46 169 186 13 31 7 119 212 193 197 224 139 35 67 57 238 229 114 210 137 116 101 3 56 22 157 225 48 11 215 71 221 246 120 29 175 94 174 170 76 62 235 196 107 23 21 128 244 28 227 70 12 255 144 168 219 36 92 149 30 138 69 74 126 61 146 49 75 199 14 64 108 145 33 66 77 163 26 234 50 187 161 54 84 44 63 223 6 207 19 60 240 190 211 176 5 194 123 245 213 79 73 148 208 121 209 130 38 142 203 198 160 152 206 16 9 18 171 88 250 109 241 247 20 252 184 185 220 103 172 47 141 100 72 226 34 0 42 242 96 132 181 95 228 167 37 10 17 93 124 104 106 237 131
146 213 251 147 229 94 189 10 140 37 76 89 253 208 8 92 207 33 24 250 228 100 74 50 95 80 242 84 23 165 71 60 40 143 111 72 77 49 85 187 110 248 194 212 236 93 1 239 243 128 170 191 201 67 158 46 152 149 0 181 216 142 31 227 138 160 171 161 53 81 130 254 174 182 196 27 176 30 215 211 16 43 114 178 107 159 202 73 218 56 246 116 163 150 206 9 169 223 29 70 21 193 141 118 195 63 82 75 210 112 68 5 172 122 3 252 255 220 35 233 221 121 91 230 86 173 180 226 154 64 11 48 127 139 192 47 45 104 167 166 249 185 151 231 240 135 136 12 90 204 244 102 235 168 18 106 4 52 19 120 78 219 245 177 119 217 198 123 98 113 115 28 103 17 109 225 39 197 179 247 65 137 41 234 96 20 36 144 59 153 26 241 200 164 214 88 51 222 162 25 237 101 131 148 205 57 108 42 132 232 238 129 203 134 199 183 62 6 188 32 186 105 97 15 224 125 156 38 61 13 79 175 124 157 126 99 133 55 34 54 7 2 87 209 58 44 69 14 190 83 145 22 66 155 117 184
0 171 179 187 195 203 211 219 227 235 243 251 4 12 20 28 36 44 52 60 68 76 84 92 100 108 116 124 132 140 148 156 164 172 180 188 196 204 212 220 228 236 244 252 5 13 21 29 37 45 53 61 69 77 85 93 101 109 117 125 133 141 149 157 165 173 181 189 197 205 213 221 229 237 245 253 6 14 22 30 38 46 54 62 70 78 86 94 102 110 118 126 134 142 150 158 166 174 182 190 198 206 214 222 230 238 246 254 7 15 23 31 39 47 55 63 71 79 87 95 103 111 119 127 135 143 151 159 167 175 183 191 199 207 215 223 231 239 247 255 8 16 24 32 40 48 56 64 72 80 88 96 104 112 120 128 136 144 152 160 168 176 184 192 200 208 216 224 232 240 248 1 9 17 25 33 41 49 57 65 73 81 89 97 105 113 121 129 137 145 153 161 169 177 185 193 201 209 217 225 233 241 249 2 10 18 26 34 42 50 58 66 74 82 90 98 106 114 122 130 138 146 154 162 170 178 186 194 202 210 218 226 234 242 250 3 11 19 27 35 43 51 59 67 75 83 91 99 107 115 123 131 139 147 155 163
217 89 4 155 187 177 103 94 234 75 2 236 221 123 176 142 22 90 168 131 80 191 86 111 240 149 40 214 39 35 196 182 100 61 227 143 141 248 109 148 92 190 132 120 9 33 84 156 212 14 150 3 189 194 246 181 11 169 195 64 134 184 228 10 153 186 197 28 146 99 170 52 26 174 204 164 183 88 126 72 139 180 105 55 76 41 125 59 243 110 78 199 193 13 73 241 74 250 158 7 68 63 25 17 71 136 129 138 36 208 115 229 106 112 140 117 49 50 85 223 37 167 6 220 192 91 154 0 162 107 216 252 46 215 93 32 157 130 137 213 244 224 226 102 251 97 188 43 42 57 255 209 225 16 29 231 135 235 67 242 82 30 218 232 119 159 45 124 198 122 165 152 210 38 5 201 8 233 81 70 118 96 211 245 116 53 108 253 175 172 147 12 238 202 160 98 237 219 69 247 65 21 24 101 1 128 79 31 222 179 163 27 47 113 23 87 56 203 104 114 206 48 95 185 207 54 66 249 83 200 44 178 161 19 171 230 20 205 145 18 60 15 121 144 173 254 166 34 51 133 151 127 239 77 58 62
102 5 149 173 224 41 97 154 35 143 74 79 131 66 151 54 80 204 19 69 113 150 38 71 82 168 31 239 55 192 166 59 89 49 68 228 11 212 24 65 245 195 216 181 10 199 128 250 218 84 78 153 213 126 214 135 43 147 208 203 165 157 211 21 14 23 176 93 255 114 246 252 25 2 189 190 225 108 177 52 146 105 77 231 39 0 47 247 101 137 186 100 233 172 42 15 22 98 129 109 111 242 136 237 73 183 182 197 140 94 110 156 169 116 20 120 207 127 222 170 103 117 4 44 185 9 83 7 50 37 95 178 145 86 148 118 221 210 3 236 96 130 1 193 248 138 60 57 32 152 123 87 45 238 122 104 209 132 205 161 164 241 141 13 219 171 107 64 48 167 187 253 163 227 196 88 244 254 91 188 235 70 92 194 206 134 223 85 184 63 46 159 56 115 160 90 30 158 200 155 6 29 58 139 51 174 191 18 36 12 124 217 198 202 229 144 40 72 62 243 234 119 215 142 121 106 8 61 27 162 230 53 16 220 76 226 251 125 34 180 99 179 175 81 67 240 201 112 28 26 133 249 33 232 75 17
42 224 79 114 213 207 157 142 84 12 183 59 82 46 1 102 248 160 166 65 120 119 21 180 52 221 189 172 212 89 164 37 230 14 71 91 20 214 53 233 22 226 250 106 29 8 206 219 185 156 205 68 158 18 153 154 238 148 105 151 209 116 195 186 220 129 165 117 86 17 234 242 41 126 173 237 217 69 51 76 13 122 80 50 109 215 147 162 43 199 125 23 245 35 85 88 161 198 36 196 188 255 227 63 240 62 149 145 104 81 159 47 243 127 103 136 184 31 175 32 146 163 124 241 251 100 225 140 201 253 246 131 231 64 138 169 235 2 174 155 61 203 222 170 211 16 191 229 39 115 7 141 223 73 228 15 200 113 236 94 83 19 6 249 144 9 90 11 108 179 132 254 244 168 152 5 135 121 139 190 24 93 66 75 87 143 97 216 218 33 54 192 197 130 48 247 45 171 0 187 77 40 112 210 38 49 182 177 123 137 34 96 56 60 67 110 57 239 204 202 232 118 26 58 150 176 70 133 78 252 92 27 178 44 72 101 181 208 111 4 107 193 167 28 194 128 10 134 74 25 3 99 55 30 98 95
9 121 42 205 54 115 110 72 64 118 183 176 185 83 255 162 21 153 159 187 164 96 97 132 15 84 214 53 12 239 138 201 0 209 154 8 44 93 7 140 79 204 177 184 5 36 16 18 149 43 144 235 90 89 104 47 1 17 63 76 23 182 27 114 34 129 77 10 24 166 206 92 171 245 169 212 199 2 85 52 248 55 25 128 117 165 143 3 37 163 100 155 45 222 219 194 59 30 249 207 145 29 11 116 39 112 68 71 148 48 175 126 78 14 226 210 74 94 160 70 134 103 250 151 161 253 95 142 232 254 101 113 41 130 247 91 225 208 66 218 22 67 252 192 65 107 62 168 191 220 46 213 81 98 180 198 174 31 124 105 109 136 51 202 234 224 150 141 26 122 49 28 13 170 223 189 69 137 215 178 127 238 133 158 32 196 87 6 86 82 243 229 147 108 19 190 188 40 156 195 139 237 179 167 56 80 131 203 4 61 197 50 236 241 38 228 58 216 242 111 181 231 20 57 200 233 244 75 193 146 217 99 73 221 251 211 230 135 173 119 186 227 152 102 123 88 172 106 35 157 125 246 240 60 120 33
253 63 123 150 221 30 214 11 54 180 70 163 98 223 15 2 58 116 21 75 136 177 128 45 248 225 47 170 189 182 62 219 175 112 24 229 110 104 107 72 142 85 73 228 198 82 193 25 32 78 6 171 118 155 234 246 44 154 152 211 19 18 101 37 3 83 92 242 243 119 197 56 96 209 87 20 125 213 111 159 126 227 185 71 97 29 226 69 50 230 205 220 222 135 210 124 216 77 146 49 31 99 172 244 148 86 203 127 143 251 166 5 133 93 52 16 66 195 158 74 14 132 89 208 238 255 57 164 215 149 239 84 90 236 55 241 51 35 169 113 40 139 38 212 204 122 76 232 8 145 168 120 186 27 231 9 233 206 240 162 141 161 114 109 194 61 165 151 176 121 42 190 252 129 173 7 224 36 65 103 254 81 201 41 117 247 144 183 196 105 60 115 199 59 140 131 102 80 207 181 157 202 187 94 191 130 17 178 167 147 250 218 179 184 156 192 39 217 100 46 64 88 200 108 91 95 235 22 43 53 174 10 153 4 1 0 33 68 249 138 79 245 12 23 13 160 188 237 106 26 34 48 134 28 137 67
140 107 95 151 70 188 190 76 161 109 125 120 83 206 21 69 160 22 142 93 247 230 170 204 243 97 199 127 202 87 24 106 179 11 51 49 2 250 209 62 145 103 102 28 86 233 205 254 225 219 36 48 201 237 10 166 234 33 126 1 27 122 37 116 129 191 226 251 18 164 108 252 130 173 232 81 244 185 172 246 6 241 123 203 222 195 101 249 84 59 197 52 94 61 153 214 198 131 128 38 68 152 196 29 238 35 193 63 44 40 67 227 96 228 177 8 89 146 212 215 229 90 56 184 74 143 50 115 162 14 255 77 236 0 240 85 12 30 182 139 78 175 110 224 100 138 26 16 17 210 157 80 253 53 180 60 159 136 144 167 46 147 99 149 65 25 200 174 13 20 91 111 54 221 3 220 114 235 9 178 34 132 163 148 72 194 218 207 137 154 217 58 213 158 119 245 105 165 23 5 239 208 150 141 66 155 64 42 171 82 32 223 71 47 15 121 113 45 55 88 43 75 187 133 211 216 7 183 79 124 135 186 192 156 73 4 181 248 112 41 117 19 169 134 104 168 189 39 92 231 118 31 242 176 57 98
58 133 212 147 10 8 149 229 36 102 204 247 160 61 94 223 230 33 16 80 25 187 13 173 69 250 243 154 106 0 108 158 249 3 79 185 27 203 43 100 38 57 1 251 124 93 194 28 242 142 78 18 195 56 60 199 11 189 165 190 148 128 88 75 122 253 161 171 15 226 117 98 45 233 120 77 5 54 197 62 24 85 97 219 184 65 224 17 222 67 175 238 168 198 127 118 235 92 63 186 21 193 20 9 201 29 4 227 151 139 123 176 172 138 143 32 137 153 209 182 221 96 119 207 155 50 183 81 84 66 152 245 206 112 44 136 174 125 200 55 40 72 210 135 34 231 47 131 109 76 144 37 169 163 191 23 82 83 26 196 170 178 48 157 91 126 150 68 254 59 162 239 103 73 90 237 164 215 179 89 159 255 41 205 121 141 140 244 113 220 19 188 167 39 2 31 232 218 115 228 225 6 12 216 234 248 71 105 132 51 116 129 49 134 46 180 211 101 241 252 70 42 114 53 202 104 156 110 208 74 111 246 236 177 217 99 213 166 240 30 145 214 14 35 146 192 95 87 181 52 7 22 64 86 130 107
177 255 254 156 60 187 101 69 52 92 224 44 172 110 149 206 226 155 94 188 113 157 106 130 241 164 143 86 99 65 36 85 203 38 153 33 34 118 28 240 31 89 251 75 66 100 9 45 252 221 152 114 122 176 6 53 117 97 204 186 211 148 2 215 185 244 95 27 42 178 79 5 158 125 170 220 223 41 78 171 76 68 135 107 198 120 197 29 25 239 216 39 182 123 7 238 16 64 166 55 167 26 43 4 121 131 235 105 20 81 133 126 11 111 199 18 49 115 137 54 35 196 83 102 50 91 151 71 109 174 250 142 21 103 208 108 150 80 248 116 229 218 154 141 129 24 144 225 146 243 59 12 134 124 48 32 140 15 1 19 70 159 228 201 210 222 23 232 96 98 168 189 72 77 10 183 127 180 51 0 67 212 175 247 90 173 184 62 57 3 17 169 231 191 195 202 245 192 119 84 82 112 253 161 193 30 56 205 13 213 132 227 162 58 179 207 236 61 88 246 139 242 73 47 163 74 8 145 14 209 160 138 234 190 165 233 230 104 214 249 93 87 37 22 219 147 63 194 217 181 136 237 128 40 46 200
188 148 74 65 205 46 228 207 192 94 147 113 248 61 139 102 51 162 57 82 211 120 11 185 10 6 167 153 71 32 198 114 112 219 80 119 63 161 103 91 235 4 55 127 183 240 121 229 160 165 217 152 237 140 166 35 105 155 199 236 124 157 168 254 117 70 141 23 252 145 175 135 154 59 97 43 110 151 76 26 47 12 96 30 214 81 49 170 164 239 44 212 45 221 129 233 39 34 251 243 42 107 100 109 7 179 86 200 77 83 111 88 20 21 56 194 8 138 232 191 163 62 125 0 133 78 187 223 17 186 64 3 128 101 108 184 215 195 197 73 222 68 159 14 13 28 226 180 196 242 255 202 106 206 38 213 53 1 189 203 90 130 16 95 169 93 136 123 181 9 231 172 234 204 52 41 89 67 182 216 87 24 79 224 146 143 118 238 209 173 131 69 208 190 40 218 36 247 250 72 227 99 50 2 193 150 134 253 18 84 249 58 27 174 75 85 177 19 66 156 178 25 37 220 54 171 15 149 132 245 142 201 246 176 116 244 31 241 92 115 144 225 137 5 22 104 122 98 210 48 29 33 60 230 126 158
218 137 131 123 22 20 3 133 205 130 138 166 25 172 237 121 165 139 214 153 102 231 222 10 184 37 245 211 2 21 124 34 89 209 225 39 129 206 177 85 127 116 227 6 80 146 143 157 73 230 103 202 32 19 23 213 140 107 252 9 223 61 91 15 181 113 98 234 180 16 169 151 106 141 189 82 164 122 132 4 56 118 44 71 28 145 81 190 77 50 43 119 48 174 192 195 42 51 58 97 114 255 87 247 126 86 1 212 24 167 112 182 60 224 210 246 88 35 241 12 244 38 226 117 57 52 150 170 111 168 17 54 204 134 41 196 79 7 30 109 105 152 215 65 200 221 232 254 115 128 40 135 194 193 136 176 207 240 36 185 14 92 236 173 49 78 197 229 74 155 68 148 96 59 183 11 242 0 243 13 186 63 101 154 75 163 83 239 208 90 62 187 251 108 31 203 55 5 228 198 159 217 219 161 67 156 144 29 8 253 233 99 250 188 142 147 69 47 120 238 84 178 249 100 64 216 160 220 201 104 110 171 26 94 46 70 45 95 149 53 18 33 125 248 179 235 93 27 72 158 199 66 162 76 191 175
85 100 27 247 245 20 161 69 101 193 219 113 176 121 40 135 70 221 87 115 144 224 251 154 47 150 236 210 71 237 171 53 177 117 68 46 142 98 73 141 138 12 122 157 1 250 200 185 127 55 226 102 125 89 44 145 36 203 209 108 163 162 64 223 95 9 232 215 255 132 207 80 18 57 114 134 63 2 96 21 65 14 38 149 72 51 249 7 228 199 248 111 201 61 196 197 26 191 148 194 252 159 238 229 8 172 208 160 129 60 22 30 84 169 216 25 5 112 94 119 56 165 123 93 152 3 190 205 86 242 168 66 33 78 128 131 204 241 79 239 231 43 15 106 28 105 192 188 147 124 202 90 31 170 146 179 227 74 218 75 189 206 167 29 39 143 13 183 244 41 34 174 19 107 181 212 23 45 217 198 104 246 10 213 254 59 234 17 82 158 50 184 11 116 16 58 243 156 24 137 126 62 49 37 187 52 133 54 151 222 175 42 32 211 195 48 178 164 182 233 67 136 109 118 130 186 140 4 6 76 97 235 240 173 91 35 88 214 0 230 120 83 155 253 81 92 225 220 166 180 77 139 99 103 110 153
191 46 203 76 175 5 247 251 186 113 80 225 237 196 34 64 243 154 86 71 207 153 244 142 124 79 114 162 55 137 95 105 232 29 91 17 44 1 118 54 163 50 23 16 92 21 147 165 168 15 24 31 70 87 228 60 220 99 59 229 185 252 140 85 155 33 197 183 219 61 8 214 240 217 11 199 90 30 25 123 143 84 141 245 27 177 107 14 169 52 235 3 82 78 125 188 38 173 194 205 227 88 101 13 108 167 166 109 149 180 213 9 158 242 65 209 146 22 51 170 202 47 128 41 121 69 32 156 239 215 0 216 241 159 36 74 127 48 136 56 212 181 63 35 160 224 81 4 176 28 233 201 171 132 190 192 134 40 129 117 2 236 226 206 72 223 161 115 120 42 20 93 211 57 151 222 73 37 189 133 193 174 77 83 144 254 67 19 43 18 68 122 26 246 6 98 221 152 208 66 255 45 131 172 39 135 49 164 148 110 104 96 250 248 231 106 178 103 111 139 253 145 210 94 138 112 187 126 75 204 195 238 157 10 218 184 230 249 97 7 62 182 198 12 102 179 150 58 100 89 200 234 53 119 116 130
32 77 208 187 35 67 28 113 46 47 222 140 68 168 171 97 184 64 45 214 197 2 36 150 109 211 79 4 204 216 253 146 8 138 106 119 7 116 59 112 205 189 25 188 245 52 71 117 21 153 90 243 54 247 193 6 105 63 103 9 254 169 158 111 83 133 23 120 161 30 39 127 50 229 108 166 242 34 198 183 118 15 20 69 147 173 246 156 11 179 154 61 43 240 196 195 143 95 185 155 224 163 41 70 137 115 75 26 217 139 149 93 165 114 215 236 128 164 212 181 252 218 226 251 80 122 142 129 56 87 44 38 0 102 172 24 57 194 16 60 82 62 101 157 255 248 88 104 132 49 92 55 170 162 27 81 223 96 209 58 144 141 176 107 232 227 66 40 152 13 78 186 53 135 37 126 22 231 130 121 159 145 160 219 131 5 84 239 1 244 250 180 65 206 182 237 177 200 167 86 100 192 48 123 17 91 249 18 124 89 85 203 74 72 238 110 42 202 220 10 12 19 175 148 228 199 210 76 31 207 3 99 33 235 151 178 230 94 233 174 136 241 191 221 225 51 201 29 213 190 73 134 98 234 125 14
107 139 34 77 225 31 79 36 221 213 194 191 187 9 8 127 192 228 63 67 81 138 84 244 186 208 195 105 202 49 241 109 3 90 144 248 231 254 136 60 15 170 230 238 145 190 101 214 168 189 56 239 1 38 71 197 204 162 113 177 99 14 135 137 232 68 179 124 130 237 156 171 133 216 182 47 115 88 6 210 201 51 196 220 39 80 59 64 255 26 57 20 161 12 198 166 93 164 23 147 185 22 85 94 223 19 151 27 174 55 253 169 249 61 41 126 104 10 209 54 89 28 110 103 121 42 143 246 4 120 17 111 184 154 24 73 83 181 82 134 25 100 65 146 96 165 129 13 180 178 74 233 158 98 236 114 125 183 62 18 193 95 222 66 86 229 118 16 218 5 44 116 212 150 37 224 240 35 203 32 72 46 155 217 131 119 0 247 132 91 157 176 75 163 207 167 245 102 43 29 219 251 52 141 227 153 128 112 97 205 234 235 206 159 76 70 140 2 252 242 175 123 92 69 199 160 149 58 117 40 87 250 48 30 106 78 108 226 50 53 211 11 45 21 33 148 173 200 152 7 142 188 122 215 243 172
200 235 29 198 76 15 140 113 120 196 227 207 209 85 234 80 171 26 25 40 238 192 208 254 12 214 118 218 50 225 65 13 201 215 102 142 28 107 181 105 148 135 193 21 243 184 246 216 64 53 101 79 194 228 99 36 91 236 158 155 130 250 221 185 143 81 220 202 52 230 48 4 7 84 239 111 62 14 205 162 146 10 30 96 6 70 39 186 87 97 189 31 78 168 190 37 49 232 66 183 27 161 144 2 154 213 3 188 128 1 43 253 104 127 156 237 149 17 34 116 134 110 222 60 41 45 72 242 138 170 160 86 77 217 58 240 219 204 106 159 125 5 73 151 114 63 174 69 94 223 132 23 197 22 18 179 165 83 44 210 126 124 231 92 131 75 173 115 103 247 16 67 139 195 252 133 241 172 177 229 164 249 152 178 47 117 167 211 248 136 169 180 11 129 82 153 35 9 157 187 147 166 71 109 55 122 163 88 38 59 24 108 42 226 93 61 182 176 251 56 224 57 233 141 245 51 46 8 255 54 119 112 121 19 191 98 212 89 95 123 100 32 33 68 206 20 150 244 203 175 74 137 0 145 90 199
8 243 204 7 9 206 112 201 189 74 53 43 23 144 40 233 187 192 114 92 165 28 129 223 39 145 109 6 205 10 246 149 155 216 71 139 91 115 90 140 194 98 63 78 170 38 224 25 138 72 117 203 244 111 207 121 236 220 182 176 168 67 65 48 178 250 175 183 211 70 217 27 166 210 184 4 198 147 21 12 55 229 82 35 1 47 66 169 79 134 254 15 84 174 251 222 130 172 161 17 51 125 191 188 202 118 20 148 247 77 64 68 3 185 152 42 54 13 106 136 60 226 158 143 24 225 61 214 196 151 186 234 127 209 167 177 49 101 163 89 116 73 190 126 235 122 95 88 164 93 219 237 240 87 96 103 142 159 45 132 37 171 131 46 2 69 212 157 227 105 14 255 36 133 80 31 57 34 83 16 162 102 97 195 215 156 213 62 99 249 179 86 241 124 52 75 154 150 197 5 110 245 11 22 44 160 173 85 180 239 238 181 221 252 30 81 230 59 137 26 218 94 123 242 19 119 200 113 193 141 104 228 56 32 0 33 58 231 108 146 199 120 208 128 29 253 135 107 232 41 153 76 248 100 50 18
222 80 7 241 226 128 181 147 27 95 173 136 85 196 91 116 245 154 45 219 44 40 201 187 105 66 232 148 146 253 114 153 97 195 137 125 14 38 89 161 217 19 155 8 194 199 251 186 16 174 200 69 139 189 233 15 158 191 202 33 151 104 175 57 31 179 209 169 188 93 131 77 144 185 110 60 81 46 130 64 248 115 83 204 198 18 78 246 79 255 163 12 73 68 30 22 76 141 134 143 41 213 120 234 111 117 145 122 54 55 90 228 42 172 11 225 197 96 159 0 167 112 221 2 51 220 98 37 162 135 142 218 249 229 231 107 1 102 193 48 47 62 5 214 230 21 34 236 140 240 72 247 87 35 223 237 124 164 50 129 203 127 170 157 215 43 10 206 13 238 86 75 123 101 216 250 121 58 113 3 180 177 152 17 243 207 165 103 242 224 74 252 70 26 29 106 6 133 84 36 227 184 168 32 52 118 28 92 61 208 109 119 211 53 100 190 212 59 71 254 88 205 49 183 166 24 176 235 25 210 150 23 65 20 126 149 178 4 171 39 56 138 156 132 244 82 63 67 94 9 160 192 182 108 99 239
244 203 169 49 117 195 158 107 218 113 138 12 176 67 241 66 62 223 209 127 88 254 170 168 20 136 175 119 217 159 147 36 60 111 183 239 41 177 30 216 221 18 208 38 196 222 91 161 211 255 37 180 213 224 55 173 126 197 79 53 201 231 191 210 115 153 99 166 207 132 82 103 68 152 86 15 137 105 226 220 40 100 13 101 22 185 34 95 90 52 44 98 163 156 165 63 235 142 1 133 139 167 144 76 77 112 250 64 194 33 247 219 118 181 0 189 134 243 24 73 242 120 59 184 157 164 240 16 251 253 129 23 124 215 70 69 84 27 236 252 43 56 3 162 7 94 14 109 57 245 4 146 186 72 151 225 149 192 179 237 65 32 228 35 5 108 97 145 123 238 17 143 80 135 25 202 199 174 39 10 229 187 125 9 246 96 19 92 48 51 128 28 155 106 58 249 206 190 54 74 140 50 114 83 230 131 141 233 75 122 212 234 81 93 21 110 227 71 205 188 46 198 2 47 232 172 45 87 42 148 171 200 26 193 61 78 160 178 154 11 104 85 89 116 31 182 214 204 130 121 6 102 29 8 248 150
238 118 37 51 143 254 74 223 42 200 224 75 40 36 154 25 23 189 61 248 153 171 216 218 225 126 99 179 150 161 27 237 158 209 50 239 186 102 129 181 45 184 125 87 192 142 172 176 2 152 235 164 141 24 85 49 185 76 220 28 159 138 241 18 234 64 252 253 173 91 19 119 122 48 135 15 251 165 148 208 242 101 60 162 30 210 155 167 204 97 214 89 57 70 213 67 10 63 156 140 231 139 196 3 22 68 227 104 41 194 5 198 144 212 56 14 54 215 205 120 109 62 34 84 229 71 112 236 245 78 1 180 59 117 193 240 149 134 69 221 226 20 98 124 197 107 217 130 105 12 249 191 147 146 94 46 136 106 175 114 247 21 88 66 26 232 168 90 100 44 116 65 166 187 79 115 163 132 203 169 177 202 31 73 93 80 7 38 250 244 0 53 123 230 8 145 222 11 33 13 52 108 206 199 39 55 83 255 43 6 121 113 233 32 174 47 160 9 95 92 127 58 183 178 17 246 103 219 29 137 4 86 243 77 228 182 81 72 110 96 111 170 82 211 35 190 207 195 201 131 16 157 133 188 128 151
77 102 215 197 176 145 87 78 3 92 1 234 108 19 224 160 8 239 207 58 50 237 247 25 235 12 124 70 148 153 199 120 16 61 72 123 129 93 10 196 118 185 49 233 54 211 106 71 41 105 126 231 29 168 55 223 179 113 249 35 44 32 88 7 125 127 13 98 46 62 57 20 143 213 6 97 214 79 30 184 167 107 141 180 34 136 64 139 24 216 43 116 203 243 241 194 187 146 254 82 40 39 220 23 170 142 191 162 156 228 240 138 174 202 103 171 225 63 193 219 59 229 53 66 128 163 188 210 101 45 189 67 110 169 18 181 122 109 183 198 178 60 140 159 132 38 186 21 251 134 244 31 253 90 151 135 68 65 230 5 89 133 221 175 227 130 255 236 232 4 164 33 165 114 200 26 83 149 152 166 27 248 121 11 80 242 52 99 206 192 14 173 0 177 22 204 222 119 76 15 112 47 161 37 75 218 208 209 147 94 17 190 245 117 252 96 73 81 104 238 84 36 86 2 217 137 111 205 212 28 48 246 158 195 157 51 172 201 115 226 69 100 85 9 131 155 144 74 91 154 250 150 95 56 182 42
12 182 245 254 128 179 56 187 79 215 158 74 154 221 201 31 9 170 114 214 249 188 15 8 26 202 48 151 164 25 177 16 89 59 184 233 243 86 242 39 185 5 225 51 1 70 34 173 85 83 234 138 63 3 141 19 30 88 222 178 98 255 127 226 246 134 23 176 123 165 204 21 117 55 197 129 145 195 108 192 232 206 60 122 36 24 0 152 37 251 62 81 235 68 112 72 150 7 203 189 124 156 212 46 132 58 33 17 2 110 139 140 111 64 236 230 45 162 157 147 80 28 252 229 104 65 54 218 22 200 247 155 208 190 11 238 13 131 210 213 116 171 205 181 193 53 78 105 57 167 47 93 27 120 148 77 44 194 237 130 191 239 196 126 118 99 96 92 169 168 32 97 133 223 227 241 43 244 149 91 113 100 10 107 209 146 14 163 250 49 153 136 159 41 220 175 75 135 143 50 95 6 119 73 94 216 144 161 198 231 102 109 67 18 82 4 174 40 42 137 228 84 29 35 142 61 76 38 121 87 207 20 248 166 115 106 211 101 125 199 240 219 224 160 186 217 180 66 172 103 71 253 69 183 52 90
58 55 239 216 99 160 124 5 151 40 103 234 213 61 93 54 139 72 73 248 166 94 194 197 123 210 90 71 240 223 28 62 176 135 237 105 30 230 242 24 172 34 164 132 145 33 142 85 138 231 215 51 214 16 78 97 143 47 179 116 14 80 18 219 32 131 89 129 35 25 195 184 137 109 159 49 146 187 56 65 153 76 255 134 192 13 60 224 209 144 41 46 95 173 199 17 182 37 205 180 87 69 11 222 221 169 121 211 181 250 189 67 96 163 141 101 52 243 165 175 119 191 140 241 7 154 190 238 207 23 244 252 22 106 148 168 155 82 113 70 64 0 128 198 50 83 220 42 86 108 88 127 183 26 19 114 130 158 75 118 81 196 188 53 107 249 122 235 84 170 167 202 133 3 253 92 66 178 39 104 212 79 161 63 152 48 2 156 147 185 171 186 245 157 31 110 10 27 15 21 206 91 232 208 8 203 226 193 112 126 218 74 149 43 117 20 44 150 115 111 229 100 98 9 136 68 228 246 36 38 45 201 174 254 225 236 102 57 233 29 125 59 6 177 204 1 120 4 200 162 12 217 247 251 77 227
9 176 185 83 255 162 21 153 159 187 164 96 97 132 15 84 214 53 12 239 138 201 0 209 154 8 44 93 7 140 79 204 177 184 5 36 16 18 149 43 144 235 90 89 104 47 1 17 63 76 23 182 27 114 34 129 77 10 24 166 206 92 171 245 169 212 199 2 85 52 248 55 25 128 117 165 143 3 37 163 100 155 45 222 219 194 59 30 249 207 145 29 11 116 39 112 68 71 148 48 175 126 78 14 226 210 74 94 160 70 134 103 250 151 161 253 95 142 232 254 101 113 41 130 247 91 225 208 66 218 22 67 252 192 65 107 62 168 191 220 46 213 81 98 180 198 174 31 124 105 109 136 51 202 234 224 150 141 26 122 49 28 13 170 223 189 69 137 215 178 127 238 133 158 32 196 87 6 86 82 243 229 147 108 19 190 188 40 156 195 139 237 179 167 56 80 131 203 4 61 197 50 236 241 38 228 58 216 242 111 181 231 20 57 200 233 244 75 193 146 217 99 73 221 251 211 230 135 173 119 186 227 152 102 123 88 172 106 35 157 125 246 240 60 120 33 121 42 205 54 115 110 72 64 118 183
210 228 31 165 121 41 198 70 169 189 77 221 119 66 108 147 219 60 253 140 72 88 138 51 135 175 149 3 65 234 222 0 95 235 194 5 24 178 11 55 15 93 205 146 132 67 99 155 244 75 1 231 215 200 53 82 83 54 7 179 173 243 105 100 90 23 226 195 172 47 8 252 161 220 143 190 98 151 133 209 181 211 74 153 156 59 114 148 124 136 251 21 48 255 110 245 36 225 63 91 20 242 137 180 73 134 182 139 69 61 42 39 35 112 111 230 40 76 166 170 184 241 187 92 34 56 43 208 50 152 89 212 106 193 247 96 79 102 239 163 118 18 78 86 248 38 204 62 16 37 159 87 104 141 174 45 52 10 216 25 202 117 238 240 80 171 27 227 233 85 4 19 236 64 30 150 218 191 109 58 49 154 44 68 142 183 162 167 103 129 160 123 9 115 46 14 196 12 126 250 33 125 188 197 71 122 254 130 22 158 101 17 97 164 144 229 207 113 57 157 192 131 213 206 224 145 246 94 107 223 120 214 32 2 127 176 186 29 185 237 128 203 168 249 199 13 232 116 28 26 177 81 6 201 84 217
252 124 39 190 222 212 138 129 14 110 37 16 1 158 211 177 57 125 203 166 115 226 121 146 20 184 75 249 74 70 231 217 135 96 7 178 176 28 144 183 127 225 167 155 44 68 119 191 247 49 185 38 224 229 26 216 46 204 230 99 169 219 8 45 188 221 232 63 181 134 205 87 61 209 239 199 218 123 161 107 174 215 140 90 111 76 160 94 23 145 113 234 228 48 108 21 109 30 193 42 103 98 60 52 106 171 164 173 71 243 150 9 141 147 175 152 84 85 120 3 72 202 41 255 227 126 189 0 197 142 251 32 81 250 128 67 192 165 172 248 24 4 6 137 31 132 223 78 77 92 35 244 5 51 64 11 170 15 102 22 117 65 253 12 154 194 80 159 233 157 200 187 245 73 40 236 43 13 116 105 153 131 246 25 151 88 143 33 210 207 182 47 18 237 195 133 17 254 104 27 100 56 59 136 36 163 114 66 2 214 198 62 82 148 58 122 91 238 139 149 241 83 130 220 242 89 101 29 118 235 79 213 196 54 206 10 55 240 180 53 95 50 156 179 208 34 201 69 86 168 186 162 19 112 93 97
70 159 4 92 166 197 8 30 202 183 89 231 250 198 239 44 219 2 67 143 35 169 251 101 1 43 228 141 9 122 111 47 34 22 172 37 118 39 136 207 160 27 17 196 180 33 163 149 167 218 52 121 94 103 115 171 125 244 246 61 82 220 225 158 76 20 73 199 0 215 105 68 140 238 66 77 210 205 151 165 62 124 84 88 95 138 85 12 232 230 5 146 54 86 178 204 98 161 106 25 120 55 206 72 100 129 209 236 139 32 135 221 195 56 222 156 38 162 102 53 31 127 83 58 126 123 252 107 142 241 235 185 170 112 40 211 87 110 74 29 130 21 188 194 93 148 147 49 208 80 249 217 200 240 117 192 65 3 42 99 119 48 242 81 6 50 254 23 134 57 36 234 247 213 184 233 96 186 46 181 182 11 176 133 179 237 144 223 214 248 157 193 145 114 45 7 15 69 154 201 10 245 97 79 104 41 150 108 78 137 243 175 190 71 227 153 51 18 63 113 116 189 226 64 224 216 28 255 91 13 90 177 173 132 109 187 75 16 155 131 164 212 59 203 60 174 191 152 14 24 128 253 168 229 26 19
39 62 177 169 34 88 230 103 216 65 151 148 183 114 239 234 73 47 159 20 85 193 60 142 44 133 29 238 137 128 166 152 167 226 138 12 91 246 8 251 2 187 72 213 189 244 184 207 174 93 107 199 55 130 24 98 1 25 131 96 92 210 81 79 245 117 49 209 227 17 19 26 182 155 235 206 217 83 38 214 10 106 40 242 158 185 237 101 240 181 143 248 198 228 232 58 208 36 220 197 80 141 105 241 132 21 84 215 194 42 74 35 120 53 54 229 147 75 175 178 104 191 71 52 221 204 9 43 157 116 218 86 11 211 223 5 153 15 145 113 126 14 123 66 119 212 196 32 195 252 59 78 124 28 160 97 250 61 254 200 13 112 70 110 16 6 176 165 118 90 140 30 127 168 37 46 134 57 236 115 173 249 41 205 190 125 22 27 76 154 180 253 163 18 186 161 68 50 247 203 202 150 102 192 162 231 170 48 77 144 122 82 33 224 146 156 100 172 121 222 243 135 171 219 188 4 225 233 3 87 129 149 136 63 94 51 45 0 109 179 31 64 201 23 67 89 69 108 164 7 255 95 111 139 56 99
197 86 142 231 62 243 218 202 187 40 69 70 41 249 166 160 230 92 87 77 10 213 182 159 34 250 239 148 207 130 177 85 138 120 196 168 198 61 140 143 46 101 135 111 123 238 8 35 242 97 232 23 212 50 78 7 229 124 167 60 121 169 126 56 48 29 26 22 99 98 217 27 63 153 157 171 228 174 79 21 43 30 195 37 139 76 199 93 180 234 83 66 89 226 150 105 5 65 73 235 25 191 49 3 24 146 74 91 128 161 32 39 252 203 12 189 104 225 227 67 158 14 214 220 72 246 6 223 51 17 137 205 178 96 45 36 141 31 55 129 170 149 154 90 116 147 110 251 102 33 1 183 254 113 237 20 112 175 184 58 109 241 117 9 145 88 4 84 151 131 216 194 100 44 144 179 118 200 193 211 132 233 81 94 210 107 201 19 244 114 163 173 16 172 224 115 190 155 236 186 255 219 103 15 13 164 68 248 188 71 204 215 18 152 108 28 185 57 156 176 64 208 106 53 95 134 206 47 240 127 59 75 125 38 122 162 136 245 52 221 209 0 82 222 181 247 11 165 253 42 2 80 192 133 119 54
83 231 33 137 174 69 254 161 61 199 127 150 229 225 17 80 185 65 86 97 119 235 248 160 255 59 58 1 41 72 105 156 50 134 212 101 38 169 198 62 94 194 20 188 13 216 179 48 131 107 0 108 133 51 183 221 19 195 28 203 104 73 210 182 52 116 228 151 68 175 125 93 63 24 82 84 26 187 21 9 149 128 118 98 219 115 53 7 12 189 167 240 103 204 43 114 220 184 81 25 85 66 224 230 36 146 214 166 190 165 215 14 173 138 153 245 113 44 100 213 147 192 23 64 186 27 196 56 40 2 251 243 142 140 123 253 70 250 3 31 145 37 102 241 30 4 79 18 222 96 87 130 49 157 110 76 122 141 244 154 209 74 90 159 249 71 42 205 247 236 92 126 200 11 8 22 193 95 223 67 152 139 143 78 5 227 117 129 88 181 211 135 46 233 218 99 45 136 34 16 226 6 54 202 29 242 252 124 176 238 164 191 148 10 201 55 197 170 163 239 168 39 57 60 162 171 178 217 234 120 207 112 246 206 121 77 144 32 232 47 180 89 75 111 208 155 106 132 109 158 91 237 177 172 15 35
159 245 142 147 196 19 45 118 28 138 51 26 188 170 112 68 67 15 222 57 27 96 35 168 197 9 242 202 153 89 11 21 220 37 241 87 108 255 36 84 53 124 90 98 123 207 249 14 1 183 214 171 165 0 229 44 151 184 66 143 187 209 189 228 29 127 120 215 231 4 176 219 182 42 34 154 208 95 223 81 185 16 13 48 234 104 99 193 167 24 140 205 58 180 7 164 253 149 103 2 248 31 17 32 91 3 132 211 111 128 116 122 52 192 78 54 109 49 72 39 213 227 64 175 250 144 218 121 145 251 216 212 75 201 199 110 237 169 74 92 137 139 146 47 20 100 71 82 203 158 79 130 226 160 107 23 50 102 221 105 46 8 113 63 93 97 178 73 156 85 62 200 6 225 106 252 141 204 80 59 162 194 155 240 173 174 94 12 195 40 43 224 56 191 172 86 69 129 163 22 236 83 206 131 76 88 125 18 135 10 233 246 134 243 186 239 77 61 152 60 117 179 198 244 148 25 217 115 181 119 65 133 232 190 230 136 126 41 30 238 210 5 150 247 33 157 166 254 177 101 235 38 114 161 70 55
119 246 88 9 104 161 99 118 62 57 185 154 255 89 48 203 139 79 1 117 121 5 72 250 226 251 209 189 149 136 183 59 222 232 76 32 178 159 106 39 181 138 66 115 3 123 85 146 158 25 245 126 30 78 28 128 236 44 229 4 188 179 41 153 124 247 82 254 81 70 7 90 65 33 212 200 184 237 233 199 204 93 198 214 15 243 27 157 180 13 216 111 244 142 145 127 213 51 12 173 105 197 235 186 6 116 101 133 16 196 95 37 108 192 170 137 205 98 230 224 252 84 143 144 87 2 231 239 109 218 152 187 211 129 60 120 223 45 164 134 151 43 225 21 240 150 220 61 102 11 182 202 201 50 174 26 80 249 228 100 63 92 38 24 176 34 31 67 73 22 40 54 132 166 193 112 177 190 110 195 107 241 17 162 47 58 131 103 175 114 8 165 217 171 14 135 172 52 42 238 23 160 19 227 46 91 206 20 75 96 207 253 156 148 242 113 68 83 125 147 191 168 194 18 208 71 69 210 35 97 163 10 53 221 122 155 29 36 94 77 141 86 248 74 234 130 56 49 215 167 0 169 219 55 64 140
218 179 235 93 27 72 158 199 66 162 76 191 175 137 131 123 22 20 3 133 205 130 138 166 25 172 237 121 165 139 214 153 102 231 222 10 184 37 245 211 2 21 124 34 89 209 225 39 129 206 177 85 127 116 227 6 80 146 143 157 73 230 103 202 32 19 23 213 140 107 252 9 223 61 91 15 181 113 98 234 180 16 169 151 106 141 189 82 164 122 132 4 56 118 44 71 28 145 81 190 77 50 43 119 48 174 192 195 42 51 58 97 114 255 87 247 126 86 1 212 24 167 112 182 60 224 210 246 88 35 241 12 244 38 226 117 57 52 150 170 111 168 17 54 204 134 41 196 79 7 30 109 105 152 215 65 200 221 232 254 115 128 40 135 194 193 136 176 207 240 36 185 14 92 236 173 49 78 197 229 74 155 68 148 96 59 183 11 242 0 243 13 186 63 101 154 75 163 83 239 208 90 62 187 251 108 31 203 55 5 228 198 159 217 219 161 67 156 144 29 8 253 233 99 250 188 142 147 69 47 120 238 84 178 249 100 64 216 160 220 201 104 110 171 26 94 46 70 45 95 149 53 18 33 125 248
198 29 177 54 48 76 163 222 223 166 81 55 63 188 42 231 11 35 208 139 199 47 124 243 213 230 122 49 100 64 229 44 140 181 90 6 26 25 129 253 105 159 73 52 179 142 171 117 103 255 113 110 146 152 101 119 133 211 245 17 191 1 14 189 19 186 65 96 241 126 137 210 182 254 193 87 244 41 250 93 214 251 131 121 62 102 239 98 51 125 170 30 99 154 175 31 77 235 227 66 192 147 162 204 226 15 247 18 97 32 150 148 34 114 176 242 89 132 45 201 234 108 115 173 156 220 165 72 153 58 209 135 128 39 246 0 248 43 134 143 219 70 167 88 183 240 178 197 141 136 9 233 79 168 127 27 218 158 80 196 200 84 151 74 50 75 33 13 228 215 7 138 46 56 155 111 2 238 185 118 5 217 145 194 82 202 164 225 237 104 69 205 109 157 107 207 60 123 53 83 12 3 120 232 203 71 161 78 160 149 86 169 144 112 36 24 8 61 57 23 28 172 22 38 94 67 106 236 4 92 40 190 68 221 224 206 37 130 91 252 184 21 59 10 85 195 180 212 95 20 174 116 187 16 249 216
210 86 25 150 123 130 206 237 217 219 95 244 90 181 36 35 50 248 202 218 9 22 224 128 228 60 235 75 23 211 225 112 152 38 117 191 115 158 145 203 31 253 194 1 226 74 63 111 89 204 238 109 46 101 246 168 165 140 5 231 195 153 91 230 212 62 240 58 14 17 94 249 121 72 24 215 172 156 20 40 106 16 80 49 196 97 107 199 41 88 178 200 47 59 242 76 193 37 171 154 12 164 223 13 198 138 11 53 8 114 137 166 247 159 27 44 126 144 120 232 70 51 55 82 252 148 180 170 96 87 227 68 250 229 214 116 169 135 15 83 161 124 73 184 79 104 233 142 33 207 32 28 189 175 93 54 220 136 134 241 102 141 85 183 125 113 2 26 77 149 205 7 143 251 182 187 239 174 4 162 188 57 127 177 221 3 146 179 190 21 139 92 163 45 19 167 197 157 176 81 119 65 132 173 98 48 69 34 118 52 236 103 71 192 186 6 66 234 67 243 151 255 61 56 18 10 64 129 122 131 29 201 108 222 99 105 133 110 42 43 78 216 30 160 254 213 185 84 147 0 155 100 209 245 39 208
197 90 248 230 43 116 188 92 30 147 71 87 195 110 204 77 37 251 215 10 139 102 18 213 76 33 152 182 199 1 108 159 93 183 28 34 180 254 185 250 234 113 57 239 83 237 156 148 66 20 176 207 89 112 64 130 226 175 208 177 150 184 106 85 105 58 53 138 5 109 95 120 65 241 134 196 73 117 206 168 235 9 47 198 25 145 240 61 191 88 127 140 49 4 59 143 3 84 75 46 24 151 125 101 146 131 38 135 74 216 122 111 91 194 162 123 128 100 136 238 161 44 245 8 32 144 52 35 39 179 221 242 252 118 209 97 203 200 0 232 12 193 82 23 189 211 222 212 104 132 181 50 225 233 247 78 227 81 11 7 67 94 165 229 158 210 253 124 14 107 42 167 214 201 2 60 220 19 80 121 72 244 192 169 246 114 133 126 6 163 119 56 223 173 54 48 51 16 86 29 17 172 142 26 137 224 231 22 205 115 62 99 178 190 243 98 96 155 218 217 45 236 202 27 36 186 187 63 141 255 40 153 31 219 69 157 55 103 70 171 129 15 41 228 170 13 249 174 149 164 166 79 154 68 160 21
100 139 89 158 122 6 173 171 67 226 151 91 229 107 118 176 55 11 186 88 215 59 79 222 111 9 211 253 37 109 205 143 30 217 233 28 196 25 65 39 148 210 124 112 0 240 125 84 150 169 68 156 200 160 238 95 36 22 212 244 45 134 220 146 121 105 90 198 227 228 199 152 69 63 133 250 245 235 168 116 85 62 192 153 142 51 110 33 80 243 41 23 99 71 101 219 43 46 204 4 38 14 26 141 166 193 145 255 135 181 115 208 236 165 132 27 70 218 24 72 29 214 206 187 184 180 2 1 120 185 221 56 60 74 131 77 237 179 201 188 98 195 42 234 102 251 83 137 241 224 247 129 53 8 163 223 231 138 183 94 207 161 182 49 232 249 31 64 190 197 155 106 170 92 7 128 130 225 61 172 117 123 230 149 164 126 209 175 40 108 81 254 203 194 44 189 213 32 73 52 57 248 19 50 13 154 5 191 159 86 157 16 140 178 15 78 87 216 12 144 20 167 48 246 162 242 54 34 119 97 3 202 47 82 21 103 96 114 35 136 239 252 113 10 104 177 147 17 66 76 174 75 127 18 93 58
239 140 195 216 72 118 21 13 107 233 188 203 245 12 56 33 59 138 73 191 189 75 155 217 28 130 173 86 242 20 149 156 214 197 6 206 113 194 99 250 176 169 80 32 0 34 84 175 184 5 111 208 129 224 26 219 238 182 177 50 19 120 209 168 68 4 199 121 237 241 125 192 115 91 116 74 54 14 1 48 179 87 97 196 152 43 24 226 159 46 3 186 235 123 243 205 11 23 145 110 246 150 198 148 248 101 164 94 124 53 44 161 18 244 112 202 119 201 190 127 210 185 153 77 65 49 102 98 64 69 213 63 79 135 108 147 22 45 133 81 231 109 7 10 247 78 171 132 38 225 62 100 51 126 236 221 253 136 61 215 157 228 57 35 2 70 218 95 89 117 204 8 9 207 122 96 104 229 83 17 52 76 249 180 240 88 165 29 254 16 163 90 141 105 15 85 181 222 131 47 67 66 170 39 146 200 114 93 220 183 212 158 144 41 154 151 187 193 142 160 174 252 31 58 232 42 55 230 60 227 106 137 27 167 178 251 223 40 234 128 30 82 36 134 255 37 172 162 103 143 25 139 92 166 211 71
69 28 233 78 186 249 179 209 138 129 246 103 74 197 32 204 31 20 212 40 15 238 162 150 134 187 183 149 154 43 148 164 220 193 232 107 130 218 166 61 194 92 95 77 163 1 217 123 55 147 185 136 211 66 51 83 221 146 45 242 58 142 120 87 155 48 180 174 202 34 93 94 37 207 181 189 59 168 102 137 161 79 10 70 173 250 114 84 101 248 175 226 190 100 170 11 52 216 132 152 151 255 124 231 30 199 178 50 13 42 243 229 126 239 236 17 23 227 245 4 82 116 143 62 127 140 60 145 57 191 222 112 252 8 81 53 125 64 213 115 167 121 219 85 122 2 247 188 228 110 224 177 251 41 156 225 25 46 157 203 106 98 192 63 18 33 75 97 141 118 144 223 158 21 19 160 240 47 113 215 3 171 72 105 234 241 44 27 91 36 198 24 184 80 6 254 165 117 0 119 169 5 14 90 196 38 214 54 111 49 68 12 7 135 104 205 39 253 153 89 29 206 67 71 210 22 200 176 201 159 139 99 86 133 9 172 182 26 237 128 109 56 244 131 88 16 65 208 73 35 96 108 230 195 76 235
236 179 182 85 140 174 150 162 22 47 74 26 136 16 62 251 89 117 46 13 163 206 99 160 208 165 95 87 68 65 61 138 137 1 66 102 192 196 210 12 213 118 60 82 69 234 76 178 115 238 132 219 18 122 105 128 10 189 144 44 104 112 19 64 230 88 42 63 185 113 130 167 200 71 78 36 242 51 228 143 9 11 106 197 53 253 4 111 30 45 7 90 56 176 244 217 135 84 75 180 70 94 168 209 188 193 129 155 186 149 35 141 72 40 222 38 152 21 59 151 214 223 97 148 25 156 48 184 127 43 123 190 170 255 233 139 83 183 218 157 239 232 250 171 17 120 133 249 146 240 58 28 153 202 212 55 211 8 154 229 194 20 225 39 3 142 54 52 203 107 32 227 110 243 254 57 191 147 67 224 96 195 215 103 247 145 92 134 173 245 86 24 166 98 114 164 77 161 201 175 29 91 5 248 0 121 6 220 31 50 204 37 81 41 119 231 172 158 93 125 181 15 101 27 2 241 226 79 108 109 80 33 205 199 14 131 126 116 49 252 221 198 73 34 23 187 246 169 216 124 177 159 235 207 237 100
57 64 75 133 12 223 143 45 172 16 36 179 68 221 168 210 249 66 162 100 242 174 190 240 153 237 22 251 105 167 81 69 0 197 82 41 107 126 25 113 157 117 195 52 248 234 169 201 2 91 177 103 78 62 47 155 184 185 156 109 26 20 90 207 202 192 125 73 42 19 149 110 99 8 67 245 37 200 253 235 56 28 58 176 255 3 161 216 250 226 238 98 123 150 102 212 92 138 72 165 193 122 89 239 27 175 236 29 241 171 163 144 141 137 214 213 77 142 178 13 17 31 88 34 194 136 158 145 55 152 254 191 59 208 40 94 198 181 204 86 10 220 120 180 188 95 140 51 164 118 139 6 189 206 243 21 147 154 112 63 127 49 219 85 87 182 18 129 74 80 187 106 121 83 166 132 252 65 38 211 160 151 1 146 170 244 30 9 14 205 231 7 225 111 217 148 116 43 114 228 97 135 227 35 44 173 224 101 232 124 5 203 119 199 11 246 76 54 215 159 4 39 233 60 53 71 247 93 196 209 70 222 61 134 104 229 23 33 131 32 84 230 50 15 96 46 115 79 218 130 128 24 183 108 48 186
202 20 253 220 33 181 58 52 80 167 226 227 170 85 59 67 192 46 235 15 39 212 143 203 51 128 247 217 234 126 53 104 68 233 48 144 185 94 10 30 29 133 2 109 163 77 56 183 146 175 121 107 4 117 114 150 156 105 123 137 215 249 21 195 5 18 193 23 190 69 100 245 130 141 214 186 3 197 91 248 45 254 97 218 255 135 125 66 106 243 102 55 129 174 34 103 158 179 35 81 239 231 70 196 151 166 208 230 19 251 22 101 36 154 152 38 118 180 246 93 136 49 205 238 112 119 177 160 224 169 76 157 62 213 139 132 43 250 0 252 47 138 147 223 74 171 92 187 244 182 201 145 140 13 237 83 172 131 31 222 162 84 200 204 88 155 78 54 79 37 17 232 219 11 142 50 60 159 115 6 242 189 122 9 221 149 198 86 206 168 229 241 108 73 209 113 161 111 211 64 127 57 87 16 7 124 236 207 75 165 82 164 153 90 173 148 116 40 28 12 65 61 27 32 176 26 42 98 71 110 240 8 96 44 194 72 225 228 210 41 134 95 1 188 25 63 14 89 199 184 216 99 24 178 120 191
158 195 27 187 66 26 196 152 219 107 52 122 255 164 150 186 28 230 181 207 184 233 166 57 252 247 90 110 51 108 212 249 144 74 236 136 19 202 225 49 45 92 155 5 140 161 172 194 55 68 235 75 134 133 76 116 147 180 231 125 209 32 176 113 244 18 137 169 14 95 8 88 36 254 123 206 182 0 183 208 126 3 41 94 15 103 23 179 148 30 2 127 191 48 226 143 250 200 168 138 99 157 159 101 7 96 84 224 203 193 173 39 190 128 82 87 9 242 60 178 24 118 189 40 4 156 100 160 141 44 50 111 221 34 241 10 240 35 89 248 213 228 65 188 119 175 33 222 12 98 139 6 102 16 131 115 77 71 63 217 215 198 73 145 70 78 106 220 112 177 61 105 79 154 93 42 171 162 205 124 232 185 151 197 216 64 229 29 149 165 234 69 146 117 25 67 56 167 201 20 86 83 97 13 170 43 142 227 214 218 153 80 47 192 204 163 1 31 210 121 53 38 174 120 211 109 91 46 81 129 22 104 62 72 199 251 58 239 11 223 85 21 130 17 245 238 59 243 114 132 135 237 246 253 37 54
223 20 156 9 195 200 252 187 17 175 201 70 140 190 234 16 159 192 203 34 152 105 176 58 32 180 210 170 189 94 132 78 145 186 111 61 82 47 131 65 249 116 84 205 199 19 79 247 80 1 164 13 74 69 31 23 77 142 135 144 42 214 121 235 112 118 146 123 55 56 91 229 43 173 12 226 198 97 160 0 168 113 222 3 52 221 99 38 163 136 143 219 250 230 232 108 2 103 194 49 48 63 6 215 231 22 35 237 141 241 73 248 88 36 224 238 125 165 51 130 204 128 171 158 216 44 11 207 14 239 87 76 124 102 217 251 122 59 114 4 181 178 153 18 244 208 166 104 243 225 75 253 71 27 30 107 7 134 85 37 228 185 169 33 53 119 29 93 62 209 110 120 212 54 101 191 213 60 72 255 89 206 50 184 167 25 177 236 26 211 151 24 66 21 127 150 179 5 172 40 57 139 157 133 245 83 64 68 95 10 161 193 183 109 100 240 81 8 242 227 129 182 148 28 96 174 137 86 197 92 117 246 155 46 220 45 41 202 188 106 67 233 149 147 254 115 154 98 196 138 126 15 39 90 162 218
76 242 145 38 141 227 201 62 228 162 44 168 108 59 37 133 89 64 132 129 3 113 148 247 241 191 176 118 46 217 93 116 80 35 136 27 194 200 99 154 153 55 214 86 255 223 206 246 123 198 71 9 48 105 125 54 248 87 12 56 5 29 140 63 42 240 253 219 190 239 102 192 52 187 188 17 182 139 185 243 150 229 220 254 163 199 151 120 51 13 21 75 160 207 16 251 103 85 110 47 156 114 84 143 249 181 196 77 233 159 57 24 69 119 122 195 232 70 230 222 34 6 97 19 96 183 179 138 115 193 81 22 161 137 170 218 65 209 66 180 197 158 20 30 134 4 174 235 32 25 165 10 98 172 203 14 36 208 189 95 237 1 204 245 50 225 8 73 149 41 175 2 107 7 49 234 147 15 128 117 53 40 28 178 43 124 45 142 213 166 33 23 202 186 39 169 155 173 224 58 127 100 109 121 177 131 250 252 67 88 226 231 164 82 26 79 205 0 221 111 74 146 244 72 83 216 211 157 171 68 130 90 94 101 144 91 18 238 236 11 152 60 92 184 210 104 167 112 31 126 61 212 78 106 135 215
91 232 238 44 154 222 174 198 173 223 22 181 146 161 253 121 52 108 221 155 200 31 72 194 35 204 64 48 10 4 251 150 148 131 6 78 3 11 39 153 45 110 249 38 12 87 26 230 104 95 138 57 165 118 84 130 149 252 162 217 82 98 167 2 79 50 213 255 244 100 134 208 19 16 30 201 103 231 75 160 147 151 86 13 235 125 137 96 189 219 143 54 241 226 107 53 144 42 24 234 14 62 210 37 250 5 132 184 246 172 199 156 18 209 63 205 178 171 247 176 47 65 68 170 179 186 225 242 128 215 120 254 214 129 85 152 40 240 55 188 97 83 119 216 163 114 140 117 166 99 245 185 180 23 43 239 41 145 182 77 7 169 69 207 135 158 237 233 25 88 193 73 94 105 127 243 1 168 8 67 66 9 49 80 113 164 58 142 220 109 46 177 206 70 102 202 28 196 21 224 187 56 139 115 0 116 141 59 191 229 27 203 36 211 112 81 218 190 60 124 236 159 76 183 133 101 71 32 90 92 34 195 29 17 157 136 126 106 227 123 61 15 20 197 175 248 111 212 51 122 228 192 89 33 93 74
161 212 7 152 249 35 159 168 1 179 103 237 40 116 163 72 57 247 144 149 198 21 47 120 30 140 53 28 190 172 114 70 69 17 224 59 29 98 37 170 199 11 244 204 155 91 13 23 222 39 243 89 110 2 38 86 55 126 92 100 125 209 251 16 3 185 216 173 167 0 231 46 153 186 68 145 189 211 191 230 31 129 122 217 233 6 178 221 184 44 36 156 210 97 225 83 187 18 15 50 236 106 101 195 169 26 142 207 60 182 9 166 255 151 105 4 250 33 19 34 93 5 134 213 113 130 118 124 54 194 80 56 111 51 74 41 215 229 66 177 252 146 220 123 147 253 218 214 77 203 201 112 239 171 76 94 139 141 148 49 22 102 73 84 205 160 81 132 228 162 109 25 52 104 223 107 48 10 115 65 95 99 180 75 158 87 64 202 8 227 108 254 143 206 82 61 164 196 157 242 175 176 96 14 197 42 45 226 58 193 174 88 71 131 165 24 238 85 208 133 78 90 127 20 137 12 235 248 136 245 188 241 79 63 154 62 119 181 200 246 150 27 219 117 183 121 67 135 234 192 232 138 128 43 32 240
169 79 191 29 10 14 41 211 107 139 129 55 46 186 27 209 188 173 75 128 94 229 42 120 83 32 143 38 63 192 101 247 166 246 242 148 134 52 13 179 95 93 200 61 100 44 142 84 72 216 240 36 108 164 221 102 210 141 146 198 133 218 121 147 16 86 136 180 217 105 138 149 235 98 51 122 4 233 126 156 116 135 40 78 24 91 132 57 7 28 248 77 11 195 62 30 151 145 220 25 193 26 202 110 214 20 15 232 224 23 88 81 90 243 160 67 181 58 64 92 69 1 2 37 175 244 119 213 172 144 43 106 0 114 59 168 204 253 167 45 239 109 82 89 165 196 176 178 54 203 49 140 250 249 9 207 161 177 223 236 183 87 187 19 194 34 237 170 184 71 111 252 76 150 74 117 104 162 245 212 153 215 185 33 22 70 48 163 197 68 5 60 205 127 124 99 219 190 154 112 50 189 171 21 199 17 228 231 53 208 80 31 238 174 131 115 234 254 65 230 39 8 155 56 66 158 255 47 137 159 6 18 201 35 152 251 130 113 226 123 182 227 157 97 225 12 222 73 96 125 206 118 241 3 85 103
47 189 29 199 23 36 98 133 158 180 71 15 159 37 80 139 243 151 92 79 153 168 148 30 110 129 102 8 156 246 221 104 214 1 223 60 121 105 38 35 200 230 59 103 191 145 197 100 225 206 202 229 134 3 135 84 170 251 53 119 122 136 252 218 91 236 50 212 22 69 176 162 239 143 0 147 247 174 192 89 46 240 82 17 131 7 45 188 178 179 117 64 242 160 215 87 222 66 43 51 74 208 54 6 56 227 187 107 81 175 182 253 18 216 128 165 127 21 142 171 85 196 39 70 55 234 101 125 114 44 61 124 220 120 65 26 152 12 72 185 167 146 115 57 48 228 62 226 204 78 244 194 130 233 209 177 28 20 207 217 250 205 237 94 40 118 123 169 90 241 31 42 93 99 63 235 166 88 155 19 203 24 181 76 41 11 75 96 201 254 138 25 193 149 83 219 5 14 2 58 232 95 97 238 68 16 32 27 245 113 183 231 67 184 49 255 154 137 77 111 150 4 106 34 109 249 186 13 86 173 213 211 164 157 116 224 52 10 9 190 248 140 112 161 132 126 198 210 108 144 172 73 141 195 33 163
136 235 109 188 88 105 93 99 29 169 55 31 86 26 49 16 190 204 41 152 227 121 195 98 122 228 193 189 52 178 176 87 214 146 51 69 114 116 123 24 252 77 48 59 180 135 56 107 203 137 84 255 27 79 198 82 23 240 90 40 70 74 155 50 133 62 39 177 238 202 83 229 118 181 57 36 139 171 132 217 150 151 71 244 172 17 20 201 33 168 149 63 46 106 140 254 213 60 183 108 53 65 102 250 112 242 210 223 111 220 163 216 54 38 129 37 94 156 175 221 125 2 194 92 158 96 42 110 209 167 207 113 103 18 7 215 187 237 127 224 10 134 143 231 154 78 212 15 91 138 47 32 222 119 124 173 251 22 95 5 115 28 3 165 147 89 45 44 247 199 34 4 73 12 145 174 241 219 179 130 66 243 253 197 14 218 64 85 232 13 61 30 101 67 75 100 184 226 246 233 160 191 148 142 0 206 21 128 161 43 120 164 186 166 205 6 104 97 192 208 236 153 196 159 19 11 131 185 72 200 58 162 248 245 25 211 81 76 170 144 1 117 182 35 157 239 141 230 126 80 234 225 8 249 9 68
172 0 57 197 156 222 241 140 228 17 232 55 167 108 94 29 61 117 206 37 218 193 177 162 15 44 45 16 224 141 135 205 67 62 52 240 188 157 134 9 225 214 123 182 105 152 60 113 95 171 143 173 36 115 118 21 76 110 86 98 213 238 10 217 72 207 253 187 25 53 237 204 99 142 35 96 144 101 31 23 4 1 252 74 73 192 2 38 128 132 146 203 149 54 251 18 5 170 12 114 51 174 68 155 209 58 41 64 201 125 80 235 40 48 210 255 166 24 233 254 121 49 66 103 136 7 14 227 178 242 164 79 200 202 42 133 244 189 195 47 221 236 198 26 247 112 180 153 71 20 11 116 6 30 104 145 124 129 65 91 122 85 226 77 8 231 158 229 88 212 250 87 150 159 33 84 216 92 239 120 63 234 59 126 106 191 169 75 19 119 154 93 175 168 186 107 208 56 69 185 82 176 249 219 89 138 148 246 147 199 90 165 130 211 161 230 194 78 245 243 139 43 223 163 46 179 190 248 127 83 3 160 32 131 151 39 183 81 28 70 109 181 22 215 102 34 50 100 13 97 137 111 220 27 196 184
168 53 249 160 182 193 183 75 103 152 21 196 204 218 49 198 52 237 233 38 65 136 200 129 181 224 95 240 78 13 138 185 172 228 31 191 245 51 92 43 215 163 140 217 85 104 97 232 134 90 27 194 144 25 19 22 242 57 255 243 143 113 252 108 195 202 248 176 86 33 70 149 161 214 69 67 126 189 188 16 207 173 253 7 157 158 34 112 226 11 124 2 190 40 128 26 74 41 142 100 241 12 199 141 239 220 145 120 135 137 50 125 39 131 247 61 219 201 14 87 159 63 1 118 42 58 166 81 175 48 8 222 186 236 110 73 244 184 47 4 123 153 170 227 79 130 64 154 254 5 151 225 156 221 205 84 28 210 54 208 127 119 37 246 147 178 60 83 35 101 197 146 179 148 121 155 77 56 76 29 24 109 231 80 66 91 36 212 105 167 44 88 177 139 206 235 18 169 251 116 211 32 162 59 98 111 20 230 30 114 229 55 46 17 250 122 96 72 117 102 9 106 45 187 93 82 62 165 133 94 99 71 107 209 132 15 216 234 3 115 23 6 10 150 192 213 223 89 180 68 174 171 0 203 238 164
160 170 161 86 175 84 62 191 102 52 243 91 67 35 141 133 65 75 108 63 95 207 153 231 236 27 203 99 144 155 206 212 176 93 24 201 13 132 61 137 39 189 154 124 188 209 59 112 251 138 51 7 196 77 118 127 115 171 90 208 210 96 181 129 145 140 103 226 41 89 180 42 162 113 12 250 190 224 8 117 219 147 222 107 44 126 199 31 71 69 22 15 229 82 165 123 122 48 106 253 225 19 245 239 56 68 221 2 30 186 254 53 146 21 47 142 57 136 149 211 246 16 38 184 128 17 150 193 252 101 9 205 192 11 26 6 143 223 242 215 121 14 104 79 217 72 114 81 173 234 218 151 148 58 88 172 216 49 3 55 213 83 64 60 87 247 116 248 197 28 109 166 232 235 249 110 76 204 94 163 70 135 182 34 20 97 1 0 5 105 32 50 202 159 98 195 130 244 120 158 46 36 37 230 177 100 18 73 200 80 179 156 164 187 66 167 119 169 85 45 220 194 33 40 111 131 74 241 23 240 134 255 29 198 54 152 183 168 92 214 238 227 157 174 237 78 233 178 139 10 125 185 43 25 4 228
108 173 140 35 78 226 32 80 37 222 214 195 192 188 10 9 128 193 229 64 68 82 139 85 245 187 209 196 106 203 50 242 110 4 91 145 249 232 255 137 61 16 171 231 239 146 191 102 215 169 190 57 240 2 39 72 198 205 163 114 178 100 15 136 138 233 69 180 125 131 238 157 172 134 217 183 48 116 89 7 211 202 52 197 221 40 81 60 65 1 27 58 21 162 13 199 167 94 165 24 148 186 23 86 95 224 20 152 28 175 56 254 170 250 62 42 127 105 11 210 55 90 29 111 104 122 43 144 247 5 121 18 112 185 155 25 74 84 182 83 135 26 101 66 147 97 166 130 14 181 179 75 234 159 99 237 115 126 184 63 19 194 96 223 67 87 230 119 17 219 6 45 117 213 151 38 225 241 36 204 33 73 47 156 218 132 120 0 248 133 92 158 177 76 164 208 168 246 103 44 30 220 252 53 142 228 154 129 113 98 206 235 236 207 160 77 71 141 3 253 243 176 124 93 70 200 161 150 59 118 41 88 251 49 31 107 79 109 227 51 54 212 12 46 22 34 149 174 201 153 8 143 189 123 216 244
5 82 239 143 15 184 152 135 175 52 127 255 193 232 34 54 238 177 16 196 240 189 213 69 247 226 169 182 148 119 168 31 121 236 116 117 201 111 68 114 172 79 158 149 183 92 128 80 49 235 197 205 4 89 136 200 180 32 14 39 231 85 43 13 72 178 110 125 6 162 88 241 208 253 48 51 124 161 254 159 151 218 190 26 203 25 112 108 67 44 122 10 206 90 66 99 147 249 138 250 109 126 87 204 214 63 188 103 164 216 209 94 194 27 101 132 198 220 137 118 24 166 185 133 174 234 154 192 2 78 225 104 186 36 191 233 163 76 199 57 46 237 224 212 107 227 53 229 71 142 95 217 207 131 115 223 98 84 102 153 242 56 29 38 50 106 60 179 181 251 17 155 160 93 11 210 8 134 0 150 40 3 75 173 1 12 145 140 86 100 252 59 19 23 30 73 20 202 167 165 195 81 244 21 113 139 33 96 41 215 55 245 141 7 35 64 144 171 74 222 70 156 130 246 157 91 228 97 37 243 221 62 18 248 61 58 187 42 77 176 170 120 105 47 230 146 22 45 9 219 65 211 123 129 28 83
22 66 211 25 187 252 44 151 137 214 118 0 122 222 149 167 64 21 215 57 247 106 237 20 163 153 154 92 39 217 135 190 62 197 41 18 26 49 183 29 236 31 202 162 82 56 150 157 228 248 191 103 140 102 251 117 146 60 171 14 45 30 209 76 100 89 19 36 99 195 95 40 1 127 242 47 160 142 121 90 32 23 203 37 201 179 53 219 169 105 208 184 152 3 250 182 192 225 180 212 69 15 93 98 144 65 216 6 17 68 74 38 210 141 63 130 249 178 254 156 51 16 241 50 71 176 229 113 255 168 124 58 194 235 244 232 33 207 70 72 213 43 246 7 2 220 88 158 206 42 159 24 230 129 112 52 86 125 234 81 9 84 224 161 243 61 148 188 186 139 132 91 199 27 240 239 165 223 115 87 136 107 101 173 185 83 119 147 48 116 170 8 138 164 4 174 253 11 73 108 133 155 46 245 134 12 55 114 218 126 67 54 128 143 123 5 85 104 77 238 131 221 196 79 189 231 198 35 96 80 13 10 175 205 34 78 166 120 172 75 200 181 177 204 109 233 110 59 145 226 28 94 97 111 227 193
21 101 177 106 232 250 253 100 109 116 155 172 58 145 50 184 144 59 15 82 225 170 240 118 27 13 49 146 93 44 70 47 96 29 175 115 110 208 228 169 226 75 112 7 192 99 254 137 65 88 167 163 210 18 123 3 24 35 57 173 186 98 193 252 251 194 234 10 43 94 243 72 150 39 231 107 136 255 32 132 213 126 206 154 117 241 69 45 0 46 71 244 121 159 212 133 221 141 42 11 148 120 245 54 166 89 6 113 63 31 1 217 20 22 219 125 214 202 87 66 56 36 157 53 246 200 205 127 105 178 41 142 236 52 158 122 19 218 23 4 162 168 229 84 152 104 128 103 153 207 111 76 91 183 51 237 38 151 85 130 216 2 124 220 134 249 233 195 189 181 80 78 61 191 8 188 196 224 83 230 40 179 223 197 17 211 160 34 25 68 242 95 48 14 60 79 182 92 147 12 28 97 187 9 235 143 185 174 30 64 138 204 201 215 131 33 161 5 90 77 81 16 198 165 55 67 26 119 149 73 239 171 156 37 238 74 227 209 164 199 247 140 222 180 190 62 114 176 102 129 86 203 139 248 135 108
123 121 218 65 2 125 19 106 160 9 247 15 152 76 31 186 246 254 161 206 117 230 184 205 72 255 17 54 87 213 220 178 129 193 115 30 151 153 248 84 195 140 146 253 172 187 149 232 198 63 131 104 22 226 217 67 212 236 55 96 75 80 16 42 73 36 177 28 214 182 109 180 39 163 201 38 101 110 239 35 167 43 190 71 14 185 10 77 57 142 120 26 225 70 105 44 126 119 137 58 159 7 20 136 33 127 200 170 40 89 99 197 98 150 41 116 81 162 112 181 145 29 196 194 90 249 174 114 252 130 141 199 78 34 209 111 238 82 102 245 134 32 234 21 60 132 228 166 53 240 1 51 219 48 88 62 171 233 147 135 0 8 148 107 173 192 91 179 223 183 6 118 59 45 235 12 68 157 243 169 144 128 113 221 250 251 222 175 92 86 156 18 13 3 191 139 108 85 215 176 165 74 133 56 103 11 64 46 122 94 124 242 66 69 227 27 61 37 49 164 189 216 168 23 158 204 138 231 4 188 155 50 93 241 47 95 52 237 229 210 207 203 25 24 143 208 244 79 83 97 154 100 5 202 224 211
129 99 247 53 101 58 243 235 216 213 209 31 30 149 214 250 85 89 103 160 106 11 208 230 217 127 224 71 8 131 25 112 166 15 253 21 158 82 37 192 252 5 167 212 123 236 190 211 78 6 23 60 93 219 226 184 135 199 121 36 157 159 254 90 201 146 152 4 178 193 155 238 204 69 137 110 28 232 223 73 218 242 61 102 81 86 22 48 79 42 183 34 220 188 115 186 45 169 207 44 107 116 245 41 173 49 196 77 20 191 16 83 63 148 126 32 231 76 111 50 132 125 143 64 165 13 26 142 39 133 206 176 46 95 105 203 104 156 47 122 87 168 118 187 151 35 202 200 96 255 180 120 3 136 147 205 84 40 215 117 244 88 108 251 140 38 240 27 66 138 234 172 59 246 7 57 225 54 94 68 177 239 153 141 0 14 154 113 179 198 97 185 229 189 12 124 65 51 241 18 74 163 249 175 150 134 119 227 1 2 228 181 98 92 162 24 19 9 197 145 114 91 221 182 171 80 139 62 109 17 70 52 128 100 130 248 72 75 233 33 67 43 55 170 195 222 174 29 164 210 144 237 10 194 161 56
135 57 140 98 97 23 81 228 200 249 220 214 31 43 196 232 5 161 229 28 121 251 22 117 32 111 124 186 221 246 13 159 103 247 125 168 227 76 239 180 167 241 1 236 118 198 217 190 96 244 79 54 192 47 89 56 148 209 193 126 123 33 63 147 191 24 233 30 188 58 39 35 62 222 91 223 172 3 84 141 207 210 224 85 51 179 69 138 45 110 157 9 250 72 231 0 235 80 7 25 177 134 73 170 105 219 95 133 21 11 12 205 152 75 248 48 175 55 154 131 139 162 41 142 94 144 60 20 195 169 8 15 86 106 49 216 253 215 109 230 4 173 29 127 158 143 67 189 213 202 132 149 212 53 208 153 114 240 100 160 18 255 234 203 145 136 61 150 59 37 166 77 27 218 66 42 10 116 108 40 50 83 38 70 182 128 206 211 2 178 74 119 130 181 187 151 68 254 176 243 107 36 112 14 164 129 99 163 184 34 87 226 113 26 237 171 52 93 102 90 146 65 183 185 71 156 104 120 115 78 201 16 64 155 17 137 88 242 225 165 199 238 92 194 122 197 82 19 101 174 6 46 44 252 245 204
196 233 225 64 190 145 160 202 224 13 245 16 95 30 148 146 32 112 174 240 87 130 43 199 232 106 113 171 154 218 163 70 151 56 207 133 126 37 244 0 246 41 132 141 217 68 165 86 181 238 176 195 139 134 7 231 77 166 125 25 216 156 78 194 198 82 149 72 48 73 31 11 226 213 5 136 44 54 153 109 255 236 183 116 3 215 143 192 80 200 162 223 235 102 67 203 107 155 105 205 58 121 51 81 10 1 118 230 201 69 159 76 158 147 84 167 142 110 34 22 6 59 55 21 26 170 20 36 92 65 104 234 2 90 38 188 66 219 222 204 35 128 89 250 182 19 57 8 83 193 178 210 93 18 172 114 185 14 247 214 27 175 52 46 74 161 220 221 164 79 53 61 186 40 229 9 33 206 137 197 45 122 241 211 228 120 47 98 62 227 42 138 179 88 4 24 23 127 251 103 157 71 50 177 140 169 115 101 253 111 108 144 150 99 117 131 209 243 15 189 254 12 187 17 184 63 94 239 124 135 208 180 252 191 85 242 39 248 91 212 249 129 119 60 100 237 96 49 123 168 28 97 152 173 29 75
187 108 200 6 245 178 175 85 115 199 243 76 30 82 240 110 91 87 114 19 143 20 224 55 136 193 4 7 21 137 103 231 121 190 97 162 209 61 47 124 28 0 32 132 59 77 229 186 125 222 157 16 147 185 73 63 64 2 204 127 45 100 227 107 206 183 191 214 93 194 146 196 112 72 247 221 60 67 138 158 101 13 50 12 161 27 56 225 81 179 210 195 119 241 10 254 184 201 9 105 5 205 166 37 152 212 70 52 31 255 197 188 113 202 111 89 218 129 79 15 118 94 62 168 160 92 102 135 90 122 234 180 3 8 54 230 126 171 182 233 239 203 120 51 228 40 159 88 164 66 216 181 151 215 236 86 139 23 165 78 34 223 104 145 154 142 198 117 235 237 123 208 156 172 167 130 253 68 116 207 69 189 140 39 22 217 251 35 144 246 174 249 134 71 153 226 58 98 96 49 42 1 109 192 150 149 75 133 25 252 46 17 11 83 95 248 29 57 213 26 80 173 48 74 169 84 163 176 238 18 43 65 211 155 44 177 220 24 128 36 232 219 38 53 33 170 250 14 242 148 41 131 106 244 99 141
132 28 115 169 18 1 24 161 85 40 195 255 8 170 215 126 239 193 214 81 9 26 63 96 222 229 187 138 202 124 39 160 162 2 93 204 149 155 7 181 196 158 241 207 72 140 113 31 235 226 76 221 245 64 105 84 89 25 51 82 45 186 37 223 191 118 189 48 172 210 47 110 119 248 44 176 52 199 80 23 194 19 86 66 151 129 35 234 79 114 53 135 128 146 67 168 16 29 145 42 136 209 179 49 98 108 206 107 159 50 125 90 171 121 190 154 38 205 203 99 3 183 123 6 139 150 208 87 43 218 120 247 91 111 254 143 41 243 30 69 141 237 175 62 249 10 60 228 57 97 71 180 242 156 144 0 17 157 116 182 201 100 188 232 192 15 127 68 54 244 21 77 166 252 178 153 137 122 230 4 5 231 184 101 95 165 27 22 12 200 148 117 94 224 185 174 83 142 65 112 20 73 55 131 103 133 251 75 78 236 36 70 46 58 173 198 225 177 32 167 213 147 240 13 197 164 59 102 250 56 104 61 246 238 219 216 212 34 33 152 217 253 88 92 106 163 109 14 211 233 220 130 227 74 11 134
23 255 242 230 125 245 71 247 89 160 113 235 225 149 133 241 116 102 120 171 5 74 47 56 68 124 78 197 199 14 35 173 178 111 29 228 26 152 0 168 58 21 93 191 19 30 163 158 104 118 15 77 37 41 48 91 38 220 185 183 213 99 7 39 131 157 51 114 59 233 73 8 159 25 53 82 162 189 92 240 88 174 148 9 175 109 246 115 55 6 239 80 36 11 79 76 205 60 95 194 188 138 123 65 248 164 40 63 27 237 83 229 141 147 46 101 100 2 161 33 202 170 153 193 70 145 18 211 250 52 72 1 195 34 214 3 207 231 87 10 244 187 200 166 137 186 49 139 254 134 135 219 129 86 132 190 97 176 167 201 110 146 98 67 253 215 223 22 107 154 218 198 50 32 57 249 103 61 31 90 196 128 143 24 180 106 4 226 16 66 69 142 179 17 177 169 236 208 44 221 43 130 126 85 62 140 28 224 108 84 117 165 12 156 13 127 144 105 222 232 81 206 121 182 234 227 112 212 45 119 150 216 238 155 136 42 184 203 151 192 252 172 210 20 96 243 122 204 54 209 251 181 94 217 75 64
19 156 231 145 237 98 167 70 52 120 193 10 169 107 224 148 164 17 187 26 154 114 73 37 87 216 179 95 35 153 110 229 4 21 78 185 236 170 5 105 111 2 76 7 72 56 190 134 61 160 59 233 225 143 97 253 29 166 189 141 207 48 252 30 254 227 6 183 162 182 135 130 215 82 186 172 197 142 63 211 18 150 194 28 245 57 86 124 20 102 222 62 138 13 165 204 217 126 81 136 220 80 161 152 123 101 228 202 178 223 208 115 212 151 38 199 188 168 16 239 200 205 177 213 60 238 121 67 85 109 221 129 112 116 1 43 64 74 195 31 174 25 22 0 54 89 15 159 100 11 33 44 34 181 209 3 127 47 55 69 155 49 158 88 84 144 171 242 51 235 32 75 201 91 184 119 244 36 23 79 137 42 96 157 198 149 66 14 246 68 191 210 203 83 240 196 133 45 250 131 125 128 93 163 106 94 249 219 103 214 46 53 99 27 192 139 176 255 12 65 175 173 232 40 39 122 58 24 104 113 8 9 140 218 77 117 230 108 41 146 234 132 180 147 248 206 92 118 50 247 90 71 251 226 241 243
89 233 176 164 64 34 173 29 116 123 169 97 7 209 246 70 82 135 245 243 47 110 109 192 128 94 174 183 78 79 210 33 147 187 45 178 111 216 49 202 250 217 63 21 162 188 120 62 160 141 66 41 56 58 226 46 215 52 168 237 140 122 190 8 80 239 177 39 218 234 87 2 96 224 184 143 107 157 31 249 165 105 223 180 44 74 91 148 255 51 240 75 175 181 72 146 77 142 126 5 204 131 230 129 48 40 213 167 68 99 236 4 211 22 118 67 100 69 42 76 253 232 252 205 200 30 152 1 242 12 212 133 26 88 220 9 98 60 127 156 194 90 172 37 132 208 83 235 19 32 196 151 206 35 150 231 222 193 171 43 17 248 38 23 185 27 221 108 14 3 238 86 54 15 20 247 28 130 53 191 137 155 179 36 199 182 186 71 113 134 144 10 101 244 95 92 0 124 159 85 229 170 81 103 114 104 251 24 73 197 117 125 139 225 119 228 158 154 214 241 57 121 50 102 145 16 161 254 189 59 106 93 149 207 112 166 227 13 219 136 84 61 138 6 25 18 153 55 11 203 115 65 201 195 198 163
89 174 78 210 147 45 111 49 250 63 162 120 160 66 56 226 215 168 140 190 80 177 218 87 96 184 107 31 165 223 44 91 255 240 175 72 77 126 204 230 48 213 68 236 211 118 100 42 253 252 200 152 242 212 26 220 98 127 194 172 132 83 19 196 206 150 222 171 17 38 185 221 14 238 54 20 28 53 137 179 199 186 113 144 101 95 0 159 229 81 114 251 73 117 139 119 158 214 57 50 145 161 189 106 149 112 227 219 84 138 25 153 11 115 201 198 233 164 34 29 123 97 209 70 135 243 110 192 94 183 79 33 187 178 216 202 217 21 188 62 141 41 58 46 52 237 122 8 239 39 234 2 224 143 157 249 105 180 74 148 51 75 181 146 142 5 131 129 40 167 99 4 22 67 69 76 232 205 30 1 12 133 88 9 60 156 90 37 208 235 32 151 35 231 193 43 248 23 27 108 3 86 15 247 130 191 155 36 182 71 134 10 244 92 124 85 170 103 104 24 197 125 225 228 154 241 121 102 16 254 59 93 207 166 13 136 61 6 18 55 203 65 195 163 176 64 173 116 169 7 246 82 245 47 109 128
69 223 172 163 13 158 182 1 42 21 26 217 243 19 237 123 229 160 128 55 126 240 109 147 239 47 56 185 236 113 244 136 17 215 131 211 23 3 88 66 227 171 16 51 245 72 65 83 4 105 208 221 82 234 73 146 116 241 35 45 143 44 96 242 62 27 108 58 127 91 230 142 140 36 195 120 60 198 76 87 145 24 235 155 57 184 28 48 191 80 233 180 222 6 78 174 112 254 186 202 252 165 249 34 8 117 179 93 81 0 209 94 53 119 138 37 125 169 129 207 64 5 246 181 213 14 103 189 115 90 74 59 167 196 197 168 121 38 32 102 219 214 204 137 85 54 31 161 122 111 20 79 2 49 212 10 247 68 40 70 188 12 15 173 228 7 238 250 110 135 162 114 224 104 150 84 177 205 134 101 251 39 187 248 41 253 183 175 156 153 149 226 225 89 154 190 25 29 43 100 46 206 148 170 157 67 164 11 203 71 220 52 106 210 193 216 98 22 232 132 192 200 107 152 63 176 130 151 18 201 218 255 33 159 166 124 75 139 61 231 97 99 194 30 141 86 92 199 118 133 95 178 144 9 77 50
251 26 212 13 126 60 105 191 232 99 195 109 224 208 170 164 156 55 53 36 166 238 163 171 199 58 205 15 154 198 172 247 186 135 9 255 43 217 70 23 244 35 54 157 67 122 242 3 72 162 239 210 118 160 149 5 39 113 179 176 190 106 8 136 235 65 52 56 246 173 140 30 42 1 94 124 48 214 146 131 12 213 49 202 184 139 174 222 115 197 155 165 37 89 151 77 104 61 178 114 223 110 83 76 152 81 207 225 228 75 84 91 130 147 33 120 25 159 119 34 245 57 200 145 215 93 2 243 24 121 68 19 45 22 71 4 150 90 85 183 203 144 201 50 87 237 167 74 229 112 40 63 142 138 185 248 98 233 254 10 32 148 161 73 168 227 226 169 209 240 18 69 218 47 125 14 206 82 111 230 7 107 188 101 181 129 92 216 44 20 0 21 46 219 96 134 187 108 196 116 17 241 123 95 220 29 141 64 236 88 38 6 231 192 250 252 194 100 189 177 62 41 31 11 132 28 221 175 180 102 80 153 16 117 211 27 133 97 249 193 253 234 137 143 204 59 127 79 103 78 128 182 86 51 66 158
64 46 109 240 219 67 99 60 145 78 79 254 172 100 200 203 129 216 96 77 246 229 34 68 182 141 243 111 36 236 248 30 178 40 170 138 151 39 148 91 144 237 221 57 220 22 84 103 149 53 185 122 20 86 24 225 38 137 95 135 41 31 201 190 143 115 165 55 152 193 62 71 159 82 6 140 198 19 66 230 215 150 47 52 101 179 205 23 188 43 211 186 93 75 17 228 227 175 127 217 187 1 195 73 102 169 147 107 58 249 171 181 125 197 146 247 13 160 196 244 213 29 250 3 28 112 154 174 161 88 119 76 70 0 134 204 56 89 226 48 92 114 94 133 189 32 25 120 136 164 81 124 87 202 194 59 113 255 128 241 90 176 173 208 139 9 4 98 72 184 45 110 218 85 167 69 158 54 8 162 153 191 177 192 251 163 37 116 16 33 21 27 212 97 238 214 14 209 232 199 118 132 224 80 155 49 123 26 50 156 121 117 235 106 104 15 142 74 234 252 42 44 51 207 180 5 231 242 108 63 239 35 131 65 12 183 210 7 126 10 206 168 18 223 253 2 83 233 61 245 222 105 166 130 11 157
223 125 165 51 130 204 128 171 158 216 44 11 207 14 239 87 76 124 102 217 251 122 59 114 4 181 178 153 18 244 208 166 104 243 225 75 253 71 27 30 107 7 134 85 37 228 185 169 33 53 119 29 93 62 209 110 120 212 54 101 191 213 60 72 255 89 206 50 184 167 25 177 236 26 211 151 24 66 21 127 150 179 5 172 40 57 139 157 133 245 83 64 68 95 10 161 193 183 109 100 240 81 8 242 227 129 182 148 28 96 174 137 86 197 92 117 246 155 46 220 45 41 202 188 106 67 233 149 147 254 115 154 98 196 138 126 15 39 90 162 218 20 156 9 195 200 252 187 17 175 201 70 140 190 234 16 159 192 203 34 152 105 176 58 32 180 210 170 189 94 132 78 145 186 111 61 82 47 131 65 249 116 84 205 199 19 79 247 80 1 164 13 74 69 31 23 77 142 135 144 42 214 121 235 112 118 146 123 55 56 91 229 43 173 12 226 198 97 160 0 168 113 222 3 52 221 99 38 163 136 143 219 250 230 232 108 2 103 194 49 48 63 6 215 231 22 35 237 141 241 73 248 88 36 224 238
143 224 6 223 117 238 12 181 37 135 166 151 75 197 221 210 140 157 220 61 216 161 122 248 108 168 26 8 242 211 153 144 69 158 67 45 174 85 35 226 74 50 18 124 116 48 58 91 46 78 190 136 214 219 10 186 82 127 138 189 195 159 76 7 184 251 115 44 120 22 172 137 107 171 192 42 95 234 121 34 245 179 60 101 110 98 154 73 191 193 79 164 112 128 123 86 209 24 72 163 25 145 96 250 233 173 207 246 100 202 130 205 90 27 109 182 14 54 52 5 253 212 65 148 106 105 31 89 236 208 2 228 222 39 51 204 240 13 169 237 36 129 4 30 125 40 119 132 194 229 254 21 167 111 255 133 176 235 84 247 188 175 249 9 244 126 206 225 198 104 252 87 62 200 55 97 64 156 217 201 134 131 41 71 155 199 32 241 38 196 66 47 43 70 230 99 231 180 11 92 149 215 218 232 93 59 187 77 146 53 118 165 17 3 80 239 0 243 88 15 33 185 142 81 178 113 227 103 141 29 19 20 213 160 83 1 56 183 63 162 139 147 170 49 150 102 152 68 28 203 177 16 23 94 114 57
186 103 122 115 250 152 108 45 212 162 43 37 40 5 75 18 6 161 131 15 126 213 220 11 194 104 51 88 167 179 232 87 85 144 207 206 34 225 191 16 25 175 176 52 130 244 29 142 20 208 58 146 44 92 59 160 118 4 30 217 159 2 238 163 138 153 155 68 143 57 149 10 79 237 219 32 105 177 81 19 136 60 76 184 99 193 66 26 240 204 254 128 91 7 202 65 22 141 171 188 245 97 148 82 172 17 23 169 243 174 239 223 102 46 228 72 226 145 137 55 9 165 196 78 101 53 119 215 164 197 166 139 173 95 74 94 47 42 127 249 98 84 109 54 230 123 185 62 106 195 157 224 253 36 187 14 134 229 50 180 77 116 129 38 248 48 132 247 73 64 35 13 140 114 90 135 120 27 124 63 205 111 100 80 183 151 112 117 89 125 227 150 33 234 252 21 133 41 24 28 168 210 231 241 107 198 86 192 189 0 221 1 182 71 12 178 200 211 201 93 121 170 39 214 222 236 67 216 70 255 251 56 83 154 218 147 199 242 113 3 96 31 156 203 190 246 49 209 8 69 110 61 233 181 158 235
78 137 244 40 229 64 164 170 61 135 66 131 115 249 193 120 219 118 37 29 202 156 57 88 225 248 200 11 107 56 89 58 31 65 242 221 241 194 189 19 141 245 231 1 201 122 15 77 209 253 87 49 116 145 183 79 161 26 121 197 72 224 8 21 185 140 195 24 139 220 211 182 160 32 6 237 27 12 174 16 210 97 3 247 227 75 43 4 9 236 17 119 42 180 126 144 168 25 188 171 175 60 102 123 133 254 90 233 84 81 0 113 148 74 218 159 70 92 103 93 240 13 62 186 106 114 128 214 108 217 147 143 203 230 46 110 39 91 134 5 150 243 178 48 95 82 138 196 101 155 216 2 208 125 73 50 127 250 14 7 142 44 255 192 104 54 190 184 187 152 222 165 153 53 23 162 18 105 112 158 86 251 198 235 59 71 124 234 232 36 99 98 181 117 83 163 172 67 68 199 22 136 176 34 167 100 205 38 191 239 206 52 10 151 177 109 51 149 130 55 30 45 47 215 35 204 41 157 226 129 111 179 252 69 228 166 28 207 223 76 246 85 213 173 132 96 146 20 238 154 94 212 169 33 63 80
243 131 81 102 67 151 85 14 136 104 225 219 39 99 12 100 21 184 33 94 89 51 43 97 162 155 164 62 234 141 255 132 138 166 143 75 76 111 249 63 193 32 246 218 117 180 0 188 133 242 23 72 241 119 58 183 156 163 239 15 250 252 128 22 123 214 69 68 83 26 235 251 42 55 2 161 6 93 13 108 56 244 3 145 185 71 150 224 148 191 178 236 64 31 227 34 4 107 96 144 122 237 16 142 79 134 24 201 198 173 38 9 228 186 124 8 245 95 18 91 47 50 127 27 154 105 57 248 205 189 53 73 139 49 113 82 229 130 140 232 74 121 211 233 80 92 20 109 226 70 204 187 45 197 1 46 231 171 44 86 41 147 170 199 25 192 60 77 159 177 153 10 103 84 88 115 30 181 213 203 129 120 5 101 28 7 247 149 202 168 48 116 194 157 106 217 112 137 11 175 66 240 65 61 222 208 126 87 253 169 167 19 135 174 118 216 158 146 35 59 110 182 238 40 176 29 215 220 17 207 37 195 221 90 160 210 254 36 179 212 223 54 172 125 196 78 52 200 230 190 209 114 152 98 165 206
151 72 164 225 209 142 139 49 79 163 207 40 249 46 204 74 55 51 78 238 107 239 188 19 100 157 223 226 240 101 67 195 85 154 61 126 173 25 11 88 247 0 251 96 23 41 193 150 89 186 121 235 111 149 37 27 28 221 168 91 9 64 191 71 170 147 155 178 57 158 110 160 76 36 211 185 24 31 102 122 65 232 14 231 125 246 20 189 45 143 174 159 83 205 229 218 148 165 228 69 224 169 130 1 116 176 34 16 250 219 161 152 77 166 75 53 182 93 43 234 82 58 26 132 124 56 66 99 54 86 198 144 222 227 18 194 90 135 146 197 203 167 84 15 192 4 123 52 128 30 180 145 115 179 200 50 103 242 129 42 253 187 68 109 118 106 162 81 199 201 87 172 120 136 131 94 217 32 80 171 33 153 104 3 241 181 215 254 108 210 138 213 98 35 117 190 22 62 60 13 6 220 73 156 114 113 39 97 244 216 10 236 230 47 59 212 248 21 177 245 44 137 12 38 133 48 127 140 202 237 7 29 175 119 8 141 184 243 92 255 196 183 2 17 252 134 214 233 206 112 5 95 70 208 63 105
8 46 16 75 181 113 128 9 165 91 244 211 1 51 54 127 164 2 162 154 221 193 29 206 28 115 111 70 47 125 13 209 93 69 102 150 252 141 253 112 129 90 207 217 66 191 106 167 219 212 97 197 30 104 135 201 223 140 121 27 169 188 136 177 237 157 195 5 81 228 107 189 39 194 236 166 79 202 60 49 240 227 215 110 230 56 232 74 145 98 220 210 134 118 226 101 87 105 156 245 59 32 41 53 109 63 182 184 254 20 158 163 96 14 213 11 137 0 153 43 6 78 176 4 15 148 143 89 103 255 62 22 26 33 76 23 205 170 168 198 84 247 24 116 142 36 99 44 218 58 248 144 10 38 67 147 174 77 225 73 159 133 249 160 94 231 100 40 246 224 65 21 251 64 61 190 45 80 179 173 123 108 50 233 149 25 48 12 222 68 214 126 132 31 86 85 242 146 18 187 155 138 178 55 130 3 196 235 37 57 241 180 19 199 243 192 216 72 250 229 172 185 151 122 171 34 124 239 119 120 204 114 71 117 175 82 161 152 186 95 131 83 52 238 200 208 7 92 139 203 183 35 17 42 234 88
4 170 73 221 69 155 129 245 156 90 227 96 36 242 220 61 17 247 60 57 186 41 76 175 169 119 104 46 229 145 21 44 8 218 64 210 122 128 27 82 81 238 142 14 183 151 134 174 51 126 254 192 231 33 53 237 176 15 195 239 188 212 68 246 225 168 181 147 118 167 30 120 235 115 116 200 110 67 113 171 78 157 148 182 91 127 79 48 234 196 204 3 88 135 199 179 31 13 38 230 84 42 12 71 177 109 124 5 161 87 240 207 252 47 50 123 160 253 158 150 217 189 25 202 24 111 107 66 43 121 9 205 89 65 98 146 248 137 249 108 125 86 203 213 62 187 102 163 215 208 93 193 26 100 131 197 219 136 117 23 165 184 132 173 233 153 191 1 77 224 103 185 35 190 232 162 75 198 56 45 236 223 211 106 226 52 228 70 141 94 216 206 130 114 222 97 83 101 152 241 55 28 37 49 105 59 178 180 250 16 154 159 92 10 209 7 133 0 149 39 2 74 172 255 11 144 139 85 99 251 58 18 22 29 72 19 201 166 164 194 80 243 20 112 138 32 95 40 214 54 244 140 6 34 63 143
93 54 149 165 193 110 153 116 231 223 88 142 29 157 15 119 205 202 237 168 38 33 127 101 213 74 139 247 114 196 98 187 83 37 191 182 220 206 221 25 192 66 145 45 62 50 56 241 126 12 243 43 238 6 228 147 161 253 109 184 78 152 55 79 185 150 146 9 135 133 44 171 103 8 26 71 73 80 236 209 34 5 16 137 92 13 64 160 94 41 212 239 36 155 39 235 197 47 252 27 31 112 7 90 19 251 134 195 159 40 186 75 138 14 248 96 128 89 174 107 108 28 201 129 229 232 158 245 125 106 20 3 63 97 211 170 17 140 65 10 22 59 207 69 199 167 180 68 177 120 173 11 250 86 249 51 113 132 178 82 214 151 49 115 53 254 67 166 124 164 70 60 230 219 172 144 194 84 181 222 91 100 188 111 35 169 227 48 95 4 244 179 76 81 130 208 234 52 217 72 240 215 122 104 46 2 1 204 156 246 216 30 224 102 131 198 176 136 87 23 200 210 154 226 175 21 42 189 225 18 242 58 24 32 57 141 183 203 190 117 148 105 99 0 163 233 85 118 255 77 121 143 123 162 218 61
97 197 224 139 35 67 57 238 229 114 210 137 116 101 3 56 22 157 225 48 11 215 71 221 246 120 29 175 94 174 170 76 62 235 196 107 23 21 128 244 28 227 70 12 255 144 168 219 36 92 149 30 138 69 74 126 61 146 49 75 199 14 64 108 145 33 66 77 163 26 234 50 187 161 54 84 44 63 223 6 207 19 60 240 190 211 176 5 194 123 245 213 79 73 148 208 121 209 130 38 142 203 198 160 152 206 16 9 18 171 88 250 109 241 247 20 252 184 185 220 103 172 47 141 100 72 226 34 0 42 242 96 132 181 95 228 167 37 10 17 93 124 104 106 237 131 232 68 178 177 192 135 89 105 151 164 111 15 115 202 122 217 165 98 112 254 39 180 4 78 2 45 32 90 173 140 81 143 113 216 205 253 231 91 125 251 188 243 133 55 52 27 147 118 82 40 233 117 99 204 127 200 156 159 236 136 8 214 166 102 59 43 162 182 248 158 222 191 83 239 249 86 183 230 65 87 189 201 129 218 80 179 58 41 154 51 110 155 85 25 153 195 150 1 24 53 134 46 169 186 13 31 7 119 212 193
10 44 138 145 216 236 179 91 128 90 239 105 134 48 159 2 33 18 197 64 88 77 7 24 87 183 83 28 244 115 230 35 148 130 109 78 20 11 191 25 189 167 41 207 157 93 196 172 140 246 238 170 180 213 168 200 57 3 81 86 132 53 204 249 5 56 62 26 198 129 51 118 237 166 242 144 39 4 229 38 59 164 217 101 243 156 112 46 182 223 232 220 21 195 58 60 201 31 234 250 245 208 76 146 194 30 147 12 218 117 100 40 74 113 222 69 252 72 212 149 231 49 136 176 174 127 120 79 187 15 228 227 153 211 103 75 124 95 89 161 173 71 107 135 36 104 158 251 126 152 247 162 241 254 61 96 121 143 34 233 122 255 43 102 206 114 55 42 116 131 111 248 73 92 65 226 119 209 184 67 177 219 186 23 84 68 1 253 163 193 22 66 154 108 160 63 188 169 165 192 97 221 98 47 133 214 16 82 85 99 215 181 54 199 13 175 240 32 139 125 202 106 0 110 210 137 155 52 9 203 45 235 94 225 8 151 141 142 80 27 205 123 178 50 185 29 6 14 37 171 17 224 19 190 150 70
248 179 151 187 34 212 95 41 59 83 195 103 86 90 230 17 38 48 169 5 148 254 251 0 28 63 244 133 74 240 7 18 8 155 183 232 101 21 29 43 129 23 132 62 58 118 145 216 25 209 6 49 175 65 158 93 218 10 252 53 111 16 70 131 172 123 40 243 220 42 165 184 177 57 214 170 107 19 224 105 99 102 67 137 80 68 223 193 77 188 20 27 73 1 166 113 150 229 241 39 149 147 206 14 13 96 32 253 78 87 237 238 114 192 51 91 204 82 15 120 208 106 154 121 222 180 66 92 24 221 64 45 225 200 215 217 130 205 119 211 72 141 44 26 94 167 239 143 81 198 122 138 246 161 255 128 88 47 11 61 190 153 69 9 127 84 203 233 250 52 159 210 144 234 79 85 231 50 236 46 30 164 108 35 134 33 207 199 117 71 227 3 140 163 115 181 22 226 4 228 201 235 157 136 156 109 104 189 56 160 146 171 116 37 185 247 124 168 2 219 31 60 98 249 76 196 36 112 242 139 178 191 100 55 110 194 54 135 126 97 75 202 176 152 197 182 89 186 125 12 173 162 142 245 213 174
7 97 117 104 31 62 19 13 0 77 147 254 32 169 246 35 57 37 76 132 230 223 63 79 107 24 67 30 145 137 2 56 198 71 184 33 119 116 151 82 207 202 41 15 127 243 53 161 28 110 12 101 252 206 105 96 134 120 135 194 106 235 59 214 231 219 225 155 40 181 157 212 152 175 142 61 75 167 23 98 247 66 224 248 99 64 60 178 49 47 213 85 17 177 195 240 242 249 150 123 203 174 185 51 6 182 233 74 8 210 126 153 205 69 208 149 111 216 166 196 200 26 176 4 188 165 48 109 73 209 100 244 52 183 162 10 42 3 88 21 22 197 115 43 143 146 72 159 39 20 189 172 232 11 125 84 186 54 234 179 191 228 121 238 113 81 94 237 91 34 87 180 164 255 163 220 27 46 92 251 128 65 218 29 222 168 236 80 38 78 239 229 144 133 86 58 108 253 95 136 5 14 102 25 204 83 141 217 9 173 158 93 245 250 44 122 148 221 131 241 154 129 36 18 215 171 170 118 70 160 130 199 138 16 45 112 90 50 1 192 114 124 68 140 89 190 211 103 139 187 156 227 193 201 226 55
109 255 171 251 63 43 128 106 12 211 56 91 30 112 105 123 44 145 248 6 122 19 113 186 156 26 75 85 183 84 136 27 102 67 148 98 167 131 15 182 180 76 235 160 100 238 116 127 185 64 20 195 97 224 68 88 231 120 18 220 7 46 118 214 152 39 226 242 37 205 34 74 48 157 219 133 121 0 249 134 93 159 178 77 165 209 169 247 104 45 31 221 253 54 143 229 155 130 114 99 207 236 237 208 161 78 72 142 4 254 244 177 125 94 71 201 162 151 60 119 42 89 252 50 32 108 80 110 228 52 55 213 13 47 23 35 150 175 202 154 9 144 190 124 217 245 174 141 36 79 227 33 81 38 223 215 196 193 189 11 10 129 194 230 65 69 83 140 86 246 188 210 197 107 204 51 243 111 5 92 146 250 233 1 138 62 17 172 232 240 147 192 103 216 170 191 58 241 3 40 73 199 206 164 115 179 101 16 137 139 234 70 181 126 132 239 158 173 135 218 184 49 117 90 8 212 203 53 198 222 41 82 61 66 2 28 59 22 163 14 200 168 95 166 25 149 187 24 87 96 225 21 153 29 176 57
111 155 178 2 253 45 108 213 93 114 125 147 8 21 188 28 87 86 29 69 100 133 184 78 162 240 129 66 197 226 90 122 222 48 216 41 244 207 76 159 135 0 136 161 79 211 249 47 223 56 231 132 101 238 210 80 144 1 179 96 203 153 121 91 52 110 112 54 215 49 37 177 156 146 126 247 143 81 35 40 217 195 13 131 232 71 142 248 212 109 53 113 94 252 3 64 174 242 194 218 193 243 42 201 166 181 18 141 72 128 241 175 220 51 92 214 55 224 84 68 30 24 16 170 168 151 26 98 23 31 59 173 65 130 14 58 32 107 46 250 124 115 158 77 185 138 104 150 169 17 182 237 102 118 187 22 99 70 233 20 9 120 154 228 39 36 50 221 123 251 95 180 167 171 106 33 255 145 157 116 209 239 163 74 6 246 127 73 164 62 44 254 34 82 230 57 15 25 152 204 11 192 219 176 38 229 83 225 198 191 12 196 67 85 88 190 199 206 245 7 148 235 140 19 234 149 105 172 60 5 75 208 117 103 139 236 183 134 160 137 186 119 10 205 200 43 63 4 61 165 202 97 27 189 89 227
180 192 186 0 250 65 172 205 87 164 208 230 210 249 50 148 141 236 252 25 197 240 203 63 55 175 229 116 244 102 206 37 34 69 255 125 120 214 188 45 161 226 79 201 28 185 19 170 124 23 14 52 38 53 112 24 153 232 132 149 137 143 73 213 99 75 130 70 93 60 234 248 85 196 16 165 239 142 166 17 237 233 96 222 220 131 3 190 95 113 158 160 167 68 41 121 92 103 224 179 100 151 247 181 128 44 71 123 242 126 67 29 134 84 114 118 199 94 177 106 83 221 27 246 127 18 162 225 101 80 183 215 176 6 194 195 115 33 216 61 64 245 77 212 193 107 90 150 184 43 2 104 227 152 97 109 146 39 156 31 254 12 155 9 207 5 98 82 173 81 138 200 219 10 169 46 238 136 202 140 86 154 253 211 251 157 147 62 51 4 231 26 171 13 54 178 187 20 198 122 1 59 135 182 91 76 11 163 168 217 40 66 139 49 159 72 47 209 191 133 89 88 36 243 78 48 117 56 189 218 30 8 223 174 110 32 42 241 58 7 108 129 21 57 105 74 145 111 119 144 228 15 35 22 204 235
138 165 177 44 9 145 49 97 47 147 255 63 248 23 207 198 60 172 143 11 101 18 100 89 26 109 84 52 231 219 203 1 252 218 223 112 217 233 34 7 46 176 199 32 235 130 8 161 164 146 232 70 31 192 124 216 254 205 25 135 120 152 35 215 114 56 127 211 189 156 224 117 249 243 16 103 162 163 106 21 250 3 128 237 171 206 230 148 79 139 242 64 183 153 170 62 244 40 4 169 239 80 121 30 201 221 220 69 193 45 99 13 247 119 82 111 57 43 195 53 50 86 92 41 59 73 151 185 212 131 196 209 129 214 126 5 36 181 66 77 150 122 194 133 27 184 236 190 33 154 191 71 61 2 42 179 38 246 65 110 225 39 94 115 226 17 175 167 6 132 87 102 144 166 210 187 213 37 227 90 88 229 54 116 182 29 72 240 141 174 48 55 113 96 160 105 12 93 253 149 75 68 234 186 0 188 238 74 83 159 10 107 28 123 180 118 137 81 76 204 173 19 108 67 222 158 98 20 136 140 24 91 14 245 15 228 208 168 155 202 78 241 251 95 51 197 178 125 58 200 157 85 134 22 142 104
240 255 121 17 210 164 169 91 69 142 5 106 200 16 122 86 238 182 242 223 126 132 193 48 116 68 92 67 117 171 75 40 55 147 15 201 2 115 49 94 180 221 88 184 98 213 197 159 153 145 44 42 25 155 227 152 160 188 47 194 4 143 187 161 236 175 124 253 244 32 206 59 12 233 24 43 146 56 111 231 247 61 151 228 199 107 149 138 249 28 102 168 165 179 95 252 125 224 54 41 45 235 162 129 19 31 245 83 113 37 203 135 120 1 202 38 191 173 128 163 211 104 186 144 154 26 78 140 66 93 50 167 103 212 99 72 65 141 70 196 214 217 64 73 80 119 136 22 109 14 148 108 23 234 46 189 134 204 82 246 232 13 110 57 8 34 11 60 248 139 79 74 172 192 133 190 39 76 226 156 63 218 101 29 52 131 127 174 237 87 222 243 254 21 137 150 62 157 216 215 158 198 229 7 58 207 36 114 3 195 71 100 219 251 96 177 90 170 118 81 205 33 9 0 10 35 208 85 123 176 97 185 105 6 230 112 84 209 18 130 53 225 77 27 250 220 181 239 241 183 89 178 166 51 30 20
63 252 165 66 99 228 235 38 21 85 30 192 18 178 74 255 248 159 111 0 113 163 254 8 84 190 32 208 48 105 43 62 6 1 129 98 199 33 247 147 83 23 200 61 65 204 16 194 170 195 153 133 93 80 127 3 166 176 20 231 122 103 50 238 125 82 10 59 202 67 29 90 102 224 189 70 229 22 227 72 180 243 173 203 132 123 240 97 68 191 26 198 25 14 206 34 9 232 156 144 128 181 177 143 148 37 142 158 214 187 226 101 124 212 160 55 188 86 89 71 157 250 211 117 49 141 179 130 205 60 45 77 215 140 39 236 52 136 114 81 149 42 174 168 196 28 87 88 31 201 175 183 53 162 96 131 155 73 4 64 167 244 108 78 95 242 169 220 184 94 164 5 46 210 126 146 145 249 118 225 24 193 172 44 7 36 237 223 120 233 230 11 17 221 239 253 76 110 137 56 121 134 54 139 51 185 216 106 246 2 75 47 119 58 207 109 161 115 213 79 116 251 241 182 222 104 218 171 245 35 150 219 19 40 151 197 100 92 186 57 12 27 69 91 135 112 138 217 152 15 13 154 234 41 107 209
16 21 144 234 151 233 222 159 242 217 185 109 97 81 134 130 96 101 245 95 111 167 140 179 54 77 165 113 8 141 39 42 24 110 203 164 70 2 94 132 83 158 13 253 30 168 93 247 189 5 89 67 34 102 250 127 121 149 236 40 41 239 154 128 136 6 115 49 84 108 26 212 17 120 197 61 31 48 195 122 173 137 47 117 213 254 163 79 99 98 202 71 178 232 146 125 252 215 244 190 176 73 186 183 219 225 174 192 206 29 63 90 9 74 87 7 92 4 138 169 59 199 210 28 255 72 11 160 62 114 68 166 32 69 204 194 135 175 57 171 124 198 243 103 172 227 248 104 150 53 45 139 10 220 235 22 44 88 65 91 170 105 223 221 107 187 249 60 162 205 118 19 52 181 188 246 229 38 238 145 226 131 27 208 201 112 64 0 66 116 207 216 37 143 240 161 1 58 251 15 214 209 82 51 152 241 200 100 36 231 153 14 18 157 224 147 123 148 106 86 46 33 80 211 119 129 228 184 75 56 3 191 78 35 218 12 155 20 237 43 55 177 142 23 182 230 180 25 133 196 126 156 85 76 193 50
82 214 101 7 251 231 79 47 8 13 240 21 123 46 184 130 148 172 29 192 175 179 64 106 127 137 3 94 237 88 85 0 117 152 78 222 163 74 96 107 97 244 17 66 190 110 118 132 218 112 221 151 147 207 234 50 114 43 95 138 9 154 247 182 52 99 86 142 200 105 159 220 6 212 129 77 54 131 254 18 11 146 48 4 196 108 58 194 188 191 156 226 169 157 57 27 166 22 109 116 162 90 255 202 239 63 75 128 238 236 40 103 102 185 121 87 167 176 71 72 203 26 140 180 38 171 104 209 42 195 243 210 56 14 155 181 113 55 153 134 59 34 49 51 219 39 208 45 161 230 133 115 183 1 73 232 170 32 211 227 80 250 89 217 177 136 100 150 24 242 158 98 216 173 37 67 84 141 248 44 233 68 168 174 65 139 70 135 119 253 197 124 223 122 41 33 206 160 61 92 229 252 204 15 111 60 93 62 35 69 246 225 245 198 193 23 145 249 235 5 205 126 19 81 213 2 91 53 120 149 187 83 165 30 125 201 76 228 12 25 189 144 199 28 143 224 215 186 164 36 10 241 31 16 178 20
92 201 73 36 65 11 252 149 7 4 40 46 250 13 27 105 139 166 85 150 163 83 168 80 214 245 135 20 31 104 76 148 87 236 138 190 144 242 108 145 25 15 211 251 133 247 200 19 64 179 248 48 69 180 226 129 121 215 86 41 56 98 120 164 141 167 246 181 44 42 183 8 70 136 238 26 194 95 128 2 9 67 50 114 59 221 47 207 103 29 22 188 140 0 142 192 28 37 113 219 61 237 77 134 72 91 35 30 158 127 228 62 21 176 112 52 229 90 94 233 45 223 199 224 182 162 122 109 156 32 195 205 49 5 151 132 79 12 154 111 39 88 231 96 58 119 131 253 218 99 3 51 1 101 209 17 202 232 161 152 14 126 97 220 55 227 54 43 235 63 38 6 185 173 157 210 206 172 177 66 171 187 243 216 255 130 153 241 189 84 217 115 118 100 186 24 240 146 78 170 208 159 234 89 74 106 244 169 68 10 81 165 143 110 178 71 203 197 225 57 116 117 60 230 204 212 82 191 125 160 184 102 33 93 196 18 137 107 124 16 198 249 213 123 193 34 75 239 155 175 174 23 147 254 53 222
196 246 226 10 66 164 157 252 13 41 213 1 219 79 71 191 245 132 5 118 222 53 50 85 16 141 136 230 204 61 177 242 95 217 44 201 35 186 140 39 30 68 54 69 128 40 169 248 148 165 153 159 89 229 115 91 146 86 109 76 250 9 101 212 32 181 255 158 182 33 253 249 112 238 236 147 19 206 111 129 174 176 183 84 57 137 108 119 240 195 116 167 8 197 144 60 87 139 3 142 83 45 150 100 130 134 215 110 193 122 99 237 43 7 143 34 178 241 117 96 199 231 192 22 210 211 131 49 232 77 80 6 93 228 209 123 106 166 200 59 18 120 243 168 113 125 162 55 172 47 15 28 171 25 223 21 114 98 189 97 154 216 235 26 185 62 254 152 218 156 102 170 14 227 12 173 163 78 67 20 247 42 187 29 70 194 203 36 214 138 17 75 151 198 107 92 27 179 184 233 56 82 155 65 175 88 63 225 207 149 105 104 52 4 94 64 133 72 205 234 46 24 239 190 126 48 58 2 74 23 124 145 37 73 121 90 161 127 135 160 244 31 51 38 220 251 208 202 0 11 81 188 221 103 180 224
200 24 40 96 69 108 238 6 94 42 192 70 223 226 208 39 132 93 254 186 23 61 12 87 197 182 214 97 22 176 118 189 18 251 218 31 179 56 50 78 165 224 225 168 83 57 65 190 44 233 13 37 210 141 201 49 126 245 215 232 124 51 102 66 231 46 142 183 92 8 28 27 131 255 107 161 75 54 181 144 173 119 105 2 115 112 148 154 103 121 135 213 247 19 193 3 16 191 21 188 67 98 243 128 139 212 184 1 195 89 246 43 252 95 216 253 133 123 64 104 241 100 53 127 172 32 101 156 177 33 79 237 229 68 194 149 164 206 228 17 249 20 99 34 152 150 36 116 178 244 91 134 47 203 236 110 117 175 158 222 167 74 155 60 211 137 130 41 248 0 250 45 136 145 221 72 169 90 185 242 180 199 143 138 11 235 81 170 129 29 220 160 82 198 202 86 153 76 52 77 35 15 230 217 9 140 48 58 157 113 4 240 187 120 7 219 147 196 84 204 166 227 239 106 71 207 111 159 109 209 62 125 55 85 14 5 122 234 205 73 163 80 162 151 88 171 146 114 38 26 10 63 59 25 30 174
112 221 93 56 85 31 17 169 27 24 60 66 15 33 47 125 159 186 105 170 183 103 188 100 234 10 155 40 51 124 96 168 107 1 158 210 164 7 128 165 45 35 231 16 153 12 220 39 84 199 13 68 89 200 246 149 141 235 106 61 76 118 140 184 161 187 11 201 64 62 203 28 90 156 3 46 214 115 148 22 29 87 70 134 79 241 67 227 123 49 42 208 160 0 162 212 48 57 133 239 81 2 97 154 92 111 55 50 178 147 248 82 41 196 132 72 249 110 114 253 65 243 219 244 202 182 142 129 176 52 215 225 69 25 171 152 99 32 174 131 59 108 251 116 78 139 151 18 238 119 23 71 21 121 229 37 222 252 181 172 34 146 117 240 75 247 74 63 255 83 58 26 205 193 177 230 226 192 197 86 191 207 8 236 20 150 173 6 209 104 237 135 138 120 206 44 5 166 98 190 228 179 254 109 94 126 9 189 88 30 101 185 163 130 198 91 223 217 245 77 136 137 80 250 224 232 102 211 145 180 204 122 53 113 216 38 157 127 144 36 218 14 233 143 213 54 95 4 175 195 194 43 167 19 73 242
24 62 32 91 197 129 144 25 181 107 5 227 17 67 70 143 180 18 178 170 237 209 45 222 44 131 127 86 63 141 29 225 109 85 118 166 13 157 14 128 145 106 223 233 82 207 122 183 235 228 113 213 46 120 151 217 239 156 137 43 185 204 152 193 253 173 211 21 97 244 123 205 55 210 252 182 95 218 76 65 1 243 231 126 246 72 248 90 161 114 236 226 150 134 242 117 103 121 172 6 75 48 57 69 125 79 198 200 15 36 174 179 112 30 229 27 153 0 169 59 22 94 192 20 31 164 159 105 119 16 78 38 42 49 92 39 221 186 184 214 100 8 40 132 158 52 115 60 234 74 9 160 26 54 83 163 190 93 241 89 175 149 10 176 110 247 116 56 7 240 81 37 12 80 77 206 61 96 195 189 139 124 66 249 165 41 64 28 238 84 230 142 148 47 102 101 3 162 34 203 171 154 194 71 146 19 212 251 53 73 2 196 35 215 4 208 232 88 11 245 188 201 167 138 187 50 140 255 135 136 220 130 87 133 191 98 177 168 202 111 147 99 68 254 216 224 23 108 155 219 199 51 33 58 250 104
72 113 36 174 120 138 162 19 182 165 169 54 96 117 127 248 84 227 78 75 0 107 142 68 212 153 64 86 97 87 234 7 56 180 100 108 122 208 102 211 141 137 197 224 40 104 33 85 128 254 144 237 172 42 89 76 132 190 95 149 210 251 202 119 67 44 121 244 8 1 136 38 249 186 98 48 184 178 181 146 216 159 147 47 17 156 12 99 106 152 80 245 192 229 53 65 118 228 226 30 93 92 175 111 77 157 166 61 62 193 16 130 170 28 161 94 199 32 185 233 200 46 4 145 171 103 45 143 124 49 24 39 41 209 29 198 35 151 220 123 105 173 246 63 222 160 22 201 217 70 240 79 207 167 126 90 140 14 232 148 88 206 163 27 57 74 131 238 34 223 58 158 164 55 129 60 125 109 243 187 114 213 112 31 23 196 150 51 82 219 242 194 5 101 50 83 52 25 59 236 215 235 188 183 13 135 239 225 250 195 116 9 71 203 247 81 43 110 139 177 73 155 20 115 191 66 218 2 15 179 134 189 18 133 214 205 176 154 26 255 231 21 6 168 10 204 91 252 241 221 69 37 253 3 230 11
225 126 104 219 253 124 61 116 6 183 180 155 20 246 210 168 106 245 227 77 255 73 29 32 109 9 136 87 39 230 187 171 35 55 121 31 95 64 211 112 122 214 56 103 193 215 62 74 2 91 208 52 186 169 27 179 238 28 213 153 26 68 23 129 152 181 7 174 42 59 141 159 135 247 85 66 70 97 12 163 195 185 111 102 242 83 10 244 229 131 184 150 30 98 176 139 88 199 94 119 248 157 48 222 47 43 204 190 108 69 235 151 149 1 117 156 100 198 140 128 17 41 92 164 220 22 158 11 197 202 254 189 19 177 203 72 142 192 236 18 161 194 205 36 154 107 178 60 34 182 212 172 191 96 134 80 147 188 113 63 84 49 133 67 251 118 86 207 201 21 81 249 82 3 166 15 76 71 33 25 79 144 137 146 44 216 123 237 114 120 148 125 57 58 93 231 45 175 14 228 200 99 162 0 170 115 224 5 54 223 101 40 165 138 145 221 252 232 234 110 4 105 196 51 50 65 8 217 233 24 37 239 143 243 75 250 90 38 226 240 127 167 53 132 206 130 173 160 218 46 13 209 16 241 89 78
4 157 47 187 198 16 243 60 254 148 50 102 56 154 20 57 192 182 123 163 45 159 112 186 231 91 160 215 236 92 138 41 33 127 253 208 223 10 32 76 53 79 158 93 211 209 95 175 237 48 150 193 106 7 40 169 176 234 217 26 226 133 214 119 15 196 189 100 52 0 54 104 195 204 25 131 228 149 244 46 239 3 202 197 70 39 140 229 188 88 24 219 141 2 6 145 212 135 111 136 94 74 34 21 68 199 107 117 216 172 63 44 246 179 66 23 206 255 143 8 225 31 43 165 130 11 170 218 168 13 121 184 114 144 73 64 181 38 9 132 222 139 221 210 147 230 205 173 97 85 69 122 118 84 89 233 83 99 155 128 167 42 65 153 101 251 129 27 30 12 98 191 152 58 245 82 120 71 146 1 241 18 156 81 235 177 248 77 55 22 90 238 115 109 137 224 28 29 227 142 116 124 249 103 37 72 96 14 200 5 108 185 49 19 36 183 110 161 125 35 105 201 242 151 67 87 86 190 59 166 220 134 113 240 203 232 178 164 61 174 171 207 213 162 180 194 17 51 78 252 62 75 250 80 247 126
65 132 207 62 47 79 217 142 41 238 54 138 116 83 151 44 176 170 198 30 89 90 33 203 177 185 55 164 98 133 157 75 6 66 169 246 110 80 97 244 171 222 186 96 166 7 48 212 128 148 147 251 120 227 26 195 174 46 9 38 239 225 122 235 232 13 19 223 241 255 78 112 139 58 123 136 56 141 53 187 218 108 248 4 77 49 121 60 209 111 163 117 215 81 118 253 243 184 224 106 220 173 247 37 152 221 21 42 153 199 102 94 188 59 14 29 71 93 137 114 140 219 154 17 15 156 236 43 109 211 254 167 68 101 230 237 40 23 87 32 194 20 180 76 2 250 161 113 0 115 165 1 10 86 192 34 210 50 107 45 64 8 3 131 100 201 35 249 149 85 25 202 63 67 206 18 196 172 197 155 135 95 82 129 5 168 178 22 233 124 105 52 240 127 84 12 61 204 69 31 92 104 226 191 72 231 24 229 74 182 245 175 205 134 125 242 99 70 193 28 200 27 16 208 36 11 234 158 146 130 183 179 145 150 39 144 160 216 189 228 103 126 214 162 57 190 88 91 73 159 252 213 119 51 143 181
97 45 140 216 91 243 27 40 204 159 214 43 158 239 230 201 179 51 25 1 46 31 193 35 229 116 22 11 246 94 62 23 28 255 36 138 61 199 145 163 187 44 207 190 194 79 121 142 152 18 109 252 103 100 0 132 167 93 237 178 89 111 122 112 4 32 81 205 125 133 147 233 127 236 166 162 222 249 65 129 58 110 153 24 169 7 197 67 114 101 157 215 120 174 235 21 227 144 92 69 146 14 33 26 161 63 19 211 123 73 209 203 206 171 241 184 172 72 42 181 37 124 131 177 105 15 217 254 78 90 143 253 251 55 118 117 200 136 102 182 191 86 87 218 41 155 195 53 186 119 224 57 210 3 225 71 29 170 196 128 70 168 149 74 49 64 66 234 54 223 60 176 245 148 130 198 16 88 247 185 47 226 242 95 10 104 232 192 151 115 165 39 2 173 113 231 188 52 82 99 156 8 59 248 83 183 189 80 154 85 150 134 13 212 139 238 137 56 48 221 175 76 107 244 12 219 30 126 75 108 77 50 84 6 240 5 213 208 38 160 9 250 20 220 141 34 96 228 17 106 68 135 164 202 98 180
246 97 75 148 11 112 206 22 128 92 244 188 248 229 132 138 199 54 122 74 98 73 123 177 81 46 61 153 21 207 8 121 55 100 186 227 94 190 104 219 203 165 159 151 50 48 31 161 233 158 166 194 53 200 10 149 193 167 242 181 130 4 250 38 212 65 18 239 30 49 152 62 117 237 253 67 157 234 205 113 155 144 255 34 108 174 171 185 101 3 131 230 60 47 51 241 168 135 25 37 251 89 119 43 209 141 126 7 208 44 197 179 134 169 217 110 192 150 160 32 84 146 72 99 56 173 109 218 105 78 71 147 76 202 220 223 70 79 86 125 142 28 115 20 154 114 29 240 52 195 140 210 88 252 238 19 116 63 14 40 17 66 254 145 85 80 178 198 139 196 45 82 232 162 69 224 107 35 58 137 133 180 243 93 228 249 5 27 143 156 68 163 222 221 164 204 235 13 64 213 42 120 9 201 77 106 225 2 102 183 96 176 124 87 211 39 15 0 16 41 214 91 129 182 103 191 111 12 236 118 90 215 24 136 59 231 83 33 1 226 187 245 247 189 95 184 172 57 36 26 6 127 23 216 170 175
57 187 104 52 29 106 229 248 241 121 23 234 171 83 33 169 163 166 131 201 144 132 32 2 141 252 84 91 137 65 230 177 214 38 50 103 213 211 15 78 77 160 96 62 142 151 46 47 178 1 115 155 13 146 79 184 17 170 218 185 31 244 130 156 88 30 128 109 34 9 24 26 194 14 183 20 136 205 108 90 158 231 48 207 145 7 186 202 55 225 64 192 152 111 75 125 254 217 133 73 191 148 12 42 59 116 223 19 208 43 143 149 40 114 45 110 94 228 172 99 198 97 16 8 181 135 36 67 204 227 179 245 86 35 68 37 10 44 221 200 220 173 168 253 120 224 210 235 180 101 249 56 188 232 66 28 95 124 162 58 140 5 100 176 51 203 242 255 164 119 174 3 118 199 190 161 139 11 240 216 6 246 153 250 189 76 237 226 206 54 22 238 243 215 251 98 21 159 105 123 147 4 167 150 154 39 81 102 112 233 69 212 63 60 0 92 127 53 197 138 49 71 82 72 219 247 41 165 85 93 107 193 87 196 126 122 182 209 25 89 18 70 113 239 129 222 157 27 74 61 117 175 80 134 195 236
249 237 208 116 158 147 3 37 111 177 174 188 104 6 134 233 63 50 54 244 171 138 28 40 254 92 122 46 212 144 129 10 211 47 200 182 137 172 220 113 195 153 163 35 87 149 75 102 59 176 112 221 108 81 74 150 79 205 223 226 73 82 89 128 145 31 118 23 157 117 32 243 55 198 143 213 91 255 241 22 119 66 17 43 20 69 2 148 88 83 181 201 142 199 48 85 235 165 72 227 110 38 61 140 136 183 246 96 231 252 8 30 146 159 71 166 225 224 167 207 238 16 67 216 45 123 12 204 80 109 228 5 105 186 99 179 127 90 214 42 18 0 19 44 217 94 132 185 106 194 114 15 239 121 93 218 27 139 62 234 86 36 4 229 190 248 250 192 98 187 175 60 39 29 9 130 26 219 173 178 100 78 151 14 115 209 25 131 95 247 191 251 232 135 141 202 57 125 77 101 76 126 180 84 49 64 156 24 210 11 124 58 103 189 230 97 193 107 222 206 168 162 154 53 51 34 164 236 161 169 197 56 203 13 152 196 170 245 184 133 7 253 41 215 68 21 242 33 52 155 65 120 240 1 70 160
59 166 149 89 123 162 16 118 46 121 6 198 25 98 185 225 223 176 169 128 236 64 22 21 202 5 152 124 173 144 138 210 222 120 156 184 85 153 207 45 175 201 41 211 35 48 110 145 170 192 83 27 171 49 92 151 255 163 104 91 165 180 160 42 122 141 114 20 168 3 233 116 226 13 235 72 133 117 50 47 212 242 71 115 203 157 209 112 237 218 214 241 146 15 147 96 182 8 65 131 134 148 9 230 103 248 62 224 34 81 188 174 251 155 0 159 4 186 204 101 58 252 94 29 143 19 57 200 190 191 129 76 254 172 227 99 234 78 55 63 86 220 66 18 68 239 199 119 93 187 194 10 30 228 140 177 139 33 154 183 97 208 51 82 67 246 113 137 126 56 73 136 232 132 77 38 164 24 84 197 179 158 127 69 60 240 74 238 216 90 1 206 142 245 221 189 40 32 219 229 7 217 249 106 52 130 135 181 102 253 43 54 105 111 75 247 178 100 167 31 215 36 193 88 53 23 87 108 213 11 150 37 205 161 95 231 17 26 14 70 244 107 109 250 80 28 44 39 2 125 195 243 79 196 61 12
100 188 106 50 103 229 0 245 135 98 170 13 96 107 240 235 181 195 92 154 114 118 125 168 115 42 7 5 35 176 84 116 208 234 128 191 136 55 150 85 236 102 130 159 239 11 169 62 165 251 225 86 252 186 68 192 132 83 61 157 113 88 156 153 27 137 172 16 10 215 200 142 70 241 117 140 104 59 160 51 218 224 123 178 177 79 238 110 24 247 230 15 147 222 95 33 72 129 149 78 17 111 36 80 29 53 164 87 66 9 22 243 214 8 126 216 76 211 212 41 206 163 209 12 174 253 244 23 187 223 175 144 75 37 45 99 184 231 40 20 127 109 134 71 180 138 108 167 18 205 220 101 2 183 81 48 93 143 146 219 1 94 254 246 58 30 121 43 120 207 203 162 139 217 105 46 185 161 194 242 89 233 90 204 221 182 44 54 158 28 198 4 56 49 189 34 122 196 227 38 60 232 213 119 6 25 228 14 74 249 32 97 173 65 199 26 131 31 73 3 171 39 152 141 77 64 52 202 67 148 69 166 237 190 57 47 226 210 63 193 179 197 248 82 151 124 133 145 201 155 19 21 91 112 250 255
52 232 221 201 49 17 233 238 210 246 93 16 154 100 118 142 254 162 145 149 34 76 97 107 228 64 207 58 55 0 87 122 48 192 133 44 66 77 67 214 242 36 160 80 88 102 188 82 191 121 117 177 204 20 84 13 65 108 234 124 217 152 22 69 56 112 170 75 129 190 231 182 99 47 24 101 224 243 236 116 18 229 166 78 28 164 158 161 126 196 139 127 27 252 136 247 79 86 132 60 225 172 209 33 45 98 208 206 10 73 72 155 91 57 137 146 41 42 173 251 110 150 8 141 74 179 12 165 213 180 26 239 125 151 83 25 123 104 29 4 19 21 189 9 178 15 131 200 103 85 153 226 43 202 140 2 181 197 50 220 59 187 147 106 70 120 249 212 128 68 186 143 7 37 54 111 218 14 203 38 138 144 35 109 40 105 89 223 167 94 193 92 11 3 176 130 31 62 199 222 174 240 81 30 63 32 5 39 216 195 215 168 163 248 115 219 205 230 175 96 244 51 183 227 61 23 90 119 157 53 135 255 95 171 46 198 237 250 159 114 169 253 113 194 185 156 134 6 235 211 1 241 148 245 184 71
98 103 60 44 163 183 249 159 223 192 84 240 250 87 184 231 66 88 190 202 130 219 81 180 59 42 155 52 111 156 86 26 154 196 151 2 25 54 135 47 170 187 14 32 8 120 213 194 198 225 140 36 68 58 239 230 115 211 138 117 102 4 57 23 158 226 49 12 216 72 222 247 121 30 176 95 175 171 77 63 236 197 108 24 22 129 245 29 228 71 13 1 145 169 220 37 93 150 31 139 70 75 127 62 147 50 76 200 15 65 109 146 34 67 78 164 27 235 51 188 162 55 85 45 64 224 7 208 20 61 241 191 212 177 6 195 124 246 214 80 74 149 209 122 210 131 39 143 204 199 161 153 207 17 10 19 172 89 251 110 242 248 21 253 185 186 221 104 173 48 142 101 73 227 35 0 43 243 97 133 182 96 229 168 38 11 18 94 125 105 107 238 132 233 69 179 178 193 136 90 106 152 165 112 16 116 203 123 218 166 99 113 255 40 181 5 79 3 46 33 91 174 141 82 144 114 217 206 254 232 92 126 252 189 244 134 56 53 28 148 119 83 41 234 118 100 205 128 201 157 160 237 137 9 215 167
24 81 37 12 80 77 206 61 96 195 189 139 124 66 249 165 41 64 28 238 84 230 142 148 47 102 101 3 162 34 203 171 154 194 71 146 19 212 251 53 73 2 196 35 215 4 208 232 88 11 245 188 201 167 138 187 50 140 255 135 136 220 130 87 133 191 98 177 168 202 111 147 99 68 254 216 224 23 108 155 219 199 51 33 58 250 104 62 32 91 197 129 144 25 181 107 5 227 17 67 70 143 180 18 178 170 237 209 45 222 44 131 127 86 63 141 29 225 109 85 118 166 13 157 14 128 145 106 223 233 82 207 122 183 235 228 113 213 46 120 151 217 239 156 137 43 185 204 152 193 253 173 211 21 97 244 123 205 55 210 252 182 95 218 76 65 1 243 231 126 246 72 248 90 161 114 236 226 150 134 242 117 103 121 172 6 75 48 57 69 125 79 198 200 15 36 174 179 112 30 229 27 153 0 169 59 22 94 192 20 31 164 159 105 119 16 78 38 42 49 92 39 221 186 184 214 100 8 40 132 158 52 115 60 234 74 9 160 26 54 83 163 190 93 241 89 175 149 10 176 110 247 116 56 7 240
203 73 20 226 252 229 23 211 102 42 37 135 155 96 153 2 39 189 119 26 181 64 247 15 94 90 137 200 50 185 206 217 239 100 113 25 120 179 178 121 161 192 225 21 170 254 77 221 158 34 63 182 214 59 140 53 133 81 44 168 251 227 0 228 253 171 48 86 139 60 148 68 224 193 75 47 172 236 93 16 188 40 245 213 183 144 202 204 146 52 141 129 14 248 238 218 84 235 173 127 132 54 32 105 223 69 163 234 85 49 201 145 205 186 89 95 156 11 79 31 55 30 80 134 38 3 18 110 233 164 220 78 12 57 143 184 51 147 61 176 160 122 116 108 7 5 243 118 190 115 123 151 10 157 222 106 150 124 199 138 87 216 207 250 169 22 230 196 242 6 109 19 74 194 210 24 114 191 162 70 112 101 212 246 65 131 128 142 58 215 88 187 17 4 8 198 125 92 237 249 208 46 76 255 166 98 83 219 165 1 154 136 91 126 174 67 149 107 117 244 41 103 29 56 13 130 66 175 62 35 28 104 33 159 177 180 27 36 43 82 99 240 72 232 111 71 241 197 9 152 97 167 45 209 195 231
119 197 129 34 52 97 99 106 7 235 60 31 42 163 118 39 90 186 120 67 238 10 62 181 65 6 223 73 23 53 57 138 33 116 45 22 160 221 185 66 212 101 164 40 19 122 154 115 200 133 134 54 227 155 255 3 184 16 151 132 46 29 89 123 237 196 43 166 91 36 48 85 233 95 225 193 206 94 203 146 199 37 21 112 20 77 139 158 204 108 240 177 75 141 79 25 93 192 150 190 96 86 1 245 198 170 220 110 207 248 117 126 214 137 61 195 253 74 121 30 15 205 102 107 156 234 5 78 243 98 11 241 148 130 72 28 27 230 182 17 242 56 250 128 157 224 202 162 113 49 226 236 180 252 201 47 68 215 251 44 13 84 50 58 83 167 209 229 216 143 174 131 125 0 189 4 111 144 26 103 147 169 149 188 244 87 80 175 191 219 136 179 142 2 249 114 168 55 183 41 145 231 228 8 194 64 59 153 127 239 100 165 18 140 222 124 213 109 63 217 208 246 232 247 51 218 92 171 71 88 76 82 12 152 38 14 69 9 32 254 173 187 24 135 210 104 178 81 105 211 176 172 35 161 159 70
100 92 114 125 115 7 35 84 208 128 136 150 236 130 239 169 165 225 252 68 132 61 113 156 27 172 10 200 70 117 104 160 218 123 177 238 24 230 147 95 72 149 17 36 29 164 66 22 214 126 76 212 206 209 174 244 187 175 75 45 184 40 127 134 180 108 18 220 2 81 93 146 1 254 58 121 120 203 139 105 185 194 89 90 221 44 158 198 56 189 122 227 60 213 6 228 74 32 173 199 131 73 171 152 77 52 67 69 237 57 226 63 179 248 151 133 201 19 91 250 188 50 229 245 98 13 107 235 195 154 118 168 42 5 176 116 234 191 55 85 102 159 11 62 251 86 186 192 83 157 88 153 137 16 215 142 241 140 59 51 224 178 79 110 247 15 222 33 129 78 111 80 53 87 9 243 8 216 211 41 163 12 253 23 223 144 37 99 231 20 109 71 138 167 205 101 183 48 143 219 94 246 30 43 207 162 217 46 161 242 233 204 182 54 28 4 49 34 196 38 232 119 25 14 249 97 65 26 31 3 39 141 64 202 148 166 190 47 210 193 197 82 124 145 155 21 112 255 106 103 0 135 170 96 240 181
15 255 17 74 181 232 166 1 101 107 253 72 3 68 52 186 130 57 156 55 229 221 139 93 249 25 162 185 137 203 44 248 26 250 223 2 179 158 178 131 126 211 78 182 168 193 138 59 207 14 146 190 24 241 53 82 120 16 98 218 58 134 9 161 200 213 122 77 132 216 76 157 148 119 97 224 198 174 219 204 111 208 147 34 195 184 164 12 235 196 201 173 209 56 234 117 63 81 105 217 125 108 112 252 39 60 70 191 27 170 21 18 0 50 85 11 155 96 7 29 40 30 177 205 254 123 43 51 65 151 45 154 84 80 140 167 238 47 231 28 71 197 87 180 115 240 32 19 75 133 38 92 153 194 145 62 10 242 64 187 206 199 79 236 192 129 41 246 127 121 124 89 159 102 90 245 215 99 210 42 49 95 23 188 135 172 251 8 61 171 169 228 36 35 118 54 20 100 109 4 5 136 214 73 113 226 104 37 142 230 128 176 143 244 202 88 114 46 243 86 67 247 222 237 239 152 227 141 233 94 163 66 48 116 189 6 165 103 220 144 160 13 183 22 150 110 69 33 83 212 175 91 31 149 106 225
65 76 18 229 228 176 128 218 188 2 196 74 103 170 148 108 59 250 172 182 126 198 147 248 14 161 197 245 214 30 251 4 29 113 155 175 162 89 120 77 71 0 135 205 57 90 227 49 93 115 95 134 190 33 26 121 137 165 82 125 88 203 195 60 114 1 129 242 91 177 174 209 140 10 5 99 73 185 46 111 219 86 168 70 159 55 9 163 154 192 178 193 252 164 38 117 17 34 22 28 213 98 239 215 15 210 233 200 119 133 225 81 156 50 124 27 51 157 122 118 236 107 105 16 143 75 235 253 43 45 52 208 181 6 232 243 109 64 240 36 132 66 13 184 211 8 127 11 207 169 19 224 254 3 84 234 62 246 223 106 167 131 12 158 47 110 241 220 68 100 61 146 79 80 255 173 101 201 204 130 217 97 78 247 230 35 69 183 142 244 112 37 237 249 31 179 41 171 139 152 40 149 92 145 238 222 58 221 23 85 104 150 54 186 123 21 87 25 226 39 138 96 136 42 32 202 191 144 116 166 56 153 194 63 72 160 83 7 141 199 20 67 231 216 151 48 53 102 180 206 24 189 44 212 187 94
63 96 208 131 48 155 105 73 43 4 62 64 6 167 1 244 129 108 98 78 199 95 33 242 247 169 147 220 83 184 23 94 200 164 61 5 65 46 204 210 16 126 194 146 170 145 195 249 153 118 133 225 93 24 80 193 127 172 3 44 166 7 176 36 20 237 231 223 122 120 103 233 50 230 238 11 125 17 82 221 10 239 59 253 202 76 67 110 29 137 90 56 102 121 224 134 189 54 70 139 229 51 22 185 227 216 72 106 180 246 243 2 173 75 203 47 132 119 123 58 240 207 97 109 68 161 191 115 26 213 198 79 25 116 14 251 206 241 34 182 9 222 232 104 156 218 144 171 128 245 181 35 177 150 143 219 148 19 37 40 142 151 158 197 214 100 187 92 226 186 101 57 124 12 212 27 160 69 55 91 188 135 86 112 89 138 71 217 157 152 250 15 211 13 117 154 49 234 141 41 179 107 130 209 205 252 60 165 45 66 77 99 215 228 140 235 39 38 236 21 52 85 136 30 114 192 81 18 149 178 42 74 174 255 168 248 196 159 28 111 87 0 88 113 31 163 201 254 175 8 183 84 53 190 162 32
243 93 71 31 237 173 95 105 49 121 70 171 192 84 120 168 137 208 174 182 207 36 78 98 85 12 43 255 249 0 58 128 235 13 150 227 16 38 18 57 113 211 204 44 60 88 5 48 11 126 118 238 37 179 52 165 14 100 97 132 63 188 183 22 251 108 224 34 142 9 91 248 82 233 187 86 77 115 101 116 175 87 216 40 195 212 200 206 136 21 162 138 193 133 156 123 42 56 148 4 79 228 47 205 229 80 45 41 159 30 28 194 66 253 158 176 221 223 230 131 104 184 155 166 32 242 163 214 55 244 191 107 134 186 50 189 130 92 197 147 177 181 7 157 240 169 146 29 90 54 190 81 225 33 164 143 246 23 239 69 2 3 178 96 24 124 127 53 140 20 1 170 153 213 247 106 65 167 35 215 160 172 209 102 219 94 62 75 218 72 15 68 161 145 236 144 201 8 27 73 232 109 46 199 10 203 149 217 61 19 59 220 210 125 114 67 39 89 234 76 117 241 250 83 6 185 64 122 198 245 154 139 74 226 231 25 103 129 202 112 222 135 110 17 254 196 152 151 99 51 141 111 180 119 252 26
163 180 21 203 182 167 69 122 88 223 36 114 77 26 137 32 57 186 95 241 160 240 236 142 128 46 7 173 89 87 194 55 94 38 136 78 66 210 234 30 102 158 215 96 204 135 140 192 127 212 115 141 10 80 130 174 211 99 132 143 229 92 45 116 253 227 120 150 110 129 34 72 18 85 126 51 1 22 242 71 5 189 56 24 145 139 214 19 187 20 196 104 208 14 9 226 218 17 82 75 84 237 154 61 175 52 58 86 63 250 251 31 169 238 113 207 166 138 37 100 0 108 53 162 198 247 161 39 233 103 76 83 159 190 170 172 48 197 43 134 244 243 3 201 155 171 217 230 177 81 181 13 188 28 231 164 178 65 105 246 70 144 68 111 98 156 239 206 147 209 179 27 16 64 42 157 191 62 254 54 199 121 118 93 213 184 148 106 44 183 165 15 193 11 222 225 47 202 74 25 232 168 125 109 228 248 59 224 33 2 149 50 60 152 249 41 131 153 255 12 195 29 146 245 124 107 220 117 176 221 151 91 219 6 216 67 90 119 200 112 235 252 79 97 73 185 23 4 8 35 205 101 133 123 49 40
149 87 215 184 30 119 78 233 169 109 31 147 151 35 102 25 1 26 239 219 179 166 213 89 252 7 106 62 208 189 136 69 211 168 96 145 33 153 115 176 188 55 20 156 60 108 58 158 11 74 4 34 218 209 71 183 154 22 112 29 111 100 37 120 95 63 242 230 214 12 8 229 234 123 228 244 45 18 57 187 210 43 246 141 19 172 175 157 243 81 42 203 135 227 10 216 36 146 131 163 46 226 125 67 138 222 200 167 235 128 5 254 27 114 173 174 117 32 6 14 139 248 182 217 241 159 90 150 253 75 194 164 181 73 255 51 15 180 250 91 132 41 212 232 231 80 204 56 110 24 3 130 93 122 68 54 206 64 61 97 103 52 70 84 162 196 223 142 207 220 140 225 137 16 47 192 77 88 161 133 205 144 38 195 247 201 44 165 202 82 72 13 53 190 49 2 76 121 236 50 105 126 237 28 186 178 17 143 98 113 155 177 221 198 224 48 238 101 99 240 65 127 193 40 83 251 152 185 59 66 124 107 171 116 23 104 9 160 86 79 245 197 0 199 249 85 94 170 21 118 39 134 191 129 148 92
60 242 225 30 64 178 137 239 107 32 232 244 26 174 36 166 134 147 35 144 87 140 233 217 53 216 18 80 99 145 49 181 118 16 82 20 221 34 133 91 131 37 27 197 186 139 111 161 51 148 189 58 67 155 78 2 136 194 15 62 226 211 146 43 48 97 175 201 19 184 39 207 182 89 71 13 224 223 171 123 213 183 252 191 69 98 165 143 103 54 245 167 177 121 193 142 243 9 156 192 240 209 25 246 254 24 108 150 170 157 84 115 72 66 0 130 200 52 85 222 44 88 110 90 129 185 28 21 116 132 160 77 120 83 198 190 55 109 251 124 237 86 172 169 204 135 5 255 94 68 180 41 106 214 81 163 65 154 50 4 158 149 187 173 188 247 159 33 112 12 29 17 23 208 93 234 210 10 205 228 195 114 128 220 76 151 45 119 22 46 152 117 113 231 102 100 11 138 70 230 248 38 40 47 203 176 1 227 238 104 59 235 31 127 61 8 179 206 3 122 6 202 164 14 219 249 253 79 229 57 241 218 101 162 126 7 153 42 105 236 215 63 95 56 141 74 75 250 168 96 196 199 125 212 92 73
132 82 22 45 12 186 200 37 148 223 117 191 94 118 224 189 185 48 174 172 83 210 142 47 65 110 112 119 20 248 73 44 55 176 131 52 103 199 133 80 251 23 75 194 78 19 236 86 36 66 70 151 46 129 58 35 173 234 198 79 225 114 177 53 32 135 167 128 213 146 147 67 240 168 13 16 197 29 164 145 59 42 102 136 250 209 56 179 104 49 61 98 246 108 238 206 219 107 216 159 212 50 34 125 33 90 152 171 217 121 253 190 88 154 92 38 106 205 163 203 109 99 14 3 211 183 233 123 220 6 130 139 227 150 74 208 11 87 134 43 28 218 115 120 169 247 18 91 1 111 24 254 161 143 85 41 40 243 195 30 255 69 8 141 170 237 215 175 126 62 239 249 193 10 214 60 81 228 9 57 26 97 63 71 96 180 222 242 229 156 187 144 138 0 202 17 124 157 39 116 160 182 162 201 2 100 93 188 204 232 149 192 155 15 7 127 181 68 196 54 158 244 241 21 207 77 72 166 140 252 113 178 31 153 235 137 226 122 76 230 221 4 245 5 64 231 105 184 84 101 89 95 25 165 51 27
18 40 147 133 210 114 0 118 218 145 163 60 17 211 53 243 102 233 16 159 149 150 88 35 213 131 186 58 193 37 14 22 45 179 25 232 27 198 158 78 52 146 153 224 244 187 99 136 98 247 113 142 56 167 10 41 26 205 72 96 85 15 32 95 191 91 36 252 123 238 43 156 138 117 86 28 19 199 33 197 175 49 215 165 101 204 180 148 254 246 178 188 221 176 208 65 11 89 94 140 61 212 2 13 64 70 34 206 137 59 126 245 174 250 152 47 12 237 46 67 172 225 109 251 164 120 54 190 231 240 228 29 203 66 68 209 39 242 3 253 216 84 154 202 38 155 20 226 125 108 48 82 121 230 77 5 80 220 157 239 57 144 184 182 135 128 87 195 23 236 235 161 219 111 83 132 103 97 169 181 79 115 143 44 112 166 4 134 160 255 170 249 7 69 104 129 151 42 241 130 8 51 110 214 122 63 50 124 139 119 1 81 100 73 234 127 217 192 75 185 227 194 31 92 76 9 6 171 201 30 74 162 116 168 71 196 177 173 200 105 229 106 55 141 222 24 90 93 107 223 189 62 207 21 183 248
61 97 213 226 138 233 37 36 234 19 50 83 134 28 112 190 79 16 147 176 40 72 172 253 166 246 194 157 26 109 85 0 86 111 29 161 199 252 173 6 181 82 51 188 160 30 94 206 129 46 153 103 71 41 2 60 62 4 165 254 242 127 106 96 76 197 93 31 240 245 167 145 218 81 182 21 92 198 162 59 3 63 44 202 208 14 124 192 144 168 143 193 247 151 116 131 223 91 22 78 191 125 170 1 42 164 5 174 34 18 235 229 221 120 118 101 231 48 228 236 9 123 15 80 219 8 237 57 251 200 74 65 108 27 135 88 54 100 119 222 132 187 52 68 137 227 49 20 183 225 214 70 104 178 244 241 255 171 73 201 45 130 117 121 56 238 205 95 107 66 159 189 113 24 211 196 77 23 114 12 249 204 239 32 180 7 220 230 102 154 216 142 169 126 243 179 33 175 148 141 217 146 17 35 38 140 149 156 195 212 98 185 90 224 184 99 55 122 10 210 25 158 67 53 89 186 133 84 110 87 136 69 215 155 150 248 13 209 11 115 152 47 232 139 39 177 105 128 207 203 250 58 163 43 64 75
72 143 194 11 67 124 5 113 44 49 101 36 121 24 50 174 244 39 83 120 8 41 52 138 1 209 25 162 136 29 59 19 38 198 236 182 249 35 215 165 186 151 235 169 98 220 188 54 48 123 183 96 184 105 13 117 178 173 135 127 181 246 239 248 146 63 225 84 216 222 250 227 159 160 195 78 147 22 116 75 47 201 9 0 17 217 71 107 156 70 203 142 12 240 247 68 99 79 81 212 106 207 43 153 152 167 110 64 80 126 139 86 245 90 177 97 192 140 73 87 229 14 155 234 53 232 20 7 65 148 115 56 118 88 191 180 228 206 66 100 226 163 218 108 30 27 2 122 93 57 15 208 92 74 179 102 175 131 134 211 111 238 189 141 77 34 18 137 157 223 133 197 166 58 214 224 61 158 205 40 62 164 176 104 193 55 154 33 16 129 26 85 130 60 255 128 170 125 231 254 28 109 21 144 161 243 6 237 94 187 168 172 199 114 10 42 32 213 204 89 185 112 91 76 233 31 252 132 200 23 241 190 46 196 221 95 4 150 69 149 145 51 37 210 171 82 253 251 103 219 3 202 45 242 230 119
130 110 129 73 68 196 165 11 100 59 214 150 90 12 128 132 16 83 6 237 7 220 200 160 147 194 70 233 243 87 43 189 170 117 50 192 149 77 126 14 134 96 157 169 36 1 137 41 89 39 139 247 55 240 15 199 190 52 164 135 3 93 10 92 81 18 101 76 44 223 211 195 248 244 210 215 104 209 225 26 254 38 168 191 24 227 122 255 153 156 138 224 62 23 184 116 208 246 197 17 127 112 144 27 207 106 48 119 203 181 148 216 109 241 235 8 95 154 155 98 13 242 250 120 229 163 198 222 140 71 131 234 56 175 145 162 54 236 32 251 161 231 72 113 22 193 213 212 61 185 37 91 5 239 111 74 103 49 35 187 45 42 78 84 33 51 65 143 177 204 123 188 201 121 206 118 252 28 173 58 69 142 114 186 125 19 176 228 182 25 146 183 63 53 249 34 171 30 238 57 102 217 31 86 107 218 9 167 159 253 124 79 94 136 158 202 179 205 29 219 82 80 221 46 108 174 21 64 232 133 166 40 47 105 88 152 97 4 85 245 141 67 60 226 178 0 180 230 66 75 151 2 99 20 115 172
27 229 23 166 31 248 54 66 188 153 34 193 241 191 36 144 207 137 167 96 87 204 61 32 155 245 162 244 233 170 253 228 196 120 108 92 145 141 107 112 1 106 122 178 151 190 65 88 176 124 19 152 50 53 35 121 214 175 81 13 105 143 94 169 24 9 41 179 104 3 200 16 100 78 45 113 6 138 132 160 247 51 52 250 165 139 147 17 126 60 95 119 37 223 28 131 208 72 42 59 206 133 184 148 58 128 224 10 174 90 110 109 213 82 189 243 157 136 8 226 255 201 187 84 197 194 230 236 185 203 217 40 74 101 20 85 98 18 103 15 149 180 70 210 221 39 11 83 22 171 73 125 79 177 43 80 215 205 146 186 68 182 135 209 254 114 183 238 4 115 161 64 56 150 21 231 246 33 55 99 76 102 181 116 234 232 118 198 5 71 173 216 129 30 63 192 199 2 240 49 249 156 237 142 38 219 212 123 75 0 77 127 218 227 48 154 251 172 12 69 7 26 225 220 93 62 163 252 211 111 47 242 164 25 29 168 235 158 134 159 117 97 57 44 91 222 130 140 239 195 86 67 14 202 89 46
159 91 232 3 190 132 230 211 136 111 126 128 41 116 30 122 238 52 210 192 5 78 150 54 247 109 33 49 157 72 166 39 254 213 177 227 101 64 235 175 38 250 114 144 161 218 70 121 55 145 245 251 142 216 147 212 196 75 19 201 45 199 118 110 28 237 138 169 51 74 26 92 188 137 170 139 112 146 68 47 67 20 15 100 222 71 57 82 27 203 96 158 35 79 168 130 197 226 9 160 242 107 202 23 153 50 89 102 11 221 21 105 220 46 37 8 241 113 87 63 108 93 255 97 36 178 84 73 53 156 124 85 90 62 98 200 123 6 207 225 249 106 14 252 1 141 183 204 214 80 171 59 165 162 0 194 229 155 44 240 151 173 184 174 66 94 143 12 187 195 209 40 189 43 228 224 29 56 127 191 120 172 215 86 231 69 4 129 176 163 219 22 182 236 42 83 34 206 154 131 208 76 95 88 223 125 81 18 185 135 16 10 13 233 48 246 234 134 104 243 99 186 193 239 167 77 24 61 140 152 205 60 58 117 180 179 7 198 164 244 253 148 149 25 103 217 2 115 248 181 31 119 17 65 32 133
107 25 9 100 8 65 127 146 192 96 228 165 63 129 67 13 81 180 138 178 84 74 244 233 186 158 208 98 195 236 105 114 202 125 49 183 241 62 109 18 3 193 90 95 144 222 248 66 231 86 254 229 136 118 60 16 15 218 170 5 230 44 238 116 145 212 190 150 101 37 214 224 168 240 189 35 56 203 239 32 1 72 38 46 71 155 197 217 204 131 162 119 113 0 177 247 99 132 14 91 135 157 137 176 232 75 68 163 179 207 124 167 130 245 237 102 156 43 171 29 133 219 216 251 182 52 47 141 115 227 88 153 6 128 210 112 201 97 51 205 196 234 220 235 39 206 80 159 59 76 64 70 255 140 26 2 57 252 20 242 161 175 12 123 198 92 166 69 93 199 164 160 23 149 147 58 185 117 22 40 85 87 94 250 223 48 19 30 151 106 27 78 174 108 55 226 253 50 169 53 249 211 61 11 41 45 126 21 104 33 10 148 209 173 54 200 89 152 28 7 110 142 103 188 121 122 42 215 143 243 246 172 4 139 120 34 17 77 111 225 184 31 154 79 24 36 73 221 83 213 181 194 82 191 134 187
140 144 99 200 91 3 9 163 218 217 119 23 150 64 32 15 55 187 7 135 73 112 169 189 118 57 151 76 120 69 93 204 127 106 49 62 28 254 48 166 1 116 251 252 81 246 203 249 52 214 38 29 63 227 8 215 184 115 77 85 139 224 16 80 60 167 149 174 111 220 178 148 207 58 245 5 141 42 223 121 88 133 183 186 4 41 134 39 31 98 70 161 83 160 247 243 202 179 2 145 86 225 201 234 27 129 18 130 244 6 222 84 94 198 68 238 44 96 89 229 74 162 236 12 78 100 17 253 159 46 65 13 54 114 34 72 137 213 105 239 66 171 71 113 43 211 79 192 181 117 104 92 242 107 188 109 206 22 230 97 87 11 250 103 233 219 237 33 122 191 164 173 185 241 195 59 61 131 152 35 40 228 146 90 143 14 0 30 175 138 210 53 136 147 25 20 221 235 132 194 154 158 165 208 155 82 47 45 75 216 124 156 248 19 168 231 176 95 190 125 21 142 170 199 24 51 209 102 205 36 10 126 37 226 108 232 172 123 101 197 153 128 196 193 67 177 212 56 50 255 240 182 110 26 157 180
36 245 225 55 33 194 138 238 18 212 39 32 50 226 72 175 188 49 201 40 113 83 208 2 12 110 11 63 209 29 249 75 25 94 58 197 109 107 3 162 87 27 165 43 54 112 246 202 122 24 151 250 15 158 47 200 147 189 228 45 141 79 221 153 169 219 132 216 1 230 84 146 60 48 0 176 61 20 86 105 4 92 136 96 174 31 227 213 148 180 236 70 156 82 57 41 26 134 163 164 135 88 5 254 69 186 181 171 104 52 21 253 128 89 78 242 46 224 16 179 232 214 35 7 37 155 234 237 140 195 229 205 217 77 102 129 81 191 71 117 51 144 172 101 68 218 6 154 215 8 220 150 142 123 120 116 193 192 56 121 157 247 251 10 67 13 173 115 137 124 34 131 233 170 38 187 19 73 177 160 183 65 244 199 99 159 167 74 119 30 143 97 118 240 168 185 222 255 126 133 91 42 106 28 198 64 66 161 252 108 53 59 166 85 100 62 145 111 231 44 17 190 139 130 235 125 149 223 9 243 248 184 210 241 204 90 196 127 95 22 93 207 76 114 206 14 23 152 203 80 211 103 239 182 98 178
1 179 124 45 193 255 132 176 10 227 39 68 106 2 84 204 44 120 250 147 186 199 108 63 118 202 62 143 134 105 83 210 184 160 205 190 97 194 133 20 181 170 150 253 221 182 187 159 195 42 220 103 49 67 91 203 111 94 98 238 25 46 56 177 13 156 7 4 0 36 71 252 141 82 248 15 26 16 163 191 240 109 29 37 51 137 31 140 70 66 126 153 224 33 217 14 57 183 73 166 101 226 18 5 61 119 24 78 139 180 131 48 251 228 50 173 192 185 65 222 178 115 27 232 113 107 110 75 145 88 76 231 201 85 196 28 35 81 9 174 121 158 237 249 47 157 155 214 22 21 104 40 6 86 95 245 246 122 200 59 99 212 90 23 128 216 114 162 129 230 188 74 100 32 229 72 53 233 208 223 225 138 213 127 219 80 149 52 34 102 175 247 151 89 206 130 146 254 169 8 136 96 55 19 69 198 161 77 17 135 92 211 241 3 60 167 218 152 242 87 93 239 58 244 54 38 172 116 43 142 41 215 207 125 79 235 11 148 171 123 189 30 234 12 236 209 243 165 144 164 117 112 197 64 168 154
211 198 123 131 159 18 165 230 114 158 132 207 146 95 224 215 3 177 30 238 204 250 14 117 27 82 202 218 32 122 199 170 78 120 109 220 254 73 139 136 150 66 223 96 195 25 12 16 206 133 100 245 2 216 54 84 8 174 106 91 227 173 9 162 144 99 134 182 75 157 115 125 252 49 111 37 64 21 138 74 183 70 43 36 112 41 167 185 188 35 44 51 90 107 248 80 240 119 79 249 205 17 160 105 175 53 217 203 239 81 28 234 5 237 31 219 110 50 45 143 163 104 161 10 47 197 127 34 189 72 255 23 102 98 145 208 58 193 214 225 247 108 121 33 128 187 186 129 169 200 233 29 178 7 85 229 166 42 71 190 222 67 148 61 141 89 52 176 4 235 0 236 6 179 56 94 147 68 156 76 232 201 83 55 180 244 101 24 196 48 253 221 191 152 210 212 154 60 149 137 22 1 246 226 92 243 181 135 140 62 40 113 231 77 171 242 93 57 209 153 213 194 97 103 164 19 87 39 63 38 88 142 46 11 26 118 241 172 228 86 20 65 151 192 59 155 69 184 168 130 124 116 15 13 251 126
101 5 39 15 27 142 167 194 146 1 136 182 116 209 237 166 133 28 71 219 25 73 30 215 207 188 185 181 3 2 121 186 222 57 61 75 132 78 238 180 202 189 99 196 43 235 103 252 84 138 242 225 248 130 54 9 164 224 232 139 184 95 208 162 183 50 233 250 32 65 191 198 156 107 171 93 8 129 131 226 62 173 118 124 231 150 165 127 210 176 41 109 82 255 204 195 45 190 214 33 74 53 58 249 20 51 14 155 6 192 160 87 158 17 141 179 16 79 88 217 13 145 21 168 49 247 163 243 55 35 120 98 4 203 48 83 22 104 97 115 36 137 240 253 114 11 105 178 148 18 67 77 175 76 128 19 94 59 140 90 159 123 7 174 172 68 227 152 92 230 108 119 177 56 12 187 89 216 60 80 223 112 10 212 254 38 110 206 144 31 218 234 29 197 26 66 40 149 211 125 113 0 241 126 85 151 170 69 157 201 161 239 96 37 23 213 245 46 135 221 147 122 106 91 199 228 229 200 153 70 64 134 251 246 236 169 117 86 63 193 154 143 52 111 34 81 244 42 24 100 72 102 220 44 47 205
234 181 72 216 24 155 134 237 14 230 60 248 249 169 87 15 115 118 44 131 11 247 161 144 204 238 97 56 158 26 206 151 163 200 93 210 85 53 66 209 63 6 59 152 136 227 135 192 254 18 64 223 100 37 190 1 194 140 208 52 10 50 211 201 116 105 58 30 80 225 67 108 232 241 74 252 176 55 113 189 236 145 130 65 217 222 16 94 120 193 103 213 126 101 8 245 187 143 142 90 42 132 102 171 110 243 17 84 62 22 228 164 86 96 40 112 61 162 183 75 111 159 128 199 165 173 198 27 69 89 76 3 34 246 240 0 49 119 226 4 141 218 7 29 9 48 104 202 195 35 51 79 251 39 2 117 109 229 28 170 43 156 5 91 88 123 54 179 174 13 242 99 215 25 133 255 82 239 73 224 178 77 68 106 92 107 166 78 207 31 186 203 191 197 127 12 153 129 184 124 147 114 33 47 139 250 70 219 38 196 220 71 36 32 150 21 19 185 57 244 149 167 212 214 221 122 95 175 146 157 23 233 154 205 46 235 182 98 125 177 41 180 121 83 188 138 168 172 253 148 231 160 137 20 81 45
139 215 50 127 98 6 48 37 148 182 1 67 64 78 249 151 24 123 208 195 199 134 61 28 173 185 144 237 12 191 102 34 19 155 101 192 90 72 27 62 110 3 85 43 53 180 232 39 220 247 204 66 2 111 253 226 219 40 224 95 113 116 218 227 234 18 35 176 8 168 47 7 177 133 200 88 33 103 236 145 131 167 9 211 162 188 165 214 147 38 233 228 71 91 32 89 193 230 125 55 217 117 255 183 206 30 26 73 136 241 121 142 153 175 36 49 216 56 115 114 57 97 128 161 212 106 190 13 157 94 225 254 118 150 250 76 244 69 17 235 104 187 163 0 164 189 107 239 22 75 251 84 4 160 129 11 238 108 172 29 207 124 231 181 149 119 80 138 140 82 243 77 65 205 184 174 154 20 171 109 63 68 245 223 41 159 5 99 170 21 240 137 81 141 122 25 31 92 202 15 222 246 221 16 70 229 194 209 46 169 100 156 14 203 248 79 120 242 83 252 112 96 58 52 44 198 196 179 54 126 51 59 87 201 93 158 42 86 60 135 74 23 152 143 186 105 213 166 132 178 197 45 210 10 130 146
43 176 147 125 252 226 202 247 232 139 236 175 62 223 212 192 40 8 224 229 201 237 84 7 145 91 109 133 245 153 136 140 25 67 88 98 219 55 198 49 46 0 78 113 39 183 124 35 57 68 58 205 233 27 151 71 79 93 179 73 182 112 108 168 195 11 75 4 56 99 225 115 208 143 13 60 47 103 161 66 120 181 222 173 90 38 15 92 215 234 227 107 9 220 157 69 19 155 149 152 117 187 130 118 18 243 127 238 70 77 123 51 216 163 200 24 36 89 199 197 1 64 63 146 82 48 128 137 32 33 164 242 101 141 254 132 65 170 3 156 204 171 17 230 116 142 74 16 114 95 20 250 10 12 180 255 169 6 122 191 94 76 144 217 34 193 131 248 172 188 41 211 50 178 138 97 61 111 240 203 119 59 177 134 253 28 45 102 209 5 194 29 129 135 26 100 31 96 80 214 158 85 184 83 2 249 167 121 22 53 190 213 165 231 72 21 54 23 251 30 207 186 206 159 154 239 106 210 196 221 166 87 235 42 174 218 52 14 81 110 148 44 126 246 86 162 37 189 228 241 150 105 160 244 104 185
86 83 100 163 4 159 104 65 191 51 111 224 206 185 154 96 87 12 101 10 243 117 28 233 169 17 248 216 67 59 246 1 34 244 21 133 79 157 162 208 129 25 70 81 132 138 102 19 205 127 194 58 242 63 220 115 80 50 114 135 240 38 177 64 232 188 122 3 44 53 41 97 16 134 136 22 107 55 71 66 29 152 222 15 106 223 88 39 193 176 116 150 189 43 145 73 148 33 225 52 125 212 252 250 203 196 155 8 91 49 48 229 32 179 151 200 171 165 237 249 147 183 211 112 180 234 72 202 228 68 238 62 75 137 172 197 219 110 54 198 76 119 178 27 190 131 118 192 207 187 69 149 168 141 47 195 30 5 143 253 40 7 99 160 144 77 74 239 14 98 142 230 184 236 139 9 245 241 13 173 42 174 123 209 35 92 158 161 175 36 2 130 20 89 251 61 108 215 201 23 182 0 186 31 213 231 128 85 24 121 56 170 46 84 227 217 218 156 103 26 199 254 126 6 105 82 90 113 247 93 45 95 11 226 146 120 214 221 37 57 255 167 204 166 60 181 210 124 235 78 109 94 18 140 164 153
138 195 151 126 194 191 65 175 210 54 48 253 238 180 108 24 155 178 142 97 198 89 1 7 161 216 215 117 21 148 62 30 13 53 185 5 133 71 110 167 187 116 55 149 74 118 67 91 202 125 104 47 60 26 252 46 164 254 114 249 250 79 244 201 247 50 212 36 27 61 225 6 213 182 113 75 83 137 222 14 78 58 165 147 172 109 218 176 146 205 56 243 3 139 40 221 119 86 131 181 184 2 39 132 37 29 96 68 159 81 158 245 241 200 177 255 143 84 223 199 232 25 127 16 128 242 4 220 82 92 196 66 236 42 94 87 227 72 160 234 10 76 98 15 251 157 44 63 11 52 112 32 70 135 211 103 237 64 169 69 111 41 209 77 190 179 115 102 90 240 105 186 107 204 20 228 95 85 9 248 101 231 217 235 31 120 189 162 171 183 239 193 57 59 129 150 33 38 226 144 88 141 12 0 28 173 136 208 51 134 145 23 18 219 233 130 192 152 156 163 206 153 80 45 43 73 214 122 154 246 17 166 229 174 93 188 123 19 140 168 197 22 49 207 100 203 34 8 124 35 224 106 230 170 121 99
118 87 81 151 13 8 253 186 134 103 80 210 171 160 69 128 51 98 6 59 41 117 89 119 237 61 64 222 22 56 32 44 159 184 211 163 18 153 199 133 226 254 183 150 45 88 236 42 90 47 232 224 205 202 198 20 19 138 203 239 74 78 92 149 95 255 197 219 206 116 213 60 252 120 14 101 155 4 242 10 147 71 26 181 241 249 156 201 112 225 179 200 67 250 12 49 82 208 215 173 124 188 110 25 146 148 243 79 190 135 141 248 167 182 144 227 193 58 126 99 17 221 212 62 207 231 50 91 70 75 11 37 68 31 172 23 209 177 104 175 34 158 196 33 96 105 234 30 162 38 185 66 9 180 5 72 52 137 115 21 220 65 100 39 121 114 132 53 154 2 15 131 28 122 195 165 35 84 94 192 93 145 36 111 76 157 107 176 140 24 191 189 85 244 169 109 247 125 136 194 73 29 204 106 233 77 97 240 129 27 229 16 55 127 223 161 48 235 251 46 214 43 83 57 166 228 142 130 0 3 143 102 168 187 86 174 218 178 1 113 54 40 230 7 63 152 238 164 139 123 108 216 245 246 217 170
135 121 51 213 113 251 179 202 26 22 69 132 237 117 138 149 171 32 45 212 52 111 110 53 93 124 157 208 102 186 9 153 90 221 250 114 146 246 72 240 65 13 231 100 183 159 0 160 185 103 235 18 71 247 80 255 156 125 7 234 104 168 25 203 120 227 177 145 115 76 134 136 78 239 73 61 201 180 170 150 16 167 105 59 64 241 219 37 155 1 95 166 17 236 133 77 137 118 21 27 88 198 11 218 242 217 12 66 225 190 205 42 165 96 152 10 199 244 75 116 238 79 248 108 92 54 48 40 194 192 175 50 122 47 55 83 197 89 154 38 82 56 131 70 19 148 139 182 101 209 162 128 174 193 41 206 6 126 142 211 46 123 94 2 44 33 144 178 252 63 60 74 245 147 20 119 204 191 195 130 57 24 169 181 140 233 8 187 98 30 15 151 97 188 86 68 23 58 106 254 81 39 49 176 228 35 216 243 200 62 253 107 249 222 215 36 220 91 109 112 214 223 230 14 31 172 4 164 43 3 173 129 196 84 29 99 232 141 127 163 5 207 158 184 161 210 143 34 229 224 67 87 28 85 189 226
71 154 65 178 132 153 20 203 220 2 35 161 168 126 77 141 63 233 99 101 196 32 143 88 94 201 120 135 97 180 146 11 79 52 225 174 165 15 160 184 3 44 23 28 219 245 21 239 125 231 162 130 57 128 242 111 149 241 49 58 187 238 115 246 138 19 217 133 213 25 5 90 68 229 173 18 53 247 74 67 85 6 107 210 223 84 236 75 148 118 243 37 47 145 46 98 244 64 29 110 60 129 93 232 144 142 38 197 122 62 200 78 89 147 26 237 157 59 186 30 50 193 82 235 182 224 8 80 176 114 1 188 204 254 167 251 36 10 119 181 95 83 0 211 96 55 121 140 39 127 171 131 209 66 7 248 183 215 16 105 191 117 92 76 61 169 198 199 170 123 40 34 104 221 216 206 139 87 56 33 163 124 113 22 81 4 51 214 12 249 70 42 72 190 14 17 175 230 9 240 252 112 137 164 116 226 106 152 86 179 207 136 103 253 41 189 250 43 255 185 177 158 155 151 228 227 91 156 192 27 31 45 102 48 208 150 172 159 69 166 13 205 73 222 54 108 212 195 218 100 24 234 134 194 202 109
173 71 96 41 217 110 172 49 93 182 144 211 240 23 174 1 121 216 37 167 64 103 116 25 235 35 119 234 60 51 22 255 127 101 77 122 107 14 111 50 192 98 87 67 170 138 99 104 76 112 214 137 20 221 239 8 120 28 11 15 155 197 218 228 94 185 73 179 176 0 208 243 169 58 254 165 187 198 188 80 108 157 26 201 209 223 54 203 57 242 238 43 70 141 205 134 186 229 100 245 83 18 143 190 177 233 36 196 250 56 97 48 220 168 145 222 90 109 102 237 139 95 32 199 149 30 24 27 247 62 5 248 148 118 2 113 200 207 253 181 91 38 75 154 166 219 74 72 131 194 193 21 212 178 3 12 162 163 39 117 231 16 129 7 195 45 133 31 79 46 147 105 246 17 204 146 244 225 150 125 140 142 55 130 44 136 252 66 224 206 19 92 164 68 6 123 47 63 171 86 180 53 13 227 191 241 115 78 249 189 52 9 128 158 175 232 84 135 69 159 4 10 156 230 161 226 210 89 33 215 59 213 132 124 42 251 152 183 65 88 40 106 202 151 184 153 126 160 82 61 81 34 29 114 236 85
138 27 61 225 6 213 182 113 75 83 137 222 14 78 58 165 147 172 109 218 176 146 205 56 243 3 139 40 221 119 86 131 181 184 2 39 132 37 29 96 68 159 81 158 245 241 200 177 255 143 84 223 199 232 25 127 16 128 242 4 220 82 92 196 66 236 42 94 87 227 72 160 234 10 76 98 15 251 157 44 63 11 52 112 32 70 135 211 103 237 64 169 69 111 41 209 77 190 179 115 102 90 240 105 186 107 204 20 228 95 85 9 248 101 231 217 235 31 120 189 162 171 183 239 193 57 59 129 150 33 38 226 144 88 141 12 0 28 173 136 208 51 134 145 23 18 219 233 130 192 152 156 163 206 153 80 45 43 73 214 122 154 246 17 166 229 174 93 188 123 19 140 168 197 22 49 207 100 203 34 8 124 35 224 106 230 170 121 99 195 151 126 194 191 65 175 210 54 48 253 238 180 108 24 155 178 142 97 198 89 1 7 161 216 215 117 21 148 62 30 13 53 185 5 133 71 110 167 187 116 55 149 74 118 67 91 202 125 104 47 60 26 252 46 164 254 114 249 250 79 244 201 247 50 212 36
59 66 18 68 239 199 119 93 187 194 10 30 228 140 177 139 33 154 183 97 208 51 82 67 246 113 137 126 56 73 136 232 132 77 38 164 24 84 197 179 158 127 69 60 240 74 238 216 90 1 206 142 245 221 189 40 32 219 229 7 217 249 106 52 130 135 181 102 253 43 54 105 111 75 247 178 100 167 31 215 36 193 88 53 23 87 108 213 11 150 37 205 161 95 231 17 26 14 70 244 107 109 250 80 28 44 39 2 125 195 243 79 196 61 12 166 149 89 123 162 16 118 46 121 6 198 25 98 185 225 223 176 169 128 236 64 22 21 202 5 152 124 173 144 138 210 222 120 156 184 85 153 207 45 175 201 41 211 35 48 110 145 170 192 83 27 171 49 92 151 255 163 104 91 165 180 160 42 122 141 114 20 168 3 233 116 226 13 235 72 133 117 50 47 212 242 71 115 203 157 209 112 237 218 214 241 146 15 147 96 182 8 65 131 134 148 9 230 103 248 62 224 34 81 188 174 251 155 0 159 4 186 204 101 58 252 94 29 143 19 57 200 190 191 129 76 254 172 227 99 234 78 55 63 86 220
73 253 242 222 70 38 254 4 231 12 114 37 175 121 139 163 20 183 166 170 55 97 118 128 249 85 228 79 76 0 108 143 69 213 154 65 87 98 88 235 8 57 181 101 109 123 209 103 212 142 138 198 225 41 105 34 86 129 255 145 238 173 43 90 77 133 191 96 150 211 252 203 120 68 45 122 245 9 2 137 39 250 187 99 49 185 179 182 147 217 160 148 48 18 157 13 100 107 153 81 246 193 230 54 66 119 229 227 31 94 93 176 112 78 158 167 62 63 194 17 131 171 29 162 95 200 33 186 234 201 47 5 146 172 104 46 144 125 50 25 40 42 210 30 199 36 152 221 124 106 174 247 64 223 161 23 202 218 71 241 80 208 168 127 91 141 15 233 149 89 207 164 28 58 75 132 239 35 224 59 159 165 56 130 61 126 110 244 188 115 214 113 32 24 197 151 52 83 220 243 195 6 102 51 84 53 26 60 237 216 236 189 184 14 136 240 226 251 196 117 10 72 204 248 82 44 111 140 178 74 156 21 116 192 67 219 3 16 180 135 190 19 134 215 206 177 155 27 1 232 22 7 169 11 205 92
21 104 207 183 151 2 249 181 191 224 179 211 68 14 92 97 143 64 215 5 16 67 73 37 209 140 62 129 248 177 253 155 50 15 240 49 70 175 228 112 254 167 123 57 193 234 243 231 32 206 69 71 212 42 245 6 1 219 87 157 205 41 158 23 229 128 111 51 85 124 233 80 8 83 223 160 242 60 147 187 185 138 131 90 198 26 239 238 164 222 114 86 135 106 100 172 184 82 118 146 47 115 169 7 137 163 3 173 252 10 72 107 132 154 45 244 133 11 54 113 217 125 66 53 127 142 122 4 84 103 76 237 130 220 195 78 188 230 197 34 95 79 12 9 174 204 33 77 165 119 171 74 199 180 176 203 108 232 109 58 144 225 27 93 96 110 226 192 65 210 24 186 251 43 150 136 213 117 0 121 221 148 166 63 20 214 56 246 105 236 19 162 152 153 91 38 216 134 189 61 196 40 17 25 48 182 28 235 30 201 161 81 55 149 156 227 247 190 102 139 101 250 116 145 59 170 13 44 29 208 75 99 88 18 35 98 194 94 39 255 126 241 46 159 141 120 89 31 22 202 36 200 178 52 218 168
110 126 72 163 61 43 253 33 81 229 56 14 24 151 203 10 191 218 175 37 228 82 224 197 190 11 195 66 84 87 189 198 205 244 6 147 234 139 18 233 148 104 171 59 4 74 207 116 102 138 235 182 133 159 136 185 118 9 204 199 42 62 3 60 164 201 96 26 188 88 226 154 177 1 252 44 107 212 92 113 124 146 7 20 187 27 86 85 28 68 99 132 183 77 161 239 128 65 196 225 89 121 221 47 215 40 243 206 75 158 134 0 135 160 78 210 248 46 222 55 230 131 100 237 209 79 143 255 178 95 202 152 120 90 51 109 111 53 214 48 36 176 155 145 125 246 142 80 34 39 216 194 12 130 231 70 141 247 211 108 52 112 93 251 2 63 173 241 193 217 192 242 41 200 165 180 17 140 71 127 240 174 219 50 91 213 54 223 83 67 29 23 15 169 167 150 25 97 22 30 58 172 64 129 13 57 31 106 45 249 123 114 157 76 184 137 103 149 168 16 181 236 101 117 186 21 98 69 232 19 8 119 153 227 38 35 49 220 122 250 94 179 166 170 105 32 254 144 156 115 208 238 162 73 5 245
220 22 18 136 7 5 171 43 230 135 153 198 200 207 108 81 161 132 143 9 219 140 191 32 221 168 84 111 163 27 166 107 69 174 124 154 158 239 134 217 146 123 6 67 31 167 58 202 10 141 120 223 255 216 46 234 235 155 73 1 101 104 30 117 252 233 147 130 190 224 83 42 144 12 192 137 149 186 79 196 71 39 52 195 49 247 45 138 122 213 121 178 240 4 50 209 86 23 176 242 180 126 194 38 251 36 197 187 102 91 44 16 66 211 53 94 218 227 60 238 162 41 99 175 222 131 116 51 203 208 2 80 106 179 89 199 112 87 249 231 173 129 128 76 28 118 88 157 96 229 3 70 48 8 214 150 72 82 26 98 47 148 169 61 97 145 114 185 151 159 184 13 55 75 62 244 20 232 226 0 35 105 212 245 127 204 248 15 250 34 90 188 181 21 37 65 237 25 243 103 95 215 14 156 29 142 246 77 74 109 40 165 160 254 228 85 201 11 119 241 68 225 59 210 164 63 54 92 78 93 152 64 193 17 172 189 177 183 113 253 139 115 170 110 133 100 19 33 125 236 56 205 24 182 206 57
182 238 71 25 77 235 105 86 82 109 14 138 15 219 50 131 188 254 2 16 132 98 226 116 185 92 157 204 56 42 119 23 0 27 127 54 72 224 181 120 217 152 11 142 180 68 58 59 252 199 122 40 95 222 102 201 178 186 209 88 189 141 191 107 67 242 216 55 62 133 153 96 8 45 7 156 22 51 220 76 174 205 190 114 236 5 249 179 196 4 100 255 200 161 32 147 207 65 47 26 250 192 183 108 197 106 84 213 124 74 10 113 89 57 163 155 87 97 130 85 117 229 175 253 3 49 225 121 166 177 228 234 198 115 46 223 35 154 83 159 61 211 176 146 210 231 81 134 18 160 73 29 218 99 140 149 137 193 112 230 232 118 203 151 167 162 125 248 63 111 202 64 184 135 34 17 212 246 30 139 241 169 244 129 66 148 221 53 93 91 44 37 251 104 187 145 144 70 128 20 247 41 12 6 78 90 243 24 52 208 21 75 168 43 69 164 79 158 171 233 13 38 60 206 150 39 172 215 19 123 31 227 214 33 48 28 165 245 9 237 143 36 126 101 239 94 136 103 195 1 240 173 170 80 110 194
166 104 43 185 91 80 60 163 131 92 97 69 105 207 130 13 214 232 1 113 21 4 8 148 190 211 221 87 178 66 172 169 0 201 236 162 51 247 158 180 191 181 73 101 150 19 194 202 216 47 196 50 235 231 36 63 134 198 127 179 222 93 238 76 11 136 183 170 226 29 189 243 49 90 41 213 161 138 215 83 102 95 230 132 88 25 192 142 23 17 20 240 55 253 241 141 111 250 106 193 200 246 174 84 31 68 147 159 212 67 65 124 187 186 14 205 171 251 5 155 156 32 110 224 9 122 255 188 38 126 24 72 39 140 98 239 10 197 139 237 218 143 118 133 135 48 123 37 129 245 59 217 199 12 85 157 61 254 116 40 56 164 79 173 46 6 220 184 234 108 71 242 182 45 2 121 151 168 225 77 128 62 152 252 3 149 223 154 219 203 82 26 208 52 206 125 117 35 244 145 176 58 81 33 99 195 144 177 146 119 153 75 54 74 27 22 107 229 78 64 89 34 210 103 165 42 86 175 137 204 233 16 167 249 114 209 30 160 57 96 109 18 228 28 112 227 53 44 15 248 120 94 70 115 100 7
169 122 4 233 126 156 116 135 40 78 24 91 132 57 7 28 248 77 11 195 62 30 151 145 220 25 193 26 202 110 214 20 15 232 224 23 88 81 90 243 160 67 181 58 64 92 69 1 2 37 175 244 119 213 172 144 43 106 0 114 59 168 204 253 167 45 239 109 82 89 165 196 176 178 54 203 49 140 250 249 9 207 161 177 223 236 183 87 187 19 194 34 237 170 184 71 111 252 76 150 74 117 104 162 245 212 153 215 185 33 22 70 48 163 197 68 5 60 205 127 124 99 219 190 154 112 50 189 171 21 199 17 228 231 53 208 80 31 238 174 131 115 234 254 65 230 39 8 155 56 66 158 255 47 137 159 6 18 201 35 152 251 130 113 226 123 182 227 157 97 225 12 222 73 96 125 206 118 241 3 85 103 79 191 29 10 14 41 211 107 139 129 55 46 186 27 209 188 173 75 128 94 229 42 120 83 32 143 38 63 192 101 247 166 246 242 148 134 52 13 179 95 93 200 61 100 44 142 84 72 216 240 36 108 164 221 102 210 141 146 198 133 218 121 147 16 86 136 180 217 105 138 149 235 98 51
23 108 234 252 255 102 111 118 157 174 60 147 52 186 146 61 17 84 227 172 242 120 29 15 51 148 95 46 72 49 98 31 177 117 112 210 230 171 228 77 114 9 194 101 1 139 67 90 169 165 212 20 125 5 26 37 59 175 188 100 195 254 253 196 236 12 45 96 245 74 152 41 233 109 138 2 34 134 215 128 208 156 119 243 71 47 0 48 73 246 123 161 214 135 223 143 44 13 150 122 247 56 168 91 8 115 65 33 3 219 22 24 221 127 216 204 89 68 58 38 159 55 248 202 207 129 107 180 43 144 238 54 160 124 21 220 25 6 164 170 231 86 154 106 130 105 155 209 113 78 93 185 53 239 40 153 87 132 218 4 126 222 136 251 235 197 191 183 82 80 63 193 10 190 198 226 85 232 42 181 225 199 19 213 162 36 27 70 244 97 50 16 62 81 184 94 149 14 30 99 189 11 237 145 187 176 32 66 140 206 203 217 133 35 163 7 92 79 83 18 200 167 57 69 28 121 151 75 241 173 158 39 240 76 229 211 166 201 249 142 224 182 192 64 116 178 104 131 88 205 141 250 137 110 103 179
175 235 209 48 55 126 146 89 1 38 255 149 15 44 213 69 167 198 183 107 229 253 242 172 189 252 93 248 193 154 25 140 200 58 40 19 243 185 176 101 190 99 77 206 117 67 3 106 82 50 156 148 80 90 123 78 110 222 168 246 251 42 218 114 159 170 221 227 191 108 39 216 28 147 76 152 54 204 169 139 203 224 74 127 11 153 66 22 211 92 133 142 130 186 105 223 225 111 196 144 160 155 118 241 56 104 195 57 177 128 27 10 205 239 23 132 234 162 237 122 59 141 214 46 86 84 37 30 244 97 180 138 137 63 121 13 240 34 5 254 71 83 236 17 45 201 14 68 161 36 62 157 72 151 164 226 6 31 53 199 143 32 165 208 12 116 24 220 207 26 41 21 158 238 2 230 136 29 119 94 232 87 129 96 188 249 233 166 163 73 103 187 231 64 18 70 228 98 79 75 102 7 131 8 212 43 124 181 247 250 9 125 91 219 109 178 85 150 197 49 35 112 16 0 20 120 47 65 217 174 113 210 145 4 135 173 61 51 52 245 192 115 33 88 215 95 194 171 179 202 81 182 134 184 100 60
201 4 192 189 99 129 213 2 90 44 96 254 124 105 101 128 33 157 34 238 69 150 207 18 21 35 151 117 245 135 204 111 176 223 75 61 138 42 0 46 146 73 91 243 200 139 236 171 30 161 199 87 77 78 16 218 141 59 114 241 121 220 197 205 228 107 208 160 210 126 86 6 235 74 81 152 172 115 27 64 26 175 41 70 239 95 193 224 209 133 255 24 13 198 215 23 119 19 219 180 51 166 226 84 66 45 14 211 202 127 216 125 103 232 143 93 29 132 108 76 182 174 106 116 149 104 136 248 194 17 22 68 244 140 185 196 247 253 217 134 65 242 54 173 102 178 80 230 195 165 229 250 100 153 37 179 92 48 237 118 159 168 156 212 131 249 251 137 222 170 186 181 144 12 82 130 221 83 203 154 53 36 231 10 49 158 5 188 8 148 85 167 240 72 112 110 63 56 15 123 206 164 163 89 147 39 11 60 31 25 97 109 7 43 71 227 40 94 187 62 88 183 98 177 190 252 32 57 79 225 169 58 191 234 38 142 50 246 233 52 67 47 184 9 28 1 162 55 145 120 3 113 155 122 214 20
243 18 52 91 200 47 230 50 190 127 209 27 114 154 152 105 98 57 165 248 206 205 131 189 81 53 102 73 67 139 151 49 85 113 14 82 136 229 104 130 225 140 219 232 39 74 99 121 12 211 100 233 21 80 184 92 33 20 94 109 89 226 51 70 43 204 97 187 162 45 155 197 164 1 62 46 234 231 141 171 255 44 132 86 138 41 166 147 143 170 75 199 76 25 111 192 249 60 63 77 193 159 32 177 246 153 218 10 117 103 180 84 0 88 188 115 133 30 242 181 23 213 72 203 241 129 119 120 58 5 183 101 156 28 163 7 239 247 15 149 250 202 252 168 128 48 22 116 123 194 214 157 69 106 68 217 83 112 26 137 235 11 251 175 42 66 55 240 2 65 161 61 6 222 93 208 13 126 108 87 56 253 244 169 3 167 145 19 185 135 71 174 150 118 224 216 148 158 191 146 178 35 236 59 64 110 31 182 227 238 34 40 4 176 107 29 96 215 144 220 122 17 237 207 16 37 142 195 79 221 134 90 24 160 201 210 198 254 173 36 38 179 9 212 228 223 186 54 124 172 8 125 245 196 95 78
58 110 99 35 22 10 160 25 106 27 124 195 148 15 5 184 168 21 151 137 155 206 40 109 82 91 103 159 113 232 234 49 70 208 213 146 64 8 61 187 0 203 93 56 128 226 54 65 198 193 139 153 50 112 72 76 83 126 73 255 220 218 248 134 42 74 166 192 86 149 94 13 108 43 194 60 88 117 197 224 127 20 123 209 183 44 210 144 26 150 90 41 19 115 71 46 114 111 240 95 130 229 223 173 158 100 28 199 75 98 62 17 118 9 176 182 81 136 135 37 196 68 237 205 188 228 105 180 53 246 30 87 107 36 230 69 249 38 242 11 122 45 24 222 235 201 172 221 84 174 34 169 170 254 164 121 167 225 132 211 202 236 145 181 133 102 33 250 3 57 142 189 253 233 85 67 92 29 138 96 66 125 231 163 178 59 215 141 39 6 51 101 104 177 214 52 212 204 16 243 79 1 78 165 161 120 97 175 63 4 143 119 152 200 47 191 48 162 179 140 2 12 116 241 156 217 14 7 147 247 80 154 185 251 18 190 171 77 219 238 186 227 32 207 245 55 131 23 157 239 89 244 31 216 129 252
65 5 73 46 219 168 159 9 154 178 252 38 17 22 213 239 15 233 119 225 156 124 51 122 236 105 143 235 43 52 181 232 109 240 132 13 211 127 207 19 254 84 62 223 167 12 47 241 68 61 79 255 101 204 217 78 230 69 142 112 237 31 41 139 40 92 238 58 23 104 54 123 87 226 138 136 32 191 116 56 194 72 83 141 20 231 151 53 180 24 44 187 76 229 176 218 2 74 170 108 250 182 198 248 161 245 30 4 113 175 89 77 0 205 90 49 115 134 33 121 165 125 203 60 1 242 177 209 10 99 185 111 86 70 55 163 192 193 164 117 34 28 98 215 210 200 133 81 50 27 157 118 107 16 75 253 45 208 6 243 64 36 66 184 8 11 169 224 3 234 246 106 131 158 110 220 100 146 80 173 201 130 97 247 35 183 244 37 249 179 171 152 149 145 222 221 85 150 186 21 25 39 96 42 202 144 166 153 63 160 7 199 67 216 48 102 206 189 212 94 18 228 128 188 196 103 148 59 172 126 147 14 197 214 251 29 155 162 120 71 135 57 227 93 95 190 26 137 82 88 195 114 129 91 174 140
34 7 241 246 182 208 239 202 88 194 125 93 20 91 205 74 112 204 12 21 150 201 78 209 101 237 180 96 176 243 223 53 31 192 136 236 16 210 37 30 48 224 70 173 186 47 199 38 111 81 206 255 10 108 9 61 207 27 247 73 23 92 56 195 107 105 1 160 85 25 163 41 52 110 244 200 120 22 149 248 13 156 45 198 145 187 226 43 139 77 219 151 167 217 130 214 254 228 82 144 58 46 0 174 59 18 84 103 2 90 134 94 172 29 225 211 146 178 234 68 154 80 55 39 24 132 161 162 133 86 3 252 67 184 179 169 102 50 19 251 126 87 76 240 44 222 14 177 230 212 33 5 35 153 232 235 138 193 227 203 215 75 100 127 79 189 69 115 49 142 170 99 66 216 4 152 213 6 218 148 140 121 118 114 191 190 54 119 155 245 249 8 65 11 171 113 135 122 32 129 231 168 36 185 17 71 175 158 181 63 242 197 97 157 165 72 117 28 141 95 116 238 166 183 220 253 124 131 89 40 104 26 196 62 64 159 250 106 51 57 164 83 98 60 143 109 229 42 15 188 137 128 233 123 147 221
169 64 222 92 73 69 96 1 125 2 206 37 118 175 241 244 3 119 85 213 103 172 79 144 191 43 29 106 10 0 14 114 41 59 211 168 107 204 139 253 129 167 55 45 46 239 186 109 27 82 209 89 188 165 173 196 75 176 128 178 94 54 229 203 42 49 120 140 83 250 32 249 143 9 38 207 63 161 192 177 101 223 247 236 166 183 246 87 242 187 148 19 134 194 52 34 13 237 179 170 95 184 93 71 200 111 61 252 100 76 44 150 142 74 84 117 72 104 216 162 240 245 36 212 108 153 164 215 221 185 102 33 210 22 141 70 146 48 198 163 133 197 218 68 121 5 147 60 16 205 86 127 136 124 180 99 217 219 105 190 138 154 149 112 235 50 98 189 51 171 122 21 4 199 233 17 126 228 156 231 116 53 135 208 40 80 78 31 24 238 91 174 132 131 57 115 7 234 28 254 248 65 77 230 11 39 195 8 62 155 30 56 151 66 145 158 220 255 25 47 193 137 26 159 202 6 110 18 214 201 20 35 15 152 232 251 224 130 23 113 88 226 81 123 90 182 243 227 160 157 67 97 181 225 58 12
164 16 12 226 203 26 169 110 249 225 3 51 153 42 154 13 30 246 108 118 222 92 7 68 120 113 253 98 186 5 36 102 124 41 22 183 70 89 37 78 138 58 96 161 237 129 8 90 195 95 137 67 235 103 216 205 141 128 116 11 131 212 133 230 46 254 121 111 35 19 127 2 243 6 57 146 215 188 197 209 10 219 83 85 155 176 59 64 252 170 114 167 38 0 54 199 162 234 77 160 171 49 44 245 4 156 218 178 182 189 232 179 106 71 69 99 240 148 180 17 43 192 255 200 119 214 149 45 166 194 223 48 75 233 126 229 60 34 150 61 250 132 1 196 147 125 221 177 152 220 217 91 201 236 80 74 24 9 206 134 50 181 204 168 123 224 115 27 33 187 242 241 143 47 174 88 56 39 79 211 31 159 97 136 193 213 142 81 175 100 144 93 117 228 151 130 73 86 52 23 72 190 25 140 20 21 105 15 227 18 76 238 62 53 87 251 32 239 208 139 101 109 163 248 40 104 84 191 173 198 135 244 202 172 231 82 14 29 165 66 247 145 112 157 207 210 28 65 158 63 55 122 94 185 107 184
39 93 117 106 36 53 116 212 112 57 18 144 4 64 177 159 138 107 49 40 220 54 218 196 70 236 186 122 225 201 169 20 12 199 209 242 197 229 86 32 110 115 161 82 233 23 34 85 91 55 227 158 80 147 11 195 16 173 68 33 3 67 88 193 246 130 17 185 141 75 211 252 6 249 50 224 87 89 230 60 8 24 19 237 105 175 223 59 176 41 247 146 129 69 103 142 251 98 26 101 241 178 5 78 165 205 203 156 149 108 216 44 2 1 182 240 132 104 153 124 118 190 202 100 136 164 65 133 187 25 155 181 21 191 15 28 90 125 150 172 63 7 151 29 72 131 235 143 84 71 145 160 140 22 102 121 94 255 148 238 213 96 206 248 215 52 113 97 30 27 192 222 51 95 183 137 189 92 217 198 194 221 126 250 127 76 162 243 45 111 114 128 244 210 83 228 42 204 14 61 168 154 231 135 0 139 239 166 184 81 38 232 74 9 123 254 37 180 170 171 109 56 234 152 207 79 214 58 35 43 66 200 46 253 48 219 179 99 73 167 174 245 10 208 120 157 119 13 134 163 77 188 31 62 47 226
5 76 127 199 255 57 193 46 232 237 34 224 54 212 238 107 177 227 16 53 196 229 240 71 189 142 213 95 69 217 247 207 226 131 169 115 182 223 148 98 119 84 168 102 31 153 121 242 236 56 116 29 117 38 201 50 111 106 68 60 114 179 172 181 79 251 158 17 149 155 183 160 92 93 128 11 80 210 49 8 235 134 197 0 205 150 4 40 89 3 136 75 200 173 180 1 32 12 14 145 39 140 231 86 85 100 43 252 13 59 72 19 178 23 110 30 125 73 6 20 162 202 88 167 241 165 208 195 253 81 48 244 51 21 124 113 161 139 254 33 159 96 151 41 218 215 190 55 26 245 203 141 25 7 112 35 108 64 67 144 44 171 122 74 10 222 206 70 90 156 66 130 99 246 147 157 249 91 138 228 250 97 109 37 126 243 87 221 204 62 214 18 63 248 188 61 103 58 164 187 216 42 209 77 94 176 194 170 27 120 101 105 132 47 198 230 220 146 137 22 118 45 24 9 166 219 185 65 133 211 174 123 234 129 154 28 192 83 2 82 78 239 225 143 104 15 186 184 36 152 191 135 233 175 163 52
7 241 227 145 106 17 188 186 38 154 193 137 235 177 165 54 78 129 201 2 59 195 48 234 239 36 226 56 214 240 109 179 229 18 55 198 231 242 73 191 144 215 97 71 219 249 209 228 133 171 117 184 225 150 100 121 86 170 104 33 155 123 244 238 58 118 31 119 40 203 52 113 108 70 62 116 181 174 183 81 253 160 19 151 157 185 162 94 95 130 13 82 212 51 10 237 136 199 0 207 152 6 42 91 5 138 77 202 175 182 3 34 14 16 147 41 142 233 88 87 102 45 254 15 61 74 21 180 25 112 32 127 75 8 22 164 204 90 169 243 167 210 197 255 83 50 246 53 23 126 115 163 141 1 35 161 98 153 43 220 217 192 57 28 247 205 143 27 9 114 37 110 66 69 146 46 173 124 76 12 224 208 72 92 158 68 132 101 248 149 159 251 93 140 230 252 99 111 39 128 245 89 223 206 64 216 20 65 250 190 63 105 60 166 189 218 44 211 79 96 178 196 172 29 122 103 107 134 49 200 232 222 148 139 24 120 47 26 11 168 221 187 67 135 213 176 125 236 131 156 30 194 85 4 84 80
203 253 171 48 86 139 60 148 68 224 193 75 47 172 236 93 16 188 40 245 213 183 144 202 204 146 52 141 129 14 248 238 218 84 235 173 127 132 54 32 105 223 69 163 234 85 49 201 145 205 186 89 95 156 11 79 31 55 30 80 134 38 3 18 110 233 164 220 78 12 57 143 184 51 147 61 176 160 122 116 108 7 5 243 118 190 115 123 151 10 157 222 106 150 124 199 138 87 216 207 250 169 22 230 196 242 6 109 19 74 194 210 24 114 191 162 70 112 101 212 246 65 131 128 142 58 215 88 187 17 4 8 198 125 92 237 249 208 46 76 255 166 98 83 219 165 1 154 136 91 126 174 67 149 107 117 244 41 103 29 56 13 130 66 175 62 35 28 104 33 159 177 180 27 36 43 82 99 240 72 232 111 71 241 197 9 152 97 167 45 209 195 231 73 20 226 252 229 23 211 102 42 37 135 155 96 153 2 39 189 119 26 181 64 247 15 94 90 137 200 50 185 206 217 239 100 113 25 120 179 178 121 161 192 225 21 170 254 77 221 158 34 63 182 214 59 140 53 133 81 44 168 251 227 0 228
85 25 66 188 29 198 58 42 4 253 245 144 142 125 255 72 252 5 33 147 39 104 243 32 6 81 20 224 98 89 132 51 159 112 78 124 143 246 156 211 76 92 161 251 73 44 207 249 238 94 128 202 13 10 24 195 97 225 69 154 141 145 80 7 229 119 131 90 183 213 137 48 235 220 101 47 138 36 18 228 8 56 204 31 244 254 126 178 240 166 193 150 12 203 57 199 172 165 241 170 41 59 62 164 173 180 219 236 122 209 114 248 208 123 79 146 34 234 49 182 91 77 113 210 157 108 134 111 160 93 239 179 174 17 37 233 35 139 176 71 1 163 63 201 129 152 231 227 19 82 187 67 88 99 121 237 250 162 2 61 60 3 43 74 107 158 52 136 214 103 40 171 200 64 96 196 22 190 15 218 181 50 133 109 0 110 135 53 185 223 21 197 30 205 106 75 212 184 54 118 230 153 70 177 127 95 65 26 84 86 28 189 23 11 151 130 120 100 221 117 55 9 14 191 169 242 105 206 45 116 222 186 83 27 87 68 226 232 38 148 216 168 192 167 217 16 175 140 155 247 115 46 102 215 149 194
222 215 123 180 242 6 52 211 88 25 178 244 182 128 196 40 253 38 199 189 104 93 46 18 68 213 55 96 220 229 62 240 164 43 101 177 224 133 118 53 205 210 4 82 108 181 91 201 114 89 251 233 175 131 130 78 30 120 90 159 98 231 5 72 50 10 216 152 74 84 28 100 49 150 171 63 99 147 116 187 153 161 186 15 57 77 64 246 22 234 228 0 37 107 214 247 129 206 250 17 252 36 92 190 183 23 39 67 239 27 245 105 97 217 16 158 31 144 248 79 76 111 42 167 162 1 230 87 203 13 121 243 70 227 61 212 166 65 56 94 80 95 154 66 195 19 174 191 179 185 115 255 141 117 172 112 135 102 21 35 127 238 58 207 26 184 208 59 24 20 138 9 7 173 45 232 137 155 200 202 209 110 83 163 134 145 11 221 142 193 34 223 170 86 113 165 29 168 109 71 176 126 156 160 241 136 219 148 125 8 69 33 169 60 204 12 143 122 225 2 218 48 236 237 157 75 3 103 106 32 119 254 235 149 132 192 226 85 44 146 14 194 139 151 188 81 198 73 41 54 197 51 249 47 140 124
68 13 188 89 58 195 167 37 101 213 136 53 160 110 78 48 9 67 69 11 172 6 249 134 113 103 83 204 100 38 247 252 174 152 225 88 189 28 99 205 169 66 10 70 51 209 215 21 131 199 151 175 150 200 254 158 123 138 230 98 29 85 198 132 177 8 49 171 12 181 41 25 242 236 228 127 125 108 238 55 235 243 16 130 22 87 226 15 244 64 3 207 81 72 115 34 142 95 61 107 126 229 139 194 59 75 144 234 56 27 190 232 221 77 111 185 251 248 7 178 80 208 52 137 124 128 63 245 212 102 114 73 166 196 120 31 218 203 84 30 121 19 1 211 246 39 187 14 227 237 109 161 223 149 176 133 250 186 40 182 155 148 224 153 24 42 45 147 156 163 202 219 105 192 97 231 191 106 62 129 17 217 32 165 74 60 96 193 140 91 117 94 143 76 222 162 157 255 20 216 18 122 159 54 239 146 46 184 112 135 214 210 2 65 170 50 71 82 104 220 233 145 240 44 43 241 26 57 90 141 35 119 197 86 23 154 183 47 79 179 5 173 253 201 164 33 116 92 0 93 118 36 168 206 4 180
40 186 182 229 37 142 22 43 54 76 192 205 117 212 16 15 213 253 29 62 113 7 91 169 58 250 126 155 19 51 151 232 145 225 173 136 5 88 64 0 65 90 8 140 178 231 152 240 160 61 30 167 139 9 73 185 108 25 132 82 50 20 236 39 41 238 144 233 221 106 85 75 55 176 72 10 219 224 146 124 197 60 161 255 71 177 141 38 237 42 23 181 187 248 103 171 123 147 122 172 226 130 95 110 202 70 1 57 170 104 149 235 21 143 239 153 13 252 214 208 200 99 97 80 210 27 207 215 243 102 249 59 198 242 216 36 230 179 53 44 87 6 114 67 33 79 98 201 111 166 31 47 116 206 28 254 162 204 193 49 83 157 223 220 234 150 52 180 24 109 96 100 35 217 184 74 86 45 138 168 92 3 190 175 56 2 93 246 228 183 218 11 159 241 199 209 81 133 195 121 148 105 222 158 12 154 127 120 196 125 251 14 17 119 128 135 174 191 77 164 69 203 163 78 34 101 244 189 4 137 46 32 68 165 112 63 89 66 115 48 194 134 129 227 247 188 245 94 131 26 211 118 18 156 84 107
57 192 28 138 137 152 95 49 65 111 124 71 230 75 162 82 177 125 58 72 214 254 140 219 38 217 5 247 50 133 100 41 103 73 176 165 213 191 51 85 211 148 203 93 15 12 242 107 78 42 255 193 77 59 164 87 160 116 119 196 96 223 174 126 62 19 3 122 142 208 118 182 151 43 199 209 46 143 190 25 47 149 161 89 178 40 139 18 1 114 11 70 115 45 240 113 155 110 216 239 13 94 6 129 146 228 246 222 79 172 153 157 184 99 250 27 17 198 189 74 170 97 76 61 218 16 237 117 185 8 226 175 31 181 206 80 244 135 54 134 130 36 22 195 156 67 238 236 88 204 243 187 30 227 215 104 128 179 251 52 109 245 98 29 34 86 21 106 9 35 159 229 24 68 105 248 26 37 123 241 194 10 147 121 14 44 4 23 183 221 167 234 20 200 150 171 136 220 154 83 205 173 39 33 108 168 81 169 90 253 102 163 158 120 112 166 231 224 233 131 48 210 69 201 207 235 212 144 145 180 63 132 7 101 60 32 186 249 0 2 202 56 92 141 55 188 127 252 225 232 53 84 64 66 197 91
6 165 199 175 187 47 72 99 51 161 41 87 21 114 142 71 38 188 231 124 185 233 190 120 112 93 90 86 163 162 26 91 127 217 221 235 37 238 143 85 107 94 4 101 203 140 8 157 244 43 147 130 153 35 214 169 69 129 137 44 89 255 113 67 88 210 138 155 192 225 96 103 61 12 76 253 168 34 36 131 222 78 23 29 136 55 70 32 115 81 201 14 242 160 109 100 205 95 119 193 234 213 218 154 180 211 174 60 166 97 65 247 63 177 46 84 176 239 248 122 173 50 181 73 209 152 68 148 215 195 25 3 164 108 208 243 182 9 2 20 196 42 145 158 19 171 10 83 53 178 227 237 80 236 33 179 254 219 45 250 64 28 167 79 77 228 132 57 252 135 13 24 82 216 172 92 249 121 220 240 128 17 170 117 159 198 15 111 49 191 123 139 189 102 186 226 200 54 116 30 18 0 146 31 245 56 75 229 62 106 66 144 1 197 183 118 150 206 40 126 52 27 11 251 104 133 134 105 58 230 224 39 156 151 141 74 22 246 223 98 59 48 212 16 194 241 149 202 184 5 232 7 125 204 207 110
234 154 41 253 181 230 118 238 200 6 18 140 105 241 145 193 143 243 96 159 89 119 48 39 156 13 239 107 197 114 196 185 122 205 180 148 72 60 44 97 93 59 64 208 58 74 130 103 142 17 40 128 76 226 104 2 5 242 73 166 127 33 220 57 95 46 121 231 216 248 131 56 210 152 223 52 30 252 65 213 90 84 112 199 3 4 202 117 91 99 224 78 12 47 71 244 175 235 83 160 24 249 11 158 85 136 100 10 80 176 217 126 42 62 61 165 34 141 195 109 88 215 178 207 153 139 36 149 146 182 188 137 155 169 247 26 53 227 37 50 225 55 222 101 132 22 162 173 246 218 35 229 123 25 77 31 129 250 32 167 157 98 138 20 134 87 161 206 66 135 190 211 67 113 16 8 102 228 183 198 240 7 51 28 54 133 68 186 184 70 150 212 23 125 168 81 237 15 144 151 209 192 1 201 108 189 94 245 171 164 75 27 0 29 79 170 179 255 106 203 124 219 21 214 233 177 172 45 14 115 204 163 63 254 194 116 232 236 120 187 110 86 111 69 49 9 251 43 174 82 92 191 147 38 19 221
247 131 5 251 39 213 66 19 240 31 50 153 63 118 238 254 68 158 235 206 114 156 145 1 35 109 175 172 186 102 4 132 231 61 48 52 242 169 136 26 38 252 90 120 44 210 142 127 8 209 45 198 180 135 170 218 111 193 151 161 33 85 147 73 100 57 174 110 219 106 79 72 148 77 203 221 224 71 80 87 126 143 29 116 21 155 115 30 241 53 196 141 211 89 253 239 20 117 64 15 41 18 67 255 146 86 81 179 199 140 197 46 83 233 163 70 225 108 36 59 138 134 181 244 94 229 250 6 28 144 157 69 164 223 222 165 205 236 14 65 214 43 121 10 202 78 107 226 3 103 184 97 177 125 88 212 40 16 0 17 42 215 92 130 183 104 192 112 13 237 119 91 216 25 137 60 232 84 34 2 227 188 246 248 190 96 185 173 58 37 27 7 128 24 217 171 176 98 76 149 12 113 207 23 129 93 245 189 249 230 133 139 200 55 123 75 99 74 124 178 82 47 62 154 22 208 9 122 56 101 187 228 95 191 105 220 204 166 160 152 51 49 32 162 234 159 167 195 54 201 11 150 194 168 243 182
93 248 20 180 49 181 130 216 42 99 165 168 182 43 9 137 27 96 3 68 115 222 208 30 189 0 193 38 220 238 135 92 31 128 63 177 53 91 234 224 225 163 110 33 206 6 133 13 112 89 97 120 254 100 52 102 18 233 153 127 221 228 44 64 7 174 211 173 67 188 217 131 242 85 116 101 25 147 171 160 90 107 170 11 166 111 72 198 58 118 231 213 192 161 103 94 19 108 17 250 124 35 240 176 24 255 223 74 66 253 8 41 251 28 140 86 164 169 215 136 32 77 88 139 145 109 26 212 134 201 65 249 70 227 122 87 57 121 142 247 45 184 71 239 195 129 10 51 60 48 104 23 141 143 29 114 62 78 73 36 159 229 22 113 230 95 46 200 183 123 157 196 50 152 80 155 40 232 59 132 219 4 2 210 203 162 15 98 56 55 236 39 186 158 207 178 172 244 1 154 190 218 119 187 241 79 209 235 75 245 69 82 144 179 204 226 117 61 205 83 126 185 34 197 138 125 199 214 194 76 156 175 148 54 202 37 12 150 5 47 14 106 167 151 84 81 246 21 105 149 237 191 243 146 16 252
13 133 59 34 18 3 111 140 141 112 65 237 231 46 163 158 148 81 29 253 230 105 66 55 219 23 201 248 156 209 191 12 239 14 132 211 214 117 172 206 182 194 54 79 106 58 168 48 94 28 121 149 78 45 195 238 131 192 240 197 127 119 100 97 93 170 169 33 98 134 224 228 242 44 245 150 92 114 101 11 108 210 147 15 164 251 50 154 137 160 42 221 176 76 136 144 51 96 7 120 74 95 217 145 162 199 232 103 110 68 19 83 5 175 41 43 138 229 85 30 36 143 62 77 39 122 88 208 21 249 167 116 107 212 102 126 200 241 220 225 161 187 218 181 67 173 104 72 254 70 184 53 91 183 246 255 129 180 57 188 80 216 159 75 155 222 202 32 10 171 115 215 250 189 16 9 27 203 49 152 165 26 178 17 90 60 185 234 244 87 243 40 186 6 226 52 2 71 35 174 86 84 235 139 64 4 142 20 31 89 223 179 99 1 128 227 247 135 24 177 124 166 205 22 118 56 198 130 146 196 109 193 233 207 61 123 37 25 0 153 38 252 63 82 236 69 113 73 151 8 204 190 125 157 213 47
50 164 130 135 24 129 145 201 174 213 88 111 199 147 42 175 73 76 58 144 237 198 104 36 128 166 117 192 47 32 64 202 127 26 223 39 123 101 68 136 29 161 155 183 15 74 75 18 188 162 170 40 149 83 118 142 60 246 51 154 231 95 65 82 229 156 207 171 81 151 247 33 197 113 133 132 236 105 212 11 180 159 31 249 23 224 210 107 220 217 253 4 208 226 240 63 97 124 43 108 121 41 126 38 172 203 93 233 244 62 34 106 45 194 96 148 102 200 66 103 238 228 169 209 91 205 158 232 22 137 206 6 27 138 184 87 79 173 44 254 14 56 78 122 99 125 204 139 2 255 141 221 28 94 196 239 152 53 86 215 222 25 8 72 17 179 5 165 61 242 235 146 98 0 100 150 241 250 71 177 19 195 35 92 30 49 248 243 116 85 186 20 234 134 70 10 187 48 52 191 3 181 157 182 140 120 80 67 114 245 153 163 7 218 109 90 37 225 112 69 252 46 189 54 16 77 89 211 176 57 216 9 214 59 167 230 160 190 119 110 227 84 55 178 13 185 12 1 193 21 251 219 143 131 115 168
216 107 146 159 68 23 78 162 22 103 94 65 43 170 144 120 165 150 57 154 93 235 141 130 110 213 181 142 147 119 155 2 180 63 9 27 51 163 71 54 58 198 240 6 16 137 228 116 222 219 0 251 31 212 101 42 208 230 241 231 123 151 200 69 244 252 11 97 246 100 30 26 86 113 184 248 177 229 17 143 33 126 61 186 233 220 21 79 239 38 99 140 91 8 211 188 10 133 152 145 25 182 138 75 242 192 73 67 70 35 105 48 36 191 161 45 156 243 250 41 224 134 81 118 197 209 7 117 115 174 237 236 64 255 221 46 55 205 206 82 160 19 59 172 50 238 88 176 74 122 89 190 148 34 60 247 189 32 13 193 168 183 185 98 173 87 179 40 109 12 249 62 135 207 111 49 166 90 106 214 129 223 96 56 15 234 29 158 121 37 232 95 52 171 201 218 20 127 178 112 202 47 53 199 18 204 14 253 132 76 3 102 1 175 167 85 39 195 226 108 131 83 149 245 194 227 196 169 203 125 104 124 77 72 157 24 128 114 139 84 5 153 215 92 136 225 187 254 28 66 217 44 164 4 80 210
198 233 27 196 74 13 138 111 118 194 225 205 207 83 232 78 169 24 23 38 236 190 206 252 10 212 116 216 48 223 63 11 199 213 100 140 26 105 179 103 146 133 191 19 241 182 244 214 62 51 99 77 192 226 97 34 89 234 156 153 128 248 219 183 141 79 218 200 50 228 46 2 5 82 237 109 60 12 203 160 144 8 28 94 4 68 37 184 85 95 187 29 76 166 188 35 47 230 64 181 25 159 142 255 152 211 1 186 126 254 41 251 102 125 154 235 147 15 32 114 132 108 220 58 39 43 70 240 136 168 158 84 75 215 56 238 217 202 104 157 123 3 71 149 112 61 172 67 92 221 130 21 195 20 16 177 163 81 42 208 124 122 229 90 129 73 171 113 101 245 14 65 137 193 250 131 239 170 175 227 162 247 150 176 45 115 165 209 246 134 167 178 9 127 80 151 33 7 155 185 145 164 69 107 53 120 161 86 36 57 22 106 40 224 91 59 180 174 249 54 222 55 231 139 243 49 44 6 253 52 117 110 119 17 189 96 210 87 93 121 98 30 31 66 204 18 148 242 201 173 72 135 0 143 88 197
81 154 48 132 210 99 36 167 196 60 92 192 18 186 11 214 177 46 129 105 0 106 131 49 181 219 17 193 26 201 102 71 208 180 50 114 226 149 66 173 123 91 61 22 80 82 24 185 19 7 147 126 116 96 217 113 51 5 10 187 165 238 101 202 41 112 218 182 79 23 83 64 222 228 34 144 212 164 188 163 213 12 171 136 151 243 111 42 98 211 145 190 21 62 184 25 194 54 38 255 249 241 140 138 121 251 68 248 1 29 143 35 100 239 28 2 77 16 220 94 85 128 47 155 108 74 120 139 242 152 207 72 88 157 247 69 40 203 245 234 90 124 198 9 6 20 191 93 221 65 150 137 141 76 3 225 115 127 86 179 209 133 44 231 216 97 43 134 32 14 224 4 52 200 27 240 250 122 174 236 162 189 146 8 199 53 195 168 161 237 166 37 55 58 160 169 176 215 232 118 205 110 244 204 119 75 142 30 230 45 178 87 73 109 206 153 104 130 107 156 89 235 175 170 13 33 229 31 135 172 67 252 159 59 197 125 148 227 223 15 78 183 63 84 95 117 233 246 158 253 57 56 254 39 70 103
6 130 169 44 67 155 103 253 131 29 32 14 100 193 154 60 247 84 122 73 148 3 243 20 158 83 237 179 250 79 57 24 92 240 117 111 139 226 30 31 229 144 118 126 251 105 39 74 98 16 202 7 110 187 51 21 38 185 112 163 127 37 107 203 244 153 69 89 88 192 61 168 222 136 115 242 205 234 180 166 63 176 173 209 215 164 182 196 19 53 80 254 64 77 252 82 249 128 159 49 189 200 18 245 62 1 150 52 104 58 156 22 59 194 184 125 165 47 161 114 188 233 93 162 217 238 94 140 43 35 129 255 210 225 12 34 78 55 81 160 95 213 211 97 177 239 50 152 195 108 9 42 171 178 236 219 28 228 135 216 121 17 198 191 102 54 0 56 106 197 206 27 133 230 151 246 48 241 5 204 199 72 41 142 231 190 90 26 221 143 4 8 147 214 137 113 138 96 76 36 23 70 201 109 119 218 174 65 46 248 181 68 25 208 2 145 10 227 33 45 167 132 13 172 220 170 15 123 186 116 146 75 66 183 40 11 134 224 141 223 212 149 232 207 175 99 87 71 124 120 86 91 235 85 101 157
247 178 154 122 228 220 152 162 195 150 182 39 240 63 68 114 35 186 231 242 38 44 8 180 111 33 100 219 148 224 126 21 241 211 20 41 146 199 83 225 138 94 28 164 205 214 202 3 177 40 42 183 13 216 232 227 190 58 128 176 12 129 249 200 99 82 22 56 95 204 51 234 54 194 131 213 31 118 158 156 109 102 61 169 252 210 209 135 193 85 57 106 77 71 143 155 53 89 117 18 86 140 233 108 134 229 144 223 236 43 78 103 125 16 215 104 237 25 84 188 96 37 24 98 113 93 230 55 74 47 208 101 191 166 49 159 201 168 5 66 50 238 235 145 175 4 48 136 90 142 45 170 151 147 174 79 203 80 29 115 196 253 64 67 81 197 163 36 181 250 157 222 14 121 107 184 88 0 92 192 119 137 34 246 185 27 217 76 207 245 133 123 124 62 9 187 105 160 32 167 11 243 251 19 153 254 206 1 172 132 52 26 120 127 198 218 161 73 110 72 221 87 116 30 141 239 15 255 179 46 70 59 244 6 69 165 65 10 226 97 212 17 130 112 91 60 2 248 173 7 171 149 23 189 139 75
217 52 72 59 241 17 229 223 0 32 102 209 242 124 201 245 12 247 31 87 185 178 18 34 62 234 22 240 100 92 212 11 153 26 139 243 74 71 106 37 162 157 251 225 82 198 8 116 238 65 222 56 207 161 60 51 89 75 90 149 61 190 14 169 186 174 180 110 250 136 112 167 107 130 97 16 30 122 233 53 202 21 179 203 54 19 15 133 4 2 168 40 227 132 150 195 197 204 105 78 158 129 140 6 216 137 188 29 218 165 81 108 160 24 163 104 66 171 121 151 155 236 131 214 143 120 3 64 28 164 55 199 7 138 117 220 252 213 43 231 232 152 70 253 98 101 27 114 249 230 144 127 187 221 80 39 141 9 189 134 146 183 76 193 68 36 49 192 46 244 42 135 119 210 118 175 237 1 47 206 83 20 173 239 177 123 191 35 248 33 194 184 99 88 41 13 63 208 50 91 215 224 57 235 159 38 96 172 219 128 113 48 200 205 254 77 103 176 86 196 109 84 246 228 170 126 125 73 25 115 85 154 93 226 255 67 45 5 211 147 69 79 23 95 44 145 166 58 94 142 111 182 148 156 181 10
224 43 199 251 142 217 182 8 213 27 246 130 42 40 191 95 20 215 98 231 242 45 179 135 55 212 84 183 203 91 235 133 80 122 161 233 74 12 154 86 102 152 65 149 189 163 17 79 248 236 0 109 249 208 19 38 192 25 69 29 107 219 160 146 81 113 169 3 89 15 245 229 214 67 96 97 68 21 193 187 2 119 114 104 37 240 209 186 61 22 11 175 234 157 204 112 165 147 223 195 225 88 167 170 73 128 162 138 150 10 35 62 14 124 4 50 239 77 105 34 1 151 194 87 148 196 153 83 75 56 53 49 126 125 244 54 90 180 184 198 255 201 106 48 70 57 222 64 166 103 226 120 207 6 110 93 116 253 177 132 32 92 100 7 52 218 76 30 51 173 101 118 155 188 59 66 24 230 39 216 131 252 254 94 185 41 241 247 99 18 33 250 78 44 164 232 205 123 72 63 168 58 82 156 197 176 181 117 143 174 137 23 129 60 28 210 26 140 9 47 139 202 211 85 136 13 144 36 172 115 31 111 178 158 243 221 127 71 171 206 145 227 220 238 159 5 108 121 237 134 228 46 16 141 190 200
70 19 219 34 167 76 62 98 195 142 93 119 96 145 78 224 164 159 2 22 218 20 124 161 56 241 148 48 186 114 137 216 212 4 67 172 52 73 84 106 222 235 147 242 46 45 243 28 59 92 143 37 121 199 88 25 156 185 49 81 181 7 175 255 203 166 35 118 94 0 95 120 38 170 208 6 182 15 190 91 60 197 169 39 103 215 138 55 162 112 80 50 11 69 71 13 174 8 251 136 115 105 85 206 102 40 249 254 176 154 227 90 191 30 101 207 171 68 12 72 53 211 217 23 133 201 153 177 152 202 1 160 125 140 232 100 31 87 200 134 179 10 51 173 14 183 43 27 244 238 230 129 127 110 240 57 237 245 18 132 24 89 228 17 246 66 5 209 83 74 117 36 144 97 63 109 128 231 141 196 61 77 146 236 58 29 192 234 223 79 113 187 253 250 9 180 82 210 54 139 126 130 65 247 214 104 116 75 168 198 122 33 220 205 86 32 123 21 3 213 248 41 189 16 229 239 111 163 225 151 178 135 252 188 42 184 157 150 226 155 26 44 47 149 158 165 204 221 107 194 99 233 193 108 64 131
87 49 179 140 129 38 97 20 67 230 28 10 86 58 88 206 30 33 191 246 25 1 13 128 153 180 132 242 122 168 102 195 223 152 119 14 57 205 11 59 16 201 193 174 171 167 244 243 107 172 208 43 47 61 118 64 224 166 188 175 85 182 29 221 89 238 70 124 228 211 234 116 40 250 150 210 218 125 170 81 194 148 169 36 219 236 18 51 177 184 142 93 157 79 249 115 117 212 48 159 104 110 217 136 151 113 196 162 27 95 68 241 190 181 31 176 200 19 60 39 44 235 6 37 255 141 247 178 146 73 144 3 127 165 2 65 74 203 254 131 7 154 35 233 149 229 41 21 106 84 245 189 34 69 8 90 83 101 22 123 226 239 100 252 91 164 134 4 53 63 161 62 114 5 80 45 126 76 145 109 248 160 158 54 213 138 78 216 94 105 163 42 253 173 75 202 46 66 209 98 251 198 240 24 96 192 130 17 204 220 15 183 12 52 26 135 197 111 99 0 227 112 71 137 156 55 143 187 147 225 82 23 9 199 231 32 121 207 133 108 92 77 185 214 215 186 139 56 50 120 237 232 222 155 103 72
32 140 168 97 64 214 2 150 211 4 216 146 138 119 116 112 189 188 52 117 153 243 247 6 63 9 169 111 133 120 30 127 229 166 34 183 15 69 173 156 179 61 240 195 95 155 163 70 115 26 139 93 114 236 164 181 218 251 122 129 87 38 102 24 194 60 62 157 248 104 49 55 162 81 96 58 141 107 227 40 13 186 135 126 231 121 145 219 5 239 244 180 206 237 200 86 192 123 91 18 89 203 72 110 202 10 19 148 199 76 207 99 235 178 94 174 241 221 51 29 190 134 234 14 208 35 28 46 222 68 171 184 45 197 36 109 79 204 253 8 106 7 59 205 25 245 71 21 90 54 193 105 103 254 158 83 23 161 39 50 108 242 198 118 20 147 246 11 154 43 196 143 185 224 41 137 75 217 149 165 215 128 212 252 226 80 142 56 44 0 172 57 16 82 101 255 88 132 92 170 27 223 209 144 176 232 66 152 78 53 37 22 130 159 160 131 84 1 250 65 182 177 167 100 48 17 249 124 85 74 238 42 220 12 175 228 210 31 3 33 151 230 233 136 191 225 201 213 73 98 125 77 187 67 113 47
55 207 132 31 228 44 128 106 73 141 34 166 160 188 20 79 80 23 193 167 175 45 154 88 123 147 65 251 56 159 236 100 70 87 234 161 212 176 86 156 252 38 202 118 138 137 241 110 217 16 185 164 36 254 28 229 215 112 225 222 3 9 213 231 245 68 102 129 48 113 126 46 131 43 177 208 98 238 249 67 39 111 50 199 101 153 107 205 71 108 243 233 174 214 96 210 163 237 27 142 211 11 32 143 189 92 84 178 49 4 19 61 83 127 104 130 209 144 7 5 146 226 33 99 201 244 157 58 91 220 227 30 13 77 22 184 10 170 66 247 240 151 103 0 105 155 246 255 76 182 24 200 40 97 35 54 253 248 121 90 191 25 239 139 75 15 192 53 57 196 8 186 162 187 145 125 85 72 119 250 158 168 12 223 114 95 42 230 117 74 2 51 194 59 21 82 94 216 181 62 221 14 219 64 172 235 165 195 124 115 232 89 60 183 18 190 17 6 198 26 1 224 148 136 120 173 169 135 140 29 134 150 206 179 218 93 116 204 152 47 180 78 81 63 149 242 203 109 41 133 171 122 197 52 37 69
176 189 164 232 229 103 213 248 92 86 36 21 218 146 62 193 216 180 135 236 127 39 45 199 254 253 155 59 186 100 68 51 91 223 43 171 109 148 205 225 154 93 187 112 156 105 129 240 163 142 85 98 64 35 84 202 37 152 32 33 117 27 239 30 88 250 74 65 99 8 44 251 220 151 113 121 175 5 52 116 96 203 185 210 147 1 214 184 243 94 26 41 177 78 4 157 124 169 219 222 40 77 170 75 67 134 106 197 119 196 28 24 238 215 38 181 122 6 237 15 63 165 54 166 25 42 3 120 130 234 104 19 80 132 125 10 110 198 17 48 114 136 53 34 195 82 101 49 90 150 70 108 173 249 141 20 102 207 107 149 79 247 115 228 217 153 140 128 23 143 224 145 242 58 11 133 123 47 31 139 14 255 18 69 158 227 200 209 221 22 231 95 97 167 188 71 76 9 182 126 179 50 0 66 211 174 246 89 172 183 61 56 2 16 168 230 190 194 201 244 191 118 83 81 111 252 160 192 29 55 204 12 212 131 226 161 57 178 206 235 60 87 245 138 241 72 46 162 73 7 144 13 208 159 137 233
241 196 171 36 7 226 184 122 6 243 93 16 89 45 48 125 25 152 103 55 246 203 187 51 71 137 47 111 80 227 128 138 230 72 119 209 231 78 90 18 107 224 68 202 185 43 195 254 44 229 169 42 84 39 145 168 197 23 190 58 75 157 175 151 8 101 82 86 113 28 179 211 201 127 118 3 99 26 5 245 147 200 166 46 114 192 155 104 215 110 135 9 173 64 238 63 59 220 206 124 85 251 167 165 17 133 172 116 214 156 144 33 57 108 180 236 38 174 27 213 218 15 205 35 193 219 88 158 208 252 34 177 210 221 52 170 123 194 76 50 198 228 188 207 112 150 96 163 204 129 79 100 65 149 83 12 134 102 223 217 37 97 10 98 19 182 31 92 87 49 41 95 160 153 162 60 232 139 253 130 136 164 141 73 74 109 247 61 191 30 244 216 115 178 0 186 131 240 21 70 239 117 56 181 154 161 237 13 248 250 126 20 121 212 67 66 81 24 233 249 40 53 255 159 4 91 11 106 54 242 1 143 183 69 148 222 146 189 176 234 62 29 225 32 2 105 94 142 120 235 14 140 77 132 22 199
62 43 216 165 156 6 151 175 249 35 14 19 210 236 12 230 116 222 153 121 48 119 233 102 140 232 40 49 178 229 106 237 129 10 208 124 204 16 251 81 59 220 164 9 44 238 65 58 76 252 98 201 214 75 227 66 139 109 234 28 38 136 37 89 235 55 20 101 51 120 84 223 135 133 29 188 113 53 191 69 80 138 17 228 148 50 177 21 41 184 73 226 173 215 254 71 167 105 247 179 195 245 158 242 27 1 110 172 86 74 0 202 87 46 112 131 30 118 162 122 200 57 253 239 174 206 7 96 182 108 83 67 52 160 189 190 161 114 31 25 95 212 207 197 130 78 47 24 154 115 104 13 72 250 42 205 3 240 61 33 63 181 5 8 166 221 255 231 243 103 128 155 107 217 97 143 77 170 198 127 94 244 32 180 241 34 246 176 168 149 146 142 219 218 82 147 183 18 22 36 93 39 199 141 163 150 60 157 4 196 64 213 45 99 203 186 209 91 15 225 125 185 193 100 145 56 169 123 144 11 194 211 248 26 152 159 117 68 132 54 224 90 92 187 23 134 79 85 192 111 126 88 171 137 2 70
113 143 130 177 53 216 226 70 26 172 153 100 33 175 132 60 109 252 117 79 140 152 19 239 120 24 72 22 122 230 38 223 253 182 173 35 147 118 241 76 248 75 64 1 84 59 27 206 194 178 231 227 193 198 87 192 208 9 237 21 151 174 7 210 105 238 136 139 121 207 45 6 167 99 191 229 180 255 110 95 127 10 190 89 31 102 186 164 131 199 92 224 218 246 78 137 138 81 251 225 233 103 212 146 181 205 123 54 114 217 39 158 128 145 37 219 15 234 144 214 55 96 5 176 196 195 44 168 20 74 243 222 94 57 86 32 18 170 28 25 61 67 16 34 48 126 160 187 106 171 184 104 189 101 235 11 156 41 52 125 97 169 108 2 159 211 165 8 129 166 46 36 232 17 154 13 221 40 85 200 14 69 90 201 247 150 142 236 107 62 77 119 141 185 162 188 12 202 65 63 204 29 91 157 4 47 215 116 149 23 30 88 71 135 80 242 68 228 124 50 43 209 161 0 163 213 49 58 134 240 82 3 98 155 93 112 56 51 179 148 249 83 42 197 133 73 250 111 115 254 66 244 220 245 203 183
59 76 82 189 108 123 85 168 134 254 67 40 213 162 153 3 148 172 246 32 11 16 207 233 9 227 113 219 150 118 45 116 230 99 137 229 37 46 175 226 103 234 126 7 205 121 201 13 248 78 56 217 161 6 41 235 62 55 73 249 95 198 211 72 224 63 136 106 231 25 35 133 34 86 232 52 17 98 48 117 81 220 132 130 26 185 110 50 188 66 77 135 14 225 145 47 174 18 38 181 70 223 170 212 251 68 164 102 244 176 192 242 155 239 24 253 107 169 83 71 0 199 84 43 109 128 27 115 159 119 197 54 250 236 171 203 4 93 179 105 80 64 49 157 186 187 158 111 28 22 92 209 204 194 127 75 44 21 151 112 101 10 69 247 39 202 255 237 58 30 60 178 2 5 163 218 252 228 240 100 125 152 104 214 94 140 74 167 195 124 91 241 29 177 238 31 243 173 165 146 143 139 216 215 79 144 180 15 19 33 90 36 196 138 160 147 57 154 1 193 61 210 42 96 200 183 206 88 12 222 122 182 190 97 142 53 166 120 141 8 191 208 245 23 149 156 114 65 129 51 221 87 89 184 20 131
144 163 69 58 38 141 109 70 75 47 83 185 108 246 192 210 234 91 254 237 241 126 168 189 199 65 156 44 150 147 0 179 214 140 29 225 136 158 169 159 51 79 128 252 172 180 194 25 174 28 213 209 14 41 112 176 105 157 200 71 216 54 244 114 161 148 204 7 167 221 27 68 19 191 139 116 193 61 80 73 208 110 66 3 170 120 1 250 253 218 33 231 219 119 89 228 84 171 178 224 152 62 9 46 125 137 190 45 43 102 165 164 247 183 149 229 238 133 134 10 88 202 242 100 233 166 16 104 2 50 17 118 76 217 243 175 117 215 196 121 96 111 113 26 101 15 107 223 37 195 177 245 63 135 39 232 94 18 34 142 57 151 24 239 198 162 212 86 49 220 160 23 235 99 129 146 203 55 106 40 130 230 236 127 201 132 197 181 60 4 186 30 184 103 95 13 222 123 154 36 59 11 77 173 122 155 124 97 131 53 32 52 5 255 85 207 56 42 67 12 188 81 143 20 64 153 115 182 211 249 145 227 92 187 8 138 35 74 87 251 206 6 90 205 31 22 248 226 98 72 48 93 78 240 82 21
247 112 91 60 2 248 173 7 171 149 23 189 139 75 178 154 122 228 220 152 162 195 150 182 39 240 63 68 114 35 186 231 242 38 44 8 180 111 33 100 219 148 224 126 21 241 211 20 41 146 199 83 225 138 94 28 164 205 214 202 3 177 40 42 183 13 216 232 227 190 58 128 176 12 129 249 200 99 82 22 56 95 204 51 234 54 194 131 213 31 118 158 156 109 102 61 169 252 210 209 135 193 85 57 106 77 71 143 155 53 89 117 18 86 140 233 108 134 229 144 223 236 43 78 103 125 16 215 104 237 25 84 188 96 37 24 98 113 93 230 55 74 47 208 101 191 166 49 159 201 168 5 66 50 238 235 145 175 4 48 136 90 142 45 170 151 147 174 79 203 80 29 115 196 253 64 67 81 197 163 36 181 250 157 222 14 121 107 184 88 0 92 192 119 137 34 246 185 27 217 76 207 245 133 123 124 62 9 187 105 160 32 167 11 243 251 19 153 254 206 1 172 132 52 26 120 127 198 218 161 73 110 72 221 87 116 30 141 239 15 255 179 46 70 59 244 6 69 165 65 10 226 97 212 17 130
103 203 230 145 41 73 63 244 235 120 216 143 122 107 9 62 28 163 231 54 17 221 77 227 252 126 35 181 100 180 176 82 68 241 202 113 29 27 134 250 34 233 76 18 6 150 174 225 42 98 155 36 144 75 80 132 67 152 55 81 205 20 70 114 151 39 72 83 169 32 240 56 193 167 60 90 50 69 229 12 213 25 66 246 196 217 182 11 200 129 251 219 85 79 154 214 127 215 136 44 148 209 204 166 158 212 22 15 24 177 94 1 115 247 253 26 3 190 191 226 109 178 53 147 106 78 232 40 0 48 248 102 138 187 101 234 173 43 16 23 99 130 110 112 243 137 238 74 184 183 198 141 95 111 157 170 117 21 121 208 128 223 171 104 118 5 45 186 10 84 8 51 38 96 179 146 87 149 119 222 211 4 237 97 131 2 194 249 139 61 58 33 153 124 88 46 239 123 105 210 133 206 162 165 242 142 14 220 172 108 65 49 168 188 254 164 228 197 89 245 255 92 189 236 71 93 195 207 135 224 86 185 64 47 160 57 116 161 91 31 159 201 156 7 30 59 140 52 175 192 19 37 13 125 218 199
50 211 123 121 17 176 101 41 179 57 68 126 5 216 136 38 165 9 29 172 61 214 161 203 242 59 155 93 235 167 183 233 146 230 15 244 98 160 74 62 0 190 75 34 100 119 18 106 150 110 188 45 241 227 162 194 250 84 170 96 71 55 40 148 177 178 149 102 19 13 83 200 195 185 118 66 35 12 142 103 92 1 60 238 30 193 246 228 49 21 51 169 248 251 154 209 243 219 231 91 116 143 95 205 85 131 65 158 186 115 82 232 20 168 229 22 234 164 156 137 134 130 207 206 70 135 171 6 10 24 81 27 187 129 151 138 48 145 247 184 52 201 33 87 191 174 197 79 3 213 113 173 181 88 133 44 157 111 132 254 182 199 236 14 140 147 105 56 120 42 212 78 80 175 11 122 67 73 180 99 114 76 159 125 245 58 31 204 153 144 249 139 163 237 23 2 7 198 224 255 218 104 210 141 109 36 107 221 90 128 220 28 37 166 217 94 225 117 253 196 112 192 4 239 69 47 208 152 252 32 226 53 46 64 240 86 189 202 63 215 54 127 97 222 16 26 124 25 77 223 43 8 89 39 108 72
236 93 14 177 26 87 82 44 36 90 155 148 157 55 227 134 248 125 131 159 136 68 69 104 242 56 186 25 239 211 110 173 0 181 126 235 16 65 234 112 51 176 149 156 232 8 243 245 121 15 116 207 62 61 76 19 228 244 35 48 250 154 254 86 6 101 49 237 251 138 178 64 143 217 141 184 171 229 57 24 220 27 252 100 89 137 115 230 9 135 72 127 17 194 191 166 31 2 221 179 117 1 238 88 11 84 40 43 120 20 147 98 50 241 198 182 46 66 132 42 106 75 222 123 133 225 67 114 204 226 73 85 13 102 219 63 197 180 38 190 249 39 224 164 37 79 34 140 163 192 18 185 53 70 152 170 146 3 96 77 81 108 23 174 206 196 122 113 253 94 21 255 240 142 195 161 41 109 187 150 99 210 105 130 4 168 59 233 58 54 215 201 119 80 246 162 160 12 128 167 111 209 151 139 28 52 103 175 231 33 169 22 208 213 10 200 30 188 214 83 153 203 247 29 172 205 216 47 165 118 189 71 45 193 223 183 202 107 145 91 158 199 124 74 95 60 144 78 7 129 97 218 212 32 92 5
106 101 155 42 170 28 132 218 215 250 181 51 46 140 114 226 87 152 5 127 209 111 200 96 50 204 195 233 219 234 38 205 79 158 58 75 63 69 254 139 25 1 56 251 19 241 160 174 11 122 197 91 165 68 92 198 163 159 22 148 146 57 184 116 21 39 84 86 93 249 222 47 18 29 150 105 26 77 173 107 54 225 252 49 168 52 248 210 60 10 40 44 125 20 103 32 9 147 208 172 53 199 88 151 27 6 109 141 102 187 120 121 41 214 142 242 245 171 3 138 119 33 16 76 110 224 183 30 153 78 23 35 72 220 82 212 180 193 81 190 133 186 24 8 99 7 64 126 145 191 95 227 164 62 128 66 12 80 179 137 177 83 73 243 232 185 157 207 97 194 235 104 113 201 124 48 182 240 61 108 17 2 192 89 94 143 221 247 65 230 85 253 228 135 117 59 15 14 217 169 4 229 43 237 115 144 211 189 149 100 36 213 223 167 239 188 34 55 202 238 31 255 71 37 45 70 154 196 216 203 130 161 118 112 0 176 246 98 131 13 90 134 156 136 175 231 74 67 162 178 206 123 166 129 244 236
164 29 210 185 169 154 7 36 37 8 216 133 127 197 59 54 44 232 180 149 126 1 217 206 115 174 97 144 52 105 87 163 135 165 28 107 110 13 68 102 78 90 205 230 2 209 64 199 245 179 17 45 229 196 91 134 27 88 136 93 23 15 251 248 244 66 65 184 249 30 120 124 138 195 141 46 243 10 252 162 4 106 43 166 60 147 201 50 33 56 193 117 72 227 32 40 202 247 158 16 225 246 113 41 58 95 128 254 6 219 170 234 156 71 192 194 34 125 236 181 187 39 213 228 190 18 239 104 172 145 63 12 3 108 253 22 96 137 116 121 57 83 114 77 218 69 255 223 150 221 80 204 242 79 142 151 25 76 208 84 231 112 55 226 51 118 98 183 161 67 11 111 146 85 167 160 178 99 200 48 61 177 74 168 241 211 81 130 140 238 139 191 82 157 122 203 153 222 186 70 237 235 131 35 215 155 38 171 182 240 119 75 250 152 24 123 143 31 175 73 20 62 101 173 14 207 94 26 42 92 5 89 129 103 212 19 188 176 0 49 189 148 214 233 132 220 9 224 47 159 100 86 21 53 109 198
51 240 70 48 209 153 253 33 227 54 47 65 241 87 190 203 64 216 55 128 98 223 17 27 125 26 78 224 44 9 90 40 109 73 212 124 122 18 177 102 42 180 58 69 127 6 217 137 39 166 10 30 173 62 215 162 204 243 60 156 94 236 168 184 234 147 231 16 245 99 161 75 63 0 191 76 35 101 120 19 107 151 111 189 46 242 228 163 195 251 85 171 97 72 56 41 149 178 179 150 103 20 14 84 201 196 186 119 67 36 13 143 104 93 2 61 239 31 194 247 229 50 22 52 170 249 252 155 210 244 220 232 92 117 144 96 206 86 132 66 159 187 116 83 233 21 169 230 23 235 165 157 138 135 131 208 207 71 136 172 7 11 25 82 28 188 130 152 139 49 146 248 185 53 202 34 88 192 175 198 80 4 214 114 174 182 89 134 45 158 112 133 255 183 200 237 15 141 148 106 57 121 43 213 79 81 176 12 123 68 74 181 100 115 77 160 126 246 59 32 205 154 145 250 140 164 238 24 3 8 199 225 1 219 105 211 142 110 37 108 222 91 129 221 29 38 167 218 95 226 118 254 197 113 193 5
26 127 17 114 155 24 33 121 44 223 102 160 236 28 192 177 112 9 14 63 141 167 240 150 5 173 148 55 37 234 190 189 137 89 179 149 218 157 35 64 131 109 69 20 211 133 143 87 159 108 209 230 122 158 206 175 246 212 220 245 74 116 136 123 50 81 38 32 0 96 166 18 51 188 10 54 76 56 95 151 249 242 82 98 126 43 86 49 164 156 21 75 217 90 203 52 138 135 170 101 226 221 60 34 146 7 72 180 47 129 31 120 16 225 124 115 153 139 154 213 125 254 78 233 250 238 244 174 59 200 176 231 171 194 161 80 94 186 42 117 11 85 243 12 118 83 79 197 68 66 232 104 36 196 214 4 6 13 169 142 222 193 204 70 25 201 252 93 27 229 145 172 224 88 227 168 130 235 185 215 219 45 195 23 207 184 67 128 92 228 119 8 71 202 181 29 61 22 107 40 41 216 134 62 162 165 91 178 58 39 208 191 251 30 144 103 205 73 253 198 210 247 140 2 132 100 113 1 110 53 106 199 183 19 182 239 46 65 111 15 147 84 237 48 241 187 255 99 57 97 3 248 163 152 105 77
78 202 241 116 139 227 175 70 203 101 104 86 172 10 226 132 64 156 194 145 220 75 60 92 230 155 54 251 67 151 129 96 164 57 189 183 211 43 102 103 46 216 190 198 68 177 111 146 170 88 19 79 182 4 123 93 110 2 184 235 199 109 179 20 61 225 141 161 160 9 133 240 39 208 187 59 22 51 252 238 135 248 245 26 32 236 254 13 91 125 152 71 136 149 69 154 66 200 231 121 6 17 90 62 134 73 222 124 176 130 228 94 131 11 1 197 237 119 233 186 5 50 165 234 34 55 166 212 115 107 201 72 27 42 84 106 150 127 153 232 167 30 28 169 249 56 122 224 12 180 81 114 243 250 53 36 100 45 207 33 193 89 15 8 174 126 0 128 178 14 23 99 205 47 223 63 120 58 77 21 16 144 113 214 48 7 162 98 38 215 76 80 219 31 209 185 210 168 148 108 95 142 18 181 191 35 246 137 118 65 253 140 97 25 74 217 82 44 105 117 239 204 85 244 37 242 87 195 3 188 218 147 138 255 112 83 206 41 213 40 29 221 49 24 247 171 159 143 196 192 158 163 52 157 173 229
238 147 93 160 201 126 76 97 62 146 80 9 131 99 220 214 34 94 7 95 16 179 28 89 84 46 38 92 157 150 159 57 229 136 250 127 133 161 138 70 71 106 244 58 188 27 241 213 112 175 0 183 128 237 18 67 236 114 53 178 151 158 234 10 245 247 123 17 118 209 64 63 78 21 230 246 37 50 252 156 1 88 8 103 51 239 253 140 180 66 145 219 143 186 173 231 59 26 222 29 254 102 91 139 117 232 11 137 74 129 19 196 193 168 33 4 223 181 119 3 240 90 13 86 42 45 122 22 149 100 52 243 200 184 48 68 134 44 108 77 224 125 135 227 69 116 206 228 75 87 15 104 221 65 199 182 40 192 251 41 226 166 39 81 36 142 165 194 20 187 55 72 154 172 148 5 98 79 83 110 25 176 208 198 124 115 255 96 23 2 242 144 197 163 43 111 189 152 101 212 107 132 6 170 61 235 60 56 217 203 121 82 248 164 162 14 130 169 113 211 153 141 30 54 105 177 233 35 171 24 210 215 12 202 32 190 216 85 155 205 249 31 174 207 218 49 167 120 191 73 47 195 225 185 204 109
135 129 196 84 29 99 232 141 127 163 5 207 158 184 161 210 143 34 229 224 67 87 28 85 189 226 121 51 213 113 251 179 202 26 22 69 132 237 117 138 149 171 32 45 212 52 111 110 53 93 124 157 208 102 186 9 153 90 221 250 114 146 246 72 240 65 13 231 100 183 159 0 160 185 103 235 18 71 247 80 255 156 125 7 234 104 168 25 203 120 227 177 145 115 76 134 136 78 239 73 61 201 180 170 150 16 167 105 59 64 241 219 37 155 1 95 166 17 236 133 77 137 118 21 27 88 198 11 218 242 217 12 66 225 190 205 42 165 96 152 10 199 244 75 116 238 79 248 108 92 54 48 40 194 192 175 50 122 47 55 83 197 89 154 38 82 56 131 70 19 148 139 182 101 209 162 128 174 193 41 206 6 126 142 211 46 123 94 2 44 33 144 178 252 63 60 74 245 147 20 119 204 191 195 130 57 24 169 181 140 233 8 187 98 30 15 151 97 188 86 68 23 58 106 254 81 39 49 176 228 35 216 243 200 62 253 107 249 222 215 36 220 91 109 112 214 223 230 14 31 172 4 164 43 3 173
57 167 197 126 117 234 91 62 185 20 192 19 8 200 28 3 226 150 138 122 175 171 137 142 31 136 152 208 181 220 95 118 206 154 49 182 80 83 65 151 244 205 111 43 135 173 124 199 54 39 71 209 134 33 230 46 130 108 75 143 36 168 162 190 22 81 82 25 195 169 177 47 156 90 125 149 67 253 58 161 238 102 72 89 236 163 214 178 88 158 254 40 204 120 140 139 243 112 219 18 187 166 38 1 30 231 217 114 227 224 5 11 215 233 247 70 104 131 50 115 128 48 133 45 179 210 100 240 251 69 41 113 52 201 103 155 109 207 73 110 245 235 176 216 98 212 165 239 29 144 213 13 34 145 191 94 86 180 51 6 21 63 85 129 106 132 211 146 9 7 148 228 35 101 203 246 159 60 93 222 229 32 15 79 24 186 12 172 68 249 242 153 105 0 107 157 248 2 78 184 26 202 42 99 37 56 255 250 123 92 193 27 241 141 77 17 194 55 59 198 10 188 164 189 147 127 87 74 121 252 160 170 14 225 116 97 44 232 119 76 4 53 196 61 23 84 96 218 183 64 223 16 221 66 174 237
236 134 248 125 131 159 136 68 69 104 242 56 186 25 239 211 110 173 0 181 126 235 16 65 234 112 51 176 149 156 232 8 243 245 121 15 116 207 62 61 76 19 228 244 35 48 250 154 254 86 6 101 49 237 251 138 178 64 143 217 141 184 171 229 57 24 220 27 252 100 89 137 115 230 9 135 72 127 17 194 191 166 31 2 221 179 117 1 238 88 11 84 40 43 120 20 147 98 50 241 198 182 46 66 132 42 106 75 222 123 133 225 67 114 204 226 73 85 13 102 219 63 197 180 38 190 249 39 224 164 37 79 34 140 163 192 18 185 53 70 152 170 146 3 96 77 81 108 23 174 206 196 122 113 253 94 21 255 240 142 195 161 41 109 187 150 99 210 105 130 4 168 59 233 58 54 215 201 119 80 246 162 160 12 128 167 111 209 151 139 28 52 103 175 231 33 169 22 208 213 10 200 30 188 214 83 153 203 247 29 172 205 216 47 165 118 189 71 45 193 223 183 202 107 145 91 158 199 124 74 95 60 144 78 7 129 97 218 212 32 92 5 93 14 177 26 87 82 44 36 90 155 148 157 55 227
28 39 219 8 212 236 92 15 249 192 205 171 142 191 54 144 4 139 140 224 134 91 137 195 102 181 172 206 115 151 103 72 3 220 228 27 112 159 223 203 55 37 62 254 108 66 36 95 201 133 148 29 185 111 9 231 21 71 74 147 184 22 182 174 241 213 49 226 48 135 131 90 67 145 33 229 113 89 122 170 17 161 18 132 149 110 227 237 86 211 126 187 239 232 117 217 50 124 155 221 243 160 141 47 189 208 156 197 2 177 215 25 101 248 127 209 59 214 1 186 99 222 80 69 5 247 235 130 250 76 252 94 165 118 240 230 154 138 246 121 107 125 176 10 79 52 61 73 129 83 202 204 19 40 178 183 116 34 233 31 157 0 173 63 26 98 196 24 35 168 163 109 123 20 82 42 46 53 96 43 225 190 188 218 104 12 44 136 162 56 119 64 238 78 13 164 30 58 87 167 194 97 245 93 179 153 14 180 114 251 120 60 11 244 85 41 16 84 81 210 65 100 199 193 143 128 70 253 169 45 68 32 242 88 234 146 152 51 106 105 7 166 38 207 175 158 198 75 150 23 216 255 57 77 6 200
138 55 96 105 93 149 68 186 188 74 159 107 123 118 81 204 19 67 158 20 140 91 245 228 168 202 241 95 197 125 200 85 22 104 177 9 49 47 255 248 207 60 143 101 100 26 84 231 203 252 223 217 34 46 199 235 8 164 232 31 124 254 25 120 35 114 127 189 224 249 16 162 106 250 128 171 230 79 242 183 170 244 4 239 121 201 220 193 99 247 82 57 195 50 92 59 151 212 196 129 126 36 66 150 194 27 236 33 191 61 42 38 65 225 94 226 175 6 87 144 210 213 227 88 54 182 72 141 48 113 160 12 253 75 234 0 238 83 10 28 180 137 76 173 108 222 98 136 24 14 15 208 155 78 251 51 178 58 157 134 142 165 44 145 97 147 63 23 198 172 11 18 89 109 52 219 1 218 112 233 7 176 32 130 161 146 70 192 216 205 135 152 215 56 211 156 117 243 103 163 21 3 237 206 148 139 64 153 62 40 169 80 30 221 69 45 13 119 111 43 53 86 41 73 185 131 209 214 5 181 77 122 133 184 190 154 71 2 179 246 110 39 115 17 167 132 102 166 187 37 90 229 116 29 240 174
220 246 228 59 152 113 19 206 43 81 32 107 217 202 234 117 42 196 138 209 38 16 238 51 199 76 70 98 185 244 245 188 103 77 85 210 64 253 33 57 230 161 221 69 146 10 235 252 144 71 122 86 251 66 162 203 112 28 48 47 151 20 127 181 95 74 201 164 193 139 125 22 135 132 168 174 123 141 155 233 12 39 213 23 36 211 41 208 87 118 8 148 159 232 204 21 215 109 11 63 17 115 236 18 153 143 84 124 6 120 73 147 192 52 121 176 197 53 99 2 249 88 214 169 184 226 248 37 14 40 119 54 172 170 56 136 198 9 111 154 67 223 1 130 137 195 178 242 187 94 175 80 231 157 150 61 13 0 15 65 156 165 241 92 189 110 205 7 200 219 163 158 31 255 101 190 149 49 240 180 102 218 222 106 173 96 72 97 55 35 250 237 29 160 68 78 177 133 24 5 207 140 27 239 167 216 104 224 186 247 4 126 91 227 131 179 129 229 82 145 75 105 34 25 142 254 225 93 183 100 182 171 108 191 166 134 58 46 30 83 79 45 50 194 44 60 116 89 128 3 26 114 62 212 90 243
36 193 56 157 251 67 173 137 34 233 38 19 177 183 244 99 167 119 143 118 168 222 126 91 106 198 66 252 53 166 100 145 231 17 139 235 149 9 248 210 204 196 95 93 76 206 23 203 211 239 98 245 55 194 238 212 32 226 175 49 40 83 2 110 63 29 75 94 197 107 162 27 43 112 202 24 250 158 200 189 45 79 153 219 216 230 146 48 176 20 105 92 96 31 213 180 70 82 41 134 164 88 254 186 171 52 253 89 242 224 179 214 7 155 237 195 205 77 129 191 117 144 101 218 154 8 150 123 116 192 121 247 10 13 115 124 131 170 187 73 160 65 199 159 74 30 97 240 185 255 133 42 28 64 161 108 59 85 62 111 44 190 130 125 223 243 184 241 90 127 22 207 114 14 152 80 103 182 178 225 33 138 18 39 50 72 188 201 113 208 12 11 209 249 25 58 109 3 87 165 54 246 122 151 15 47 147 228 141 221 169 132 1 84 60 0 61 86 4 136 174 227 148 236 156 57 26 163 135 5 69 181 104 21 128 78 46 16 232 35 37 234 140 229 217 102 81 71 51 172 68 6 215 220 142 120
69 142 87 48 174 34 94 207 189 168 137 79 70 250 84 248 226 100 11 216 152 255 231 199 50 42 229 239 17 227 4 116 62 140 145 191 112 8 53 64 115 121 85 2 188 110 177 41 225 46 203 98 63 33 97 118 223 21 160 47 215 171 105 241 27 36 24 80 254 117 119 5 90 38 54 49 12 135 205 253 89 206 71 22 176 159 99 133 172 26 128 56 131 16 208 35 108 195 235 233 186 179 138 246 74 32 31 212 15 162 134 183 154 148 220 232 130 166 194 95 163 217 55 185 211 51 221 45 58 120 155 180 202 93 37 181 59 102 161 10 173 114 101 175 190 170 52 132 151 124 30 178 13 243 126 236 23 245 82 143 127 60 57 222 252 81 125 213 167 219 122 247 228 224 251 156 25 157 106 192 18 75 141 144 158 19 240 113 3 72 234 44 91 198 184 6 165 0 169 14 196 214 111 68 7 104 39 153 29 67 210 200 201 139 86 9 182 237 109 244 88 65 73 96 230 76 28 78 249 209 129 103 197 204 20 40 238 150 187 149 43 164 193 107 218 61 92 77 1 123 147 136 66 83 146 242
210 66 234 67 243 151 255 61 56 18 10 64 129 122 131 29 201 108 222 99 105 133 110 42 43 78 216 30 160 254 213 185 84 147 0 155 100 209 245 39 208 86 25 150 123 130 206 237 217 219 95 244 90 181 36 35 50 248 202 218 9 22 224 128 228 60 235 75 23 211 225 112 152 38 117 191 115 158 145 203 31 253 194 1 226 74 63 111 89 204 238 109 46 101 246 168 165 140 5 231 195 153 91 230 212 62 240 58 14 17 94 249 121 72 24 215 172 156 20 40 106 16 80 49 196 97 107 199 41 88 178 200 47 59 242 76 193 37 171 154 12 164 223 13 198 138 11 53 8 114 137 166 247 159 27 44 126 144 120 232 70 51 55 82 252 148 180 170 96 87 227 68 250 229 214 116 169 135 15 83 161 124 73 184 79 104 233 142 33 207 32 28 189 175 93 54 220 136 134 241 102 141 85 183 125 113 2 26 77 149 205 7 143 251 182 187 239 174 4 162 188 57 127 177 221 3 146 179 190 21 139 92 163 45 19 167 197 157 176 81 119 65 132 173 98 48 69 34 118 52 236 103 71 192 186 6
192 100 253 34 62 218 31 85 178 53 79 174 89 168 181 243 23 48 70 216 160 49 182 225 29 133 41 237 224 43 58 38 175 255 19 247 153 46 136 111 249 104 146 113 205 11 250 183 180 90 120 204 248 81 35 87 245 115 96 92 119 24 148 25 229 60 141 198 9 12 26 142 108 236 126 195 102 167 214 66 52 129 33 0 37 137 64 82 234 191 130 227 162 21 152 190 78 68 69 7 209 132 50 105 232 112 211 188 196 219 98 199 151 201 117 77 252 226 65 72 143 163 106 18 55 17 166 32 61 230 86 184 215 200 124 246 15 4 189 206 14 110 10 210 171 42 157 217 75 57 36 5 202 193 118 207 116 94 223 134 84 20 123 99 67 173 165 97 107 140 95 127 239 185 8 13 59 235 131 176 187 238 244 208 125 56 233 45 164 93 169 71 221 186 156 220 241 91 144 28 170 83 39 228 109 150 159 147 203 122 240 242 128 213 161 177 172 135 3 73 121 212 74 194 145 44 27 222 1 40 149 251 179 254 139 76 158 231 63 103 101 54 47 6 114 197 155 154 80 138 30 2 51 22 16 88
174 228 79 10 233 160 231 90 214 252 89 152 161 35 86 218 94 241 122 65 236 61 128 108 193 171 77 21 121 156 95 177 170 188 109 210 58 71 187 84 178 251 221 91 140 150 248 149 201 92 167 132 213 163 232 196 80 247 245 141 45 225 165 48 181 192 250 129 85 5 162 34 133 153 41 185 83 30 72 111 183 24 217 104 36 52 102 15 99 139 113 222 29 198 186 0 59 199 158 224 243 142 230 19 234 57 169 110 96 31 63 119 208 39 220 195 179 164 17 46 47 18 226 143 137 207 69 64 54 242 190 159 136 11 227 216 125 184 107 154 62 115 97 173 145 175 38 117 120 23 78 112 88 100 215 240 12 219 74 209 255 189 27 55 239 206 101 144 37 98 146 103 33 25 6 3 254 76 75 194 4 40 130 134 148 205 151 56 253 20 7 172 14 116 53 176 70 157 211 60 43 66 203 127 82 237 42 50 212 2 168 26 235 1 123 51 68 105 138 9 16 229 180 244 166 81 202 204 44 135 246 191 197 49 223 238 200 28 249 114 182 155 73 22 13 118 8 32 106 147 126 131 67 93 124 87
22 93 13 98 10 144 175 65 205 216 34 6 78 17 166 68 120 74 172 38 75 210 200 141 181 63 177 130 204 249 109 178 233 254 110 156 59 51 145 16 226 241 28 50 94 71 97 176 111 229 227 113 193 255 66 168 211 124 25 58 187 194 252 235 44 244 151 232 137 33 214 207 118 70 0 72 122 213 222 43 149 246 167 7 64 2 21 220 215 88 57 158 247 206 106 42 237 159 20 24 163 230 153 129 154 112 92 52 39 86 217 125 135 234 190 81 62 9 197 84 41 224 18 161 26 243 49 61 183 148 29 188 236 186 31 139 202 132 162 91 82 199 56 27 150 240 157 239 228 165 248 223 191 115 103 87 140 136 102 107 251 101 117 173 146 185 60 83 171 119 14 147 45 48 30 116 209 170 76 8 100 138 89 164 19 4 36 174 99 253 195 11 95 73 40 108 1 133 127 155 242 46 47 245 160 134 142 12 121 55 90 114 32 218 23 126 203 67 37 54 201 128 179 143 53 123 219 5 169 85 105 104 208 77 184 238 152 131 3 221 250 196 182 79 192 189 225 231 180 198 212 35 69 96 15 80
76 2 255 107 223 7 206 49 246 234 123 147 198 15 71 128 9 117 48 53 105 40 125 28 54 178 248 43 87 124 12 45 56 142 5 213 29 166 140 33 63 23 42 202 240 186 253 39 219 169 190 155 239 173 102 224 192 58 52 127 187 100 188 109 17 121 182 177 139 131 185 250 243 252 150 67 229 88 220 226 254 231 163 164 199 82 151 26 120 79 51 205 13 0 21 221 75 111 160 74 207 146 16 244 251 72 103 83 85 216 110 211 47 157 156 171 114 68 84 130 143 90 249 94 181 101 196 144 77 91 233 18 159 238 57 236 24 11 69 152 119 60 122 92 195 184 232 210 70 104 230 167 222 112 34 31 6 126 97 61 19 212 96 78 183 106 179 135 138 215 115 242 193 145 81 38 22 141 161 227 137 201 170 62 218 228 65 162 209 44 66 168 180 108 197 59 158 37 20 133 30 89 134 64 4 132 174 129 235 3 32 113 25 148 165 247 10 241 98 191 172 176 203 118 14 46 36 217 208 93 189 116 95 80 237 35 1 136 204 27 245 194 50 200 225 99 8 154 73 153 149 55 41 214 175 86
132 90 121 154 205 99 183 6 150 87 218 247 111 143 243 69 237 62 10 228 97 180 156 0 157 182 100 232 15 68 244 77 252 153 122 4 231 101 165 22 200 117 224 174 142 112 73 131 133 75 236 70 58 198 177 167 147 13 164 102 56 61 238 216 34 152 253 92 163 14 233 130 74 134 115 18 24 85 195 8 215 239 214 9 63 222 187 202 39 162 93 149 7 196 241 72 113 235 76 245 105 89 51 45 37 191 189 172 47 119 44 52 80 194 86 151 35 79 53 128 67 16 145 136 179 98 206 159 125 171 190 38 203 3 123 139 208 43 120 91 254 41 30 141 175 249 60 57 71 242 144 17 116 201 188 192 127 54 21 166 178 137 230 5 184 95 27 12 148 94 185 83 65 20 55 103 251 78 36 46 173 225 32 213 240 197 59 250 104 246 219 212 33 217 88 106 109 211 220 227 11 28 169 1 161 40 255 170 126 193 81 26 96 229 138 124 160 2 204 155 181 158 207 140 31 226 221 64 84 25 82 186 223 118 48 210 110 248 176 199 23 19 66 129 234 114 135 146 168 29 42 209 49 108 107 50
25 107 208 229 121 157 205 174 245 211 219 244 73 115 135 122 49 80 37 31 0 95 165 17 50 187 9 53 75 55 94 150 248 241 81 97 125 42 85 48 163 155 20 74 216 89 202 51 137 134 169 100 225 220 59 33 145 6 71 179 46 128 30 119 15 224 123 114 152 138 153 212 124 253 77 232 249 237 243 173 58 199 175 230 170 193 160 79 93 185 41 116 10 84 242 11 117 82 78 196 67 65 231 103 35 195 213 3 5 12 168 141 221 192 203 69 24 200 251 92 26 228 144 171 223 87 226 167 129 234 184 214 218 44 194 22 206 183 66 127 91 227 118 7 70 201 180 28 60 21 106 39 40 215 133 61 161 164 90 177 57 38 207 190 250 29 143 102 204 72 252 197 209 246 139 1 131 99 112 255 109 52 105 198 182 18 181 238 45 64 110 14 146 83 236 47 240 186 254 98 56 96 2 247 162 151 104 76 126 16 113 154 23 32 120 43 222 101 159 235 27 191 176 111 8 13 62 140 166 239 149 4 172 147 54 36 233 189 188 136 88 178 148 217 156 34 63 130 108 68 19 210 132 142 86 158
212 243 94 58 210 154 214 195 98 104 165 20 88 40 64 39 89 143 47 12 27 119 242 173 229 87 21 66 152 193 60 156 70 185 169 131 125 117 16 14 252 127 199 124 132 160 19 166 231 115 159 133 208 147 96 225 216 4 178 31 239 205 251 15 118 28 83 203 219 33 123 200 171 79 121 110 221 255 74 140 137 151 67 224 97 196 26 13 17 207 134 101 246 3 217 55 85 9 175 107 92 228 174 10 163 145 100 135 183 76 158 116 126 253 50 112 38 65 22 139 75 184 71 44 37 113 42 168 186 189 36 45 52 91 108 249 81 241 120 80 250 206 18 161 106 176 54 218 204 240 82 29 235 6 238 32 220 111 51 46 144 164 105 162 11 48 198 128 35 190 73 1 24 103 99 146 209 59 194 215 226 248 109 122 34 129 188 187 130 170 201 234 30 179 8 86 230 167 43 72 191 223 68 149 62 142 90 53 177 5 236 0 237 7 180 57 95 148 69 157 77 233 202 84 56 181 245 102 25 197 49 254 222 192 153 211 213 155 61 150 138 23 2 247 227 93 244 182 136 141 63 41 114 232 78 172
102 40 234 121 27 16 251 99 67 28 33 5 41 143 66 204 150 168 192 49 212 195 199 84 126 147 157 23 114 2 108 105 0 137 172 98 242 183 94 116 127 117 9 37 86 210 130 138 152 238 132 241 171 167 227 254 70 134 63 115 158 29 174 12 202 72 119 106 162 220 125 179 240 26 232 149 97 74 151 19 38 31 166 68 24 216 128 78 214 208 211 176 246 189 177 77 47 186 42 129 136 182 110 20 222 4 83 95 148 3 1 60 123 122 205 141 107 187 196 91 92 223 46 160 200 58 191 124 229 62 215 8 230 76 34 175 201 133 75 173 154 79 54 69 71 239 59 228 65 181 250 153 135 203 21 93 252 190 52 231 247 100 15 109 237 197 156 120 170 44 7 178 118 236 193 57 87 104 161 13 64 253 88 188 194 85 159 90 155 139 18 217 144 243 142 61 53 226 180 81 112 249 17 224 35 131 80 113 82 55 89 11 245 10 218 213 43 165 14 255 25 225 146 39 101 233 22 111 73 140 169 207 103 185 50 145 221 96 248 32 45 209 164 219 48 163 244 235 206 184 56 30 6 51 36 198
5 123 184 232 189 119 111 92 89 85 162 161 25 90 126 216 220 234 36 237 142 84 106 93 3 100 202 139 7 156 243 42 146 129 152 34 213 168 68 128 136 43 88 254 112 66 87 209 137 154 191 224 95 102 60 11 75 252 167 33 35 130 221 77 22 28 135 54 69 31 114 80 200 13 241 159 108 99 204 94 118 192 233 212 217 153 179 210 173 59 165 96 64 246 62 176 45 83 175 238 247 121 172 49 180 72 208 151 67 147 214 194 24 2 163 107 207 242 181 8 1 19 195 41 144 157 18 170 9 82 52 177 226 236 79 235 32 178 253 218 44 249 63 27 166 78 76 227 131 56 251 134 12 23 81 215 171 91 248 120 219 239 127 16 169 116 158 197 14 110 48 190 122 138 188 101 185 225 199 53 115 29 17 0 145 30 244 55 74 228 61 105 65 143 255 196 182 117 149 205 39 125 51 26 10 250 103 132 133 104 57 229 223 38 155 150 140 73 21 245 222 97 58 47 211 15 193 240 148 201 183 4 231 6 124 203 206 109 164 198 174 186 46 71 98 50 160 40 86 20 113 141 70 37 187 230
179 198 93 176 105 82 220 26 245 126 17 161 224 100 79 182 214 175 5 193 194 114 32 215 60 63 244 76 211 192 106 89 149 183 42 1 103 226 151 96 108 145 38 155 30 253 11 154 8 206 4 97 81 172 80 137 199 218 9 168 45 237 135 201 139 85 153 252 210 250 156 146 61 50 3 230 25 170 12 53 177 186 19 197 121 255 58 134 181 90 75 10 162 167 216 39 65 138 48 158 71 46 208 190 132 88 87 35 242 77 47 116 55 188 217 29 7 222 173 109 31 41 240 57 6 107 128 20 56 104 73 144 110 118 143 227 14 34 21 203 234 191 185 0 249 64 171 204 86 163 207 229 209 248 49 147 140 235 251 24 196 239 202 62 54 174 228 115 243 101 205 36 33 68 254 124 119 213 187 44 160 225 78 200 27 184 18 169 123 22 13 51 37 52 111 23 152 231 131 148 136 142 72 212 98 74 129 69 92 59 233 247 84 195 15 164 238 141 165 16 236 232 95 221 219 130 2 189 94 112 157 159 166 67 40 120 91 102 223 178 99 150 246 180 127 43 70 122 241 125 66 28 133 83 113 117
136 54 154 241 161 1 204 137 151 38 78 219 43 117 41 84 71 129 212 179 120 182 152 255 244 37 15 130 164 35 227 27 172 94 91 66 186 157 121 79 17 156 138 243 166 239 195 198 20 175 47 253 205 141 98 82 201 221 32 197 6 230 122 23 33 125 222 14 104 126 228 240 168 2 119 218 97 80 193 90 149 194 124 64 192 234 189 40 63 92 173 85 208 225 52 70 46 158 251 232 236 8 178 74 106 96 22 13 153 249 176 155 140 42 95 61 196 9 87 50 254 110 5 30 159 68 214 133 213 209 115 101 19 235 146 62 60 167 28 67 11 109 51 39 183 207 3 75 131 188 69 177 108 113 165 100 185 88 114 238 53 103 147 184 72 105 116 202 65 18 89 226 200 93 123 83 102 7 45 246 58 99 24 229 250 215 44 233 162 29 252 118 112 187 247 160 248 169 77 181 242 237 199 191 245 55 48 57 210 127 34 148 25 31 59 36 223 224 4 142 211 86 180 139 111 10 73 0 81 26 135 171 220 134 12 206 76 49 56 132 163 143 145 21 170 16 107 217 216 231 174 128 144 190 203 150
35 15 34 233 228 101 70 171 5 219 119 55 250 172 33 37 176 243 166 142 167 125 105 65 52 99 230 138 148 247 203 94 75 22 210 97 54 237 31 174 39 1 62 74 196 161 42 201 249 199 44 152 215 145 175 104 95 212 69 40 163 253 170 252 241 178 6 236 204 128 116 100 153 149 115 120 9 114 130 186 159 198 73 96 184 132 27 160 58 61 43 129 222 183 89 21 113 151 102 177 32 17 49 187 112 11 208 24 108 86 53 121 14 146 140 168 255 59 60 3 173 147 155 25 134 68 103 127 45 231 36 139 216 80 50 67 214 141 192 156 66 136 232 18 182 98 118 117 221 90 197 251 165 144 16 234 8 209 195 92 205 202 238 244 193 211 225 48 82 109 28 93 106 26 111 23 157 188 78 218 229 47 19 91 30 179 81 133 87 185 51 88 223 213 154 194 76 190 143 217 7 122 191 246 12 123 169 72 64 158 29 239 254 41 63 107 84 110 189 124 242 240 126 206 13 79 181 224 137 38 71 200 207 10 248 57 2 164 245 150 46 227 220 131 83 0 85 135 226 235 56 162 4 180 20 77
96 112 29 215 137 204 68 252 73 230 125 90 60 124 145 250 48 187 74 242 198 132 13 54 63 51 107 26 144 146 32 117 65 81 76 39 162 232 25 116 233 98 49 203 186 126 160 199 53 155 83 158 43 235 62 135 222 7 5 213 206 165 18 101 59 58 239 42 189 161 210 181 175 247 4 157 193 221 122 190 244 82 212 238 78 248 72 85 147 182 207 229 120 64 208 86 129 188 37 200 141 128 202 217 197 79 159 178 151 57 205 40 15 153 8 50 17 109 170 154 87 84 249 24 108 152 240 194 246 149 19 255 251 23 183 52 184 133 219 45 102 168 171 185 46 12 140 30 99 6 71 118 225 211 33 192 0 196 41 223 241 138 95 34 131 66 180 56 94 237 227 228 166 113 36 209 9 136 16 115 92 100 123 2 103 55 105 21 236 156 130 224 231 47 67 10 177 214 176 70 191 220 134 245 88 119 104 28 150 174 163 93 110 173 14 169 114 75 201 61 121 234 216 195 164 106 97 22 111 20 253 127 38 243 179 27 3 226 77 69 1 11 44 254 31 143 89 167 172 218 139 35 80 91 142 148
30 0 170 55 14 80 99 253 86 130 90 168 25 221 207 142 174 230 64 150 76 51 35 20 128 157 158 129 82 254 248 63 180 175 165 98 46 15 247 122 83 72 236 40 218 10 173 226 208 29 1 31 149 228 231 134 189 223 199 211 71 96 123 75 185 65 111 45 138 166 95 62 212 255 148 209 2 214 144 136 117 114 110 187 186 50 115 151 241 245 4 61 7 167 109 131 118 28 125 227 164 32 181 13 67 171 154 177 59 238 193 93 153 161 68 113 24 137 91 112 234 162 179 216 249 120 127 85 36 100 22 192 58 60 155 246 102 47 53 160 79 94 56 139 105 225 38 11 184 133 124 229 119 143 217 3 237 242 178 204 235 198 84 190 121 89 16 87 201 70 108 200 8 17 146 197 74 205 97 233 176 92 172 239 219 49 27 188 132 232 12 206 33 26 44 220 66 169 182 43 195 34 107 77 202 251 6 104 5 57 203 23 243 69 19 88 52 191 103 101 252 156 81 21 159 37 48 106 240 196 116 18 145 244 9 152 41 194 141 183 222 39 135 73 215 147 163 213 126 210 250 224 78 140 54 42
242 95 15 23 37 123 17 126 56 52 112 139 210 19 203 255 43 169 59 152 87 212 4 246 47 105 10 64 125 166 117 34 237 214 36 159 178 171 51 208 164 101 13 218 99 93 96 61 131 74 62 217 187 71 182 14 21 67 250 160 107 144 223 235 33 143 141 200 8 7 90 26 247 72 81 231 232 108 186 45 85 198 76 9 114 202 100 148 115 216 174 60 86 18 215 58 39 219 194 209 211 124 199 113 205 66 135 38 20 88 161 233 137 75 192 116 132 240 155 249 122 82 41 5 55 184 147 63 3 121 78 197 227 244 46 153 204 138 228 73 79 225 44 230 40 24 158 102 29 128 27 201 193 111 65 221 252 134 157 109 175 16 220 253 222 195 229 151 130 150 103 98 183 50 154 140 165 110 31 179 241 118 162 251 213 25 54 92 243 70 190 30 106 236 133 172 185 94 49 104 188 48 129 120 91 69 196 170 146 191 176 83 180 119 6 167 156 136 239 207 168 173 145 181 28 206 89 35 53 77 189 97 80 84 224 11 32 42 163 254 142 248 245 0 22 57 238 127 68 234 1 12 2 149 177 226
202 217 137 55 238 83 86 12 99 234 215 129 112 172 206 65 24 126 249 174 119 131 168 61 178 53 21 34 177 31 229 27 120 104 195 103 160 222 241 32 191 68 5 158 224 162 108 176 20 233 18 179 169 84 73 26 253 48 193 35 76 200 209 42 220 144 23 81 157 204 113 98 33 185 190 239 62 88 161 71 181 94 69 231 213 155 111 110 58 10 100 70 139 78 211 240 52 30 245 196 132 54 64 8 80 29 130 151 43 79 127 96 167 133 141 166 250 37 57 44 226 2 214 208 0 17 87 194 227 109 186 230 252 232 16 72 170 163 3 19 47 219 7 225 85 77 197 251 138 11 124 228 59 56 91 22 147 142 236 210 67 183 248 101 223 50 207 41 192 146 45 36 74 60 75 134 46 175 254 154 171 159 165 95 235 121 97 152 92 115 82 1 15 107 218 38 187 6 164 188 39 4 255 118 244 242 153 25 212 117 135 180 182 189 90 63 143 114 125 246 201 122 173 14 203 150 66 93 145 9 148 89 51 156 106 136 140 221 116 199 128 105 243 49 13 149 40 184 247 123 102 205 237 198 28 216
105 161 165 100 27 249 139 151 110 203 233 157 68 255 240 121 67 158 56 38 248 28 76 224 51 9 19 146 198 5 186 213 170 32 223 77 219 192 185 6 190 61 79 82 184 193 200 239 1 142 229 134 13 228 143 99 166 54 254 69 202 111 97 133 230 177 128 154 131 180 113 4 199 194 37 57 253 55 159 196 91 21 183 83 221 149 172 251 247 39 102 207 87 108 119 141 2 15 182 22 81 80 23 63 94 127 178 72 156 234 123 60 191 220 84 116 216 42 210 35 238 201 70 153 129 0 130 155 73 205 243 41 217 50 225 126 95 232 204 74 138 250 173 90 197 147 115 85 46 104 106 48 209 43 31 171 150 140 120 241 137 75 29 34 211 189 7 125 226 65 136 242 206 103 47 107 88 246 252 58 168 236 188 212 187 237 36 195 160 175 12 135 66 122 235 169 214 45 86 208 49 218 78 62 24 18 10 164 162 145 20 92 17 25 53 167 59 124 8 52 26 101 40 244 118 109 152 71 179 132 98 144 163 11 176 231 96 112 181 16 93 64 227 14 3 114 148 222 33 30 44 215 117 245 89 174
77 67 204 176 46 110 222 145 62 169 119 87 57 18 76 78 20 181 15 3 143 122 112 92 213 109 47 1 6 183 161 234 97 198 37 108 214 178 75 19 79 60 218 224 30 140 208 160 184 159 209 8 167 132 147 239 107 38 94 207 141 186 17 58 180 21 190 50 34 251 245 237 136 134 117 247 64 244 252 25 139 31 96 235 24 253 73 12 216 90 81 124 43 151 104 70 116 135 238 148 203 68 84 153 243 65 36 199 241 230 86 120 194 5 2 16 187 89 217 61 146 133 137 72 254 221 111 123 82 175 205 129 40 227 212 93 39 130 28 10 220 255 48 196 23 236 246 118 170 232 158 185 142 4 195 49 191 164 157 233 162 33 51 54 156 165 172 211 228 114 201 106 240 200 115 71 138 26 226 41 174 83 69 105 202 149 100 126 103 152 85 231 171 166 9 29 225 27 131 168 63 248 155 55 193 121 144 223 219 11 74 179 59 80 91 113 229 242 154 249 53 52 250 35 66 99 150 44 128 206 95 32 163 192 56 88 188 14 182 7 210 173 42 125 101 0 102 127 45 177 215 13 189 22 197 98
98 92 47 62 104 126 170 147 173 252 187 50 48 189 14 76 142 244 32 200 101 134 8 15 73 56 120 65 227 53 213 109 35 28 194 146 0 148 198 34 43 119 225 67 243 83 140 78 97 41 36 164 133 234 68 27 182 118 58 235 96 100 239 51 229 205 230 188 168 128 115 162 38 201 211 55 11 157 138 85 18 160 117 45 94 237 102 64 125 137 4 224 105 9 57 7 107 215 23 208 238 167 158 20 132 103 226 61 233 60 49 241 69 44 12 191 179 163 216 212 178 183 72 177 193 249 222 6 136 159 247 195 90 223 121 124 106 192 30 246 152 84 176 214 165 240 95 80 112 250 175 74 16 87 171 149 116 184 77 209 203 231 63 122 123 66 236 210 218 88 197 131 166 190 108 39 99 202 24 143 113 130 22 204 255 219 129 199 40 81 245 161 181 180 29 153 5 59 228 207 79 42 71 17 3 155 13 10 46 52 1 19 33 111 145 172 91 156 169 89 174 86 220 251 141 26 37 110 82 154 93 242 144 196 150 248 114 151 31 21 217 2 139 253 206 25 70 185 254 54 75 186 232 135 127 221
177 102 142 116 225 32 201 189 0 62 202 161 227 246 145 233 22 237 60 172 113 99 34 66 122 211 42 223 198 182 167 20 49 50 21 229 146 140 210 72 67 57 245 193 162 139 14 230 219 128 187 110 157 65 118 100 176 148 178 41 120 123 26 81 115 91 103 218 243 15 222 77 212 3 192 30 58 242 209 104 147 40 101 149 106 36 28 9 6 2 79 78 197 7 43 133 137 151 208 154 59 1 23 10 175 17 119 56 179 73 160 214 63 46 69 206 130 85 240 45 53 215 5 171 29 238 4 126 54 71 108 141 12 19 232 183 247 169 84 205 207 47 138 249 194 200 52 226 241 203 31 252 117 185 158 76 25 16 121 11 35 109 150 129 134 70 96 127 90 231 82 13 236 163 234 93 217 255 92 155 164 38 89 221 97 244 125 68 239 64 131 111 196 174 80 24 124 159 98 180 173 191 112 213 61 74 190 87 181 254 224 94 143 153 251 152 204 95 170 135 216 166 235 199 83 250 248 144 48 228 168 51 184 195 253 132 88 8 165 37 136 156 44 188 86 33 75 114 186 27 220 107 39 55 105 18
202 172 65 126 174 131 61 53 34 31 27 104 103 222 32 68 158 162 176 233 179 84 26 48 35 200 42 144 81 204 98 185 239 88 71 94 231 155 110 10 70 78 240 30 196 54 8 29 151 79 96 133 166 37 44 2 208 17 194 109 230 232 72 163 19 219 225 77 251 11 228 56 22 142 210 183 101 50 41 146 36 60 134 175 154 159 95 121 152 115 1 107 38 6 188 4 118 242 25 117 180 189 63 114 246 122 14 150 93 9 89 156 136 221 199 105 49 149 184 123 205 198 216 137 238 86 99 215 112 206 24 249 119 168 178 21 177 229 120 195 160 241 191 5 224 108 20 18 169 73 253 193 76 209 220 23 157 113 33 190 62 161 181 69 213 111 58 100 139 211 52 245 132 64 80 130 43 127 167 141 250 57 226 214 0 87 227 186 252 16 170 3 47 7 85 197 138 124 59 91 147 236 67 248 223 207 192 45 74 75 46 254 171 165 235 97 92 82 15 218 187 164 39 255 244 153 212 135 182 90 143 125 201 173 203 66 145 148 51 106 140 116 128 243 13 40 247 102 237 28 217 55 83 12 234 129
175 41 158 2 136 119 232 129 188 233 163 103 231 18 228 79 102 131 212 124 247 9 91 109 85 197 35 16 20 47 217 113 145 135 61 52 192 33 215 194 179 81 134 100 235 48 126 89 38 149 44 69 198 107 253 172 252 248 154 140 58 19 185 101 99 206 67 106 50 148 90 78 222 246 42 114 170 227 108 216 147 152 204 139 224 127 153 22 92 142 186 223 111 144 155 241 104 57 128 10 239 132 162 122 141 46 84 30 97 138 63 13 34 254 83 17 201 68 36 157 151 226 31 199 32 208 116 220 26 21 238 230 29 94 87 96 249 166 73 187 64 70 98 75 7 8 43 181 250 125 219 178 150 49 112 0 120 65 174 210 4 173 51 245 115 88 95 171 202 182 184 60 209 55 146 1 255 15 213 167 183 229 242 189 93 193 25 200 40 243 176 190 77 117 3 82 156 80 123 110 168 251 218 159 221 191 39 28 76 54 169 203 74 11 66 211 133 130 105 225 196 160 118 56 195 177 27 205 23 234 237 59 214 86 37 244 180 137 121 240 5 71 236 45 14 161 62 72 164 6 53 143 165 12 24 207
103 157 181 170 100 117 180 21 176 121 82 208 68 128 241 223 202 171 113 104 29 118 27 5 134 45 250 186 34 10 233 84 76 8 18 51 6 38 150 96 174 179 225 146 42 87 98 149 155 119 36 222 144 211 75 4 80 237 132 97 67 131 152 2 55 194 81 249 205 139 20 61 70 58 114 33 151 153 39 124 72 88 83 46 169 239 32 123 240 105 56 210 193 133 167 206 60 162 90 165 50 242 69 142 229 14 12 220 213 172 25 108 66 65 246 49 196 168 217 188 182 254 11 164 200 228 129 197 251 89 219 245 85 255 79 92 154 189 214 236 127 71 215 93 136 195 44 207 148 135 209 224 204 86 166 185 158 64 212 47 22 160 15 57 24 116 177 161 94 91 1 31 115 159 247 201 253 156 26 7 3 30 190 59 191 140 226 52 109 175 178 192 53 19 147 37 106 13 78 125 232 218 40 199 0 203 48 230 248 145 102 41 138 73 187 63 101 244 234 235 173 120 43 216 16 143 23 122 99 107 130 9 110 62 112 28 243 163 137 231 238 54 74 17 184 221 183 77 198 227 141 252 95 126 111 35
110 229 1 53 172 56 252 214 64 14 44 48 129 24 107 36 13 151 212 176 57 203 92 155 31 10 113 145 106 191 124 125 45 218 146 246 249 175 7 142 123 37 20 80 114 228 187 34 157 82 27 39 76 224 86 216 184 197 85 194 137 190 28 12 103 11 68 130 149 195 99 231 168 66 132 70 16 84 183 141 181 87 77 247 236 189 161 211 101 198 239 108 117 205 128 52 186 244 65 112 21 6 196 93 98 147 225 251 69 234 89 2 232 139 121 63 19 18 221 173 8 233 47 241 119 148 215 193 153 104 40 217 227 171 243 192 38 59 206 242 35 4 75 41 49 74 158 200 220 207 134 165 122 116 0 180 250 102 135 17 94 138 160 140 179 235 78 71 166 182 210 127 170 133 248 240 105 159 46 174 32 136 222 219 254 185 55 50 144 118 230 91 156 9 131 213 115 204 100 54 208 199 237 223 238 42 209 83 162 62 79 67 73 3 143 29 5 60 255 23 245 164 178 15 126 201 95 169 72 96 202 167 163 26 152 150 61 188 120 25 43 88 90 97 253 226 51 22 33 154 109 30 81 177 111 58
78 172 67 68 199 22 136 176 34 167 100 205 38 191 239 206 52 10 151 177 109 51 149 130 55 30 45 47 215 35 204 41 157 226 129 111 179 252 69 228 166 28 207 223 76 246 85 213 173 132 96 146 20 238 154 94 212 169 33 63 80 137 244 40 229 64 164 170 61 135 66 131 115 249 193 120 219 118 37 29 202 156 57 88 225 248 200 11 107 56 89 58 31 65 242 221 241 194 189 19 141 245 231 1 201 122 15 77 209 253 87 49 116 145 183 79 161 26 121 197 72 224 8 21 185 140 195 24 139 220 211 182 160 32 6 237 27 12 174 16 210 97 3 247 227 75 43 4 9 236 17 119 42 180 126 144 168 25 188 171 175 60 102 123 133 254 90 233 84 81 0 113 148 74 218 159 70 92 103 93 240 13 62 186 106 114 128 214 108 217 147 143 203 230 46 110 39 91 134 5 150 243 178 48 95 82 138 196 101 155 216 2 208 125 73 50 127 250 14 7 142 44 255 192 104 54 190 184 187 152 222 165 153 53 23 162 18 105 112 158 86 251 198 235 59 71 124 234 232 36 99 98 181 117 83 163
92 82 190 219 220 191 144 61 55 125 242 237 227 160 108 77 54 184 145 134 43 102 25 72 235 33 15 91 63 93 211 35 38 196 251 30 6 18 133 158 185 137 247 127 173 107 200 228 157 124 19 62 210 16 64 21 206 198 179 176 172 249 248 112 177 213 48 52 66 123 69 229 171 193 180 90 187 34 226 94 243 75 129 233 216 239 121 45 255 155 215 223 130 175 86 199 153 174 41 224 241 23 56 182 189 147 98 162 84 254 120 122 217 53 164 109 115 222 141 156 118 201 167 32 100 73 246 195 186 36 181 205 24 65 44 49 240 11 42 5 146 252 183 151 78 149 8 132 170 7 70 79 208 4 136 12 159 40 238 154 234 46 26 111 89 250 194 39 74 13 95 88 106 27 128 231 244 105 2 96 169 139 9 58 68 166 67 119 10 85 50 131 81 150 114 253 165 163 59 218 143 83 221 99 110 168 47 3 178 80 207 51 71 214 103 1 203 245 29 101 197 135 22 209 225 20 188 17 57 31 140 202 116 104 0 232 117 76 142 161 60 148 192 152 230 87 28 14 204 236 37 126 212 138 113 97
109 142 177 201 119 50 110 213 35 154 124 141 33 215 11 230 140 210 51 92 1 172 192 191 40 164 16 70 239 218 90 53 82 28 14 166 24 21 57 63 12 30 44 122 156 183 102 167 180 100 185 97 231 7 152 37 48 121 93 165 104 253 155 207 161 4 125 162 42 32 228 13 150 9 217 36 81 196 10 65 86 197 243 146 138 232 103 58 73 115 137 181 158 184 8 198 61 59 200 25 87 153 255 43 211 112 145 19 26 84 67 131 76 238 64 224 120 46 39 205 157 0 159 209 45 54 130 236 78 254 94 151 89 108 52 47 175 144 245 79 38 193 129 69 246 107 111 250 62 240 216 241 199 179 139 126 173 49 212 222 66 22 168 149 96 29 171 128 56 105 248 113 75 136 148 15 235 116 20 68 18 118 226 34 219 249 178 169 31 143 114 237 72 244 71 60 252 80 55 23 202 190 174 227 223 189 194 83 188 204 5 233 17 147 170 3 206 101 234 132 135 117 203 41 2 163 95 187 225 176 251 106 91 123 6 186 85 27 98 182 160 127 195 88 220 214 242 74 133 134 77 247 221 229 99 208
37 175 216 167 84 32 9 86 209 228 221 101 3 214 151 63 13 149 143 146 111 181 124 112 12 237 121 232 64 71 117 45 210 157 194 18 30 83 193 191 250 58 57 140 76 42 122 131 26 27 158 236 95 135 248 126 59 164 252 150 198 165 11 224 110 136 68 10 108 89 14 244 4 6 174 249 163 255 116 185 88 70 138 211 28 187 125 242 166 182 35 205 44 172 132 91 55 105 234 197 113 53 171 128 247 22 39 96 203 254 188 23 123 129 20 94 25 90 74 208 152 79 178 77 251 243 161 115 16 47 184 207 159 225 66 15 48 17 245 24 201 180 200 153 148 233 100 204 190 215 160 81 229 36 168 212 46 8 75 104 142 38 120 240 80 156 31 183 222 235 144 99 154 238 98 179 170 141 119 246 220 196 241 226 133 230 169 56 217 206 186 34 2 218 223 195 231 78 1 139 85 103 127 239 147 130 134 19 61 82 92 213 49 192 43 40 0 72 107 33 177 118 29 51 62 52 199 227 21 145 65 73 87 173 67 176 106 102 162 189 5 69 253 50 93 219 109 202 137 7 54 41 97 155 60 114
12 114 184 234 23 60 203 236 247 78 196 149 220 102 76 224 254 214 233 138 176 122 189 230 155 105 126 91 175 109 38 160 128 249 243 63 123 36 124 45 208 57 118 113 75 67 121 186 179 188 86 3 165 24 156 162 190 167 99 100 135 18 87 217 56 15 242 141 204 0 212 157 11 47 96 10 143 82 207 180 187 8 39 19 21 152 46 147 238 93 92 107 50 4 20 66 79 26 185 30 117 37 132 80 13 27 169 209 95 174 248 172 215 202 5 88 55 251 58 28 131 120 168 146 6 40 166 103 158 48 225 222 197 62 33 252 210 148 32 14 119 42 115 71 74 151 51 178 129 81 17 229 213 77 97 163 73 137 106 253 154 164 1 98 145 235 2 104 116 44 133 250 94 228 211 69 221 25 70 255 195 68 110 65 171 194 223 49 216 84 101 183 201 177 34 127 108 112 139 54 205 237 227 153 144 29 125 52 31 16 173 226 192 72 140 218 181 130 241 136 161 35 199 90 9 89 85 246 232 150 111 22 193 191 43 159 198 142 240 182 170 59 83 134 206 7 64 200 53 239 244 41 231 61 219 245
149 190 49 2 76 121 236 50 105 126 237 28 186 178 17 143 98 113 155 177 221 198 224 48 238 101 99 240 65 127 193 40 83 251 152 185 59 66 124 107 171 116 23 104 9 160 86 79 245 197 0 199 249 85 94 170 21 118 39 134 191 129 148 92 87 215 184 30 119 78 233 169 109 31 147 151 35 102 25 1 26 239 219 179 166 213 89 252 7 106 62 208 189 136 69 211 168 96 145 33 153 115 176 188 55 20 156 60 108 58 158 11 74 4 34 218 209 71 183 154 22 112 29 111 100 37 120 95 63 242 230 214 12 8 229 234 123 228 244 45 18 57 187 210 43 246 141 19 172 175 157 243 81 42 203 135 227 10 216 36 146 131 163 46 226 125 67 138 222 200 167 235 128 5 254 27 114 173 174 117 32 6 14 139 248 182 217 241 159 90 150 253 75 194 164 181 73 255 51 15 180 250 91 132 41 212 232 231 80 204 56 110 24 3 130 93 122 68 54 206 64 61 97 103 52 70 84 162 196 223 142 207 220 140 225 137 16 47 192 77 88 161 133 205 144 38 195 247 201 44 165 202 82 72 13 53
86 21 99 133 160 79 144 157 77 162 74 208 239 129 14 25 98 70 142 81 230 132 184 138 236 102 139 19 9 205 245 127 241 194 13 58 173 242 42 63 174 220 123 115 209 80 35 50 92 114 158 135 161 240 175 38 36 177 2 64 130 232 20 188 89 122 251 3 61 44 108 53 215 41 201 97 23 16 182 134 0 136 186 22 31 107 213 55 231 71 128 66 85 29 24 152 121 222 56 15 170 106 46 223 84 88 227 39 217 193 218 176 156 116 103 150 26 189 199 43 254 145 126 73 6 148 105 33 82 225 90 52 113 125 247 212 93 252 45 250 95 203 11 196 226 155 146 8 120 91 214 49 221 48 37 229 57 32 255 179 167 151 204 200 166 171 60 165 181 237 210 249 124 147 235 183 78 211 109 112 94 180 18 234 140 72 164 202 153 228 83 68 100 238 163 62 4 75 159 137 104 172 65 197 191 219 51 110 111 54 224 198 206 76 185 119 154 178 96 27 87 190 12 131 101 118 10 192 243 207 117 187 28 69 233 149 169 168 17 141 248 47 216 195 67 30 59 5 246 143 1 253 34 40 244 7
63 27 91 112 217 15 154 41 209 165 99 235 21 30 18 74 248 111 113 254 84 32 48 43 6 129 199 247 83 200 65 16 170 153 93 127 166 20 122 50 125 10 202 29 102 189 229 227 180 173 132 240 68 26 25 206 9 156 128 177 148 142 214 226 124 160 188 89 157 211 49 179 205 45 215 39 52 114 149 174 196 87 31 175 53 96 155 4 167 108 95 169 184 164 46 126 145 118 24 172 7 237 120 230 17 239 76 137 121 54 51 216 246 75 119 207 161 213 116 241 222 218 245 150 19 151 100 186 12 69 135 138 152 13 234 107 252 66 228 38 85 192 178 255 159 0 163 8 190 208 105 62 1 98 33 147 23 61 204 194 195 133 80 3 176 231 103 238 82 59 67 90 224 70 22 72 243 203 123 97 191 198 14 34 232 144 181 143 37 158 187 101 212 55 86 71 250 117 141 130 60 77 140 236 136 81 42 168 28 88 201 183 162 131 73 64 244 78 242 220 94 5 210 146 249 225 193 44 36 223 233 11 221 253 110 56 134 139 185 106 2 47 58 109 115 79 251 182 104 171 35 219 40 197 92 57
112 67 227 123 49 42 208 160 0 162 212 48 57 133 239 81 2 97 154 92 111 55 50 178 147 248 82 41 196 132 72 249 110 114 253 65 243 219 244 202 182 142 129 176 52 215 225 69 25 171 152 99 32 174 131 59 108 251 116 78 139 151 18 238 119 23 71 21 121 229 37 222 252 181 172 34 146 117 240 75 247 74 63 255 83 58 26 205 193 177 230 226 192 197 86 191 207 8 236 20 150 173 6 209 104 237 135 138 120 206 44 5 166 98 190 228 179 254 109 94 126 9 189 88 30 101 185 163 130 198 91 223 217 245 77 136 137 80 250 224 232 102 211 145 180 204 122 53 113 216 38 157 127 144 36 218 14 233 143 213 54 95 4 175 195 194 43 167 19 73 242 221 93 56 85 31 17 169 27 24 60 66 15 33 47 125 159 186 105 170 183 103 188 100 234 10 155 40 51 124 96 168 107 1 158 210 164 7 128 165 45 35 231 16 153 12 220 39 84 199 13 68 89 200 246 149 141 235 106 61 76 118 140 184 161 187 11 201 64 62 203 28 90 156 3 46 214 115 148 22 29 87 70 134 79 241
36 80 39 11 165 228 0 236 181 35 71 120 34 167 106 231 204 211 32 63 43 45 176 70 171 7 117 116 131 74 28 44 90 103 50 209 54 141 61 156 104 37 51 193 233 119 198 17 196 239 226 29 112 79 20 82 52 155 144 192 170 30 64 190 127 182 72 249 246 221 86 57 21 234 172 56 38 143 66 139 95 98 175 75 202 153 105 41 253 237 101 121 187 97 161 130 22 178 188 25 122 169 4 26 128 140 68 157 19 118 252 235 93 245 49 94 24 219 92 134 89 195 218 247 73 240 108 125 207 225 201 58 151 132 136 163 78 229 6 251 177 168 53 149 76 55 40 197 250 216 96 164 242 205 154 10 160 185 59 223 114 33 113 109 15 1 174 135 46 217 215 67 183 222 166 9 206 194 83 107 158 230 31 88 224 77 8 13 65 255 85 243 14 138 208 3 47 84 227 5 16 102 220 173 244 126 100 248 23 238 2 162 200 146 213 254 179 129 150 115 199 133 62 184 152 18 12 87 147 60 148 69 232 81 142 137 99 91 145 210 203 212 110 27 189 48 180 186 214 191 123 124 159 42 111 241
198 28 22 94 106 4 40 68 224 37 91 184 59 85 180 95 174 187 249 29 54 76 222 166 55 188 231 35 139 47 243 230 49 64 44 181 6 25 253 159 52 142 117 255 110 152 119 211 17 1 189 186 96 126 210 254 87 41 93 251 121 102 98 125 30 154 31 235 66 147 204 15 18 32 148 114 242 132 201 108 173 220 72 58 135 39 0 43 143 70 88 240 197 136 233 168 27 158 196 84 74 75 13 215 138 56 111 238 118 217 194 202 225 104 205 157 207 123 83 3 232 71 78 149 169 112 24 61 23 172 38 67 236 92 190 221 206 130 252 21 10 195 212 20 116 16 216 177 48 163 223 81 63 42 11 208 199 124 213 122 100 229 140 90 26 129 105 73 179 171 103 113 146 101 133 245 191 14 19 65 241 137 182 193 244 250 214 131 62 239 51 170 99 175 77 227 192 162 226 247 97 150 34 176 89 45 234 115 156 165 153 209 128 246 248 134 219 167 183 178 141 9 79 127 218 80 200 151 50 33 228 7 46 155 2 185 5 145 82 164 237 69 109 107 60 53 12 120 203 161 160 86 144 36 8 57
197 140 143 46 101 135 111 123 238 8 35 242 97 232 23 212 50 78 7 229 124 167 60 121 169 126 56 48 29 26 22 99 98 217 27 63 153 157 171 228 174 79 21 43 30 195 37 139 76 199 93 180 234 83 66 89 226 150 105 5 65 73 235 25 191 49 3 24 146 74 91 128 161 32 39 252 203 12 189 104 225 227 67 158 14 214 220 72 246 6 223 51 17 137 205 178 96 45 36 141 31 55 129 170 149 154 90 116 147 110 251 102 33 1 183 254 113 237 20 112 175 184 58 109 241 117 9 145 88 4 84 151 131 216 194 100 44 144 179 118 200 193 211 132 233 81 94 210 107 201 19 244 114 163 173 16 172 224 115 190 155 236 186 255 219 103 15 13 164 68 248 188 71 204 215 18 152 108 28 185 57 156 176 64 208 106 53 95 134 206 47 240 127 59 75 125 38 122 162 136 245 52 221 209 0 82 222 181 247 11 165 253 42 2 80 192 133 119 54 86 142 231 62 243 218 202 187 40 69 70 41 249 166 160 230 92 87 77 10 213 182 159 34 250 239 148 207 130 177 85 138 120 196 168 198 61
119 140 124 109 217 246 247 218 171 88 82 152 14 9 254 187 135 104 81 211 172 161 70 129 52 99 7 60 42 118 90 120 238 62 65 223 23 57 33 45 160 185 212 164 19 154 200 134 227 255 184 151 46 89 237 43 91 48 233 225 206 203 199 21 20 139 204 240 75 79 93 150 96 1 198 220 207 117 214 61 253 121 15 102 156 5 243 11 148 72 27 182 242 250 157 202 113 226 180 201 68 251 13 50 83 209 216 174 125 189 111 26 147 149 244 80 191 136 142 249 168 183 145 228 194 59 127 100 18 222 213 63 208 232 51 92 71 76 12 38 69 32 173 24 210 178 105 176 35 159 197 34 97 106 235 31 163 39 186 67 10 181 6 73 53 138 116 22 221 66 101 40 122 115 133 54 155 3 16 132 29 123 196 166 36 85 95 193 94 146 37 112 77 158 108 177 141 25 192 190 86 245 170 110 248 126 137 195 74 30 205 107 234 78 98 241 130 28 230 17 56 128 224 162 49 236 252 47 215 44 84 58 167 229 143 131 0 4 144 103 169 188 87 175 219 179 2 114 55 41 231 8 64 153 239 165
92 35 112 199 195 154 131 209 97 38 177 153 186 234 81 225 82 196 213 174 36 46 150 20 190 251 48 41 181 26 114 188 219 30 52 224 205 111 253 17 220 6 66 241 24 89 165 57 191 18 123 23 65 250 163 31 144 133 69 56 44 194 59 140 61 158 229 182 49 39 218 202 55 185 171 189 240 74 143 116 125 137 193 147 11 13 83 104 242 247 180 98 42 95 221 0 237 127 90 162 5 88 99 232 227 173 187 84 146 106 110 117 160 107 34 254 252 27 168 76 108 200 226 120 183 128 47 142 77 228 94 122 151 231 3 161 54 157 243 217 78 244 178 60 184 124 75 53 149 105 80 148 145 19 129 164 8 2 207 192 134 62 233 109 132 96 51 152 43 210 216 115 170 169 71 230 102 16 239 222 7 139 214 87 25 64 121 141 70 9 103 28 72 21 45 156 79 58 1 14 235 206 255 118 208 68 203 204 33 198 155 201 4 166 245 236 15 179 215 167 136 67 29 37 91 176 223 32 12 119 101 126 63 172 130 100 159 10 197 212 93 249 175 73 40 85 135 138 211 248 86 246 238 50 22 113
15 136 46 116 212 253 162 78 98 97 201 70 177 231 145 124 251 214 243 189 175 72 185 182 218 224 173 191 205 28 62 89 8 73 86 6 91 3 137 168 58 198 209 27 254 71 10 159 61 113 67 165 31 68 203 193 134 174 56 170 123 197 242 102 171 226 247 103 149 52 44 138 9 219 234 21 43 87 64 90 169 104 222 220 106 186 248 59 161 204 117 18 51 180 187 245 228 37 237 144 225 130 26 207 200 111 63 0 65 115 206 215 36 142 239 160 255 57 250 14 213 208 81 50 151 240 199 99 35 230 152 13 17 156 223 146 122 147 105 85 45 32 79 210 118 128 227 183 74 55 2 190 77 34 217 11 154 19 236 42 54 176 141 22 181 229 179 24 132 195 125 155 84 75 192 49 20 143 233 150 232 221 158 241 216 184 108 96 80 133 129 95 100 244 94 110 166 139 178 53 76 164 112 7 140 38 41 23 109 202 163 69 1 93 131 82 157 12 252 29 167 92 246 188 4 88 66 33 101 249 126 120 148 235 39 40 238 153 127 135 5 114 48 83 107 25 211 16 119 196 60 30 47 194 121 172
192 136 35 26 64 50 65 124 36 165 244 144 161 149 155 85 225 111 87 142 82 105 72 246 5 97 208 28 177 251 154 178 29 249 245 108 234 232 143 15 202 107 125 170 172 179 80 53 133 104 115 236 191 112 163 4 193 140 56 83 135 254 138 79 41 146 96 126 130 211 106 189 118 95 233 39 3 139 30 174 237 113 92 195 227 188 18 206 207 127 45 228 73 76 2 89 224 205 119 102 162 196 55 14 116 239 164 109 121 158 51 168 43 11 24 167 21 219 17 110 94 185 93 150 212 231 22 181 58 250 148 214 152 98 166 10 223 8 169 159 74 63 16 243 38 183 25 66 190 199 32 210 134 13 71 147 194 103 88 23 175 180 229 52 78 151 61 171 84 59 221 203 145 101 100 48 255 90 60 129 68 201 230 42 20 235 186 122 44 54 253 70 19 120 141 33 69 117 86 157 123 131 156 240 27 47 34 216 247 204 198 0 7 77 184 217 99 176 220 242 222 6 62 160 153 248 9 37 209 252 215 75 67 187 241 128 1 114 218 49 46 81 12 137 132 226 200 57 173 238 91 213 40 197 31 182
3 227 69 140 93 215 205 129 113 221 96 82 100 151 240 54 27 36 48 104 58 177 179 249 15 153 158 91 9 208 6 132 0 148 38 1 73 171 254 10 143 138 84 98 250 57 17 21 28 71 18 200 165 163 193 79 242 19 111 137 31 94 39 213 53 243 139 5 33 62 142 169 72 220 68 154 128 244 155 89 226 95 35 241 219 60 16 246 59 56 185 40 75 174 168 118 103 45 228 144 20 43 7 217 63 209 121 127 26 81 80 237 141 13 182 150 133 173 50 125 253 191 230 32 52 236 175 14 194 238 187 211 67 245 224 167 180 146 117 166 29 119 234 114 115 199 109 66 112 170 77 156 147 181 90 126 78 47 233 195 203 2 87 134 198 178 30 12 37 229 83 41 11 70 176 108 123 4 160 86 239 206 251 46 49 122 159 252 157 149 216 188 24 201 23 110 106 65 42 120 8 204 88 64 97 145 247 136 248 107 124 85 202 212 61 186 101 162 214 207 92 192 25 99 130 196 218 135 116 22 164 183 131 172 232 152 190 255 76 223 102 184 34 189 231 161 74 197 55 44 235 222 210 105 225 51
25 191 142 94 30 242 226 90 110 176 86 150 119 11 167 177 14 111 158 248 15 117 129 57 146 8 107 241 224 82 234 38 83 13 208 81 123 78 184 207 236 62 229 97 114 196 214 190 47 140 121 125 152 67 218 250 240 166 157 42 138 65 44 29 186 239 205 85 153 231 194 143 254 149 174 48 212 103 22 102 98 4 245 163 124 35 206 204 56 172 211 155 253 195 183 72 96 147 219 20 77 213 66 252 2 54 244 74 232 3 127 197 247 36 73 216 249 5 91 209 162 233 115 89 237 12 227 246 151 189 135 202 243 168 118 139 104 188 122 51 173 141 7 1 76 136 49 137 58 221 70 131 126 88 80 134 199 192 201 99 16 178 37 169 175 203 180 112 113 148 31 100 230 69 28 255 154 217 0 225 170 24 60 109 23 156 95 220 193 200 21 52 32 34 165 59 160 251 106 105 120 63 17 33 79 92 39 198 43 130 50 145 93 26 40 182 222 108 187 6 185 228 215 18 101 68 9 71 41 144 133 181 159 19 53 179 116 171 61 238 235 210 75 46 10 223 161 45 27 132 55 128 84 87 164 64
171 246 70 5 123 121 7 87 149 215 62 105 18 174 207 81 88 146 129 193 138 45 126 31 182 108 101 12 219 0 221 16 107 116 192 43 140 61 156 213 151 170 114 109 237 206 52 141 100 255 191 131 53 169 173 57 124 47 23 48 6 241 201 188 235 111 19 29 128 84 230 211 158 91 233 190 118 167 55 175 137 198 210 77 42 178 82 130 80 180 33 96 26 56 240 231 93 205 176 44 134 51 133 122 59 142 117 85 9 252 236 34 30 251 1 145 250 11 67 40 79 209 232 65 13 163 41 194 197 179 10 103 64 225 157 249 32 238 58 168 153 185 68 248 147 89 160 244 222 189 2 150 27 21 49 136 195 196 139 54 28 36 161 15 204 239 8 181 112 172 20 97 216 186 203 95 22 73 37 202 17 113 154 63 234 254 253 102 226 78 132 46 25 152 115 144 90 76 228 86 83 119 125 74 92 106 184 218 245 164 229 242 162 247 159 38 69 214 99 110 183 155 227 166 60 217 14 223 66 187 224 104 94 35 75 212 71 24 98 143 3 72 127 148 4 50 208 200 39 165 120 135 177 199 243 220
135 81 39 49 176 228 35 216 243 200 62 253 107 249 222 215 36 220 91 109 112 214 223 230 14 31 172 4 164 43 3 173 129 196 84 29 99 232 141 127 163 5 207 158 184 161 210 143 34 229 224 67 87 28 85 189 226 121 51 213 113 251 179 202 26 22 69 132 237 117 138 149 171 32 45 212 52 111 110 53 93 124 157 208 102 186 9 153 90 221 250 114 146 246 72 240 65 13 231 100 183 159 0 160 185 103 235 18 71 247 80 255 156 125 7 234 104 168 25 203 120 227 177 145 115 76 134 136 78 239 73 61 201 180 170 150 16 167 105 59 64 241 219 37 155 1 95 166 17 236 133 77 137 118 21 27 88 198 11 218 242 217 12 66 225 190 205 42 165 96 152 10 199 244 75 116 238 79 248 108 92 54 48 40 194 192 175 50 122 47 55 83 197 89 154 38 82 56 131 70 19 148 139 182 101 209 162 128 174 193 41 206 6 126 142 211 46 123 94 2 44 33 144 178 252 63 60 74 245 147 20 119 204 191 195 130 57 24 169 181 140 233 8 187 98 30 15 151 97 188 86 68 23 58 106 254
160 135 105 244 100 187 194 240 168 78 25 62 141 153 206 61 59 118 181 180 8 199 165 245 254 149 150 26 104 218 3 116 249 182 32 120 18 66 33 134 92 233 4 191 133 231 212 137 112 127 129 42 117 31 123 239 53 211 193 6 79 151 55 248 110 34 50 158 73 167 40 255 214 178 228 102 65 236 176 39 251 115 145 162 219 71 122 56 146 246 252 143 217 148 213 197 76 20 202 46 200 119 111 29 238 139 170 52 75 27 93 189 138 171 140 113 147 69 48 68 21 16 101 223 72 58 83 28 204 97 159 36 80 169 131 198 227 10 161 243 108 203 24 154 51 90 103 12 222 22 106 221 47 38 9 242 114 88 64 109 94 1 98 37 179 85 74 54 157 125 86 91 63 99 201 124 7 208 226 250 107 15 253 2 142 184 205 215 81 172 60 166 163 0 195 230 156 45 241 152 174 185 175 67 95 144 13 188 196 210 41 190 44 229 225 30 57 128 192 121 173 216 87 232 70 5 130 177 164 220 23 183 237 43 84 35 207 155 132 209 77 96 89 224 126 82 19 186 136 17 11 14 234 49 247 235
190 175 249 152 176 27 247 243 106 232 230 141 13 200 105 123 168 170 177 78 51 131 102 113 234 189 110 161 2 191 138 54 81 133 252 136 77 39 144 94 124 128 209 104 187 116 93 231 37 1 137 28 172 235 111 90 193 225 186 16 204 205 125 43 226 71 74 255 87 222 203 117 100 160 194 53 12 114 237 162 107 119 156 49 166 41 9 22 165 19 217 15 108 92 183 91 148 210 229 20 179 56 248 146 212 150 96 164 8 221 6 167 157 72 61 14 241 36 181 23 64 188 197 30 208 132 11 69 145 192 101 86 21 173 178 227 50 76 149 59 169 82 57 219 201 143 99 98 46 253 88 58 127 66 199 228 40 18 233 184 120 42 52 251 68 17 118 139 31 67 115 84 155 121 129 154 238 25 45 32 214 245 202 196 0 5 75 182 215 97 174 218 240 220 4 60 158 151 246 7 35 207 250 213 73 65 185 239 126 254 112 216 47 44 79 10 135 130 224 198 55 171 236 89 211 38 195 29 180 134 33 24 62 48 63 122 34 163 242 142 159 147 153 83 223 109 85 140 80 103 70 244 3 95 206 26
221 101 192 47 46 61 4 213 229 20 33 235 139 239 71 246 86 34 222 236 123 163 49 128 202 126 169 156 214 42 9 205 12 237 85 74 122 100 215 249 120 57 112 2 179 176 151 16 242 206 164 102 241 223 73 251 69 25 28 105 5 132 83 35 226 183 167 31 51 117 27 91 60 207 108 118 210 52 99 189 211 58 70 253 87 204 48 182 165 23 175 234 24 209 149 22 64 19 125 148 177 3 170 38 55 137 155 131 243 81 62 66 93 8 159 191 181 107 98 238 79 6 240 225 127 180 146 26 94 172 135 84 195 90 115 244 153 44 218 43 39 200 186 104 65 231 147 145 252 113 152 96 194 136 124 13 37 88 160 216 18 154 7 193 198 250 185 15 173 199 68 138 188 232 14 157 190 201 32 150 103 174 56 30 178 208 168 187 92 130 76 143 184 109 59 80 45 129 63 247 114 82 203 197 17 77 245 78 254 162 11 72 67 29 21 75 140 133 142 40 212 119 233 110 116 144 121 53 54 89 227 41 171 10 224 196 95 158 0 166 111 220 1 50 219 97 36 161 134 141 217 248 228 230 106 255
231 52 142 219 190 98 140 129 240 19 93 159 156 170 86 243 116 215 45 32 36 226 153 120 10 22 236 74 104 28 194 126 111 247 193 29 182 164 119 154 202 95 177 135 145 17 69 131 57 84 41 158 94 203 90 63 56 132 61 187 205 208 55 64 71 110 127 13 100 5 139 99 14 225 37 180 125 195 73 237 223 4 101 48 254 25 2 51 239 130 70 65 163 183 124 181 30 67 217 147 54 209 92 20 43 122 118 165 228 78 213 234 245 12 128 141 53 148 207 206 149 189 220 253 49 198 27 105 249 186 62 91 210 242 87 168 81 161 109 72 196 24 255 0 1 26 199 76 114 167 88 176 96 252 221 103 75 200 9 121 44 216 68 18 241 211 172 230 232 174 80 169 157 42 21 11 246 112 8 201 155 160 82 60 133 251 97 191 7 113 77 229 173 233 214 117 123 184 39 107 59 83 58 108 162 66 31 46 138 6 192 248 106 40 85 171 212 79 175 89 204 188 150 144 136 35 33 16 146 218 143 151 179 38 185 250 134 178 152 227 166 115 244 235 23 197 50 3 224 15 34 137 47 102 222 238
68 248 237 217 65 33 249 254 226 7 109 32 170 116 134 158 15 178 161 165 50 92 113 123 244 80 223 74 71 0 103 138 64 208 149 60 82 93 83 230 3 52 176 96 104 118 204 98 207 137 133 193 220 36 100 29 81 124 250 140 233 168 38 85 72 128 186 91 145 206 247 198 115 63 40 117 240 4 252 132 34 245 182 94 44 180 174 177 142 212 155 143 43 13 152 8 95 102 148 76 241 188 225 49 61 114 224 222 26 89 88 171 107 73 153 162 57 58 189 12 126 166 24 157 90 195 28 181 229 196 42 255 141 167 99 41 139 120 45 20 35 37 205 25 194 31 147 216 119 101 169 242 59 218 156 18 197 213 66 236 75 203 163 122 86 136 10 228 144 84 202 159 23 53 70 127 234 30 219 54 154 160 51 125 56 121 105 239 183 110 209 108 27 19 192 146 47 78 215 238 190 1 97 46 79 48 21 55 232 211 231 184 179 9 131 235 221 246 191 112 5 67 199 243 77 39 106 135 173 69 151 16 111 187 62 214 253 11 175 130 185 14 129 210 201 172 150 22 251 227 17 2 164 6 200 87
243 49 137 85 235 113 11 14 251 82 175 136 42 229 66 104 55 130 240 225 2 140 65 219 161 232 61 39 6 74 222 99 93 121 208 12 13 211 126 100 108 233 87 21 56 80 253 184 244 92 169 33 3 20 167 94 145 109 19 89 185 226 135 51 71 70 174 43 150 204 118 97 224 187 216 162 148 45 158 155 191 197 146 164 178 1 35 62 236 46 59 234 64 231 110 141 31 171 182 255 227 44 238 132 34 86 40 138 4 41 176 166 107 147 29 143 96 170 215 75 144 199 220 76 122 25 17 111 237 192 207 249 16 60 37 63 142 77 195 193 79 159 221 32 134 177 90 246 24 153 160 218 201 10 210 117 198 103 254 180 173 84 36 0 38 88 179 188 9 115 212 133 228 30 223 242 186 181 54 23 124 213 172 72 8 203 125 241 245 129 196 119 95 120 78 58 18 5 52 183 91 101 200 156 47 28 230 163 50 7 190 239 127 247 209 15 27 149 114 250 154 202 152 252 105 168 98 128 57 48 165 22 248 116 206 123 205 194 131 214 189 157 81 69 53 106 102 68 73 217 67 83 139 112 151 26
63 115 104 40 27 15 165 30 111 32 129 200 153 20 10 189 173 26 156 142 160 211 45 114 87 96 108 164 118 237 239 54 75 213 218 151 69 13 66 192 0 208 98 61 133 231 59 70 203 198 144 158 55 117 77 81 88 131 78 5 225 223 253 139 47 79 171 197 91 154 99 18 113 48 199 65 93 122 202 229 132 25 128 214 188 49 215 149 31 155 95 46 24 120 76 51 119 116 245 100 135 234 228 178 163 105 33 204 80 103 67 22 123 14 181 187 86 141 140 42 201 73 242 210 193 233 110 185 58 251 35 92 112 41 235 74 254 43 247 16 127 50 29 227 240 206 177 226 89 179 39 174 175 4 169 126 172 230 137 216 207 241 150 186 138 107 38 255 8 62 147 194 3 238 90 72 97 34 143 101 71 130 236 168 183 64 220 146 44 11 56 106 109 182 219 57 217 209 21 248 84 6 83 170 166 125 102 180 68 9 148 124 157 205 52 196 53 167 184 145 7 17 121 246 161 222 19 12 152 252 85 159 190 1 23 195 176 82 224 243 191 232 37 212 250 60 136 28 162 244 94 249 36 221 134 2
172 82 249 89 148 147 90 130 161 194 245 139 223 46 190 127 3 32 151 183 28 109 22 102 50 13 137 220 196 0 197 222 140 17 55 108 29 117 37 193 162 44 16 141 205 62 240 157 9 214 182 152 113 171 173 115 21 110 98 238 217 207 187 53 204 142 96 101 23 1 74 192 38 132 203 54 18 170 114 174 155 58 64 125 235 48 255 24 254 49 103 7 227 242 79 202 133 189 47 236 26 112 153 20 116 30 145 129 91 85 77 231 229 212 87 159 84 92 120 234 126 191 75 119 93 168 107 56 185 176 219 138 246 199 165 211 230 78 243 43 163 179 248 83 160 131 39 81 70 181 215 34 100 97 111 27 184 57 156 241 228 232 167 94 61 206 218 177 15 45 224 135 67 52 188 134 225 123 105 60 95 143 36 118 76 86 213 10 72 253 25 237 99 35 144 31 4 252 73 2 128 146 149 251 5 12 51 68 209 41 201 80 40 210 166 233 121 66 136 14 178 164 200 42 244 195 221 198 247 180 71 11 6 104 124 65 122 226 8 158 88 250 150 33 216 239 63 59 106 169 19 154 175 186 208 69
184 7 162 45 228 251 75 71 118 181 31 166 187 198 220 81 94 6 101 160 159 102 142 173 206 2 151 235 58 202 139 15 44 163 195 40 121 34 114 62 25 149 232 208 0 209 234 152 29 67 120 41 129 49 205 174 56 28 153 217 74 252 169 21 226 194 164 125 183 185 127 33 122 110 250 229 219 199 65 216 154 108 113 35 13 86 204 50 144 215 66 30 182 126 186 167 70 76 137 247 60 12 36 11 61 115 19 239 254 91 214 145 201 59 248 38 124 165 32 128 42 157 141 103 97 89 243 241 224 99 171 96 104 132 246 138 203 87 131 105 180 119 68 197 188 231 150 3 211 177 223 242 90 255 55 175 191 5 95 172 143 51 93 82 193 227 46 112 109 123 39 196 69 168 253 240 244 179 106 73 218 230 189 27 57 236 147 79 64 200 146 237 135 117 72 107 155 48 130 88 98 225 22 84 10 37 249 111 47 156 43 16 9 85 14 140 158 161 8 17 24 63 80 221 53 213 92 52 222 178 245 133 78 148 26 190 176 212 54 1 207 233 210 4 192 83 23 18 116 136 77 134 238 20 170 100
122 156 127 250 85 2 84 73 10 93 68 36 215 203 187 240 236 202 207 96 201 217 18 246 30 160 183 16 219 114 247 145 148 130 216 54 15 176 108 200 238 189 9 119 104 136 19 199 98 40 111 195 173 140 208 101 233 227 255 87 146 147 90 5 234 242 112 221 155 190 214 132 63 123 226 48 167 137 154 46 228 24 243 153 223 64 105 14 185 205 204 53 177 29 83 252 231 103 66 95 41 27 179 37 34 70 76 25 43 57 135 169 196 115 180 193 113 198 110 244 20 165 50 61 134 106 178 117 11 168 220 174 17 138 175 55 45 241 26 163 22 230 49 94 209 23 78 99 210 1 159 151 245 116 71 86 128 150 194 171 197 21 211 74 72 213 38 100 166 13 56 224 125 158 32 39 97 80 144 89 251 77 237 133 59 52 218 170 0 172 222 58 67 143 249 91 12 107 164 102 121 65 60 188 157 3 92 51 206 142 82 4 120 124 8 75 253 229 254 212 192 152 139 186 62 225 235 79 35 181 162 109 42 184 141 69 118 6 126 88 149 161 28 248 129 33 81 31 131 239 47 232 7 191 182 44
62 67 8 147 123 156 204 51 195 52 166 183 144 6 16 120 245 160 221 18 11 151 251 84 158 189 255 22 194 175 81 223 242 190 231 36 211 249 59 135 27 161 243 93 248 35 220 133 1 114 103 39 26 14 164 29 110 31 128 199 152 19 9 188 172 25 155 141 159 210 44 113 86 95 107 163 117 236 238 53 74 212 217 150 68 12 65 191 0 207 97 60 132 230 58 69 202 197 143 157 54 116 76 80 87 130 77 4 224 222 252 138 46 78 170 196 90 153 98 17 112 47 198 64 92 121 201 228 131 24 127 213 187 48 214 148 30 154 94 45 23 119 75 50 118 115 244 99 134 233 227 177 162 104 32 203 79 102 66 21 122 13 180 186 85 140 139 41 200 72 241 209 192 232 109 184 57 250 34 91 111 40 234 73 253 42 246 15 126 49 28 226 239 205 176 225 88 178 38 173 174 3 168 125 171 229 136 215 206 240 149 185 137 106 37 254 7 61 146 193 2 237 89 71 96 33 142 100 70 129 235 167 182 63 219 145 43 10 55 105 108 181 218 56 216 208 20 247 83 5 82 169 165 124 101 179
248 217 59 130 83 205 195 119 103 211 86 72 90 141 230 44 17 26 38 94 48 167 169 239 5 143 148 81 254 198 251 122 0 138 28 246 63 161 244 255 133 128 74 88 240 47 7 11 18 61 8 190 155 153 183 69 232 9 101 127 21 84 29 203 43 233 129 250 23 52 132 159 62 210 58 144 118 234 145 79 216 85 25 231 209 50 6 236 49 46 175 30 65 164 158 108 93 35 218 134 10 33 252 207 53 199 111 117 16 71 70 227 131 3 172 140 123 163 40 115 243 181 220 22 42 226 165 4 184 228 177 201 57 235 214 157 170 136 107 156 19 109 224 104 105 189 99 56 102 160 67 146 137 171 80 116 68 37 223 185 193 247 77 124 188 168 20 2 27 219 73 31 1 60 166 98 113 249 150 76 229 196 241 36 39 112 149 242 147 139 206 178 14 191 13 100 96 55 32 110 253 194 78 54 87 135 237 126 238 97 114 75 192 202 51 176 91 152 204 197 82 182 15 89 120 186 208 125 106 12 154 173 121 162 222 142 180 245 66 213 92 174 24 179 221 151 64 187 45 34 225 212 200 95 215 41
104 190 83 215 209 237 69 128 129 72 242 216 224 94 203 137 172 196 114 45 105 208 30 149 119 136 28 210 6 225 135 205 46 87 251 167 187 186 35 159 11 65 234 213 85 48 77 23 9 161 19 16 52 58 7 25 39 117 151 178 97 162 175 95 180 92 226 2 147 32 43 116 88 160 99 248 150 202 156 254 120 157 37 27 223 8 145 4 212 31 76 191 5 60 81 192 238 141 133 227 98 53 68 110 132 176 153 179 3 193 56 54 195 20 82 148 250 38 206 107 140 14 21 79 62 126 71 233 59 219 115 41 34 200 152 0 154 204 40 49 125 231 73 249 89 146 84 103 47 42 170 139 240 74 33 188 124 64 241 102 106 245 57 235 211 236 194 174 134 121 168 44 207 217 61 17 163 144 91 24 166 123 51 100 243 108 70 131 143 10 230 111 15 63 13 113 221 29 214 244 173 164 26 138 109 232 67 239 66 55 247 75 50 18 197 185 169 222 218 184 189 78 183 199 255 228 12 142 165 253 201 96 229 127 130 112 198 36 252 158 90 182 220 171 246 101 86 118 1 181 80 22 93 177 155 122
64 117 246 101 136 235 229 179 164 106 34 205 81 104 68 23 124 15 182 188 87 142 141 43 202 74 243 211 194 234 111 186 59 252 36 93 113 42 236 75 255 44 248 17 128 51 30 228 241 207 178 227 90 180 40 175 176 5 170 127 173 231 138 217 208 242 151 187 139 108 39 1 9 63 148 195 4 239 91 73 98 35 144 102 72 131 237 169 184 65 221 147 45 12 57 107 110 183 220 58 218 210 22 249 85 7 84 171 167 126 103 181 69 10 149 125 158 206 53 197 54 168 185 146 8 18 122 247 162 223 20 13 153 253 86 160 191 2 24 196 177 83 225 244 192 233 38 213 251 61 137 29 163 245 95 250 37 222 135 3 116 105 41 28 16 166 31 112 33 130 201 154 21 11 190 174 27 157 143 161 212 46 115 88 97 109 165 119 238 240 55 76 214 219 152 70 14 67 193 0 209 99 62 134 232 60 71 204 199 145 159 56 118 78 82 89 132 79 6 226 224 254 140 48 80 172 198 92 155 100 19 114 49 200 66 94 123 203 230 133 26 129 215 189 50 216 150 32 156 96 47 25 121 77 52 120
195 67 53 68 127 39 168 247 147 164 152 158 88 228 114 90 145 85 108 75 249 8 100 211 31 180 254 157 181 32 252 248 111 237 235 146 18 205 110 128 173 175 182 83 56 136 107 118 239 194 115 166 7 196 143 59 86 138 2 141 82 44 149 99 129 133 214 109 192 121 98 236 42 6 142 33 177 240 116 95 198 230 191 21 209 210 130 48 231 76 79 5 92 227 208 122 105 165 199 58 17 119 242 167 112 124 161 54 171 46 14 27 170 24 222 20 113 97 188 96 153 215 234 25 184 61 253 151 217 155 101 169 13 226 11 172 162 77 66 19 246 41 186 28 69 193 202 35 213 137 16 74 150 197 106 91 26 178 183 232 55 81 154 64 174 87 62 224 206 148 104 103 51 3 93 63 132 71 204 233 45 23 238 189 125 47 57 1 73 22 123 144 36 72 120 89 160 126 134 159 243 30 50 37 219 250 207 201 0 10 80 187 220 102 179 223 245 225 9 65 163 156 251 12 40 212 255 218 78 70 190 244 131 4 117 221 52 49 84 15 140 135 229 203 60 176 241 94 216 43 200 34 185 139 38 29
82 93 35 246 245 193 145 235 205 19 213 91 120 187 165 125 76 12 189 199 143 215 164 10 31 178 214 7 231 47 13 21 46 130 172 192 179 106 137 94 88 0 152 222 74 107 244 66 110 132 112 151 207 50 43 138 154 182 99 142 105 220 212 77 131 18 146 4 108 194 191 226 157 27 22 116 90 202 63 128 236 103 185 87 176 72 26 180 171 209 195 210 14 181 55 134 34 51 39 45 230 115 1 232 32 227 250 217 136 150 242 98 173 67 141 44 68 174 139 135 253 124 122 33 160 92 252 15 60 62 69 225 198 23 249 5 126 81 2 53 149 83 30 201 228 25 144 28 224 186 36 241 16 20 101 251 79 8 240 123 184 148 29 175 64 127 3 237 85 117 78 163 96 97 17 190 118 218 221 147 234 114 95 9 247 52 86 200 159 6 129 54 254 11 48 196 58 188 156 169 57 166 109 162 255 239 75 238 40 102 121 167 71 203 140 38 104 42 243 56 155 113 153 59 49 219 208 161 133 183 73 170 211 80 89 177 100 24 158 216 37 84 248 233 168 65 70 119 197 223 41 206 61 229 204 111
138 200 22 177 49 255 207 143 100 84 203 223 34 199 8 232 124 25 35 127 224 16 106 128 230 242 170 4 121 220 99 82 195 92 151 196 126 66 194 236 191 42 65 94 175 87 210 227 54 72 48 160 253 234 238 10 180 76 108 98 24 15 155 251 178 157 142 44 97 63 198 11 89 52 1 112 7 32 161 70 216 135 215 211 117 103 21 237 148 64 62 169 30 69 13 111 53 41 185 209 5 77 133 190 71 179 110 115 167 102 187 90 116 240 55 105 149 186 74 107 118 204 67 20 91 228 202 95 125 85 104 9 47 248 60 101 26 231 252 217 46 235 164 31 254 120 114 189 249 162 250 171 79 183 244 239 201 193 247 57 50 59 212 129 36 150 27 33 61 38 225 226 6 144 213 88 182 141 113 12 75 0 83 28 137 173 222 136 14 208 78 51 58 134 165 145 147 23 172 18 109 219 218 233 176 130 146 192 205 152 56 156 243 163 3 206 139 153 40 80 221 45 119 43 86 73 131 214 181 122 184 154 2 246 39 17 132 166 37 229 29 174 96 93 68 188 159 123 81 19 158 140 245 168 241 197
67 204 146 168 155 65 162 9 201 69 218 50 104 208 191 214 96 20 230 130 190 198 105 150 61 174 128 149 16 199 216 253 31 157 164 122 73 137 59 229 95 97 192 28 139 84 90 197 116 131 93 176 142 7 75 48 221 170 161 11 156 180 254 40 19 24 215 241 17 235 121 227 158 126 53 124 238 107 145 237 45 54 183 234 111 242 134 15 213 129 209 21 1 86 64 225 169 14 49 243 70 63 81 2 103 206 219 80 232 71 144 114 239 33 43 141 42 94 240 60 25 106 56 125 89 228 140 138 34 193 118 58 196 74 85 143 22 233 153 55 182 26 46 189 78 231 178 220 4 76 172 110 252 184 200 250 163 247 32 6 115 177 91 79 0 207 92 51 117 136 35 123 167 127 205 62 3 244 179 211 12 101 187 113 88 72 57 165 194 195 166 119 36 30 100 217 212 202 135 83 52 29 159 120 109 18 77 255 47 210 8 245 66 38 68 186 10 13 171 226 5 236 248 108 133 160 112 222 102 148 82 175 203 132 99 249 37 185 246 39 251 181 173 154 151 147 224 223 87 152 188 23 27 41 98 44
175 8 173 15 117 54 177 71 158 212 61 44 67 204 128 83 238 43 51 213 3 169 27 236 2 124 52 69 106 139 10 17 230 181 245 167 82 203 205 45 136 247 192 198 50 224 239 201 29 250 115 183 156 74 23 14 119 9 33 107 148 127 132 68 94 125 88 229 80 11 234 161 232 91 215 253 90 153 162 36 87 219 95 242 123 66 237 62 129 109 194 172 78 22 122 157 96 178 171 189 110 211 59 72 188 85 179 252 222 92 141 151 249 150 202 93 168 133 214 164 233 197 81 248 246 142 46 226 166 49 182 193 251 130 86 6 163 35 134 154 42 186 84 31 73 112 184 25 218 105 37 53 103 16 100 140 114 223 30 199 187 0 60 200 159 225 244 143 231 20 235 58 170 111 97 32 64 120 209 40 221 196 180 165 18 47 48 19 227 144 138 208 70 65 55 243 191 160 137 12 228 217 126 185 108 155 63 116 98 174 146 176 39 118 121 24 79 113 89 101 216 241 13 220 75 210 1 190 28 56 240 207 102 145 38 99 147 104 34 26 7 4 255 77 76 195 5 41 131 135 149 206 152 57 254 21
48 141 93 203 83 129 63 156 184 113 80 230 18 166 227 20 232 162 154 135 132 128 205 204 68 133 169 4 8 22 79 25 185 127 149 136 46 143 245 182 50 199 31 85 189 172 195 77 1 211 111 171 179 86 131 42 155 109 130 252 180 197 234 12 138 145 103 54 118 40 210 76 78 173 9 120 65 71 178 97 112 74 157 123 243 56 29 202 151 142 247 137 161 235 21 255 5 196 222 253 216 102 208 139 107 34 105 219 88 126 218 26 35 164 215 92 223 115 251 194 110 190 2 237 67 45 206 150 250 30 224 51 44 62 238 84 187 200 61 213 52 125 95 220 14 24 122 23 75 221 41 6 87 37 106 70 209 121 119 15 174 99 39 177 55 66 124 3 214 134 36 163 7 27 170 59 212 159 201 240 57 153 91 233 165 181 231 144 228 13 242 96 158 72 60 0 188 73 32 98 117 16 104 148 108 186 43 239 225 160 192 248 82 168 94 69 53 38 146 175 176 147 100 17 11 81 198 193 183 116 64 33 10 140 101 90 254 58 236 28 191 244 226 47 19 49 167 246 249 152 207 241 217 229 89 114
250 114 244 141 180 193 102 57 112 196 56 137 128 99 77 204 178 154 199 184 91 188 127 14 175 164 144 247 215 176 181 153 189 36 214 97 43 61 85 197 105 88 92 232 19 40 50 171 7 150 1 253 0 30 65 246 135 76 242 9 20 10 157 185 234 103 23 31 45 131 25 134 64 60 120 147 218 27 211 8 51 177 67 160 95 220 12 254 55 113 18 72 133 174 125 42 245 222 44 167 186 179 59 216 172 109 21 226 107 101 104 69 139 82 70 225 195 79 190 22 29 75 3 168 115 152 231 243 41 151 149 208 16 15 98 34 255 80 89 239 240 116 194 53 93 206 84 17 122 210 108 156 123 224 182 68 94 26 223 66 47 227 202 217 219 132 207 121 213 74 143 46 28 96 169 241 145 83 200 124 140 248 163 2 130 90 49 13 63 192 155 71 11 129 86 205 235 252 54 161 212 146 236 81 87 233 52 238 48 32 166 110 37 136 35 209 201 119 73 229 5 142 165 117 183 24 228 6 230 203 237 159 138 158 111 106 191 58 162 148 173 118 39 187 249 126 170 4 221 33 62 100 251 78 198 38
135 24 80 169 255 181 156 140 125 233 7 8 234 187 104 98 168 30 25 15 203 151 120 97 227 188 177 86 145 68 115 23 76 58 134 106 136 254 78 81 239 39 73 49 61 176 201 228 180 35 170 216 150 243 16 200 167 62 105 253 59 107 64 249 241 222 219 215 37 36 155 220 1 91 95 109 166 112 17 214 236 223 133 230 77 14 137 31 118 172 21 4 27 164 88 43 198 3 11 173 218 129 242 196 217 84 12 29 66 99 225 232 190 141 205 127 42 163 165 5 96 207 152 158 10 184 199 161 244 210 75 143 116 34 238 229 79 224 248 67 108 87 92 28 54 85 48 189 40 226 194 121 192 51 175 213 50 113 122 251 47 179 55 202 83 26 197 22 89 69 154 132 38 237 82 117 56 138 131 149 70 171 19 32 148 45 139 212 182 52 101 111 209 110 162 53 128 93 174 124 193 157 41 208 206 102 6 186 126 9 142 153 211 90 46 221 123 250 94 114 2 146 44 246 33 72 144 240 178 65 252 13 63 231 60 100 74 183 245 159 147 0 20 160 119 185 204 103 191 235 195 18 130 71 57 247
90 242 167 66 8 79 163 141 108 176 69 201 195 223 55 114 115 58 228 202 210 80 189 123 158 182 100 31 91 194 16 135 105 122 14 196 247 211 121 191 32 73 237 153 173 172 21 145 252 51 220 199 71 34 63 9 250 147 5 2 38 44 248 11 25 103 137 164 83 148 161 81 166 78 212 243 133 18 29 102 74 146 85 234 136 188 142 240 106 143 23 13 209 249 131 245 198 17 62 177 246 46 67 178 224 127 119 213 84 39 54 96 118 162 139 165 244 179 42 40 181 6 68 134 236 24 192 93 126 255 7 65 48 112 57 219 45 205 101 27 20 186 138 0 140 190 26 35 111 217 59 235 75 132 70 89 33 28 156 125 226 60 19 174 110 50 227 88 92 231 43 221 197 222 180 160 120 107 154 30 193 203 47 3 149 130 77 10 152 109 37 86 229 94 56 117 129 251 216 97 1 49 254 99 207 15 200 230 159 150 12 124 95 218 53 225 52 41 233 61 36 4 183 171 155 208 204 170 175 64 169 185 241 214 253 128 151 239 187 82 215 113 116 98 184 22 238 144 76 168 206 157 232 87 72 104
26 248 163 152 105 77 127 17 114 155 24 33 121 44 223 102 160 236 28 192 177 112 9 14 63 141 167 240 150 5 173 148 55 37 234 190 189 137 89 179 149 218 157 35 64 131 109 69 20 211 133 143 87 159 108 209 230 122 158 206 175 246 212 220 245 74 116 136 123 50 81 38 32 0 96 166 18 51 188 10 54 76 56 95 151 249 242 82 98 126 43 86 49 164 156 21 75 217 90 203 52 138 135 170 101 226 221 60 34 146 7 72 180 47 129 31 120 16 225 124 115 153 139 154 213 125 254 78 233 250 238 244 174 59 200 176 231 171 194 161 80 94 186 42 117 11 85 243 12 118 83 79 197 68 66 232 104 36 196 214 4 6 13 169 142 222 193 204 70 25 201 252 93 27 229 145 172 224 88 227 168 130 235 185 215 219 45 195 23 207 184 67 128 92 228 119 8 71 202 181 29 61 22 107 40 41 216 134 62 162 165 91 178 58 39 208 191 251 30 144 103 205 73 253 198 210 247 140 2 132 100 113 1 110 53 106 199 183 19 182 239 46 65 111 15 147 84 237 48 241 187 255 99 57 97 3
99 160 193 241 88 232 89 203 220 181 43 53 157 27 197 3 55 48 188 33 121 195 226 37 59 231 212 118 5 24 227 13 73 248 31 96 172 64 198 25 130 30 72 2 170 38 151 140 76 63 51 201 66 147 68 165 236 189 56 46 225 209 62 192 178 196 247 81 150 123 132 144 200 154 18 20 90 111 249 254 187 105 49 102 228 0 244 134 97 169 12 95 106 239 234 180 194 91 153 113 117 124 167 114 41 6 4 34 175 83 115 207 233 127 190 135 54 149 84 235 101 129 158 238 10 168 61 164 250 224 85 251 185 67 191 131 82 60 156 112 87 155 152 26 136 171 15 9 214 199 141 69 240 116 139 103 58 159 50 217 223 122 177 176 78 237 109 23 246 229 14 146 221 94 32 71 128 148 77 16 110 35 79 28 52 163 86 65 8 21 242 213 7 125 215 75 210 211 40 205 162 208 11 173 252 243 22 186 222 174 143 74 36 44 98 183 230 39 19 126 108 133 70 179 137 107 166 17 204 219 100 1 182 80 47 92 142 145 218 255 93 253 245 57 29 120 42 119 206 202 161 138 216 104 45 184
245 80 20 54 93 202 49 232 52 192 129 211 29 116 156 154 107 100 59 167 250 208 207 133 191 83 55 104 75 69 141 153 51 87 115 16 84 138 231 106 132 227 142 221 234 41 76 101 123 14 213 102 235 23 82 186 94 35 22 96 111 91 228 53 72 45 206 99 189 164 47 157 199 166 3 64 48 236 233 143 173 2 46 134 88 140 43 168 149 145 172 77 201 78 27 113 194 251 62 65 79 195 161 34 179 248 155 220 12 119 105 182 86 0 90 190 117 135 32 244 183 25 215 74 205 243 131 121 122 60 7 185 103 158 30 165 9 241 249 17 151 252 204 254 170 130 50 24 118 125 196 216 159 71 108 70 219 85 114 28 139 237 13 253 177 44 68 57 242 4 67 163 63 8 224 95 210 15 128 110 89 58 255 246 171 5 169 147 21 187 137 73 176 152 120 226 218 150 160 193 148 180 37 238 61 66 112 33 184 229 240 36 42 6 178 109 31 98 217 146 222 124 19 239 209 18 39 144 197 81 223 136 92 26 162 203 212 200 1 175 38 40 181 11 214 230 225 188 56 126 174 10 127 247 198 97
193 90 15 169 111 182 11 244 211 24 172 49 43 71 158 217 218 161 76 50 58 183 37 226 6 30 203 134 194 42 119 238 208 225 117 44 95 59 224 39 135 176 85 1 21 20 124 248 100 154 68 47 174 137 166 112 98 250 108 105 141 147 96 114 128 206 240 12 186 251 9 184 14 181 60 91 236 121 132 205 177 249 188 82 239 36 245 88 209 246 126 116 57 97 234 93 46 120 165 25 94 149 170 26 72 230 222 61 187 142 157 199 221 10 242 13 92 27 145 143 29 109 171 237 84 127 40 196 229 103 110 168 151 215 160 67 148 53 204 130 123 34 241 0 243 38 129 138 214 65 162 83 178 235 173 192 136 131 4 228 74 163 122 22 213 153 75 191 195 79 146 69 45 70 28 8 223 210 2 133 41 51 150 106 252 233 180 113 255 212 140 189 77 197 159 220 232 99 64 200 104 152 102 202 55 118 48 78 7 253 115 227 198 66 156 73 155 144 81 164 139 107 31 19 3 56 52 18 23 167 17 33 89 62 101 231 254 87 35 185 63 216 219 201 32 125 86 247 179 16 54 5 80 190 175 207
89 22 69 232 30 12 88 60 90 208 32 35 193 248 27 3 15 130 155 182 134 244 124 170 104 197 225 154 121 16 59 207 13 61 18 203 195 176 173 169 246 245 109 174 210 45 49 63 120 66 226 168 190 177 87 184 31 223 91 240 72 126 230 213 236 118 42 252 152 212 220 127 172 83 196 150 171 38 221 238 20 53 179 186 144 95 159 81 251 117 119 214 50 161 106 112 219 138 153 115 198 164 29 97 70 243 192 183 33 178 202 21 62 41 46 237 8 39 2 143 249 180 148 75 146 5 129 167 4 67 76 205 1 133 9 156 37 235 151 231 43 23 108 86 247 191 36 71 10 92 85 103 24 125 228 241 102 254 93 166 136 6 55 65 163 64 116 7 82 47 128 78 147 111 250 162 160 56 215 140 80 218 96 107 165 44 255 175 77 204 48 68 211 100 253 200 242 26 98 194 132 19 206 222 17 185 14 54 28 137 199 113 101 0 229 114 73 139 158 57 145 189 149 227 84 25 11 201 233 34 123 209 135 110 94 79 187 216 217 188 141 58 52 122 239 234 224 157 105 74 51 181 142 131 40 99
140 167 147 149 25 174 20 111 221 220 235 178 132 148 194 207 154 58 158 245 165 5 208 141 155 42 82 223 47 121 45 88 75 133 216 183 124 186 156 4 248 41 19 134 168 39 231 31 176 98 95 70 190 161 125 83 21 160 142 247 170 243 199 202 24 179 51 2 209 145 102 86 205 225 36 201 10 234 126 27 37 129 226 18 108 130 232 244 172 6 123 222 101 84 197 94 153 198 128 68 196 238 193 44 67 96 177 89 212 229 56 74 50 162 255 236 240 12 182 78 110 100 26 17 157 253 180 159 144 46 99 65 200 13 91 54 3 114 9 34 163 72 218 137 217 213 119 105 23 239 150 66 64 171 32 71 15 113 55 43 187 211 7 79 135 192 73 181 112 117 169 104 189 92 118 242 57 107 151 188 76 109 120 206 69 22 93 230 204 97 127 87 106 11 49 250 62 103 28 233 254 219 48 237 166 33 1 122 116 191 251 164 252 173 81 185 246 241 203 195 249 59 52 61 214 131 38 152 29 35 63 40 227 228 8 146 215 90 184 143 115 14 77 0 85 30 139 175 224 138 16 210 80 53 60 136
145 170 52 129 173 195 175 214 15 113 106 201 217 245 162 205 168 28 20 140 194 81 209 67 171 2 254 34 220 90 85 179 153 10 126 191 44 166 248 150 239 135 89 243 234 17 3 18 77 244 118 197 97 114 102 108 38 178 64 40 95 35 58 25 199 213 50 161 236 130 204 107 131 237 202 198 61 187 185 96 223 155 60 78 123 125 132 33 6 86 57 68 189 144 65 116 212 146 93 9 36 88 207 91 32 249 99 49 79 83 164 59 142 71 48 186 247 211 92 238 127 190 66 45 148 180 141 226 159 160 80 253 181 26 29 210 42 177 158 72 55 115 149 8 222 69 192 117 62 74 111 4 121 251 219 232 120 229 172 225 63 47 138 46 103 165 184 230 134 11 203 101 167 105 51 119 218 176 216 122 112 27 16 224 196 246 136 233 19 143 152 240 163 87 221 24 100 147 56 41 231 128 133 182 5 31 104 14 124 37 12 174 156 98 54 53 1 208 43 13 82 21 154 183 250 228 188 139 75 252 7 206 23 227 73 94 241 22 70 39 110 76 84 109 193 235 255 242 169 200 157 151 0 215 30 137
158 221 12 70 232 56 47 81 245 26 233 202 133 95 103 157 242 34 98 78 185 167 192 129 238 196 166 225 76 8 23 159 60 241 139 106 151 201 204 22 59 152 57 49 116 88 179 101 178 10 6 220 197 20 163 104 243 219 252 45 147 36 148 7 24 240 102 112 216 86 1 62 114 107 247 92 180 254 30 96 118 35 16 177 64 83 31 72 132 52 90 155 231 123 2 84 189 89 131 61 229 97 210 199 135 122 110 5 125 206 127 224 40 248 115 105 29 13 121 251 237 255 51 140 209 182 191 203 4 213 77 79 149 170 53 58 246 164 108 161 32 0 48 193 156 228 71 154 165 43 38 239 253 150 212 172 176 183 226 173 100 65 63 93 234 142 174 11 37 186 249 194 113 208 143 39 160 188 217 42 69 227 120 223 54 28 144 55 244 126 250 190 141 119 215 171 146 214 211 85 195 230 74 68 18 3 200 128 44 175 198 162 117 218 109 21 27 181 236 235 137 41 168 82 50 33 73 205 25 153 91 130 187 207 136 75 169 94 138 87 111 222 145 124 67 80 46 17 66 184 19 134 14 15 99 9
161 162 63 244 142 109 154 204 207 25 62 155 60 52 119 91 182 104 181 13 9 223 200 23 166 107 246 222 255 48 150 39 151 10 27 243 105 115 219 89 4 65 117 110 250 95 183 2 33 99 121 38 19 180 67 86 34 75 135 55 93 158 234 126 5 87 192 92 134 64 232 100 213 202 138 125 113 8 128 209 130 227 43 251 118 108 32 16 124 254 240 3 54 143 212 185 194 206 7 216 80 82 152 173 56 61 249 167 111 164 35 0 51 196 159 231 74 157 168 46 41 242 1 153 215 175 179 186 229 176 103 68 66 96 237 145 177 14 40 189 252 197 116 211 146 42 163 191 220 45 72 230 123 226 57 31 147 58 247 129 253 193 144 122 218 174 149 217 214 88 198 233 77 71 21 6 203 131 47 178 201 165 120 221 112 24 30 184 239 238 140 44 171 85 53 36 76 208 28 156 94 133 190 210 139 78 172 97 141 90 114 225 148 127 70 83 49 20 69 187 22 137 17 18 102 12 224 15 73 235 59 50 84 248 29 236 205 136 98 106 160 245 37 101 81 188 170 195 132 241 199 169 228 79 11 26
213 160 179 84 122 68 135 176 101 51 72 37 121 55 239 106 74 195 189 9 69 237 70 246 154 3 64 59 21 13 67 132 125 134 32 204 111 225 102 108 136 113 45 46 81 219 33 163 2 216 188 87 150 0 158 103 212 248 42 211 89 28 153 126 133 209 240 220 222 98 247 93 184 39 38 53 251 205 221 12 25 227 131 231 63 238 78 26 214 228 115 155 41 120 194 118 161 148 206 34 1 197 4 229 77 66 114 92 207 241 112 49 104 249 171 168 143 8 234 198 156 94 233 215 65 243 61 17 20 97 252 124 75 27 218 175 159 23 43 109 19 83 52 199 100 110 202 44 91 181 203 50 62 245 79 196 40 174 157 15 167 226 16 201 141 14 56 11 117 140 169 250 162 30 47 129 147 123 235 73 54 58 85 255 151 183 173 99 90 230 71 253 232 217 119 172 138 18 86 164 127 76 187 82 107 236 145 36 210 35 31 192 178 96 57 223 139 137 244 105 144 88 186 128 116 5 29 80 152 208 10 146 254 185 190 242 177 7 165 191 60 130 180 224 6 149 182 193 24 142 95 166 48 22 170 200
187 7 86 21 139 137 23 103 165 231 78 121 34 190 223 97 104 162 145 209 154 61 142 47 198 124 117 28 235 0 237 32 123 132 208 59 156 77 172 229 167 186 130 125 253 222 68 157 116 16 207 147 69 185 189 73 140 63 39 64 22 2 217 204 251 127 35 45 144 100 246 227 174 107 249 206 134 183 71 191 153 214 226 93 58 194 98 146 96 196 49 112 42 72 1 247 109 221 192 60 150 67 149 138 75 158 133 101 25 13 252 50 46 12 17 161 11 27 83 56 95 225 248 81 29 179 57 210 213 195 26 119 80 241 173 10 48 254 74 184 169 201 84 9 163 105 176 5 238 205 18 166 43 37 65 152 211 212 155 70 44 52 177 31 220 255 24 197 128 188 36 113 232 202 219 111 38 89 53 218 33 129 170 79 250 15 14 118 242 94 148 62 41 168 131 160 106 92 244 102 99 135 141 90 108 122 200 234 6 180 245 3 178 8 175 54 85 230 115 126 199 171 243 182 76 233 30 239 82 203 240 120 110 51 91 228 87 40 114 159 19 88 143 164 20 66 224 216 55 181 136 151 193 215 4 236
191 188 94 38 138 173 112 194 187 205 126 227 75 88 204 101 195 13 238 108 157 167 10 166 218 109 184 149 230 180 249 213 97 9 7 158 62 242 182 65 198 209 12 146 102 22 179 51 150 170 58 202 100 47 89 128 200 41 234 121 53 69 119 32 116 156 130 239 46 215 203 0 76 216 175 241 5 159 247 36 251 74 186 127 113 48 80 136 225 56 237 212 196 181 34 63 64 35 243 160 154 224 86 81 71 4 207 176 153 28 244 233 142 201 124 171 79 132 114 190 162 192 55 134 137 40 95 129 105 117 232 2 29 236 91 226 17 206 44 72 1 223 118 161 54 115 163 120 50 42 23 20 16 93 92 211 21 57 147 151 165 222 168 73 15 37 24 189 31 133 70 193 87 174 228 77 60 83 220 144 99 254 59 67 229 19 185 43 252 18 140 68 85 122 155 26 33 246 197 6 183 98 219 221 61 152 8 208 214 66 240 255 217 45 11 131 199 172 90 39 30 135 25 49 123 164 143 148 84 110 141 104 245 96 27 250 177 248 107 231 14 106 169 178 52 103 235 111 3 139 82 253 78 145 125 210
102 77 20 60 91 124 175 69 153 231 120 57 188 217 81 113 213 39 207 32 235 198 67 150 126 0 127 152 70 202 240 38 214 47 222 123 92 229 201 71 135 247 170 87 194 144 112 82 43 101 103 45 206 40 28 168 147 137 117 238 134 72 26 31 208 186 4 122 223 62 133 239 203 100 44 104 85 243 249 55 165 233 185 209 184 234 33 192 157 172 9 132 63 119 232 166 211 42 83 205 46 215 75 59 21 15 7 161 159 142 17 89 14 22 50 164 56 121 5 49 23 98 37 241 115 106 149 68 176 129 95 141 160 8 173 228 93 109 178 13 90 61 224 11 255 111 145 219 30 27 41 212 114 242 86 171 158 162 97 24 246 136 148 107 200 230 154 65 252 237 118 64 155 53 35 245 25 73 221 48 6 16 143 195 2 183 210 167 29 220 74 216 189 182 3 187 58 76 79 181 190 197 236 253 139 226 131 10 225 140 96 163 51 251 66 199 108 94 130 227 174 125 151 128 177 110 1 196 191 34 54 250 52 156 193 88 18 180 80 218 146 169 248 244 36 99 204 84 105 116 138 254 12 179 19 78
173 120 28 11 15 155 197 218 228 94 185 73 179 176 0 208 243 169 58 254 165 187 198 188 80 108 157 26 201 209 223 54 203 57 242 238 43 70 141 205 134 186 229 100 245 83 18 143 190 177 233 36 196 250 56 97 48 220 168 145 222 90 109 102 237 139 95 32 199 149 30 24 27 247 62 5 248 148 118 2 113 200 207 253 181 91 38 75 154 166 219 74 72 131 194 193 21 212 178 3 12 162 163 39 117 231 16 129 7 195 45 133 31 79 46 147 105 246 17 204 146 244 225 150 125 140 142 55 130 44 136 252 66 224 206 19 92 164 68 6 123 47 63 171 86 180 53 13 227 191 241 115 78 249 189 52 9 128 158 175 232 84 135 69 159 4 10 156 230 161 226 210 89 33 215 59 213 132 124 42 251 152 183 65 88 40 106 202 151 184 153 126 160 82 61 81 34 29 114 236 85 71 96 41 217 110 172 49 93 182 144 211 240 23 174 1 121 216 37 167 64 103 116 25 235 35 119 234 60 51 22 255 127 101 77 122 107 14 111 50 192 98 87 67 170 138 99 104 76 112 214 137 20 221 239 8
221 153 39 65 252 194 37 18 198 173 188 190 103 178 92 184 45 114 17 254 67 140 212 116 54 171 95 111 219 134 228 101 61 20 239 34 163 126 42 237 100 57 176 206 223 25 132 183 117 207 52 58 204 23 209 19 3 137 81 8 107 6 180 172 90 44 200 231 113 136 88 154 250 199 232 201 174 208 130 109 129 82 77 162 29 133 119 144 89 10 158 220 97 141 230 192 4 33 71 222 49 169 9 85 215 112 151 164 73 28 83 167 27 108 99 70 48 175 149 125 170 155 62 159 98 240 146 135 115 218 186 147 152 124 160 7 185 68 14 32 56 168 76 59 63 203 245 11 21 142 233 121 227 224 0 1 36 217 106 47 213 235 246 236 128 156 205 74 249 2 16 102 251 105 35 31 91 118 189 253 182 234 22 148 38 131 66 191 238 225 26 84 244 43 104 145 96 13 216 193 15 138 157 150 30 187 143 80 247 197 78 72 75 40 110 53 41 196 166 50 161 248 255 46 229 139 86 123 202 214 12 122 120 179 242 241 69 5 226 51 60 210 211 87 165 24 64 177 55 243 93 181 79 127 94 195
29 128 2 81 236 253 241 247 177 62 203 179 234 174 197 164 83 97 189 45 120 14 88 246 15 121 86 82 200 71 69 235 107 39 199 217 7 9 16 172 145 225 196 207 73 28 204 255 96 30 232 148 175 227 91 230 171 133 238 188 218 222 48 198 26 210 187 70 131 95 231 122 11 74 205 184 32 64 25 110 43 44 219 137 65 165 168 94 181 61 42 211 194 254 33 147 106 208 76 1 201 213 250 143 5 135 103 116 4 113 56 109 202 186 22 185 242 49 68 114 18 150 87 240 51 244 190 3 102 60 100 6 251 166 155 108 80 130 20 117 158 27 36 124 47 226 105 163 239 31 195 180 115 12 17 66 144 170 243 153 8 176 151 58 40 237 193 192 140 92 182 152 221 160 38 67 134 112 72 23 214 136 146 90 162 111 212 233 125 161 209 178 249 215 223 248 77 119 139 126 53 84 41 35 0 99 169 21 54 191 13 57 79 59 98 154 252 245 85 101 129 46 89 52 167 159 24 78 220 93 206 55 141 138 173 104 229 224 63 37 149 10 75 183 50 132 34 123 19 228 127 118 156 142 157 216
115 72 62 241 225 78 208 194 212 8 97 166 139 148 160 216 170 34 36 106 127 10 15 203 121 65 118 244 0 5 150 113 185 28 111 122 255 250 196 210 107 169 129 133 140 183 130 57 22 20 50 191 99 131 223 249 143 206 151 70 165 100 251 117 145 174 254 26 184 77 180 11 240 101 12 201 83 207 147 98 76 172 128 103 171 168 42 152 187 31 25 230 215 157 85 1 132 155 119 74 175 66 233 239 138 193 192 94 253 125 39 7 245 30 162 237 110 48 87 144 164 93 32 126 51 95 44 68 179 102 81 24 37 3 229 23 141 231 91 226 227 56 221 178 224 27 189 13 4 38 202 238 190 159 90 52 60 114 199 246 55 35 142 124 149 86 195 153 123 182 33 220 235 116 17 198 96 63 108 158 161 234 16 109 14 6 73 45 136 58 135 222 218 177 154 232 120 61 200 176 209 2 104 248 105 219 236 197 59 69 173 43 213 19 71 64 204 49 137 211 242 53 75 247 228 134 21 40 243 29 89 9 47 112 188 80 214 41 146 46 88 18 186 54 167 156 92 79 67 217 82 163 84 181 252 205
220 24 206 22 136 5 43 135 198 207 81 132 9 140 32 168 111 27 107 174 154 239 217 123 67 167 202 141 223 216 234 155 1 104 117 233 130 224 42 12 137 186 196 39 195 247 138 213 178 4 209 23 242 126 38 36 187 91 16 211 94 227 238 41 175 131 51 208 80 179 199 87 231 129 76 118 157 229 70 8 150 82 98 148 61 145 185 159 13 75 244 232 0 105 245 204 15 34 188 21 65 25 103 215 156 142 77 109 165 254 85 11 241 225 210 63 92 93 64 17 189 183 253 115 110 100 33 236 205 182 57 18 7 171 230 153 200 108 161 143 219 191 221 84 163 166 69 124 158 134 146 6 31 58 10 120 255 46 235 73 101 30 252 147 190 83 144 192 149 79 71 52 49 45 122 121 240 50 86 176 180 194 251 197 102 44 66 53 218 60 162 99 222 116 203 2 106 89 112 249 173 128 28 88 96 3 48 214 72 26 47 169 97 114 151 184 55 62 20 226 35 212 127 248 250 90 181 37 237 243 95 14 29 246 74 40 160 228 201 119 68 59 164 54 78 152 193 172 177 113 139 170 133 19 125 56
153 186 254 72 144 48 241 103 27 43 151 66 160 33 248 207 171 221 95 58 229 169 32 244 108 138 155 212 64 115 49 139 239 245 136 210 141 206 190 69 13 195 39 193 112 104 22 231 132 163 45 68 20 86 182 131 164 133 106 140 62 41 61 14 9 94 216 65 51 76 21 197 90 152 29 73 162 124 191 220 3 154 236 101 196 17 147 44 83 96 5 215 15 99 214 40 31 2 235 107 81 57 102 87 249 91 30 172 78 67 47 150 118 79 84 56 92 194 117 255 201 219 243 100 8 246 250 135 177 198 208 74 165 53 159 156 0 188 223 149 38 234 145 167 178 168 60 88 137 6 181 189 203 34 183 37 222 218 23 50 121 185 114 166 209 80 225 63 253 123 170 157 213 16 176 230 36 77 28 200 148 125 202 70 89 82 217 119 75 12 179 129 10 4 7 227 42 240 228 128 98 237 93 180 187 233 161 71 18 55 134 146 199 54 52 111 174 173 1 192 158 238 247 142 143 19 97 211 251 109 242 175 25 113 11 59 26 127 85 226 252 184 126 224 205 130 105 120 122 35 110 24 116 232 46 204
195 164 6 77 30 152 142 66 50 158 33 19 37 88 177 246 219 228 240 41 250 114 116 186 207 90 95 28 201 145 198 69 0 85 230 193 10 108 191 202 80 75 21 35 187 249 209 213 220 8 210 137 102 100 130 16 179 211 48 74 223 31 231 150 245 180 76 197 225 254 79 106 9 157 5 91 65 181 92 26 163 32 227 178 156 252 208 183 251 248 122 232 12 111 105 55 40 237 165 81 212 235 199 154 255 146 58 64 218 18 17 174 78 205 119 87 70 110 242 62 190 128 167 224 244 173 112 206 131 175 124 148 4 182 161 104 117 83 54 103 221 56 171 51 52 136 46 3 49 107 14 93 84 118 27 63 15 239 170 132 140 194 24 71 135 115 222 204 229 166 20 233 203 7 113 45 60 196 97 23 176 143 188 238 241 59 96 189 94 86 153 125 216 138 215 47 43 2 234 57 200 141 25 1 34 82 184 73 185 44 61 22 139 149 253 123 38 99 151 144 29 129 217 36 67 133 155 72 53 214 101 120 68 109 169 89 127 192 13 160 39 121 226 126 168 98 11 134 247 236 172 159 147 42 162 243
239 55 230 60 227 106 137 27 167 178 251 223 40 234 128 30 82 36 134 255 37 172 162 103 143 25 139 92 166 211 71 140 195 216 72 118 21 13 107 233 188 203 245 12 56 33 59 138 73 191 189 75 155 217 28 130 173 86 242 20 149 156 214 197 6 206 113 194 99 250 176 169 80 32 0 34 84 175 184 5 111 208 129 224 26 219 238 182 177 50 19 120 209 168 68 4 199 121 237 241 125 192 115 91 116 74 54 14 1 48 179 87 97 196 152 43 24 226 159 46 3 186 235 123 243 205 11 23 145 110 246 150 198 148 248 101 164 94 124 53 44 161 18 244 112 202 119 201 190 127 210 185 153 77 65 49 102 98 64 69 213 63 79 135 108 147 22 45 133 81 231 109 7 10 247 78 171 132 38 225 62 100 51 126 236 221 253 136 61 215 157 228 57 35 2 70 218 95 89 117 204 8 9 207 122 96 104 229 83 17 52 76 249 180 240 88 165 29 254 16 163 90 141 105 15 85 181 222 131 47 67 66 170 39 146 200 114 93 220 183 212 158 144 41 154 151 187 193 142 160 174 252 31 58 232 42
51 143 247 155 96 83 157 172 152 34 114 133 106 12 160 250 225 108 218 5 227 64 125 109 42 39 204 234 63 107 195 149 201 104 229 210 206 233 138 7 139 88 174 255 57 123 126 140 1 222 95 240 54 216 26 73 180 166 243 147 0 151 251 178 196 93 50 244 86 21 135 11 49 192 182 183 121 68 246 164 219 91 226 70 47 55 78 212 58 10 60 231 191 111 85 179 186 2 22 220 132 169 131 25 146 175 89 200 43 74 59 238 105 129 118 48 65 128 224 124 69 30 156 16 76 189 171 150 119 61 52 232 66 230 208 82 248 198 134 237 213 181 32 24 211 221 254 209 241 98 44 122 127 173 94 245 35 46 97 103 67 239 170 92 159 23 207 28 185 80 45 15 79 100 205 3 142 29 197 153 87 223 9 18 6 62 236 99 101 242 72 20 36 31 249 117 187 235 71 188 53 4 158 141 81 115 154 8 110 38 113 253 190 17 90 177 217 215 168 161 120 228 56 14 13 194 252 144 116 165 136 130 202 214 112 148 176 77 145 199 37 167 193 33 203 27 40 102 137 162 184 75 19 163 41 84
105 85 248 46 28 104 76 106 224 48 51 209 9 43 19 31 146 171 198 150 5 140 186 120 213 241 170 137 32 75 223 29 77 34 219 211 192 189 185 7 6 125 190 226 61 65 79 136 82 242 184 206 193 103 200 47 239 107 1 88 142 246 229 252 134 58 13 168 228 236 143 188 99 212 166 187 54 237 254 36 69 195 202 160 111 175 97 12 133 135 230 66 177 122 128 235 154 169 131 214 180 45 113 86 4 208 199 49 194 218 37 78 57 62 253 24 55 18 159 10 196 164 91 162 21 145 183 20 83 92 221 17 149 25 172 53 251 167 247 59 39 124 102 8 207 52 87 26 108 101 119 40 141 244 2 118 15 109 182 152 22 71 81 179 80 132 23 98 63 144 94 163 127 11 178 176 72 231 156 96 234 112 123 181 60 16 191 93 220 64 84 227 116 14 216 3 42 114 210 148 35 222 238 33 201 30 70 44 153 215 129 117 0 245 130 89 155 174 73 161 205 165 243 100 41 27 217 249 50 139 225 151 126 110 95 203 232 233 204 157 74 68 138 255 250 240 173 121 90 67 197 158 147 56 115 38
12 117 232 37 150 132 111 80 22 13 193 27 191 169 43 209 159 95 198 174 142 248 240 172 182 215 170 202 59 5 83 88 134 55 206 251 7 58 64 28 200 131 53 120 239 168 244 146 41 6 231 40 61 166 219 103 245 158 114 48 184 225 234 222 23 197 60 62 203 33 236 252 247 210 78 148 196 32 149 14 220 119 102 42 76 115 224 71 254 74 214 151 233 51 138 178 176 129 122 81 189 17 230 229 155 213 105 77 126 97 91 163 175 73 109 137 38 106 160 253 128 154 249 164 243 1 63 98 123 145 36 235 124 2 45 104 208 116 57 44 118 133 113 250 75 94 67 228 121 211 186 69 179 221 188 25 86 70 3 255 165 195 24 68 156 110 162 65 190 171 167 194 99 223 100 49 135 216 18 84 87 101 217 183 56 201 15 177 242 34 141 127 204 108 0 112 212 139 157 54 11 205 47 237 96 227 10 153 143 144 82 29 207 125 180 52 187 31 8 16 39 173 19 226 21 192 152 72 46 140 147 218 238 181 93 130 92 241 107 136 50 161 4 35 20 199 66 90 79 9 26 89 185 85 30 246
149 131 46 125 138 200 235 5 27 173 117 6 139 182 241 90 253 194 181 255 15 250 132 212 231 204 110 3 93 68 206 61 103 70 162 223 207 140 137 47 77 161 205 38 247 44 202 72 53 49 76 236 105 237 186 17 98 155 221 224 238 99 65 193 83 152 59 124 171 23 9 86 245 0 249 94 21 39 191 148 87 184 119 233 109 147 35 25 26 219 166 89 7 62 189 69 168 145 153 176 55 156 108 158 74 34 209 183 22 29 100 120 63 230 12 229 123 244 18 187 43 141 172 157 81 203 227 216 146 163 226 67 222 167 128 254 114 174 32 14 248 217 159 150 75 164 73 51 180 91 41 232 80 56 24 130 122 54 64 97 52 84 196 142 220 225 16 192 88 133 144 195 201 165 82 13 190 2 121 50 126 28 178 143 113 177 198 48 101 240 127 40 251 185 66 107 116 104 160 79 197 199 85 170 118 134 129 92 215 30 78 169 31 151 102 1 239 179 213 252 106 208 136 211 96 33 115 188 20 60 58 11 4 218 71 154 112 111 37 95 242 214 8 234 228 45 57 210 246 19 175 243 42 135 10 36
252 198 101 156 190 166 178 38 63 90 42 152 32 78 12 105 133 62 29 179 222 115 176 224 181 111 103 84 81 77 154 153 17 82 118 208 212 226 28 229 134 76 98 85 250 92 194 131 254 148 235 34 138 121 144 26 205 160 60 120 128 35 80 246 104 58 79 201 129 146 183 216 87 94 52 3 67 244 159 25 27 122 213 69 14 20 127 46 61 23 106 72 192 5 233 151 100 91 196 86 110 184 225 204 209 145 171 202 165 51 157 88 56 238 54 168 37 75 167 230 239 113 164 41 172 64 200 143 59 139 206 186 16 249 155 99 199 234 173 255 248 11 187 33 136 149 10 162 1 74 44 169 218 228 71 227 24 170 245 210 36 241 55 19 158 70 68 219 123 48 243 126 4 15 73 207 163 83 240 112 211 231 119 8 161 108 150 189 6 102 40 182 114 130 180 93 177 217 191 45 107 21 9 0 137 22 236 47 66 220 53 97 57 135 247 188 174 109 141 197 31 117 43 18 2 242 95 124 125 96 49 221 215 30 147 142 132 65 13 237 214 89 50 39 203 7 185 232 140 193 175 251 223 253 116 195
159 26 154 92 131 188 208 137 76 170 95 139 88 112 223 146 125 68 81 47 18 67 185 20 135 15 16 100 10 222 13 71 233 57 48 82 246 27 234 203 134 96 104 158 243 35 99 79 186 168 193 130 239 197 167 226 77 9 24 160 61 242 140 107 152 202 205 23 60 153 58 50 117 89 180 102 179 11 7 221 198 21 164 105 244 220 253 46 148 37 149 8 25 241 103 113 217 87 2 63 115 108 248 93 181 255 31 97 119 36 17 178 65 84 32 73 133 53 91 156 232 124 3 85 190 90 132 62 230 98 211 200 136 123 111 6 126 207 128 225 41 249 116 106 30 14 122 252 238 1 52 141 210 183 192 204 5 214 78 80 150 171 54 59 247 165 109 162 33 0 49 194 157 229 72 155 166 44 39 240 254 151 213 173 177 184 227 174 101 66 64 94 235 143 175 12 38 187 250 195 114 209 144 40 161 189 218 43 70 228 121 224 55 29 145 56 245 127 251 191 142 120 216 172 147 215 212 86 196 231 75 69 19 4 201 129 45 176 199 163 118 219 110 22 28 182 237 236 138 42 169 83 51 34 74 206
131 161 195 234 88 190 118 193 78 15 97 170 2 42 40 248 241 200 53 136 94 93 19 77 224 196 245 216 210 27 39 192 228 1 157 225 24 117 247 18 113 28 107 120 182 217 242 9 155 99 243 121 164 223 72 235 176 163 237 252 232 114 194 213 186 92 240 75 50 188 43 85 52 144 205 189 122 119 29 59 143 187 20 229 26 184 54 35 31 58 218 87 219 168 254 80 137 203 206 220 81 47 175 65 134 41 106 153 5 246 68 227 0 231 76 3 21 173 130 69 166 101 215 91 129 17 7 8 201 148 71 244 44 171 51 150 127 135 158 37 138 90 140 56 16 191 165 4 11 82 102 45 212 249 211 105 226 255 169 25 123 154 139 63 185 209 198 128 145 208 49 204 149 110 236 96 156 14 251 230 199 141 132 57 146 55 33 162 73 23 214 62 38 6 112 104 36 46 79 34 66 178 124 202 207 253 174 70 115 126 177 183 147 64 250 172 239 103 32 108 10 160 125 95 159 180 30 83 222 109 22 233 167 48 89 98 86 142 61 179 181 67 152 100 116 111 74 197 12 60 151 13 133 84 238 221
131 145 49 149 236 156 251 199 132 146 33 73 214 38 112 36 79 66 124 207 174 115 177 147 250 239 32 10 125 159 30 222 22 167 89 86 61 181 152 116 74 12 151 133 238 161 234 190 193 15 170 42 248 200 136 93 77 196 216 27 192 1 225 117 18 28 120 217 9 99 121 223 235 163 252 114 213 92 75 188 85 144 189 119 59 187 229 184 35 58 87 168 80 203 220 47 65 41 153 246 227 231 3 173 69 101 91 17 8 148 244 171 150 135 37 90 56 191 4 82 45 249 105 255 25 154 63 209 128 208 204 110 96 14 230 141 57 55 162 23 62 6 104 46 34 178 202 253 70 126 183 64 172 103 108 160 95 180 83 109 233 48 98 142 179 67 100 111 197 60 13 84 221 195 88 118 78 97 2 40 241 53 94 19 224 245 210 39 228 157 24 247 113 107 182 242 155 243 164 72 176 237 232 194 186 240 50 43 52 205 122 29 143 20 26 54 31 218 219 254 137 206 81 175 134 106 5 68 0 76 21 130 166 215 129 7 201 71 44 51 127 158 138 140 16 165 11 102 212 211 226 169 123 139 185 198
105 225 204 173 115 106 31 120 29 7 136 47 252 188 36 12 235 86 78 10 20 53 8 40 152 98 176 181 227 148 44 89 100 151 157 121 38 224 146 213 77 6 82 239 134 99 69 133 154 4 57 196 83 251 207 141 22 63 72 60 116 35 153 155 41 126 74 90 85 48 171 241 34 125 242 107 58 212 195 135 169 208 62 164 92 167 52 244 71 144 231 16 14 222 215 174 27 110 68 67 248 51 198 170 219 190 184 1 13 166 202 230 131 199 253 91 221 247 87 2 81 94 156 191 216 238 129 73 217 95 138 197 46 209 150 137 211 226 206 88 168 187 160 66 214 49 24 162 17 59 26 118 179 163 96 93 3 33 117 161 249 203 255 158 28 9 5 32 192 61 193 142 228 54 111 177 180 194 55 21 149 39 108 15 80 127 234 220 42 201 0 205 50 232 250 147 104 43 140 75 189 65 103 246 236 237 175 122 45 218 18 145 25 124 101 109 132 11 112 64 114 30 245 165 139 233 240 56 76 19 186 223 185 79 200 229 143 254 97 128 113 37 159 183 172 102 119 182 23 178 123 84 210 70 130 243
119 232 247 51 218 92 171 71 88 76 82 12 152 38 14 69 9 32 254 173 187 24 135 210 104 178 81 105 211 176 172 35 161 159 70 197 129 34 52 97 99 106 7 235 60 31 42 163 118 39 90 186 120 67 238 10 62 181 65 6 223 73 23 53 57 138 33 116 45 22 160 221 185 66 212 101 164 40 19 122 154 115 200 133 134 54 227 155 255 3 184 16 151 132 46 29 89 123 237 196 43 166 91 36 48 85 233 95 225 193 206 94 203 146 199 37 21 112 20 77 139 158 204 108 240 177 75 141 79 25 93 192 150 190 96 86 1 245 198 170 220 110 207 248 117 126 214 137 61 195 253 74 121 30 15 205 102 107 156 234 5 78 243 98 11 241 148 130 72 28 27 230 182 17 242 56 250 128 157 224 202 162 113 49 226 236 180 252 201 47 68 215 251 44 13 84 50 58 83 167 209 229 216 143 174 131 125 0 189 4 111 144 26 103 147 169 149 188 244 87 80 175 191 219 136 179 142 2 249 114 168 55 183 41 145 231 228 8 194 64 59 153 127 239 100 165 18 140 222 124 213 109 63 217 208 246
224 172 127 159 16 217 40 45 91 12 163 208 219 15 21 240 157 88 10 77 196 125 201 103 253 218 188 252 18 123 176 60 202 115 71 5 141 182 191 179 235 154 17 19 160 245 193 209 204 167 35 105 153 244 106 226 177 76 59 254 33 72 181 28 211 31 171 108 190 8 95 135 133 86 79 38 146 229 187 186 112 170 62 34 83 54 48 120 132 30 66 94 250 63 117 210 85 111 206 121 200 213 20 55 80 102 248 192 81 214 2 61 165 73 14 1 75 90 70 207 32 51 24 185 78 168 143 26 136 178 145 237 43 27 215 212 122 152 236 25 113 67 119 22 147 128 124 151 56 180 57 6 92 173 230 41 44 58 174 140 13 158 227 134 199 246 98 84 161 65 0 69 169 96 114 11 223 162 4 194 53 184 222 110 100 101 39 241 164 82 137 9 144 243 220 228 251 130 231 183 233 149 109 29 3 97 104 175 195 138 50 87 49 198 64 93 7 118 216 247 232 156 23 47 36 221 238 46 142 42 242 203 74 189 249 107 89 68 37 234 225 150 239 148 126 255 166 116 52 155 131 99 205 197 129 139
172 8 208 127 222 157 53 174 202 231 56 83 241 134 237 68 42 158 69 3 140 9 204 155 133 229 185 160 228 225 99 209 244 88 82 32 17 214 142 58 189 212 176 131 232 123 35 41 195 250 249 151 55 182 96 64 47 87 219 39 167 105 144 201 221 150 89 183 108 152 101 125 236 159 138 81 94 60 31 80 198 33 148 28 29 113 23 235 26 84 246 70 61 95 4 40 247 216 147 109 117 171 1 48 112 92 199 181 206 143 252 210 180 239 90 22 37 173 74 255 153 120 165 215 218 36 73 166 71 63 130 102 193 115 192 24 20 234 211 34 177 118 2 233 11 59 161 50 162 21 38 254 116 126 230 100 15 76 128 121 6 106 194 13 44 110 132 49 30 191 78 97 45 86 146 66 104 169 245 137 16 98 203 103 145 75 243 111 224 213 149 136 124 19 139 220 141 238 54 7 129 119 43 27 135 10 251 14 65 154 223 196 205 217 18 227 91 93 163 184 67 72 5 178 122 175 46 0 62 207 170 242 85 168 179 57 52 253 12 164 226 186 190 197 240 187 114 79 77 107 248 156 188 25 51 200
87 37 255 141 247 178 146 73 144 3 127 165 2 65 74 203 254 131 7 154 35 233 149 229 41 21 106 84 245 189 34 69 8 90 83 101 22 123 226 239 100 252 91 164 134 4 53 63 161 62 114 5 80 45 126 76 145 109 248 160 158 54 213 138 78 216 94 105 163 42 253 173 75 202 46 66 209 98 251 198 240 24 96 192 130 17 204 220 15 183 12 52 26 135 197 111 99 0 227 112 71 137 156 55 143 187 147 225 82 23 9 199 231 32 121 207 133 108 92 77 185 214 215 186 139 56 50 120 237 232 222 155 103 72 49 179 140 129 38 97 20 67 230 28 10 86 58 88 206 30 33 191 246 25 1 13 128 153 180 132 242 122 168 102 195 223 152 119 14 57 205 11 59 16 201 193 174 171 167 244 243 107 172 208 43 47 61 118 64 224 166 188 175 85 182 29 221 89 238 70 124 228 211 234 116 40 250 150 210 218 125 170 81 194 148 169 36 219 236 18 51 177 184 142 93 157 79 249 115 117 212 48 159 104 110 217 136 151 113 196 162 27 95 68 241 190 181 31 176 200 19 60 39 44 235 6
2 42 177 21 253 6 29 163 9 216 11 182 142 62 36 130 137 208 228 171 83 120 82 231 97 126 40 151 249 25 10 189 56 80 69 254 16 79 175 75 20 236 107 222 27 140 122 101 70 12 3 183 17 181 159 33 199 149 85 188 164 132 238 230 162 172 205 160 192 49 250 73 78 124 45 196 241 252 48 54 18 190 121 43 110 229 158 234 136 31 251 221 30 51 156 209 93 235 148 104 38 174 215 224 212 13 187 50 52 193 23 226 242 237 200 68 138 186 22 139 4 210 109 92 32 66 105 214 61 244 64 204 141 223 41 128 168 166 119 112 71 179 7 220 219 145 203 95 67 116 87 81 153 165 63 99 127 28 96 150 243 118 144 239 154 233 246 53 88 113 135 26 225 114 247 35 94 198 106 47 34 108 123 103 240 65 84 57 218 111 201 176 59 169 211 178 15 76 60 248 245 155 185 14 58 146 100 152 55 180 161 157 184 89 213 90 39 125 206 8 74 77 91 207 173 46 191 5 167 232 24 131 117 194 98 0 102 202 129 147 44 1 195 37 227 86 217 255 143 133 134 72 19 197 115 170
76 215 228 89 241 80 153 123 248 42 52 150 51 103 249 69 34 115 65 134 98 237 149 147 43 202 127 67 205 83 94 152 31 242 162 64 191 35 55 198 87 240 187 229 13 85 181 119 6 193 209 4 172 1 41 15 124 186 100 88 0 216 101 60 126 145 44 132 176 136 214 71 12 253 188 220 21 110 196 122 97 81 66 174 203 204 175 128 45 39 109 226 221 211 144 92 61 38 168 129 118 27 86 9 56 219 17 254 75 47 77 195 19 22 180 235 14 245 2 117 142 169 121 231 111 157 91 184 212 141 108 3 46 194 255 48 5 190 182 163 160 156 233 232 96 161 197 32 36 50 107 53 213 155 177 164 74 171 18 210 78 227 59 113 217 200 223 105 29 239 139 199 207 114 159 70 183 137 158 25 208 225 7 40 166 173 131 82 146 68 238 104 106 201 37 148 93 99 206 125 140 102 185 151 16 84 57 230 179 170 20 165 189 8 49 28 33 224 250 26 244 130 236 167 135 62 133 247 116 154 246 54 63 192 243 120 251 143 24 222 138 218 30 10 95 73 234 178 23 58 252 79 72 90 11 112
65 105 240 84 61 69 92 226 72 24 74 245 205 125 99 193 200 16 36 234 146 183 145 39 160 189 103 214 57 88 73 252 119 143 132 62 79 142 238 138 83 44 170 30 90 203 185 164 133 75 66 246 80 244 222 96 7 212 148 251 227 195 46 38 225 235 13 223 255 112 58 136 141 187 108 4 49 60 111 117 81 253 184 106 173 37 221 42 199 94 59 29 93 114 219 17 156 43 211 167 101 237 23 32 20 76 250 113 115 1 86 34 50 45 8 131 201 249 85 202 67 18 172 155 95 129 168 22 124 52 127 12 204 31 104 191 231 229 182 175 134 242 70 28 27 208 11 158 130 179 150 144 216 228 126 162 190 91 159 213 51 181 207 47 217 41 54 116 151 176 198 89 33 177 55 98 157 6 169 110 97 171 186 166 48 128 147 120 26 174 9 239 122 232 19 241 78 139 123 56 53 218 248 77 121 209 163 215 118 243 224 220 247 152 21 153 102 188 14 71 137 140 154 15 236 109 254 68 230 40 87 194 180 2 161 0 165 10 192 210 107 64 3 100 35 149 25 63 206 196 197 135 82 5 178 233
110 198 108 205 52 244 112 6 93 147 251 234 2 139 63 18 173 233 241 148 193 104 217 171 192 59 242 4 41 74 200 207 165 116 180 102 17 138 140 235 71 182 127 133 240 159 174 136 219 185 50 118 91 9 213 204 54 199 223 42 83 62 67 3 29 60 23 164 15 201 169 96 167 26 150 188 25 88 97 226 22 154 30 177 58 1 172 252 64 44 129 107 13 212 57 92 31 113 106 124 45 146 249 7 123 20 114 187 157 27 76 86 184 85 137 28 103 68 149 99 168 132 16 183 181 77 236 161 101 239 117 128 186 65 21 196 98 225 69 89 232 121 19 221 8 47 119 215 153 40 227 243 38 206 35 75 49 158 220 134 122 0 250 135 94 160 179 78 166 210 170 248 105 46 32 222 254 55 144 230 156 131 115 100 208 237 238 209 162 79 73 143 5 255 245 178 126 95 72 202 163 152 61 120 43 90 253 51 33 109 81 111 229 53 56 214 14 48 24 36 151 176 203 155 10 145 191 125 218 246 175 142 37 80 228 34 82 39 224 216 197 194 190 12 11 130 195 231 66 70 84 141 87 247 189 211
17 141 55 166 9 40 25 204 71 95 84 14 31 94 190 90 35 251 122 237 42 155 137 116 85 27 18 198 32 196 174 48 214 164 100 203 179 147 253 245 177 187 220 175 207 64 10 88 93 139 60 211 1 12 63 69 33 205 136 58 125 244 173 249 151 46 11 236 45 66 171 224 108 250 163 119 53 189 230 239 227 28 202 65 67 208 38 241 2 252 215 83 153 201 37 154 19 225 124 107 47 81 120 229 76 4 79 219 156 238 56 143 183 181 134 127 86 194 22 235 234 160 218 110 82 131 102 96 168 180 78 114 142 43 111 165 3 133 159 254 169 248 6 68 103 128 150 41 240 129 7 50 109 213 121 62 49 123 138 118 255 80 99 72 233 126 216 191 74 184 226 193 30 91 75 8 5 170 200 29 73 161 115 167 70 195 176 172 199 104 228 105 54 140 221 23 89 92 106 222 188 61 206 20 182 247 39 146 132 209 113 0 117 217 144 162 59 16 210 52 242 101 232 15 158 148 149 87 34 212 130 185 57 192 36 13 21 44 178 24 231 26 197 157 77 51 145 152 223 243 186 98 135 97 246 112
159 120 215 231 4 176 219 182 42 34 154 208 95 223 81 185 16 13 48 234 104 99 193 167 24 140 205 58 180 7 164 253 149 103 2 248 31 17 32 91 3 132 211 111 128 116 122 52 192 78 54 109 49 72 39 213 227 64 175 250 144 218 121 145 251 216 212 75 201 199 110 237 169 74 92 137 139 146 47 20 100 71 82 203 158 79 130 226 160 107 23 50 102 221 105 46 8 113 63 93 97 178 73 156 85 62 200 6 225 106 252 141 204 80 59 162 194 155 240 173 174 94 12 195 40 43 224 56 191 172 86 69 129 163 22 236 83 206 131 76 88 125 18 135 10 233 246 134 243 186 239 77 61 152 60 117 179 198 244 148 25 217 115 181 119 65 133 232 190 230 136 126 41 30 238 210 5 150 247 33 157 166 254 177 101 235 38 114 161 70 55 245 142 147 196 19 45 118 28 138 51 26 188 170 112 68 67 15 222 57 27 96 35 168 197 9 242 202 153 89 11 21 220 37 241 87 108 255 36 84 53 124 90 98 123 207 249 14 1 183 214 171 165 0 229 44 151 184 66 143 187 209 189 228 29 127
211 81 197 108 42 179 48 243 194 172 13 224 199 12 9 138 248 28 127 121 71 56 253 181 97 228 251 215 170 16 162 74 80 234 34 33 190 94 221 135 103 86 126 3 78 206 144 183 240 5 189 128 222 147 191 140 164 20 198 177 120 133 99 70 119 237 72 187 67 68 152 62 19 65 123 30 109 100 134 43 79 31 255 186 148 156 210 40 87 151 131 238 220 245 182 36 249 219 23 129 61 76 212 113 39 192 159 204 254 2 75 112 205 110 102 169 141 232 154 231 63 59 18 250 73 216 157 41 17 50 98 200 89 201 60 77 38 155 165 14 139 54 115 167 160 45 145 233 52 83 149 171 88 69 230 117 136 84 125 185 105 143 208 29 176 55 137 242 142 184 114 27 150 8 252 188 175 163 58 178 4 180 22 93 46 168 158 82 66 174 49 35 53 104 193 7 235 244 1 57 11 130 132 202 223 106 111 44 217 161 214 85 0 101 246 209 26 124 207 218 96 91 37 51 203 10 225 229 236 24 226 153 118 116 146 32 195 227 64 90 239 47 247 166 6 196 92 213 241 15 95 122 25 173 21 107
232 83 40 86 144 51 130 121 155 64 100 52 21 207 169 177 231 61 108 172 152 4 241 11 203 57 15 240 44 150 82 97 233 134 60 213 180 225 20 23 96 133 226 131 123 190 162 253 175 252 84 80 39 16 94 237 178 62 38 71 119 221 110 222 81 98 59 176 186 35 160 75 136 188 181 66 166 254 73 104 170 192 109 90 251 138 157 105 146 206 126 164 229 50 197 76 158 8 163 205 135 48 171 29 18 209 196 184 79 199 25 201 43 114 67 189 179 103 87 195 70 56 74 125 214 28 1 10 22 78 32 151 153 223 244 127 132 65 238 182 235 106 0 122 12 230 47 145 228 239 117 112 58 72 224 31 246 250 2 45 247 174 139 137 167 53 216 248 85 111 5 68 13 187 27 217 113 234 7 36 116 143 46 194 42 128 102 218 129 63 200 69 9 215 193 34 245 220 33 30 159 14 49 148 142 92 77 19 202 118 249 17 236 191 37 183 95 101 255 55 54 211 115 242 156 124 107 147 24 99 227 165 204 6 26 210 149 243 168 212 161 185 41 219 198 141 154 120 91 140 3 93 208 88 89 173
139 187 249 163 151 0 24 164 123 189 208 107 195 239 199 22 134 75 61 251 28 84 173 4 185 160 144 129 237 11 12 238 191 108 102 172 34 29 19 207 155 124 101 231 192 181 90 149 72 119 27 80 62 138 110 140 3 82 85 243 43 77 53 65 180 205 232 184 39 174 220 154 247 20 204 171 66 109 2 63 111 68 253 245 226 223 219 41 40 159 224 5 95 99 113 170 116 21 218 240 227 137 234 81 18 141 35 122 176 25 8 31 168 92 47 202 7 15 177 222 133 246 200 221 88 16 33 70 103 229 236 194 145 209 131 46 167 169 9 100 211 156 162 14 188 203 165 248 214 79 147 120 38 242 233 83 228 252 71 112 91 96 32 58 89 52 193 44 230 198 125 196 55 179 217 54 117 126 255 51 183 59 206 87 30 201 26 93 73 158 136 42 241 86 121 60 142 135 153 74 175 23 36 152 49 143 216 186 56 105 115 213 114 166 57 132 97 178 128 197 161 45 212 210 106 10 190 130 13 146 157 215 94 50 225 127 254 98 118 6 150 48 250 37 76 148 244 182 69 1 17 67 235 64 104 78
15 80 133 129 95 100 244 94 110 166 139 178 53 76 164 112 7 140 38 41 23 109 202 163 69 1 93 131 82 157 12 252 29 167 92 246 188 4 88 66 33 101 249 126 120 148 235 39 40 238 153 127 135 5 114 48 83 107 25 211 16 119 196 60 30 47 194 121 172 136 46 116 212 253 162 78 98 97 201 70 177 231 145 124 251 214 243 189 175 72 185 182 218 224 173 191 205 28 62 89 8 73 86 6 91 3 137 168 58 198 209 27 254 71 10 159 61 113 67 165 31 68 203 193 134 174 56 170 123 197 242 102 171 226 247 103 149 52 44 138 9 219 234 21 43 87 64 90 169 104 222 220 106 186 248 59 161 204 117 18 51 180 187 245 228 37 237 144 225 130 26 207 200 111 63 0 65 115 206 215 36 142 239 160 255 57 250 14 213 208 81 50 151 240 199 99 35 230 152 13 17 156 223 146 122 147 105 85 45 32 79 210 118 128 227 183 74 55 2 190 77 34 217 11 154 19 236 42 54 176 141 22 181 229 179 24 132 195 125 155 84 75 192 49 20 143 233 150 232 221 158 241 216 184 108 96
70 40 30 211 202 87 183 110 89 74 231 29 250 130 198 21 239 188 44 194 219 93 2 148 67 147 143 49 35 208 169 80 251 249 101 217 1 200 43 240 228 117 141 192 9 65 122 3 111 42 47 99 34 119 22 48 172 242 37 81 118 6 39 50 136 254 207 23 160 134 27 57 17 36 196 234 180 247 33 213 163 184 149 233 167 96 218 186 52 46 121 181 94 182 103 11 115 176 171 133 125 179 244 237 246 144 61 223 82 214 220 248 225 157 158 193 76 145 20 114 73 45 199 7 0 15 215 69 105 154 68 201 140 10 238 245 66 97 77 79 210 104 205 41 151 150 165 108 62 78 124 137 84 243 88 175 95 190 138 71 85 227 12 153 232 51 230 18 5 63 146 113 54 116 86 189 178 226 204 64 98 224 161 216 106 28 25 255 120 91 55 13 206 90 72 177 100 173 129 132 209 109 236 187 139 75 32 16 135 155 221 131 195 164 56 212 222 59 156 203 38 60 162 174 102 191 53 152 31 14 127 24 83 128 58 253 126 168 123 229 252 26 107 19 142 159 241 4 235 92 185 166 170 197 112 8
227 175 34 181 246 130 174 148 223 162 111 240 231 19 193 46 254 220 11 30 133 43 98 218 234 48 138 215 186 94 136 125 236 15 89 155 152 166 82 239 112 211 41 28 32 222 149 116 6 18 232 70 100 24 190 122 107 243 189 25 178 160 115 150 198 91 173 131 141 13 65 127 53 80 37 154 90 199 86 59 52 128 57 183 201 204 51 60 67 106 123 9 96 1 135 95 10 221 33 176 121 191 69 233 219 255 97 44 250 21 253 47 235 126 66 61 159 179 120 177 26 63 213 143 50 205 88 16 39 118 114 161 224 74 209 230 241 8 124 137 49 144 203 202 145 185 216 249 45 194 23 101 245 182 58 87 206 238 83 164 77 157 105 68 192 20 251 0 252 22 195 72 110 163 84 172 92 248 217 99 71 196 5 117 40 212 64 14 237 207 168 226 228 170 76 165 153 38 17 7 242 108 4 197 151 156 78 56 129 247 93 187 3 109 73 225 169 229 210 113 119 180 35 103 55 79 54 104 158 62 27 42 134 2 188 244 102 36 81 167 208 75 171 85 200 184 146 140 132 31 29 12 142 214 139 147
128 87 137 53 13 188 162 1 8 79 99 42 209 246 208 102 223 252 166 22 120 151 136 60 182 206 195 125 142 205 46 201 146 107 233 93 153 11 248 227 196 138 129 54 143 52 30 159 70 20 211 59 35 3 109 101 33 43 76 31 63 175 121 199 204 250 171 67 112 123 174 180 144 61 247 169 236 100 29 105 7 157 122 92 156 177 27 80 219 106 19 230 164 45 86 95 83 139 58 176 178 64 149 97 113 108 71 194 9 57 148 10 130 81 235 218 158 192 231 85 187 115 190 75 12 94 167 254 39 37 245 238 197 50 133 91 90 16 74 221 193 242 213 207 24 36 189 225 253 154 222 21 114 244 15 110 25 104 117 179 214 239 6 152 96 240 118 161 220 69 232 173 160 234 249 229 111 191 210 183 89 237 72 47 185 40 82 49 141 202 186 119 116 26 56 140 184 17 226 23 181 51 32 28 55 215 84 216 165 251 77 134 200 203 217 78 44 172 62 131 38 103 150 2 243 65 224 0 228 73 255 18 170 127 66 163 98 212 88 126 14 4 5 198 145 68 241 41 168 48 147 124 132 155 34 135
249 225 106 100 103 68 138 81 69 224 194 78 189 21 28 74 2 167 114 151 230 242 40 150 148 207 15 14 97 33 254 79 88 238 239 115 193 52 92 205 83 16 121 209 107 155 122 223 181 67 93 25 222 65 46 226 201 216 218 131 206 120 212 73 142 45 27 95 168 240 144 82 199 123 139 247 162 1 129 89 48 12 62 191 154 70 10 128 85 204 234 251 53 160 211 145 235 80 86 232 51 237 47 31 165 109 36 135 34 208 200 118 72 228 4 141 164 116 182 23 227 5 229 202 236 158 137 157 110 105 190 57 161 147 172 117 38 186 248 125 169 3 220 32 61 99 250 77 197 37 113 243 140 179 192 101 56 111 195 55 136 127 98 76 203 177 153 198 183 90 187 126 13 174 163 143 246 214 175 180 152 188 35 213 96 42 60 84 196 104 87 91 231 18 39 49 170 6 149 255 252 0 29 64 245 134 75 241 8 19 9 156 184 233 102 22 30 44 130 24 133 63 59 119 146 217 26 210 7 50 176 66 159 94 219 11 253 54 112 17 71 132 173 124 41 244 221 43 166 185 178 58 215 171 108 20
142 116 221 237 38 11 50 180 203 36 239 134 12 165 168 150 236 74 35 196 128 220 3 209 29 139 124 156 39 219 118 60 131 215 193 160 228 121 253 247 20 107 166 167 110 25 254 7 132 241 175 210 234 152 83 143 246 68 187 157 174 66 248 44 8 173 243 84 125 34 205 225 224 73 197 49 103 17 251 123 86 115 61 47 199 57 54 90 96 45 63 77 155 189 216 135 200 213 133 218 130 9 40 185 70 81 154 126 198 137 31 188 240 194 37 158 195 75 65 6 46 183 42 250 69 114 229 43 98 119 230 21 179 171 10 136 91 106 148 170 214 191 217 41 231 94 92 233 58 120 186 33 76 244 145 178 52 59 117 100 164 109 16 97 2 153 79 72 238 190 0 192 242 78 87 163 14 111 32 127 184 122 141 85 80 208 177 23 112 71 226 162 102 24 140 144 28 95 18 249 19 232 212 172 159 206 82 245 255 99 55 201 182 129 62 204 161 89 138 26 146 108 169 181 48 13 149 53 101 51 151 4 67 252 27 211 202 64 176 147 15 105 22 104 93 30 113 88 56 235 223 207 5 1 222 227
75 218 189 238 101 191 51 186 187 16 181 138 184 242 149 228 219 253 162 198 150 119 50 12 20 74 159 206 15 250 102 84 109 46 155 113 83 142 248 180 195 76 232 158 56 23 68 118 121 194 231 69 229 221 33 5 96 18 95 182 178 137 114 192 80 21 160 136 169 217 64 208 65 179 196 157 19 29 133 3 173 234 31 24 164 9 97 171 202 13 35 207 188 94 236 255 203 244 49 224 7 72 148 40 174 1 106 6 48 233 146 14 127 116 52 39 27 177 42 123 44 141 212 165 32 22 201 185 38 168 154 172 223 57 126 99 108 120 176 130 249 251 66 87 225 230 163 81 25 78 204 0 220 110 73 145 243 71 82 215 210 156 170 67 129 89 93 100 143 90 17 237 235 10 151 59 91 183 209 103 166 111 30 125 60 211 77 105 134 214 241 144 37 140 226 200 61 227 161 43 167 107 58 36 132 88 63 131 128 2 112 147 246 240 190 175 117 45 216 92 115 79 34 135 26 193 199 98 153 152 54 213 85 254 222 205 245 122 197 70 8 47 104 124 53 247 86 11 55 4 28 139 62 41 239 252
74 190 185 15 137 241 227 252 197 118 11 73 205 249 83 45 112 141 179 75 157 22 117 193 68 220 4 17 181 136 191 20 135 216 207 178 156 28 2 233 23 8 170 12 206 93 254 243 223 71 39 255 5 232 13 115 38 176 122 140 164 21 184 167 171 56 98 119 129 250 86 229 80 77 0 109 144 70 214 155 66 88 99 89 236 9 58 182 102 110 124 210 104 213 143 139 199 226 42 106 35 87 130 1 146 239 174 44 91 78 134 192 97 151 212 253 204 121 69 46 123 246 10 3 138 40 251 188 100 50 186 180 183 148 218 161 149 49 19 158 14 101 108 154 82 247 194 231 55 67 120 230 228 32 95 94 177 113 79 159 168 63 64 195 18 132 172 30 163 96 201 34 187 235 202 48 6 147 173 105 47 145 126 51 26 41 43 211 31 200 37 153 222 125 107 175 248 65 224 162 24 203 219 72 242 81 209 169 128 92 142 16 234 150 90 208 165 29 59 76 133 240 36 225 60 160 166 57 131 62 127 111 245 189 116 215 114 33 25 198 152 53 84 221 244 196 7 103 52 85 54 27 61 238 217 237
20 131 44 132 53 216 65 126 121 83 75 129 194 187 196 94 11 173 32 164 170 198 175 107 108 143 26 95 225 64 23 250 149 212 0 220 165 19 55 104 18 151 90 215 188 195 16 47 27 29 160 54 155 246 101 100 115 58 12 28 74 87 34 193 38 125 45 140 88 21 35 177 217 103 182 1 180 223 210 13 96 63 4 66 36 139 128 176 154 14 48 174 111 166 56 233 230 205 70 41 5 218 156 40 22 127 50 123 79 82 159 59 186 137 89 25 237 221 85 105 171 81 145 114 6 162 172 9 106 153 243 10 112 124 52 141 3 102 236 219 77 229 33 78 8 203 76 118 73 179 202 231 57 224 92 109 191 209 185 42 135 116 120 147 62 213 245 235 161 152 37 133 60 39 24 181 234 200 80 148 226 189 138 249 144 169 43 207 98 17 97 93 254 240 158 119 30 201 199 51 167 206 150 248 190 178 67 91 142 214 15 72 208 61 247 252 49 239 69 227 253 122 192 242 31 68 211 244 255 86 204 157 228 110 84 232 7 222 241 146 184 130 197 238 163 113 134 99 183 117 46 168 136 2 251 71
218 104 110 171 26 94 46 70 45 95 149 53 18 33 125 248 179 235 93 27 72 158 199 66 162 76 191 175 137 131 123 22 20 3 133 205 130 138 166 25 172 237 121 165 139 214 153 102 231 222 10 184 37 245 211 2 21 124 34 89 209 225 39 129 206 177 85 127 116 227 6 80 146 143 157 73 230 103 202 32 19 23 213 140 107 252 9 223 61 91 15 181 113 98 234 180 16 169 151 106 141 189 82 164 122 132 4 56 118 44 71 28 145 81 190 77 50 43 119 48 174 192 195 42 51 58 97 114 255 87 247 126 86 1 212 24 167 112 182 60 224 210 246 88 35 241 12 244 38 226 117 57 52 150 170 111 168 17 54 204 134 41 196 79 7 30 109 105 152 215 65 200 221 232 254 115 128 40 135 194 193 136 176 207 240 36 185 14 92 236 173 49 78 197 229 74 155 68 148 96 59 183 11 242 0 243 13 186 63 101 154 75 163 83 239 208 90 62 187 251 108 31 203 55 5 228 198 159 217 219 161 67 156 144 29 8 253 233 99 250 188 142 147 69 47 120 238 84 178 249 100 64 216 160 220 201
46 72 140 194 32 162 188 28 198 22 35 97 132 157 179 70 14 158 36 79 138 242 150 91 78 152 167 147 29 109 128 101 7 155 245 220 103 213 255 222 59 120 104 37 34 199 229 58 102 190 144 196 99 224 205 201 228 133 2 134 83 169 250 52 118 121 135 251 217 90 235 49 211 21 68 175 161 238 142 0 146 246 173 191 88 45 239 81 16 130 6 44 187 177 178 116 63 241 159 214 86 221 65 42 50 73 207 53 5 55 226 186 106 80 174 181 252 17 215 127 164 126 20 141 170 84 195 38 69 54 233 100 124 113 43 60 123 219 119 64 25 151 11 71 184 166 145 114 56 47 227 61 225 203 77 243 193 129 232 208 176 27 19 206 216 249 204 236 93 39 117 122 168 89 240 30 41 92 98 62 234 165 87 154 18 202 23 180 75 40 10 74 95 200 253 137 24 192 148 82 218 4 13 1 57 231 94 96 237 67 15 31 26 244 112 182 230 66 183 48 254 153 136 76 110 149 3 105 33 108 248 185 12 85 172 212 210 163 156 115 223 51 9 8 189 247 139 111 160 131 125 197 209 107 143 171
2 48 18 121 110 158 136 251 30 156 93 148 38 215 212 187 52 23 242 200 138 22 4 109 32 105 61 64 141 41 168 119 71 7 219 203 67 87 153 63 127 96 243 144 154 246 88 135 225 247 94 106 34 123 240 84 218 201 59 211 15 60 245 185 58 100 55 161 184 213 39 206 74 91 173 191 167 24 117 98 102 129 44 195 227 217 143 134 19 115 42 21 6 163 216 182 62 130 208 171 120 231 126 151 25 189 80 254 79 75 236 222 140 101 12 183 181 33 149 188 132 230 172 160 49 73 124 196 252 54 190 43 229 234 31 221 51 209 235 104 174 224 13 50 193 226 237 68 186 139 210 92 66 214 244 204 223 128 166 112 179 220 145 95 116 81 165 99 28 150 118 239 233 53 113 26 114 35 198 47 108 103 65 57 111 176 169 178 76 248 155 14 146 152 180 157 89 90 125 8 77 207 46 5 232 131 194 0 202 147 1 37 86 255 133 72 197 170 177 253 29 9 11 142 36 137 228 83 82 97 40 249 10 56 69 16 175 20 107 27 122 70 3 17 159 199 85 164 238 162 205 192 250 78 45 241
50 112 167 251 111 192 183 154 132 4 233 209 254 239 146 243 182 69 230 219 199 47 15 231 236 208 244 91 14 152 98 116 140 252 160 143 147 32 74 95 105 226 62 205 56 53 0 85 120 46 190 131 42 64 75 65 212 240 34 158 78 86 100 186 80 189 119 115 175 202 18 82 11 63 106 232 122 215 150 20 67 54 110 168 73 127 188 229 180 97 45 22 99 222 241 234 114 16 227 164 76 26 162 156 159 124 194 137 125 25 250 134 245 77 84 130 58 223 170 207 31 43 96 206 204 8 71 70 153 89 55 135 144 39 40 171 249 108 148 6 139 72 177 10 163 211 178 24 237 123 149 81 23 121 102 27 2 17 19 187 7 176 13 129 198 101 83 151 224 41 200 138 255 179 195 48 218 57 185 145 104 68 118 247 210 126 66 184 141 5 35 52 109 216 12 201 36 136 142 33 107 38 103 87 221 165 92 191 90 9 1 174 128 29 60 197 220 172 238 79 28 61 30 3 37 214 193 213 166 161 246 113 217 203 228 173 94 242 49 181 225 59 21 88 117 155 51 133 253 93 169 44 196 235 248 157
148 102 82 167 145 51 250 95 130 69 151 144 162 83 184 32 45 161 58 152 225 195 65 114 124 222 123 175 66 141 106 187 137 206 170 54 221 219 115 19 199 139 22 155 166 224 103 59 234 136 8 107 127 15 159 57 4 46 85 157 253 191 78 10 26 76 244 73 113 87 196 3 172 160 0 33 173 132 198 217 116 204 248 208 31 143 84 70 5 37 93 182 13 194 169 153 138 246 20 21 247 200 117 111 181 43 38 28 216 164 133 110 240 201 190 99 158 81 128 36 89 71 147 119 149 12 91 94 252 52 86 62 74 189 214 241 193 48 183 229 163 1 29 213 180 75 118 11 72 120 77 7 254 235 232 228 50 49 168 233 14 104 108 122 179 125 30 227 249 236 146 243 90 27 150 44 131 185 34 17 40 177 101 56 211 16 24 186 231 142 255 209 230 97 25 42 79 112 238 245 203 154 218 140 55 176 178 18 109 220 165 171 23 197 212 174 2 223 88 156 129 47 251 242 92 237 6 80 121 100 105 41 67 98 61 202 53 239 207 134 205 64 188 226 63 126 135 9 60 192 68 215 96 39 210 35
85 213 36 254 203 59 209 234 108 17 163 82 162 158 64 50 223 184 95 11 9 116 232 16 215 58 255 243 132 156 207 24 80 137 18 126 57 62 114 49 134 37 63 187 2 52 96 133 21 54 65 151 14 222 38 175 149 42 72 32 51 211 249 195 7 48 228 178 199 164 248 182 111 233 201 67 61 136 196 109 197 118 26 130 191 186 148 140 194 4 252 6 159 76 238 97 229 235 8 240 172 173 208 91 160 35 129 88 60 214 22 0 30 230 84 120 169 83 216 155 25 253 5 81 112 92 94 225 119 220 56 166 165 180 123 77 93 139 152 99 3 103 190 110 205 153 86 100 242 27 168 247 66 245 33 20 78 161 128 69 131 101 204 193 241 219 79 113 239 176 231 121 43 40 15 135 106 70 28 221 105 87 192 115 188 144 147 224 124 251 202 154 90 47 31 150 170 236 146 210 179 71 227 237 74 171 218 53 75 177 189 117 206 68 167 46 29 142 39 98 143 73 13 141 183 138 244 12 41 122 34 157 174 1 19 250 107 200 181 185 212 127 23 55 45 226 217 102 198 125 104 89 246 44 10 145
63 189 114 54 192 70 81 139 18 229 149 51 178 22 42 185 74 227 174 216 255 72 168 106 248 180 196 246 159 243 28 2 111 173 87 75 0 203 88 47 113 132 31 119 163 123 201 58 254 240 175 207 8 97 183 109 84 68 53 161 190 191 162 115 32 26 96 213 208 198 131 79 48 25 155 116 105 14 73 251 43 206 4 241 62 34 64 182 6 9 167 222 1 232 244 104 129 156 108 218 98 144 78 171 199 128 95 245 33 181 242 35 247 177 169 150 147 143 220 219 83 148 184 19 23 37 94 40 200 142 164 151 61 158 5 197 65 214 46 100 204 187 210 92 16 226 126 186 194 101 146 57 170 124 145 12 195 212 249 27 153 160 118 69 133 55 225 91 93 188 24 135 80 86 193 112 127 89 172 138 3 71 44 217 166 157 7 152 176 250 36 15 20 211 237 13 231 117 223 154 122 49 120 234 103 141 233 41 50 179 230 107 238 130 11 209 125 205 17 252 82 60 221 165 10 45 239 66 59 77 253 99 202 215 76 228 67 140 110 235 29 39 137 38 90 236 56 21 102 52 121 85 224 136 134 30
210 128 228 60 235 75 23 211 225 112 152 38 117 191 115 158 145 203 31 253 194 1 226 74 63 111 89 204 238 109 46 101 246 168 165 140 5 231 195 153 91 230 212 62 240 58 14 17 94 249 121 72 24 215 172 156 20 40 106 16 80 49 196 97 107 199 41 88 178 200 47 59 242 76 193 37 171 154 12 164 223 13 198 138 11 53 8 114 137 166 247 159 27 44 126 144 120 232 70 51 55 82 252 148 180 170 96 87 227 68 250 229 214 116 169 135 15 83 161 124 73 184 79 104 233 142 33 207 32 28 189 175 93 54 220 136 134 241 102 141 85 183 125 113 2 26 77 149 205 7 143 251 182 187 239 174 4 162 188 57 127 177 221 3 146 179 190 21 139 92 163 45 19 167 197 157 176 81 119 65 132 173 98 48 69 34 118 52 236 103 71 192 186 6 66 234 67 243 151 255 61 56 18 10 64 129 122 131 29 201 108 222 99 105 133 110 42 43 78 216 30 160 254 213 185 84 147 0 155 100 209 245 39 208 86 25 150 123 130 206 237 217 219 95 244 90 181 36 35 50 248 202 218 9 22 224
138 26 254 79 50 61 182 137 58 109 205 139 86 2 29 81 200 84 25 242 92 42 72 76 157 52 135 64 41 179 240 204 85 231 120 183 59 38 141 173 134 219 152 153 73 246 174 19 22 203 35 170 151 65 48 108 142 1 215 62 185 110 55 67 104 252 114 244 212 225 113 222 165 218 56 40 131 39 96 158 177 223 127 4 196 94 160 98 44 112 211 169 209 115 105 20 9 217 189 239 129 226 12 136 145 233 156 80 214 17 93 140 49 34 224 121 126 175 253 24 97 7 117 30 5 167 149 91 47 46 249 201 36 6 75 14 147 176 243 221 181 132 68 245 255 199 16 220 66 87 234 15 63 32 103 69 77 102 186 228 248 235 162 193 150 144 0 208 23 130 163 45 122 166 188 168 207 8 106 99 194 210 238 155 198 161 21 13 133 187 74 202 60 164 250 247 27 213 83 78 172 146 3 119 184 37 159 241 143 232 128 82 236 227 10 251 11 70 237 111 190 90 107 95 101 31 171 57 33 88 28 51 18 192 206 43 154 229 123 197 100 124 230 195 191 54 180 178 89 216 148 53 71 116 118 125
32 58 144 141 176 107 232 227 66 40 152 13 78 186 53 135 37 126 22 231 130 121 159 145 160 219 131 5 84 239 1 244 250 180 65 206 182 237 177 200 167 86 100 192 48 123 17 91 249 18 124 89 85 203 74 72 238 110 42 202 220 10 12 19 175 148 228 199 210 76 31 207 3 99 33 235 151 178 230 94 233 174 136 241 191 221 225 51 201 29 213 190 73 134 98 234 125 14 77 208 187 35 67 28 113 46 47 222 140 68 168 171 97 184 64 45 214 197 2 36 150 109 211 79 4 204 216 253 146 8 138 106 119 7 116 59 112 205 189 25 188 245 52 71 117 21 153 90 243 54 247 193 6 105 63 103 9 254 169 158 111 83 133 23 120 161 30 39 127 50 229 108 166 242 34 198 183 118 15 20 69 147 173 246 156 11 179 154 61 43 240 196 195 143 95 185 155 224 163 41 70 137 115 75 26 217 139 149 93 165 114 215 236 128 164 212 181 252 218 226 251 80 122 142 129 56 87 44 38 0 102 172 24 57 194 16 60 82 62 101 157 255 248 88 104 132 49 92 55 170 162 27 81 223 96 209
39 235 84 145 140 102 94 148 213 206 215 113 30 192 51 183 189 217 194 126 127 162 45 114 244 83 42 14 168 231 0 239 184 38 74 123 37 170 109 234 207 214 35 66 46 48 179 73 174 10 120 119 134 77 31 47 93 106 53 212 57 144 64 159 107 40 54 196 236 122 201 20 199 242 229 32 115 82 23 85 55 158 147 195 173 33 67 193 130 185 75 252 249 224 89 60 24 237 175 59 41 146 69 142 98 101 178 78 205 156 108 44 1 240 104 124 190 100 164 133 25 181 191 28 125 172 7 29 131 143 71 160 22 121 255 238 96 248 52 97 27 222 95 137 92 198 221 250 76 243 111 128 210 228 204 61 154 135 139 166 81 232 9 254 180 171 56 152 79 58 43 200 253 219 99 167 245 208 157 13 163 188 62 226 117 36 116 112 18 4 177 138 49 220 218 70 186 225 169 12 209 197 86 110 161 233 34 91 227 80 11 16 68 3 88 246 17 141 211 6 50 87 230 8 19 105 223 176 247 129 103 251 26 241 5 165 203 149 216 2 182 132 153 118 202 136 65 187 155 21 15 90 150 63 151 72
39 150 192 231 48 144 82 224 156 172 222 135 219 4 233 87 149 63 51 0 179 64 23 89 108 7 95 139 99 177 34 230 216 151 183 239 73 159 85 60 44 29 137 166 167 138 91 8 2 72 189 184 174 107 55 24 1 131 92 81 245 49 227 19 182 235 217 38 10 40 158 237 240 143 198 232 208 220 80 105 132 84 194 74 120 54 147 175 104 71 221 9 157 218 11 223 153 145 126 123 119 196 195 59 124 160 250 254 13 70 16 176 118 140 127 37 134 236 173 41 190 22 76 180 163 186 68 247 202 102 162 170 77 122 33 146 100 121 243 171 188 225 3 129 136 94 45 109 31 201 67 69 164 255 111 56 62 169 88 103 65 148 114 234 47 20 193 142 133 238 128 152 226 12 246 251 187 213 244 207 93 199 130 98 25 96 210 79 117 209 17 26 155 206 83 214 106 242 185 101 181 248 228 58 36 197 141 241 21 215 42 35 53 229 75 178 191 52 204 43 116 86 211 5 15 113 14 66 212 32 252 78 28 97 61 200 112 110 6 165 90 30 168 46 57 115 249 205 125 27 154 253 18 161 50 203
71 130 57 128 242 111 149 241 49 58 187 238 115 246 138 19 217 133 213 25 5 90 68 229 173 18 53 247 74 67 85 6 107 210 223 84 236 75 148 118 243 37 47 145 46 98 244 64 29 110 60 129 93 232 144 142 38 197 122 62 200 78 89 147 26 237 157 59 186 30 50 193 82 235 182 224 8 80 176 114 1 188 204 254 167 251 36 10 119 181 95 83 0 211 96 55 121 140 39 127 171 131 209 66 7 248 183 215 16 105 191 117 92 76 61 169 198 199 170 123 40 34 104 221 216 206 139 87 56 33 163 124 113 22 81 4 51 214 12 249 70 42 72 190 14 17 175 230 9 240 252 112 137 164 116 226 106 152 86 179 207 136 103 253 41 189 250 43 255 185 177 158 155 151 228 227 91 156 192 27 31 45 102 48 208 150 172 159 69 166 13 205 73 222 54 108 212 195 218 100 24 234 134 194 202 109 154 65 178 132 153 20 203 220 2 35 161 168 126 77 141 63 233 99 101 196 32 143 88 94 201 120 135 97 180 146 11 79 52 225 174 165 15 160 184 3 44 23 28 219 245 21 239 125 231 162
223 204 216 14 124 122 181 244 243 71 7 228 53 62 212 213 89 167 26 66 179 57 245 95 183 81 129 96 197 155 41 67 254 196 39 20 200 175 190 192 105 180 94 186 47 116 19 1 69 142 214 118 56 173 97 113 221 136 230 103 63 22 241 36 165 128 44 239 102 59 178 208 225 27 134 185 119 209 54 60 206 25 211 21 5 139 83 10 109 8 182 174 92 46 202 233 115 138 90 156 252 201 234 203 176 210 132 111 131 84 79 164 31 135 121 146 91 12 160 222 99 143 232 194 6 35 73 224 51 171 11 87 217 114 153 166 75 30 85 169 29 110 101 72 50 177 151 127 172 157 64 161 100 242 148 137 117 220 188 149 154 126 162 9 187 70 16 34 58 170 78 61 65 205 247 13 23 144 235 123 229 226 0 3 38 219 108 49 215 237 248 238 130 158 207 76 251 4 18 104 253 107 37 33 93 120 191 255 184 236 24 150 40 133 68 193 240 227 28 86 246 45 106 147 98 15 218 195 17 140 159 152 32 189 145 82 249 199 80 74 77 42 112 55 43 198 168 52 163 250 2 48 231 141 88 125
45 106 170 139 31 187 197 34 131 178 13 35 137 149 77 166 28 127 6 244 102 254 58 103 33 228 101 143 98 204 227 1 82 249 117 134 216 234 210 67 160 141 145 172 87 238 15 5 186 177 62 158 85 64 49 206 4 225 105 173 251 214 163 19 169 194 68 232 123 42 122 118 24 10 183 144 55 226 224 76 192 231 175 18 215 203 92 116 167 239 40 97 233 86 17 22 74 9 94 252 23 147 217 12 56 93 236 14 25 111 229 182 253 135 109 2 32 247 11 171 209 155 222 8 188 138 159 124 208 142 71 193 161 27 21 96 156 69 157 78 241 90 151 146 108 100 154 219 212 221 119 36 198 57 189 195 223 200 132 133 168 51 120 250 89 48 20 174 237 0 245 190 44 80 129 43 176 115 240 213 220 41 72 52 54 185 79 180 16 126 125 140 83 37 53 99 112 59 218 63 150 70 165 113 46 60 202 242 128 207 26 205 248 235 38 121 88 29 91 61 164 153 201 179 39 73 199 136 191 81 3 255 230 95 66 30 243 181 65 47 152 75 148 104 107 184 84 211 162 114 50 7 246 110 130 196
57 60 186 0 202 92 55 127 225 53 64 197 192 138 152 49 111 71 75 82 125 72 254 219 217 247 133 41 73 165 191 85 148 93 12 107 42 193 59 87 116 196 223 126 19 122 208 182 43 209 143 25 149 89 40 18 114 70 45 113 110 239 94 129 228 222 172 157 99 27 198 74 97 61 16 117 8 175 181 80 135 134 36 195 67 236 204 187 227 104 179 52 245 29 86 106 35 229 68 248 37 241 10 121 44 23 221 234 200 171 220 83 173 33 168 169 253 163 120 166 224 131 210 201 235 144 180 132 101 32 249 2 56 141 188 252 232 84 66 91 28 137 95 65 124 230 162 177 58 214 140 38 5 50 100 103 176 213 51 211 203 15 242 78 255 77 164 160 119 96 174 62 3 142 118 151 199 46 190 47 161 178 139 1 11 115 240 155 216 13 6 146 246 79 153 184 250 17 189 170 76 218 237 185 226 31 206 244 54 130 22 156 238 88 243 30 215 128 251 109 98 34 21 9 159 24 105 26 123 194 147 14 4 183 167 20 150 136 154 205 39 108 81 90 102 158 112 231 233 48 69 207 212 145 63 7
198 157 123 3 71 149 112 61 172 67 92 221 130 21 195 20 16 177 163 81 42 208 124 122 229 90 129 73 171 113 101 245 14 65 137 193 250 131 239 170 175 227 162 247 150 176 45 115 165 209 246 134 167 178 9 127 80 151 33 7 155 185 145 164 69 107 53 120 161 86 36 57 22 106 40 224 91 59 180 174 249 54 222 55 231 139 243 49 44 6 253 52 117 110 119 17 189 96 210 87 93 121 98 30 31 66 204 18 148 242 201 173 72 135 0 143 88 197 233 27 196 74 13 138 111 118 194 225 205 207 83 232 78 169 24 23 38 236 190 206 252 10 212 116 216 48 223 63 11 199 213 100 140 26 105 179 103 146 133 191 19 241 182 244 214 62 51 99 77 192 226 97 34 89 234 156 153 128 248 219 183 141 79 218 200 50 228 46 2 5 82 237 109 60 12 203 160 144 8 28 94 4 68 37 184 85 95 187 29 76 166 188 35 47 230 64 181 25 159 142 255 152 211 1 186 126 254 41 251 102 125 154 235 147 15 32 114 132 108 220 58 39 43 70 240 136 168 158 84 75 215 56 238 217 202 104
114 240 193 165 215 105 202 243 112 121 209 132 56 190 248 69 116 25 10 200 97 102 151 229 255 73 238 93 6 236 143 125 67 23 22 225 177 12 237 51 245 123 152 219 197 157 108 44 221 231 175 247 196 42 63 210 246 39 8 79 45 53 78 162 204 224 211 138 169 126 120 0 184 254 106 139 21 98 142 164 144 183 239 82 75 170 186 214 131 174 137 252 244 109 163 50 178 36 140 226 223 3 189 59 54 148 122 234 95 160 13 135 217 119 208 104 58 212 203 241 227 242 46 213 87 166 66 83 71 77 7 147 33 9 64 4 27 249 168 182 19 130 205 99 173 76 100 206 171 167 30 156 154 65 192 124 29 47 92 94 101 2 230 55 26 37 158 113 34 85 181 115 62 233 5 57 176 60 1 218 68 18 48 52 133 28 111 40 17 155 216 180 61 207 96 159 35 14 117 149 110 195 128 129 49 222 150 250 253 179 11 146 127 41 24 84 118 232 191 38 161 86 31 43 80 228 90 220 188 201 89 198 141 194 32 16 107 15 72 134 153 199 103 235 172 70 136 74 20 88 187 145 185 91 81 251
192 221 170 203 172 145 179 101 80 100 53 48 133 255 104 90 115 60 236 129 191 68 112 201 163 230 4 42 193 20 140 235 56 186 83 122 135 44 254 54 138 253 79 70 41 19 146 120 96 141 126 33 130 69 211 117 106 86 189 157 118 123 95 131 233 156 39 240 3 27 139 47 30 34 174 216 237 247 113 204 92 198 195 0 227 7 188 77 18 184 206 217 207 99 127 176 45 220 228 242 73 222 76 6 2 62 89 160 224 153 205 248 119 9 102 37 162 209 196 252 55 215 14 75 116 67 239 187 164 241 109 128 121 1 158 114 51 218 168 49 43 46 11 81 24 12 167 137 21 132 219 226 17 200 110 57 94 173 185 238 93 91 150 213 212 40 231 197 22 31 181 182 58 136 250 35 148 26 214 64 152 50 98 65 166 124 10 36 223 165 8 244 169 144 159 161 74 149 63 155 16 85 243 225 38 111 183 87 25 142 66 82 190 105 199 72 32 246 210 5 134 97 13 208 71 28 147 177 194 251 103 154 88 178 23 29 175 249 180 245 229 108 52 234 78 232 151 143 61 15 171 202 84 107 59 125
202 205 0 237 17 198 87 28 194 216 227 217 109 137 186 55 230 238 252 83 232 86 16 12 72 99 170 234 163 215 3 129 19 112 47 172 219 206 7 65 225 24 85 126 77 249 197 174 251 119 138 131 11 168 124 61 228 178 59 53 56 21 91 34 22 177 147 31 142 229 236 27 210 120 67 104 183 195 248 103 101 160 223 222 50 241 207 32 41 191 192 68 146 5 45 158 36 224 74 162 60 108 75 176 134 20 46 233 175 18 254 179 154 169 171 84 159 73 165 26 95 253 235 48 121 193 97 35 152 76 92 200 115 209 82 42 1 220 15 144 107 23 218 81 38 157 187 204 6 113 164 98 188 33 39 185 4 190 255 239 118 62 244 88 242 161 153 71 25 181 212 94 117 69 135 231 180 213 182 155 189 111 90 110 63 58 143 10 114 100 125 70 246 139 201 78 122 211 173 240 14 52 203 30 150 245 66 196 93 132 145 54 9 64 148 8 89 80 51 29 156 130 106 151 136 43 140 79 221 127 116 96 199 167 128 133 105 141 243 166 49 250 13 37 149 57 40 44 184 226 247 2 123 214 102 208
1 205 90 190 23 97 128 194 216 133 114 20 162 181 129 170 230 150 188 253 74 221 100 182 32 187 229 159 72 195 53 42 233 220 208 103 223 49 225 67 138 91 213 203 127 111 219 94 80 98 149 238 52 25 34 46 102 56 175 177 247 13 151 156 89 7 206 4 130 0 146 36 254 71 169 252 8 141 136 82 96 248 55 15 19 26 69 16 198 163 161 191 77 240 17 109 135 29 92 37 211 51 241 137 3 31 60 140 167 70 218 66 152 126 242 153 87 224 93 33 239 217 58 14 244 57 54 183 38 73 172 166 116 101 43 226 142 18 41 5 215 61 207 119 125 24 79 78 235 139 11 180 148 131 171 48 123 251 189 228 30 50 234 173 12 192 236 185 209 65 243 222 165 178 144 115 164 27 117 232 112 113 197 107 64 110 168 75 154 145 179 88 124 76 45 231 193 201 255 85 132 196 176 28 10 35 227 81 39 9 68 174 106 121 2 158 84 237 204 249 44 47 120 157 250 155 147 214 186 22 199 21 108 104 63 40 118 6 202 86 62 95 143 245 134 246 105 122 83 200 210 59 184 99 160 212
144 24 212 160 129 106 236 197 186 95 154 77 124 32 85 67 143 115 145 8 87 90 248 48 82 58 70 185 210 237 189 44 179 225 159 252 25 209 176 71 114 7 68 116 73 3 250 231 228 224 46 45 164 229 10 100 104 118 175 121 26 223 245 232 142 239 86 23 146 40 127 181 30 13 36 173 97 52 207 12 20 182 227 138 251 205 226 93 21 38 75 108 234 241 199 150 214 136 51 172 174 14 105 216 161 167 19 193 208 170 253 219 84 152 125 43 247 238 88 233 2 76 117 96 101 37 63 94 57 198 49 235 203 130 201 60 184 222 59 122 131 5 56 188 64 211 92 35 206 31 98 78 163 141 47 246 91 126 65 147 140 158 79 180 28 41 157 54 148 221 191 61 110 120 218 119 171 62 137 102 183 133 202 166 50 217 215 111 15 195 135 18 151 162 220 99 55 230 132 4 103 123 11 155 53 255 42 81 153 249 187 74 6 22 72 240 69 109 83 192 254 168 156 0 29 169 128 194 213 112 200 244 204 27 139 80 66 1 33 89 178 9 190 165 149 134 242 16 17 243 196 113 107 177 39 34
219 49 25 58 106 208 97 209 68 85 46 163 173 22 147 62 123 175 168 53 153 241 60 91 157 179 96 77 238 125 144 92 133 193 113 151 216 37 184 63 145 250 150 192 122 35 158 16 5 196 183 171 66 186 12 188 30 101 54 176 166 90 74 182 57 43 61 112 201 15 243 252 9 65 19 138 140 210 231 114 119 52 225 169 222 93 0 109 254 217 34 132 215 226 104 99 45 59 211 18 233 237 244 32 234 161 126 124 154 40 203 235 72 98 247 55 255 174 14 204 100 221 249 23 103 130 33 181 29 115 89 205 116 50 187 56 251 202 180 21 232 207 20 17 146 1 36 135 129 79 64 6 189 105 236 4 223 178 24 170 82 88 242 42 41 198 102 229 143 111 94 134 11 86 214 152 191 248 13 197 136 230 155 199 148 172 28 206 185 128 141 107 78 127 245 80 195 75 76 160 70 27 73 131 38 117 108 142 51 87 39 8 194 156 164 218 48 95 159 139 246 228 253 190 44 2 227 31 137 69 84 220 121 47 200 167 212 7 10 83 120 213 118 110 177 149 240 162 239 71 67 26 3 81 224 165
234 116 69 191 181 105 89 197 72 58 76 127 216 30 3 12 24 80 34 153 155 225 246 129 134 67 240 184 237 108 0 124 14 232 49 147 230 241 119 114 60 74 226 33 248 252 4 47 249 176 141 139 169 55 218 250 87 113 7 70 15 189 29 219 115 236 9 38 118 145 48 196 44 130 104 220 131 65 202 71 11 217 195 36 247 222 35 32 161 16 51 150 144 94 79 21 204 120 251 19 238 193 39 185 97 103 2 57 56 213 117 244 158 126 109 149 26 101 229 167 206 8 28 212 151 245 170 214 163 187 43 221 200 143 156 122 93 142 5 95 210 90 91 175 85 42 88 146 53 132 123 157 66 102 54 23 209 171 179 233 63 110 174 154 6 243 13 205 59 17 242 46 152 84 99 235 136 62 215 182 227 22 25 98 135 228 133 125 192 164 255 177 254 86 82 41 18 96 239 180 64 40 73 121 223 112 224 83 100 61 178 188 37 162 77 138 190 183 68 168 1 75 106 172 194 111 92 253 140 159 107 148 208 128 166 231 52 199 78 160 10 165 207 137 50 173 31 20 211 198 186 81 201 27 203 45
250 218 107 240 28 87 191 99 40 27 101 116 96 233 58 77 50 211 104 194 169 52 162 204 171 8 69 53 241 238 148 178 7 51 139 93 145 48 173 154 150 177 82 206 83 32 118 199 1 67 70 84 200 166 39 184 253 160 225 17 124 110 187 91 0 95 195 122 140 37 249 188 30 220 79 210 248 136 126 127 65 12 190 108 163 35 170 14 246 254 22 156 2 209 4 175 135 55 29 123 130 201 221 164 76 113 75 224 90 119 33 144 242 18 3 182 49 73 62 247 9 72 168 68 13 229 100 215 20 133 115 94 63 5 251 176 10 174 152 26 192 142 78 181 157 125 231 223 155 165 198 153 185 42 243 66 71 117 38 189 234 245 41 47 11 183 114 36 103 222 151 227 129 24 244 214 23 44 149 202 86 228 141 97 31 167 208 217 205 6 180 43 45 186 16 219 235 230 193 61 131 179 15 132 252 203 102 85 25 59 98 207 54 237 57 197 134 216 34 121 161 159 112 105 64 172 255 213 212 138 196 88 60 109 80 74 146 158 56 92 120 21 89 143 236 111 137 232 147 226 239 46 81 106 128 19
155 187 82 125 18 79 127 84 14 6 242 239 235 57 56 175 240 21 111 115 129 186 132 37 234 1 243 153 250 97 34 157 51 138 192 41 24 47 184 108 63 218 23 31 193 238 149 7 216 237 104 32 49 86 119 245 252 210 161 225 147 62 183 185 25 116 227 172 178 30 204 219 181 9 230 95 163 136 54 3 249 99 244 13 87 128 107 112 48 74 105 68 209 60 246 214 141 212 71 195 233 70 133 142 16 67 199 75 222 103 46 217 42 109 89 174 152 58 2 102 137 76 158 151 169 90 191 39 52 168 65 159 232 202 72 121 131 229 130 182 73 148 113 194 144 213 177 61 228 226 122 26 206 146 29 162 173 231 110 66 241 143 15 114 134 22 166 64 11 53 92 164 5 198 85 17 33 83 251 80 120 94 203 10 179 167 0 40 180 139 205 224 123 211 255 215 38 150 91 77 12 44 100 189 20 201 176 160 145 253 27 28 254 207 124 118 188 50 45 35 223 171 140 117 247 208 197 106 165 88 135 43 96 78 154 126 156 19 98 101 4 59 93 69 81 196 221 248 200 55 190 236 170 8 36 220
188 21 138 62 78 186 101 195 68 28 242 206 1 130 93 9 204 67 24 143 173 190 247 99 150 84 174 19 25 171 245 176 241 225 104 48 230 74 228 147 139 57 11 167 198 80 103 55 121 217 166 199 168 141 175 97 76 96 49 44 129 251 100 86 111 56 232 125 187 64 108 197 159 226 255 38 189 16 136 231 52 182 79 118 131 40 250 50 134 249 75 66 37 15 142 116 92 137 122 29 126 65 207 113 102 82 185 153 114 119 91 127 229 152 35 236 254 23 135 43 26 30 170 212 233 243 109 200 88 194 191 0 223 3 184 73 14 180 202 213 203 95 123 172 41 216 224 238 69 218 72 2 253 58 85 156 220 149 201 244 115 5 98 33 158 205 192 248 51 211 10 71 112 63 235 183 160 237 105 124 117 252 154 110 47 214 164 45 39 42 7 77 20 8 163 133 17 128 215 222 13 196 106 53 90 169 181 234 89 87 146 209 208 36 227 193 18 27 177 178 54 132 246 31 144 22 210 60 148 46 94 61 162 120 6 32 219 161 4 240 165 140 155 157 70 145 59 151 12 81 239 221 34 107 179 83
179 54 160 152 84 94 127 82 114 226 172 250 255 46 222 118 163 174 225 231 195 112 43 220 32 151 80 156 58 208 173 143 207 228 78 131 15 157 70 26 215 96 137 146 134 190 109 227 229 115 200 148 164 159 122 245 60 108 199 61 181 132 31 14 209 243 27 136 238 166 241 126 63 145 218 50 90 88 41 34 248 101 184 142 141 67 125 17 244 38 9 3 75 87 240 21 49 205 18 72 165 40 66 161 76 155 168 230 10 35 57 203 147 36 169 212 16 120 28 224 211 30 45 25 162 242 6 234 140 33 123 98 236 91 133 100 192 253 237 170 167 77 107 191 235 68 22 74 232 102 83 79 106 11 135 12 216 47 128 185 251 254 13 129 95 223 113 182 89 154 201 53 39 116 20 0 24 124 51 69 221 178 117 214 149 8 139 177 65 55 56 249 196 119 37 92 219 99 198 175 183 206 85 186 138 188 104 64 239 213 52 59 130 150 93 5 42 4 153 19 48 217 73 171 202 187 111 233 2 246 176 193 1 97 252 197 158 29 144 204 62 44 23 247 189 180 105 194 103 81 210 121 71 7 110 86
199 4 222 82 74 194 248 135 8 121 225 56 53 88 19 144 139 233 207 64 180 245 98 220 47 204 38 189 143 42 33 71 57 72 131 43 172 251 151 168 156 162 92 232 118 94 149 89 112 79 253 12 104 215 35 184 3 161 185 36 1 252 115 241 239 150 22 209 114 132 177 179 186 87 60 140 111 122 243 198 119 170 11 200 147 63 90 142 6 145 86 48 153 103 133 137 218 113 196 125 102 240 46 10 146 37 181 244 120 99 202 234 195 25 213 214 134 52 235 80 83 9 96 231 212 126 109 169 203 62 21 123 246 171 116 128 165 58 175 50 18 31 174 28 226 24 117 101 192 100 157 219 238 29 188 65 2 155 221 159 105 173 17 230 15 176 166 81 70 23 250 45 190 32 73 197 206 39 217 141 20 78 154 201 110 95 30 182 187 236 59 85 158 68 178 91 66 228 210 152 108 107 55 7 97 67 136 75 208 237 49 27 242 193 129 51 61 5 77 26 127 148 40 76 124 93 164 130 138 163 247 34 54 41 223 254 211 205 0 14 84 191 224 106 183 227 249 229 13 69 167 160 255 16 44 216
139 206 244 140 222 87 182 3 133 30 69 82 246 201 1 85 200 26 17 243 221 93 67 43 88 73 235 77 16 158 64 53 33 136 104 65 70 42 78 180 103 241 187 205 229 86 249 232 236 121 163 184 194 60 151 39 145 142 0 174 209 135 24 220 131 153 164 154 46 74 123 247 167 175 189 20 169 23 208 204 9 36 107 171 100 152 195 66 211 49 239 109 156 143 199 2 162 216 22 63 14 186 134 111 188 56 75 68 203 105 61 253 165 115 251 245 248 213 28 226 214 114 84 223 79 166 173 219 147 57 4 41 120 132 185 40 38 97 160 159 242 178 144 224 233 128 129 5 83 197 237 95 228 161 11 99 252 45 12 113 71 212 238 170 112 210 191 116 91 106 108 21 96 10 102 218 32 190 172 240 58 130 34 227 89 13 29 137 52 146 19 234 193 157 207 81 44 215 155 18 230 94 124 141 198 50 101 35 125 225 231 122 196 127 192 176 55 254 181 25 179 98 90 8 217 118 149 31 54 6 72 168 117 150 119 92 126 48 27 47 255 250 80 202 51 37 62 7 183 76 138 15 59 148 110 177
58 46 180 211 101 241 252 70 42 114 53 202 104 156 110 208 74 111 246 236 177 217 99 213 166 240 30 145 214 14 35 146 192 95 87 181 52 7 22 64 86 130 107 133 212 147 10 8 149 229 36 102 204 247 160 61 94 223 230 33 16 80 25 187 13 173 69 250 243 154 106 0 108 158 249 3 79 185 27 203 43 100 38 57 1 251 124 93 194 28 242 142 78 18 195 56 60 199 11 189 165 190 148 128 88 75 122 253 161 171 15 226 117 98 45 233 120 77 5 54 197 62 24 85 97 219 184 65 224 17 222 67 175 238 168 198 127 118 235 92 63 186 21 193 20 9 201 29 4 227 151 139 123 176 172 138 143 32 137 153 209 182 221 96 119 207 155 50 183 81 84 66 152 245 206 112 44 136 174 125 200 55 40 72 210 135 34 231 47 131 109 76 144 37 169 163 191 23 82 83 26 196 170 178 48 157 91 126 150 68 254 59 162 239 103 73 90 237 164 215 179 89 159 255 41 205 121 141 140 244 113 220 19 188 167 39 2 31 232 218 115 228 225 6 12 216 234 248 71 105 132 51 116 129 49 134
167 99 240 11 198 140 238 219 144 119 134 136 49 124 38 130 246 60 218 200 13 86 158 62 255 117 41 57 165 80 174 47 7 221 185 235 109 72 243 183 46 3 122 152 169 226 78 129 63 153 253 4 150 224 155 220 204 83 27 209 53 207 126 118 36 245 146 177 59 82 34 100 196 145 178 147 120 154 76 55 75 28 23 108 230 79 65 90 35 211 104 166 43 87 176 138 205 234 17 168 250 115 210 31 161 58 97 110 19 229 29 113 228 54 45 16 249 121 95 71 116 101 8 105 44 186 92 81 61 164 132 93 98 70 106 208 131 14 215 233 2 114 22 5 9 149 191 212 222 88 179 67 173 170 0 202 237 163 52 248 159 181 192 182 74 102 151 20 195 203 217 48 197 51 236 232 37 64 135 199 128 180 223 94 239 77 12 137 184 171 227 30 190 244 50 91 42 214 162 139 216 84 103 96 231 133 89 26 193 143 24 18 21 241 56 254 242 142 112 251 107 194 201 247 175 85 32 69 148 160 213 68 66 125 188 187 15 206 172 252 6 156 157 33 111 225 10 123 1 189 39 127 25 73 40 141
7 245 89 223 206 64 216 20 65 250 190 63 105 60 166 189 218 44 211 79 96 178 196 172 29 122 103 107 134 49 200 232 222 148 139 24 120 47 26 11 168 221 187 67 135 213 176 125 236 131 156 30 194 85 4 84 80 241 227 145 106 17 188 186 38 154 193 137 235 177 165 54 78 129 201 2 59 195 48 234 239 36 226 56 214 240 109 179 229 18 55 198 231 242 73 191 144 215 97 71 219 249 209 228 133 171 117 184 225 150 100 121 86 170 104 33 155 123 244 238 58 118 31 119 40 203 52 113 108 70 62 116 181 174 183 81 253 160 19 151 157 185 162 94 95 130 13 82 212 51 10 237 136 199 0 207 152 6 42 91 5 138 77 202 175 182 3 34 14 16 147 41 142 233 88 87 102 45 254 15 61 74 21 180 25 112 32 127 75 8 22 164 204 90 169 243 167 210 197 255 83 50 246 53 23 126 115 163 141 1 35 161 98 153 43 220 217 192 57 28 247 205 143 27 9 114 37 110 66 69 146 46 173 124 76 12 224 208 72 92 158 68 132 101 248 149 159 251 93 140 230 252 99 111 39 128
193 208 135 100 98 128 14 177 209 46 72 221 29 229 148 243 178 74 195 223 252 77 104 7 155 3 89 63 179 90 24 161 30 225 176 154 250 206 181 249 246 120 230 10 109 103 53 38 235 163 79 210 233 197 152 253 144 56 62 216 16 15 172 76 203 117 85 68 108 240 60 188 126 165 222 242 171 110 204 129 173 122 146 2 180 159 102 115 81 52 101 219 54 169 49 50 134 44 1 47 105 12 91 82 116 25 61 13 237 168 130 138 192 22 69 133 113 220 202 227 164 18 231 201 5 111 43 58 194 95 21 174 141 186 236 239 57 94 187 92 84 151 123 214 136 213 45 41 255 232 55 198 139 23 254 32 80 182 71 183 42 59 20 137 147 251 121 36 97 149 142 27 127 215 34 65 131 153 70 51 212 99 118 66 107 167 87 125 190 11 158 37 119 224 124 166 96 9 132 245 234 170 157 145 40 160 241 162 4 75 28 150 140 64 48 156 31 17 35 86 175 244 217 226 238 39 248 112 114 184 205 88 93 26 199 143 196 67 0 83 228 191 8 106 189 200 78 73 19 33 185 247 207 211 218 6
158 3 218 41 153 94 80 15 47 103 192 23 204 179 163 148 1 30 31 2 210 127 121 191 53 48 38 226 174 143 120 250 211 200 109 168 91 138 46 99 81 157 129 159 22 101 104 7 62 96 72 84 199 224 251 203 58 193 239 173 11 39 223 190 85 128 21 82 130 87 17 9 245 242 238 60 59 178 243 24 114 118 132 189 135 40 237 4 246 156 253 100 37 160 54 141 195 44 27 50 187 111 66 221 26 34 196 241 152 10 219 240 107 35 52 89 122 248 255 213 164 228 150 65 186 188 28 119 230 175 181 33 207 222 184 12 233 98 166 139 57 6 252 102 247 16 90 131 110 115 51 77 108 71 212 63 249 217 144 215 74 198 236 73 136 145 19 70 202 78 225 106 49 220 45 112 92 177 155 61 5 105 140 79 161 154 172 93 194 42 55 171 68 162 235 205 75 124 134 232 133 185 76 151 116 197 147 216 180 64 231 229 125 29 209 149 32 165 176 234 113 69 244 146 18 117 137 25 169 67 14 56 95 167 8 201 88 20 36 86 254 83 123 97 206 13 182 170 0 43 183 142 208 227 126 214
44 96 194 60 97 232 222 163 203 85 199 152 226 16 131 200 255 21 132 178 81 73 167 38 248 8 50 72 116 93 119 198 133 251 249 135 215 22 88 190 233 146 47 80 209 216 19 2 66 11 173 254 159 55 236 229 140 92 0 94 144 235 244 65 171 13 189 29 86 24 43 242 237 110 79 180 14 228 128 64 4 181 42 46 185 252 175 151 176 134 114 74 61 108 239 147 157 1 212 103 84 31 219 106 63 246 40 183 48 10 71 83 205 170 51 210 3 208 53 161 224 154 184 113 104 221 78 49 172 7 179 6 250 187 15 245 213 137 125 109 162 158 124 129 18 123 139 195 168 207 82 105 193 141 36 169 67 70 52 138 231 192 98 30 122 160 111 186 41 26 58 196 121 20 217 33 117 95 62 130 23 155 149 177 9 68 69 12 182 156 164 34 143 77 112 136 54 240 45 148 225 89 59 76 223 150 201 165 75 145 241 27 191 107 127 126 230 99 206 5 174 153 25 243 17 218 204 101 214 211 247 253 202 220 234 57 91 118 37 102 115 35 120 32 166 197 87 227 238 56 28 100 39 188 90 142
241 102 153 30 161 53 189 132 48 128 195 175 5 238 144 88 188 223 162 244 237 255 176 22 125 138 254 151 245 63 33 158 207 217 60 216 13 159 234 199 25 230 44 8 147 59 57 208 112 37 232 115 248 4 62 196 152 72 229 101 200 220 108 252 150 97 139 178 250 91 29 171 103 119 169 82 166 206 180 34 96 10 253 0 126 11 225 36 55 209 42 86 46 124 236 177 163 98 130 186 20 106 32 7 246 231 84 113 114 85 38 210 204 19 136 131 121 54 2 226 203 78 39 28 192 251 174 221 129 182 164 240 212 242 105 184 187 90 145 179 155 167 27 52 79 31 141 21 67 1 94 122 51 18 168 211 104 165 213 170 100 92 73 70 66 143 142 6 71 107 197 201 215 17 218 123 65 87 74 239 81 183 120 243 137 224 23 127 110 133 15 194 149 49 109 117 24 69 235 93 47 68 190 118 135 172 205 76 83 41 247 56 233 148 14 16 111 202 58 3 9 116 35 50 12 95 61 181 249 222 140 89 80 185 75 99 173 214 193 198 134 160 191 154 40 146 77 45 227 43 157 26 64 156 219 228
78 151 129 96 164 57 189 183 211 43 102 103 46 216 190 198 68 177 111 146 170 88 19 79 182 4 123 93 110 2 184 235 199 109 179 20 61 225 141 161 160 9 133 240 39 208 187 59 22 51 252 238 135 248 245 26 32 236 254 13 91 125 152 71 136 149 69 154 66 200 231 121 6 17 90 62 134 73 222 124 176 130 228 94 131 11 1 197 237 119 233 186 5 50 165 234 34 55 166 212 115 107 201 72 27 42 84 106 150 127 153 232 167 30 28 169 249 56 122 224 12 180 81 114 243 250 53 36 100 45 207 33 193 89 15 8 174 126 0 128 178 14 23 99 205 47 223 63 120 58 77 21 16 144 113 214 48 7 162 98 38 215 76 80 219 31 209 185 210 168 148 108 95 142 18 181 191 35 246 137 118 65 253 140 97 25 74 217 82 44 105 117 239 204 85 244 37 242 87 195 3 188 218 147 138 255 112 83 206 41 213 40 29 221 49 24 247 171 159 143 196 192 158 163 52 157 173 229 202 241 116 139 227 175 70 203 101 104 86 172 10 226 132 64 156 194 145 220 75 60 92 230 155 54 251 67
230 105 22 225 202 24 147 166 159 39 196 152 89 1 206 87 81 84 49 119 62 50 205 175 59 170 2 9 55 238 148 95 132 211 223 21 131 129 188 251 250 78 14 235 60 69 219 220 96 174 33 73 186 64 252 102 190 88 136 103 204 162 48 74 6 203 46 27 207 182 197 199 112 187 101 193 54 123 26 8 76 149 221 125 63 180 104 120 228 143 237 110 70 29 248 43 172 135 51 246 109 66 185 215 232 34 141 192 126 216 61 67 213 32 218 28 12 146 90 17 116 15 189 181 99 53 209 240 122 145 97 163 4 208 241 210 183 217 139 118 138 91 86 171 38 142 128 153 98 19 167 229 106 150 239 201 13 42 80 231 58 178 18 94 224 121 160 173 82 37 92 176 36 117 108 79 57 184 158 134 179 164 71 168 107 249 155 144 124 227 195 156 161 133 169 16 194 77 23 41 65 177 85 68 72 212 254 20 30 151 242 130 236 233 0 10 45 226 115 56 222 244 255 245 137 165 214 83 3 11 25 111 5 114 44 40 100 127 198 7 191 243 31 157 47 140 75 200 247 234 35 93 253 52 113 154
10 8 141 80 205 178 185 6 37 17 19 150 44 145 236 91 90 105 48 2 18 64 77 24 183 28 115 35 130 78 11 25 167 207 93 172 246 170 213 200 3 86 53 249 56 26 129 118 166 144 4 38 164 101 156 46 223 220 195 60 31 250 208 146 30 12 117 40 113 69 72 149 49 176 127 79 15 227 211 75 95 161 71 135 104 251 152 162 254 96 143 233 255 102 114 42 131 248 92 226 209 67 219 23 68 253 193 66 108 63 169 192 221 47 214 82 99 181 199 175 32 125 106 110 137 52 203 235 225 151 142 27 123 50 29 14 171 224 190 70 138 216 179 128 239 134 159 33 197 88 7 87 83 244 230 148 109 20 191 189 41 157 196 140 238 180 168 57 81 132 204 5 62 198 51 237 242 39 229 59 217 243 112 182 232 21 58 201 234 245 76 194 147 218 100 74 222 252 212 231 136 174 120 187 228 153 103 124 89 173 107 36 158 126 247 241 61 121 34 122 43 206 55 116 111 73 65 119 184 177 186 84 1 163 22 154 160 188 165 97 98 133 16 85 215 54 13 240 139 202 0 210 155 9 45 94
188 166 105 199 124 168 117 141 252 175 154 97 110 76 47 96 214 49 164 44 45 129 39 251 42 100 7 86 77 111 20 56 8 232 163 125 133 187 17 64 128 108 215 197 222 159 13 226 196 255 106 38 53 189 90 16 169 136 181 231 234 52 89 182 87 79 146 118 209 131 208 40 36 250 227 50 193 134 18 249 27 75 177 66 178 37 54 15 132 142 246 116 31 92 144 137 22 122 210 29 60 126 148 65 46 207 94 113 61 102 162 82 120 185 6 153 32 114 219 119 161 91 4 127 240 229 165 152 140 35 155 236 157 254 70 23 145 135 59 43 151 26 12 30 81 170 239 212 221 233 34 243 107 109 179 200 83 88 21 194 138 191 62 0 78 223 186 3 101 184 195 73 68 14 28 180 242 202 206 213 1 203 130 95 93 123 9 172 204 41 67 216 24 224 143 238 173 69 190 218 247 72 99 2 150 253 84 58 174 85 19 156 25 220 171 149 245 201 176 244 241 115 225 5 104 98 48 33 230 158 74 205 228 192 147 248 139 51 57 211 11 10 167 71 198 112 80 63 103 235 55 183 121 160 217 237
25 193 21 32 165 160 106 120 17 79 39 43 50 93 40 222 187 185 215 101 9 41 133 159 53 116 61 235 75 10 161 27 55 84 164 191 94 242 90 176 150 11 177 111 248 117 57 8 241 82 38 13 81 78 207 62 97 196 190 140 125 67 250 166 42 65 29 239 85 231 143 149 48 103 102 4 163 35 204 172 155 195 72 147 20 213 252 54 74 3 197 36 216 5 209 233 89 12 246 189 202 168 139 188 51 141 1 136 137 221 131 88 134 192 99 178 169 203 112 148 100 69 255 217 225 24 109 156 220 200 52 34 59 251 105 63 33 92 198 130 145 26 182 108 6 228 18 68 71 144 181 19 179 171 238 210 46 223 45 132 128 87 64 142 30 226 110 86 119 167 14 158 15 129 146 107 224 234 83 208 123 184 236 229 114 214 47 121 152 218 240 157 138 44 186 205 153 194 254 174 212 22 98 245 124 206 56 211 253 183 96 219 77 66 2 244 232 127 247 73 249 91 162 115 237 227 151 135 243 118 104 122 173 7 76 49 58 70 126 80 199 201 16 37 175 180 113 31 230 28 154 0 170 60 23 95
239 78 171 132 38 225 62 100 51 126 236 221 253 136 61 215 157 228 57 35 2 70 218 95 89 117 204 8 9 207 122 96 104 229 83 17 52 76 249 180 240 88 165 29 254 16 163 90 141 105 15 85 181 222 131 47 67 66 170 39 146 200 114 93 220 183 212 158 144 41 154 151 187 193 142 160 174 252 31 58 232 42 55 230 60 227 106 137 27 167 178 251 223 40 234 128 30 82 36 134 255 37 172 162 103 143 25 139 92 166 211 71 140 195 216 72 118 21 13 107 233 188 203 245 12 56 33 59 138 73 191 189 75 155 217 28 130 173 86 242 20 149 156 214 197 6 206 113 194 99 250 176 169 80 32 0 34 84 175 184 5 111 208 129 224 26 219 238 182 177 50 19 120 209 168 68 4 199 121 237 241 125 192 115 91 116 74 54 14 1 48 179 87 97 196 152 43 24 226 159 46 3 186 235 123 243 205 11 23 145 110 246 150 198 148 248 101 164 94 124 53 44 161 18 244 112 202 119 201 190 127 210 185 153 77 65 49 102 98 64 69 213 63 79 135 108 147 22 45 133 81 231 109 7 10 247
44 175 114 239 212 219 40 71 51 53 184 78 179 15 125 124 139 82 36 52 98 111 58 217 62 149 69 164 112 45 59 201 241 127 206 25 204 247 234 37 120 87 28 90 60 163 152 200 178 38 72 198 135 190 80 2 254 229 94 65 29 242 180 64 46 151 74 147 103 106 183 83 210 161 113 49 6 245 109 129 195 105 169 138 30 186 196 33 130 177 12 34 136 148 76 165 27 126 5 243 101 253 57 102 32 227 100 142 97 203 226 255 81 248 116 133 215 233 209 66 159 140 144 171 86 237 14 4 185 176 61 157 84 63 48 205 3 224 104 172 250 213 162 18 168 193 67 231 122 41 121 117 23 9 182 143 54 225 223 75 191 230 174 17 214 202 91 115 166 238 39 96 232 85 16 21 73 8 93 251 22 146 216 11 55 92 235 13 24 110 228 181 252 134 108 1 31 246 10 170 208 154 221 7 187 137 158 123 207 141 70 192 160 26 20 95 155 68 156 77 240 89 150 145 107 99 153 218 211 220 118 35 197 56 188 194 222 199 131 132 167 50 119 249 88 47 19 173 236 0 244 189 43 79 128 42
110 129 35 24 4 107 75 36 41 13 49 151 74 212 158 176 200 57 220 203 207 92 134 155 165 31 122 10 116 113 0 145 180 106 250 191 102 124 135 125 17 45 94 218 138 146 160 246 140 249 179 175 235 7 78 142 71 123 166 37 182 20 210 80 127 114 170 228 133 187 248 34 240 157 105 82 159 27 46 39 174 76 32 224 136 86 222 216 219 184 254 197 185 85 55 194 50 137 144 190 118 28 230 12 91 103 156 11 9 68 131 130 213 149 115 195 204 99 100 231 54 168 208 66 199 132 237 70 223 16 238 84 42 183 209 141 83 181 162 87 62 77 79 247 67 236 73 189 3 161 143 211 29 101 5 198 60 239 255 108 23 117 245 205 164 128 178 52 15 186 126 244 201 65 95 112 169 21 72 6 96 196 202 93 167 98 163 147 26 225 152 251 150 69 61 234 188 89 120 2 25 232 43 139 88 121 90 63 97 19 253 18 226 221 51 173 22 8 33 233 154 47 109 241 30 119 81 148 177 215 111 193 58 153 229 104 1 40 53 217 172 227 56 171 252 243 214 192 64 38 14 59 44 206 48 242
117 149 41 223 19 238 148 218 59 100 9 180 200 199 48 172 24 78 247 226 98 61 90 36 22 174 32 29 65 71 20 38 52 130 164 191 110 175 188 108 193 105 239 15 160 45 56 129 101 173 112 6 163 215 169 12 133 170 50 40 236 21 158 17 225 44 89 204 18 73 94 205 251 154 146 240 111 66 81 123 145 189 166 192 16 206 69 67 208 33 95 161 8 51 219 120 153 27 34 92 75 139 84 246 72 232 128 54 47 213 165 0 167 217 53 62 138 244 86 7 102 159 97 116 60 55 183 152 253 87 46 201 137 77 254 115 119 3 70 248 224 249 207 187 147 134 181 57 220 230 74 30 176 157 104 37 179 136 64 113 1 121 83 144 156 23 243 124 28 76 26 126 234 42 227 2 186 177 39 151 122 245 80 252 79 68 5 88 63 31 210 198 182 235 231 197 202 91 196 212 13 241 25 155 178 11 214 109 242 140 143 125 211 49 10 171 103 195 233 184 4 114 99 131 14 194 93 35 106 190 168 135 203 96 228 222 250 82 141 142 85 255 229 237 107 216 150 185 209 127 58 118 221 43 162 132
167 169 53 120 43 19 44 2 237 197 184 231 107 15 25 124 80 226 207 154 87 229 186 114 163 51 171 133 194 206 73 38 174 78 126 76 176 29 92 22 52 236 227 89 201 172 40 130 47 129 118 55 138 113 81 5 248 232 30 26 247 252 141 246 7 63 36 75 205 228 61 9 159 37 190 193 175 6 99 60 221 153 245 28 234 54 164 149 181 64 244 143 85 156 240 218 185 253 146 23 17 45 132 191 192 135 50 24 32 157 11 200 235 4 177 108 168 16 93 212 182 199 91 18 69 33 198 13 109 150 59 230 250 249 98 222 74 128 42 21 148 111 140 86 72 224 82 79 115 121 70 88 102 180 214 241 160 225 238 158 243 155 34 65 210 95 106 179 151 223 162 56 213 10 219 62 183 220 100 90 31 71 208 67 20 94 139 254 68 123 144 255 46 204 196 35 161 116 131 173 195 239 216 242 66 1 119 117 3 83 145 211 58 101 14 170 203 77 84 142 125 189 134 41 122 27 178 104 97 8 215 0 217 12 103 112 188 39 136 57 152 209 147 166 110 105 233 202 48 137 96 251 187 127 49 165
197 190 155 236 186 255 219 103 15 13 164 68 248 188 71 204 215 18 152 108 28 185 57 156 176 64 208 106 53 95 134 206 47 240 127 59 75 125 38 122 162 136 245 52 221 209 0 82 222 181 247 11 165 253 42 2 80 192 133 119 54 86 142 231 62 243 218 202 187 40 69 70 41 249 166 160 230 92 87 77 10 213 182 159 34 250 239 148 207 130 177 85 138 120 196 168 198 61 140 143 46 101 135 111 123 238 8 35 242 97 232 23 212 50 78 7 229 124 167 60 121 169 126 56 48 29 26 22 99 98 217 27 63 153 157 171 228 174 79 21 43 30 195 37 139 76 199 93 180 234 83 66 89 226 150 105 5 65 73 235 25 191 49 3 24 146 74 91 128 161 32 39 252 203 12 189 104 225 227 67 158 14 214 220 72 246 6 223 51 17 137 205 178 96 45 36 141 31 55 129 170 149 154 90 116 147 110 251 102 33 1 183 254 113 237 20 112 175 184 58 109 241 117 9 145 88 4 84 151 131 216 194 100 44 144 179 118 200 193 211 132 233 81 94 210 107 201 19 244 114 163 173 16 172 224 115
181 94 221 101 200 177 185 208 87 188 140 190 106 66 241 215 54 61 132 152 95 7 44 6 155 21 50 219 75 173 204 189 113 235 4 248 178 195 3 99 254 199 160 31 146 206 64 46 25 249 191 182 107 196 105 83 212 123 73 9 112 88 56 162 154 86 96 129 84 116 228 174 252 2 48 224 120 165 176 227 233 197 114 45 222 34 153 82 158 60 210 175 145 209 230 80 133 17 159 72 28 217 98 139 148 136 192 111 229 231 117 202 150 166 161 124 247 62 110 201 63 183 134 33 16 211 245 29 138 240 168 243 128 65 147 220 52 92 90 43 36 250 103 186 144 143 69 127 19 246 40 11 5 77 89 242 23 51 207 20 74 167 42 68 163 78 157 170 232 12 37 59 205 149 38 171 214 18 122 30 226 213 32 47 27 164 244 8 236 142 35 125 100 238 93 135 102 194 255 239 172 169 79 109 193 237 70 24 76 234 104 85 81 108 13 137 14 218 49 130 187 253 1 15 131 97 225 115 184 91 156 203 55 41 118 22 0 26 126 53 71 223 180 119 216 151 10 141 179 67 57 58 251 198 121 39
189 236 8 182 247 5 180 10 177 56 87 232 117 128 201 173 245 184 78 235 32 241 84 205 242 122 112 53 93 230 89 42 116 161 21 90 145 166 22 68 226 218 57 183 138 153 195 217 6 238 9 88 23 141 139 25 105 167 233 80 123 36 192 225 99 106 164 147 211 156 63 144 49 200 126 119 30 237 0 239 34 125 134 210 61 158 79 174 231 169 188 132 127 255 224 70 159 118 18 209 149 71 187 191 75 142 65 41 66 24 4 219 206 253 129 37 47 146 102 248 229 176 109 251 208 136 185 73 193 155 216 228 95 60 196 100 148 98 198 51 114 44 74 3 249 111 223 194 62 152 69 151 140 77 160 135 103 27 15 254 52 48 14 19 163 13 29 85 58 97 227 250 83 31 181 59 212 215 197 28 121 82 243 175 12 50 1 76 186 171 203 86 11 165 107 178 7 240 207 20 168 45 39 67 154 213 214 157 72 46 54 179 33 222 2 26 199 130 190 38 115 234 204 221 113 40 91 55 220 35 131 172 81 252 17 16 120 244 96 150 64 43 170 133 162 108 94 246 104 101 137 143 92 110 124 202
183 176 229 84 82 141 204 203 31 222 188 13 22 172 173 49 127 241 26 139 17 205 55 143 41 89 56 157 115 1 27 214 156 254 235 160 135 150 152 65 140 54 146 7 76 234 216 29 102 174 78 16 133 57 73 181 96 190 63 23 237 201 251 125 88 4 199 62 19 138 168 185 242 94 145 79 169 14 20 166 240 171 236 220 99 43 225 69 223 142 134 52 6 162 193 75 98 50 116 212 161 194 163 136 170 92 71 91 44 39 124 246 95 81 106 51 227 120 182 59 103 192 154 221 250 33 184 11 131 226 47 177 74 113 126 35 245 45 129 244 70 61 32 10 137 111 87 132 117 24 121 60 202 108 97 77 180 148 109 114 86 122 224 147 30 231 249 18 130 38 21 25 165 207 228 238 104 195 83 189 186 0 218 253 179 68 9 175 197 208 198 90 118 167 36 211 219 233 64 213 67 252 248 53 80 151 215 144 196 239 110 255 93 28 153 200 187 243 46 206 5 66 107 58 230 178 155 232 100 119 112 247 149 105 42 209 159 40 34 37 2 72 15 3 158 128 12 123 210 217 8 191 101 48 85 164
108 168 59 226 232 131 186 185 87 246 118 32 255 238 23 155 230 103 41 80 137 157 86 25 119 44 88 37 61 172 95 74 17 30 251 222 16 134 224 84 219 220 49 214 171 217 20 182 6 252 31 195 231 183 152 83 45 53 107 192 239 48 28 135 117 142 79 188 146 116 175 26 213 228 109 10 191 89 56 101 151 154 227 9 102 7 254 66 38 129 51 128 215 211 170 147 225 113 54 193 169 202 250 97 241 98 212 229 190 52 62 166 36 206 12 64 57 197 42 130 204 235 46 68 240 221 127 14 33 236 22 82 2 40 105 181 73 207 34 139 39 81 11 179 47 160 149 85 72 60 210 75 156 77 174 245 198 65 55 234 218 71 201 187 205 1 90 159 132 141 153 209 163 27 29 99 120 3 8 196 114 58 111 237 0 253 143 106 178 21 104 115 248 243 189 203 100 162 122 126 133 176 123 50 15 13 43 184 92 124 216 242 136 199 144 63 158 93 244 110 138 167 247 19 177 70 173 4 233 94 5 194 76 200 140 91 69 165 121 96 164 161 35 145 180 24 18 223 208 150 78 249 125 148 112 67
73 76 0 108 143 69 213 154 65 87 98 88 235 8 57 181 101 109 123 209 103 212 142 138 198 225 41 105 34 86 129 255 145 238 173 43 90 77 133 191 96 150 211 252 203 120 68 45 122 245 9 2 137 39 250 187 99 49 185 179 182 147 217 160 148 48 18 157 13 100 107 153 81 246 193 230 54 66 119 229 227 31 94 93 176 112 78 158 167 62 63 194 17 131 171 29 162 95 200 33 186 234 201 47 5 146 172 104 46 144 125 50 25 40 42 210 30 199 36 152 221 124 106 174 247 64 223 161 23 202 218 71 241 80 208 168 127 91 141 15 233 149 89 207 164 28 58 75 132 239 35 224 59 159 165 56 130 61 126 110 244 188 115 214 113 32 24 197 151 52 83 220 243 195 6 102 51 84 53 26 60 237 216 236 189 184 14 136 240 226 251 196 117 10 72 204 248 82 44 111 140 178 74 156 21 116 192 67 219 3 16 180 135 190 19 134 215 206 177 155 27 1 232 22 7 169 11 205 92 253 242 222 70 38 254 4 231 12 114 37 175 121 139 163 20 183 166 170 55 97 118 128 249 85 228 79
254 31 224 178 183 105 83 156 19 120 214 30 136 100 252 196 1 237 140 146 207 62 130 82 106 81 131 185 89 54 69 161 29 215 16 129 63 108 194 235 102 198 112 227 211 173 167 159 58 56 39 169 241 166 174 202 61 208 18 157 201 175 250 189 138 12 3 46 220 73 26 247 38 57 160 70 125 245 6 75 165 242 213 121 163 152 8 42 116 182 179 193 109 11 139 238 68 55 59 249 176 143 33 45 4 97 127 51 217 149 134 15 216 52 205 187 142 177 225 118 200 158 168 40 92 154 80 107 64 181 117 226 113 86 79 155 84 210 228 231 78 87 94 133 150 36 123 28 162 122 37 248 60 203 148 218 96 5 246 27 124 71 22 48 25 74 7 153 93 88 186 206 147 204 53 90 240 170 77 232 115 43 66 145 141 188 251 101 236 2 13 35 151 164 76 171 230 229 172 212 243 21 72 221 50 128 17 209 85 114 233 10 110 191 104 184 132 95 219 47 23 0 24 49 222 99 137 190 111 199 119 20 244 126 98 223 32 144 67 239 91 41 9 234 195 253 255 197 103 192 180 65 44 34 14 135
123 148 173 91 223 6 59 235 68 243 144 113 250 222 92 156 13 191 108 215 165 133 103 64 122 124 66 227 61 49 189 168 158 138 4 155 93 47 52 229 207 25 143 244 83 154 5 224 121 65 125 106 9 15 76 186 254 206 230 205 255 54 213 178 193 30 153 84 140 253 187 232 63 104 226 67 236 96 80 42 36 28 182 180 163 38 110 35 43 71 185 77 142 26 70 44 119 58 7 136 127 170 89 197 150 116 162 181 29 194 249 114 130 199 34 111 82 245 32 21 132 166 240 51 48 62 233 135 8 107 192 179 183 118 45 12 157 169 128 221 251 175 86 18 3 139 85 176 74 56 11 46 94 242 69 27 37 164 216 23 204 231 188 50 241 95 237 210 203 24 208 79 97 100 202 211 218 2 19 160 247 152 31 246 161 117 184 72 17 87 220 129 115 151 248 195 146 172 149 198 131 22 217 212 55 75 16 73 177 214 109 39 201 101 239 167 190 14 10 57 120 225 105 126 137 159 20 33 200 40 99 98 41 81 112 145 196 90 174 252 141 78 209 238 102 134 234 60 228 53 1 219 88 171 147 0
222 151 242 104 224 175 74 57 252 31 70 179 26 209 29 169 106 188 6 93 133 131 84 77 36 144 227 185 184 110 168 60 32 81 52 46 118 130 28 64 92 248 61 115 208 83 109 204 119 198 211 18 53 78 100 246 190 79 212 255 59 163 71 12 254 73 88 68 205 30 49 22 183 76 166 141 24 134 176 143 235 41 25 213 210 120 150 234 23 111 65 117 20 145 126 122 149 54 178 55 4 90 171 228 39 42 56 172 138 11 156 225 132 197 244 96 82 159 63 0 67 167 94 112 9 221 160 2 192 51 182 220 108 98 99 37 239 162 80 135 7 142 241 218 226 249 128 229 181 231 147 107 27 1 95 102 173 193 136 48 85 47 196 62 91 5 116 214 245 230 154 21 45 34 219 236 44 140 40 240 201 72 187 247 105 87 66 35 232 223 148 237 146 124 253 164 114 50 153 129 97 203 195 127 137 170 125 157 14 215 38 43 89 10 161 206 217 13 19 238 155 86 8 75 194 123 199 101 251 216 186 250 16 121 174 58 200 113 69 3 139 180 189 177 233 152 15 17 158 243 191 207 202 165 33 103
143 237 232 75 95 36 93 197 234 129 59 221 121 4 187 210 34 30 77 140 245 125 146 157 179 40 53 220 60 119 118 61 101 132 165 216 110 194 17 161 98 229 3 122 154 254 80 248 73 21 239 108 191 167 0 168 193 111 243 26 79 255 88 8 164 133 15 242 112 176 33 211 128 235 185 153 123 84 142 144 86 247 81 69 209 188 178 158 24 175 113 67 72 249 227 45 163 9 103 174 25 244 141 85 145 126 29 35 96 206 19 226 250 225 20 74 233 198 213 50 173 104 160 18 207 252 83 124 246 87 1 116 100 62 56 48 202 200 183 58 130 55 63 91 205 97 162 46 90 64 139 78 27 156 147 190 109 217 170 136 182 201 49 214 14 134 150 219 54 131 102 10 52 41 152 186 5 71 68 82 253 155 28 127 212 199 203 138 65 32 177 189 148 241 16 195 106 38 23 159 105 196 94 76 31 66 114 7 89 47 57 184 236 43 224 251 208 70 6 115 2 230 223 44 228 99 117 120 222 231 238 22 39 180 12 172 51 11 181 137 204 92 37 107 240 149 135 171 13 215 166 192 169 218 151 42
172 45 135 52 134 123 60 143 118 86 10 253 237 35 31 252 2 146 251 12 68 41 80 210 233 66 14 164 42 195 198 180 11 104 65 226 158 250 33 239 59 169 154 186 69 249 148 90 161 245 223 190 3 151 28 22 50 137 196 197 140 55 29 37 162 16 205 240 9 182 113 173 21 98 217 187 204 96 23 74 38 203 18 114 155 64 235 255 254 103 227 79 133 47 26 153 116 145 91 77 229 87 84 120 126 75 93 107 185 219 246 165 230 243 163 248 160 39 70 215 100 111 184 156 228 167 61 218 15 224 67 188 225 105 95 36 76 213 72 25 99 144 4 73 128 149 5 51 209 201 40 166 121 136 178 200 244 221 247 71 6 124 122 8 88 150 216 63 106 19 175 208 82 89 147 130 194 139 46 127 32 183 109 102 13 220 0 222 17 108 117 193 44 141 62 157 214 152 171 115 110 238 207 53 142 101 1 192 132 54 170 174 58 125 48 24 49 7 242 202 189 236 112 20 30 129 85 231 212 159 92 234 191 119 168 56 176 138 199 211 78 43 179 83 131 81 181 34 97 27 57 241 232 94 206 177
246 216 206 132 123 8 104 31 10 250 152 205 171 51 119 197 160 109 220 115 140 14 178 69 243 68 64 225 211 129 90 1 172 170 22 138 177 121 219 161 149 38 62 113 185 241 43 179 32 218 223 20 210 40 198 224 93 163 213 2 39 182 215 226 57 175 128 199 81 55 203 233 193 212 117 155 101 168 209 134 84 105 70 154 88 17 139 107 228 222 42 102 15 103 24 187 36 97 92 54 46 100 165 158 167 65 237 144 3 135 141 169 146 78 79 114 252 66 196 35 249 221 120 183 0 191 136 245 26 75 244 122 61 186 159 166 242 18 253 255 131 25 126 217 72 71 86 29 238 254 45 58 5 164 9 96 16 111 59 247 6 148 188 74 153 227 151 194 181 239 67 34 230 37 7 110 99 147 125 240 19 145 82 137 27 204 201 176 41 12 231 189 127 11 248 98 21 94 50 53 130 30 157 108 60 251 208 192 56 76 142 52 116 85 232 133 143 235 77 124 214 236 83 95 23 112 229 73 207 190 48 200 4 49 234 174 47 89 44 150 173 202 28 195 63 80 162 180 156 13 106 87 91 118 33 184
21 122 12 109 150 19 28 116 39 218 97 155 231 23 187 172 107 4 9 58 136 162 235 145 255 168 143 50 32 229 185 184 132 84 174 144 213 152 30 59 126 104 64 15 206 128 138 82 154 103 204 225 117 153 201 170 241 207 215 240 69 111 131 118 45 76 33 27 0 91 161 13 46 183 5 49 71 51 90 146 244 237 77 93 121 38 81 44 159 151 16 70 212 85 198 47 133 130 165 96 221 216 55 29 141 2 67 175 42 124 26 115 11 220 119 110 148 134 149 208 120 249 73 228 245 233 239 169 54 195 171 226 166 189 156 75 89 181 37 112 6 80 238 7 113 78 74 192 63 61 227 99 31 191 209 254 1 8 164 137 217 188 199 65 20 196 247 88 22 224 140 167 219 83 222 163 125 230 180 210 214 40 190 18 202 179 62 123 87 223 114 3 66 197 176 24 56 17 102 35 36 211 129 57 157 160 86 173 53 34 203 186 246 25 139 98 200 68 248 193 205 242 135 252 127 95 108 251 105 48 101 194 178 14 177 234 41 60 106 10 142 79 232 43 236 182 250 94 52 92 253 243 158 147 100 72
37 8 156 238 196 206 78 130 192 118 145 102 219 155 9 151 124 117 193 122 248 11 14 116 125 132 171 188 74 161 66 200 160 75 31 98 241 186 1 134 43 29 65 162 109 60 86 63 112 45 191 131 126 224 244 185 242 91 128 23 208 115 15 153 81 104 183 179 226 34 139 19 40 51 73 189 202 114 209 13 12 210 250 26 59 110 4 88 166 55 247 123 152 16 48 148 229 142 222 170 133 2 85 61 0 62 87 5 137 175 228 149 237 157 58 27 164 136 6 70 182 105 22 129 79 47 17 233 36 38 235 141 230 218 103 82 72 52 173 69 7 216 221 143 121 194 57 158 252 68 174 138 35 234 39 20 178 184 245 100 168 120 144 119 169 223 127 92 107 199 67 253 54 167 101 146 232 18 140 236 150 10 249 211 205 197 96 94 77 207 24 204 212 240 99 246 56 195 239 213 33 227 176 50 41 84 3 111 64 30 76 95 198 108 163 28 44 113 203 25 251 159 201 190 46 80 154 220 217 231 147 49 177 21 106 93 97 32 214 181 71 83 42 135 165 89 255 187 172 53 254 90 243 225 180 215
10 212 120 103 107 247 34 55 65 186 22 165 16 13 0 45 80 6 150 91 2 24 35 25 172 200 249 118 38 46 60 146 40 149 79 75 135 162 233 42 226 23 66 192 82 175 110 235 27 14 70 128 33 87 148 189 140 57 5 237 59 182 201 194 74 231 187 124 36 241 122 116 119 84 154 97 85 240 210 94 205 37 44 90 18 183 130 167 246 3 56 166 164 223 31 30 113 49 15 95 104 254 255 131 209 68 108 221 99 32 137 225 123 171 138 239 197 83 109 41 238 81 62 242 217 232 234 147 222 136 228 89 158 61 43 111 184 1 160 98 215 139 155 8 178 17 145 105 64 28 78 207 170 86 26 144 101 220 250 12 69 176 227 161 251 96 102 248 67 253 63 47 181 125 52 151 50 224 216 134 88 244 20 157 180 132 198 39 243 21 245 218 252 174 153 173 126 121 206 73 177 163 188 133 54 202 9 141 185 19 236 48 77 115 11 93 213 53 129 4 156 195 208 117 72 127 211 71 152 143 114 92 219 193 169 214 199 106 203 142 29 190 179 159 7 230 191 196 168 204 51 229 112 58 76 100
89 242 12 212 133 26 88 220 9 98 60 127 156 194 90 172 37 132 208 83 235 19 32 196 151 206 35 150 231 222 193 171 43 17 248 38 23 185 27 221 108 14 3 238 86 54 15 20 247 28 130 53 191 137 155 179 36 199 182 186 71 113 134 144 10 101 244 95 92 0 124 159 85 229 170 81 103 114 104 251 24 73 197 117 125 139 225 119 228 158 154 214 241 57 121 50 102 145 16 161 254 189 59 106 93 149 207 112 166 227 13 219 136 84 61 138 6 25 18 153 55 11 203 115 65 201 195 198 163 233 176 164 64 34 173 29 116 123 169 97 7 209 246 70 82 135 245 243 47 110 109 192 128 94 174 183 78 79 210 33 147 187 45 178 111 216 49 202 250 217 63 21 162 188 120 62 160 141 66 41 56 58 226 46 215 52 168 237 140 122 190 8 80 239 177 39 218 234 87 2 96 224 184 143 107 157 31 249 165 105 223 180 44 74 91 148 255 51 240 75 175 181 72 146 77 142 126 5 204 131 230 129 48 40 213 167 68 99 236 4 211 22 118 67 100 69 42 76 253 232 252 205 200 30 152 1
229 50 184 140 60 217 89 188 208 96 240 138 85 127 166 238 79 17 159 91 107 157 70 154 194 168 22 84 253 241 0 114 254 213 24 43 197 30 74 34 112 224 165 151 86 118 174 8 94 20 250 234 219 72 101 102 73 26 198 192 7 124 119 109 42 245 214 191 66 27 16 180 239 162 209 117 170 152 228 200 230 93 172 175 78 133 167 143 155 15 40 67 19 129 9 55 244 82 110 39 6 156 199 92 153 201 158 88 80 61 58 54 131 130 249 59 95 185 189 203 5 206 111 53 75 62 227 69 171 108 231 125 212 11 115 98 121 3 182 137 37 97 105 12 57 223 81 35 56 178 106 123 160 193 64 71 29 235 44 221 136 2 4 99 190 46 246 252 104 23 38 255 83 49 169 237 210 128 77 68 173 63 87 161 202 181 186 122 148 179 142 28 134 65 33 215 31 145 14 52 144 207 216 90 141 18 149 41 177 120 36 116 183 163 248 226 132 76 176 211 150 232 225 243 164 10 113 126 242 139 233 51 21 146 195 205 48 204 1 147 222 187 13 218 32 251 135 47 45 196 100 25 220 103 236 247
201 54 229 237 251 82 231 85 15 11 71 98 169 233 162 214 2 128 18 111 46 171 218 205 6 64 224 23 84 125 76 248 196 173 250 118 137 130 10 167 123 60 227 177 58 52 55 20 90 33 21 176 146 30 141 228 235 26 209 119 66 103 182 194 247 102 100 159 222 221 49 240 206 31 40 190 191 67 145 4 44 157 35 223 73 161 59 107 74 175 133 19 45 232 174 17 253 178 153 168 170 83 158 72 164 25 94 252 234 47 120 192 96 34 151 75 91 199 114 208 81 41 255 219 14 143 106 22 217 80 37 156 186 203 5 112 163 97 187 32 38 184 3 189 254 238 117 61 243 87 241 160 152 70 24 180 211 93 116 68 134 230 179 212 181 154 188 110 89 109 62 57 142 9 113 99 124 69 245 138 200 77 121 210 172 239 13 51 202 29 149 244 65 195 92 131 144 53 8 63 147 7 88 79 50 28 155 129 105 150 135 42 139 78 220 126 115 95 198 166 127 132 104 140 242 165 48 249 12 36 148 56 39 43 183 225 246 1 122 213 101 207 204 0 236 16 197 86 27 193 215 226 216 108 136 185
168 58 210 167 106 203 138 252 128 166 54 44 45 238 185 108 26 81 208 88 187 164 172 195 74 175 127 177 93 53 228 202 41 48 119 139 82 249 31 248 142 8 37 206 62 160 191 176 100 222 246 235 165 182 245 86 241 186 147 18 133 193 51 33 12 236 178 169 94 183 92 70 199 110 60 251 99 75 43 149 141 73 83 116 71 103 215 161 239 244 35 211 107 152 163 214 220 184 101 32 209 21 140 69 145 47 197 162 132 196 217 67 120 4 146 59 15 204 85 126 135 123 179 98 216 218 104 189 137 153 148 111 234 49 97 188 50 170 121 20 3 198 232 16 125 227 155 230 115 52 134 207 39 79 77 30 23 237 90 173 131 130 56 114 6 233 27 253 247 64 76 229 10 38 194 7 61 154 29 55 150 65 144 157 219 254 24 46 192 136 25 158 201 5 109 17 213 200 19 34 14 151 231 250 223 129 22 112 87 225 80 122 89 181 242 226 159 156 66 96 180 224 57 11 63 221 91 72 68 95 255 124 1 205 36 117 174 240 243 2 118 84 212 102 171 78 143 190 42 28 105 9 0 13 113 40
41 118 214 114 59 20 146 6 66 179 161 140 109 51 42 222 56 220 198 72 238 188 124 227 203 171 22 14 201 211 244 199 231 88 34 112 117 163 84 235 25 36 87 93 57 229 160 82 149 13 197 18 175 70 35 5 69 90 195 248 132 19 187 143 77 213 254 8 251 52 226 89 91 232 62 10 26 21 239 107 177 225 61 178 43 249 148 131 71 105 144 253 100 28 103 243 180 7 80 167 207 205 158 151 110 218 46 4 3 184 242 134 106 155 126 120 192 204 102 138 166 67 135 189 27 157 183 23 193 17 30 92 127 152 174 65 9 153 31 74 133 237 145 86 73 147 162 142 24 104 123 96 2 150 240 215 98 208 250 217 54 115 99 32 29 194 224 53 97 185 139 191 94 219 200 196 223 128 252 129 78 164 245 47 113 116 130 246 212 85 230 44 206 16 63 170 156 233 137 0 141 241 168 186 83 40 234 76 11 125 1 39 182 172 173 111 58 236 154 209 81 216 60 37 45 68 202 48 255 50 221 181 101 75 169 176 247 12 210 122 159 121 15 136 165 79 190 33 64 49 228 95 119 108 38 55
219 64 91 6 157 189 179 105 96 236 77 4 238 223 125 178 144 24 92 170 133 82 193 88 113 242 151 42 216 41 37 198 184 102 63 229 145 143 250 111 150 94 192 134 122 11 35 86 158 214 16 152 5 191 196 248 183 13 171 197 66 136 186 230 12 155 188 199 30 148 101 172 54 28 176 206 166 185 90 128 74 141 182 107 57 78 43 127 61 245 112 80 201 195 15 75 243 76 252 160 9 70 65 27 19 73 138 131 140 38 210 117 231 108 114 142 119 51 52 87 225 39 169 8 222 194 93 156 0 164 109 218 254 48 217 95 34 159 132 139 215 246 226 228 104 253 99 190 45 44 59 2 211 227 18 31 233 137 237 69 244 84 32 220 234 121 161 47 126 200 124 167 154 212 40 7 203 10 235 83 72 120 98 213 247 118 55 110 255 177 174 149 14 240 204 162 100 239 221 71 249 67 23 26 103 3 130 81 33 224 181 165 29 49 115 25 89 58 205 106 116 208 50 97 187 209 56 68 251 85 202 46 180 163 21 173 232 22 207 147 20 62 17 123 146 175 1 168 36 53 135 153 129 241 79 60
63 24 119 135 163 80 123 86 201 193 58 112 254 127 240 89 175 172 207 138 8 3 97 71 183 44 109 217 84 166 68 157 53 7 161 152 190 176 191 250 162 36 115 15 32 20 26 211 96 237 213 13 208 231 198 117 131 223 79 154 48 122 25 49 155 120 116 234 105 103 14 141 73 233 251 41 43 50 206 179 4 230 241 107 62 238 34 130 64 11 182 209 6 125 9 205 167 17 222 252 1 82 232 60 244 221 104 165 129 10 156 45 108 239 218 66 98 59 144 77 78 253 171 99 199 202 128 215 95 76 245 228 33 67 181 140 242 110 35 235 247 29 177 39 169 137 150 38 147 90 143 236 220 56 219 21 83 102 148 52 184 121 19 85 23 224 37 136 94 134 40 30 200 189 142 114 164 54 151 192 61 70 158 81 5 139 197 18 65 229 214 149 46 51 100 178 204 22 187 42 210 185 92 74 16 227 226 174 126 216 186 255 194 72 101 168 146 106 57 248 170 180 124 196 145 246 12 159 195 243 212 28 249 2 27 111 153 173 160 87 118 75 69 0 133 203 55 88 225 47 91 113 93 132 188 31
27 9 41 179 104 3 200 16 100 78 45 113 6 138 132 160 247 51 52 250 165 139 147 17 126 60 95 119 37 223 28 131 208 72 42 59 206 133 184 148 58 128 224 10 174 90 110 109 213 82 189 243 157 136 8 226 255 201 187 84 197 194 230 236 185 203 217 40 74 101 20 85 98 18 103 15 149 180 70 210 221 39 11 83 22 171 73 125 79 177 43 80 215 205 146 186 68 182 135 209 254 114 183 238 4 115 161 64 56 150 21 231 246 33 55 99 76 102 181 116 234 232 118 198 5 71 173 216 129 30 63 192 199 2 240 49 249 156 237 142 38 219 212 123 75 0 77 127 218 227 48 154 251 172 12 69 7 26 225 220 93 62 163 252 211 111 47 242 164 25 29 168 235 158 134 159 117 97 57 44 91 222 130 140 239 195 86 67 14 202 89 46 229 23 166 31 248 54 66 188 153 34 193 241 191 36 144 207 137 167 96 87 204 61 32 155 245 162 244 233 170 253 228 196 120 108 92 145 141 107 112 1 106 122 178 151 190 65 88 176 124 19 152 50 53 35 121 214 175 81 13 105 143 94 169 24
36 144 192 170 30 64 190 127 182 72 249 246 221 86 57 21 234 172 56 38 143 66 139 95 98 175 75 202 153 105 41 253 237 101 121 187 97 161 130 22 178 188 25 122 169 4 26 128 140 68 157 19 118 252 235 93 245 49 94 24 219 92 134 89 195 218 247 73 240 108 125 207 225 201 58 151 132 136 163 78 229 6 251 177 168 53 149 76 55 40 197 250 216 96 164 242 205 154 10 160 185 59 223 114 33 113 109 15 1 174 135 46 217 215 67 183 222 166 9 206 194 83 107 158 230 31 88 224 77 8 13 65 255 85 243 14 138 208 3 47 84 227 5 16 102 220 173 244 126 100 248 23 238 2 162 200 146 213 254 179 129 150 115 199 133 62 184 152 18 12 87 147 60 148 69 232 81 142 137 99 91 145 210 203 212 110 27 189 48 180 186 214 191 123 124 159 42 111 241 80 39 11 165 228 0 236 181 35 71 120 34 167 106 231 204 211 32 63 43 45 176 70 171 7 117 116 131 74 28 44 90 103 50 209 54 141 61 156 104 37 51 193 233 119 198 17 196 239 226 29 112 79 20 82 52 155
50 156 137 134 130 207 206 70 135 171 6 10 24 81 27 187 129 151 138 48 145 247 184 52 201 33 87 191 174 197 79 3 213 113 173 181 88 133 44 157 111 132 254 182 199 236 14 140 147 105 56 120 42 212 78 80 175 11 122 67 73 180 99 114 76 159 125 245 58 31 204 153 144 249 139 163 237 23 2 7 198 224 255 218 104 210 141 109 36 107 221 90 128 220 28 37 166 217 94 225 117 253 196 112 192 4 239 69 47 208 152 252 32 226 53 46 64 240 86 189 202 63 215 54 127 97 222 16 26 124 25 77 223 43 8 89 39 108 72 211 123 121 17 176 101 41 179 57 68 126 5 216 136 38 165 9 29 172 61 214 161 203 242 59 155 93 235 167 183 233 146 230 15 244 98 160 74 62 0 190 75 34 100 119 18 106 150 110 188 45 241 227 162 194 250 84 170 96 71 55 40 148 177 178 149 102 19 13 83 200 195 185 118 66 35 12 142 103 92 1 60 238 30 193 246 228 49 21 51 169 248 251 154 209 243 219 231 91 116 143 95 205 85 131 65 158 186 115 82 232 20 168 229 22 234 164
7 65 253 250 160 190 19 63 151 105 157 60 185 166 162 189 94 218 95 44 130 211 13 79 82 96 212 178 51 196 10 172 237 29 136 122 199 103 0 107 207 134 152 49 6 200 42 232 91 222 5 148 138 139 77 24 202 120 175 47 182 26 3 11 34 168 14 221 16 187 147 67 41 135 142 213 233 176 88 125 87 236 102 131 45 156 254 30 15 194 61 85 74 4 21 84 180 80 25 241 112 227 32 145 127 106 75 17 8 188 22 186 164 38 204 154 90 193 169 137 243 235 167 177 210 165 197 54 255 78 83 129 50 201 246 2 53 59 23 195 126 48 115 234 163 239 141 36 1 226 35 56 161 214 98 240 153 109 43 179 220 229 217 18 192 55 57 198 28 231 247 242 205 73 143 191 27 144 9 215 114 97 37 71 110 219 66 249 69 209 146 228 46 133 173 171 124 117 76 184 12 225 224 150 208 100 72 121 92 86 158 170 68 104 132 33 101 155 248 123 149 244 159 238 251 58 93 118 140 31 230 119 252 40 99 203 111 52 39 113 128 108 245 70 89 62 223 116 206 181 64 174 216 183 20 81
134 105 135 253 77 80 238 38 72 48 60 175 200 227 179 34 169 215 149 242 15 199 166 61 104 252 58 106 63 248 240 221 218 214 36 35 154 219 255 90 94 108 165 111 16 213 235 222 132 229 76 13 136 30 117 171 20 3 26 163 87 42 197 2 10 172 217 128 241 195 216 83 11 28 65 98 224 231 189 140 204 126 41 162 164 4 95 206 151 157 9 183 198 160 243 209 74 142 115 33 237 228 78 223 247 66 107 86 91 27 53 84 47 188 39 225 193 120 191 50 174 212 49 112 121 250 46 178 54 201 82 25 196 21 88 68 153 131 37 236 81 116 55 137 130 148 69 170 18 31 147 44 138 211 181 51 100 110 208 109 161 52 127 92 173 123 192 156 40 207 205 101 5 185 125 8 141 152 210 89 45 220 122 249 93 113 1 145 43 245 32 71 143 239 177 64 251 12 62 230 59 99 73 182 244 158 146 0 19 159 118 184 203 102 190 234 194 17 129 70 56 246 23 79 168 254 180 155 139 124 232 6 7 233 186 103 97 167 29 24 14 202 150 119 96 226 187 176 85 144 67 114 22 75 57 133
96 198 13 63 107 144 32 65 76 162 25 233 49 186 160 53 83 43 62 222 5 206 18 59 239 189 210 175 4 193 122 244 212 78 72 147 207 120 208 129 37 141 202 197 159 151 205 15 8 17 170 87 249 108 240 246 19 251 183 184 219 102 171 46 140 99 71 225 33 0 41 241 95 131 180 94 227 166 36 9 16 92 123 103 105 236 130 231 67 177 176 191 134 88 104 150 163 110 14 114 201 121 216 164 97 111 253 38 179 3 77 1 44 31 89 172 139 80 142 112 215 204 252 230 90 124 250 187 242 132 54 51 26 146 117 81 39 232 116 98 203 126 199 155 158 235 135 7 213 165 101 58 42 161 181 247 157 221 190 82 238 248 85 182 229 64 86 188 200 128 217 79 178 57 40 153 50 109 154 84 24 152 194 149 255 23 52 133 45 168 185 12 30 6 118 211 192 196 223 138 34 66 56 237 228 113 209 136 115 100 2 55 21 156 224 47 10 214 70 220 245 119 28 174 93 173 169 75 61 234 195 106 22 20 127 243 27 226 69 11 254 143 167 218 35 91 148 29 137 68 73 125 60 145 48 74
80 120 31 158 90 250 13 58 60 67 223 196 21 247 3 124 79 255 51 147 81 28 199 226 23 142 26 222 184 34 239 14 18 99 249 77 6 238 121 182 146 27 173 62 125 1 235 83 115 76 161 94 95 15 188 116 216 219 145 232 112 93 7 245 50 84 198 157 4 127 52 252 9 46 194 56 186 154 167 55 164 107 160 253 237 73 236 38 100 119 165 69 201 138 36 102 40 241 54 153 111 151 57 47 217 206 159 131 181 71 168 209 78 87 175 98 22 156 214 35 82 246 231 166 63 68 117 195 221 39 204 59 227 202 109 91 33 244 243 191 143 233 203 17 211 89 118 185 163 123 74 10 187 197 141 213 162 8 29 176 212 5 229 45 11 19 44 128 170 190 177 104 135 92 86 0 150 220 72 105 242 64 108 130 110 149 205 48 41 136 152 180 97 140 103 218 210 75 129 16 144 2 106 192 189 224 155 25 20 114 88 200 61 126 234 101 183 85 174 70 24 178 169 207 193 208 12 179 53 132 32 49 37 43 228 113 254 230 30 225 248 215 134 148 240 96 171 65 139 42 66 172 137 133 251 122
233 163 28 254 218 176 114 253 235 85 8 81 37 40 117 17 144 95 47 238 195 179 43 63 129 39 103 72 219 120 130 222 64 111 201 223 70 82 10 99 216 60 194 177 35 187 246 36 221 161 34 76 31 137 160 189 15 182 50 67 149 167 143 255 93 74 78 105 20 171 203 193 119 110 250 91 18 252 237 139 192 158 38 106 184 147 96 207 102 127 1 165 56 230 55 51 212 198 116 77 243 159 157 9 125 164 108 206 148 136 25 49 100 172 228 30 166 19 205 210 7 197 27 185 211 80 150 200 244 26 169 202 213 44 162 115 186 68 42 190 220 180 199 104 142 88 155 196 121 71 92 57 141 75 4 126 94 215 209 29 89 2 90 11 174 23 84 79 41 33 87 152 145 154 52 224 131 245 122 128 156 133 65 66 101 239 53 183 22 236 208 107 170 0 178 123 232 13 62 231 109 48 173 146 153 229 5 240 242 118 12 113 204 59 58 73 16 225 241 32 45 247 151 251 83 3 98 46 234 248 135 175 61 140 214 138 181 168 226 54 21 217 24 249 97 86 134 112 227 6 132 69 124 14 191 188
11 72 108 136 37 105 159 252 127 153 248 163 242 255 62 97 122 144 35 234 123 1 44 103 207 115 56 43 117 132 112 249 74 93 66 227 120 210 185 68 178 220 187 24 85 69 2 254 164 194 23 67 155 109 161 64 189 170 166 193 98 222 99 48 134 215 17 83 86 100 216 182 55 200 14 176 241 33 140 126 203 107 0 111 211 138 156 53 10 204 46 236 95 226 9 152 142 143 81 28 206 124 179 51 186 30 7 15 38 172 18 225 20 191 151 71 45 139 146 217 237 180 92 129 91 240 106 135 49 160 3 34 19 198 65 89 78 8 25 88 184 84 29 245 116 231 36 149 131 110 79 21 12 192 26 190 168 42 208 158 94 197 173 141 247 239 171 181 214 169 201 58 4 82 87 133 54 205 250 6 57 63 27 199 130 52 119 238 167 243 145 40 5 230 39 60 165 218 102 244 157 113 47 183 224 233 221 22 196 59 61 202 32 235 251 246 209 77 147 195 31 148 13 219 118 101 41 75 114 223 70 253 73 213 150 232 50 137 177 175 128 121 80 188 16 229 228 154 212 104 76 125 96 90 162 174
31 32 135 212 76 46 63 210 137 188 152 62 132 228 14 178 94 114 113 217 86 193 247 161 140 12 230 4 205 191 88 201 198 234 240 189 207 221 44 78 105 24 89 102 22 107 19 153 184 74 214 225 43 15 87 26 175 77 129 83 181 47 84 219 209 150 190 72 186 139 213 3 118 187 242 8 119 165 68 60 154 25 235 250 37 59 103 80 106 185 120 238 236 122 202 9 75 177 220 133 34 67 196 203 6 244 53 253 160 241 146 42 223 216 127 79 0 81 131 222 231 52 158 255 176 16 73 11 30 229 224 97 66 167 1 215 115 51 246 168 29 33 172 239 162 138 163 121 101 61 48 95 226 134 144 243 199 90 71 18 206 93 50 233 27 170 35 252 58 70 192 157 38 197 245 195 40 148 211 141 171 100 91 208 65 36 159 249 166 248 237 174 2 232 200 124 112 96 149 145 111 116 5 110 126 182 155 194 69 92 180 128 23 156 54 57 39 125 218 179 85 17 109 147 98 173 28 13 45 183 108 7 204 20 104 82 49 117 10 142 136 164 251 55 56 254 169 143 151 21 130 64 99 123 41 227
98 10 46 52 1 19 33 111 145 172 91 156 169 89 174 86 220 251 141 26 37 110 82 154 93 242 144 196 150 248 114 151 31 21 217 2 139 253 206 25 70 185 254 54 75 186 232 135 127 221 92 47 62 104 126 170 147 173 252 187 50 48 189 14 76 142 244 32 200 101 134 8 15 73 56 120 65 227 53 213 109 35 28 194 146 0 148 198 34 43 119 225 67 243 83 140 78 97 41 36 164 133 234 68 27 182 118 58 235 96 100 239 51 229 205 230 188 168 128 115 162 38 201 211 55 11 157 138 85 18 160 117 45 94 237 102 64 125 137 4 224 105 9 57 7 107 215 23 208 238 167 158 20 132 103 226 61 233 60 49 241 69 44 12 191 179 163 216 212 178 183 72 177 193 249 222 6 136 159 247 195 90 223 121 124 106 192 30 246 152 84 176 214 165 240 95 80 112 250 175 74 16 87 171 149 116 184 77 209 203 231 63 122 123 66 236 210 218 88 197 131 166 190 108 39 99 202 24 143 113 130 22 204 255 219 129 199 40 81 245 161 181 180 29 153 5 59 228 207 79 42 71 17 3 155 13
173 118 194 45 142 63 158 215 153 172 116 111 239 208 54 143 102 2 193 133 55 171 175 59 126 49 25 50 8 243 203 190 237 113 21 31 130 86 232 213 160 93 235 192 120 169 57 177 139 200 212 79 44 180 84 132 82 182 35 98 28 58 242 233 95 207 178 46 136 53 135 124 61 144 119 87 11 254 238 36 32 253 3 147 252 13 69 42 81 211 234 67 15 165 43 196 199 181 12 105 66 227 159 251 34 240 60 170 155 187 70 250 149 91 162 246 224 191 4 152 29 23 51 138 197 198 141 56 30 38 163 17 206 241 10 183 114 174 22 99 218 188 205 97 24 75 39 204 19 115 156 65 236 1 255 104 228 80 134 48 27 154 117 146 92 78 230 88 85 121 127 76 94 108 186 220 247 166 231 244 164 249 161 40 71 216 101 112 185 157 229 168 62 219 16 225 68 189 226 106 96 37 77 214 73 26 100 145 5 74 129 150 6 52 210 202 41 167 122 137 179 201 245 222 248 72 7 125 123 9 89 151 217 64 107 20 176 209 83 90 148 131 195 140 47 128 33 184 110 103 14 221 0 223 18 109
143 108 69 74 46 82 184 107 245 191 209 233 90 253 236 240 125 167 188 198 64 155 43 149 146 0 178 213 139 28 224 135 157 168 158 50 78 127 251 171 179 193 24 173 27 212 208 13 40 111 175 104 156 199 70 215 53 243 113 160 147 203 6 166 220 26 67 18 190 138 115 192 60 79 72 207 109 65 2 169 119 255 249 252 217 32 230 218 118 88 227 83 170 177 223 151 61 8 45 124 136 189 44 42 101 164 163 246 182 148 228 237 132 133 9 87 201 241 99 232 165 15 103 1 49 16 117 75 216 242 174 116 214 195 120 95 110 112 25 100 14 106 222 36 194 176 244 62 134 38 231 93 17 33 141 56 150 23 238 197 161 211 85 48 219 159 22 234 98 128 145 202 54 105 39 129 229 235 126 200 131 196 180 59 3 185 29 183 102 94 12 221 122 153 35 58 10 76 172 121 154 123 96 130 52 31 51 4 254 84 206 55 41 66 11 187 80 142 19 63 152 114 181 210 248 144 226 91 186 7 137 34 73 86 250 205 5 89 204 30 21 247 225 97 71 47 92 77 239 81 20 162 68 57 37 140
117 253 182 149 44 87 235 41 89 46 231 223 204 201 197 19 18 137 202 238 73 77 91 148 94 254 196 218 205 115 212 59 251 119 13 100 154 3 241 9 146 70 25 180 240 248 155 200 111 224 178 199 66 249 11 48 81 207 214 172 123 187 109 24 145 147 242 78 189 134 140 247 166 181 143 226 192 57 125 98 16 220 211 61 206 230 49 90 69 74 10 36 67 30 171 22 208 176 103 174 33 157 195 32 95 104 233 29 161 37 184 65 8 179 4 71 51 136 114 20 219 64 99 38 120 113 131 52 153 1 14 130 27 121 194 164 34 83 93 191 92 144 35 110 75 156 106 175 139 23 190 188 84 243 168 108 246 124 135 193 72 28 203 105 232 76 96 239 128 26 228 15 54 126 222 160 47 234 250 45 213 42 82 56 165 227 141 129 0 2 142 101 167 186 85 173 217 177 255 112 53 39 229 6 62 151 237 163 138 122 107 215 244 245 216 169 86 80 150 12 7 252 185 133 102 79 209 170 159 68 127 50 97 5 58 40 116 88 118 236 60 63 221 21 55 31 43 158 183 210 162 17 152 198 132 225
48 130 2 231 207 252 237 144 241 180 67 228 217 197 45 13 229 234 206 242 89 12 150 96 114 138 250 158 141 145 30 72 93 103 224 60 203 54 51 0 83 118 44 188 129 40 62 73 63 210 238 32 156 76 84 98 184 78 187 117 113 173 200 16 80 9 61 104 230 120 213 148 18 65 52 108 166 71 125 186 227 178 95 43 20 97 220 239 232 112 14 225 162 74 24 160 154 157 122 192 135 123 23 248 132 243 75 82 128 56 221 168 205 29 41 94 204 202 6 69 68 151 87 53 133 142 37 38 169 247 106 146 4 137 70 175 8 161 209 176 22 235 121 147 79 21 119 100 25 255 15 17 185 5 174 11 127 196 99 81 149 222 39 198 136 253 177 193 46 216 55 183 143 102 66 116 245 208 124 64 182 139 3 33 50 107 214 10 199 34 134 140 31 105 36 101 85 219 163 90 189 88 7 254 172 126 27 58 195 218 170 236 77 26 59 28 1 35 212 191 211 164 159 244 111 215 201 226 171 92 240 47 179 223 57 19 86 115 153 49 131 251 91 167 42 194 233 246 155 110 165 249 109 190 181 152
128 195 129 76 247 19 71 190 74 15 232 82 32 62 66 147 42 125 54 31 169 230 194 75 221 110 173 49 28 131 163 124 209 142 143 63 236 164 9 12 193 25 160 141 55 38 98 132 246 205 52 175 100 45 57 94 242 104 234 202 215 103 212 155 208 46 30 121 29 86 148 167 213 117 249 186 84 150 88 34 102 201 159 199 105 95 10 254 207 179 229 119 216 2 126 135 223 146 70 204 7 83 130 39 24 214 111 116 165 243 14 87 252 107 20 250 157 139 81 37 36 239 191 26 251 65 4 137 166 233 211 171 122 58 235 245 189 6 210 56 77 224 5 53 22 93 59 67 92 176 218 238 225 152 183 140 134 0 198 13 120 153 35 112 156 178 158 197 253 96 89 184 200 228 145 188 151 11 3 123 177 64 192 50 154 240 237 17 203 73 68 162 136 248 109 174 27 149 231 133 222 118 72 226 217 255 241 1 60 227 101 180 80 97 85 91 21 161 47 23 78 18 41 8 182 196 33 144 219 113 187 90 114 220 185 181 44 170 168 79 206 138 43 61 106 108 115 16 244 69 40 51 172 127 48 99
188 195 206 9 143 99 19 176 48 147 167 55 199 97 44 86 125 197 38 231 118 50 66 116 29 113 153 127 236 43 212 200 0 73 213 172 238 2 156 244 33 248 71 183 124 110 45 77 133 222 53 234 209 193 178 31 60 61 32 240 157 151 221 83 78 68 1 204 173 150 25 241 230 139 198 121 168 76 129 111 187 159 189 52 131 134 37 92 126 102 114 229 254 26 233 88 223 14 203 41 69 253 220 115 158 51 112 160 117 47 39 20 17 13 90 89 208 18 54 144 148 162 219 165 70 12 34 21 186 28 130 67 190 84 171 225 74 57 80 217 141 96 251 56 64 226 16 182 40 249 15 137 65 82 119 152 23 30 243 194 3 180 95 216 218 58 149 5 205 211 63 237 252 214 42 8 128 196 169 87 36 27 132 22 46 120 161 140 145 81 107 138 101 242 93 24 247 174 245 104 228 11 103 166 175 49 100 232 108 255 136 79 250 75 142 122 207 185 91 35 135 170 109 191 184 202 123 224 72 85 201 98 192 10 235 105 154 164 7 163 215 106 181 146 227 177 246 210 94 6 4 155 59 239 179 62
22 130 178 156 16 50 176 113 168 58 235 232 207 72 43 7 220 158 42 24 129 52 125 81 84 161 61 188 139 91 27 239 223 87 107 173 83 147 116 8 164 174 11 108 155 245 12 114 126 54 143 5 104 238 221 79 231 35 80 10 205 78 120 75 181 204 233 59 226 94 111 193 211 187 44 137 118 122 149 64 215 247 237 163 154 39 135 62 41 26 183 236 202 82 150 228 191 140 251 146 171 45 209 100 19 99 95 1 242 160 121 32 203 201 53 169 208 152 250 192 180 69 93 144 216 17 74 210 63 249 254 51 241 71 229 255 124 194 244 33 70 213 246 2 88 206 159 230 112 86 234 9 224 243 148 186 132 199 240 165 115 136 101 185 119 48 170 138 4 253 73 133 46 134 55 218 67 128 123 85 77 131 196 189 198 96 13 175 34 166 172 200 177 109 110 145 28 97 227 66 25 252 151 214 0 222 167 21 57 106 20 153 92 217 190 197 18 49 29 31 162 56 157 248 103 102 117 60 14 30 76 89 36 195 40 127 47 142 90 23 37 179 219 105 184 3 182 225 212 15 98 65 6 68 38 141
167 254 251 247 69 68 187 252 33 123 127 141 198 144 49 246 13 255 165 7 109 46 169 63 150 204 53 36 59 196 120 75 230 35 43 205 250 161 19 228 249 116 44 61 98 131 2 9 222 173 237 159 74 195 197 37 128 239 184 190 42 216 231 193 21 242 107 175 148 66 15 6 111 1 25 99 140 119 124 60 86 117 80 221 72 3 226 153 224 83 207 245 82 145 154 28 79 211 87 234 115 58 229 54 121 101 186 164 70 14 114 149 88 170 163 181 102 203 51 64 180 77 171 244 214 84 133 143 241 142 194 85 160 125 206 156 225 189 73 240 238 134 38 218 158 41 174 185 243 122 78 253 155 27 126 146 34 178 76 23 65 104 176 17 210 97 29 45 95 8 92 132 106 215 22 191 179 0 52 192 151 217 236 135 223 12 227 50 162 103 89 24 56 112 201 32 213 188 172 157 10 39 40 11 219 136 130 200 62 57 47 235 183 152 129 4 220 209 118 177 100 147 55 108 90 166 138 168 31 110 113 16 71 105 81 93 208 233 5 212 67 202 248 182 20 48 232 199 94 137 30 91 139 96 26 18
199 87 122 170 63 145 103 113 240 37 99 25 52 9 126 62 171 58 31 24 100 29 155 173 176 23 32 39 78 95 236 68 228 107 67 237 193 5 148 93 163 41 205 191 227 69 16 222 248 225 19 207 98 38 33 131 151 92 149 253 35 185 115 22 177 60 243 11 90 86 133 196 46 181 202 213 235 96 109 21 116 175 174 117 157 188 221 17 166 250 73 217 154 30 59 178 210 55 136 49 129 77 40 164 247 223 0 224 249 167 44 82 135 56 144 64 220 189 71 43 168 232 89 12 184 36 241 209 179 140 198 200 142 48 137 125 10 244 234 214 80 231 169 123 128 50 28 101 219 65 159 230 81 45 197 141 201 182 85 91 152 7 75 27 51 26 76 130 34 254 14 106 229 160 216 74 8 53 139 180 47 143 57 172 156 118 112 104 3 1 239 114 186 111 119 147 6 153 218 102 146 120 195 134 83 212 203 246 165 18 226 192 238 2 105 15 70 190 206 20 110 187 158 66 108 97 208 242 61 127 124 138 54 211 84 183 13 255 4 194 121 88 233 245 204 42 72 251 162 94 79 215 161 252 150 132
62 228 179 131 67 24 8 127 147 213 123 187 156 48 204 214 51 148 195 30 52 154 166 94 183 45 144 23 6 119 16 75 120 50 245 118 160 115 221 244 18 99 11 134 151 233 251 227 84 177 158 162 189 104 255 32 22 203 194 79 175 102 81 66 223 21 242 122 190 13 231 180 36 186 211 85 249 140 59 139 135 41 27 200 161 72 243 241 93 209 248 192 35 232 220 109 133 184 1 57 114 250 103 34 39 91 26 111 14 40 164 234 29 73 110 253 31 42 128 246 199 15 152 126 19 49 9 28 188 226 172 239 25 205 155 176 141 225 159 88 210 178 44 38 113 173 86 174 95 3 107 168 163 125 117 171 236 229 238 136 53 215 74 206 212 240 217 149 150 185 68 137 12 106 65 37 191 254 0 7 207 61 97 146 60 193 132 2 230 237 58 89 69 71 202 96 197 33 143 142 157 100 54 70 116 129 76 235 80 167 87 182 130 63 77 219 4 145 224 43 222 10 252 55 138 105 46 108 78 181 170 218 196 56 90 216 153 208 98 20 17 247 112 83 47 5 198 82 64 169 92 165 121 124 201 101
76 185 57 20 49 250 236 133 246 243 24 30 234 252 11 89 123 150 69 134 147 67 152 64 198 229 119 4 15 88 60 132 71 220 122 174 128 226 92 129 9 254 195 235 117 231 184 3 48 163 232 32 53 164 210 113 105 199 70 25 40 82 104 148 125 151 230 165 28 26 167 247 54 120 222 10 178 79 112 241 248 51 34 98 43 205 31 191 87 13 6 172 124 0 126 176 12 21 97 203 45 221 61 118 56 75 19 14 142 111 212 46 5 160 96 36 213 74 78 217 29 207 183 208 166 146 106 93 140 16 179 189 33 244 135 116 63 251 138 95 23 72 215 80 42 103 115 237 202 83 242 35 240 85 193 1 186 216 145 136 253 110 81 204 39 211 38 27 219 47 22 245 169 157 141 194 190 156 161 50 155 171 227 200 239 114 137 225 173 68 201 99 102 84 170 8 224 130 62 154 192 143 218 73 58 90 228 153 52 249 65 149 127 94 162 55 187 181 209 41 100 101 44 214 188 196 66 175 109 144 168 86 17 77 180 2 121 91 108 255 182 233 197 107 177 18 59 223 139 159 158 7 131 238 37 206
255 224 33 145 68 240 92 42 10 235 196 254 1 198 104 193 181 66 45 35 15 136 32 225 179 184 106 84 157 20 121 215 31 137 101 253 197 2 238 141 147 208 63 131 83 107 82 132 186 90 55 70 162 30 216 17 130 64 109 195 236 103 199 113 228 212 174 168 160 59 57 40 170 242 167 175 203 62 209 19 158 202 176 251 190 139 13 4 47 221 74 27 248 39 58 161 71 126 246 7 76 166 243 214 122 164 153 9 43 117 183 180 194 110 12 140 239 69 56 60 250 177 144 34 46 5 98 128 52 218 150 135 16 217 53 206 188 143 178 226 119 201 159 169 41 93 155 81 108 65 182 118 227 114 87 80 156 85 211 229 232 79 88 95 134 151 37 124 29 163 123 38 249 61 204 149 219 97 6 247 28 125 72 23 49 26 75 8 154 94 89 187 207 148 205 54 91 241 171 78 233 116 44 67 146 142 189 252 102 237 3 14 36 152 165 77 172 231 230 173 213 244 22 73 222 51 129 18 210 86 115 234 11 111 192 105 185 133 96 220 48 24 0 25 50 223 100 138 191 112 200 120 21 245 127 99
222 171 186 228 250 39 16 42 121 56 174 172 58 138 200 11 113 156 69 225 3 132 139 197 180 244 189 96 177 82 233 159 152 63 15 0 17 67 158 167 243 94 191 112 207 9 202 221 165 160 33 2 103 192 151 51 242 182 104 220 224 108 175 98 74 99 57 37 252 239 31 162 70 80 179 135 26 7 209 142 29 241 169 218 106 226 188 249 6 128 93 229 133 181 131 231 84 147 77 107 36 27 144 1 227 95 185 102 184 173 110 193 168 136 60 48 32 85 81 47 52 196 46 62 118 91 130 5 28 116 64 214 92 245 248 230 61 154 115 21 208 45 83 34 109 219 204 236 119 44 198 140 211 40 18 240 53 201 78 72 100 187 246 247 190 105 79 87 212 66 255 35 59 232 163 223 71 148 12 237 254 146 73 124 88 253 68 164 205 114 30 50 49 153 22 129 183 97 76 203 166 195 141 127 24 137 134 170 176 125 143 157 235 14 41 215 25 38 213 43 210 89 120 10 150 161 234 206 23 217 111 13 65 19 117 238 20 155 145 86 126 8 122 75 149 194 54 123 178 199 55 101 4 251 90 216
10 26 63 198 188 129 169 51 165 118 192 237 97 166 221 242 98 144 47 39 133 4 214 229 16 38 82 59 85 164 99 217 215 101 181 243 54 156 199 112 13 46 175 182 240 223 32 232 139 220 125 21 202 195 106 58 0 60 110 201 210 31 137 234 155 250 52 245 9 208 203 76 45 146 235 194 94 30 225 147 8 12 151 218 141 117 142 100 80 40 27 74 205 113 123 222 178 69 50 252 185 72 29 212 6 149 14 231 37 49 171 136 17 176 224 174 19 127 190 120 150 79 70 187 44 15 138 228 145 227 216 153 236 211 179 103 91 75 128 124 90 95 239 89 105 161 134 173 48 71 159 107 2 135 33 36 18 104 197 158 64 251 88 126 77 152 7 247 24 162 87 241 183 254 83 61 28 96 244 121 115 143 230 34 35 233 148 122 130 255 109 43 78 102 20 206 11 114 191 55 25 42 189 116 167 131 41 111 207 248 157 73 93 92 196 65 172 226 140 119 246 209 238 184 170 67 180 177 213 219 168 186 200 23 57 84 3 68 81 1 86 253 132 163 53 193 204 22 249 66 5 154 56 108 62 160
167 140 72 82 115 70 102 214 160 238 243 34 210 106 151 162 213 219 183 100 31 208 20 139 68 144 46 196 161 131 195 216 66 119 3 145 58 14 203 84 125 134 122 178 97 215 217 103 188 136 152 147 110 233 48 96 187 49 169 120 19 2 197 231 15 124 226 154 229 114 51 133 206 38 78 76 29 22 236 89 172 130 129 55 113 5 232 26 252 246 63 75 228 9 37 193 6 60 153 28 54 149 64 143 156 218 253 23 45 191 135 24 157 200 4 108 16 212 199 18 33 13 150 230 249 222 128 21 111 86 224 79 121 88 180 241 225 158 155 65 95 179 223 56 10 62 220 90 71 67 94 254 123 255 204 35 116 173 239 242 1 117 83 211 101 170 77 142 189 41 27 104 8 0 12 112 39 57 209 166 105 202 137 251 127 165 53 43 44 237 184 107 25 80 207 87 186 163 171 194 73 174 126 176 92 52 227 201 40 47 118 138 81 248 30 247 141 7 36 205 61 159 190 175 99 221 245 234 164 181 244 85 240 185 146 17 132 192 50 32 11 235 177 168 93 182 91 69 198 109 59 250 98 74 42 148
0 9 17 25 33 41 49 57 65 73 81 89 97 105 113 121 129 137 145 153 161 169 177 185 193 201 209 217 225 233 241 249 2 10 18 26 34 42 50 58 66 74 82 90 98 106 114 122 130 138 146 154 162 170 178 186 194 202 210 218 226 234 242 250 3 11 19 27 35 43 51 59 67 75 83 91 99 107 115 123 131 139 147 155 163 171 179 187 195 203 211 219 227 235 243 251 4 12 20 28 36 44 52 60 68 76 84 92 100 108 116 124 132 140 148 156 164 172 180 188 196 204 212 220 228 236 244 252 5 13 21 29 37 45 53 61 69 77 85 93 101 109 117 125 133 141 149 157 165 173 181 189 197 205 213 221 229 237 245 253 6 14 22 30 38 46 54 62 70 78 86 94 102 110 118 126 134 142 150 158 166 174 182 190 198 206 214 222 230 238 246 254 7 15 23 31 39 47 55 63 71 79 87 95 103 111 119 127 135 143 151 159 167 175 183 191 199 207 215 223 231 239 247 255 8 16 24 32 40 48 56 64 72 80 88 96 104 112 120 128 136 144 152 160 168 176 184 192 200 208 216 224 232 240 248 1
73 132 113 60 248 135 92 20 69 212 77 39 100 112 234 199 80 239 32 237 82 190 253 183 213 142 133 250 107 78 201 36 208 35 24 216 44 19 242 166 154 138 191 187 153 158 47 152 168 224 197 236 111 134 222 170 65 198 96 99 81 167 5 221 127 59 151 189 140 215 70 55 87 225 150 49 246 62 146 124 91 159 52 184 178 206 38 97 98 41 211 185 193 63 172 106 141 165 83 14 74 177 254 118 88 105 252 179 230 194 104 174 15 56 220 136 156 155 4 128 235 34 203 182 54 17 46 247 233 130 243 240 21 27 231 249 8 86 120 147 66 131 144 64 149 61 195 226 116 1 12 85 57 129 68 217 119 171 125 223 89 126 6 251 192 232 114 228 181 255 45 160 229 29 50 161 207 110 102 196 67 22 37 79 101 145 122 148 227 162 25 23 164 244 51 117 219 7 175 76 109 238 245 48 31 95 40 202 28 188 84 10 3 169 121 0 123 173 9 18 94 200 42 218 58 115 53 72 16 11 139 108 209 43 2 157 93 33 210 71 75 214 26 204 180 205 163 143 103 90 137 13 176 186 30 241
111 239 163 74 6 246 127 73 164 62 44 254 34 82 230 57 15 25 152 204 11 192 219 176 38 229 83 225 198 191 12 196 67 85 88 190 199 206 245 7 148 235 140 19 234 149 105 172 60 5 75 208 117 103 139 236 183 134 160 137 186 119 10 205 200 43 63 4 61 165 202 97 27 189 89 227 155 178 2 253 45 108 213 93 114 125 147 8 21 188 28 87 86 29 69 100 133 184 78 162 240 129 66 197 226 90 122 222 48 216 41 244 207 76 159 135 0 136 161 79 211 249 47 223 56 231 132 101 238 210 80 144 1 179 96 203 153 121 91 52 110 112 54 215 49 37 177 156 146 126 247 143 81 35 40 217 195 13 131 232 71 142 248 212 109 53 113 94 252 3 64 174 242 194 218 193 243 42 201 166 181 18 141 72 128 241 175 220 51 92 214 55 224 84 68 30 24 16 170 168 151 26 98 23 31 59 173 65 130 14 58 32 107 46 250 124 115 158 77 185 138 104 150 169 17 182 237 102 118 187 22 99 70 233 20 9 120 154 228 39 36 50 221 123 251 95 180 167 171 106 33 255 145 157 116 209
30 197 239 206 43 104 88 21 18 183 213 42 86 174 128 180 83 208 189 185 212 117 241 118 67 153 234 36 102 105 119 235 201 74 219 33 195 5 52 159 145 222 126 0 130 230 157 175 72 29 223 65 255 114 245 28 171 161 162 100 47 225 143 198 70 205 49 26 34 57 191 37 244 39 210 170 90 64 158 165 236 1 199 111 148 110 4 125 154 68 179 22 53 38 217 84 108 97 27 44 107 203 103 48 9 135 250 55 168 150 129 98 40 31 211 45 209 187 61 227 177 113 216 192 160 11 3 190 200 233 188 220 77 23 101 106 152 73 224 14 25 76 82 46 218 149 71 138 2 186 7 164 59 24 249 58 79 184 237 121 8 176 132 66 202 243 252 240 41 215 78 80 221 51 254 15 10 228 96 166 214 50 167 32 238 137 120 60 94 133 242 89 17 92 232 169 251 69 156 196 194 147 140 99 207 35 248 247 173 231 123 95 144 115 109 181 193 91 127 155 56 124 178 16 146 172 12 182 6 19 81 116 141 163 54 253 142 20 63 122 226 134 75 62 136 151 131 13 93 112 85 246 139 229 204 87
192 20 123 99 67 173 165 97 107 140 95 127 239 185 8 13 59 235 131 176 187 238 244 208 125 56 233 45 164 93 169 71 221 186 156 220 241 91 144 28 170 83 39 228 109 150 159 147 203 122 240 242 128 213 161 177 172 135 3 73 121 212 74 194 145 44 27 222 1 40 149 251 179 254 139 76 158 231 63 103 101 54 47 6 114 197 155 154 80 138 30 2 51 22 16 88 100 253 34 62 218 31 85 178 53 79 174 89 168 181 243 23 48 70 216 160 49 182 225 29 133 41 237 224 43 58 38 175 255 19 247 153 46 136 111 249 104 146 113 205 11 250 183 180 90 120 204 248 81 35 87 245 115 96 92 119 24 148 25 229 60 141 198 9 12 26 142 108 236 126 195 102 167 214 66 52 129 33 0 37 137 64 82 234 191 130 227 162 21 152 190 78 68 69 7 209 132 50 105 232 112 211 188 196 219 98 199 151 201 117 77 252 226 65 72 143 163 106 18 55 17 166 32 61 230 86 184 215 200 124 246 15 4 189 206 14 110 10 210 171 42 157 217 75 57 36 5 202 193 118 207 116 94 223 134 84
38 188 91 216 197 193 220 125 249 126 75 161 242 44 110 113 127 243 209 82 227 41 203 13 60 167 153 230 134 0 138 238 165 183 80 37 231 73 8 122 253 36 179 169 170 108 55 233 151 206 78 213 57 34 42 65 199 45 252 47 218 178 98 72 166 173 244 9 207 119 156 118 12 133 162 76 187 30 61 46 225 92 116 105 35 52 115 211 111 56 17 143 3 63 176 158 137 106 48 39 219 53 217 195 69 235 185 121 224 200 168 19 11 198 208 241 196 228 85 31 109 114 160 81 232 22 33 84 90 54 226 157 79 146 10 194 15 172 67 32 2 66 87 192 245 129 16 184 140 74 210 251 5 248 49 223 86 88 229 59 7 23 18 236 104 174 222 58 175 40 246 145 128 68 102 141 250 97 25 100 240 177 4 77 164 204 202 155 148 107 215 43 1 255 181 239 131 103 152 123 117 189 201 99 135 163 64 132 186 24 154 180 20 190 14 27 89 124 149 171 62 6 150 28 71 130 234 142 83 70 144 159 139 21 101 120 93 254 147 237 212 95 205 247 214 51 112 96 29 26 191 221 50 94 182 136
127 158 100 198 179 104 79 94 96 9 84 253 90 206 20 178 160 228 46 118 22 215 77 1 17 125 40 134 7 222 181 145 195 69 32 203 143 6 218 82 112 129 186 38 89 23 113 213 219 110 184 115 180 164 43 242 169 13 167 86 78 251 205 106 137 19 42 249 60 156 105 138 107 80 114 36 15 35 243 238 68 190 39 25 50 250 171 64 126 3 47 136 98 165 194 232 128 210 75 170 246 121 18 57 70 234 189 244 73 188 14 5 231 209 81 55 31 76 61 223 65 4 146 52 41 21 124 92 53 58 30 66 168 91 229 175 193 217 74 237 220 224 109 151 172 182 48 139 27 133 130 0 162 197 123 12 208 119 141 152 142 34 62 111 235 155 163 177 8 157 11 196 192 252 24 95 159 88 140 183 54 199 37 227 97 144 131 187 245 150 204 10 51 2 174 122 99 176 44 63 56 191 93 49 241 153 103 239 233 236 201 16 214 202 102 72 211 67 154 161 207 135 45 247 29 108 120 173 28 26 85 148 147 230 166 132 212 221 116 117 248 71 185 225 83 216 149 254 87 240 33 255 101 59 200 226
105 162 145 20 92 17 25 53 167 59 124 8 52 26 101 40 244 118 109 152 71 179 132 98 144 163 11 176 231 96 112 181 16 93 64 227 14 3 114 148 222 33 30 44 215 117 245 89 174 161 165 100 27 249 139 151 110 203 233 157 68 255 240 121 67 158 56 38 248 28 76 224 51 9 19 146 198 5 186 213 170 32 223 77 219 192 185 6 190 61 79 82 184 193 200 239 1 142 229 134 13 228 143 99 166 54 254 69 202 111 97 133 230 177 128 154 131 180 113 4 199 194 37 57 253 55 159 196 91 21 183 83 221 149 172 251 247 39 102 207 87 108 119 141 2 15 182 22 81 80 23 63 94 127 178 72 156 234 123 60 191 220 84 116 216 42 210 35 238 201 70 153 129 0 130 155 73 205 243 41 217 50 225 126 95 232 204 74 138 250 173 90 197 147 115 85 46 104 106 48 209 43 31 171 150 140 120 241 137 75 29 34 211 189 7 125 226 65 136 242 206 103 47 107 88 246 252 58 168 236 188 212 187 237 36 195 160 175 12 135 66 122 235 169 214 45 86 208 49 218 78 62 24 18 10 164
219 108 62 114 17 142 123 119 146 51 175 52 1 87 168 225 36 39 53 169 135 8 153 222 129 194 241 93 79 156 60 0 64 164 91 109 6 218 157 254 189 48 179 217 105 95 96 34 236 159 77 132 4 139 238 215 223 246 125 226 178 228 144 104 24 253 92 99 170 190 133 45 82 44 193 59 88 2 113 211 242 227 151 18 42 31 216 233 41 137 37 237 198 69 184 244 102 84 63 32 229 220 145 234 143 121 250 161 111 47 150 126 94 200 192 124 134 167 122 154 11 212 35 40 86 7 158 203 214 10 16 235 152 83 5 72 191 120 196 98 248 213 183 247 13 118 171 55 197 110 66 255 136 177 186 174 230 149 12 14 155 240 188 204 199 162 30 100 148 239 101 221 172 71 54 249 28 67 176 23 206 26 166 103 185 3 90 130 128 81 74 33 141 224 182 181 107 165 57 29 78 49 43 115 127 25 61 89 245 58 112 205 80 106 201 116 195 208 15 50 75 97 243 187 76 209 252 56 160 68 9 251 70 85 65 202 27 46 19 180 73 163 138 21 131 173 140 232 38 22 210 207 117 147 231 20
99 210 204 232 64 123 124 67 237 211 219 89 198 132 167 191 109 40 100 203 25 144 114 131 23 205 1 220 130 200 41 82 246 162 182 181 30 154 6 60 229 208 80 43 72 18 4 156 14 11 47 53 2 20 34 112 146 173 92 157 170 90 175 87 221 252 142 27 38 111 83 155 94 243 145 197 151 249 115 152 32 22 218 3 140 254 207 26 71 186 255 55 76 187 233 136 128 222 93 48 63 105 127 171 148 174 253 188 51 49 190 15 77 143 245 33 201 102 135 9 16 74 57 121 66 228 54 214 110 36 29 195 147 0 149 199 35 44 120 226 68 244 84 141 79 98 42 37 165 134 235 69 28 183 119 59 236 97 101 240 52 230 206 231 189 169 129 116 163 39 202 212 56 12 158 139 86 19 161 118 46 95 238 103 65 126 138 5 225 106 10 58 8 108 216 24 209 239 168 159 21 133 104 227 62 234 61 50 242 70 45 13 192 180 164 217 213 179 184 73 178 194 250 223 7 137 160 248 196 91 224 122 125 107 193 31 247 153 85 177 215 166 241 96 81 113 251 176 75 17 88 172 150 117 185 78
31 95 134 243 90 18 93 233 170 252 70 157 197 195 148 141 100 208 36 249 248 174 232 124 96 145 116 110 182 194 92 128 156 57 125 179 17 147 173 13 183 7 20 82 117 142 164 55 254 143 21 64 123 227 135 76 63 137 152 132 14 94 113 86 247 140 230 205 88 198 240 207 44 105 89 22 19 184 214 43 87 175 129 181 84 209 190 186 213 118 242 119 68 154 235 37 103 106 120 236 202 75 220 34 196 6 53 160 146 223 127 0 131 231 158 176 73 30 224 66 1 115 246 29 172 162 163 101 48 226 144 199 71 206 50 27 35 58 192 38 245 40 211 171 91 65 159 166 237 2 200 112 149 111 5 126 155 69 180 23 54 39 218 85 109 98 28 45 108 204 104 49 10 136 251 56 169 151 130 99 41 32 212 46 210 188 62 228 178 114 217 193 161 12 4 191 201 234 189 221 78 24 102 107 153 74 225 15 26 77 83 47 219 150 72 139 3 187 8 165 60 25 250 59 80 185 238 122 9 177 133 67 203 244 253 241 42 216 79 81 222 52 255 16 11 229 97 167 215 51 168 33 239 138 121 61
201 41 255 219 14 143 106 22 217 80 37 156 186 203 5 112 163 97 187 32 38 184 3 189 254 238 117 61 243 87 241 160 152 70 24 180 211 93 116 68 134 230 179 212 181 154 188 110 89 109 62 57 142 9 113 99 124 69 245 138 200 77 121 210 172 239 13 51 202 29 149 244 65 195 92 131 144 53 8 63 147 7 88 79 50 28 155 129 105 150 135 42 139 78 220 126 115 95 198 166 127 132 104 140 242 165 48 249 12 36 148 56 39 43 183 225 246 1 122 213 101 207 204 0 236 16 197 86 27 193 215 226 216 108 136 185 54 229 237 251 82 231 85 15 11 71 98 169 233 162 214 2 128 18 111 46 171 218 205 6 64 224 23 84 125 76 248 196 173 250 118 137 130 10 167 123 60 227 177 58 52 55 20 90 33 21 176 146 30 141 228 235 26 209 119 66 103 182 194 247 102 100 159 222 221 49 240 206 31 40 190 191 67 145 4 44 157 35 223 73 161 59 107 74 175 133 19 45 232 174 17 253 178 153 168 170 83 158 72 164 25 94 252 234 47 120 192 96 34 151 75 91 199 114 208 81
47 193 83 5 2 232 97 68 32 245 183 67 49 154 77 150 106 109 186 86 213 164 116 52 9 248 112 132 198 108 172 141 33 189 199 36 133 180 15 37 139 151 79 168 30 129 8 246 104 1 60 105 35 230 103 145 100 206 229 3 84 251 119 136 218 236 212 69 162 143 147 174 89 240 17 7 188 179 64 160 87 66 51 208 6 227 107 175 253 216 165 21 171 196 70 234 125 44 124 120 26 12 185 146 57 228 226 78 194 233 177 20 217 205 94 118 169 241 42 99 235 88 19 24 76 11 96 254 25 149 219 14 58 95 238 16 27 113 231 184 255 137 111 4 34 249 13 173 211 157 224 10 190 140 161 126 210 144 73 195 163 29 23 98 158 71 159 80 243 92 153 148 110 102 156 221 214 223 121 38 200 59 191 197 225 202 134 135 170 53 122 252 91 50 22 176 239 0 247 192 46 82 131 45 178 117 242 215 222 43 74 54 56 187 81 182 18 128 127 142 85 39 55 101 114 61 220 65 152 72 167 115 48 62 204 244 130 209 28 207 250 237 40 123 90 31 93 63 166 155 203 181 41 75 201 138
37 7 41 155 114 216 84 9 209 221 3 151 13 143 111 124 12 121 64 117 210 194 30 193 250 57 76 122 26 158 95 248 59 252 198 11 110 68 108 14 4 174 163 116 88 138 28 125 166 35 44 132 55 234 113 171 247 39 203 188 123 20 25 74 152 178 251 161 16 184 159 66 48 245 201 200 148 100 190 160 229 168 46 75 142 120 80 31 222 144 154 98 170 119 220 241 133 169 217 186 2 223 231 1 85 127 147 134 61 92 49 43 0 107 177 29 62 199 21 65 87 67 106 162 5 253 93 109 137 54 97 60 175 167 32 86 228 101 214 63 149 146 181 112 237 232 71 45 157 18 83 191 58 140 42 131 27 236 135 126 164 150 165 224 136 10 89 244 6 249 255 185 70 211 187 242 182 205 172 91 105 197 53 128 22 96 254 23 129 94 90 208 79 77 243 115 47 207 225 15 17 24 180 153 233 204 215 81 36 212 8 104 38 240 156 183 235 99 238 179 141 246 196 226 230 56 206 34 218 195 78 139 103 239 130 19 82 213 192 40 72 33 118 51 52 227 145 73 173 176 102 189 69 50 219 202
183 15 12 8 85 84 203 13 49 139 143 157 214 160 65 7 29 16 181 23 125 62 185 79 166 220 69 52 75 212 136 91 246 51 59 221 11 177 35 244 10 132 60 77 114 147 18 25 238 189 253 175 90 211 213 53 144 255 200 206 58 232 247 209 37 3 123 191 164 82 31 22 127 17 41 115 156 135 140 76 102 133 96 237 88 19 242 169 240 99 223 6 98 161 170 44 95 227 103 250 131 74 245 70 137 117 202 180 86 30 130 165 104 186 179 197 118 219 67 80 196 93 187 5 230 100 149 159 2 158 210 101 176 141 222 172 241 205 89 1 254 150 54 234 174 57 190 201 4 138 94 14 171 43 142 162 50 194 92 39 81 120 192 33 226 113 45 61 111 24 108 148 122 231 38 207 195 0 68 208 167 233 252 151 239 28 243 66 178 119 105 40 72 128 217 48 229 204 188 173 26 55 56 27 235 152 146 216 78 73 63 251 199 168 145 20 236 225 134 193 116 163 71 124 106 182 154 184 47 126 129 32 87 121 97 109 224 249 21 228 83 218 9 198 36 64 248 215 110 153 46 107 155 112 42 34
146 83 0 91 36 145 181 230 144 22 216 86 59 66 142 173 153 155 31 180 26 117 227 226 241 184 138 154 200 213 160 64 164 251 171 11 214 147 161 48 88 229 53 127 51 94 81 139 222 189 130 192 162 10 254 47 25 140 174 45 237 37 182 104 101 76 196 167 131 89 27 166 148 253 176 249 205 208 30 185 57 8 215 151 108 92 211 231 42 207 16 240 132 33 43 135 232 24 114 136 238 250 178 12 129 228 107 90 203 100 159 204 134 74 202 244 199 50 73 102 183 95 218 235 62 80 56 168 6 242 246 18 188 84 116 106 32 23 163 4 186 165 150 52 105 71 206 19 97 60 9 120 15 40 169 78 224 143 223 219 125 111 29 245 156 72 70 177 38 77 21 119 61 49 193 217 13 85 141 198 79 187 118 123 175 110 195 98 124 248 63 113 157 194 82 115 126 212 75 28 99 236 210 103 133 93 112 17 55 1 68 109 34 239 5 225 54 243 172 39 7 128 122 197 2 170 3 179 87 191 252 247 209 201 255 65 58 67 220 137 44 158 35 41 69 46 233 234 14 152 221 96 190 149 121 20
111 70 36 171 239 62 25 229 85 235 5 134 43 189 108 188 184 90 76 249 210 121 37 35 142 3 42 241 84 26 14 158 182 233 50 106 163 44 152 83 88 140 75 160 63 89 213 28 78 122 159 47 80 91 177 40 248 64 201 175 68 98 58 77 237 20 221 33 74 254 204 225 190 19 208 137 4 227 93 87 162 222 135 223 144 52 156 217 212 174 166 220 30 23 32 185 102 9 123 255 6 34 11 198 199 234 117 186 61 155 114 86 240 48 0 56 1 110 146 195 109 242 181 51 24 31 107 138 118 120 251 145 246 82 192 191 206 149 103 119 165 178 125 29 129 216 136 231 179 112 126 13 53 194 18 92 16 59 46 104 187 154 95 157 127 230 219 12 245 105 139 10 202 2 147 69 66 41 161 132 96 54 247 131 113 218 141 214 170 173 250 150 22 228 180 116 73 57 176 196 7 172 236 205 97 253 8 100 197 244 79 101 203 215 143 232 94 193 72 55 168 65 124 169 99 39 167 209 164 15 38 67 148 60 183 200 27 45 21 133 226 207 211 238 153 49 81 71 252 243 128 224 151 130 115 17
64 100 216 229 141 236 40 39 237 22 53 86 137 31 115 193 82 19 150 179 43 75 175 1 169 249 197 160 29 112 88 0 89 114 32 164 202 255 176 9 184 85 54 191 163 33 97 209 132 49 156 106 74 44 5 63 65 7 168 2 245 130 109 99 79 200 96 34 243 248 170 148 221 84 185 24 95 201 165 62 6 66 47 205 211 17 127 195 147 171 146 196 250 154 119 134 226 94 25 81 194 128 173 4 45 167 8 177 37 21 238 232 224 123 121 104 234 51 231 239 12 126 18 83 222 11 240 60 254 203 77 68 111 30 138 91 57 103 122 225 135 190 55 71 140 230 52 23 186 228 217 73 107 181 247 244 3 174 76 204 48 133 120 124 59 241 208 98 110 69 162 192 116 27 214 199 80 26 117 15 252 207 242 35 183 10 223 233 105 157 219 145 172 129 246 182 36 178 151 144 220 149 20 38 41 143 152 159 198 215 101 188 93 227 187 102 58 125 13 213 28 161 70 56 92 189 136 87 113 90 139 72 218 158 153 251 16 212 14 118 155 50 235 142 42 180 108 131 210 206 253 61 166 46 67 78
62 37 84 191 177 254 158 0 162 7 189 207 104 61 255 97 32 146 22 60 203 193 194 132 79 2 175 230 102 237 81 58 66 89 223 69 21 71 242 202 122 96 190 197 13 33 231 143 180 142 36 157 186 100 211 54 85 70 249 116 140 129 59 76 139 235 135 80 41 167 27 87 200 182 161 130 72 63 243 77 241 219 93 4 209 145 248 224 192 43 35 222 232 10 220 252 109 55 133 138 184 105 1 46 57 108 114 78 250 181 103 170 34 218 39 196 91 56 26 90 111 216 14 153 40 208 164 98 234 20 29 17 73 247 110 112 253 83 31 47 42 5 128 198 246 82 199 64 15 169 152 92 126 165 19 121 49 124 9 201 28 101 188 228 226 179 172 131 239 67 25 24 205 8 155 127 176 147 141 213 225 123 159 187 88 156 210 48 178 204 44 214 38 51 113 148 173 195 86 30 174 52 95 154 3 166 107 94 168 183 163 45 125 144 117 23 171 6 236 119 229 16 238 75 136 120 53 50 215 245 74 118 206 160 212 115 240 221 217 244 149 18 150 99 185 11 68 134 137 151 12 233 106 251 65 227
2 64 211 21 160 204 178 253 192 141 15 6 49 223 76 29 250 41 60 163 73 128 248 9 78 168 245 216 124 166 155 11 45 119 185 182 196 112 14 142 241 71 58 62 252 179 146 36 48 7 100 130 54 220 152 137 18 219 55 208 190 145 180 228 121 203 161 171 43 95 157 83 110 67 184 120 229 116 89 82 158 87 213 231 234 81 90 97 136 153 39 126 31 165 125 40 251 63 206 151 221 99 8 249 30 127 74 25 51 28 77 10 156 96 91 189 209 150 207 56 93 243 173 80 235 118 46 69 148 144 191 254 104 239 5 16 38 154 167 79 174 233 232 175 215 246 24 75 224 53 131 20 212 88 117 236 13 113 194 107 187 135 98 222 50 26 0 27 52 225 102 140 193 114 202 122 23 247 129 101 226 35 147 70 242 94 44 12 237 198 1 3 200 106 195 183 68 47 37 17 138 34 227 181 186 108 86 159 22 123 217 33 139 103 255 199 4 240 143 149 210 65 133 85 109 84 134 188 92 57 72 164 32 218 19 132 66 111 197 238 105 201 115 230 214 176 170 162 61 59 42 172 244 169 177 205
223 43 163 231 204 122 71 62 167 57 81 155 196 175 180 116 142 173 136 22 128 59 27 209 25 139 8 46 138 201 210 84 135 12 143 35 171 114 30 110 177 157 242 220 126 70 170 205 144 226 219 237 158 4 107 120 236 133 227 45 15 140 189 199 42 198 250 141 216 181 7 212 26 245 129 41 39 190 94 19 214 97 230 241 44 178 134 54 211 83 182 202 90 234 132 79 121 160 232 73 11 153 85 101 151 64 148 188 162 16 78 247 235 0 108 248 207 18 37 191 24 68 28 106 218 159 145 80 112 168 2 88 14 244 228 213 66 95 96 67 20 192 186 1 118 113 103 36 239 208 185 60 21 10 174 233 156 203 111 164 146 222 194 224 87 166 169 72 127 161 137 149 9 34 61 13 123 3 49 238 76 104 33 255 150 193 86 147 195 152 82 74 55 52 48 125 124 243 53 89 179 183 197 254 200 105 47 69 56 221 63 165 102 225 119 206 5 109 92 115 252 176 131 31 91 99 6 51 217 75 29 50 172 100 117 154 187 58 65 23 229 38 215 130 251 253 93 184 40 240 246 98 17 32 249 77
35 148 222 8 242 247 183 209 240 203 89 195 126 94 21 92 206 75 113 205 13 22 151 202 79 210 102 238 181 97 177 244 224 54 32 193 137 237 17 211 38 31 49 225 71 174 187 48 200 39 112 82 207 1 11 109 10 62 208 28 248 74 24 93 57 196 108 106 2 161 86 26 164 42 53 111 245 201 121 23 150 249 14 157 46 199 146 188 227 44 140 78 220 152 168 218 131 215 255 229 83 145 59 47 0 175 60 19 85 104 3 91 135 95 173 30 226 212 147 179 235 69 155 81 56 40 25 133 162 163 134 87 4 253 68 185 180 170 103 51 20 252 127 88 77 241 45 223 15 178 231 213 34 6 36 154 233 236 139 194 228 204 216 76 101 128 80 190 70 116 50 143 171 100 67 217 5 153 214 7 219 149 141 122 119 115 192 191 55 120 156 246 250 9 66 12 172 114 136 123 33 130 232 169 37 186 18 72 176 159 182 64 243 198 98 158 166 73 118 29 142 96 117 239 167 184 221 254 125 132 90 41 105 27 197 63 65 160 251 107 52 58 165 84 99 61 144 110 230 43 16 189 138 129 234 124
238 210 32 155 174 167 47 204 160 97 9 214 95 89 92 57 127 70 58 213 183 67 178 10 17 63 246 156 103 140 219 231 29 139 137 196 4 3 86 22 243 68 77 227 228 104 182 41 81 194 72 5 110 198 96 144 111 212 170 56 82 14 211 54 35 215 190 205 207 120 195 109 201 62 131 34 16 84 157 229 133 71 188 112 128 236 151 245 118 78 37 1 51 180 143 59 254 117 74 193 223 240 42 149 200 134 224 69 75 221 40 226 36 20 154 98 25 124 23 197 189 107 61 217 248 130 153 105 171 12 216 249 218 191 225 147 126 146 99 94 179 46 150 136 161 106 27 175 237 114 158 247 209 21 50 88 239 66 186 26 102 232 129 168 181 90 45 100 184 44 125 116 87 65 192 166 142 187 172 79 176 115 2 163 152 132 235 203 164 169 141 177 24 202 85 31 49 73 185 93 76 80 220 7 28 38 159 250 138 244 241 0 18 53 234 123 64 230 252 8 253 145 173 222 91 11 19 33 119 13 122 52 48 108 135 206 15 199 251 39 165 55 148 83 208 255 242 43 101 6 60 121 162 113 30 233
99 194 223 137 248 91 122 107 31 153 177 166 96 113 176 17 172 117 78 204 64 124 237 219 198 167 109 100 25 114 23 1 130 41 246 182 30 6 229 80 72 4 14 47 2 34 146 92 170 175 221 142 38 83 94 145 151 115 32 218 140 207 71 255 76 233 128 93 63 127 148 253 51 190 77 245 201 135 16 57 66 54 110 29 147 149 35 120 68 84 79 42 165 235 28 119 236 101 52 206 189 129 163 202 56 158 86 161 46 238 65 138 225 10 8 216 209 168 21 104 62 61 242 45 192 164 213 184 178 250 7 160 196 224 125 193 247 85 215 241 81 251 75 88 150 185 210 232 123 67 211 89 132 191 40 203 144 131 205 220 200 82 162 181 154 60 208 43 18 156 11 53 20 112 173 157 90 87 252 27 111 155 243 197 249 152 22 3 254 26 186 55 187 136 222 48 105 171 174 188 49 15 143 33 102 9 74 121 228 214 36 195 0 199 44 226 244 141 98 37 134 69 183 59 97 240 230 231 169 116 39 212 12 139 19 118 95 103 126 5 106 58 108 24 239 159 133 227 234 50 70 13 180 217 179 73
245 110 36 11 250 235 88 117 118 89 42 214 208 23 140 135 125 58 6 230 207 82 43 32 196 255 178 225 133 186 168 244 216 246 109 188 191 94 149 183 159 171 31 56 83 35 145 25 71 5 98 126 55 22 172 215 108 169 217 174 104 96 77 74 70 147 146 10 75 111 201 205 219 21 222 127 69 91 78 243 85 187 124 247 141 228 27 131 114 137 19 198 153 53 113 121 28 73 239 97 51 72 194 122 139 176 209 80 87 45 251 60 237 152 18 20 115 206 62 7 13 120 39 54 16 99 65 185 253 226 144 93 84 189 79 103 177 218 197 202 138 164 195 158 44 150 81 49 231 47 161 30 68 160 223 232 106 157 34 165 57 193 136 52 132 199 179 9 242 148 92 192 227 166 248 241 4 180 26 129 142 3 155 249 67 37 162 211 221 64 220 17 163 238 203 29 234 48 12 151 63 61 212 116 41 236 119 252 8 66 200 156 76 233 105 204 224 112 1 154 101 143 182 254 95 33 175 107 123 173 86 170 210 184 38 100 14 2 0 130 15 229 40 59 213 46 90 50 128 240 181 167 102 134 190 24
81 82 7 96 5 238 112 23 228 164 12 243 211 62 54 241 251 29 239 16 128 74 152 157 203 124 20 65 76 127 133 97 14 200 122 189 53 237 58 215 110 75 45 109 130 235 33 172 59 227 183 117 253 39 48 36 92 11 129 131 17 102 50 66 61 24 147 217 10 101 218 83 34 188 171 111 145 184 38 140 68 143 28 220 47 120 207 247 245 198 191 150 3 86 44 43 224 27 174 146 195 166 160 232 244 142 178 206 107 175 229 67 197 223 63 233 57 70 132 167 192 214 105 49 193 71 114 173 22 185 126 113 187 202 182 64 144 163 136 42 190 25 255 138 248 35 2 94 155 139 72 69 234 9 93 137 225 179 231 134 4 240 236 8 168 37 169 118 204 30 87 153 156 170 31 252 125 15 84 246 56 103 210 196 18 177 0 181 26 208 226 123 80 19 116 51 165 41 79 222 212 213 151 98 21 194 249 121 1 100 77 85 108 242 88 40 90 6 221 141 115 209 216 32 52 250 162 199 161 55 176 205 119 230 73 104 89 13 135 159 148 78 95 158 254 154 99 60 186 46 106 219 201 180 149 91
61 193 131 78 1 174 229 101 236 80 57 65 88 222 68 20 70 241 201 121 95 189 196 12 32 230 142 179 141 35 156 185 99 210 53 84 69 248 115 139 128 58 75 138 234 134 79 40 166 26 86 199 181 160 129 71 62 242 76 240 218 92 3 208 144 247 223 191 42 34 221 231 9 219 251 108 54 132 137 183 104 255 45 56 107 113 77 249 180 102 169 33 217 38 195 90 55 25 89 110 215 13 152 39 207 163 97 233 19 28 16 72 246 109 111 252 82 30 46 41 4 127 197 245 81 198 63 14 168 151 91 125 164 18 120 48 123 8 200 27 100 187 227 225 178 171 130 238 66 24 23 204 7 154 126 175 146 140 212 224 122 158 186 87 155 209 47 177 203 43 213 37 50 112 147 172 194 85 29 173 51 94 153 2 165 106 93 167 182 162 44 124 143 116 22 170 5 235 118 228 15 237 74 135 119 52 49 214 244 73 117 205 159 211 114 239 220 216 243 148 17 149 98 184 10 67 133 136 150 11 232 105 250 64 226 36 83 190 176 253 157 0 161 6 188 206 103 60 254 96 31 145 21 59 202 192
111 164 44 34 230 15 152 11 219 38 83 198 12 67 88 199 245 148 140 234 105 60 75 117 139 183 160 186 10 200 63 61 202 27 89 155 2 45 213 114 147 21 28 86 69 133 78 240 66 226 122 48 41 207 159 0 161 211 47 56 132 238 80 1 96 153 91 110 54 49 177 146 247 81 40 195 131 71 248 109 113 252 64 242 218 243 201 181 141 128 175 51 214 224 68 24 170 151 98 31 173 130 58 107 250 115 77 138 150 17 237 118 22 70 20 120 228 36 221 251 180 171 33 145 116 239 74 246 73 62 254 82 57 25 204 192 176 229 225 191 196 85 190 206 7 235 19 149 172 5 208 103 236 134 137 119 205 43 4 165 97 189 227 178 253 108 93 125 8 188 87 29 100 184 162 129 197 90 222 216 244 76 135 136 79 249 223 231 101 210 144 179 203 121 52 112 215 37 156 126 143 35 217 13 232 142 212 53 94 3 174 194 193 42 166 18 72 241 220 92 55 84 30 16 168 26 23 59 65 14 32 46 124 158 185 104 169 182 102 187 99 233 9 154 39 50 123 95 167 106 255 157 209 163 6 127
184 122 219 154 13 144 182 70 60 61 254 201 124 42 97 224 104 203 180 188 211 90 191 143 193 109 69 244 218 57 64 135 155 98 10 47 9 158 24 53 222 78 176 207 192 116 238 7 251 181 198 6 102 2 202 163 34 149 209 67 49 28 252 194 185 110 199 108 86 215 126 76 12 115 91 59 165 157 89 99 132 87 119 231 177 255 5 51 227 123 168 179 230 236 200 117 48 225 37 156 85 161 63 213 178 148 212 233 83 136 20 162 75 31 220 101 142 151 139 195 114 232 234 120 205 153 169 164 127 250 65 113 204 66 186 137 36 19 214 248 32 141 243 171 246 131 68 150 223 55 95 93 46 39 253 106 189 147 146 72 130 22 249 43 14 8 80 92 245 26 54 210 23 77 170 45 71 166 81 160 173 235 15 40 62 208 152 41 174 217 21 125 33 229 216 35 50 30 167 247 11 239 145 38 128 103 241 96 138 105 197 3 242 175 172 82 112 196 240 73 27 79 237 107 88 84 111 16 140 17 221 52 133 190 1 4 18 134 100 228 118 187 94 159 206 58 44 121 25 0 29 129 56 74 226 183
241 176 254 33 60 234 44 57 232 62 229 108 139 29 169 180 253 225 42 236 130 32 84 38 136 2 39 174 164 105 145 27 141 94 168 213 73 142 197 218 74 120 23 15 109 235 190 205 247 14 58 35 61 140 75 193 191 77 157 219 30 132 175 88 244 22 151 158 216 199 8 208 115 196 101 252 178 171 82 34 0 36 86 177 186 7 113 210 131 226 28 221 240 184 179 52 21 122 211 170 70 6 201 123 239 243 127 194 117 93 118 76 56 16 3 50 181 89 99 198 154 45 26 228 161 48 5 188 237 125 245 207 13 25 147 112 248 152 200 150 250 103 166 96 126 55 46 163 20 246 114 204 121 203 192 129 212 187 155 79 67 51 104 100 66 71 215 65 81 137 110 149 24 47 135 83 233 111 9 12 249 80 173 134 40 227 64 102 53 128 238 223 255 138 63 217 159 230 59 37 4 72 220 97 91 119 206 10 11 209 124 98 106 231 85 19 54 78 251 182 242 90 167 31 1 18 165 92 143 107 17 87 183 224 133 49 69 68 172 41 148 202 116 95 222 185 214 160 146 43 156 153 189 195 144 162
80 9 33 144 67 46 244 2 223 194 243 106 196 56 191 192 21 186 143 189 247 154 233 224 3 167 203 155 124 55 17 25 79 164 211 20 255 107 89 114 51 160 118 88 147 253 185 200 81 237 163 61 28 73 123 126 199 236 74 234 226 38 10 101 23 100 187 183 142 119 197 85 26 165 141 174 222 69 213 70 184 201 162 24 34 138 8 178 239 36 29 169 14 102 176 207 18 40 212 193 99 241 5 208 249 54 229 12 77 153 45 179 6 111 11 53 238 151 19 132 121 57 44 32 182 47 128 49 146 217 170 37 27 206 190 43 173 159 177 228 62 131 104 113 125 181 135 254 1 71 92 230 235 168 86 30 83 209 0 225 115 78 150 248 76 87 220 215 161 175 72 134 94 98 105 148 95 22 242 240 15 156 64 96 188 214 108 171 116 35 130 65 216 82 110 139 219 246 149 42 145 231 205 66 232 166 48 172 112 63 41 137 93 68 136 133 7 117 152 251 245 195 180 122 50 221 97 120 84 39 140 31 198 204 103 158 157 59 218 90 4 227 210 250 127 202 75 13 52 109 129 58 252 91 16 60
210 10 25 117 240 171 227 85 19 64 150 191 58 154 68 183 167 129 123 115 14 12 250 125 197 122 130 158 17 164 229 113 157 131 206 145 94 223 214 2 176 29 237 203 249 13 116 26 81 201 217 31 121 198 169 77 119 108 219 253 72 138 135 149 65 222 95 194 24 11 15 205 132 99 244 1 215 53 83 7 173 105 90 226 172 8 161 143 98 133 181 74 156 114 124 251 48 110 36 63 20 137 73 182 69 42 35 111 40 166 184 187 34 43 50 89 106 247 79 239 118 78 248 204 16 159 104 174 52 216 202 238 80 27 233 4 236 30 218 109 49 44 142 162 103 160 9 46 196 126 33 188 71 254 22 101 97 144 207 57 192 213 224 246 107 120 32 127 186 185 128 168 199 232 28 177 6 84 228 165 41 70 189 221 66 147 60 140 88 51 175 3 234 0 235 5 178 55 93 146 67 155 75 231 200 82 54 179 243 100 23 195 47 252 220 190 151 209 211 153 59 148 136 21 255 245 225 91 242 180 134 139 61 39 112 230 76 170 241 92 56 208 152 212 193 96 102 163 18 86 38 62 37 87 141 45
83 34 93 16 63 226 24 6 82 54 84 202 26 29 187 242 21 252 9 124 149 176 128 238 118 164 98 191 219 148 115 10 53 201 7 55 12 197 189 170 167 163 240 239 103 168 204 39 43 57 114 60 220 162 184 171 81 178 25 217 85 234 66 120 224 207 230 112 36 246 146 206 214 121 166 77 190 144 165 32 215 232 14 47 173 180 138 89 153 75 245 111 113 208 44 155 100 106 213 132 147 109 192 158 23 91 64 237 186 177 27 172 196 15 56 35 40 231 2 33 251 137 243 174 142 69 140 254 123 161 253 61 70 199 250 127 3 150 31 229 145 225 37 17 102 80 241 185 30 65 4 86 79 97 18 119 222 235 96 248 87 160 130 255 49 59 157 58 110 1 76 41 122 72 141 105 244 156 154 50 209 134 74 212 90 101 159 38 249 169 71 198 42 62 205 94 247 194 236 20 92 188 126 13 200 216 11 179 8 48 22 131 193 107 95 0 223 108 67 133 152 51 139 183 143 221 78 19 5 195 227 28 117 203 129 104 88 73 181 210 211 182 135 52 46 116 233 228 218 151 99 68 45 175 136 125
234 110 86 111 69 49 9 251 43 174 82 92 191 147 38 19 221 154 41 253 181 230 118 238 200 6 18 140 105 241 145 193 143 243 96 159 89 119 48 39 156 13 239 107 197 114 196 185 122 205 180 148 72 60 44 97 93 59 64 208 58 74 130 103 142 17 40 128 76 226 104 2 5 242 73 166 127 33 220 57 95 46 121 231 216 248 131 56 210 152 223 52 30 252 65 213 90 84 112 199 3 4 202 117 91 99 224 78 12 47 71 244 175 235 83 160 24 249 11 158 85 136 100 10 80 176 217 126 42 62 61 165 34 141 195 109 88 215 178 207 153 139 36 149 146 182 188 137 155 169 247 26 53 227 37 50 225 55 222 101 132 22 162 173 246 218 35 229 123 25 77 31 129 250 32 167 157 98 138 20 134 87 161 206 66 135 190 211 67 113 16 8 102 228 183 198 240 7 51 28 54 133 68 186 184 70 150 212 23 125 168 81 237 15 144 151 209 192 1 201 108 189 94 245 171 164 75 27 0 29 79 170 179 255 106 203 124 219 21 214 233 177 172 45 14 115 204 163 63 254 194 116 232 236 120 187
167 88 180 241 225 158 155 65 95 179 223 56 10 62 220 90 71 67 94 254 123 255 204 35 116 173 239 242 1 117 83 211 101 170 77 142 189 41 27 104 8 0 12 112 39 57 209 166 105 202 137 251 127 165 53 43 44 237 184 107 25 80 207 87 186 163 171 194 73 174 126 176 92 52 227 201 40 47 118 138 81 248 30 247 141 7 36 205 61 159 190 175 99 221 245 234 164 181 244 85 240 185 146 17 132 192 50 32 11 235 177 168 93 182 91 69 198 109 59 250 98 74 42 148 140 72 82 115 70 102 214 160 238 243 34 210 106 151 162 213 219 183 100 31 208 20 139 68 144 46 196 161 131 195 216 66 119 3 145 58 14 203 84 125 134 122 178 97 215 217 103 188 136 152 147 110 233 48 96 187 49 169 120 19 2 197 231 15 124 226 154 229 114 51 133 206 38 78 76 29 22 236 89 172 130 129 55 113 5 232 26 252 246 63 75 228 9 37 193 6 60 153 28 54 149 64 143 156 218 253 23 45 191 135 24 157 200 4 108 16 212 199 18 33 13 150 230 249 222 128 21 111 86 224 79 121
164 72 32 202 158 225 113 58 128 6 170 156 192 34 236 187 213 190 239 172 63 3 253 96 116 57 114 218 255 150 80 242 142 25 208 231 55 51 98 161 11 146 167 178 200 61 74 241 81 140 139 82 122 153 186 237 131 215 38 182 119 250 24 143 175 20 101 14 94 42 5 129 212 188 0 189 214 132 9 47 100 21 109 29 185 154 36 8 133 197 54 232 149 1 206 174 144 105 163 165 107 13 102 90 230 209 199 179 45 196 134 88 93 15 248 66 184 30 124 195 46 10 162 106 166 147 50 56 117 227 40 247 16 246 41 95 254 219 234 71 194 125 181 39 228 18 104 145 12 108 22 137 121 83 77 69 223 221 204 79 151 76 84 112 226 118 183 67 111 85 160 99 48 177 168 211 130 238 191 157 203 222 70 235 35 155 171 240 75 152 123 31 73 62 173 207 26 92 89 103 19 176 49 148 233 220 224 159 86 53 198 210 169 7 37 216 127 59 44 180 126 217 115 97 52 87 135 28 110 68 78 205 2 64 245 17 229 91 27 136 23 251 244 65 249 120 138 141 243 252 4 43 60 201 33 193
240 56 107 179 235 37 173 26 212 217 14 204 34 192 218 87 157 207 251 33 176 209 220 51 169 122 193 75 49 197 227 187 206 111 149 95 162 203 128 78 99 64 148 82 11 133 101 222 216 36 96 9 97 18 181 30 91 86 48 40 94 159 152 161 59 231 138 252 129 135 163 140 72 73 108 246 60 190 29 243 215 114 177 0 185 130 239 20 69 238 116 55 180 153 160 236 12 247 249 125 19 120 211 66 65 80 23 232 248 39 52 254 158 3 90 10 105 53 241 255 142 182 68 147 221 145 188 175 233 61 28 224 31 1 104 93 141 119 234 13 139 76 131 21 198 195 170 35 6 225 183 121 5 242 92 15 88 44 47 124 24 151 102 54 245 202 186 50 70 136 46 110 79 226 127 137 229 71 118 208 230 77 89 17 106 223 67 201 184 42 194 253 43 228 168 41 83 38 144 167 196 22 189 57 74 156 174 150 7 100 81 85 112 27 178 210 200 126 117 2 98 25 4 244 146 199 165 45 113 191 154 103 214 109 134 8 172 63 237 62 58 219 205 123 84 250 166 164 16 132 171 115 213 155 143 32
220 38 185 64 146 251 151 193 123 36 159 17 6 197 184 172 67 187 13 189 31 102 55 177 167 91 75 183 58 44 62 113 202 16 244 253 10 66 20 139 141 211 232 115 120 53 226 170 223 94 0 110 255 218 35 133 216 227 105 100 46 60 212 19 234 238 245 33 235 162 127 125 155 41 204 236 73 99 248 56 1 175 15 205 101 222 250 24 104 131 34 182 30 116 90 206 117 51 188 57 252 203 181 22 233 208 21 18 147 2 37 136 130 80 65 7 190 106 237 5 224 179 25 171 83 89 243 43 42 199 103 230 144 112 95 135 12 87 215 153 192 249 14 198 137 231 156 200 149 173 29 207 186 129 142 108 79 128 246 81 196 76 77 161 71 28 74 132 39 118 109 143 52 88 40 9 195 157 165 219 49 96 160 140 247 229 254 191 45 3 228 32 138 70 85 221 122 48 201 168 213 8 11 84 121 214 119 111 178 150 241 163 240 72 68 27 4 82 225 166 50 26 59 107 209 98 210 69 86 47 164 174 23 148 63 124 176 169 54 154 242 61 92 158 180 97 78 239 126 145 93 134 194 114 152 217
249 47 165 36 34 200 72 4 164 182 227 229 236 137 110 190 161 172 38 248 169 220 61 250 197 113 140 192 56 195 136 98 203 153 183 187 13 163 246 175 152 35 96 60 196 87 231 39 170 149 252 29 245 75 8 9 184 102 30 130 133 59 146 26 7 176 159 219 253 112 71 173 41 221 166 178 215 108 225 100 68 81 224 78 21 74 167 151 242 150 207 14 33 79 238 115 52 205 16 209 155 223 67 25 65 226 216 131 120 73 45 95 240 82 123 247 1 89 12 191 70 128 204 251 160 145 80 232 237 31 109 135 208 118 228 141 116 23 5 202 158 157 105 57 147 117 186 125 3 32 99 77 37 243 179 101 111 55 127 76 177 198 90 126 174 143 214 180 188 213 42 84 104 91 18 49 6 255 0 64 134 241 19 156 233 22 44 24 63 119 217 210 50 66 94 11 54 17 132 124 244 43 185 58 171 20 106 103 138 69 194 189 28 2 114 230 40 148 15 97 254 88 239 193 92 83 121 107 122 181 93 222 46 201 218 206 212 142 27 168 144 199 139 162 129 48 62 154 10 85 234 53 211 235 86 51
145 220 44 234 97 95 236 61 123 189 36 79 247 148 181 55 62 120 103 167 112 19 100 5 156 82 75 241 193 0 195 245 81 90 166 17 114 35 130 187 125 144 88 83 211 180 26 115 74 229 165 105 27 143 147 31 98 21 252 22 235 215 175 162 209 85 248 3 102 58 204 185 132 65 207 164 92 141 29 149 111 172 184 51 16 152 56 104 54 154 7 70 255 30 214 205 67 179 150 18 108 25 107 96 33 116 91 59 238 226 210 8 4 225 230 119 224 240 41 14 53 183 206 39 242 137 15 168 171 153 239 77 38 199 131 223 6 212 32 142 127 159 42 222 121 63 134 218 196 163 231 124 1 250 23 110 169 170 113 28 2 10 135 244 178 213 237 155 86 146 249 71 190 160 177 69 251 47 11 176 246 87 128 37 208 228 227 76 200 52 106 20 254 126 89 118 64 50 202 60 57 93 99 48 66 80 158 192 219 138 203 216 136 221 133 12 43 188 73 84 157 129 201 140 34 191 243 197 40 161 198 78 68 9 49 186 45 253 72 117 232 46 101 122 233 24 182 174 13 139 94 109 151 173 217 194
172 127 157 174 231 83 134 68 158 3 9 155 229 160 225 209 88 32 214 58 212 131 123 41 250 151 182 64 87 39 105 201 150 183 152 125 159 81 60 80 33 28 113 235 84 70 95 40 216 109 171 48 92 181 143 210 239 22 173 255 120 215 36 166 63 102 115 24 234 34 118 233 59 50 21 254 126 100 76 121 106 13 110 49 191 97 86 66 169 137 98 103 75 111 213 136 19 220 238 7 119 27 10 14 154 196 217 227 93 184 72 178 175 0 207 242 168 57 253 164 186 197 187 79 107 156 25 200 208 222 53 202 56 241 237 42 69 140 204 133 185 228 99 244 82 17 142 189 176 232 35 195 249 55 96 47 219 167 144 221 89 108 101 236 138 94 31 198 148 29 23 26 246 61 4 247 147 117 1 112 199 206 252 180 90 37 74 153 165 218 73 71 130 193 192 20 211 177 2 11 161 162 38 116 230 15 128 6 194 44 132 30 78 45 146 104 245 16 203 145 243 224 149 124 139 141 54 129 43 135 251 65 223 205 18 91 163 67 5 122 46 62 170 85 179 52 12 226 190 240 114 77 248 188 51 8
250 104 231 194 223 169 155 52 165 162 198 204 153 171 185 8 42 69 243 53 66 241 71 238 117 148 38 178 189 7 234 51 245 139 41 93 47 145 11 48 183 173 114 154 36 150 103 177 222 82 151 206 227 83 129 32 24 118 244 199 214 1 23 67 44 70 149 84 202 200 86 166 228 39 141 184 97 253 31 160 167 225 208 17 217 124 205 110 6 187 180 91 43 0 45 95 186 195 16 122 219 140 235 37 230 249 193 188 61 30 131 220 179 79 15 210 132 248 252 136 203 126 102 127 85 65 25 12 59 190 98 108 207 163 54 35 237 170 57 14 197 246 134 254 216 22 34 156 121 2 161 209 159 4 112 175 105 135 64 55 172 29 255 123 213 130 212 201 138 221 196 164 88 76 60 113 109 75 80 224 74 90 146 119 158 33 56 144 92 242 120 18 21 3 89 182 143 49 236 73 111 62 137 247 232 9 147 72 226 168 239 68 46 13 81 229 106 100 128 215 19 20 218 133 107 115 240 94 28 63 87 5 191 251 99 176 40 10 27 174 101 152 116 26 96 192 233 142 58 78 77 181 50 157 211 125
120 53 8 43 91 239 66 24 34 161 213 20 201 228 185 47 238 92 234 207 200 21 205 76 94 97 199 208 215 254 16 157 244 149 28 243 158 114 181 69 14 84 217 126 112 148 245 192 143 169 146 195 128 19 214 209 52 72 13 70 174 211 106 36 198 98 236 164 187 11 7 54 117 222 102 123 134 156 17 30 197 37 96 95 38 78 109 142 193 87 171 249 138 75 206 235 99 131 231 57 225 50 253 216 85 168 144 0 145 170 88 220 3 56 232 65 240 141 110 247 219 89 153 10 188 105 212 162 130 100 61 119 121 63 224 58 46 186 165 155 135 1 152 90 44 49 226 204 22 140 241 80 151 2 221 118 62 122 103 6 12 73 183 251 203 227 202 252 51 210 175 190 27 150 81 137 250 184 229 60 101 223 64 233 93 77 39 33 25 179 177 160 35 107 32 40 68 182 74 139 23 67 41 116 55 4 133 124 167 86 194 147 113 159 178 26 191 246 111 127 196 31 108 79 242 29 18 129 163 237 48 45 59 230 132 5 104 189 176 180 115 42 9 154 166 125 218 248 172 83 15 255 136 82 173 71
102 120 178 57 13 188 90 217 61 81 224 113 11 213 255 39 111 207 145 32 219 235 30 198 27 67 41 150 212 126 114 0 242 127 86 152 171 70 158 202 162 240 97 38 24 214 246 47 136 222 148 123 107 92 200 229 230 201 154 71 65 135 252 247 237 170 118 87 64 194 155 144 53 112 35 82 245 43 25 101 73 103 221 45 48 206 6 40 16 28 143 168 195 147 2 137 183 117 210 238 167 134 29 72 220 26 74 31 216 208 189 186 182 4 3 122 187 223 58 62 76 133 79 239 181 203 190 100 197 44 236 104 253 85 139 243 226 249 131 55 10 165 225 233 140 185 96 209 163 184 51 234 251 33 66 192 199 157 108 172 94 9 130 132 227 63 174 119 125 232 151 166 128 211 177 42 110 83 1 205 196 46 191 215 34 75 54 59 250 21 52 15 156 7 193 161 88 159 18 142 180 17 80 89 218 14 146 22 169 50 248 164 244 56 36 121 99 5 204 49 84 23 105 98 116 37 138 241 254 115 12 106 179 149 19 68 78 176 77 129 20 95 60 141 91 160 124 8 175 173 69 228 153 93 231 109
116 219 210 60 205 229 48 89 68 73 9 35 66 29 170 21 207 175 102 173 32 156 194 31 94 103 232 28 160 36 183 64 7 178 3 70 50 135 113 19 218 63 98 37 119 112 130 51 152 255 13 129 26 120 193 163 33 82 92 190 91 143 34 109 74 155 105 174 138 22 189 187 83 242 167 107 245 123 134 192 71 27 202 104 231 75 95 238 127 25 227 14 53 125 221 159 46 233 249 44 212 41 81 55 164 226 140 128 0 1 141 100 166 185 84 172 216 176 254 111 52 38 228 5 61 150 236 162 137 121 106 214 243 244 215 168 85 79 149 11 6 251 184 132 101 78 208 169 158 67 126 49 96 4 57 39 115 87 117 235 59 62 220 20 54 30 42 157 182 209 161 16 151 197 131 224 252 181 148 43 86 234 40 88 45 230 222 203 200 196 18 17 136 201 237 72 76 90 147 93 253 195 217 204 114 211 58 250 118 12 99 153 2 240 8 145 69 24 179 239 247 154 199 110 223 177 198 65 248 10 47 80 206 213 171 122 186 108 23 144 146 241 77 188 133 139 246 165 180 142 225 191 56 124 97 15
98 101 94 112 33 134 237 250 111 8 102 175 145 15 64 74 172 73 125 16 91 56 137 87 156 120 4 171 169 65 224 149 89 227 105 116 174 53 9 184 86 213 57 77 220 109 7 209 251 35 107 203 141 28 215 231 26 194 23 63 37 146 208 122 110 0 238 123 82 148 167 66 154 198 158 236 93 34 20 210 242 43 132 218 144 119 103 88 196 225 226 197 150 67 61 131 248 243 233 166 114 83 60 190 151 140 49 108 31 78 241 39 21 97 69 99 217 41 44 202 2 36 12 24 139 164 191 143 253 133 179 113 206 234 163 130 25 68 216 22 70 27 212 204 185 182 178 255 254 118 183 219 54 58 72 129 75 235 177 199 186 96 193 40 232 100 249 81 135 239 222 245 127 51 6 161 221 229 136 181 92 205 159 180 47 230 247 29 62 188 195 153 104 168 90 5 126 128 223 59 170 115 121 228 147 162 124 207 173 38 106 79 252 201 192 42 187 211 30 71 50 55 246 17 48 11 152 3 189 157 84 155 14 138 176 13 76 85 214 10 142 18 165 46 244 160 240 52 32 117 95 1 200 45 80 19
93 116 142 119 168 101 247 187 182 25 45 241 43 147 184 79 9 171 71 209 137 160 239 235 27 90 195 75 96 107 129 245 3 170 10 69 68 11 51 82 115 166 60 144 222 111 48 179 208 72 104 204 30 198 23 226 189 58 141 117 0 118 143 61 193 231 29 205 38 213 114 83 220 192 62 126 238 161 78 185 135 103 73 34 92 94 36 197 31 19 159 138 128 108 229 125 63 17 22 199 177 250 113 214 53 124 230 194 91 35 95 76 234 240 46 156 224 176 200 175 225 24 183 148 163 255 123 54 110 223 157 202 33 74 196 37 206 66 50 12 6 253 152 150 133 8 80 5 13 41 155 47 112 251 40 14 89 28 232 106 97 140 59 167 120 86 132 151 254 164 219 84 100 169 4 81 52 215 2 246 102 136 210 21 18 32 203 105 233 77 162 149 153 88 15 237 127 139 98 191 221 145 56 243 228 109 55 146 44 26 236 16 64 212 39 252 7 134 186 248 174 201 158 20 211 65 207 180 173 249 178 49 67 70 172 181 188 227 244 130 217 122 1 216 131 87 154 42 242 57 190 99 85 121 218 165
148 59 234 136 8 107 127 15 159 57 4 46 85 157 253 191 78 10 26 76 244 73 113 87 196 3 172 160 0 33 173 132 198 217 116 204 248 208 31 143 84 70 5 37 93 182 13 194 169 153 138 246 20 21 247 200 117 111 181 43 38 28 216 164 133 110 240 201 190 99 158 81 128 36 89 71 147 119 149 12 91 94 252 52 86 62 74 189 214 241 193 48 183 229 163 1 29 213 180 75 118 11 72 120 77 7 254 235 232 228 50 49 168 233 14 104 108 122 179 125 30 227 249 236 146 243 90 27 150 44 131 185 34 17 40 177 101 56 211 16 24 186 231 142 255 209 230 97 25 42 79 112 238 245 203 154 218 140 55 176 178 18 109 220 165 171 23 197 212 174 2 223 88 156 129 47 251 242 92 237 6 80 121 100 105 41 67 98 61 202 53 239 207 134 205 64 188 226 63 126 135 9 60 192 68 215 96 39 210 35 102 82 167 145 51 250 95 130 69 151 144 162 83 184 32 45 161 58 152 225 195 65 114 124 222 123 175 66 141 106 187 137 206 170 54 221 219 115 19 199 139 22 155 166 224 103
79 128 57 251 90 15 59 8 32 143 66 45 243 1 222 193 242 105 195 55 190 191 20 185 142 188 246 153 232 223 2 166 202 154 123 54 16 24 78 163 210 19 254 106 88 113 50 159 117 87 146 252 184 199 80 236 162 60 27 72 122 125 198 235 73 233 225 37 9 100 22 99 186 182 141 118 196 84 25 164 140 173 221 68 212 69 183 200 161 23 33 137 7 177 238 35 28 168 13 101 175 206 17 39 211 192 98 240 4 207 248 53 228 11 76 152 44 178 5 110 10 52 237 150 18 131 120 56 43 31 181 46 127 48 145 216 169 36 26 205 189 42 172 158 176 227 61 130 103 112 124 180 134 253 255 70 91 229 234 167 85 29 82 208 0 224 114 77 149 247 75 86 219 214 160 174 71 133 93 97 104 147 94 21 241 239 14 155 63 95 187 213 107 170 115 34 129 64 215 81 109 138 218 245 148 41 144 230 204 65 231 165 47 171 111 62 40 136 92 67 135 132 6 116 151 250 244 194 179 121 49 220 96 119 83 38 139 30 197 203 102 157 156 58 217 89 3 226 209 249 126 201 74 12 51 108
122 223 210 120 217 64 1 124 18 105 159 8 246 14 151 75 30 185 245 253 160 205 116 229 183 204 71 254 16 53 86 212 219 177 128 192 114 29 150 152 247 83 194 139 145 252 171 186 148 231 197 62 130 103 21 225 216 66 211 235 54 95 74 79 15 41 72 35 176 27 213 181 108 179 38 162 200 37 100 109 238 34 166 42 189 70 13 184 9 76 56 141 119 25 224 69 104 43 125 118 136 57 158 6 19 135 32 126 199 169 39 88 98 196 97 149 40 115 80 161 111 180 144 28 195 193 89 248 173 113 251 129 140 198 77 33 208 110 237 81 101 244 133 31 233 20 59 131 227 165 52 239 255 50 218 47 87 61 170 232 146 134 0 7 147 106 172 191 90 178 222 182 5 117 58 44 234 11 67 156 242 168 143 127 112 220 249 250 221 174 91 85 155 17 12 2 190 138 107 84 214 175 164 73 132 55 102 10 63 45 121 93 123 241 65 68 226 26 60 36 48 163 188 215 167 22 157 203 137 230 3 187 154 49 92 240 46 94 51 236 228 209 206 202 24 23 142 207 243 78 82 96 153 99 4 201
51 229 95 50 226 22 118 52 254 170 197 249 113 252 193 155 5 210 240 244 70 220 48 232 209 92 153 117 253 144 33 96 227 206 54 86 47 132 65 66 241 159 87 187 190 116 203 83 64 233 216 21 55 169 128 230 98 23 223 235 17 165 27 157 125 138 26 135 78 131 224 208 44 207 9 71 90 136 40 172 109 7 73 11 212 25 124 82 122 28 18 188 177 130 102 152 42 139 180 49 58 146 69 248 127 185 6 53 217 202 137 34 39 88 166 192 10 175 30 198 173 80 62 4 215 214 162 114 204 174 243 182 60 89 156 134 94 45 236 158 168 112 184 133 234 255 147 183 231 200 16 237 245 15 99 141 161 148 75 106 63 57 0 121 191 43 76 213 35 79 101 81 120 176 19 12 107 123 151 68 111 74 189 181 46 100 242 115 228 77 163 160 195 126 251 246 85 59 171 32 97 205 72 154 56 145 41 250 149 140 178 164 179 238 150 24 103 3 20 8 14 199 84 225 201 1 196 219 186 105 119 211 67 142 36 110 13 37 143 108 104 222 93 91 2 129 61 221 239 29 31 38 194 167 247 218
193 159 52 169 44 12 25 168 22 220 18 111 95 186 94 151 213 232 23 182 59 251 149 215 153 99 167 11 224 9 170 160 75 64 17 244 39 184 26 67 191 200 33 211 135 14 72 148 195 104 89 24 176 181 230 53 79 152 62 172 85 60 222 204 146 102 101 49 1 91 61 130 69 202 231 43 21 236 187 123 45 55 254 71 20 121 142 34 70 118 87 158 124 132 157 241 28 48 35 217 248 205 199 0 8 78 185 218 100 177 221 243 223 7 63 161 154 249 10 38 210 253 216 76 68 188 242 129 2 115 219 50 47 82 13 138 133 227 201 58 174 239 92 214 41 198 32 183 137 36 27 65 51 66 125 37 166 245 145 162 150 156 86 226 112 88 143 83 106 73 247 6 98 209 29 178 252 155 179 30 250 246 109 235 233 144 16 203 108 126 171 173 180 81 54 134 105 116 237 192 113 164 5 194 141 57 84 136 255 139 80 42 147 97 127 131 212 107 190 119 96 234 40 4 140 31 175 238 114 93 196 228 189 19 207 208 128 46 229 74 77 3 90 225 206 120 103 163 197 56 15 117 240 165 110 122
141 82 142 245 67 186 156 173 65 247 43 7 172 242 83 124 33 204 224 223 72 196 48 102 16 250 122 85 114 60 46 198 56 53 89 95 44 62 76 154 188 215 134 199 212 132 217 129 8 39 184 69 80 153 125 197 136 30 187 239 193 36 157 194 74 64 5 45 182 41 249 68 113 228 42 97 118 229 20 178 170 9 135 90 105 147 169 213 190 216 40 230 93 91 232 57 119 185 32 75 243 144 177 51 58 116 99 163 108 15 96 1 152 78 71 237 189 0 191 241 77 86 162 13 110 31 126 183 121 140 84 79 207 176 22 111 70 225 161 101 23 139 143 27 94 17 248 18 231 211 171 158 205 81 244 254 98 54 200 181 128 61 203 160 88 137 25 145 107 168 180 47 12 148 52 100 50 150 3 66 251 26 210 201 63 175 146 14 104 21 103 92 29 112 87 55 234 222 206 4 255 221 226 115 220 236 37 10 49 179 202 35 238 133 11 164 167 149 235 73 34 195 127 219 2 208 28 138 123 155 38 218 117 59 130 214 192 159 227 120 252 246 19 106 165 166 109 24 253 6 131 240 174 209 233 151
91 107 24 210 132 199 63 247 68 225 120 85 55 119 140 245 43 182 69 237 193 127 8 49 58 46 102 21 139 141 27 112 60 76 71 34 157 227 20 111 228 93 44 198 181 121 155 194 48 150 78 153 38 230 57 130 217 2 255 208 201 160 13 96 54 53 234 37 184 156 205 176 170 242 254 152 188 216 117 185 239 77 207 233 73 243 67 80 142 177 202 224 115 59 203 81 124 183 32 195 136 123 197 212 192 74 154 173 146 52 200 35 10 148 3 45 12 104 165 149 82 79 244 19 103 147 235 189 241 144 14 250 246 18 178 47 179 128 214 40 97 163 166 180 41 7 135 25 94 1 66 113 220 206 28 187 0 191 36 218 236 133 90 29 126 61 175 51 89 232 222 223 161 108 31 204 4 131 11 110 87 95 118 252 98 50 100 16 231 151 125 219 226 42 62 5 172 209 171 65 186 215 129 240 83 114 99 23 145 169 158 88 105 168 9 164 109 70 196 56 116 229 211 190 159 101 92 17 106 15 248 122 33 238 174 22 253 221 72 64 251 6 39 249 26 138 84 162 167 213 134 30 75 86 137 143
19 91 36 42 149 68 83 45 128 94 214 27 255 173 122 113 218 108 132 206 247 226 231 167 193 224 187 73 179 110 78 5 76 190 59 97 189 252 6 135 186 63 194 86 222 165 81 161 228 208 38 16 177 121 221 1 195 22 15 33 209 55 158 171 32 184 23 96 66 191 240 250 93 249 46 192 12 232 58 8 77 41 180 92 90 241 145 70 10 148 26 37 95 229 185 105 7 134 233 253 141 30 183 130 172 211 28 124 62 204 136 152 202 115 199 239 213 67 129 43 31 0 159 44 3 69 88 242 75 119 79 157 14 210 196 131 163 219 53 139 65 40 24 9 117 146 147 118 71 243 237 52 169 164 154 87 35 4 236 111 72 61 225 29 207 254 162 215 197 18 245 20 138 217 220 123 178 212 188 200 60 85 112 64 174 54 100 34 127 155 84 51 201 244 137 198 246 203 133 125 106 103 99 176 175 39 104 140 230 234 248 50 251 156 98 120 107 17 114 216 153 21 170 2 56 160 143 166 48 227 182 82 142 150 57 102 13 126 80 101 223 151 168 205 238 109 116 74 25 89 11 181 47 49 144 235
2 226 68 139 92 214 204 128 112 220 95 81 99 150 239 53 26 35 47 103 57 176 178 248 14 152 157 90 8 207 5 131 0 147 37 255 72 170 253 9 142 137 83 97 249 56 16 20 27 70 17 199 164 162 192 78 241 18 110 136 30 93 38 212 52 242 138 4 32 61 141 168 71 219 67 153 127 243 154 88 225 94 34 240 218 59 15 245 58 55 184 39 74 173 167 117 102 44 227 143 19 42 6 216 62 208 120 126 25 80 79 236 140 12 181 149 132 172 49 124 252 190 229 31 51 235 174 13 193 237 186 210 66 244 223 166 179 145 116 165 28 118 233 113 114 198 108 65 111 169 76 155 146 180 89 125 77 46 232 194 202 1 86 133 197 177 29 11 36 228 82 40 10 69 175 107 122 3 159 85 238 205 250 45 48 121 158 251 156 148 215 187 23 200 22 109 105 64 41 119 7 203 87 63 96 144 246 135 247 106 123 84 201 211 60 185 100 161 213 206 91 191 24 98 129 195 217 134 115 21 163 182 130 171 231 151 189 254 75 222 101 183 33 188 230 160 73 196 54 43 234 221 209 104 224 50
132 150 218 111 243 237 10 97 156 157 100 15 244 252 122 231 165 200 224 142 73 133 236 58 177 147 164 56 238 34 253 163 233 74 115 24 195 215 214 63 187 39 93 7 241 113 76 105 51 37 189 47 44 80 86 35 53 67 145 179 206 125 190 203 123 208 120 254 30 175 60 71 144 116 188 127 21 178 230 184 27 148 185 65 55 251 36 173 32 240 59 104 219 33 88 109 220 11 169 161 255 126 81 96 138 160 204 181 207 31 221 84 82 223 48 110 176 23 66 234 135 168 42 49 107 90 154 99 6 87 247 143 69 62 228 180 0 182 232 68 77 153 4 101 22 117 174 112 131 75 70 198 167 13 102 61 216 152 92 14 130 134 18 85 8 239 9 222 202 162 149 196 72 235 245 89 45 191 172 119 52 194 151 79 128 16 136 98 159 171 38 3 139 43 91 41 141 249 57 242 17 201 192 54 166 137 5 95 12 94 83 20 103 78 46 225 213 197 250 246 212 217 106 211 227 28 1 40 170 193 26 229 124 2 155 158 140 226 64 25 186 118 210 248 199 19 129 114 146 29 209 108 50 121 205 183
176 45 70 199 108 254 173 253 249 155 141 59 20 186 102 100 207 68 107 51 149 91 79 223 247 43 115 171 228 109 217 148 153 205 140 225 128 154 23 93 143 187 224 112 145 156 242 105 58 129 11 240 133 163 123 142 47 85 31 98 139 64 14 35 255 84 18 202 69 37 158 152 227 32 200 33 209 117 221 27 22 239 231 30 95 88 97 250 167 74 188 65 71 99 76 8 9 44 182 251 126 220 179 151 50 113 0 121 66 175 211 5 174 52 246 116 89 96 172 203 183 185 61 210 56 147 2 1 16 214 168 184 230 243 190 94 194 26 201 41 244 177 191 78 118 4 83 157 81 124 111 169 252 219 160 222 192 40 29 77 55 170 204 75 12 67 212 134 131 106 226 197 161 119 57 196 178 28 206 24 235 238 60 215 87 38 245 181 138 122 241 6 72 237 46 15 162 63 73 165 7 54 144 166 13 25 208 42 159 3 137 120 233 130 189 234 164 104 232 19 229 80 103 132 213 125 248 10 92 110 86 198 36 17 21 48 218 114 146 136 62 53 193 34 216 195 180 82 135 101 236 49 127 90 39 150
228 113 212 42 29 33 223 150 117 7 19 233 71 101 25 191 123 108 244 190 26 179 161 116 151 199 92 174 132 142 14 66 128 54 81 38 155 91 200 87 60 53 129 58 184 202 205 52 61 68 107 124 10 97 2 136 96 11 222 34 177 122 192 70 234 220 1 98 45 251 22 254 48 236 127 67 62 160 180 121 178 27 64 214 144 51 206 89 17 40 119 115 162 225 75 210 231 242 9 125 138 50 145 204 203 146 186 217 250 46 195 24 102 246 183 59 88 207 239 84 165 78 158 106 69 193 21 252 0 253 23 196 73 111 164 85 173 93 249 218 100 72 197 6 118 41 213 65 15 238 208 169 227 229 171 77 166 154 39 18 8 243 109 5 198 152 157 79 57 130 248 94 188 4 110 74 226 170 230 211 114 120 181 36 104 56 80 55 105 159 63 28 43 135 3 189 245 103 37 82 168 209 76 172 86 201 185 147 141 133 32 30 13 143 215 140 148 176 35 182 247 131 175 149 224 163 112 241 232 20 194 47 255 221 12 31 134 44 99 219 235 49 139 216 187 95 137 126 237 16 90 156 153 167 83 240
189 23 61 47 62 121 33 162 241 141 158 146 152 82 222 108 84 139 79 102 69 243 2 94 205 25 174 248 151 175 26 246 242 105 231 229 140 12 199 104 122 167 169 176 77 50 130 101 112 233 188 109 160 1 190 137 53 80 132 251 135 76 38 143 93 123 127 208 103 186 115 92 230 36 255 136 27 171 234 110 89 192 224 185 15 203 204 124 42 225 70 73 254 86 221 202 116 99 159 193 52 11 113 236 161 106 118 155 48 165 40 8 21 164 18 216 14 107 91 182 90 147 209 228 19 178 55 247 145 211 149 95 163 7 220 5 166 156 71 60 13 240 35 180 22 63 187 196 29 207 131 10 68 144 191 100 85 20 172 177 226 49 75 148 58 168 81 56 218 200 142 98 97 45 252 87 57 126 65 198 227 39 17 232 183 119 41 51 250 67 16 117 138 30 66 114 83 154 120 128 153 237 24 44 31 213 244 201 195 0 4 74 181 214 96 173 217 239 219 3 59 157 150 245 6 34 206 249 212 72 64 184 238 125 253 111 215 46 43 78 9 134 129 223 197 54 170 235 88 210 37 194 28 179 133 32
169 102 147 149 156 57 30 110 81 92 213 168 89 140 236 170 117 33 60 112 231 115 56 18 123 73 103 107 188 83 166 95 72 210 16 235 116 7 151 214 90 69 172 204 165 250 183 184 104 22 205 50 53 234 66 201 182 96 79 139 173 32 246 93 216 141 86 98 135 28 145 20 243 1 144 253 196 249 87 71 162 70 127 189 208 254 158 35 227 125 191 129 75 143 242 200 240 146 136 51 40 248 220 15 160 2 43 167 176 9 187 111 245 48 124 171 80 65 255 152 157 206 29 55 128 38 148 61 36 198 180 122 78 77 25 232 67 37 106 45 178 207 19 252 212 163 99 21 31 230 47 251 97 118 10 46 94 63 134 100 108 133 217 4 24 11 193 224 181 175 0 239 54 161 194 76 153 197 219 199 238 39 137 130 225 241 14 186 229 192 52 44 164 218 105 233 91 195 26 23 58 244 114 109 203 177 34 150 215 68 190 17 174 8 159 113 12 3 41 27 42 101 13 142 221 121 138 126 132 62 202 88 64 119 59 82 49 223 237 74 185 5 154 228 131 155 6 226 222 85 211 209 120 247 179 84
159 71 82 203 158 79 130 226 160 107 23 50 102 221 105 46 8 113 63 93 97 178 73 156 85 62 200 6 225 106 252 141 204 80 59 162 194 155 240 173 174 94 12 195 40 43 224 56 191 172 86 69 129 163 22 236 83 206 131 76 88 125 18 135 10 233 246 134 243 186 239 77 61 152 60 117 179 198 244 148 25 217 115 181 119 65 133 232 190 230 136 126 41 30 238 210 5 150 247 33 157 166 254 177 101 235 38 114 161 70 55 245 142 147 196 19 45 118 28 138 51 26 188 170 112 68 67 15 222 57 27 96 35 168 197 9 242 202 153 89 11 21 220 37 241 87 108 255 36 84 53 124 90 98 123 207 249 14 1 183 214 171 165 0 229 44 151 184 66 143 187 209 189 228 29 127 120 215 231 4 176 219 182 42 34 154 208 95 223 81 185 16 13 48 234 104 99 193 167 24 140 205 58 180 7 164 253 149 103 2 248 31 17 32 91 3 132 211 111 128 116 122 52 192 78 54 109 49 72 39 213 227 64 175 250 144 218 121 145 251 216 212 75 201 199 110 237 169 74 92 137 139 146 47 20 100
163 125 51 109 1 228 22 248 242 59 71 224 5 33 189 2 56 149 24 50 145 60 139 152 214 249 19 41 187 131 20 153 196 255 104 12 208 195 14 29 9 146 226 245 218 124 17 107 82 220 75 117 84 176 237 221 154 151 61 91 175 219 52 6 58 216 86 67 63 90 250 119 251 200 31 112 169 235 238 252 113 79 207 97 166 73 138 185 37 23 100 4 0 8 108 35 53 205 162 101 198 133 247 123 161 49 39 40 233 180 103 21 76 203 83 182 159 167 190 69 170 122 172 88 48 223 197 36 43 114 134 77 244 26 243 137 3 32 201 57 155 186 171 95 217 241 230 160 177 240 81 236 181 142 13 128 188 46 28 7 231 173 164 89 178 87 65 194 105 55 246 94 70 38 144 136 68 78 111 66 98 210 156 234 239 30 206 102 147 158 209 215 179 96 27 204 16 135 64 140 42 192 157 127 191 212 62 115 254 141 54 10 199 80 121 130 118 174 93 211 213 99 184 132 148 143 106 229 44 92 183 45 165 116 15 253 193 227 11 120 222 150 225 110 47 129 202 34 74 72 25 18 232 85 168 126
92 21 198 176 249 112 213 52 123 229 193 90 34 94 75 233 239 45 155 223 175 199 174 224 23 182 147 162 254 122 53 109 222 156 201 32 73 195 36 205 65 49 11 5 252 151 149 132 7 79 4 12 40 154 46 111 250 39 13 88 27 231 105 96 139 58 166 119 85 131 150 253 163 218 83 99 168 3 80 51 214 1 245 101 135 209 20 17 31 202 104 232 76 161 148 152 87 14 236 126 138 97 190 220 144 55 242 227 108 54 145 43 25 235 15 63 211 38 251 6 133 185 247 173 200 157 19 210 64 206 179 172 248 177 48 66 69 171 180 187 226 243 129 216 121 255 215 130 86 153 41 241 56 189 98 84 120 217 164 115 141 118 167 100 246 186 181 24 44 240 42 146 183 78 8 170 70 208 136 159 238 234 26 89 194 74 95 106 128 244 2 169 9 68 67 10 50 81 114 165 59 143 221 110 47 178 207 71 103 203 29 197 22 225 188 57 140 116 0 117 142 60 192 230 28 204 37 212 113 82 219 191 61 125 237 160 77 184 134 102 72 33 91 93 35 196 30 18 158 137 127 107 228 124 62 16
254 154 5 2 0 34 69 250 139 80 246 13 24 14 161 189 238 107 27 35 49 135 29 138 68 64 124 151 222 31 215 12 55 181 71 164 99 224 16 3 59 117 22 76 137 178 129 46 249 226 48 171 190 183 63 220 176 113 25 230 111 105 108 73 143 86 74 229 199 83 194 26 33 79 7 172 119 156 235 247 45 155 153 212 20 19 102 38 4 84 93 243 244 120 198 57 97 210 88 21 126 214 112 160 127 228 186 72 98 30 227 70 51 231 206 221 223 136 211 125 217 78 147 50 32 100 173 245 149 87 204 128 144 252 167 6 134 94 53 17 67 196 159 75 15 133 90 209 239 1 58 165 216 150 240 85 91 237 56 242 52 36 170 114 41 140 39 213 205 123 77 233 9 146 169 121 187 28 232 10 234 207 241 163 142 162 115 110 195 62 166 152 177 122 43 191 253 130 174 8 225 37 66 104 255 82 202 42 118 248 145 184 197 106 61 116 200 60 141 132 103 81 208 182 158 203 188 95 192 131 18 179 168 148 251 219 180 185 157 193 40 218 101 47 65 89 201 109 92 96 236 23 44 54 175 11
170 143 222 122 139 127 133 63 203 89 65 120 60 83 50 224 238 75 186 6 155 229 132 156 7 227 223 86 212 210 121 248 180 85 103 148 150 157 58 31 111 82 93 214 169 90 141 237 171 118 34 61 113 232 116 57 19 124 74 104 108 189 84 167 96 73 211 17 236 117 8 152 215 91 70 173 205 166 251 184 185 105 23 206 51 54 235 67 202 183 97 80 140 174 33 247 94 217 142 87 99 136 29 146 21 244 2 145 254 197 250 88 72 163 71 128 190 209 255 159 36 228 126 192 130 76 144 243 201 241 147 137 52 41 249 221 16 161 3 44 168 177 10 188 112 246 49 125 172 81 66 1 153 158 207 30 56 129 39 149 62 37 199 181 123 79 78 26 233 68 38 107 46 179 208 20 253 213 164 100 22 32 231 48 252 98 119 11 47 95 64 135 101 109 134 218 5 25 12 194 225 182 176 0 240 55 162 195 77 154 198 220 200 239 40 138 131 226 242 15 187 230 193 53 45 165 219 106 234 92 196 27 24 59 245 115 110 204 178 35 151 216 69 191 18 175 9 160 114 13 4 42 28 43 102 14
146 38 21 61 193 13 141 79 118 175 195 124 63 157 82 126 75 99 210 133 112 55 68 34 5 54 172 7 122 2 3 87 252 209 255 58 220 44 35 69 233 14 221 190 121 83 91 145 230 22 86 66 173 155 180 117 226 184 154 213 64 251 11 147 48 229 127 94 139 189 192 10 47 140 45 37 104 76 167 89 166 253 249 208 185 8 151 92 231 207 240 33 135 24 136 250 12 228 90 100 204 74 244 50 102 95 235 80 168 242 18 84 106 23 4 165 52 71 19 60 120 40 78 143 219 111 245 72 177 77 119 49 217 85 198 187 123 110 98 248 113 194 115 212 28 236 103 93 17 1 109 239 225 243 39 128 197 170 179 191 247 201 65 67 137 158 41 46 234 152 96 149 20 0 36 181 144 216 59 142 153 31 26 227 241 138 200 160 164 171 214 161 88 53 51 81 222 130 162 254 25 174 237 182 101 196 131 27 148 176 205 30 57 215 108 211 42 16 132 43 232 114 238 178 129 107 203 159 134 202 199 73 183 218 62 56 6 246 188 116 32 163 186 150 105 206 97 9 15 169 224 223 125 29 156 70
78 247 196 52 202 227 101 10 156 75 155 151 57 43 216 177 88 4 2 109 225 9 208 51 248 236 125 149 200 17 73 130 11 119 50 55 107 42 127 30 56 180 250 45 89 126 14 47 58 144 7 215 31 168 142 35 65 25 44 204 242 188 255 41 221 171 192 157 241 175 104 226 194 60 54 129 189 102 190 111 19 123 184 179 141 133 187 252 245 254 152 69 231 90 222 228 1 233 165 166 201 84 153 28 122 81 53 207 15 0 23 223 77 113 162 76 209 148 18 246 253 74 105 85 87 218 112 213 49 159 158 173 116 70 86 132 145 92 251 96 183 103 198 146 79 93 235 20 161 240 59 238 26 13 71 154 121 62 124 94 197 186 234 212 72 106 232 169 224 114 36 33 8 128 99 63 21 214 98 80 185 108 181 137 140 217 117 244 195 147 83 40 24 143 163 229 139 203 172 64 220 230 67 164 211 46 68 170 182 110 199 61 160 39 22 135 32 91 136 66 6 134 176 131 237 5 34 115 27 150 167 249 12 243 100 193 174 178 205 120 16 48 38 219 210 95 191 118 97 82 239 37 3 138 206 29
42 182 123 34 56 67 57 204 232 26 150 70 78 92 178 72 181 111 107 167 194 10 74 3 55 98 224 114 207 142 12 59 46 102 160 65 119 180 221 172 89 37 14 91 214 233 226 106 8 219 156 68 18 154 148 151 116 186 129 117 17 242 126 237 69 76 122 50 215 162 199 23 35 88 198 196 255 63 62 145 81 47 127 136 31 32 163 241 100 140 253 131 64 169 2 155 203 170 16 229 115 141 73 15 113 94 19 249 9 11 179 254 168 5 121 190 93 75 143 216 33 192 130 247 171 187 40 210 49 177 137 96 60 110 239 202 118 58 176 133 252 27 44 101 208 4 193 28 128 134 25 99 30 95 79 213 157 84 183 82 1 248 166 120 21 52 189 212 164 230 71 20 53 22 250 29 206 185 205 158 153 238 105 209 195 220 165 86 234 41 173 217 51 13 80 109 147 43 125 245 85 161 36 188 227 240 149 104 159 243 103 184 175 146 124 251 225 201 246 231 138 235 174 61 222 211 191 39 7 223 228 200 236 83 6 144 90 108 132 244 152 135 139 24 66 87 97 218 54 197 48 45 0 77 112 38
208 175 1 177 19 90 43 165 155 79 63 171 46 32 50 101 190 4 232 241 253 54 8 127 129 199 220 103 108 41 214 158 211 82 0 98 243 206 23 121 204 215 93 88 34 48 200 7 222 226 233 21 223 150 115 113 143 29 192 224 61 87 236 44 244 163 3 193 89 210 238 12 92 119 22 170 18 104 78 194 105 39 176 45 240 191 169 10 221 196 9 6 135 245 25 124 118 68 53 250 178 94 225 248 212 167 13 159 71 77 231 31 30 187 91 218 132 100 83 123 255 75 203 141 180 237 2 186 125 219 144 188 137 161 17 195 174 117 130 96 67 116 234 69 184 64 65 149 59 16 62 120 27 106 97 131 40 76 28 252 183 145 153 207 37 84 148 128 235 217 242 179 33 246 216 20 126 58 73 209 110 36 189 156 201 251 254 72 109 202 107 99 166 138 229 151 228 60 56 15 247 70 213 154 38 14 47 95 197 86 198 57 74 35 152 162 11 136 51 112 164 157 42 142 230 49 80 146 168 85 66 227 114 133 81 122 182 102 140 205 26 173 52 134 239 139 181 111 24 147 5 249 185 172 160 55
75 108 220 143 60 167 117 85 55 16 74 76 18 179 13 1 141 120 110 90 211 107 45 254 4 181 159 232 95 196 35 106 212 176 73 17 77 58 216 222 28 138 206 158 182 157 207 6 165 130 145 237 105 36 92 205 139 184 15 56 178 19 188 48 32 249 243 235 134 132 115 245 62 242 250 23 137 29 94 233 22 251 71 10 214 88 79 122 41 149 102 68 114 133 236 146 201 66 82 151 241 63 34 197 239 228 84 118 192 3 255 14 185 87 215 59 144 131 135 70 252 219 109 121 80 173 203 127 38 225 210 91 37 128 26 8 218 253 46 194 21 234 244 116 168 230 156 183 140 2 193 47 189 162 155 231 160 31 49 52 154 163 170 209 226 112 199 104 238 198 113 69 136 24 224 39 172 81 67 103 200 147 98 124 101 150 83 229 169 164 7 27 223 25 129 166 61 246 153 53 191 119 142 221 217 9 72 177 57 78 89 111 227 240 152 247 51 50 248 33 64 97 148 42 126 204 93 30 161 190 54 86 186 12 180 5 208 171 40 123 99 0 100 125 43 175 213 11 187 20 195 96 65 202 174 44
95 58 245 230 111 57 148 46 28 238 18 66 214 41 254 9 136 188 250 176 203 160 22 213 67 209 182 175 251 180 51 69 72 174 183 190 229 246 132 219 124 3 218 133 89 156 44 244 59 192 101 87 123 220 167 118 144 121 170 103 249 189 184 27 47 243 45 149 186 81 11 173 73 211 139 162 241 237 29 92 197 77 98 109 131 247 5 172 12 71 70 13 53 84 117 168 62 146 224 113 50 181 210 74 106 206 32 200 25 228 191 60 143 119 0 120 145 63 195 233 31 207 40 215 116 85 222 194 64 128 240 163 80 187 137 105 75 36 94 96 38 199 33 21 161 140 130 110 231 127 65 19 24 201 179 252 115 216 55 126 232 196 93 37 97 78 236 242 48 158 226 178 202 177 227 26 185 150 165 2 125 56 112 225 159 204 35 76 198 39 208 68 52 14 8 255 154 152 135 10 82 7 15 43 157 49 114 253 42 16 91 30 234 108 99 142 61 169 122 88 134 153 1 166 221 86 102 171 6 83 54 217 4 248 104 138 212 23 20 34 205 107 235 79 164 151 155 90 17 239 129 141 100 193 223 147
47 145 206 3 251 136 236 69 143 174 240 7 179 160 66 208 227 175 216 21 196 234 44 120 12 146 228 78 233 20 205 118 241 99 88 24 11 254 149 14 95 16 113 184 137 4 249 173 157 10 140 126 144 195 29 98 71 80 92 148 102 221 223 38 59 197 202 135 53 252 50 176 0 192 82 45 117 215 43 54 187 182 128 142 39 101 61 65 72 115 62 244 209 207 237 123 31 63 155 181 75 138 83 2 97 32 183 49 77 106 186 213 116 9 112 198 172 33 199 133 15 139 79 30 8 104 60 35 103 100 229 84 119 218 212 162 147 89 17 188 64 87 51 6 107 253 165 171 70 125 124 26 185 57 226 194 177 217 94 169 42 235 19 76 96 25 219 58 238 27 231 255 111 34 13 211 224 190 161 210 73 163 23 158 159 243 153 110 156 214 121 200 191 225 134 170 122 91 22 239 247 46 131 178 242 222 74 56 81 18 127 85 55 114 220 152 167 48 204 130 28 250 40 90 93 166 203 41 201 193 5 232 68 245 67 154 150 109 86 164 52 248 132 108 141 189 36 180 37 151 168 129 246 1 105 230
84 72 140 137 11 121 156 255 249 199 184 126 54 225 101 124 88 43 144 35 202 208 107 162 161 63 222 94 8 231 214 254 131 206 79 17 56 113 133 62 1 95 20 64 13 37 148 71 50 248 6 227 198 247 110 200 60 195 196 25 190 147 193 251 158 237 228 7 171 207 159 128 59 21 29 83 168 215 24 4 111 93 118 55 164 122 92 151 2 189 204 85 241 167 65 32 77 127 130 203 240 78 238 230 42 14 105 27 104 191 187 146 123 201 89 30 169 145 178 226 73 217 74 188 205 166 28 38 142 12 182 243 40 33 173 18 106 180 211 22 44 216 197 103 245 9 212 253 58 233 16 81 157 49 183 10 115 15 57 242 155 23 136 125 61 48 36 186 51 132 53 150 221 174 41 31 210 194 47 177 163 181 232 66 135 108 117 129 185 139 3 5 75 96 234 239 172 90 34 87 213 0 229 119 82 154 252 80 91 224 219 165 179 76 138 98 102 109 152 99 26 246 244 19 160 68 100 192 218 112 175 120 39 134 69 220 86 114 143 223 250 153 46 149 235 209 70 236 170 52 176 116 67 45 141 97
5 181 160 8 40 1 86 19 20 195 113 41 141 144 70 157 37 18 187 170 230 9 123 82 184 52 232 177 189 226 119 236 111 79 92 235 89 32 85 178 162 253 161 218 25 44 90 249 126 63 216 27 220 166 234 78 36 76 237 227 142 131 84 56 106 251 93 134 3 12 100 23 202 81 139 215 7 171 156 91 243 248 42 120 146 219 129 239 152 127 34 16 213 169 168 116 68 158 128 197 136 14 43 110 88 48 254 190 112 122 66 138 87 188 209 101 137 185 154 225 191 199 224 53 95 115 102 29 60 17 11 0 75 145 252 30 167 244 33 55 35 74 130 228 221 61 77 105 22 65 28 143 135 255 54 196 69 182 31 117 114 149 80 205 200 39 13 125 241 51 159 26 108 10 99 250 204 103 94 132 118 133 192 104 233 57 212 229 217 223 153 38 179 155 210 150 173 140 59 73 165 21 96 245 64 222 246 97 62 58 176 47 45 211 83 15 175 193 238 240 247 148 121 201 172 183 49 4 180 231 72 6 208 124 151 203 67 206 147 109 214 164 194 198 24 174 2 186 163 46 107 71 207 98 242 50
96 88 110 121 111 3 31 80 204 124 132 146 232 126 235 165 161 221 248 64 128 57 109 152 23 168 6 196 66 113 100 156 214 119 173 234 20 226 143 91 68 145 13 32 25 160 62 18 210 122 72 208 202 205 170 240 183 171 71 41 180 36 123 130 176 104 14 216 253 77 89 142 252 250 54 117 116 199 135 101 181 190 85 86 217 40 154 194 52 185 118 223 56 209 2 224 70 28 169 195 127 69 167 148 73 48 63 65 233 53 222 59 175 244 147 129 197 15 87 246 184 46 225 241 94 9 103 231 191 150 114 164 38 1 172 112 230 187 51 81 98 155 7 58 247 82 182 188 79 153 84 149 133 12 211 138 237 136 55 47 220 174 75 106 243 11 218 29 125 74 107 76 49 83 5 239 4 212 207 37 159 8 249 19 219 140 33 95 227 16 105 67 134 163 201 97 179 44 139 215 90 242 26 39 203 158 213 42 157 238 229 200 178 50 24 255 45 30 192 34 228 115 21 10 245 93 61 22 27 254 35 137 60 198 144 162 186 43 206 189 193 78 120 141 151 17 108 251 102 99 0 131 166 92 236 177
112 139 192 30 14 105 13 70 132 151 197 101 233 170 68 134 72 18 86 185 143 183 89 79 249 238 191 163 213 103 200 241 110 119 207 130 54 188 246 67 114 23 8 198 95 100 149 227 253 71 236 91 4 234 141 123 65 21 20 223 175 10 235 49 243 121 150 217 195 155 106 42 219 229 173 245 194 40 61 208 244 37 6 77 43 51 76 160 202 222 209 136 167 124 118 0 182 252 104 137 19 96 140 162 142 181 237 80 73 168 184 212 129 172 135 250 242 107 161 48 176 34 138 224 221 1 187 57 52 146 120 232 93 158 11 133 215 117 206 102 56 210 201 239 225 240 44 211 85 164 64 81 69 75 5 145 31 7 62 2 25 247 166 180 17 128 203 97 171 74 98 204 169 165 28 154 152 63 190 122 27 45 90 92 99 255 228 53 24 35 156 111 32 83 179 113 60 231 3 55 174 58 254 216 66 16 46 50 131 26 109 38 15 153 214 178 59 205 94 157 33 12 115 147 108 193 126 127 47 220 148 248 251 177 9 144 125 39 22 82 116 230 189 36 159 84 29 41 78 226 88 218 186 199 87 196
97 91 46 61 103 125 169 146 172 251 186 49 47 188 13 75 141 243 31 199 100 133 7 14 72 55 119 64 226 52 212 108 34 27 193 145 0 147 197 33 42 118 224 66 242 82 139 77 96 40 35 163 132 233 67 26 181 117 57 234 95 99 238 50 228 204 229 187 167 127 114 161 37 200 210 54 10 156 137 84 17 159 116 44 93 236 101 63 124 136 3 223 104 8 56 6 106 214 22 207 237 166 157 19 131 102 225 60 232 59 48 240 68 43 11 190 178 162 215 211 177 182 71 176 192 248 221 5 135 158 246 194 89 222 120 123 105 191 29 245 151 83 175 213 164 239 94 79 111 249 174 73 15 86 170 148 115 183 76 208 202 230 62 121 122 65 235 209 217 87 196 130 165 189 107 38 98 201 23 142 112 129 21 203 254 218 128 198 39 80 244 160 180 179 28 152 4 58 227 206 78 41 70 16 2 154 12 9 45 51 255 18 32 110 144 171 90 155 168 88 173 85 219 250 140 25 36 109 81 153 92 241 143 195 149 247 113 150 30 20 216 1 138 252 205 24 69 184 253 53 74 185 231 134 126 220
44 30 122 160 111 186 41 26 58 196 121 20 217 33 117 95 62 130 23 155 149 177 9 68 69 12 182 156 164 34 143 77 112 136 54 240 45 148 225 89 59 76 223 150 201 165 75 145 241 27 191 107 127 126 230 99 206 5 174 153 25 243 17 218 204 101 214 211 247 253 202 220 234 57 91 118 37 102 115 35 120 32 166 197 87 227 238 56 28 100 39 188 90 142 96 194 60 97 232 222 163 203 85 199 152 226 16 131 200 255 21 132 178 81 73 167 38 248 8 50 72 116 93 119 198 133 251 249 135 215 22 88 190 233 146 47 80 209 216 19 2 66 11 173 254 159 55 236 229 140 92 0 94 144 235 244 65 171 13 189 29 86 24 43 242 237 110 79 180 14 228 128 64 4 181 42 46 185 252 175 151 176 134 114 74 61 108 239 147 157 1 212 103 84 31 219 106 63 246 40 183 48 10 71 83 205 170 51 210 3 208 53 161 224 154 184 113 104 221 78 49 172 7 179 6 250 187 15 245 213 137 125 109 162 158 124 129 18 123 139 195 168 207 82 105 193 141 36 169 67 70 52 138 231 192 98
14 83 231 79 165 139 255 166 100 237 106 46 252 230 71 27 2 70 67 196 51 86 185 179 129 114 56 239 155 31 54 18 228 74 220 132 138 37 92 91 248 152 24 193 161 144 184 61 136 9 202 241 43 63 247 186 25 205 249 198 222 78 1 235 178 191 157 128 177 40 130 245 125 126 210 120 77 123 181 88 167 158 192 101 137 89 58 244 206 214 13 98 145 209 189 41 23 48 240 94 52 22 81 187 119 134 15 171 97 250 217 7 57 60 133 170 8 168 160 227 199 35 212 34 121 117 76 53 131 19 215 99 75 108 156 3 147 4 118 135 96 213 223 72 197 112 173 225 218 103 203 36 110 141 207 229 146 127 33 175 194 142 183 243 163 201 11 87 234 113 195 45 200 242 172 85 208 66 55 246 233 221 116 236 62 238 80 151 104 226 216 140 124 232 107 93 111 162 251 65 38 47 59 115 69 188 190 5 26 164 169 102 20 219 17 143 0 159 49 12 84 182 10 21 154 149 95 109 6 68 28 32 39 82 29 211 176 174 204 90 253 30 122 148 42 105 50 224 64 254 150 16 44 73 153 180
46 66 167 6 77 183 147 44 243 48 29 187 193 254 109 177 129 153 128 178 232 136 101 116 208 76 7 63 176 110 155 241 27 149 245 159 19 3 220 214 206 105 103 86 216 33 213 221 249 108 255 65 204 248 222 42 236 185 59 50 93 12 120 73 39 85 104 207 117 172 37 53 122 212 34 5 168 210 199 55 89 163 229 226 240 156 58 186 30 115 102 106 41 223 190 80 92 51 144 174 98 9 196 181 62 8 99 252 234 189 224 17 165 247 205 215 87 139 201 127 154 111 228 164 18 160 133 126 202 131 2 20 23 125 134 141 180 197 83 170 75 209 169 84 40 107 250 195 10 143 52 38 74 171 118 69 95 72 121 54 200 140 135 233 253 194 251 100 137 32 217 124 24 162 90 113 192 188 235 43 148 28 49 60 82 198 211 123 218 22 21 219 4 35 68 119 13 97 175 64 1 132 161 25 57 157 238 151 231 179 142 11 94 70 0 71 96 14 146 184 237 158 246 166 67 36 173 145 15 79 191 114 31 138 88 56 26 242 45 47 244 150 239 227 112 91 81 61 182 78 16 225 230 152 130 203
154 204 122 254 37 90 11 99 19 175 144 26 253 123 187 44 222 139 246 196 164 134 95 153 155 97 3 92 80 220 199 189 169 35 186 124 78 83 5 238 56 174 20 114 185 36 255 152 96 156 137 40 46 107 217 30 237 6 236 31 85 244 209 224 61 184 115 171 29 218 8 94 135 2 98 12 127 111 73 67 59 213 211 194 69 141 66 74 102 216 108 173 57 101 75 150 89 38 167 158 201 120 228 181 147 193 212 60 225 25 145 161 230 65 142 113 21 63 52 163 197 16 82 79 93 9 166 39 138 223 210 214 149 76 43 188 200 159 252 27 206 117 49 34 170 116 207 105 87 42 77 125 18 100 58 68 195 247 54 235 7 219 81 17 126 13 241 234 55 239 110 128 131 233 242 249 33 50 191 23 183 62 22 192 148 215 103 48 118 251 160 146 182 24 226 177 203 180 229 162 53 248 243 86 106 47 104 208 245 140 70 232 132 15 198 221 45 41 88 151 1 136 157 168 190 51 64 231 71 130 129 72 112 143 176 227 121 205 28 172 109 240 14 133 165 10 91 4 84 32 250 119 202 178 0 179
37 121 64 117 210 194 30 193 250 57 76 122 26 158 95 248 59 252 198 11 110 68 108 14 4 174 163 116 88 138 28 125 166 35 44 132 55 234 113 171 247 39 203 188 123 20 25 74 152 178 251 161 16 184 159 66 48 245 201 200 148 100 190 160 229 168 46 75 142 120 80 31 222 144 154 98 170 119 220 241 133 169 217 186 2 223 231 1 85 127 147 134 61 92 49 43 0 107 177 29 62 199 21 65 87 67 106 162 5 253 93 109 137 54 97 60 175 167 32 86 228 101 214 63 149 146 181 112 237 232 71 45 157 18 83 191 58 140 42 131 27 236 135 126 164 150 165 224 136 10 89 244 6 249 255 185 70 211 187 242 182 205 172 91 105 197 53 128 22 96 254 23 129 94 90 208 79 77 243 115 47 207 225 15 17 24 180 153 233 204 215 81 36 212 8 104 38 240 156 183 235 99 238 179 141 246 196 226 230 56 206 34 218 195 78 139 103 239 130 19 82 213 192 40 72 33 118 51 52 227 145 73 173 176 102 189 69 50 219 202 7 41 155 114 216 84 9 209 221 3 151 13 143 111 124 12
218 108 216 131 225 98 58 17 236 31 160 123 39 234 97 54 173 203 220 22 129 180 114 204 49 55 201 20 206 16 255 134 78 5 104 3 177 169 87 41 197 228 110 133 85 151 247 196 229 198 171 205 127 106 126 79 74 159 26 130 116 141 86 7 155 217 94 138 227 189 1 30 68 219 46 166 6 82 212 109 148 161 70 25 80 164 24 105 96 67 45 172 146 122 167 152 59 156 95 237 143 132 112 215 183 144 149 121 157 4 182 65 11 29 53 165 73 56 60 200 242 8 18 139 230 118 224 221 0 253 33 214 103 44 210 232 243 233 125 153 202 71 246 254 13 99 248 102 32 28 88 115 186 250 179 231 19 145 35 128 63 188 235 222 23 81 241 40 101 142 93 10 213 190 12 135 154 147 27 184 140 77 244 194 75 69 72 37 107 50 38 193 163 47 158 245 252 43 226 136 83 120 199 211 9 119 117 176 239 238 66 2 223 48 57 207 208 84 162 21 61 174 52 240 90 178 76 124 91 192 150 36 62 249 191 34 15 195 170 185 187 100 175 89 181 42 111 14 251 64 137 209 113 51 168 92
216 226 217 142 231 140 118 247 158 108 44 147 123 91 197 189 121 131 164 119 151 8 209 32 37 83 4 155 200 211 7 13 232 149 80 2 69 188 117 193 95 245 210 180 244 10 115 168 52 194 107 63 252 133 174 183 171 227 146 9 11 152 237 185 201 196 159 27 97 145 236 98 218 169 68 51 246 25 64 173 20 203 23 163 100 182 255 87 127 125 78 71 30 138 221 179 178 104 162 54 26 75 46 40 112 124 22 58 86 242 55 109 202 77 103 198 113 192 205 12 47 72 94 240 184 73 206 249 53 157 65 6 248 67 82 62 199 24 43 16 177 70 160 135 18 128 170 137 229 35 19 207 204 114 144 228 17 105 59 111 14 139 120 116 143 48 172 49 253 84 165 222 33 36 50 166 132 5 150 219 126 191 238 90 76 153 57 0 61 161 88 106 3 215 154 251 186 45 176 214 102 92 93 31 233 156 74 129 1 136 235 212 220 243 122 223 175 225 141 101 21 250 89 96 167 187 130 42 79 41 190 56 85 254 110 208 239 224 148 15 39 28 213 230 38 134 34 234 195 66 181 241 99 81 60 29
158 58 239 11 223 85 21 130 17 245 238 59 243 114 132 135 237 246 253 37 54 195 27 187 66 26 196 152 219 107 52 122 255 164 150 186 28 230 181 207 184 233 166 57 252 247 90 110 51 108 212 249 144 74 236 136 19 202 225 49 45 92 155 5 140 161 172 194 55 68 235 75 134 133 76 116 147 180 231 125 209 32 176 113 244 18 137 169 14 95 8 88 36 254 123 206 182 0 183 208 126 3 41 94 15 103 23 179 148 30 2 127 191 48 226 143 250 200 168 138 99 157 159 101 7 96 84 224 203 193 173 39 190 128 82 87 9 242 60 178 24 118 189 40 4 156 100 160 141 44 50 111 221 34 241 10 240 35 89 248 213 228 65 188 119 175 33 222 12 98 139 6 102 16 131 115 77 71 63 217 215 198 73 145 70 78 106 220 112 177 61 105 79 154 93 42 171 162 205 124 232 185 151 197 216 64 229 29 149 165 234 69 146 117 25 67 56 167 201 20 86 83 97 13 170 43 142 227 214 218 153 80 47 192 204 163 1 31 210 121 53 38 174 120 211 109 91 46 81 129 22 104 62 72 199 251
94 157 203 6 168 247 238 17 181 217 169 138 69 31 39 93 178 225 34 14 121 103 128 65 174 132 102 161 12 199 214 95 251 177 75 42 87 137 140 213 250 88 248 240 52 24 115 37 114 201 197 156 133 211 99 40 179 155 188 236 83 227 84 198 215 176 38 48 152 22 192 253 50 43 183 28 116 190 221 32 54 226 207 113 255 19 222 8 68 243 26 91 167 59 193 20 125 25 67 252 165 33 146 135 71 58 46 196 61 142 63 160 231 184 51 41 220 204 57 187 173 191 242 76 145 118 127 139 195 149 13 15 85 106 244 249 182 100 44 97 223 0 239 129 92 164 7 90 101 234 229 175 189 86 148 108 112 119 162 109 36 1 254 29 170 78 110 202 228 122 185 130 49 144 79 230 96 124 153 233 5 163 56 159 245 219 80 246 180 62 186 126 77 55 151 107 82 150 147 21 131 166 10 4 209 194 136 64 235 111 134 98 53 154 45 212 218 117 172 171 73 232 104 18 241 224 9 141 216 89 27 66 123 143 72 11 105 30 74 23 47 158 81 60 3 16 237 208 2 120 210 70 205 206 35 200
187 60 119 31 160 239 139 156 144 150 80 220 106 82 137 77 100 67 241 255 92 203 23 172 246 149 173 24 244 240 103 229 227 138 10 197 102 120 165 167 174 75 48 128 99 110 231 186 107 158 254 188 135 51 78 130 249 133 74 36 141 91 121 125 206 101 184 113 90 228 34 253 134 25 169 232 108 87 190 222 183 13 201 202 122 40 223 68 71 252 84 219 200 114 97 157 191 50 9 111 234 159 104 116 153 46 163 38 6 19 162 16 214 12 105 89 180 88 145 207 226 17 176 53 245 143 209 147 93 161 5 218 3 164 154 69 58 11 238 33 178 20 61 185 194 27 205 129 8 66 142 189 98 83 18 170 175 224 47 73 146 56 166 79 54 216 198 140 96 95 43 250 85 55 124 63 196 225 37 15 230 181 117 39 49 248 65 14 115 136 28 64 112 81 152 118 126 151 235 22 42 29 211 242 199 193 0 2 72 179 212 94 171 215 237 217 1 57 155 148 243 4 32 204 247 210 70 62 182 236 123 251 109 213 44 41 76 7 132 127 221 195 52 168 233 86 208 35 192 26 177 131 30 21 59 45
154 127 106 111 47 73 104 67 208 59 245 213 140 211 70 194 232 69 132 141 15 66 198 74 221 102 45 216 41 108 88 173 151 57 1 101 136 75 157 150 168 89 190 38 51 167 64 158 231 201 71 120 130 228 129 181 72 147 112 193 143 212 176 60 227 225 121 25 205 145 28 161 172 230 109 65 240 142 14 113 133 21 165 63 10 52 91 163 4 197 84 16 32 82 250 79 119 93 202 9 178 166 0 39 179 138 204 223 122 210 254 214 37 149 90 76 11 43 99 188 19 200 175 159 144 252 26 27 253 206 123 117 187 49 44 34 222 170 139 116 246 207 196 105 164 87 134 42 95 77 153 125 155 18 97 100 3 58 92 68 80 195 220 247 199 54 189 235 169 7 35 219 186 81 124 17 78 126 83 13 5 241 238 234 56 55 174 239 20 110 114 128 185 131 36 233 255 242 152 249 96 33 156 50 137 191 40 23 46 183 107 62 217 22 30 192 237 148 6 215 236 103 31 48 85 118 244 251 209 160 224 146 61 182 184 24 115 226 171 177 29 203 218 180 8 229 94 162 135 53 2 248 98 243 12 86
171 165 199 70 7 62 207 129 126 101 221 192 156 114 52 191 173 23 201 19 230 233 55 210 82 33 240 176 133 117 236 1 67 232 41 10 157 58 68 160 2 49 139 161 8 20 203 37 154 253 132 115 228 125 184 229 159 99 227 14 224 75 98 127 208 120 243 5 87 105 81 193 31 12 16 43 213 109 141 131 57 48 188 29 211 190 175 77 130 96 231 44 122 85 34 145 40 65 194 103 249 168 248 244 150 136 54 15 181 97 95 202 63 102 46 144 86 74 218 242 38 110 166 223 104 212 143 148 200 135 220 123 149 18 88 138 182 219 107 140 151 237 100 53 124 6 235 128 158 118 137 42 80 26 93 134 59 9 30 250 79 13 197 64 32 153 147 222 27 195 28 204 112 216 22 17 234 226 25 90 83 92 245 162 69 183 60 66 94 71 3 4 39 177 246 121 215 174 146 45 108 0 116 61 170 206 255 169 47 241 111 84 91 167 198 178 180 56 205 51 142 252 251 11 209 163 179 225 238 185 89 189 21 196 36 239 172 186 73 113 254 78 152 76 119 106 164 247 214 155 217 187 35 24 72 50
226 174 180 129 147 161 239 18 45 219 29 42 217 47 214 93 124 14 154 165 238 210 27 221 115 17 69 23 121 242 24 159 149 90 130 12 126 79 153 198 58 127 182 203 59 105 8 255 94 220 175 190 232 254 43 20 46 125 60 178 176 62 142 204 15 117 160 73 229 7 136 143 201 184 248 193 100 181 86 237 163 156 67 19 0 21 71 162 171 247 98 195 116 211 13 206 225 169 164 37 6 107 196 155 55 246 186 108 224 228 112 179 102 78 103 61 41 1 243 35 166 74 84 183 139 30 11 213 146 33 245 173 222 110 230 192 253 10 132 97 233 137 185 135 235 88 151 81 111 40 31 148 5 231 99 189 106 188 177 114 197 172 140 64 52 36 89 85 51 56 200 50 66 122 95 134 9 32 120 68 218 96 249 252 234 65 158 119 25 212 49 87 38 113 223 208 240 123 48 202 144 215 44 22 244 57 205 82 76 104 191 250 251 194 109 83 91 216 70 4 39 63 236 167 227 75 152 16 241 3 150 77 128 92 2 72 168 209 118 34 54 53 157 26 133 187 101 80 207 170 199 145 131 28 141 138
44 145 27 107 126 99 5 153 243 218 101 211 253 220 57 118 102 35 32 197 227 56 100 188 142 194 97 222 203 199 226 131 255 132 81 167 248 50 116 119 133 249 215 88 233 47 209 19 66 173 159 236 140 0 144 244 171 189 86 43 237 79 14 128 4 42 185 175 176 114 61 239 157 212 84 219 63 40 48 71 205 51 3 53 224 184 104 78 172 179 250 15 213 125 162 124 18 139 168 82 193 36 67 52 231 98 122 111 41 58 121 217 117 62 23 149 9 69 182 164 143 112 54 45 225 59 223 201 75 241 191 127 230 206 174 25 17 204 214 247 202 234 91 37 115 120 166 87 238 28 39 90 96 60 232 163 85 152 16 200 21 178 73 38 8 72 93 198 251 135 22 190 146 80 216 2 11 254 55 229 92 94 235 65 13 29 24 242 110 180 228 64 181 46 252 151 134 74 108 147 1 103 31 106 246 183 10 83 170 210 208 161 154 113 221 49 7 6 187 245 137 109 158 129 123 195 207 105 141 169 70 138 192 30 160 186 26 196 20 33 95 130 155 177 68 12 156 34 77 136 240 148 89 76 150 165
221 59 63 203 245 11 21 142 233 121 227 224 0 1 36 217 106 47 213 235 246 236 128 156 205 74 249 2 16 102 251 105 35 31 91 118 189 253 182 234 22 148 38 131 66 191 238 225 26 84 244 43 104 145 96 13 216 193 15 138 157 150 30 187 143 80 247 197 78 72 75 40 110 53 41 196 166 50 161 248 255 46 229 139 86 123 202 214 12 122 120 179 242 241 69 5 226 51 60 210 211 87 165 24 64 177 55 243 93 181 79 127 94 195 153 39 65 252 194 37 18 198 173 188 190 103 178 92 184 45 114 17 254 67 140 212 116 54 171 95 111 219 134 228 101 61 20 239 34 163 126 42 237 100 57 176 206 223 25 132 183 117 207 52 58 204 23 209 19 3 137 81 8 107 6 180 172 90 44 200 231 113 136 88 154 250 199 232 201 174 208 130 109 129 82 77 162 29 133 119 144 89 10 158 220 97 141 230 192 4 33 71 222 49 169 9 85 215 112 151 164 73 28 83 167 27 108 99 70 48 175 149 125 170 155 62 159 98 240 146 135 115 218 186 147 152 124 160 7 185 68 14 32 56 168 76
45 173 8 180 7 251 188 16 246 214 138 126 110 163 159 125 130 19 124 140 196 169 208 83 106 194 142 37 170 68 71 53 139 232 193 99 31 123 161 112 187 42 27 59 197 122 21 218 34 118 96 63 131 24 156 150 178 10 69 70 13 183 157 165 35 144 78 113 137 55 241 46 149 226 90 60 77 224 151 202 166 76 146 242 28 192 108 128 127 231 100 207 6 175 154 26 244 18 219 205 102 215 212 248 254 203 221 235 58 92 119 38 103 116 36 121 33 167 198 88 228 239 57 29 101 40 189 91 143 97 195 61 98 233 223 164 204 86 200 153 227 17 132 201 1 22 133 179 82 74 168 39 249 9 51 73 117 94 120 199 134 252 250 136 216 23 89 191 234 147 48 81 210 217 20 3 67 12 174 255 160 56 237 230 141 93 0 95 145 236 245 66 172 14 190 30 87 25 44 243 238 111 80 181 15 229 129 65 5 182 43 47 186 253 176 152 177 135 115 75 62 109 240 148 158 2 213 104 85 32 220 107 64 247 41 184 49 11 72 84 206 171 52 211 4 209 54 162 225 155 185 114 105 222 79 50
167 191 200 212 13 222 86 88 158 179 62 67 255 173 117 170 41 0 57 202 165 237 80 163 174 52 47 248 7 159 221 181 185 192 235 182 109 74 72 102 243 151 183 20 46 195 3 203 122 217 152 48 169 197 226 51 78 236 129 232 63 37 153 64 253 135 4 199 150 128 224 180 155 223 220 94 204 239 83 77 27 12 209 137 53 184 207 171 126 227 118 30 36 190 245 244 146 50 177 91 59 42 82 214 34 162 100 139 196 216 145 84 178 103 147 96 120 231 154 133 76 89 55 26 75 193 28 143 23 24 108 18 230 21 79 241 65 56 90 254 35 242 211 142 104 112 166 251 43 107 87 194 176 201 138 247 205 175 234 85 17 32 168 69 250 148 115 160 210 213 31 68 161 66 58 125 97 188 110 187 19 15 229 206 29 172 113 252 228 6 54 156 45 157 16 33 249 111 121 225 95 10 71 123 116 1 101 189 8 39 105 127 44 25 186 73 92 40 81 141 61 99 164 240 132 11 93 198 98 140 70 238 106 219 208 144 131 119 14 134 215 136 233 49 2 124 114 38 22 130 5 246 9 60 149 218
163 190 170 172 48 197 43 134 244 243 3 201 155 171 217 230 177 81 181 13 188 28 231 164 178 65 105 246 70 144 68 111 98 156 239 206 147 209 179 27 16 64 42 157 191 62 254 54 199 121 118 93 213 184 148 106 44 183 165 15 193 11 222 225 47 202 74 25 232 168 125 109 228 248 59 224 33 2 149 50 60 152 249 41 131 153 255 12 195 29 146 245 124 107 220 117 176 221 151 91 219 6 216 67 90 119 200 112 235 252 79 97 73 185 23 4 8 35 205 101 133 123 49 40 180 21 203 182 167 69 122 88 223 36 114 77 26 137 32 57 186 95 241 160 240 236 142 128 46 7 173 89 87 194 55 94 38 136 78 66 210 234 30 102 158 215 96 204 135 140 192 127 212 115 141 10 80 130 174 211 99 132 143 229 92 45 116 253 227 120 150 110 129 34 72 18 85 126 51 1 22 242 71 5 189 56 24 145 139 214 19 187 20 196 104 208 14 9 226 218 17 82 75 84 237 154 61 175 52 58 86 63 250 251 31 169 238 113 207 166 138 37 100 0 108 53 162 198 247 161 39 233 103 76 83 159
254 11 154 5 2 0 34 69 250 139 80 246 13 24 14 161 189 238 107 27 35 49 135 29 138 68 64 124 151 222 31 215 12 55 181 71 164 99 224 16 3 59 117 22 76 137 178 129 46 249 226 48 171 190 183 63 220 176 113 25 230 111 105 108 73 143 86 74 229 199 83 194 26 33 79 7 172 119 156 235 247 45 155 153 212 20 19 102 38 4 84 93 243 244 120 198 57 97 210 88 21 126 214 112 160 127 228 186 72 98 30 227 70 51 231 206 221 223 136 211 125 217 78 147 50 32 100 173 245 149 87 204 128 144 252 167 6 134 94 53 17 67 196 159 75 15 133 90 209 239 1 58 165 216 150 240 85 91 237 56 242 52 36 170 114 41 140 39 213 205 123 77 233 9 146 169 121 187 28 232 10 234 207 241 163 142 162 115 110 195 62 166 152 177 122 43 191 253 130 174 8 225 37 66 104 255 82 202 42 118 248 145 184 197 106 61 116 200 60 141 132 103 81 208 182 158 203 188 95 192 131 18 179 168 148 251 219 180 185 157 193 40 218 101 47 65 89 201 109 92 96 236 23 44 54 175
38 50 193 44 41 0 73 108 34 178 119 30 52 63 53 200 228 22 146 66 74 88 174 68 177 107 103 163 190 6 70 254 51 94 220 110 203 138 8 55 42 98 156 61 115 176 217 168 85 33 10 87 210 229 222 102 4 215 152 64 14 150 144 147 112 182 125 113 13 238 122 233 65 72 118 46 211 158 195 19 31 84 194 192 251 59 58 141 77 43 123 132 27 28 159 237 96 136 249 127 60 165 253 151 199 166 12 225 111 137 69 11 109 90 15 245 5 7 175 250 164 1 117 186 89 71 139 212 29 188 126 243 167 183 36 206 45 173 133 92 56 106 235 198 114 54 172 129 248 23 40 97 204 255 189 24 124 130 21 95 26 91 75 209 153 80 179 78 252 244 162 116 17 48 185 208 160 226 67 16 49 18 246 25 202 181 201 154 149 234 101 205 191 216 161 82 230 37 169 213 47 9 76 105 143 39 121 241 81 157 32 184 223 236 145 100 155 239 99 180 171 142 120 247 221 197 242 227 134 231 170 57 218 207 187 35 3 219 224 196 232 79 2 140 86 104 128 240 148 131 135 20 62 83 93 214
170 169 254 46 110 90 197 179 204 141 250 208 178 237 88 20 35 171 72 253 151 118 163 213 216 34 71 164 69 61 128 100 191 113 190 22 18 232 209 32 175 116 255 231 9 57 159 48 160 19 36 252 114 124 228 98 13 74 126 119 4 104 192 11 42 108 130 47 28 189 76 95 43 84 144 64 102 167 243 135 14 96 201 101 143 73 241 109 222 211 147 134 122 17 137 218 139 236 52 5 127 117 41 25 133 8 249 12 63 152 221 194 203 215 16 225 89 91 161 182 65 70 3 176 120 173 44 0 60 205 168 240 83 166 177 55 50 251 10 162 224 184 188 195 238 185 112 77 75 105 246 154 186 23 49 198 6 206 125 220 155 51 172 200 229 54 81 239 132 235 66 40 156 67 1 138 7 202 153 131 227 183 158 226 223 97 207 242 86 80 30 15 212 140 56 187 210 174 129 230 121 33 39 193 248 247 149 53 180 94 62 45 85 217 37 165 103 142 199 219 148 87 181 106 150 99 123 234 157 136 79 92 58 29 78 196 31 146 26 27 111 21 233 24 82 244 68 59 93 2 38 245 214 145 107 115
252 78 115 77 226 92 121 35 146 244 20 5 184 51 75 64 249 11 74 170 70 15 231 102 217 22 135 117 96 65 7 253 178 12 176 154 28 194 144 80 183 159 127 233 225 157 167 200 155 187 44 245 68 73 119 40 191 236 247 43 49 13 185 116 38 105 224 153 229 131 26 246 216 25 46 151 204 88 230 143 99 33 169 210 219 207 8 182 45 47 188 18 221 237 232 195 63 133 181 17 134 254 205 104 87 27 61 100 209 56 239 59 199 136 218 36 123 163 161 114 107 66 174 2 215 214 140 198 90 62 111 82 76 148 160 58 94 122 23 91 145 238 113 139 234 149 228 241 48 83 108 130 21 220 109 242 30 89 193 101 42 29 103 118 98 235 60 79 52 213 106 196 171 54 164 206 173 10 71 55 243 240 150 180 9 53 141 95 147 50 175 156 152 179 84 208 85 34 120 201 3 69 72 86 202 168 41 186 255 162 227 19 126 112 189 93 0 97 197 124 142 39 251 190 32 222 81 212 250 138 128 129 67 14 192 110 165 37 172 16 248 1 24 158 4 211 6 177 137 57 31 125 132 203 223 166
243 239 69 2 3 178 96 24 124 127 53 140 20 1 170 153 213 247 106 65 167 35 215 160 172 209 102 219 94 62 75 218 72 15 68 161 145 236 144 201 8 27 73 232 109 46 199 10 203 149 217 61 19 59 220 210 125 114 67 39 89 234 76 117 241 250 83 6 185 64 122 198 245 154 139 74 226 231 25 103 129 202 112 222 135 110 17 254 196 152 151 99 51 141 111 180 119 252 26 93 71 31 237 173 95 105 49 121 70 171 192 84 120 168 137 208 174 182 207 36 78 98 85 12 43 255 249 0 58 128 235 13 150 227 16 38 18 57 113 211 204 44 60 88 5 48 11 126 118 238 37 179 52 165 14 100 97 132 63 188 183 22 251 108 224 34 142 9 91 248 82 233 187 86 77 115 101 116 175 87 216 40 195 212 200 206 136 21 162 138 193 133 156 123 42 56 148 4 79 228 47 205 229 80 45 41 159 30 28 194 66 253 158 176 221 223 230 131 104 184 155 166 32 242 163 214 55 244 191 107 134 186 50 189 130 92 197 147 177 181 7 157 240 169 146 29 90 54 190 81 225 33 164 143 246 23
4 169 26 119 100 104 131 46 197 229 219 145 136 21 117 44 23 8 165 218 184 64 132 210 173 122 233 128 153 27 191 82 1 81 77 238 224 142 103 14 185 183 35 151 190 134 232 174 162 51 75 126 198 254 56 192 45 231 236 33 223 53 211 237 106 176 226 15 52 195 228 239 70 188 141 212 94 68 216 246 206 225 130 168 114 181 222 147 97 118 83 167 101 30 152 120 241 235 55 115 28 116 37 200 49 110 105 67 59 113 178 171 180 78 250 157 16 148 154 182 159 91 92 127 10 79 209 48 7 234 133 196 0 204 149 3 39 88 2 135 74 199 172 179 255 31 11 13 144 38 139 230 85 84 99 42 251 12 58 71 18 177 22 109 29 124 72 5 19 161 201 87 166 240 164 207 194 252 80 47 243 50 20 123 112 160 138 253 32 158 95 150 40 217 214 189 54 25 244 202 140 24 6 111 34 107 63 66 143 43 170 121 73 9 221 205 69 89 155 65 129 98 245 146 156 248 90 137 227 249 96 108 36 125 242 86 220 203 61 213 17 62 247 187 60 102 57 163 186 215 41 208 76 93 175 193
237 227 81 15 50 74 247 178 238 86 163 27 252 14 161 88 139 103 13 83 179 220 129 45 65 64 168 37 144 198 112 91 218 181 210 156 142 39 152 149 185 191 140 158 172 250 29 56 230 40 53 228 58 225 104 135 25 165 176 249 221 38 232 126 28 80 34 132 253 35 170 160 101 141 23 137 90 164 209 69 138 193 214 70 116 19 11 105 231 186 201 243 10 54 31 57 136 71 189 187 73 153 215 26 128 171 84 240 18 147 154 212 195 4 204 111 192 97 248 174 167 78 30 0 32 82 173 182 3 109 206 127 222 24 217 236 180 175 48 17 118 207 166 66 2 197 119 235 239 123 190 113 89 114 72 52 12 254 46 177 85 95 194 150 41 22 224 157 44 1 184 233 121 241 203 9 21 143 108 244 148 196 146 246 99 162 92 122 51 42 159 16 242 110 200 117 199 188 125 208 183 151 75 63 47 100 96 62 67 211 61 77 133 106 145 20 43 131 79 229 107 5 8 245 76 169 130 36 223 60 98 49 124 234 219 251 134 59 213 155 226 55 33 255 68 216 93 87 115 202 6 7 205 120 94 102
131 230 104 183 83 100 88 94 24 164 50 26 81 21 44 11 185 199 36 147 222 116 190 93 117 223 188 184 47 173 171 82 209 141 46 64 109 111 118 19 247 72 43 54 175 130 51 102 198 132 79 250 22 74 193 77 18 235 85 35 65 69 150 45 128 57 34 172 233 197 78 224 113 176 52 31 134 166 127 212 145 146 66 239 167 12 15 196 28 163 144 58 41 101 135 249 208 55 178 103 48 60 97 245 107 237 205 218 106 215 158 211 49 33 124 32 89 151 170 216 120 252 189 87 153 91 37 105 204 162 202 108 98 13 2 210 182 232 122 219 5 129 138 226 149 73 207 10 86 133 42 27 217 114 119 168 246 17 90 255 110 23 253 160 142 84 40 39 242 194 29 254 68 7 140 169 236 214 174 125 61 238 248 192 9 213 59 80 227 8 56 25 96 62 70 95 179 221 241 228 155 186 143 137 0 201 16 123 156 38 115 159 181 161 200 1 99 92 187 203 231 148 191 154 14 6 126 180 67 195 53 157 243 240 20 206 76 71 165 139 251 112 177 30 152 234 136 225 121 75 229 220 3 244 4 63
127 36 49 15 241 35 153 243 103 238 239 68 233 190 236 39 201 25 16 50 214 250 202 171 102 64 72 126 211 3 67 47 154 136 161 98 207 165 135 194 45 232 247 128 29 210 108 75 120 170 173 246 28 121 26 18 85 57 148 70 147 234 230 189 166 244 132 73 212 188 221 14 116 5 117 231 248 209 71 81 185 55 225 31 83 76 216 61 149 223 254 65 87 4 240 146 33 52 255 41 101 21 59 124 200 92 226 53 158 58 100 30 198 66 179 168 104 91 79 229 94 175 96 193 9 217 84 74 253 237 90 220 206 224 20 109 178 151 160 172 228 182 46 48 118 139 22 27 215 133 77 130 1 0 17 162 125 197 40 123 134 12 7 208 222 119 181 141 145 152 195 142 69 34 32 62 203 111 143 235 6 155 218 163 82 177 112 8 129 157 186 11 38 196 89 192 23 252 113 24 213 95 219 159 110 88 184 140 115 183 180 54 164 199 43 37 242 227 169 97 13 144 167 131 86 187 78 245 251 150 205 204 106 10 137 51 19 2 42 174 249 122 60 99 156 176 105 44 138 63 107 56 80 191 114 93
233 81 238 72 223 177 76 67 105 91 106 165 77 206 30 185 202 190 196 126 11 152 128 183 123 146 113 32 46 138 249 69 218 37 195 219 70 35 31 149 20 18 184 56 243 148 166 211 213 220 121 94 174 145 156 22 232 153 204 45 234 181 97 124 176 40 179 120 82 187 137 167 171 252 147 230 159 136 19 80 44 180 71 215 23 154 133 236 13 229 59 247 248 168 86 14 114 117 43 130 10 246 160 143 203 237 96 55 157 25 205 150 162 199 92 209 84 52 65 208 62 5 58 151 135 226 134 191 253 17 63 222 99 36 189 255 193 139 207 51 9 49 210 200 115 104 57 29 79 224 66 107 231 240 73 251 175 54 112 188 235 144 129 64 216 221 15 93 119 192 102 212 125 100 7 244 186 142 141 89 41 131 101 170 109 242 16 83 61 21 227 163 85 95 39 111 60 161 182 74 110 158 127 198 164 172 197 26 68 88 75 2 33 245 239 0 48 118 225 3 140 217 6 28 8 47 103 201 194 34 50 78 250 38 1 116 108 228 27 169 42 155 4 90 87 122 53 178 173 12 241 98 214 24 132 254
72 94 201 187 9 168 0 172 17 199 217 114 71 10 107 42 156 32 70 213 203 204 142 89 12 185 240 112 247 91 68 76 99 233 79 31 81 252 212 132 106 200 207 23 43 241 153 190 152 46 167 196 110 221 64 95 80 4 126 150 139 69 86 149 245 145 90 51 177 37 97 210 192 171 140 82 73 253 87 251 229 103 14 219 155 3 234 202 53 45 232 242 20 230 7 119 65 143 148 194 115 11 56 67 118 124 88 5 191 113 180 44 228 49 206 101 66 36 100 121 226 24 163 50 218 174 108 244 30 39 27 83 2 120 122 8 93 41 57 52 15 138 208 1 92 209 74 25 179 162 102 136 175 29 131 59 134 19 211 38 111 198 238 236 189 182 141 249 77 35 34 215 18 165 137 186 157 151 223 235 133 169 197 98 166 220 58 188 214 54 224 48 61 123 158 183 205 96 40 184 62 105 164 13 176 117 104 178 193 173 55 135 154 127 33 181 16 246 129 239 26 248 85 146 130 63 60 225 255 84 128 216 170 222 125 250 231 227 254 159 28 160 109 195 21 78 144 147 161 22 243 116 6 75 237 47
112 197 86 191 207 8 236 20 150 173 6 209 104 237 135 138 120 206 44 5 166 98 190 228 179 254 109 94 126 9 189 88 30 101 185 163 130 198 91 223 217 245 77 136 137 80 250 224 232 102 211 145 180 204 122 53 113 216 38 157 127 144 36 218 14 233 143 213 54 95 4 175 195 194 43 167 19 73 242 221 93 56 85 31 17 169 27 24 60 66 15 33 47 125 159 186 105 170 183 103 188 100 234 10 155 40 51 124 96 168 107 1 158 210 164 7 128 165 45 35 231 16 153 12 220 39 84 199 13 68 89 200 246 149 141 235 106 61 76 118 140 184 161 187 11 201 64 62 203 28 90 156 3 46 214 115 148 22 29 87 70 134 79 241 67 227 123 49 42 208 160 0 162 212 48 57 133 239 81 2 97 154 92 111 55 50 178 147 248 82 41 196 132 72 249 110 114 253 65 243 219 244 202 182 142 129 176 52 215 225 69 25 171 152 99 32 174 131 59 108 251 116 78 139 151 18 238 119 23 71 21 121 229 37 222 252 181 172 34 146 117 240 75 247 74 63 255 83 58 26 205 193 177 230 226 192
168 22 112 87 225 80 122 89 181 242 226 159 156 66 96 180 224 57 11 63 221 91 72 68 95 255 124 1 205 36 117 174 240 243 2 118 84 212 102 171 78 143 190 42 28 105 9 0 13 113 40 58 210 167 106 203 138 252 128 166 54 44 45 238 185 108 26 81 208 88 187 164 172 195 74 175 127 177 93 53 228 202 41 48 119 139 82 249 31 248 142 8 37 206 62 160 191 176 100 222 246 235 165 182 245 86 241 186 147 18 133 193 51 33 12 236 178 169 94 183 92 70 199 110 60 251 99 75 43 149 141 73 83 116 71 103 215 161 239 244 35 211 107 152 163 214 220 184 101 32 209 21 140 69 145 47 197 162 132 196 217 67 120 4 146 59 15 204 85 126 135 123 179 98 216 218 104 189 137 153 148 111 234 49 97 188 50 170 121 20 3 198 232 16 125 227 155 230 115 52 134 207 39 79 77 30 23 237 90 173 131 130 56 114 6 233 27 253 247 64 76 229 10 38 194 7 61 154 29 55 150 65 144 157 219 254 24 46 192 136 25 158 201 5 109 17 213 200 19 34 14 151 231 250 223 129
91 152 185 233 80 224 81 195 212 173 35 45 149 19 189 250 47 40 180 25 113 187 218 29 51 223 204 110 252 16 219 5 65 240 23 88 164 56 190 17 122 22 64 249 162 30 143 132 68 55 43 193 58 139 60 157 228 181 48 38 217 201 54 184 170 188 239 73 142 115 124 136 192 146 10 12 82 103 241 246 179 97 41 94 220 0 236 126 89 161 4 87 98 231 226 172 186 83 145 105 109 116 159 106 33 253 251 26 167 75 107 199 225 119 182 127 46 141 76 227 93 121 150 230 2 160 53 156 242 216 77 243 177 59 183 123 74 52 148 104 79 147 144 18 128 163 7 1 206 191 133 61 232 108 131 95 50 151 42 209 215 114 169 168 70 229 101 15 238 221 6 138 213 86 24 63 120 140 69 8 102 27 71 20 44 155 78 57 255 13 234 205 254 117 207 67 202 203 32 197 154 200 3 165 244 235 14 178 214 166 135 66 28 36 90 175 222 31 11 118 100 125 62 171 129 99 158 9 196 211 92 248 174 72 39 84 134 137 210 247 85 245 237 49 21 112 34 111 198 194 153 130 208 96 37 176
16 161 1 58 251 15 214 209 82 51 152 241 200 100 36 231 153 14 18 157 224 147 123 148 106 86 46 33 80 211 119 129 228 184 75 56 3 191 78 35 218 12 155 20 237 43 55 177 142 23 182 230 180 25 133 196 126 156 85 76 193 50 21 144 234 151 233 222 159 242 217 185 109 97 81 134 130 96 101 245 95 111 167 140 179 54 77 165 113 8 141 39 42 24 110 203 164 70 2 94 132 83 158 13 253 30 168 93 247 189 5 89 67 34 102 250 127 121 149 236 40 41 239 154 128 136 6 115 49 84 108 26 212 17 120 197 61 31 48 195 122 173 137 47 117 213 254 163 79 99 98 202 71 178 232 146 125 252 215 244 190 176 73 186 183 219 225 174 192 206 29 63 90 9 74 87 7 92 4 138 169 59 199 210 28 255 72 11 160 62 114 68 166 32 69 204 194 135 175 57 171 124 198 243 103 172 227 248 104 150 53 45 139 10 220 235 22 44 88 65 91 170 105 223 221 107 187 249 60 162 205 118 19 52 181 188 246 229 38 238 145 226 131 27 208 201 112 64 0 66 116 207 216 37 143 240
53 164 249 116 220 206 231 176 97 245 52 184 228 62 24 91 120 158 54 136 1 96 172 47 199 238 251 160 115 170 254 114 195 186 157 135 7 236 212 2 242 149 246 185 72 233 222 202 50 18 234 239 211 247 94 17 155 101 119 143 255 163 146 150 35 77 98 108 229 65 208 59 56 0 88 123 49 193 134 45 67 78 68 215 243 37 161 81 89 103 189 83 192 122 118 178 205 21 85 14 66 109 235 125 218 153 23 70 57 113 171 76 130 191 232 183 100 48 25 102 225 244 237 117 19 230 167 79 29 165 159 162 127 197 140 128 28 253 137 248 80 87 133 61 226 173 210 34 46 99 209 207 11 74 73 156 92 58 138 147 42 43 174 252 111 151 9 142 75 180 13 166 214 181 27 240 126 152 84 26 124 105 30 5 20 22 190 10 179 16 132 201 104 86 154 227 44 203 141 3 182 198 51 221 60 188 148 107 71 121 250 213 129 69 187 144 8 38 55 112 219 15 204 39 139 145 36 110 41 106 90 224 168 95 194 93 12 4 177 131 32 63 200 223 175 241 82 31 64 33 6 40 217 196 216 169
255 158 202 176 251 190 139 13 4 47 221 74 27 248 39 58 161 71 126 246 7 76 166 243 214 122 164 153 9 43 117 183 180 194 110 12 140 239 69 56 60 250 177 144 34 46 5 98 128 52 218 150 135 16 217 53 206 188 143 178 226 119 201 159 169 41 93 155 81 108 65 182 118 227 114 87 80 156 85 211 229 232 79 88 95 134 151 37 124 29 163 123 38 249 61 204 149 219 97 6 247 28 125 72 23 49 26 75 8 154 94 89 187 207 148 205 54 91 241 171 78 233 116 44 67 146 142 189 252 102 237 3 14 36 152 165 77 172 231 230 173 213 244 22 73 222 51 129 18 210 86 115 234 11 111 192 105 185 133 96 220 48 24 0 25 50 223 100 138 191 112 200 120 21 245 127 99 224 33 145 68 240 92 42 10 235 196 254 1 198 104 193 181 66 45 35 15 136 32 225 179 184 106 84 157 20 121 215 31 137 101 253 197 2 238 141 147 208 63 131 83 107 82 132 186 90 55 70 162 30 216 17 130 64 109 195 236 103 199 113 228 212 174 168 160 59 57 40 170 242 167 175 203 62 209 19
46 121 90 21 238 246 45 130 177 241 221 73 55 80 17 126 84 54 113 219 151 166 47 203 129 27 249 39 89 92 165 202 40 200 192 4 231 67 244 66 153 149 108 85 163 51 247 131 107 140 188 35 179 36 150 167 128 245 255 104 229 144 205 2 250 135 235 68 142 173 239 6 178 159 65 207 226 174 215 20 195 233 43 119 11 145 227 77 232 19 204 117 240 98 87 23 10 253 148 13 94 15 112 183 136 3 248 172 156 9 139 125 143 194 28 97 70 79 91 147 101 220 222 37 58 196 201 134 52 251 49 175 0 191 81 44 116 214 42 53 186 181 127 141 38 100 60 64 71 114 61 243 208 206 236 122 30 62 154 180 74 137 82 1 96 31 182 48 76 105 185 212 115 8 111 197 171 32 198 132 14 138 78 29 7 103 59 34 102 99 228 83 118 217 211 161 146 88 16 187 63 86 50 5 106 252 164 170 69 124 123 25 184 56 225 193 176 216 93 168 41 234 18 75 95 24 218 57 237 26 230 254 110 33 12 210 223 189 160 209 72 162 22 157 158 242 152 109 155 213 120 199 190 224 133 169
18 232 224 142 96 252 28 165 188 140 206 47 251 29 253 226 5 182 161 181 134 129 214 81 185 171 196 141 62 210 17 149 193 27 244 56 85 123 19 101 221 61 137 12 164 203 216 125 80 135 219 79 160 151 122 100 227 201 177 222 207 114 211 150 37 198 187 167 15 238 199 204 176 212 59 237 120 66 84 108 220 128 111 115 255 42 63 73 194 30 173 24 21 0 53 88 14 158 99 10 32 43 33 180 208 2 126 46 54 68 154 48 157 87 83 143 170 241 50 234 31 74 200 90 183 118 243 35 22 78 136 41 95 156 197 148 65 13 245 67 190 209 202 82 239 195 132 44 249 130 124 127 92 162 105 93 248 218 102 213 45 52 98 26 191 138 175 254 11 64 174 172 231 39 38 121 57 23 103 112 7 8 139 217 76 116 229 107 40 145 233 131 179 146 247 205 91 117 49 246 89 70 250 225 240 242 155 230 144 236 97 166 69 51 119 192 9 168 106 223 147 163 16 186 25 153 113 72 36 86 215 178 94 34 152 109 228 3 20 77 184 235 169 4 104 110 1 75 6 71 55 189 133 60 159 58
184 183 13 60 124 104 211 193 218 155 9 222 192 251 102 34 49 185 86 12 165 132 177 227 230 48 85 178 83 75 142 114 205 127 204 36 32 246 223 46 189 130 14 245 23 71 173 62 174 33 50 11 128 138 242 112 27 88 140 133 18 118 206 25 56 122 144 61 42 203 90 109 57 98 158 78 116 181 2 149 28 110 215 115 157 87 255 123 236 225 161 148 136 31 151 232 153 250 66 19 141 131 55 39 147 22 8 26 77 166 235 208 217 229 30 239 103 105 175 196 79 84 17 190 134 187 58 0 74 219 182 254 97 180 191 69 64 10 24 176 238 198 202 209 252 199 126 91 89 119 5 168 200 37 63 212 20 220 139 234 169 65 186 214 243 68 95 253 146 249 80 54 170 81 15 152 21 216 167 145 241 197 172 240 237 111 221 1 100 94 44 29 226 154 70 201 224 188 143 244 135 47 53 207 7 6 163 67 194 108 76 59 99 231 51 179 117 156 213 233 162 101 195 120 164 113 137 248 171 150 93 106 72 43 92 210 45 160 40 41 125 35 247 38 96 3 82 73 107 16 52 4 228 159 121 129
25 146 83 236 47 240 186 254 98 56 96 2 247 162 151 104 76 126 16 113 154 23 32 120 43 222 101 159 235 27 191 176 111 8 13 62 140 166 239 149 4 172 147 54 36 233 189 188 136 88 178 148 217 156 34 63 130 108 68 19 210 132 142 86 158 107 208 229 121 157 205 174 245 211 219 244 73 115 135 122 49 80 37 31 0 95 165 17 50 187 9 53 75 55 94 150 248 241 81 97 125 42 85 48 163 155 20 74 216 89 202 51 137 134 169 100 225 220 59 33 145 6 71 179 46 128 30 119 15 224 123 114 152 138 153 212 124 253 77 232 249 237 243 173 58 199 175 230 170 193 160 79 93 185 41 116 10 84 242 11 117 82 78 196 67 65 231 103 35 195 213 3 5 12 168 141 221 192 203 69 24 200 251 92 26 228 144 171 223 87 226 167 129 234 184 214 218 44 194 22 206 183 66 127 91 227 118 7 70 201 180 28 60 21 106 39 40 215 133 61 161 164 90 177 57 38 207 190 250 29 143 102 204 72 252 197 209 246 139 1 131 99 112 255 109 52 105 198 182 18 181 238 45 64 110 14
8 82 66 254 251 161 191 20 64 152 106 158 61 186 167 163 190 95 219 96 45 131 212 14 80 83 97 213 179 52 197 11 173 238 30 137 123 200 104 0 108 208 135 153 50 7 201 43 233 92 223 6 149 139 140 78 25 203 121 176 48 183 27 4 12 35 169 15 222 17 188 148 68 42 136 143 214 234 177 89 126 88 237 103 132 46 157 255 31 16 195 62 86 75 5 22 85 181 81 26 242 113 228 33 146 128 107 76 18 9 189 23 187 165 39 205 155 91 194 170 138 244 236 168 178 211 166 198 55 1 79 84 130 51 202 247 3 54 60 24 196 127 49 116 235 164 240 142 37 2 227 36 57 162 215 99 241 154 110 44 180 221 230 218 19 193 56 58 199 29 232 248 243 206 74 144 192 28 145 10 216 115 98 38 72 111 220 67 250 70 210 147 229 47 134 174 172 125 118 77 185 13 226 225 151 209 101 73 122 93 87 159 171 69 105 133 34 102 156 249 124 150 245 160 239 252 59 94 119 141 32 231 120 253 41 100 204 112 53 40 114 129 109 246 71 90 63 224 117 207 182 65 175 217 184 21
110 139 74 159 62 88 212 27 77 121 158 46 79 90 176 39 247 63 200 174 67 97 57 76 236 19 220 32 73 253 203 224 189 18 207 136 3 226 92 86 161 221 134 222 143 51 155 216 211 173 165 219 29 22 31 184 101 8 122 254 5 33 10 197 198 233 116 185 60 154 113 85 239 47 0 55 255 109 145 194 108 241 180 50 23 30 106 137 117 119 250 144 245 81 191 190 205 148 102 118 164 177 124 28 128 215 135 230 178 111 125 12 52 193 17 91 15 58 45 103 186 153 94 156 126 229 218 11 244 104 138 9 201 1 146 68 65 40 160 131 95 53 246 130 112 217 140 213 169 172 249 149 21 227 179 115 72 56 175 195 6 171 235 204 96 252 7 99 196 243 78 100 202 214 142 231 93 192 71 54 167 64 123 168 98 38 166 208 163 14 37 66 147 59 182 199 26 44 20 132 225 206 210 237 152 48 80 70 251 242 127 223 150 129 114 16 69 35 170 238 61 24 228 84 234 4 133 42 188 107 187 183 89 75 248 209 120 36 34 141 2 41 240 83 25 13 157 181 232 49 105 162 43 151 82 87
40 180 121 32 54 65 55 202 230 24 148 68 76 90 176 70 179 109 105 165 192 8 72 1 53 96 222 112 205 140 10 57 44 100 158 63 117 178 219 170 87 35 12 89 212 231 224 104 6 217 154 66 16 152 146 149 114 184 127 115 15 240 124 235 67 74 120 48 213 160 197 21 33 86 196 194 253 61 60 143 79 45 125 134 29 30 161 239 98 138 251 129 62 167 255 153 201 168 14 227 113 139 71 13 111 92 17 247 7 9 177 252 166 3 119 188 91 73 141 214 31 190 128 245 169 185 38 208 47 175 135 94 58 108 237 200 116 56 174 131 250 25 42 99 206 2 191 26 126 132 23 97 28 93 77 211 155 82 181 80 254 246 164 118 19 50 187 210 162 228 69 18 51 20 248 27 204 183 203 156 151 236 103 207 193 218 163 84 232 39 171 215 49 11 78 107 145 41 123 243 83 159 34 186 225 238 147 102 157 241 101 182 173 144 122 249 223 199 244 229 136 233 172 59 220 209 189 37 5 221 226 198 234 81 4 142 88 106 130 242 150 133 137 22 64 85 95 216 52 195 46 43 0 75 110 36
80 24 53 254 240 137 250 247 28 34 238 1 15 93 127 154 73 138 151 71 156 68 202 233 123 8 19 92 64 136 75 224 126 178 132 230 96 133 13 3 199 239 121 235 188 7 52 167 236 36 57 168 214 117 109 203 74 29 44 86 108 152 129 155 234 169 32 30 171 251 58 124 226 14 182 83 116 245 252 55 38 102 47 209 35 195 91 17 10 176 128 0 130 180 16 25 101 207 49 225 65 122 60 79 23 18 146 115 216 50 9 164 100 40 217 78 82 221 33 211 187 212 170 150 110 97 144 20 183 193 37 248 139 120 67 255 142 99 27 76 219 84 46 107 119 241 206 87 246 39 244 89 197 5 190 220 149 140 2 114 85 208 43 215 42 31 223 51 26 249 173 161 145 198 194 160 165 54 159 175 231 204 243 118 141 229 177 72 205 103 106 88 174 12 228 134 66 158 196 147 222 77 62 94 232 157 56 253 69 153 131 98 166 59 191 185 213 45 104 105 48 218 192 200 70 179 113 148 172 90 21 81 184 6 125 95 112 4 186 237 201 111 181 22 63 227 143 163 162 11 135 242 41 210 189 61
191 94 138 112 187 126 75 204 195 238 157 10 218 184 230 249 97 7 62 182 198 12 102 179 150 58 100 89 200 234 53 119 116 130 46 203 76 175 5 247 251 186 113 80 225 237 196 34 64 243 154 86 71 207 153 244 142 124 79 114 162 55 137 95 105 232 29 91 17 44 1 118 54 163 50 23 16 92 21 147 165 168 15 24 31 70 87 228 60 220 99 59 229 185 252 140 85 155 33 197 183 219 61 8 214 240 217 11 199 90 30 25 123 143 84 141 245 27 177 107 14 169 52 235 3 82 78 125 188 38 173 194 205 227 88 101 13 108 167 166 109 149 180 213 9 158 242 65 209 146 22 51 170 202 47 128 41 121 69 32 156 239 215 0 216 241 159 36 74 127 48 136 56 212 181 63 35 160 224 81 4 176 28 233 201 171 132 190 192 134 40 129 117 2 236 226 206 72 223 161 115 120 42 20 93 211 57 151 222 73 37 189 133 193 174 77 83 144 254 67 19 43 18 68 122 26 246 6 98 221 152 208 66 255 45 131 172 39 135 49 164 148 110 104 96 250 248 231 106 178 103 111 139 253 145 210
200 93 150 254 36 186 116 23 178 61 244 12 91 87 134 197 47 182 203 214 236 97 110 22 117 176 175 118 158 189 222 18 167 251 74 218 155 31 60 179 211 56 137 50 130 78 41 165 248 224 0 225 250 168 45 83 136 57 145 65 221 190 72 44 169 233 90 13 185 37 242 210 180 141 199 201 143 49 138 126 11 245 235 215 81 232 170 124 129 51 29 102 220 66 160 231 82 46 198 142 202 183 86 92 153 8 76 28 52 27 77 131 35 255 15 107 230 161 217 75 9 54 140 181 48 144 58 173 157 119 113 105 4 2 240 115 187 112 120 148 7 154 219 103 147 121 196 135 84 213 204 247 166 19 227 193 239 3 106 16 71 191 207 21 111 188 159 67 109 98 209 243 62 128 125 139 55 212 85 184 14 1 5 195 122 89 234 246 205 43 73 252 163 95 80 216 162 253 151 133 88 123 171 64 146 104 114 241 38 100 26 53 10 127 63 172 59 32 25 101 30 156 174 177 24 33 40 79 96 237 69 229 108 68 238 194 6 149 94 164 42 206 192 228 70 17 223 249 226 20 208 99 39 34 132 152
215 91 67 92 50 30 245 232 24 155 63 73 172 128 19 255 202 135 22 234 162 211 99 219 181 242 254 121 86 222 126 174 124 224 77 140 70 100 29 20 137 249 220 88 178 95 177 166 103 186 161 129 53 41 25 78 74 40 45 189 39 55 111 84 123 253 21 109 57 207 85 238 241 223 54 147 108 14 201 38 76 27 102 212 197 229 112 37 191 133 204 33 11 233 46 194 71 65 93 180 239 240 183 98 72 80 205 59 248 28 52 225 156 216 64 141 5 230 247 139 66 117 81 246 61 157 198 107 23 43 42 146 15 122 176 90 69 196 159 188 134 120 17 130 127 163 169 118 136 150 228 7 34 208 18 31 206 36 203 82 113 3 143 154 227 199 16 210 104 6 58 12 110 231 13 148 138 79 119 1 115 68 142 187 47 116 171 192 48 94 252 244 83 209 164 179 221 243 32 9 35 114 49 167 165 51 131 193 4 106 149 62 218 251 125 132 190 173 237 182 89 170 75 226 152 145 56 8 0 10 60 151 160 236 87 184 105 200 2 195 214 158 153 26 250 96 185 144 44 235 175 97 213 217 101 168
74 179 4 207 170 39 122 98 0 99 124 42 174 212 10 186 19 194 95 64 201 173 43 107 219 142 59 166 116 84 54 15 73 75 17 178 12 255 140 119 109 89 210 106 44 253 3 180 158 231 94 195 34 105 211 175 72 16 76 57 215 221 27 137 205 157 181 156 206 5 164 129 144 236 104 35 91 204 138 183 14 55 177 18 187 47 31 248 242 234 133 131 114 244 61 241 249 22 136 28 93 232 21 250 70 9 213 87 78 121 40 148 101 67 113 132 235 145 200 65 81 150 240 62 33 196 238 227 83 117 191 2 254 13 184 86 214 58 143 130 134 69 251 218 108 120 79 172 202 126 37 224 209 90 36 127 25 7 217 252 45 193 20 233 243 115 167 229 155 182 139 1 192 46 188 161 154 230 159 30 48 51 153 162 169 208 225 111 198 103 237 197 112 68 135 23 223 38 171 80 66 102 199 146 97 123 100 149 82 228 168 163 6 26 222 24 128 165 60 245 152 52 190 118 141 220 216 8 71 176 56 77 88 110 226 239 151 246 50 49 247 32 63 96 147 41 125 203 92 29 160 189 53 85 185 11
11 98 222 99 48 134 215 17 83 86 100 216 182 55 200 14 176 241 33 140 126 203 107 0 111 211 138 156 53 10 204 46 236 95 226 9 152 142 143 81 28 206 124 179 51 186 30 7 15 38 172 18 225 20 191 151 71 45 139 146 217 237 180 92 129 91 240 106 135 49 160 3 34 19 198 65 89 78 8 25 88 184 84 29 245 116 231 36 149 131 110 79 21 12 192 26 190 168 42 208 158 94 197 173 141 247 239 171 181 214 169 201 58 4 82 87 133 54 205 250 6 57 63 27 199 130 52 119 238 167 243 145 40 5 230 39 60 165 218 102 244 157 113 47 183 224 233 221 22 196 59 61 202 32 235 251 246 209 77 147 195 31 148 13 219 118 101 41 75 114 223 70 253 73 213 150 232 50 137 177 175 128 121 80 188 16 229 228 154 212 104 76 125 96 90 162 174 72 108 136 37 105 159 252 127 153 248 163 242 255 62 97 122 144 35 234 123 1 44 103 207 115 56 43 117 132 112 249 74 93 66 227 120 210 185 68 178 220 187 24 85 69 2 254 164 194 23 67 155 109 161 64 189 170 166 193
50 33 107 38 103 87 221 165 92 191 90 9 1 174 128 29 60 197 220 172 238 79 28 61 30 3 37 214 193 213 166 161 246 113 217 203 228 173 94 242 49 181 225 59 21 88 117 155 51 133 253 93 169 44 196 235 248 157 112 167 251 111 192 183 154 132 4 233 209 254 239 146 243 182 69 230 219 199 47 15 231 236 208 244 91 14 152 98 116 140 252 160 143 147 32 74 95 105 226 62 205 56 53 0 85 120 46 190 131 42 64 75 65 212 240 34 158 78 86 100 186 80 189 119 115 175 202 18 82 11 63 106 232 122 215 150 20 67 54 110 168 73 127 188 229 180 97 45 22 99 222 241 234 114 16 227 164 76 26 162 156 159 124 194 137 125 25 250 134 245 77 84 130 58 223 170 207 31 43 96 206 204 8 71 70 153 89 55 135 144 39 40 171 249 108 148 6 139 72 177 10 163 211 178 24 237 123 149 81 23 121 102 27 2 17 19 187 7 176 13 129 198 101 83 151 224 41 200 138 255 179 195 48 218 57 185 145 104 68 118 247 210 126 66 184 141 5 35 52 109 216 12 201 36 136 142
61 207 123 203 15 250 80 58 219 163 8 43 237 64 57 75 251 97 200 213 74 226 65 138 108 233 27 37 135 36 88 234 54 19 100 50 119 83 222 134 132 28 187 112 52 190 68 79 137 16 227 147 49 176 20 40 183 72 225 172 214 253 70 166 104 246 178 194 244 157 241 26 255 109 171 85 73 0 201 86 45 111 130 29 117 161 121 199 56 252 238 173 205 6 95 181 107 82 66 51 159 188 189 160 113 30 24 94 211 206 196 129 77 46 23 153 114 103 12 71 249 41 204 2 239 60 32 62 180 4 7 165 220 254 230 242 102 127 154 106 216 96 142 76 169 197 126 93 243 31 179 240 33 245 175 167 148 145 141 218 217 81 146 182 17 21 35 92 38 198 140 162 149 59 156 3 195 63 212 44 98 202 185 208 90 14 224 124 184 192 99 144 55 168 122 143 10 193 210 247 25 151 158 116 67 131 53 223 89 91 186 22 133 78 84 191 110 125 87 170 136 1 69 42 215 164 155 5 150 174 248 34 13 18 209 235 11 229 115 221 152 120 47 118 232 101 139 231 39 48 177 228 105 236 128 9
146 217 137 222 134 13 44 189 74 85 158 130 202 141 35 192 244 198 41 162 199 79 69 10 50 187 46 254 73 118 233 47 102 123 234 25 183 175 14 140 95 110 152 174 218 195 221 45 235 98 96 237 62 124 190 37 80 248 149 182 56 63 121 104 168 113 20 101 6 157 83 76 242 194 0 196 246 82 91 167 18 115 36 131 188 126 145 89 84 212 181 27 116 75 230 166 106 28 144 148 32 99 22 253 23 236 216 176 163 210 86 249 4 103 59 205 186 133 66 208 165 93 142 30 150 112 173 185 52 17 153 57 105 55 155 8 71 1 31 215 206 68 180 151 19 109 26 108 97 34 117 92 60 239 227 211 9 5 226 231 120 225 241 42 15 54 184 207 40 243 138 16 169 172 154 240 78 39 200 132 224 7 213 33 143 128 160 43 223 122 64 135 219 197 164 232 125 2 251 24 111 170 171 114 29 3 11 136 245 179 214 238 156 87 147 250 72 191 161 178 70 252 48 12 177 247 88 129 38 209 229 228 77 201 53 107 21 255 127 90 119 65 51 203 61 58 94 100 49 67 81 159 193 220 139 204
44 254 159 55 236 229 140 92 0 94 144 235 244 65 171 13 189 29 86 24 43 242 237 110 79 180 14 228 128 64 4 181 42 46 185 252 175 151 176 134 114 74 61 108 239 147 157 1 212 103 84 31 219 106 63 246 40 183 48 10 71 83 205 170 51 210 3 208 53 161 224 154 184 113 104 221 78 49 172 7 179 6 250 187 15 245 213 137 125 109 162 158 124 129 18 123 139 195 168 207 82 105 193 141 36 169 67 70 52 138 231 192 98 30 122 160 111 186 41 26 58 196 121 20 217 33 117 95 62 130 23 155 149 177 9 68 69 12 182 156 164 34 143 77 112 136 54 240 45 148 225 89 59 76 223 150 201 165 75 145 241 27 191 107 127 126 230 99 206 5 174 153 25 243 17 218 204 101 214 211 247 253 202 220 234 57 91 118 37 102 115 35 120 32 166 197 87 227 238 56 28 100 39 188 90 142 96 194 60 97 232 222 163 203 85 199 152 226 16 131 200 255 21 132 178 81 73 167 38 248 8 50 72 116 93 119 198 133 251 249 135 215 22 88 190 233 146 47 80 209 216 19 2 66 11 173
212 230 25 154 117 33 228 91 48 167 197 214 16 123 174 108 198 43 49 195 14 200 10 249 128 72 254 98 252 171 163 81 35 191 222 104 127 79 145 241 190 223 192 165 199 121 100 120 73 68 153 20 124 110 135 80 1 149 211 88 132 221 183 250 24 62 213 40 160 255 76 206 103 142 155 64 19 74 158 18 99 90 61 39 166 140 116 161 146 53 150 89 231 137 126 106 209 177 138 143 115 151 253 176 59 5 23 47 159 67 50 54 194 236 2 12 133 224 112 218 215 0 247 27 208 97 38 204 226 237 227 119 147 196 65 240 248 7 93 242 96 26 22 82 109 180 244 173 225 13 139 29 122 57 182 229 216 17 75 235 34 95 136 87 4 207 184 6 129 148 141 21 178 134 71 238 188 69 63 66 31 101 44 32 187 157 41 152 239 246 37 220 130 77 114 193 205 3 113 111 170 233 232 60 251 217 42 51 201 202 78 156 15 55 168 46 234 84 172 70 118 85 186 144 30 56 243 185 28 9 189 164 179 181 94 169 83 175 36 105 8 245 58 131 203 107 45 162 86 102 210 125 219 92 52 11
171 172 73 254 152 119 164 214 217 35 72 165 70 62 129 101 192 114 191 23 19 233 210 33 176 117 1 232 10 58 160 49 161 20 37 253 115 125 229 99 14 75 127 120 5 105 193 12 43 109 131 48 29 190 77 96 44 85 145 65 103 168 244 136 15 97 202 102 144 74 242 110 223 212 148 135 123 18 138 219 140 237 53 6 128 118 42 26 134 9 250 13 64 153 222 195 204 216 17 226 90 92 162 183 66 71 4 177 121 174 45 0 61 206 169 241 84 167 178 56 51 252 11 163 225 185 189 196 239 186 113 78 76 106 247 155 187 24 50 199 7 207 126 221 156 52 173 201 230 55 82 240 133 236 67 41 157 68 2 139 8 203 154 132 228 184 159 227 224 98 208 243 87 81 31 16 213 141 57 188 211 175 130 231 122 34 40 194 249 248 150 54 181 95 63 46 86 218 38 166 104 143 200 220 149 88 182 107 151 100 124 235 158 137 80 93 59 30 79 197 32 147 27 28 112 22 234 25 83 245 69 60 94 3 39 246 215 146 108 116 170 255 47 111 91 198 180 205 142 251 209 179 238 89 21 36
136 12 76 56 163 145 170 107 216 174 144 203 54 241 1 137 38 219 117 84 129 179 182 255 37 130 35 27 94 66 157 79 156 243 239 198 175 253 141 82 221 197 230 23 125 14 126 240 2 218 80 90 194 64 234 40 92 85 225 70 158 232 8 74 96 13 249 155 42 61 9 50 110 30 68 133 209 101 235 62 167 67 109 39 207 75 188 177 113 100 88 238 103 184 105 202 18 226 93 83 7 246 99 229 215 233 29 118 187 160 169 181 237 191 55 57 127 148 31 36 224 142 86 139 10 0 26 171 134 206 49 132 143 21 16 217 231 128 190 150 154 161 204 151 78 43 41 71 212 120 152 244 15 164 227 172 91 186 121 17 138 166 195 20 47 205 98 201 32 6 122 33 222 104 228 168 119 97 193 149 124 192 189 63 173 208 52 46 251 236 178 106 22 153 176 140 95 196 87 254 5 159 214 213 115 19 146 60 28 11 51 183 3 131 69 108 165 185 114 53 147 72 116 65 89 200 123 102 45 58 24 250 44 162 252 112 247 248 77 242 199 245 48 210 34 25 59 223 4 211 180 111 73 81 135 220
23 36 70 97 16 81 94 14 99 11 145 176 66 206 217 35 7 79 18 167 69 121 75 173 39 76 211 201 142 182 64 178 131 205 250 110 179 234 255 111 157 60 52 146 17 227 242 29 51 95 72 98 177 112 230 228 114 194 1 67 169 212 125 26 59 188 195 253 236 45 245 152 233 138 34 215 208 119 71 0 73 123 214 223 44 150 247 168 8 65 3 22 221 216 89 58 159 248 207 107 43 238 160 21 25 164 231 154 130 155 113 93 53 40 87 218 126 136 235 191 82 63 10 198 85 42 225 19 162 27 244 50 62 184 149 30 189 237 187 32 140 203 133 163 92 83 200 57 28 151 241 158 240 229 166 249 224 192 116 104 88 141 137 103 108 252 102 118 174 147 186 61 84 172 120 15 148 46 49 31 117 210 171 77 9 101 139 90 165 20 5 37 175 100 254 196 12 96 74 41 109 2 134 128 156 243 47 48 246 161 135 143 13 122 56 91 115 33 219 24 127 204 68 38 55 202 129 180 144 54 124 220 6 170 86 106 105 209 78 185 239 153 132 4 222 251 197 183 80 193 190 226 232 181 199 213
38 149 143 171 3 62 63 6 176 150 158 28 137 71 106 130 48 234 39 142 219 83 53 70 217 144 195 159 69 139 235 21 185 101 121 120 224 93 200 254 168 147 19 237 11 212 198 95 208 205 241 247 196 214 228 51 85 112 31 96 109 29 114 26 160 191 81 221 232 50 22 94 33 182 84 136 90 188 54 91 226 216 157 197 79 193 146 220 10 125 194 249 15 126 172 75 67 161 32 242 2 44 66 110 87 113 192 127 245 243 129 209 16 82 184 227 140 41 74 203 210 13 251 60 5 167 248 153 49 230 223 134 86 0 88 138 229 238 59 165 7 183 23 80 18 37 236 231 104 73 174 8 222 122 58 253 175 36 40 179 246 169 145 170 128 108 68 55 102 233 141 151 250 206 97 78 25 213 100 57 240 34 177 42 4 65 77 199 164 45 204 252 202 47 155 218 148 178 107 98 215 72 43 166 1 173 255 244 181 9 239 207 131 119 103 156 152 118 123 12 117 133 189 162 201 76 99 187 135 30 163 61 64 46 132 225 186 92 24 116 154 105 180 35 20 52 190 115 14 211 27 111 89 56 124 17
76 113 200 105 239 199 114 70 137 25 225 40 173 82 68 104 201 148 99 125 102 151 84 230 170 165 8 28 224 26 130 167 62 247 154 54 192 120 143 222 218 10 73 178 58 79 90 112 228 241 153 248 52 51 249 34 65 98 149 43 127 205 94 31 162 191 55 87 187 13 181 6 209 172 41 124 100 0 101 126 44 176 214 12 188 21 196 97 66 203 175 45 109 221 144 61 168 118 86 56 17 75 77 19 180 14 2 142 121 111 91 212 108 46 255 5 182 160 233 96 197 36 107 213 177 74 18 78 59 217 223 29 139 207 159 183 158 208 7 166 131 146 238 106 37 93 206 140 185 16 57 179 20 189 49 33 250 244 236 135 133 116 246 63 243 251 24 138 30 95 234 23 252 72 11 215 89 80 123 42 150 103 69 115 134 237 147 202 67 83 152 242 64 35 198 240 229 85 119 193 4 1 15 186 88 216 60 145 132 136 71 253 220 110 122 81 174 204 128 39 226 211 92 38 129 27 9 219 254 47 195 22 235 245 117 169 231 157 184 141 3 194 48 190 163 156 232 161 32 50 53 155 164 171 210 227
76 33 244 135 116 63 251 138 95 23 72 215 80 42 103 115 237 202 83 242 35 240 85 193 1 186 216 145 136 253 110 81 204 39 211 38 27 219 47 22 245 169 157 141 194 190 156 161 50 155 171 227 200 239 114 137 225 173 68 201 99 102 84 170 8 224 130 62 154 192 143 218 73 58 90 228 153 52 249 65 149 127 94 162 55 187 181 209 41 100 101 44 214 188 196 66 175 109 144 168 86 17 77 180 2 121 91 108 255 182 233 197 107 177 18 59 223 139 159 158 7 131 238 37 206 185 57 20 49 250 236 133 246 243 24 30 234 252 11 89 123 150 69 134 147 67 152 64 198 229 119 4 15 88 60 132 71 220 122 174 128 226 92 129 9 254 195 235 117 231 184 3 48 163 232 32 53 164 210 113 105 199 70 25 40 82 104 148 125 151 230 165 28 26 167 247 54 120 222 10 178 79 112 241 248 51 34 98 43 205 31 191 87 13 6 172 124 0 126 176 12 21 97 203 45 221 61 118 56 75 19 14 142 111 212 46 5 160 96 36 213 74 78 217 29 207 183 208 166 146 106 93 140 16 179 189
209 193 237 4 239 23 79 177 170 10 26 54 226 14 232 92 84 204 3 145 18 131 235 66 63 98 29 154 149 243 217 74 190 255 108 230 57 214 48 199 153 52 43 81 67 82 141 53 182 6 161 178 166 172 102 242 128 104 159 99 122 89 8 22 114 225 45 194 13 171 195 46 11 7 125 251 249 160 32 219 124 142 187 189 196 97 70 150 121 132 253 208 129 180 21 210 157 73 100 152 16 155 96 58 163 113 143 147 228 123 206 135 112 250 56 20 156 47 191 254 130 109 212 244 205 35 223 224 144 62 245 90 93 19 106 241 222 136 119 179 213 72 31 133 1 181 126 138 175 68 185 60 28 41 184 38 236 34 127 111 202 110 167 229 248 39 198 75 12 165 231 169 115 183 27 240 25 186 176 91 80 33 5 55 200 42 83 207 216 49 227 151 30 88 164 211 120 105 40 192 197 246 69 95 168 78 188 101 76 238 220 162 118 117 65 17 107 77 146 85 218 247 59 37 252 203 139 61 71 15 87 36 137 158 50 86 134 103 174 140 148 173 2 44 64 51 233 9 221 215 0 24 94 201 234 116
49 112 202 172 241 180 58 87 154 132 92 43 234 156 166 110 182 131 232 253 145 181 229 198 14 235 243 13 97 139 159 146 73 104 61 55 0 119 189 41 74 211 33 77 99 79 118 174 17 10 105 121 149 66 109 72 187 179 44 98 240 113 226 75 161 158 193 124 249 244 83 57 169 30 95 203 70 152 54 143 39 248 147 138 176 162 177 236 148 22 101 1 18 6 12 197 82 223 199 254 194 217 184 103 117 209 65 140 34 108 11 35 141 106 102 220 91 89 255 127 59 219 237 27 29 36 192 165 245 216 227 93 48 224 20 116 50 252 168 195 247 111 250 191 153 3 208 238 242 68 218 46 230 207 90 151 115 251 142 31 94 225 204 52 84 45 130 63 64 239 157 85 185 188 114 201 81 62 231 214 19 53 167 126 228 96 21 221 233 15 163 25 155 123 136 24 133 76 129 222 206 42 205 7 69 88 134 38 170 107 5 71 9 210 23 122 80 120 26 16 186 175 128 100 150 40 137 178 47 56 144 67 246 125 183 4 51 215 200 135 32 37 86 164 190 8 173 28 196 171 78 60 2 213 212 160
41 194 219 164 85 233 40 172 216 50 12 79 108 146 42 124 244 84 160 35 187 226 239 148 103 158 242 102 183 174 145 123 250 224 200 245 230 137 234 173 60 221 210 190 38 6 222 227 199 235 82 5 143 89 107 131 243 151 134 138 23 65 86 96 217 53 196 47 44 0 76 111 37 181 122 33 55 66 56 203 231 25 149 69 77 91 177 71 180 110 106 166 193 9 73 2 54 97 223 113 206 141 11 58 45 101 159 64 118 179 220 171 88 36 13 90 213 232 225 105 7 218 155 67 17 153 147 150 115 185 128 116 16 241 125 236 68 75 121 49 214 161 198 22 34 87 197 195 254 62 61 144 80 46 126 135 30 31 162 240 99 139 252 130 63 168 1 154 202 169 15 228 114 140 72 14 112 93 18 248 8 10 178 253 167 4 120 189 92 74 142 215 32 191 129 246 170 186 39 209 48 176 136 95 59 109 238 201 117 57 175 132 251 26 43 100 207 3 192 27 127 133 24 98 29 94 78 212 156 83 182 81 255 247 165 119 20 51 188 211 163 229 70 19 52 21 249 28 205 184 204 157 152 237 104 208
236 114 204 226 73 85 13 102 219 63 197 180 38 190 249 39 224 164 37 79 34 140 163 192 18 185 53 70 152 170 146 3 96 77 81 108 23 174 206 196 122 113 253 94 21 255 240 142 195 161 41 109 187 150 99 210 105 130 4 168 59 233 58 54 215 201 119 80 246 162 160 12 128 167 111 209 151 139 28 52 103 175 231 33 169 22 208 213 10 200 30 188 214 83 153 203 247 29 172 205 216 47 165 118 189 71 45 193 223 183 202 107 145 91 158 199 124 74 95 60 144 78 7 129 97 218 212 32 92 5 93 14 177 26 87 82 44 36 90 155 148 157 55 227 134 248 125 131 159 136 68 69 104 242 56 186 25 239 211 110 173 0 181 126 235 16 65 234 112 51 176 149 156 232 8 243 245 121 15 116 207 62 61 76 19 228 244 35 48 250 154 254 86 6 101 49 237 251 138 178 64 143 217 141 184 171 229 57 24 220 27 252 100 89 137 115 230 9 135 72 127 17 194 191 166 31 2 221 179 117 1 238 88 11 84 40 43 120 20 147 98 50 241 198 182 46 66 132 42 106 75 222 123 133 225 67
13 0 158 48 11 83 181 9 20 153 148 94 108 5 67 27 31 38 81 28 210 175 173 203 89 252 29 121 147 41 104 49 223 63 253 149 15 43 72 152 179 82 230 78 164 138 254 165 99 236 105 45 251 229 70 26 1 69 66 195 50 85 184 178 128 113 55 238 154 30 53 17 227 73 219 131 137 36 91 90 247 151 23 192 160 143 183 60 135 8 201 240 42 62 246 185 24 204 248 197 221 77 255 234 177 190 156 127 176 39 129 244 124 125 209 119 76 122 180 87 166 157 191 100 136 88 57 243 205 213 12 97 144 208 188 40 22 47 239 93 51 21 80 186 118 133 14 170 96 249 216 6 56 59 132 169 7 167 159 226 198 34 211 33 120 116 75 52 130 18 214 98 74 107 155 2 146 3 117 134 95 212 222 71 196 111 172 224 217 102 202 35 109 140 206 228 145 126 32 174 193 141 182 242 162 200 10 86 233 112 194 44 199 241 171 84 207 65 54 245 232 220 115 235 61 237 79 150 103 225 215 139 123 231 106 92 110 161 250 64 37 46 58 114 68 187 189 4 25 163 168 101 19 218 16 142
82 114 188 203 183 65 145 164 137 43 191 26 1 139 249 36 3 95 156 140 73 70 235 10 94 138 226 180 232 135 5 241 237 9 169 38 170 119 205 31 88 154 157 171 32 253 126 16 85 247 57 104 211 197 19 178 0 182 27 209 227 124 81 20 117 52 166 42 80 223 213 214 152 99 22 195 250 122 2 101 78 86 109 243 89 41 91 7 222 142 116 210 217 33 53 251 163 200 162 56 177 206 120 231 74 105 90 14 136 160 149 79 96 159 255 155 100 61 187 47 107 220 202 181 150 92 83 8 97 6 239 113 24 229 165 13 244 212 63 55 242 252 30 240 17 129 75 153 158 204 125 21 66 77 128 134 98 15 201 123 190 54 238 59 216 111 76 46 110 131 236 34 173 60 228 184 118 254 40 49 37 93 12 130 132 18 103 51 67 62 25 148 218 11 102 219 84 35 189 172 112 146 185 39 141 69 144 29 221 48 121 208 248 246 199 192 151 4 87 45 44 225 28 175 147 196 167 161 233 245 143 179 207 108 176 230 68 198 224 64 234 58 71 133 168 193 215 106 50 194 72 115 174 23 186 127
95 16 86 107 245 250 183 101 45 98 224 0 240 130 93 165 8 91 102 235 230 176 190 87 149 109 113 120 163 110 37 2 255 30 171 79 111 203 229 123 186 131 50 145 80 231 97 125 154 234 6 164 57 160 246 220 81 247 181 63 187 127 78 56 152 108 83 151 148 22 132 167 11 5 210 195 137 65 236 112 135 99 54 155 46 213 219 118 173 172 74 233 105 19 242 225 10 142 217 90 28 67 124 144 73 12 106 31 75 24 48 159 82 61 4 17 238 209 3 121 211 71 206 207 36 201 158 204 7 169 248 239 18 182 218 170 139 70 32 40 94 179 226 35 15 122 104 129 66 175 133 103 162 13 200 215 96 252 178 76 43 88 138 141 214 251 89 249 241 53 25 116 38 115 202 198 157 134 212 100 41 180 156 189 237 84 228 85 199 216 177 39 49 153 23 193 254 51 44 184 29 117 191 222 33 55 227 208 114 1 20 223 9 69 244 27 92 168 60 194 21 126 26 68 253 166 34 147 136 72 59 47 197 62 143 64 161 232 185 52 42 221 205 58 188 174 192 243 77 146 119 128 140 196 150 14
24 205 203 55 171 210 154 252 194 182 71 95 146 218 19 76 212 65 251 1 53 243 73 231 2 126 196 246 35 72 215 248 4 90 208 161 232 114 88 236 11 226 245 150 188 134 201 242 167 117 138 103 187 121 50 172 140 6 255 75 135 48 136 57 220 69 130 125 87 79 133 198 191 200 98 15 177 36 168 174 202 179 111 112 147 30 99 229 68 27 254 153 216 0 224 169 23 59 108 22 155 94 219 192 199 20 51 31 33 164 58 159 250 105 104 119 62 16 32 78 91 38 197 42 129 49 144 92 25 39 181 221 107 186 5 184 227 214 17 100 67 8 70 40 143 132 180 158 18 52 178 115 170 60 237 234 209 74 45 9 222 160 44 26 131 54 127 83 86 163 63 190 141 93 29 241 225 89 109 175 85 149 118 10 166 176 13 110 157 247 14 116 128 56 145 7 106 240 223 81 233 37 82 12 207 80 122 77 183 206 235 61 228 96 113 195 213 189 46 139 120 124 151 66 217 249 239 165 156 41 137 64 43 28 185 238 204 84 152 230 193 142 253 148 173 47 211 102 21 101 97 3 244 162 123 34
26 212 220 245 74 116 136 123 50 81 38 32 0 96 166 18 51 188 10 54 76 56 95 151 249 242 82 98 126 43 86 49 164 156 21 75 217 90 203 52 138 135 170 101 226 221 60 34 146 7 72 180 47 129 31 120 16 225 124 115 153 139 154 213 125 254 78 233 250 238 244 174 59 200 176 231 171 194 161 80 94 186 42 117 11 85 243 12 118 83 79 197 68 66 232 104 36 196 214 4 6 13 169 142 222 193 204 70 25 201 252 93 27 229 145 172 224 88 227 168 130 235 185 215 219 45 195 23 207 184 67 128 92 228 119 8 71 202 181 29 61 22 107 40 41 216 134 62 162 165 91 178 58 39 208 191 251 30 144 103 205 73 253 198 210 247 140 2 132 100 113 1 110 53 106 199 183 19 182 239 46 65 111 15 147 84 237 48 241 187 255 99 57 97 3 248 163 152 105 77 127 17 114 155 24 33 121 44 223 102 160 236 28 192 177 112 9 14 63 141 167 240 150 5 173 148 55 37 234 190 189 137 89 179 149 218 157 35 64 131 109 69 20 211 133 143 87 159 108 209 230 122 158 206 175 246
87 94 227 222 168 182 79 141 101 105 112 155 102 29 249 247 22 163 71 103 195 221 115 178 123 42 137 72 223 89 117 146 226 253 156 49 152 238 212 73 239 173 55 179 119 70 48 144 100 75 143 140 14 124 159 3 252 202 187 129 57 228 104 127 91 46 147 38 205 211 110 165 164 66 225 97 11 234 217 2 134 209 82 20 59 116 136 65 4 98 23 67 16 40 151 74 53 251 9 230 201 250 113 203 63 198 199 28 193 150 196 254 161 240 231 10 174 210 162 131 62 24 32 86 171 218 27 7 114 96 121 58 167 125 95 154 5 192 207 88 244 170 68 35 80 130 133 206 243 81 241 233 45 17 108 30 107 194 190 149 126 204 92 33 172 148 181 229 76 220 77 191 208 169 31 41 145 15 185 246 43 36 176 21 109 183 214 25 47 219 200 106 248 12 215 1 61 236 19 84 160 52 186 13 118 18 60 245 158 26 139 128 64 51 39 189 54 135 56 153 224 177 44 34 213 197 50 180 166 184 235 69 138 111 120 132 188 142 6 8 78 99 237 242 175 93 37 90 216 0 232 122 85 157 255 83
215 218 211 229 150 251 99 112 228 125 219 37 7 132 181 191 34 190 242 133 208 173 254 204 18 237 121 33 31 182 86 11 206 89 222 233 36 170 126 46 203 75 174 194 82 226 124 71 113 152 224 65 3 145 77 93 143 56 140 180 154 8 70 239 227 0 100 240 199 10 29 183 16 60 20 98 210 151 137 72 104 160 249 80 6 236 220 205 58 87 88 59 12 184 178 248 110 105 95 28 231 200 177 52 13 2 166 225 148 195 103 156 138 214 186 216 79 158 161 64 119 153 129 141 1 26 53 5 115 250 41 230 68 96 25 247 142 185 78 139 187 144 74 66 47 44 40 117 116 235 45 81 171 175 189 246 192 97 39 61 48 213 55 157 94 217 111 198 252 101 84 107 244 168 123 23 83 91 253 43 209 67 21 42 164 92 109 146 179 50 57 15 221 30 207 122 243 245 85 176 32 232 238 90 9 24 241 69 35 155 223 196 114 63 54 159 49 73 147 188 167 172 108 134 165 128 14 120 51 19 201 17 131 255 38 130 193 202 76 127 4 135 27 163 106 22 102 169 149 234 212 118 62 162 197 136
4 95 63 245 61 175 44 82 174 237 246 120 171 48 179 71 207 150 66 146 213 193 23 1 162 106 206 241 180 7 255 18 194 40 143 156 17 169 8 81 51 176 225 235 78 234 31 177 252 217 43 248 62 26 165 77 75 226 130 55 250 133 11 22 80 214 170 90 247 119 218 238 126 15 168 115 157 196 13 109 47 189 121 137 187 100 184 224 198 52 114 28 16 0 144 29 243 54 73 227 60 104 64 142 254 195 181 116 148 204 38 124 50 25 9 249 102 131 132 103 56 228 222 37 154 149 139 72 20 244 221 96 57 46 210 14 192 239 147 200 182 3 230 5 123 202 205 108 163 197 173 185 45 70 97 49 159 39 85 19 112 140 69 36 186 229 122 183 231 188 118 110 91 88 84 161 160 24 89 125 215 219 233 35 236 141 83 105 92 2 99 201 138 6 155 242 41 145 128 151 33 212 167 67 127 135 42 87 253 111 65 86 208 136 153 190 223 94 101 59 10 74 251 166 32 34 129 220 76 21 27 134 53 68 30 113 79 199 12 240 158 107 98 203 93 117 191 232 211 216 152 178 209 172 58 164
129 98 92 162 24 19 9 197 145 114 91 221 182 171 80 139 62 109 17 70 52 128 100 130 248 72 75 233 33 67 43 55 170 195 222 174 29 164 210 144 237 10 194 161 56 99 247 53 101 58 243 235 216 213 209 31 30 149 214 250 85 89 103 160 106 11 208 230 217 127 224 71 8 131 25 112 166 15 253 21 158 82 37 192 252 5 167 212 123 236 190 211 78 6 23 60 93 219 226 184 135 199 121 36 157 159 254 90 201 146 152 4 178 193 155 238 204 69 137 110 28 232 223 73 218 242 61 102 81 86 22 48 79 42 183 34 220 188 115 186 45 169 207 44 107 116 245 41 173 49 196 77 20 191 16 83 63 148 126 32 231 76 111 50 132 125 143 64 165 13 26 142 39 133 206 176 46 95 105 203 104 156 47 122 87 168 118 187 151 35 202 200 96 255 180 120 3 136 147 205 84 40 215 117 244 88 108 251 140 38 240 27 66 138 234 172 59 246 7 57 225 54 94 68 177 239 153 141 0 14 154 113 179 198 97 185 229 189 12 124 65 51 241 18 74 163 249 175 150 134 119 227 1 2 228 181
94 172 9 72 81 210 6 138 14 161 42 240 156 236 48 28 113 91 252 196 41 76 15 97 90 108 29 130 233 246 107 4 98 171 141 11 60 70 168 69 121 12 87 52 133 83 152 116 255 167 165 61 220 145 85 223 101 112 170 49 5 180 82 209 53 73 216 105 3 205 247 31 103 199 137 24 211 227 22 190 19 59 33 142 204 118 106 0 234 119 78 144 163 62 150 194 154 232 89 30 16 206 238 39 128 214 140 115 99 84 192 221 222 193 146 63 57 127 244 239 229 162 110 79 56 186 147 136 45 104 27 74 237 35 17 93 65 95 213 37 40 198 253 32 8 20 135 160 187 139 249 129 175 109 202 230 159 126 21 64 212 18 66 23 208 200 181 178 174 251 250 114 179 215 50 54 68 125 71 231 173 195 182 92 189 36 228 96 245 77 131 235 218 241 123 47 2 157 217 225 132 177 88 201 155 176 43 226 243 25 58 184 191 149 100 164 86 1 122 124 219 55 166 111 117 224 143 158 120 203 169 34 102 75 248 197 188 38 183 207 26 67 46 51 242 13 44 7 148 254 185 153 80 151 10 134
56 223 100 231 123 4 202 118 198 10 245 75 53 214 158 3 38 232 59 52 70 246 92 195 208 69 221 60 133 103 228 22 32 130 31 83 229 49 14 95 45 114 78 217 129 127 23 182 107 47 185 63 74 132 11 222 142 44 171 15 35 178 67 220 167 209 248 65 161 99 241 173 189 239 152 236 21 250 104 166 80 68 0 196 81 40 106 125 24 112 156 116 194 51 247 233 168 200 1 90 176 102 77 61 46 154 183 184 155 108 25 19 89 206 201 191 124 72 41 18 148 109 98 7 66 244 36 199 252 234 55 27 57 175 254 2 160 215 249 225 237 97 122 149 101 211 91 137 71 164 192 121 88 238 26 174 235 28 240 170 162 143 140 136 213 212 76 141 177 12 16 30 87 33 193 135 157 144 54 151 253 190 58 207 39 93 197 180 203 85 9 219 119 179 187 94 139 50 163 117 138 5 188 205 242 20 146 153 111 62 126 48 218 84 86 181 17 128 73 79 186 105 120 82 165 131 251 64 37 210 159 150 255 145 169 243 29 8 13 204 230 6 224 110 216 147 115 42 113 227 96 134 226 34 43 172
221 107 238 6 225 180 26 172 84 90 244 44 43 200 104 231 145 113 96 136 13 88 216 154 193 250 15 199 138 232 157 201 150 174 30 208 187 130 143 109 80 129 247 82 197 77 78 162 72 29 75 133 40 119 110 144 53 89 41 10 196 158 166 220 50 97 161 141 248 230 255 192 46 4 229 33 139 71 86 222 123 49 202 169 214 9 12 85 122 215 120 112 179 151 242 164 241 73 69 28 5 83 226 167 51 27 60 108 210 99 211 70 87 48 165 175 24 149 64 125 177 170 55 155 243 62 93 159 181 98 79 240 127 146 94 135 195 115 153 218 39 186 65 147 252 152 194 124 37 160 18 7 198 185 173 68 188 14 190 32 103 56 178 168 92 76 184 59 45 63 114 203 17 245 254 11 67 21 140 142 212 233 116 121 54 227 171 224 95 0 111 1 219 36 134 217 228 106 101 47 61 213 20 235 239 246 34 236 163 128 126 156 42 205 237 74 100 249 57 2 176 16 206 102 223 251 25 105 132 35 183 31 117 91 207 118 52 189 58 253 204 182 23 234 209 22 19 148 3 38 137 131 81 66 8 191
72 199 185 200 4 171 45 124 24 41 29 35 220 105 246 222 22 217 240 207 126 140 232 88 163 57 131 34 58 164 129 125 243 114 112 23 150 82 242 5 50 52 59 215 188 13 239 250 116 71 247 43 139 73 20 191 218 15 134 18 214 176 26 231 6 10 91 241 69 253 230 113 174 138 19 165 54 117 248 227 75 107 68 153 86 87 7 180 108 208 211 137 224 104 85 254 237 42 76 190 149 251 119 44 244 1 38 186 48 178 146 159 47 156 99 152 245 229 65 228 30 92 111 157 61 193 130 28 94 32 233 46 145 103 143 49 39 209 198 151 123 173 63 160 201 70 79 167 90 14 148 206 27 74 238 223 158 55 60 109 187 213 31 196 51 219 194 101 83 25 236 235 183 135 225 195 9 203 81 110 177 155 115 66 2 179 189 133 205 154 255 21 168 204 252 221 37 3 11 36 120 162 182 169 96 127 84 78 0 142 212 64 97 234 56 100 122 102 141 197 40 33 128 144 172 89 132 95 210 202 67 121 8 136 249 98 184 181 216 147 17 12 106 80 192 53 118 226 93 175 77 166 62 16 170 161
53 186 135 236 2 149 185 233 202 18 239 247 17 101 143 163 150 77 108 65 59 0 123 193 45 78 215 37 81 103 83 122 178 21 14 109 125 153 70 113 76 191 183 48 102 244 117 230 79 165 162 197 128 253 248 87 61 173 34 99 207 74 156 58 147 43 252 151 142 180 166 181 240 152 26 105 5 22 10 16 201 86 227 203 3 198 221 188 107 121 213 69 144 38 112 15 39 145 110 106 224 95 93 4 131 63 223 241 31 33 40 196 169 249 220 231 97 52 228 24 120 54 1 172 199 251 115 254 195 157 7 212 242 246 72 222 50 234 211 94 155 119 255 146 35 98 229 208 56 88 49 134 67 68 243 161 89 189 192 118 205 85 66 235 218 23 57 171 130 232 100 25 225 237 19 167 29 159 127 140 28 137 80 133 226 210 46 209 11 73 92 138 42 174 111 9 75 13 214 27 126 84 124 30 20 190 179 132 104 154 44 141 182 51 60 148 71 250 129 187 8 55 219 204 139 36 41 90 168 194 12 177 32 200 175 82 64 6 217 216 164 116 206 176 245 184 62 91 158 136 96 47 238 160 170 114
28 110 232 160 177 214 247 118 125 83 34 98 20 190 56 58 153 244 100 45 51 158 77 92 54 137 103 223 36 9 182 131 122 227 117 141 215 1 235 240 176 202 233 196 82 188 119 87 14 85 199 68 106 198 6 15 144 195 72 203 95 231 174 90 170 237 217 47 25 186 130 230 10 204 31 24 42 218 64 167 180 41 193 32 105 75 200 249 4 102 3 55 201 21 241 67 17 86 50 189 101 99 250 154 79 19 157 35 46 104 238 194 114 16 143 242 7 150 39 192 139 181 220 37 133 71 213 145 161 211 124 208 248 222 76 138 52 40 0 168 53 12 78 97 251 84 128 88 166 23 219 205 140 172 228 62 148 74 49 33 18 126 155 156 127 80 252 246 61 178 173 163 96 44 13 245 120 81 70 234 38 216 8 171 224 206 27 254 29 147 226 229 132 187 221 197 209 69 94 121 73 183 63 109 43 136 164 93 60 210 253 146 207 255 212 142 134 115 112 108 185 184 48 113 149 239 243 2 59 5 165 107 129 116 26 123 225 162 30 179 11 65 169 152 175 57 236 191 91 151 159 66 111 22 135 89
28 115 3 112 55 108 201 185 21 184 241 48 67 113 17 149 86 239 50 243 189 2 101 59 99 5 250 165 154 107 79 129 19 116 157 26 35 123 46 225 104 162 238 30 194 179 114 11 16 65 143 169 242 152 7 175 150 57 39 236 192 191 139 91 181 151 220 159 37 66 133 111 71 22 213 135 145 89 161 110 211 232 124 160 208 177 248 214 222 247 76 118 138 125 52 83 40 34 0 98 168 20 53 190 12 56 78 58 97 153 251 244 84 100 128 45 88 51 166 158 23 77 219 92 205 54 140 137 172 103 228 223 62 36 148 9 74 182 49 131 33 122 18 227 126 117 155 141 156 215 127 1 80 235 252 240 246 176 61 202 178 233 173 196 163 82 96 188 44 119 13 87 245 14 120 85 81 199 70 68 234 106 38 198 216 6 8 15 171 144 224 195 206 72 27 203 254 95 29 231 147 174 226 90 229 170 132 237 187 217 221 47 197 25 209 186 69 130 94 230 121 10 73 204 183 31 63 24 109 42 43 218 136 64 164 167 93 180 60 41 210 193 253 32 146 105 207 75 255 200 212 249 142 4 134 102
189 178 247 211 95 7 5 156 60 240 180 63 196 207 10 144 100 20 177 49 148 168 56 200 98 45 87 126 198 39 232 119 51 67 117 30 114 154 128 237 44 213 201 0 74 214 173 239 3 157 245 34 249 72 184 125 111 46 78 134 223 54 235 210 194 179 32 61 62 33 241 158 152 222 84 79 69 2 205 174 151 26 242 231 140 199 122 169 77 130 112 188 160 190 53 132 135 38 93 127 103 115 230 255 27 234 89 224 15 204 42 70 254 221 116 159 52 113 161 118 48 40 21 18 14 91 90 209 19 55 145 149 163 220 166 71 13 35 22 187 29 131 68 191 85 172 226 75 58 81 218 142 97 252 57 65 227 17 183 41 250 16 138 66 83 120 153 24 31 244 195 4 181 96 217 219 59 150 6 206 212 64 238 253 215 43 9 129 197 170 88 37 28 133 23 47 121 162 141 146 82 108 139 102 243 94 25 248 175 246 105 229 12 104 167 176 50 101 233 109 1 137 80 251 76 143 123 208 186 92 36 136 171 110 192 185 203 124 225 73 86 202 99 193 11 236 106 155 165 8 164 216 107 182 147 228
57 47 1 155 146 184 170 185 244 156 30 109 9 26 14 20 205 90 231 207 7 202 225 192 111 125 217 73 148 42 116 19 43 149 114 110 228 99 97 8 135 67 227 245 35 37 44 200 173 253 224 235 101 56 232 28 124 58 5 176 203 255 119 3 199 161 11 216 246 250 76 226 54 238 215 98 159 123 4 150 39 102 233 212 60 92 53 138 71 72 247 165 93 193 196 122 209 89 70 239 222 27 61 175 134 236 104 29 229 241 23 171 33 163 131 144 32 141 84 137 230 214 50 213 15 77 96 142 46 178 115 13 79 17 218 31 130 88 128 34 24 194 183 136 108 158 48 145 186 55 64 152 75 254 133 191 12 59 223 208 143 40 45 94 172 198 16 181 36 204 179 86 68 10 221 220 168 120 210 180 249 188 66 95 162 140 100 51 242 164 174 118 190 139 240 6 153 189 237 206 22 243 251 21 105 147 167 154 81 112 69 63 0 127 197 49 82 219 41 85 107 87 126 182 25 18 113 129 157 74 117 80 195 187 52 106 248 121 234 83 169 166 201 132 2 252 91 65 177 38 103 211 78 160 62 151
107 58 40 250 30 78 226 53 11 21 148 200 7 188 215 172 34 225 79 221 194 187 8 192 63 81 84 186 195 202 241 3 144 231 136 15 230 145 101 168 56 1 71 204 113 99 135 232 179 130 156 133 182 115 6 201 196 39 59 255 57 161 198 93 23 185 85 223 151 174 253 249 41 104 209 89 110 121 143 4 17 184 24 83 82 25 65 96 129 180 74 158 236 125 62 193 222 86 118 218 44 212 37 240 203 72 155 131 0 132 157 75 207 245 43 219 52 227 128 97 234 206 76 140 252 175 92 199 149 117 87 48 106 108 50 211 45 33 173 152 142 122 243 139 77 31 36 213 191 9 127 228 67 138 244 208 105 49 109 90 248 254 60 170 238 190 214 189 239 38 197 162 177 14 137 68 124 237 171 216 47 88 210 51 220 80 64 26 20 12 166 164 147 22 94 19 27 55 169 61 126 10 54 28 103 42 246 120 111 154 73 181 134 100 146 165 13 178 233 98 114 183 18 95 66 229 16 5 116 150 224 35 32 46 217 119 247 91 176 163 167 102 29 251 141 153 112 205 235 159 70 2 242 123 69 160
166 221 87 178 66 172 169 0 201 236 162 51 247 158 180 191 181 73 101 150 19 194 202 216 47 196 50 235 231 36 63 134 198 127 179 222 93 238 76 11 136 183 170 226 29 189 243 49 90 41 213 161 138 215 83 102 95 230 132 88 25 192 142 23 17 20 240 55 253 241 141 111 250 106 193 200 246 174 84 31 68 147 159 212 67 65 124 187 186 14 205 171 251 5 155 156 32 110 224 9 122 255 188 38 126 24 72 39 140 98 239 10 197 139 237 218 143 118 133 135 48 123 37 129 245 59 217 199 12 85 157 61 254 116 40 56 164 79 173 46 6 220 184 234 108 71 242 182 45 2 121 151 168 225 77 128 62 152 252 3 149 223 154 219 203 82 26 208 52 206 125 117 35 244 145 176 58 81 33 99 195 144 177 146 119 153 75 54 74 27 22 107 229 78 64 89 34 210 103 165 42 86 175 137 204 233 16 167 249 114 209 30 160 57 96 109 18 228 28 112 227 53 44 15 248 120 94 70 115 100 7 104 43 185 91 80 60 163 131 92 97 69 105 207 130 13 214 232 1 113 21 4 8 148 190 211
143 40 119 132 194 229 254 21 167 111 255 133 176 235 84 247 188 175 249 9 244 126 206 225 198 104 252 87 62 200 55 97 64 156 217 201 134 131 41 71 155 199 32 241 38 196 66 47 43 70 230 99 231 180 11 92 149 215 218 232 93 59 187 77 146 53 118 165 17 3 80 239 0 243 88 15 33 185 142 81 178 113 227 103 141 29 19 20 213 160 83 1 56 183 63 162 139 147 170 49 150 102 152 68 28 203 177 16 23 94 114 57 224 6 223 117 238 12 181 37 135 166 151 75 197 221 210 140 157 220 61 216 161 122 248 108 168 26 8 242 211 153 144 69 158 67 45 174 85 35 226 74 50 18 124 116 48 58 91 46 78 190 136 214 219 10 186 82 127 138 189 195 159 76 7 184 251 115 44 120 22 172 137 107 171 192 42 95 234 121 34 245 179 60 101 110 98 154 73 191 193 79 164 112 128 123 86 209 24 72 163 25 145 96 250 233 173 207 246 100 202 130 205 90 27 109 182 14 54 52 5 253 212 65 148 106 105 31 89 236 208 2 228 222 39 51 204 240 13 169 237 36 129 4 30 125
220 225 182 166 30 50 116 26 90 59 206 107 117 209 51 98 188 210 57 69 252 86 203 47 181 164 22 174 233 23 208 148 21 63 18 124 147 176 2 169 37 54 136 154 130 242 80 61 65 92 7 158 190 180 106 97 237 78 5 239 224 126 179 145 25 93 171 134 83 194 89 114 243 152 43 217 42 38 199 185 103 64 230 146 144 251 112 151 95 193 135 123 12 36 87 159 215 17 153 6 192 197 249 184 14 172 198 67 137 187 231 13 156 189 200 31 149 102 173 55 29 177 207 167 186 91 129 75 142 183 108 58 79 44 128 62 246 113 81 202 196 16 76 244 77 253 161 10 71 66 28 20 74 139 132 141 39 211 118 232 109 115 143 120 52 53 88 226 40 170 9 223 195 94 157 0 165 110 219 255 49 218 96 35 160 133 140 216 247 227 229 105 254 100 191 46 45 60 3 212 228 19 32 234 138 238 70 245 85 33 221 235 122 162 48 127 201 125 168 155 213 41 8 204 11 236 84 73 121 99 214 248 119 56 111 1 178 175 150 15 241 205 163 101 240 222 72 250 68 24 27 104 4 131 82 34
54 192 166 174 44 153 87 122 146 64 250 55 158 235 99 69 86 233 160 211 175 85 155 251 37 201 117 137 136 240 109 216 15 184 163 35 253 27 228 214 111 224 221 2 8 212 230 244 67 101 128 47 112 125 45 130 42 176 207 97 237 248 66 38 110 49 198 100 152 106 204 70 107 242 232 173 213 95 209 162 236 26 141 210 10 31 142 188 91 83 177 48 3 18 60 82 126 103 129 208 143 6 4 145 225 32 98 200 243 156 57 90 219 226 29 12 76 21 183 9 169 65 246 239 150 102 0 104 154 245 254 75 181 23 199 39 96 34 53 252 247 120 89 190 24 238 138 74 14 191 52 56 195 7 185 161 186 144 124 84 71 118 249 157 167 11 222 113 94 41 229 116 73 1 50 193 58 20 81 93 215 180 61 220 13 218 63 171 234 164 194 123 114 231 88 59 182 17 189 16 5 197 25 255 223 147 135 119 172 168 134 139 28 133 149 205 178 217 92 115 203 151 46 179 77 80 62 148 241 202 108 40 132 170 121 196 51 36 68 206 131 30 227 43 127 105 72 140 33 165 159 187 19 78 79 22
227 69 209 251 17 27 148 239 127 233 230 0 7 42 223 112 53 219 241 252 242 134 162 211 80 255 8 22 108 2 111 41 37 97 124 195 4 188 240 28 154 44 137 72 197 244 231 32 90 250 49 110 151 102 19 222 199 21 144 163 156 36 193 149 86 253 203 84 78 81 46 116 59 47 202 172 56 167 254 6 52 235 145 92 129 208 220 18 128 126 185 248 247 75 11 232 57 66 216 217 93 171 30 70 183 61 249 99 187 85 133 100 201 159 45 71 3 200 43 24 204 179 194 196 109 184 98 190 51 120 23 5 73 146 218 122 60 177 101 117 225 140 234 107 67 26 245 40 169 132 48 243 106 63 182 212 229 31 138 189 123 213 58 64 210 29 215 25 9 143 87 14 113 12 186 178 96 50 206 237 119 142 94 160 1 205 238 207 180 214 136 115 135 88 83 168 35 139 125 150 95 16 164 226 103 147 236 198 10 39 77 228 55 175 15 91 221 118 157 170 79 34 89 173 33 114 105 76 54 181 155 131 176 161 68 165 104 246 152 141 121 224 192 153 158 130 166 13 191 74 20 38 62 174 82 65
100 166 135 236 70 29 184 120 60 237 98 102 241 53 231 207 232 190 170 130 117 164 40 203 213 57 13 159 140 87 20 162 119 47 96 239 104 66 127 139 6 226 107 11 59 9 109 217 25 210 240 169 160 22 134 105 228 63 235 62 51 243 71 46 14 193 181 165 218 214 180 185 74 179 195 251 224 8 138 161 249 197 92 225 123 126 108 194 32 248 154 86 178 216 167 242 97 82 114 252 177 76 18 89 173 151 118 186 79 211 205 233 65 124 125 68 238 212 220 90 199 133 168 192 110 41 101 204 26 145 115 132 24 206 2 221 131 201 42 83 247 163 183 182 31 155 7 61 230 209 81 44 73 19 5 157 15 12 48 54 3 21 35 113 147 174 93 158 171 91 176 88 222 253 143 28 39 112 84 156 95 244 146 198 152 250 116 153 33 23 219 4 141 255 208 27 72 187 1 56 77 188 234 137 129 223 94 49 64 106 128 172 149 175 254 189 52 50 191 16 78 144 246 34 202 103 136 10 17 75 58 122 67 229 55 215 111 37 30 196 148 0 150 200 36 45 121 227 69 245 85 142 80 99 43 38
160 67 141 65 108 95 153 236 203 144 206 176 24 13 61 39 154 188 59 251 51 196 118 115 90 210 181 145 103 41 180 162 12 190 8 219 222 44 199 71 22 229 165 122 106 225 245 56 221 30 254 146 47 57 149 246 38 128 150 252 9 192 26 143 242 121 104 217 114 173 218 148 88 216 3 213 64 87 116 197 109 232 249 76 94 70 182 20 1 5 32 202 98 130 120 46 37 177 18 200 179 164 66 119 85 220 33 111 74 23 134 29 54 183 92 238 157 237 233 139 125 43 4 170 86 84 191 52 91 35 133 75 63 207 231 27 99 155 212 93 201 132 137 189 124 209 112 138 7 77 127 171 208 96 129 140 226 89 42 113 250 224 117 147 107 126 31 69 15 82 123 48 253 19 239 68 2 186 53 21 142 136 211 16 184 17 193 101 205 11 6 223 215 14 79 72 81 234 151 58 172 49 55 83 60 247 248 28 166 235 110 204 163 135 34 97 0 105 50 159 195 244 158 36 230 100 73 80 156 187 167 169 45 194 40 131 241 240 255 198 152 168 214 227 174 78 178 10 185 25 228 161 175 62 102 243
58 111 9 246 201 236 29 177 4 217 227 99 151 213 139 166 123 240 176 30 172 145 138 214 143 14 32 35 137 146 153 192 209 95 182 87 221 181 96 52 119 7 207 22 155 64 50 86 183 130 81 107 84 133 66 212 152 147 245 10 206 8 112 149 44 229 136 36 174 102 125 204 200 247 55 160 40 61 72 94 210 223 135 230 34 33 231 16 47 80 131 25 109 187 76 13 144 173 37 69 169 250 163 243 191 154 23 106 82 0 83 108 26 158 196 249 170 3 178 79 48 185 157 27 91 203 126 43 150 100 68 38 254 57 59 1 162 251 239 124 103 93 73 194 90 28 237 242 164 142 215 78 179 18 89 195 159 56 255 60 41 199 205 11 121 189 141 165 140 190 244 148 113 128 220 88 19 75 188 122 167 253 39 161 2 171 31 15 232 226 218 117 115 98 228 45 225 233 6 120 12 77 216 5 234 54 248 197 71 62 105 24 132 85 51 97 116 219 129 184 49 65 134 224 46 17 180 222 211 67 101 175 241 238 252 168 70 198 42 127 114 118 53 235 202 92 104 63 156 186 110 21 208 193 74 20
48 86 56 115 221 153 168 49 205 131 29 251 41 91 94 167 204 42 202 194 6 233 69 246 68 155 151 110 87 165 53 249 133 109 142 190 37 181 38 152 169 130 247 2 106 231 146 207 4 252 137 237 70 144 175 241 8 180 161 67 209 228 176 217 22 197 235 45 121 13 147 229 79 234 21 206 119 242 100 89 25 12 255 150 15 96 17 114 185 138 5 250 174 158 11 141 127 145 196 30 99 72 81 93 149 103 222 224 39 60 198 203 136 54 253 51 177 0 193 83 46 118 216 44 55 188 183 129 143 40 102 62 66 73 116 63 245 210 208 238 124 32 64 156 182 76 139 84 3 98 33 184 50 78 107 187 214 117 10 113 199 173 34 200 134 16 140 80 31 9 105 61 36 104 101 230 85 120 219 213 163 148 90 18 189 65 88 52 7 108 254 166 172 71 126 125 27 186 58 227 195 178 218 95 170 43 236 20 77 97 26 220 59 239 28 232 1 112 35 14 212 225 191 162 211 74 164 24 159 160 244 154 111 157 215 122 201 192 226 135 171 123 92 23 240 248 47 132 179 243 223 75 57 82 19 128
125 46 121 60 9 138 129 172 91 199 152 118 164 183 31 196 251 116 132 201 36 113 84 247 34 23 134 168 242 53 50 64 235 137 10 109 194 181 185 120 47 14 159 171 130 223 253 177 88 20 5 141 87 178 76 58 13 48 96 244 71 29 39 166 218 25 206 233 190 52 243 97 239 212 205 26 210 81 99 102 204 213 220 4 21 162 249 154 33 248 163 119 186 74 19 89 222 131 117 153 250 197 148 174 151 200 133 24 219 214 57 77 18 75 179 216 111 41 203 103 241 169 192 16 12 59 122 227 107 128 139 161 22 35 202 42 101 100 43 83 114 147 198 92 176 254 143 80 211 240 104 136 236 62 230 55 3 221 90 173 149 0 150 175 93 225 8 61 237 70 245 146 115 252 224 94 158 15 193 110 217 167 135 105 66 124 126 68 229 63 51 191 170 160 140 6 157 95 49 54 231 209 27 145 246 85 156 7 226 123 67 127 108 11 17 78 188 1 208 232 207 2 56 215 180 195 32 155 86 142 255 189 234 65 106 228 69 238 98 82 44 38 30 184 182 165 40 112 37 45 73 187 79 144 28 72
38 184 236 100 239 180 142 247 197 227 231 57 207 35 219 196 79 140 104 240 131 20 83 214 193 41 73 34 119 52 53 228 146 74 174 177 103 190 70 51 220 203 8 42 156 115 217 85 10 210 222 4 152 14 144 112 125 13 122 65 118 211 195 31 194 251 58 77 123 27 159 96 249 60 253 199 12 111 69 109 15 5 175 164 117 89 139 29 126 167 36 45 133 56 235 114 172 248 40 204 189 124 21 26 75 153 179 252 162 17 185 160 67 49 246 202 201 149 101 191 161 230 169 47 76 143 121 81 32 223 145 155 99 171 120 221 242 134 170 218 187 3 224 232 2 86 128 148 135 62 93 50 44 0 108 178 30 63 200 22 66 88 68 107 163 6 254 94 110 138 55 98 61 176 168 33 87 229 102 215 64 150 147 182 113 238 233 72 46 158 19 84 192 59 141 43 132 28 237 136 127 165 151 166 225 137 11 90 245 7 250 1 186 71 212 188 243 183 206 173 92 106 198 54 129 23 97 255 24 130 95 91 209 80 78 244 116 48 208 226 16 18 25 181 154 234 205 216 82 37 213 9 105 39 241 157
47 123 63 181 138 2 32 49 106 213 9 198 33 133 139 30 104 35 100 84 218 162 89 188 87 6 253 171 125 26 57 194 217 169 235 76 25 58 27 255 34 211 190 210 163 158 243 110 214 200 225 170 91 239 46 178 222 56 18 85 114 152 48 130 250 90 166 41 193 232 245 154 109 164 248 108 189 180 151 129 1 230 206 251 236 143 240 179 66 227 216 196 44 12 228 233 205 241 88 11 149 95 113 137 249 157 140 144 29 71 92 102 223 59 202 53 50 0 82 117 43 187 128 39 61 72 62 209 237 31 155 75 83 97 183 77 186 116 112 172 199 15 79 8 60 103 229 119 212 147 17 64 51 107 165 70 124 185 226 177 94 42 19 96 219 238 231 111 13 224 161 73 23 159 153 156 121 191 134 122 22 247 131 242 74 81 127 55 220 167 204 28 40 93 203 201 5 68 67 150 86 52 132 141 36 37 168 246 105 145 3 136 69 174 7 160 208 175 21 234 120 146 78 20 118 99 24 254 14 16 184 4 173 10 126 195 98 80 148 221 38 197 135 252 176 192 45 215 54 182 142 101 65 115 244 207
10 136 17 176 224 174 19 127 190 120 150 79 70 187 44 15 138 228 145 227 216 153 236 211 179 103 91 75 128 124 90 95 239 89 105 161 134 173 48 71 159 107 2 135 33 36 18 104 197 158 64 251 88 126 77 152 7 247 24 162 87 241 183 254 83 61 28 96 244 121 115 143 230 34 35 233 148 122 130 255 109 43 78 102 20 206 11 114 191 55 25 42 189 116 167 131 41 111 207 248 157 73 93 92 196 65 172 226 140 119 246 209 238 184 170 67 180 177 213 219 168 186 200 23 57 84 3 68 81 1 86 253 132 163 53 193 204 22 249 66 5 154 56 108 62 160 26 63 198 188 129 169 51 165 118 192 237 97 166 221 242 98 144 47 39 133 4 214 229 16 38 82 59 85 164 99 217 215 101 181 243 54 156 199 112 13 46 175 182 240 223 32 232 139 220 125 21 202 195 106 58 0 60 110 201 210 31 137 234 155 250 52 245 9 208 203 76 45 146 235 194 94 30 225 147 8 12 151 218 141 117 142 100 80 40 27 74 205 113 123 222 178 69 50 252 185 72 29 212 6 149 14 231 37 49 171
140 194 218 207 137 154 217 58 213 158 119 245 105 165 23 5 239 208 150 141 66 155 64 42 171 82 32 223 71 47 15 121 113 45 55 88 43 75 187 133 211 216 7 183 79 124 135 186 192 156 73 4 181 248 112 41 117 19 169 134 104 168 189 39 92 231 118 31 242 176 57 98 107 95 151 70 188 190 76 161 109 125 120 83 206 21 69 160 22 142 93 247 230 170 204 243 97 199 127 202 87 24 106 179 11 51 49 2 250 209 62 145 103 102 28 86 233 205 254 225 219 36 48 201 237 10 166 234 33 126 1 27 122 37 116 129 191 226 251 18 164 108 252 130 173 232 81 244 185 172 246 6 241 123 203 222 195 101 249 84 59 197 52 94 61 153 214 198 131 128 38 68 152 196 29 238 35 193 63 44 40 67 227 96 228 177 8 89 146 212 215 229 90 56 184 74 143 50 115 162 14 255 77 236 0 240 85 12 30 182 139 78 175 110 224 100 138 26 16 17 210 157 80 253 53 180 60 159 136 144 167 46 147 99 149 65 25 200 174 13 20 91 111 54 221 3 220 114 235 9 178 34 132 163 148 72
52 219 255 6 210 228 242 65 99 126 45 110 123 43 128 40 174 205 95 235 246 64 36 108 47 196 98 150 104 202 68 105 240 230 171 211 93 207 160 234 24 139 208 8 29 140 186 89 81 175 46 1 16 58 80 124 101 127 206 141 4 2 143 223 30 96 198 241 154 55 88 217 224 27 10 74 19 181 7 167 63 244 237 148 100 0 102 152 243 252 73 179 21 197 37 94 32 51 250 245 118 87 188 22 236 136 72 12 189 50 54 193 5 183 159 184 142 122 82 69 116 247 155 165 9 220 111 92 39 227 114 71 254 48 191 56 18 79 91 213 178 59 218 11 216 61 169 232 162 192 121 112 229 86 57 180 15 187 14 3 195 23 253 221 145 133 117 170 166 132 137 26 131 147 203 176 215 90 113 201 149 44 177 75 78 60 146 239 200 106 38 130 168 119 194 49 34 66 204 129 28 225 41 125 103 70 138 31 163 157 185 17 76 77 20 190 164 172 42 151 85 120 144 62 248 53 156 233 97 67 84 231 158 209 173 83 153 249 35 199 115 135 134 238 107 214 13 182 161 33 251 25 226 212 109 222
253 113 190 94 0 98 198 125 143 40 252 191 33 223 82 213 251 139 129 130 68 15 193 111 166 38 173 17 249 2 25 159 5 212 7 178 138 58 32 126 133 204 224 167 79 116 78 227 93 122 36 147 245 21 6 185 52 76 65 250 12 75 171 71 16 232 103 218 23 136 118 97 66 8 254 179 13 177 155 29 195 145 81 184 160 128 234 226 158 168 201 156 188 45 246 69 74 120 41 192 237 248 44 50 14 186 117 39 106 225 154 230 132 27 247 217 26 47 152 205 89 231 144 100 34 170 211 220 208 9 183 46 48 189 19 222 238 233 196 64 134 182 18 135 255 206 105 88 28 62 101 210 57 240 60 200 137 219 37 124 164 162 115 108 67 175 3 216 215 141 199 91 63 112 83 77 149 161 59 95 123 24 92 146 239 114 140 235 150 229 242 49 84 109 131 22 221 110 243 31 90 194 102 43 30 104 119 99 236 61 80 53 214 107 197 172 55 165 207 174 11 72 56 244 241 151 181 10 54 142 96 148 51 176 157 153 180 85 209 86 35 121 202 4 70 73 87 203 169 42 187 1 163 228 20 127
63 27 160 69 55 91 188 135 86 112 89 138 71 217 157 152 250 15 211 13 117 154 49 234 141 41 179 107 130 209 205 252 60 165 45 66 77 99 215 228 140 235 39 38 236 21 52 85 136 30 114 192 81 18 149 178 42 74 174 255 168 248 196 159 28 111 87 0 88 113 31 163 201 254 175 8 183 84 53 190 162 32 96 208 131 48 155 105 73 43 4 62 64 6 167 1 244 129 108 98 78 199 95 33 242 247 169 147 220 83 184 23 94 200 164 61 5 65 46 204 210 16 126 194 146 170 145 195 249 153 118 133 225 93 24 80 193 127 172 3 44 166 7 176 36 20 237 231 223 122 120 103 233 50 230 238 11 125 17 82 221 10 239 59 253 202 76 67 110 29 137 90 56 102 121 224 134 189 54 70 139 229 51 22 185 227 216 72 106 180 246 243 2 173 75 203 47 132 119 123 58 240 207 97 109 68 161 191 115 26 213 198 79 25 116 14 251 206 241 34 182 9 222 232 104 156 218 144 171 128 245 181 35 177 150 143 219 148 19 37 40 142 151 158 197 214 100 187 92 226 186 101 57 124 12 212
243 193 79 159 221 32 134 177 90 246 24 153 160 218 201 10 210 117 198 103 254 180 173 84 36 0 38 88 179 188 9 115 212 133 228 30 223 242 186 181 54 23 124 213 172 72 8 203 125 241 245 129 196 119 95 120 78 58 18 5 52 183 91 101 200 156 47 28 230 163 50 7 190 239 127 247 209 15 27 149 114 250 154 202 152 252 105 168 98 128 57 48 165 22 248 116 206 123 205 194 131 214 189 157 81 69 53 106 102 68 73 217 67 83 139 112 151 26 49 137 85 235 113 11 14 251 82 175 136 42 229 66 104 55 130 240 225 2 140 65 219 161 232 61 39 6 74 222 99 93 121 208 12 13 211 126 100 108 233 87 21 56 80 253 184 244 92 169 33 3 20 167 94 145 109 19 89 185 226 135 51 71 70 174 43 150 204 118 97 224 187 216 162 148 45 158 155 191 197 146 164 178 1 35 62 236 46 59 234 64 231 110 141 31 171 182 255 227 44 238 132 34 86 40 138 4 41 176 166 107 147 29 143 96 170 215 75 144 199 220 76 122 25 17 111 237 192 207 249 16 60 37 63 142 77 195
250 152 15 116 210 26 132 96 248 192 252 233 136 142 203 58 126 78 102 77 127 181 85 50 65 157 25 211 12 125 59 104 190 231 98 194 108 223 207 169 163 155 54 52 35 165 237 162 170 198 57 204 14 153 197 171 246 185 134 8 254 42 216 69 22 243 34 53 156 66 121 241 2 71 161 238 209 117 159 148 4 38 112 178 175 189 105 7 135 234 64 51 55 245 172 139 29 41 255 93 123 47 213 145 130 11 212 48 201 183 138 173 221 114 196 154 164 36 88 150 76 103 60 177 113 222 109 82 75 151 80 206 224 227 74 83 90 129 146 32 119 24 158 118 33 244 56 199 144 214 92 1 242 23 120 67 18 44 21 70 3 149 89 84 182 202 143 200 49 86 236 166 73 228 111 39 62 141 137 184 247 97 232 253 9 31 147 160 72 167 226 225 168 208 239 17 68 217 46 124 13 205 81 110 229 6 106 187 100 180 128 91 215 43 19 0 20 45 218 95 133 186 107 195 115 16 240 122 94 219 28 140 63 235 87 37 5 230 191 249 251 193 99 188 176 61 40 30 10 131 27 220 174 179 101 79
11 59 202 235 246 77 195 148 219 101 75 223 253 213 232 137 175 121 188 229 154 104 125 90 174 108 37 159 127 248 242 62 122 35 123 44 207 56 117 112 74 66 120 185 178 187 85 2 164 23 155 161 189 166 98 99 134 17 86 216 55 14 241 140 203 0 211 156 10 46 95 9 142 81 206 179 186 7 38 18 20 151 45 146 237 92 91 106 49 3 19 65 78 25 184 29 116 36 131 79 12 26 168 208 94 173 247 171 214 201 4 87 54 250 57 27 130 119 167 145 5 39 165 102 157 47 224 221 196 61 32 251 209 147 31 13 118 41 114 70 73 150 50 177 128 80 16 228 212 76 96 162 72 136 105 252 153 163 255 97 144 234 1 103 115 43 132 249 93 227 210 68 220 24 69 254 194 67 109 64 170 193 222 48 215 83 100 182 200 176 33 126 107 111 138 53 204 236 226 152 143 28 124 51 30 15 172 225 191 71 139 217 180 129 240 135 160 34 198 89 8 88 84 245 231 149 110 21 192 190 42 158 197 141 239 181 169 58 82 133 205 6 63 199 52 238 243 40 230 60 218 244 113 183 233 22
120 235 162 6 160 79 71 244 198 99 130 12 35 242 53 149 98 131 100 73 107 29 8 28 236 231 61 183 32 18 43 243 164 57 119 251 40 129 91 158 187 225 121 203 68 163 239 114 11 50 63 227 182 237 66 181 7 253 224 202 74 48 24 69 54 216 58 252 139 45 34 14 117 85 46 51 23 59 161 84 222 168 186 210 67 230 213 217 102 144 165 175 41 132 20 126 123 0 155 190 116 5 201 112 134 145 135 27 55 104 228 148 156 170 1 150 4 189 185 245 17 88 152 81 133 176 47 192 30 220 90 137 124 180 238 143 197 3 44 250 167 115 92 169 37 56 49 184 86 42 234 146 96 232 226 229 194 9 207 195 95 65 204 60 147 154 200 128 38 240 22 101 113 166 21 19 78 141 140 223 159 125 205 214 109 110 241 64 178 218 76 209 142 247 80 233 26 248 94 52 193 219 151 93 191 172 97 72 87 89 2 77 246 83 199 13 171 153 221 39 111 15 208 70 249 10 118 33 127 255 215 174 138 188 62 25 196 136 254 211 75 105 122 179 31 82 16 106 206 212 103 177 108 173 157 36
22 230 9 186 165 185 138 133 218 85 189 175 200 145 66 214 21 153 197 31 248 60 89 127 23 105 225 65 141 16 168 207 220 129 84 139 223 83 164 155 126 104 231 205 181 226 211 118 215 154 41 202 191 171 19 242 203 208 180 216 63 241 124 70 88 112 224 132 115 119 4 46 67 77 198 34 177 28 25 0 57 92 18 162 103 14 36 47 37 184 212 6 130 50 58 72 158 52 161 91 87 147 174 245 54 238 35 78 204 94 187 122 247 39 26 82 140 45 99 160 201 152 69 17 249 71 194 213 206 86 243 199 136 48 253 134 128 131 96 166 109 97 252 222 106 217 49 56 102 30 195 142 179 3 15 68 178 176 235 43 42 125 61 27 107 116 11 12 143 221 80 120 233 111 44 149 237 135 183 150 251 209 95 121 53 250 93 74 254 229 244 246 159 234 148 240 101 170 73 55 123 196 13 172 110 227 151 167 20 190 29 157 117 76 40 90 219 182 98 38 156 113 232 7 24 81 188 239 173 8 108 114 5 79 10 75 59 193 137 64 163 62 236 228 146 100 1 32 169 192 144 210 51 255 33 2
15 137 203 44 248 26 250 223 2 179 158 178 131 126 211 78 182 168 193 138 59 207 14 146 190 24 241 53 82 120 16 98 218 58 134 9 161 200 213 122 77 132 216 76 157 148 119 97 224 198 174 219 204 111 208 147 34 195 184 164 12 235 196 201 173 209 56 234 117 63 81 105 217 125 108 112 252 39 60 70 191 27 170 21 18 0 50 85 11 155 96 7 29 40 30 177 205 254 123 43 51 65 151 45 154 84 80 140 167 238 47 231 28 71 197 87 180 115 240 32 19 75 133 38 92 153 194 145 62 10 242 64 187 206 199 79 236 192 129 41 246 127 121 124 89 159 102 90 245 215 99 210 42 49 95 23 188 135 172 251 8 61 171 169 228 36 35 118 54 20 100 109 4 5 136 214 73 113 226 104 37 142 230 128 176 143 244 202 88 114 46 243 86 67 247 222 237 239 152 227 141 233 94 163 66 48 116 189 6 165 103 220 144 160 13 183 22 150 110 69 33 83 212 175 91 31 149 106 225 255 17 74 181 232 166 1 101 107 253 72 3 68 52 186 130 57 156 55 229 221 139 93 249 25 162 185
120 144 88 232 110 153 212 61 224 165 152 226 241 221 103 183 202 175 81 229 64 39 177 32 74 41 133 194 178 111 108 18 48 132 176 9 218 15 173 43 24 20 47 207 76 208 157 243 69 126 192 195 209 70 36 164 54 123 30 95 142 249 235 57 216 0 220 65 247 10 162 119 58 155 90 204 80 118 6 251 252 190 137 60 233 33 160 40 139 116 124 147 26 127 79 129 45 5 180 154 248 255 71 91 34 201 238 200 94 215 244 158 14 112 143 128 52 174 198 187 117 134 197 38 193 138 99 225 85 145 3 240 219 188 130 121 46 135 44 22 151 62 12 203 51 27 250 101 93 25 35 68 23 55 167 113 191 196 242 163 59 104 115 166 172 136 53 239 161 228 92 21 97 254 149 114 84 148 169 19 72 211 98 11 222 156 37 78 87 75 131 50 168 170 56 141 89 105 100 63 186 1 49 140 2 122 73 227 210 150 184 223 77 179 107 182 67 4 86 159 246 31 29 237 230 189 42 125 83 82 8 66 213 185 234 205 199 16 28 181 217 245 146 214 13 106 236 7 102 17 96 109 171 206 231 253
231 153 236 194 193 119 177 69 41 90 61 55 127 139 37 73 101 2 70 124 217 92 118 213 128 207 220 27 62 87 109 255 199 88 221 9 68 172 80 21 8 82 97 77 214 39 58 31 192 85 175 150 33 143 185 152 244 50 34 222 219 129 159 243 32 120 74 126 29 154 135 131 158 63 187 64 13 99 180 237 48 51 65 181 147 20 165 234 141 206 253 105 91 168 72 0 76 176 103 121 18 230 169 11 201 60 191 229 117 107 108 46 248 171 89 144 16 151 250 227 235 3 137 238 190 240 156 116 36 10 104 111 182 202 145 57 94 56 205 71 100 14 125 223 254 239 163 30 54 43 228 245 53 149 49 249 210 81 196 1 114 96 75 44 241 232 157 246 155 133 7 173 123 59 162 138 106 212 204 136 146 179 134 166 23 224 47 52 98 19 170 215 226 22 28 247 164 95 17 84 203 132 208 110 5 225 195 4 25 130 183 67 209 122 78 12 148 189 198 186 242 161 24 26 167 252 200 216 211 174 42 112 160 251 113 233 184 83 66 6 40 79 188 35 218 38 178 115 197 15 102 142 140 93 86 45
226 210 254 21 1 40 96 194 187 27 43 71 243 31 249 109 101 221 20 162 35 148 252 83 80 115 46 171 166 5 234 91 207 17 125 247 74 231 65 216 170 69 60 98 84 99 158 70 199 23 178 195 183 189 119 4 145 121 176 116 139 106 25 39 131 242 62 211 30 188 212 63 28 24 142 13 11 177 49 236 141 159 204 206 213 114 87 167 138 149 15 225 146 197 38 227 174 90 117 169 33 172 113 75 180 130 160 164 245 140 223 152 129 12 73 37 173 64 208 16 147 126 229 6 222 52 240 241 161 79 7 107 110 36 123 3 239 153 136 196 230 89 48 150 18 198 143 155 192 85 202 77 45 58 201 55 253 51 144 128 219 127 184 246 10 56 215 92 29 182 248 186 132 200 44 2 42 203 193 108 97 50 22 72 217 59 100 224 233 66 244 168 47 105 181 228 137 122 57 209 214 8 86 112 185 95 205 118 93 255 237 179 135 134 82 34 124 94 163 102 235 9 76 54 14 220 156 78 88 32 104 53 154 175 67 103 151 120 191 157 165 190 19 61 81 68 250 26 238 232 0 41 111 218 251 133
196 41 1 79 191 132 118 53 85 141 230 61 242 217 201 186 39 68 69 40 248 165 159 229 91 86 76 9 212 181 158 33 249 238 147 206 129 176 84 137 119 195 167 197 60 139 142 45 100 134 110 122 237 7 34 241 96 231 22 211 49 77 6 228 123 166 59 120 168 125 55 47 28 25 21 98 97 216 26 62 152 156 170 227 173 78 20 42 29 194 36 138 75 198 92 179 233 82 65 88 225 149 104 4 64 72 234 24 190 48 2 23 145 73 90 127 160 31 38 251 202 11 188 103 224 226 66 157 13 213 219 71 245 5 222 50 16 136 204 177 95 44 35 140 30 54 128 169 148 153 89 115 146 109 250 101 32 255 182 253 112 236 19 111 174 183 57 108 240 116 8 144 87 3 83 150 130 215 193 99 43 143 178 117 199 192 210 131 232 80 93 209 106 200 18 243 113 162 172 15 171 223 114 189 154 235 185 254 218 102 14 12 163 67 247 187 70 203 214 17 151 107 27 184 56 155 175 63 207 105 52 94 133 205 46 239 126 58 74 124 37 121 161 135 244 51 220 208 0 81 221 180 246 10 164 252
128 164 86 83 58 178 149 113 71 9 148 130 235 158 231 187 190 12 167 39 245 197 133 90 74 193 213 24 189 253 222 114 15 25 117 214 6 96 118 220 232 160 249 111 210 89 72 185 82 141 186 116 56 184 226 181 32 55 84 165 77 200 217 44 62 38 150 243 224 228 255 170 66 98 88 14 5 145 241 168 147 132 34 87 53 188 1 79 42 246 102 252 22 151 60 206 125 205 201 107 93 11 227 138 54 52 159 20 59 3 101 43 31 175 199 250 67 123 180 61 169 100 105 157 92 177 80 106 230 45 95 139 176 64 97 108 194 57 10 81 218 192 85 115 75 94 254 37 238 50 91 16 221 242 207 36 225 154 21 244 110 104 179 239 152 240 161 69 173 234 229 191 183 237 47 40 49 202 119 26 140 17 23 51 28 215 216 251 134 203 78 172 131 103 2 65 0 73 18 127 163 212 126 4 198 68 41 48 124 155 135 137 13 162 8 99 209 208 223 166 120 136 182 195 142 46 146 233 153 248 196 129 143 30 70 211 35 109 33 76 63 121 204 171 112 174 144 247 236 29 7 122 156 27 219 19
212 247 41 210 88 27 152 125 132 208 239 219 221 97 246 92 183 38 37 52 250 204 220 11 24 226 130 230 62 237 77 25 213 227 114 154 40 119 193 117 160 147 205 33 255 196 3 228 76 65 113 91 206 240 111 48 103 248 170 167 142 7 233 197 155 93 232 214 64 242 60 16 19 96 251 123 74 26 217 174 158 22 42 108 18 82 51 198 99 109 201 43 90 180 202 49 61 244 78 195 39 173 156 14 166 225 15 200 140 13 55 10 116 139 168 249 161 29 46 128 146 122 234 72 53 57 84 254 150 182 172 98 89 229 70 252 231 216 118 171 137 17 85 163 126 75 186 81 106 235 144 35 209 34 30 191 177 95 56 222 138 136 243 104 143 87 185 127 115 4 28 79 151 207 9 145 253 184 189 241 176 6 164 190 59 129 179 223 5 148 181 192 23 141 94 165 47 21 169 199 159 178 83 121 67 134 175 100 50 71 36 120 54 238 105 73 194 188 8 68 236 69 245 153 2 63 58 20 12 66 131 124 133 31 203 110 224 101 107 135 112 44 45 80 218 32 162 1 215 187 86 149 0 157 102 211
118 160 56 88 78 4 250 135 231 158 137 122 24 77 43 178 246 69 32 236 92 242 12 141 50 196 115 195 191 97 83 1 217 128 44 42 149 10 49 248 91 33 21 165 189 240 57 113 170 51 159 90 95 147 82 167 70 96 220 35 85 129 166 54 87 98 184 47 255 71 208 182 75 105 65 84 244 27 228 40 81 6 211 232 197 26 215 144 11 234 100 94 169 229 142 230 151 59 163 224 219 181 173 227 37 30 39 192 109 16 130 7 13 41 18 205 206 241 124 193 68 162 121 93 247 55 0 63 8 117 153 202 116 249 188 58 31 38 114 145 125 127 3 152 253 89 199 198 213 156 110 126 172 185 132 36 136 223 143 238 186 119 133 20 60 201 25 99 23 66 53 111 194 161 102 164 134 237 226 19 252 112 146 17 209 9 154 76 73 48 168 139 103 61 254 138 120 225 148 221 177 180 2 157 29 235 187 123 80 64 183 203 14 179 243 212 104 5 15 107 204 251 86 108 210 222 150 239 101 200 79 62 175 72 131 176 106 46 174 216 171 22 45 74 155 67 190 207 34 52 28 140 233 214 218 245
203 18 116 199 210 88 83 29 43 195 2 217 221 228 16 218 145 110 108 138 24 187 219 56 82 231 39 239 158 253 188 84 205 233 7 87 114 17 165 13 99 73 189 100 34 171 40 235 186 164 5 216 191 4 1 130 240 20 119 113 63 48 245 173 89 220 243 207 162 8 154 66 72 226 26 25 182 86 213 127 95 78 118 250 70 198 136 175 232 252 181 120 214 139 183 132 156 12 190 169 112 125 91 62 111 229 64 179 59 60 144 54 11 57 115 22 101 92 126 35 71 23 247 178 140 148 202 32 79 143 123 230 212 237 174 28 241 211 15 121 53 68 204 105 31 184 151 196 246 249 67 104 197 102 94 161 133 224 146 223 55 51 10 242 65 208 149 33 9 42 90 192 81 193 52 69 30 147 157 6 131 46 107 159 152 37 137 225 44 75 141 163 80 61 222 109 128 76 117 177 97 135 200 21 168 47 129 234 134 176 106 19 142 255 244 180 167 155 50 170 251 172 14 85 38 160 150 74 58 166 41 27 45 96 185 254 227 236 248 49 3 122 124 194 215 98 103 36 209 153 206 77 0 93 238 201
227 219 241 252 242 134 162 211 80 255 8 22 108 2 111 41 37 97 124 195 4 188 240 28 154 44 137 72 197 244 231 32 90 250 49 110 151 102 19 222 199 21 144 163 156 36 193 149 86 253 203 84 78 81 46 116 59 47 202 172 56 167 254 6 52 235 145 92 129 208 220 18 128 126 185 248 247 75 11 232 57 66 216 217 93 171 30 70 183 61 249 99 187 85 133 100 201 159 45 71 3 200 43 24 204 179 194 196 109 184 98 190 51 120 23 5 73 146 218 122 60 177 101 117 225 140 234 107 67 26 245 40 169 132 48 243 106 63 182 212 229 31 138 189 123 213 58 64 210 29 215 25 9 143 87 14 113 12 186 178 96 50 206 237 119 142 94 160 1 205 238 207 180 214 136 115 135 88 83 168 35 139 125 150 95 16 164 226 103 147 236 198 10 39 77 228 55 175 15 91 221 118 157 170 79 34 89 173 33 114 105 76 54 181 155 131 176 161 68 165 104 246 152 141 121 224 192 153 158 130 166 13 191 74 20 38 62 174 82 65 69 209 251 17 27 148 239 127 233 230 0 7 42 223 112 53
85 121 237 250 162 2 61 60 3 43 74 107 158 52 136 214 103 40 171 200 64 96 196 22 190 15 218 181 50 133 109 0 110 135 53 185 223 21 197 30 205 106 75 212 184 54 118 230 153 70 177 127 95 65 26 84 86 28 189 23 11 151 130 120 100 221 117 55 9 14 191 169 242 105 206 45 116 222 186 83 27 87 68 226 232 38 148 216 168 192 167 217 16 175 140 155 247 115 46 102 215 149 194 25 66 188 29 198 58 42 4 253 245 144 142 125 255 72 252 5 33 147 39 104 243 32 6 81 20 224 98 89 132 51 159 112 78 124 143 246 156 211 76 92 161 251 73 44 207 249 238 94 128 202 13 10 24 195 97 225 69 154 141 145 80 7 229 119 131 90 183 213 137 48 235 220 101 47 138 36 18 228 8 56 204 31 244 254 126 178 240 166 193 150 12 203 57 199 172 165 241 170 41 59 62 164 173 180 219 236 122 209 114 248 208 123 79 146 34 234 49 182 91 77 113 210 157 108 134 111 160 93 239 179 174 17 37 233 35 139 176 71 1 163 63 201 129 152 231 227 19 82 187 67 88 99
191 103 114 235 190 111 162 3 192 139 55 82 134 253 137 78 40 145 95 125 129 210 105 188 117 94 232 38 2 138 29 173 236 112 91 194 226 187 17 205 206 126 44 227 72 75 1 88 223 204 118 101 161 195 54 13 115 238 163 108 120 157 50 167 42 10 23 166 20 218 16 109 93 184 92 149 211 230 21 180 57 249 147 213 151 97 165 9 222 7 168 158 73 62 15 242 37 182 24 65 189 198 31 209 133 12 70 146 193 102 87 22 174 179 228 51 77 150 60 170 83 58 220 202 144 100 99 47 254 89 59 128 67 200 229 41 19 234 185 121 43 53 252 69 18 119 140 32 68 116 85 156 122 130 155 239 26 46 33 215 246 203 197 0 6 76 183 216 98 175 219 241 221 5 61 159 152 247 8 36 208 251 214 74 66 186 240 127 255 113 217 48 45 80 11 136 131 225 199 56 172 237 90 212 39 196 30 181 135 34 25 63 49 64 123 35 164 243 143 160 148 154 84 224 110 86 141 81 104 71 245 4 96 207 27 176 250 153 177 28 248 244 107 233 231 142 14 201 106 124 169 171 178 79 52 132
3 128 75 26 52 29 78 11 157 97 92 190 210 151 208 57 94 244 174 81 236 119 47 70 149 145 192 255 105 240 6 17 39 155 168 80 175 234 233 176 216 247 25 76 225 54 132 21 213 89 118 237 14 114 195 108 188 136 99 223 51 27 0 28 53 226 103 141 194 115 203 123 24 248 130 102 227 36 148 71 243 95 45 13 238 199 2 4 201 107 196 184 69 48 38 18 139 35 228 182 187 109 87 160 23 124 218 34 140 104 1 200 5 241 144 150 211 66 134 86 110 85 135 189 93 58 73 165 33 219 20 133 67 112 198 239 106 202 116 231 215 177 171 163 62 60 43 173 245 170 178 206 65 212 22 161 205 179 254 193 142 16 7 50 224 77 30 251 42 61 164 74 129 249 10 79 169 246 217 125 167 156 12 46 120 186 183 197 113 15 143 242 72 59 63 253 180 147 37 49 8 101 131 55 221 153 138 19 220 56 209 191 146 181 229 122 204 162 172 44 96 158 84 111 68 185 121 230 117 90 83 159 88 214 232 235 82 91 98 137 154 40 127 32 166 126 41 252 64 207 152 222 100 9 250 31
240 107 28 179 224 235 31 37 1 173 104 26 93 212 141 217 119 14 234 204 13 34 139 192 76 218 131 87 21 157 198 207 195 251 170 33 35 176 6 209 225 220 183 51 121 169 5 122 242 193 92 75 15 49 88 197 44 227 47 187 124 206 24 111 151 149 102 95 54 162 245 203 202 128 186 78 50 99 70 64 136 148 46 82 110 11 79 133 226 101 127 222 137 216 229 36 71 96 118 9 208 97 230 18 77 181 89 30 17 91 106 86 223 48 67 40 201 94 184 159 42 152 194 161 253 59 43 231 228 138 168 252 41 129 83 135 38 163 144 140 167 72 196 73 22 108 189 246 57 60 74 190 156 29 174 243 150 215 7 114 100 177 81 0 85 185 112 130 27 239 178 20 210 69 200 238 126 116 117 55 2 180 98 153 25 160 4 236 244 12 146 247 199 249 165 125 45 19 113 120 191 211 154 66 103 65 214 80 109 23 134 232 8 248 172 39 63 52 237 254 62 158 58 3 219 90 205 10 123 105 84 53 250 241 166 255 164 142 16 182 132 68 171 147 115 221 213 145 155 188 143 175 32 233 56 61
65 76 250 113 115 1 86 34 50 45 8 131 201 249 85 202 67 18 172 155 95 129 168 22 124 52 127 12 204 31 104 191 231 229 182 175 134 242 70 28 27 208 11 158 130 179 150 144 216 228 126 162 190 91 159 213 51 181 207 47 217 41 54 116 151 176 198 89 33 177 55 98 157 6 169 110 97 171 186 166 48 128 147 120 26 174 9 239 122 232 19 241 78 139 123 56 53 218 248 77 121 209 163 215 118 243 224 220 247 152 21 153 102 188 14 71 137 140 154 15 236 109 254 68 230 40 87 194 180 2 161 0 165 10 192 210 107 64 3 100 35 149 25 63 206 196 197 135 82 5 178 233 105 240 84 61 69 92 226 72 24 74 245 205 125 99 193 200 16 36 234 146 183 145 39 160 189 103 214 57 88 73 252 119 143 132 62 79 142 238 138 83 44 170 30 90 203 185 164 133 75 66 246 80 244 222 96 7 212 148 251 227 195 46 38 225 235 13 223 255 112 58 136 141 187 108 4 49 60 111 117 81 253 184 106 173 37 221 42 199 94 59 29 93 114 219 17 156 43 211 167 101 237 23 32 20
156 124 212 1 216 39 151 92 78 13 45 101 190 21 202 177 161 146 254 28 29 255 208 125 119 189 51 46 36 224 172 141 118 248 209 198 107 166 89 136 44 97 79 155 127 157 20 99 102 5 60 94 70 82 197 222 249 201 56 191 237 171 9 37 221 188 83 126 19 80 128 85 15 7 243 240 236 58 57 176 241 22 112 116 130 187 133 38 235 2 244 154 251 98 35 158 52 139 193 42 25 48 185 109 64 219 24 32 194 239 150 8 217 238 105 33 50 87 120 246 253 211 162 226 148 63 184 186 26 117 228 173 179 31 205 220 182 10 231 96 164 137 55 4 250 100 245 14 88 129 108 113 49 75 106 69 210 61 247 215 142 213 72 196 234 71 134 143 17 68 200 76 223 104 47 218 43 110 90 175 153 59 3 103 138 77 159 152 170 91 192 40 53 169 66 160 233 203 73 122 132 230 131 183 74 149 114 195 145 214 178 62 229 227 123 27 207 147 30 163 174 232 111 67 242 144 16 115 135 23 167 65 12 54 93 165 6 199 86 18 34 84 252 81 121 95 204 11 180 168 0 41 181 140 206 225
254 162 60 96 124 25 93 147 240 115 141 236 151 230 243 50 85 110 132 23 222 111 244 32 91 195 103 44 31 105 120 100 237 62 81 54 215 108 198 173 56 166 208 175 12 73 57 245 242 152 182 11 55 143 97 149 52 177 158 154 181 86 210 87 36 122 203 5 71 74 88 204 170 43 188 2 164 229 21 128 114 191 95 0 99 199 126 144 41 253 192 34 224 83 214 252 140 130 131 69 16 194 112 167 39 174 18 250 3 26 160 6 213 8 179 139 59 33 127 134 205 225 168 80 117 79 228 94 123 37 148 246 22 7 186 53 77 66 251 13 76 172 72 17 233 104 219 24 137 119 98 67 9 255 180 14 178 156 30 196 146 82 185 161 129 235 227 159 169 202 157 189 46 247 70 75 121 42 193 238 249 45 51 15 187 118 40 107 226 155 231 133 28 248 218 27 48 153 206 90 232 145 101 35 171 212 221 209 10 184 47 49 190 20 223 239 234 197 65 135 183 19 136 1 207 106 89 29 63 102 211 58 241 61 201 138 220 38 125 165 163 116 109 68 176 4 217 216 142 200 92 64 113 84 78 150
187 65 36 14 141 115 91 136 121 28 125 64 206 112 101 81 184 152 113 118 90 126 228 151 34 235 253 22 134 42 25 29 169 211 232 242 108 199 87 193 190 0 222 2 183 72 13 179 201 212 202 94 122 171 40 215 223 237 68 217 71 1 252 57 84 155 219 148 200 243 114 4 97 32 157 204 191 247 50 210 9 70 111 62 234 182 159 236 104 123 116 251 153 109 46 213 163 44 38 41 6 76 19 7 162 132 16 127 214 221 12 195 105 52 89 168 180 233 88 86 145 208 207 35 226 192 17 26 176 177 53 131 245 30 143 21 209 59 147 45 93 60 161 119 5 31 218 160 3 239 164 139 154 156 69 144 58 150 11 80 238 220 33 106 178 82 20 137 61 77 185 100 194 67 27 241 205 255 129 92 8 203 66 23 142 172 189 246 98 149 83 173 18 24 170 244 175 240 224 103 47 229 73 227 146 138 56 10 166 197 79 102 54 120 216 165 198 167 140 174 96 75 95 48 43 128 250 99 85 110 55 231 124 186 63 107 196 158 225 254 37 188 15 135 230 51 181 78 117 130 39 249 49 133 248 74
9 189 203 119 21 149 248 78 65 69 4 186 153 43 55 14 107 137 61 227 159 144 25 226 62 215 197 152 187 235 128 210 168 178 50 102 164 90 117 74 191 127 236 123 96 89 165 94 220 238 241 88 97 104 143 160 46 133 38 172 132 47 3 70 213 158 228 106 15 1 37 134 81 32 58 35 84 17 163 103 98 196 216 157 214 63 100 250 180 87 242 125 53 76 155 151 198 6 111 246 12 23 45 161 174 86 181 240 239 182 222 253 31 82 231 60 138 27 219 95 124 243 20 120 201 114 194 142 105 229 57 33 0 34 59 232 109 147 200 121 209 129 30 254 136 108 233 42 154 77 249 101 51 19 244 205 8 10 207 113 202 190 75 54 44 24 145 41 234 188 193 115 93 166 29 130 224 40 146 110 7 206 11 247 150 156 217 72 140 92 116 91 141 195 99 64 79 171 39 225 26 139 73 118 204 245 112 208 122 237 221 183 177 169 68 66 49 179 251 176 184 212 71 218 28 167 211 185 5 199 148 22 13 56 230 83 36 2 48 67 170 80 135 255 16 85 175 252 223 131 173 162 18 52 126 192
118 60 252 120 14 101 155 4 242 10 147 71 26 181 241 249 156 201 112 225 179 200 67 250 12 49 82 208 215 173 124 188 110 25 146 148 243 79 190 135 141 248 167 182 144 227 193 58 126 99 17 221 212 62 207 231 50 91 70 75 11 37 68 31 172 23 209 177 104 175 34 158 196 33 96 105 234 30 162 38 185 66 9 180 5 72 52 137 115 21 220 65 100 39 121 114 132 53 154 2 15 131 28 122 195 165 35 84 94 192 93 145 36 111 76 157 107 176 140 24 191 189 85 244 169 109 247 125 136 194 73 29 204 106 233 77 97 240 129 27 229 16 55 127 223 161 48 235 251 46 214 43 83 57 166 228 142 130 0 3 143 102 168 187 86 174 218 178 1 113 54 40 230 7 63 152 238 164 139 123 108 216 245 246 217 170 87 81 151 13 8 253 186 134 103 80 210 171 160 69 128 51 98 6 59 41 117 89 119 237 61 64 222 22 56 32 44 159 184 211 163 18 153 199 133 226 254 183 150 45 88 236 42 90 47 232 224 205 202 198 20 19 138 203 239 74 78 92 149 95 255 197 219 206 116 213
211 71 56 253 181 97 228 251 215 170 16 162 74 80 234 34 33 190 94 221 135 103 86 126 3 78 206 144 183 240 5 189 128 222 147 191 140 164 20 198 177 120 133 99 70 119 237 72 187 67 68 152 62 19 65 123 30 109 100 134 43 79 31 255 186 148 156 210 40 87 151 131 238 220 245 182 36 249 219 23 129 61 76 212 113 39 192 159 204 254 2 75 112 205 110 102 169 141 232 154 231 63 59 18 250 73 216 157 41 17 50 98 200 89 201 60 77 38 155 165 14 139 54 115 167 160 45 145 233 52 83 149 171 88 69 230 117 136 84 125 185 105 143 208 29 176 55 137 242 142 184 114 27 150 8 252 188 175 163 58 178 4 180 22 93 46 168 158 82 66 174 49 35 53 104 193 7 235 244 1 57 11 130 132 202 223 106 111 44 217 161 214 85 0 101 246 209 26 124 207 218 96 91 37 51 203 10 225 229 236 24 226 153 118 116 146 32 195 227 64 90 239 47 247 166 6 196 92 213 241 15 95 122 25 173 21 107 81 197 108 42 179 48 243 194 172 13 224 199 12 9 138 248 28 127 121
78 140 195 24 139 220 211 182 160 32 6 237 27 12 174 16 210 97 3 247 227 75 43 4 9 236 17 119 42 180 126 144 168 25 188 171 175 60 102 123 133 254 90 233 84 81 0 113 148 74 218 159 70 92 103 93 240 13 62 186 106 114 128 214 108 217 147 143 203 230 46 110 39 91 134 5 150 243 178 48 95 82 138 196 101 155 216 2 208 125 73 50 127 250 14 7 142 44 255 192 104 54 190 184 187 152 222 165 153 53 23 162 18 105 112 158 86 251 198 235 59 71 124 234 232 36 99 98 181 117 83 163 172 67 68 199 22 136 176 34 167 100 205 38 191 239 206 52 10 151 177 109 51 149 130 55 30 45 47 215 35 204 41 157 226 129 111 179 252 69 228 166 28 207 223 76 246 85 213 173 132 96 146 20 238 154 94 212 169 33 63 80 137 244 40 229 64 164 170 61 135 66 131 115 249 193 120 219 118 37 29 202 156 57 88 225 248 200 11 107 56 89 58 31 65 242 221 241 194 189 19 141 245 231 1 201 122 15 77 209 253 87 49 116 145 183 79 161 26 121 197 72 224 8 21 185
79 65 250 157 57 195 123 146 225 221 13 76 181 61 82 93 115 231 244 156 251 55 54 252 37 68 101 152 46 130 208 97 34 165 194 58 90 190 16 184 9 212 175 44 127 103 0 104 129 47 179 217 15 191 24 199 100 69 206 178 48 112 224 147 64 171 121 89 59 20 78 80 22 183 17 5 145 124 114 94 215 111 49 3 8 185 163 236 99 200 39 110 216 180 77 21 81 62 220 226 32 142 210 162 186 161 211 10 169 134 149 241 109 40 96 209 143 188 19 60 182 23 192 52 36 253 247 239 138 136 119 249 66 246 254 27 141 33 98 237 26 255 75 14 218 92 83 126 45 153 106 72 118 137 240 150 205 70 86 155 245 67 38 201 243 232 88 122 196 7 4 18 189 91 219 63 148 135 139 74 1 223 113 125 84 177 207 131 42 229 214 95 41 132 30 12 222 2 50 198 25 238 248 120 172 234 160 187 144 6 197 51 193 166 159 235 164 35 53 56 158 167 174 213 230 116 203 108 242 202 117 73 140 28 228 43 176 85 71 107 204 151 102 128 105 154 87 233 173 168 11 31 227 29 133 170
216 192 12 72 240 73 249 157 6 67 62 24 16 70 135 128 137 35 207 114 228 105 111 139 116 48 49 84 222 36 166 5 219 191 90 153 0 161 106 215 251 45 214 92 31 156 129 136 212 243 223 225 101 250 96 187 42 41 56 254 208 224 15 28 230 134 234 66 241 81 29 217 231 118 158 44 123 197 121 164 151 209 37 4 200 7 232 80 69 117 95 210 244 115 52 107 252 174 171 146 11 237 201 159 97 236 218 68 246 64 20 23 100 255 127 78 30 221 178 162 26 46 112 22 86 55 202 103 113 205 47 94 184 206 53 65 248 82 199 43 177 160 18 170 229 19 204 144 17 59 14 120 143 172 253 165 33 50 132 150 126 238 76 57 61 88 3 154 186 176 102 93 233 74 1 235 220 122 175 141 21 89 167 130 79 190 85 110 239 148 39 213 38 34 195 181 99 60 226 142 140 247 108 147 91 189 131 119 8 32 83 155 211 13 149 2 188 193 245 180 10 168 194 63 133 183 227 9 152 185 196 27 145 98 169 51 25 173 203 163 182 87 125 71 138 179 104 54 75 40 124 58 242 109 77 198
176 113 175 52 96 185 147 214 243 26 177 4 124 219 40 170 67 106 119 28 238 38 122 237 63 54 25 3 130 104 80 125 110 17 114 53 195 101 90 70 173 141 102 107 79 115 217 140 23 224 242 11 123 31 14 18 158 200 221 231 97 188 76 182 179 0 211 246 172 61 2 168 190 201 191 83 111 160 29 204 212 226 57 206 60 245 241 46 73 144 208 137 189 232 103 248 86 21 146 193 180 236 39 199 253 59 100 51 223 171 148 225 93 112 105 240 142 98 35 202 152 33 27 30 250 65 8 251 151 121 5 116 203 210 1 184 94 41 78 157 169 222 77 75 134 197 196 24 215 181 6 15 165 166 42 120 234 19 132 10 198 48 136 34 82 49 150 108 249 20 207 149 247 228 153 128 143 145 58 133 47 139 255 69 227 209 22 95 167 71 9 126 50 66 174 89 183 56 16 230 194 244 118 81 252 192 55 12 131 161 178 235 87 138 72 162 7 13 159 233 164 229 213 92 36 218 62 216 135 127 45 254 155 186 68 91 43 109 205 154 187 156 129 163 85 64 84 37 32 117 239 88 74 99 44 220
0 60 61 62 63 64 65 66 67 68 69 70 71 72 73 74 75 76 77 78 79 80 81 82 83 84 85 86 87 88 89 90 91 92 93 94 95 96 97 98 99 100 101 102 103 104 105 106 107 108 109 110 111 112 113 114 115 116 117 118 119 120 121 122 123 124 125 126 127 128 129 130 131 132 133 134 135 136 137 138 139 140 141 142 143 144 145 146 147 148 149 150 151 152 153 154 155 156 157 158 159 160 161 162 163 164 165 166 167 168 169 170 171 172 173 174 175 176 177 178 179 180 181 182 183 184 185 186 187 188 189 190 191 192 193 194 195 196 197 198 199 200 201 202 203 204 205 206 207 208 209 210 211 212 213 214 215 216 217 218 219 220 221 222 223 224 225 226 227 228 229 230 231 232 233 234 235 236 237 238 239 240 241 242 243 244 245 246 247 248 249 250 251 252 253 254 255 1 2 3 4 5 6 7 8 9 10 11 12 13 14 15 16 17 18 19 20 21 22 23 24 25 26 27 28 29 30 31 32 33 34 35 36 37 38 39 40 41 42 43 44 45 46 47 48 49 50 51 52 53 54 55 56 57 58 59
145 98 21 252 22 235 215 175 162 209 85 248 3 102 58 204 185 132 65 207 164 92 141 29 149 111 172 184 51 16 152 56 104 54 154 7 70 255 30 214 205 67 179 150 18 108 25 107 96 33 116 91 59 238 226 210 8 4 225 230 119 224 240 41 14 53 183 206 39 242 137 15 168 171 153 239 77 38 199 131 223 6 212 32 142 127 159 42 222 121 63 134 218 196 163 231 124 1 250 23 110 169 170 113 28 2 10 135 244 178 213 237 155 86 146 249 71 190 160 177 69 251 47 11 176 246 87 128 37 208 228 227 76 200 52 106 20 254 126 89 118 64 50 202 60 57 93 99 48 66 80 158 192 219 138 203 216 136 221 133 12 43 188 73 84 157 129 201 140 34 191 243 197 40 161 198 78 68 9 49 186 45 253 72 117 232 46 101 122 233 24 182 174 13 139 94 109 151 173 217 194 220 44 234 97 95 236 61 123 189 36 79 247 148 181 55 62 120 103 167 112 19 100 5 156 82 75 241 193 0 195 245 81 90 166 17 114 35 130 187 125 144 88 83 211 180 26 115 74 229 165 105 27 143 147 31
58 223 135 230 34 33 231 16 47 80 131 25 109 187 76 13 144 173 37 69 169 250 163 243 191 154 23 106 82 0 83 108 26 158 196 249 170 3 178 79 48 185 157 27 91 203 126 43 150 100 68 38 254 57 59 1 162 251 239 124 103 93 73 194 90 28 237 242 164 142 215 78 179 18 89 195 159 56 255 60 41 199 205 11 121 189 141 165 140 190 244 148 113 128 220 88 19 75 188 122 167 253 39 161 2 171 31 15 232 226 218 117 115 98 228 45 225 233 6 120 12 77 216 5 234 54 248 197 71 62 105 24 132 85 51 97 116 219 129 184 49 65 134 224 46 17 180 222 211 67 101 175 241 238 252 168 70 198 42 127 114 118 53 235 202 92 104 63 156 186 110 21 208 193 74 20 111 9 246 201 236 29 177 4 217 227 99 151 213 139 166 123 240 176 30 172 145 138 214 143 14 32 35 137 146 153 192 209 95 182 87 221 181 96 52 119 7 207 22 155 64 50 86 183 130 81 107 84 133 66 212 152 147 245 10 206 8 112 149 44 229 136 36 174 102 125 204 200 247 55 160 40 61 72 94 210
107 132 122 14 42 91 215 135 143 157 243 137 246 176 172 232 4 75 139 68 120 163 34 179 17 207 77 124 111 167 225 130 184 245 31 237 154 102 79 156 24 43 36 171 73 29 221 133 83 219 213 216 181 251 194 182 82 52 191 47 134 141 187 115 25 227 9 88 100 153 8 6 65 128 127 210 146 112 192 201 96 97 228 51 165 205 63 196 129 234 67 220 13 235 81 39 180 206 138 80 178 159 84 59 74 76 244 64 233 70 186 255 158 140 208 26 98 2 195 57 236 252 105 20 114 242 202 161 125 175 49 12 183 123 241 198 62 92 109 166 18 69 3 93 193 199 90 164 95 160 144 23 222 149 248 147 66 58 231 185 86 117 254 22 229 40 136 85 118 87 60 94 16 250 15 223 218 48 170 19 5 30 230 151 44 106 238 27 116 78 145 174 212 108 190 55 150 226 101 253 37 50 214 169 224 53 168 249 240 211 189 61 35 11 56 41 203 45 239 126 32 21 1 104 72 33 38 10 46 148 71 209 155 173 197 54 217 200 204 89 131 152 162 28 119 7 113 110 0 142 177 103 247 188 99 121
55 122 201 197 244 52 157 37 58 69 91 207 220 132 227 31 30 228 13 44 77 128 22 106 184 73 10 141 170 34 66 166 247 160 240 188 151 20 103 79 0 80 105 23 155 193 246 167 255 175 76 45 182 154 24 88 200 123 40 147 97 65 35 251 54 56 253 159 248 236 121 100 90 70 191 87 25 234 239 161 139 212 75 176 15 86 192 156 53 252 57 38 196 202 8 118 186 138 162 137 187 241 145 110 125 217 85 16 72 185 119 164 250 36 158 254 168 28 12 229 223 215 114 112 95 225 42 222 230 3 117 9 74 213 2 231 51 245 194 68 59 102 21 129 82 48 94 113 216 126 181 46 62 131 221 43 14 177 219 208 64 98 172 238 235 249 165 67 195 39 124 111 115 50 232 199 89 101 60 153 183 107 18 205 190 71 17 108 6 243 198 233 26 174 1 214 224 96 148 210 136 163 120 237 173 27 169 142 135 211 140 11 29 32 134 143 150 189 206 92 179 84 218 178 93 49 116 4 204 19 152 61 47 83 180 127 78 104 81 130 63 209 149 144 242 7 203 5 109 146 41 226 133 33 171 99
180 190 72 95 47 113 209 158 191 160 133 167 89 68 88 41 36 121 243 92 78 103 48 224 117 179 56 100 189 151 218 247 30 181 8 128 223 44 174 71 110 123 32 242 42 126 241 67 58 29 7 134 108 84 129 114 21 118 57 199 105 94 74 177 145 106 111 83 119 221 144 27 228 246 15 127 35 18 22 162 204 225 235 101 192 80 186 183 0 215 250 176 65 6 172 194 205 195 87 115 164 33 208 216 230 61 210 64 249 245 50 77 148 212 141 193 236 107 252 90 25 150 197 184 240 43 203 2 63 104 55 227 175 152 229 97 116 109 244 146 102 39 206 156 37 31 34 254 69 12 255 155 125 9 120 207 214 5 188 98 45 82 161 173 226 81 79 138 201 200 28 219 185 10 19 169 170 46 124 238 23 136 14 202 52 140 38 86 53 154 112 253 24 211 153 251 232 157 132 147 149 62 137 51 143 4 73 231 213 26 99 171 75 13 130 54 70 178 93 187 60 20 234 198 248 122 85 1 196 59 16 135 165 182 239 91 142 76 166 11 17 163 237 168 233 217 96 40 222 66 220 139 131 49 3 159
118 16 161 46 57 130 102 174 113 7 164 216 170 13 134 171 51 41 237 22 159 18 226 45 90 205 19 74 95 206 252 155 147 241 112 67 82 124 146 190 167 193 17 207 70 68 209 34 96 162 9 52 220 121 154 28 35 93 76 140 85 247 73 233 129 55 48 214 166 0 168 218 54 63 139 245 87 8 103 160 98 117 61 56 184 153 254 88 47 202 138 78 255 116 120 4 71 249 225 250 208 188 148 135 182 58 221 231 75 31 177 158 105 38 180 137 65 114 2 122 84 145 157 24 244 125 29 77 27 127 235 43 228 3 187 178 40 152 123 246 81 253 80 69 6 89 64 32 211 199 183 236 232 198 203 92 197 213 14 242 26 156 179 12 215 110 243 141 144 126 212 50 11 172 104 196 234 185 5 115 100 132 15 195 94 36 107 191 169 136 204 97 229 223 251 83 142 143 86 1 230 238 108 217 151 186 210 128 59 119 222 44 163 133 150 42 224 20 239 149 219 60 101 10 181 201 200 49 173 25 79 248 227 99 62 91 37 23 175 33 30 66 72 21 39 53 131 165 192 111 176 189 109 194 106 240
58 194 90 28 237 242 164 142 215 78 179 18 89 195 159 56 255 60 41 199 205 11 121 189 141 165 140 190 244 148 113 128 220 88 19 75 188 122 167 253 39 161 2 171 31 15 232 226 218 117 115 98 228 45 225 233 6 120 12 77 216 5 234 54 248 197 71 62 105 24 132 85 51 97 116 219 129 184 49 65 134 224 46 17 180 222 211 67 101 175 241 238 252 168 70 198 42 127 114 118 53 235 202 92 104 63 156 186 110 21 208 193 74 20 111 9 246 201 236 29 177 4 217 227 99 151 213 139 166 123 240 176 30 172 145 138 214 143 14 32 35 137 146 153 192 209 95 182 87 221 181 96 52 119 7 207 22 155 64 50 86 183 130 81 107 84 133 66 212 152 147 245 10 206 8 112 149 44 229 136 36 174 102 125 204 200 247 55 160 40 61 72 94 210 223 135 230 34 33 231 16 47 80 131 25 109 187 76 13 144 173 37 69 169 250 163 243 191 154 23 106 82 0 83 108 26 158 196 249 170 3 178 79 48 185 157 27 91 203 126 43 150 100 68 38 254 57 59 1 162 251 239 124 103 93 73
37 38 235 141 230 218 103 82 72 52 173 69 7 216 221 143 121 194 57 158 252 68 174 138 35 234 39 20 178 184 245 100 168 120 144 119 169 223 127 92 107 199 67 253 54 167 101 146 232 18 140 236 150 10 249 211 205 197 96 94 77 207 24 204 212 240 99 246 56 195 239 213 33 227 176 50 41 84 3 111 64 30 76 95 198 108 163 28 44 113 203 25 251 159 201 190 46 80 154 220 217 231 147 49 177 21 106 93 97 32 214 181 71 83 42 135 165 89 255 187 172 53 254 90 243 225 180 215 8 156 238 196 206 78 130 192 118 145 102 219 155 9 151 124 117 193 122 248 11 14 116 125 132 171 188 74 161 66 200 160 75 31 98 241 186 1 134 43 29 65 162 109 60 86 63 112 45 191 131 126 224 244 185 242 91 128 23 208 115 15 153 81 104 183 179 226 34 139 19 40 51 73 189 202 114 209 13 12 210 250 26 59 110 4 88 166 55 247 123 152 16 48 148 229 142 222 170 133 2 85 61 0 62 87 5 137 175 228 149 237 157 58 27 164 136 6 70 182 105 22 129 79 47 17 233 36
163 35 36 7 215 132 126 196 58 53 43 231 179 148 125 255 216 205 114 173 96 143 51 104 86 162 134 164 27 106 109 12 67 101 77 89 204 229 1 208 63 198 244 178 16 44 228 195 90 133 26 87 135 92 22 14 250 247 243 65 64 183 248 29 119 123 137 194 140 45 242 9 251 161 3 105 42 165 59 146 200 49 32 55 192 116 71 226 31 39 201 246 157 15 224 245 112 40 57 94 127 253 5 218 169 233 155 70 191 193 33 124 235 180 186 38 212 227 189 17 238 103 171 144 62 11 2 107 252 21 95 136 115 120 56 82 113 76 217 68 254 222 149 220 79 203 241 78 141 150 24 75 207 83 230 111 54 225 50 117 97 182 160 66 10 110 145 84 166 159 177 98 199 47 60 176 73 167 240 210 80 129 139 237 138 190 81 156 121 202 152 221 185 69 236 234 130 34 214 154 37 170 181 239 118 74 249 151 23 122 142 30 174 72 19 61 100 172 13 206 93 25 41 91 4 88 128 102 211 18 187 175 0 48 188 147 213 232 131 219 8 223 46 158 99 85 20 52 108 197 28 209 184 168 153 6
211 128 186 169 233 178 85 166 71 222 148 141 52 4 0 6 56 147 156 232 83 180 101 196 253 191 210 154 149 22 246 92 181 140 40 231 171 93 209 213 97 164 87 63 88 46 26 241 228 20 151 59 69 168 124 15 251 198 131 18 230 158 207 95 215 177 238 250 117 82 218 122 170 120 220 73 136 66 96 25 16 133 245 216 84 174 91 173 162 99 182 157 125 49 37 21 74 70 36 41 185 35 51 107 80 119 249 17 105 53 203 81 234 237 219 50 143 104 10 197 34 72 23 98 208 193 225 108 33 187 129 200 29 7 229 42 190 67 61 89 176 235 236 179 94 68 76 201 55 244 24 48 221 152 212 60 137 1 226 243 135 62 113 77 242 57 153 194 103 19 39 38 142 11 118 172 86 65 192 155 184 130 116 13 126 123 159 165 114 132 146 224 3 30 204 14 27 202 32 199 78 109 254 139 150 223 195 12 206 100 2 54 8 106 227 9 144 134 75 115 252 111 64 138 183 43 112 167 188 44 90 248 240 79 205 160 175 217 239 28 5 31 110 45 163 161 47 127 189 255 102 145 58 214 247 121
17 234 109 70 59 223 27 205 252 160 213 195 16 243 18 136 215 218 121 176 210 186 198 58 83 110 62 172 52 98 32 125 153 82 49 199 242 135 196 244 201 131 123 104 101 97 174 173 37 102 138 228 232 246 48 249 154 96 118 105 15 112 214 151 19 168 255 54 158 141 164 46 225 180 80 140 148 55 100 11 124 78 99 221 149 166 203 236 107 114 72 23 87 9 179 45 47 142 233 89 34 40 147 66 81 43 126 92 212 25 253 171 120 111 216 106 130 204 245 224 229 165 191 222 185 71 177 108 76 3 74 188 57 95 187 250 4 133 184 61 192 84 220 163 79 159 226 206 36 14 175 119 219 254 193 20 13 31 207 53 156 169 30 182 21 94 64 189 238 248 91 247 44 190 10 230 56 6 75 39 178 90 88 239 143 68 8 146 24 35 93 227 183 103 5 132 231 251 139 28 181 128 170 209 26 122 60 202 134 150 200 113 197 237 211 65 127 41 29 0 157 42 1 67 86 240 73 117 77 155 12 208 194 129 161 217 51 137 63 38 22 7 115 144 145 116 69 241 235 50 167 162 152 85 33 2
230 211 21 129 251 78 235 69 220 174 73 64 102 88 103 162 74 203 27 182 199 187 193 123 8 149 125 180 120 143 110 29 43 135 246 66 215 34 192 216 67 32 28 146 17 15 181 53 240 145 163 208 210 217 118 91 171 142 153 19 229 150 201 42 231 178 94 121 173 37 176 117 79 184 134 164 168 249 144 227 156 133 16 77 41 177 68 212 20 151 130 233 10 226 56 244 245 165 83 11 111 114 40 127 7 243 157 140 200 234 93 52 154 22 202 147 159 196 89 206 81 49 62 205 59 2 55 148 132 223 131 188 250 14 60 219 96 33 186 252 190 136 204 48 6 46 207 197 112 101 54 26 76 221 63 104 228 237 70 248 172 51 109 185 232 141 126 61 213 218 12 90 116 189 99 209 122 97 4 241 183 139 138 86 38 128 98 167 106 239 13 80 58 18 224 160 82 92 36 108 57 158 179 71 107 155 124 195 161 169 194 23 65 85 72 254 30 242 236 0 45 115 222 255 137 214 3 25 5 44 100 198 191 31 47 75 247 35 253 113 105 225 24 166 39 152 1 87 84 119 50 175 170 9 238 95
66 59 137 142 188 109 5 50 61 112 118 82 254 185 107 174 38 222 43 200 95 60 30 94 115 220 18 157 44 212 168 102 238 24 33 21 77 251 114 116 2 87 35 51 46 9 132 202 250 86 203 68 19 173 156 96 130 169 23 125 53 128 13 205 32 105 192 232 230 183 176 135 243 71 29 28 209 12 159 131 180 151 145 217 229 127 163 191 92 160 214 52 182 208 48 218 42 55 117 152 177 199 90 34 178 56 99 158 7 170 111 98 172 187 167 49 129 148 121 27 175 10 240 123 233 20 242 79 140 124 57 54 219 249 78 122 210 164 216 119 244 225 221 248 153 22 154 103 189 15 72 138 141 155 16 237 110 255 69 231 41 88 195 181 3 162 0 166 11 193 211 108 65 4 101 36 150 26 64 207 197 198 136 83 6 179 234 106 241 85 62 70 93 227 73 25 75 246 206 126 100 194 201 17 37 235 147 184 146 40 161 190 104 215 58 89 74 253 120 144 133 63 80 143 239 139 84 45 171 31 91 204 186 165 134 76 67 247 81 245 223 97 8 213 149 252 228 196 47 39 226 236 14 224 1 113
248 108 35 134 33 207 199 117 71 227 3 140 163 115 181 22 226 4 228 201 235 157 136 156 109 104 189 56 160 146 171 116 37 185 247 124 168 2 219 31 60 98 249 76 196 36 112 242 139 178 191 100 55 110 194 54 135 126 97 75 202 176 152 197 182 89 186 125 12 173 162 142 245 213 174 179 151 187 34 212 95 41 59 83 195 103 86 90 230 17 38 48 169 5 148 254 251 0 28 63 244 133 74 240 7 18 8 155 183 232 101 21 29 43 129 23 132 62 58 118 145 216 25 209 6 49 175 65 158 93 218 10 252 53 111 16 70 131 172 123 40 243 220 42 165 184 177 57 214 170 107 19 224 105 99 102 67 137 80 68 223 193 77 188 20 27 73 1 166 113 150 229 241 39 149 147 206 14 13 96 32 253 78 87 237 238 114 192 51 91 204 82 15 120 208 106 154 121 222 180 66 92 24 221 64 45 225 200 215 217 130 205 119 211 72 141 44 26 94 167 239 143 81 198 122 138 246 161 255 128 88 47 11 61 190 153 69 9 127 84 203 233 250 52 159 210 144 234 79 85 231 50 236 46 30 164
119 144 26 103 147 169 149 188 244 87 80 175 191 219 136 179 142 2 249 114 168 55 183 41 145 231 228 8 194 64 59 153 127 239 100 165 18 140 222 124 213 109 63 217 208 246 232 247 51 218 92 171 71 88 76 82 12 152 38 14 69 9 32 254 173 187 24 135 210 104 178 81 105 211 176 172 35 161 159 70 197 129 34 52 97 99 106 7 235 60 31 42 163 118 39 90 186 120 67 238 10 62 181 65 6 223 73 23 53 57 138 33 116 45 22 160 221 185 66 212 101 164 40 19 122 154 115 200 133 134 54 227 155 255 3 184 16 151 132 46 29 89 123 237 196 43 166 91 36 48 85 233 95 225 193 206 94 203 146 199 37 21 112 20 77 139 158 204 108 240 177 75 141 79 25 93 192 150 190 96 86 1 245 198 170 220 110 207 248 117 126 214 137 61 195 253 74 121 30 15 205 102 107 156 234 5 78 243 98 11 241 148 130 72 28 27 230 182 17 242 56 250 128 157 224 202 162 113 49 226 236 180 252 201 47 68 215 251 44 13 84 50 58 83 167 209 229 216 143 174 131 125 0 189 4 111
145 227 89 99 203 73 243 49 101 94 234 79 167 241 17 83 105 22 3 164 51 70 18 59 119 39 77 142 218 110 244 71 176 76 118 48 216 84 197 186 122 109 97 247 112 193 114 211 27 235 102 92 16 255 108 238 224 242 38 127 196 169 178 190 246 200 64 66 136 157 40 45 233 151 95 148 19 0 35 180 143 215 58 141 152 30 25 226 240 137 199 159 163 170 213 160 87 52 50 80 221 129 161 253 24 173 236 181 100 195 130 26 147 175 204 29 56 214 107 210 41 15 131 42 231 113 237 177 128 106 202 158 133 201 198 72 182 217 61 55 5 245 187 115 31 162 185 149 104 205 96 8 14 168 223 222 124 28 155 69 37 20 60 192 12 140 78 117 174 194 123 62 156 81 125 74 98 209 132 111 54 67 33 4 53 171 6 121 1 2 86 251 208 254 57 219 43 34 68 232 13 220 189 120 82 90 144 229 21 85 65 172 154 179 116 225 183 153 212 63 250 10 146 47 228 126 93 138 188 191 9 46 139 44 36 103 75 166 88 165 252 248 207 184 7 150 91 230 206 239 32 134 23 135 249 11
168 250 129 112 225 122 181 226 156 96 224 11 221 72 95 124 205 117 240 2 84 102 78 190 28 9 13 40 210 106 138 128 54 45 185 26 208 187 172 74 127 93 228 41 119 82 31 142 37 62 191 100 246 165 245 241 147 133 51 12 178 94 92 199 60 99 43 141 83 71 215 239 35 107 163 220 101 209 140 145 197 132 217 120 146 15 85 135 179 216 104 137 148 234 97 50 121 3 232 125 155 115 134 39 77 23 90 131 56 6 27 247 76 10 194 61 29 150 144 219 24 192 25 201 109 213 19 14 231 223 22 87 80 89 242 159 66 180 57 63 91 68 255 1 36 174 243 118 212 171 143 42 105 0 113 58 167 203 252 166 44 238 108 81 88 164 195 175 177 53 202 48 139 249 248 8 206 160 176 222 235 182 86 186 18 193 33 236 169 183 70 110 251 75 149 73 116 103 161 244 211 152 214 184 32 21 69 47 162 196 67 4 59 204 126 123 98 218 189 153 111 49 188 170 20 198 16 227 230 52 207 79 30 237 173 130 114 233 253 64 229 38 7 154 55 65 157 254 46 136 158 5 17 200 34 151
248 119 44 239 122 255 11 69 203 159 79 236 108 207 227 115 4 157 104 146 185 2 98 36 178 110 126 176 89 173 213 187 41 103 17 5 0 133 18 232 43 62 216 49 93 53 131 243 184 170 105 137 193 27 113 39 14 253 238 91 120 121 92 45 217 211 26 143 138 128 61 9 233 210 85 46 35 199 3 181 228 136 189 171 247 219 249 112 191 194 97 152 186 162 174 34 59 86 38 148 28 74 8 101 129 58 25 175 218 111 172 220 177 107 99 80 77 73 150 149 13 78 114 204 208 222 24 225 130 72 94 81 246 88 190 127 250 144 231 30 134 117 140 22 201 156 56 116 124 31 76 242 100 54 75 197 125 142 179 212 83 90 48 254 63 240 155 21 23 118 209 65 10 16 123 42 57 19 102 68 188 1 229 147 96 87 192 82 106 180 221 200 205 141 167 198 161 47 153 84 52 234 50 164 33 71 163 226 235 109 160 37 168 60 196 139 55 135 202 182 12 245 151 95 195 230 169 251 244 7 183 29 132 145 6 158 252 70 40 165 214 224 67 223 20 166 241 206 32 237 51 15 154 66 64 215
111 199 245 148 140 234 105 60 75 117 139 183 160 186 10 200 63 61 202 27 89 155 2 45 213 114 147 21 28 86 69 133 78 240 66 226 122 48 41 207 159 0 161 211 47 56 132 238 80 1 96 153 91 110 54 49 177 146 247 81 40 195 131 71 248 109 113 252 64 242 218 243 201 181 141 128 175 51 214 224 68 24 170 151 98 31 173 130 58 107 250 115 77 138 150 17 237 118 22 70 20 120 228 36 221 251 180 171 33 145 116 239 74 246 73 62 254 82 57 25 204 192 176 229 225 191 196 85 190 206 7 235 19 149 172 5 208 103 236 134 137 119 205 43 4 165 97 189 227 178 253 108 93 125 8 188 87 29 100 184 162 129 197 90 222 216 244 76 135 136 79 249 223 231 101 210 144 179 203 121 52 112 215 37 156 126 143 35 217 13 232 142 212 53 94 3 174 194 193 42 166 18 72 241 220 92 55 84 30 16 168 26 23 59 65 14 32 46 124 158 185 104 169 182 102 187 99 233 9 154 39 50 123 95 167 106 255 157 209 163 6 127 164 44 34 230 15 152 11 219 38 83 198 12 67 88
66 117 152 177 199 90 34 178 56 99 158 7 170 111 98 172 187 167 49 129 148 121 27 175 10 240 123 233 20 242 79 140 124 57 54 219 249 78 122 210 164 216 119 244 225 221 248 153 22 154 103 189 15 72 138 141 155 16 237 110 255 69 231 41 88 195 181 3 162 0 166 11 193 211 108 65 4 101 36 150 26 64 207 197 198 136 83 6 179 234 106 241 85 62 70 93 227 73 25 75 246 206 126 100 194 201 17 37 235 147 184 146 40 161 190 104 215 58 89 74 253 120 144 133 63 80 143 239 139 84 45 171 31 91 204 186 165 134 76 67 247 81 245 223 97 8 213 149 252 228 196 47 39 226 236 14 224 1 113 59 137 142 188 109 5 50 61 112 118 82 254 185 107 174 38 222 43 200 95 60 30 94 115 220 18 157 44 212 168 102 238 24 33 21 77 251 114 116 2 87 35 51 46 9 132 202 250 86 203 68 19 173 156 96 130 169 23 125 53 128 13 205 32 105 192 232 230 183 176 135 243 71 29 28 209 12 159 131 180 151 145 217 229 127 163 191 92 160 214 52 182 208 48 218 42 55
204 162 134 225 147 224 56 52 11 243 66 209 150 34 10 43 91 193 82 194 53 70 31 148 158 7 132 47 108 160 153 38 138 226 45 76 142 164 81 62 223 110 129 77 118 178 98 136 201 22 169 48 130 235 135 177 107 20 143 1 245 181 168 156 51 171 252 173 15 86 39 161 151 75 59 167 42 28 46 97 186 255 228 237 249 50 4 123 125 195 216 99 104 37 210 154 207 78 0 94 239 202 19 117 200 211 89 84 30 44 196 3 218 222 229 17 219 146 111 109 139 25 188 220 57 83 232 40 240 159 254 189 85 206 234 8 88 115 18 166 14 100 74 190 101 35 172 41 236 187 165 6 217 192 5 2 131 241 21 120 114 64 49 246 174 90 221 244 208 163 9 155 67 73 227 27 26 183 87 214 128 96 79 119 251 71 199 137 176 233 253 182 121 215 140 184 133 157 13 191 170 113 126 92 63 112 230 65 180 60 61 145 55 12 58 116 23 102 93 127 36 72 24 248 179 141 149 203 33 80 144 124 231 213 238 175 29 242 212 16 122 54 69 205 106 32 185 152 197 247 250 68 105 198 103 95
251 141 249 164 3 131 91 50 14 64 193 156 72 12 130 87 206 236 253 55 162 213 147 237 82 88 234 53 239 49 33 167 111 38 137 36 210 202 120 74 230 6 143 166 118 184 25 229 7 231 204 238 160 139 159 112 107 192 59 163 149 174 119 40 188 250 127 171 5 222 34 63 101 252 79 199 39 115 245 142 181 194 103 58 113 197 57 138 129 100 78 205 179 155 200 185 92 189 128 15 176 165 145 248 216 177 182 154 190 37 215 98 44 62 86 198 106 89 93 233 20 41 51 172 8 151 2 254 0 31 66 247 136 77 243 10 21 11 158 186 235 104 24 32 46 132 26 135 65 61 121 148 219 28 212 9 52 178 68 161 96 221 13 255 56 114 19 73 134 175 126 43 246 223 45 168 187 180 60 217 173 110 22 227 108 102 105 70 140 83 71 226 196 80 191 23 30 76 4 169 116 153 232 244 42 152 150 209 17 16 99 35 1 81 90 240 241 117 195 54 94 207 85 18 123 211 109 157 124 225 183 69 95 27 224 67 48 228 203 218 220 133 208 122 214 75 144 47 29 97 170 242 146 84 201 125
45 176 115 240 213 220 41 72 52 54 185 79 180 16 126 125 140 83 37 53 99 112 59 218 63 150 70 165 113 46 60 202 242 128 207 26 205 248 235 38 121 88 29 91 61 164 153 201 179 39 73 199 136 191 81 3 255 230 95 66 30 243 181 65 47 152 75 148 104 107 184 84 211 162 114 50 7 246 110 130 196 106 170 139 31 187 197 34 131 178 13 35 137 149 77 166 28 127 6 244 102 254 58 103 33 228 101 143 98 204 227 1 82 249 117 134 216 234 210 67 160 141 145 172 87 238 15 5 186 177 62 158 85 64 49 206 4 225 105 173 251 214 163 19 169 194 68 232 123 42 122 118 24 10 183 144 55 226 224 76 192 231 175 18 215 203 92 116 167 239 40 97 233 86 17 22 74 9 94 252 23 147 217 12 56 93 236 14 25 111 229 182 253 135 109 2 32 247 11 171 209 155 222 8 188 138 159 124 208 142 71 193 161 27 21 96 156 69 157 78 241 90 151 146 108 100 154 219 212 221 119 36 198 57 189 195 223 200 132 133 168 51 120 250 89 48 20 174 237 0 245 190 44 80 129 43
19 154 236 225 162 245 220 188 112 100 84 137 133 99 104 248 98 114 170 143 182 57 80 168 116 11 144 42 45 27 113 206 167 73 5 97 135 86 161 16 1 33 171 96 250 192 8 92 70 37 105 253 130 124 152 239 43 44 242 157 131 139 9 118 52 87 111 29 215 20 123 200 64 34 51 198 125 176 140 50 120 216 2 166 82 102 101 205 74 181 235 149 128 255 218 247 193 179 76 189 186 222 228 177 195 209 32 66 93 12 77 90 10 95 7 141 172 62 202 213 31 3 75 14 163 65 117 71 169 35 72 207 197 138 178 60 174 127 201 246 106 175 230 251 107 153 56 48 142 13 223 238 25 47 91 68 94 173 108 226 224 110 190 252 63 165 208 121 22 55 184 191 249 232 41 241 148 229 134 30 211 204 115 67 0 69 119 210 219 40 146 243 164 4 61 254 18 217 212 85 54 155 244 203 103 39 234 156 17 21 160 227 150 126 151 109 89 49 36 83 214 122 132 231 187 78 59 6 194 81 38 221 15 158 23 240 46 58 180 145 26 185 233 183 28 136 199 129 159 88 79 196 53 24 147 237
244 64 143 78 196 194 80 160 222 33 135 178 91 247 25 154 161 219 202 11 211 118 199 104 255 181 174 85 37 0 39 89 180 189 10 116 213 134 229 31 224 243 187 182 55 24 125 214 173 73 9 204 126 242 246 130 197 120 96 121 79 59 19 6 53 184 92 102 201 157 48 29 231 164 51 8 191 240 128 248 210 16 28 150 115 251 155 203 153 253 106 169 99 129 58 49 166 23 249 117 207 124 206 195 132 215 190 158 82 70 54 107 103 69 74 218 68 84 140 113 152 27 50 138 86 236 114 12 15 252 83 176 137 43 230 67 105 56 131 241 226 3 141 66 220 162 233 62 40 7 75 223 100 94 122 209 13 14 212 127 101 109 234 88 22 57 81 254 185 245 93 170 34 4 21 168 95 146 110 20 90 186 227 136 52 72 71 175 44 151 205 119 98 225 188 217 163 149 46 159 156 192 198 147 165 179 2 36 63 237 47 60 235 65 232 111 142 32 172 183 1 228 45 239 133 35 87 41 139 5 42 177 167 108 148 30 144 97 171 216 76 145 200 221 77 123 26 18 112 238 193 208 250 17 61 38
220 19 125 56 24 206 22 136 5 43 135 198 207 81 132 9 140 32 168 111 27 107 174 154 239 217 123 67 167 202 141 223 216 234 155 1 104 117 233 130 224 42 12 137 186 196 39 195 247 138 213 178 4 209 23 242 126 38 36 187 91 16 211 94 227 238 41 175 131 51 208 80 179 199 87 231 129 76 118 157 229 70 8 150 82 98 148 61 145 185 159 13 75 244 232 0 105 245 204 15 34 188 21 65 25 103 215 156 142 77 109 165 254 85 11 241 225 210 63 92 93 64 17 189 183 253 115 110 100 33 236 205 182 57 18 7 171 230 153 200 108 161 143 219 191 221 84 163 166 69 124 158 134 146 6 31 58 10 120 255 46 235 73 101 30 252 147 190 83 144 192 149 79 71 52 49 45 122 121 240 50 86 176 180 194 251 197 102 44 66 53 218 60 162 99 222 116 203 2 106 89 112 249 173 128 28 88 96 3 48 214 72 26 47 169 97 114 151 184 55 62 20 226 35 212 127 248 250 90 181 37 237 243 95 14 29 246 74 40 160 228 201 119 68 59 164 54 78 152 193 172 177 113 139 170 133
113 234 57 171 211 69 202 135 240 73 226 19 241 87 45 186 212 144 86 184 165 90 65 80 82 250 70 239 76 192 6 164 146 214 32 104 8 201 63 242 3 111 26 120 248 208 167 131 181 55 18 189 129 247 204 68 98 115 172 24 75 9 99 199 205 96 170 101 166 150 29 228 155 254 153 72 64 237 191 92 123 5 28 235 46 142 91 124 93 66 100 22 1 21 229 224 54 176 25 11 36 236 157 50 112 244 33 122 84 151 180 218 114 196 61 156 232 107 4 43 56 220 175 230 59 174 255 246 217 195 67 41 17 62 47 209 51 245 132 38 27 7 110 78 39 44 16 52 154 77 215 161 179 203 60 223 206 210 95 137 158 168 34 125 13 119 116 0 148 183 109 253 194 105 127 138 128 20 48 97 221 141 149 163 249 143 252 182 178 238 10 81 145 74 126 169 40 185 23 213 83 130 117 173 231 136 190 251 37 243 160 108 85 162 30 49 42 177 79 35 227 139 89 225 219 222 187 2 200 188 88 58 197 53 140 147 193 121 31 233 15 94 106 159 14 12 71 134 133 216 152 118 198 207 102 103
208 87 245 237 76 202 157 172 214 236 25 2 28 107 42 160 158 44 124 186 252 99 142 55 211 244 118 125 183 166 230 175 82 163 68 219 145 138 49 1 0 3 53 144 153 229 80 177 98 193 250 188 207 151 146 19 243 89 178 137 37 228 168 90 206 210 94 161 84 60 85 43 23 238 225 17 148 56 66 165 121 12 248 195 128 15 227 155 204 92 212 174 235 247 114 79 215 119 167 117 217 70 133 63 93 22 13 130 242 213 81 171 88 170 159 96 179 154 122 46 34 18 71 67 33 38 182 32 48 104 77 116 246 14 102 50 200 78 231 234 216 47 140 101 7 194 31 69 20 95 205 190 222 105 30 184 126 197 26 4 226 39 187 64 58 86 173 232 233 176 91 65 73 198 52 241 21 45 218 149 209 57 134 253 223 240 132 59 110 74 239 54 150 191 100 16 36 35 139 8 115 169 83 62 189 152 181 127 113 10 123 120 156 162 111 129 143 221 255 27 201 11 24 199 29 196 75 106 251 136 147 220 192 9 203 97 254 51 5 103 224 6 141 131 72 112 249 108 61 135 180 40 109 164 185 41
250 129 252 146 233 32 136 119 142 24 203 158 58 118 126 33 78 244 102 56 77 199 127 144 181 214 85 92 50 1 65 242 157 23 25 120 211 67 12 18 125 44 59 21 104 70 190 3 231 149 98 89 194 84 108 182 223 202 207 143 169 200 163 49 155 86 54 236 52 166 35 73 165 228 237 111 162 39 170 62 198 141 57 137 204 184 14 247 153 97 197 232 171 253 246 9 185 31 134 147 8 160 254 72 42 167 216 226 69 225 22 168 243 208 34 239 53 17 156 68 66 217 121 46 241 124 2 13 71 205 161 81 238 110 209 229 117 6 159 106 148 187 4 100 38 180 112 128 178 91 175 215 189 43 105 19 7 0 135 20 234 45 64 218 51 95 55 133 245 186 172 107 139 195 29 115 41 16 255 240 93 122 123 94 47 219 213 28 145 140 130 63 11 235 212 87 48 37 201 5 183 230 138 191 173 249 221 251 114 193 196 99 154 188 164 176 36 61 88 40 150 30 76 10 103 131 60 27 177 220 113 174 222 179 109 101 82 79 75 152 151 15 80 116 206 210 224 26 227 132 74 96 83 248 90 192
175 246 166 251 163 42 73 218 103 114 187 159 231 170 64 221 18 227 70 191 228 108 98 39 79 216 75 28 102 147 7 76 131 152 8 54 212 204 43 169 124 139 181 203 247 224 250 74 9 127 125 11 91 153 219 66 109 22 178 211 85 92 150 133 197 142 49 130 35 186 112 105 16 223 0 225 20 111 120 196 47 144 65 160 217 155 174 118 113 241 210 56 145 104 4 195 135 57 173 177 61 128 51 27 52 10 245 205 192 239 115 23 33 132 88 234 215 162 95 237 194 122 171 59 179 141 202 214 81 46 182 86 134 84 184 37 100 30 60 244 235 97 209 180 48 138 55 137 126 63 146 121 89 13 1 240 38 34 255 5 149 254 15 71 44 83 213 236 69 17 167 45 198 201 183 14 107 68 229 161 253 36 242 62 172 157 189 72 252 151 93 164 248 226 193 6 154 31 25 53 140 199 200 143 58 32 40 165 19 208 243 12 185 116 176 24 101 220 190 207 99 26 77 41 206 21 117 158 67 238 3 2 106 230 82 136 50 29 156 119 148 94 80 232 90 87 123 129 78 96 110 188 222 249 168 233
199 217 12 141 104 20 215 78 35 154 184 201 3 110 161 95 185 30 36 182 1 187 252 236 115 59 241 85 239 158 150 68 22 178 209 91 114 66 132 228 177 210 179 152 186 108 87 107 60 55 140 7 111 97 122 67 243 136 198 75 119 208 170 237 11 49 200 27 147 242 63 193 90 129 142 51 6 61 145 5 86 77 48 26 153 127 103 148 133 40 137 76 218 124 113 93 196 164 125 130 102 138 240 163 46 247 10 34 146 54 37 41 181 223 244 254 120 211 99 205 202 0 234 14 195 84 25 191 213 224 214 106 134 183 52 227 235 249 80 229 83 13 9 69 96 167 231 160 212 255 126 16 109 44 169 216 203 4 62 222 21 82 123 74 246 194 171 248 116 135 128 8 165 121 58 225 175 56 50 53 18 88 31 19 174 144 28 139 226 233 24 207 117 64 101 180 192 245 100 98 157 220 219 47 238 204 29 38 188 189 65 143 2 42 155 33 221 71 159 57 105 72 173 131 17 43 230 172 15 251 176 151 166 168 81 156 70 162 23 92 250 232 45 118 190 94 32 149 73 89 197 112 206 79 39 253
66 86 169 105 71 151 160 55 56 187 10 124 164 22 155 88 193 26 179 227 194 40 253 139 165 97 39 137 118 43 18 33 35 203 23 192 29 145 214 117 99 167 240 57 216 154 16 195 211 64 234 73 201 161 120 84 134 8 226 142 82 200 157 21 51 68 125 232 28 217 52 152 158 49 123 54 119 103 237 181 108 207 106 25 17 190 144 45 76 213 236 188 254 95 44 77 46 19 53 230 209 229 182 177 7 129 233 219 244 189 110 3 65 197 241 75 37 104 133 171 67 149 14 109 185 60 212 251 9 173 128 183 12 127 208 199 170 148 20 249 225 15 255 162 4 198 85 246 235 215 63 31 247 252 224 5 107 30 168 114 132 156 13 176 159 163 48 90 111 121 242 78 221 72 69 0 101 136 62 206 147 58 80 91 81 228 1 50 174 94 102 116 202 96 205 135 131 191 218 34 98 27 79 122 248 138 231 166 36 83 70 126 184 89 143 204 245 196 113 61 38 115 238 2 250 130 32 243 180 92 42 178 172 175 140 210 153 141 41 11 150 6 93 100 146 74 239 186 223 47 59 112 222 220 24 87
10 116 131 111 248 73 92 65 226 119 209 184 67 177 219 186 23 84 68 1 253 163 193 22 66 154 108 160 63 188 169 165 192 97 221 98 47 133 214 16 82 85 99 215 181 54 199 13 175 240 32 139 125 202 106 0 110 210 137 155 52 9 203 45 235 94 225 8 151 141 142 80 27 205 123 178 50 185 29 6 14 37 171 17 224 19 190 150 70 44 138 145 216 236 179 91 128 90 239 105 134 48 159 2 33 18 197 64 88 77 7 24 87 183 83 28 244 115 230 35 148 130 109 78 20 11 191 25 189 167 41 207 157 93 196 172 140 246 238 170 180 213 168 200 57 3 81 86 132 53 204 249 5 56 62 26 198 129 51 118 237 166 242 144 39 4 229 38 59 164 217 101 243 156 112 46 182 223 232 220 21 195 58 60 201 31 234 250 245 208 76 146 194 30 147 12 218 117 100 40 74 113 222 69 252 72 212 149 231 49 136 176 174 127 120 79 187 15 228 227 153 211 103 75 124 95 89 161 173 71 107 135 36 104 158 251 126 152 247 162 241 254 61 96 121 143 34 233 122 255 43 102 206 114 55 42
48 67 228 217 197 45 13 229 234 206 242 89 12 150 96 114 138 250 158 141 145 30 72 93 103 224 60 203 54 51 0 83 118 44 188 129 40 62 73 63 210 238 32 156 76 84 98 184 78 187 117 113 173 200 16 80 9 61 104 230 120 213 148 18 65 52 108 166 71 125 186 227 178 95 43 20 97 220 239 232 112 14 225 162 74 24 160 154 157 122 192 135 123 23 248 132 243 75 82 128 56 221 168 205 29 41 94 204 202 6 69 68 151 87 53 133 142 37 38 169 247 106 146 4 137 70 175 8 161 209 176 22 235 121 147 79 21 119 100 25 255 15 17 185 5 174 11 127 196 99 81 149 222 39 198 136 253 177 193 46 216 55 183 143 102 66 116 245 208 124 64 182 139 3 33 50 107 214 10 199 34 134 140 31 105 36 101 85 219 163 90 189 88 7 254 172 126 27 58 195 218 170 236 77 26 59 28 1 35 212 191 211 164 159 244 111 215 201 226 171 92 240 47 179 223 57 19 86 115 153 49 131 251 91 167 42 194 233 246 155 110 165 249 109 190 181 152 130 2 231 207 252 237 144 241 180
61 234 218 54 217 19 81 100 146 50 182 119 17 83 21 222 35 134 92 132 38 28 198 187 140 112 162 52 149 190 59 68 156 79 3 137 195 16 63 227 212 147 44 49 98 176 202 20 185 40 208 183 90 72 14 225 224 172 124 214 184 253 192 70 99 166 144 104 55 246 168 178 122 194 143 244 10 157 193 241 210 26 247 255 25 109 151 171 158 85 116 73 67 0 131 201 53 86 223 45 89 111 91 130 186 29 22 117 133 161 78 121 84 199 191 56 110 252 125 238 87 173 170 205 136 6 1 95 69 181 42 107 215 82 164 66 155 51 5 159 150 188 174 189 248 160 34 113 13 30 18 24 209 94 235 211 11 206 229 196 115 129 221 77 152 46 120 23 47 153 118 114 232 103 101 12 139 71 231 249 39 41 48 204 177 2 228 239 105 60 236 32 128 62 9 180 207 4 123 7 203 165 15 220 250 254 80 230 58 242 219 102 163 127 8 154 43 106 237 216 64 96 57 142 75 76 251 169 97 197 200 126 213 93 74 243 226 31 65 179 138 240 108 33 233 245 27 175 37 167 135 148 36 145 88 141
75 28 238 138 198 206 113 158 69 182 136 157 24 207 224 6 39 165 172 130 81 145 67 237 103 105 200 36 147 92 98 205 124 139 101 184 150 15 83 56 229 178 169 19 164 188 7 48 27 32 223 249 25 243 129 235 166 134 61 132 246 115 153 245 53 62 191 242 119 250 142 23 221 137 217 29 9 94 72 233 177 22 57 251 78 71 89 10 111 214 227 88 240 79 152 122 247 41 51 149 50 102 248 68 33 114 64 133 97 236 148 146 42 201 126 66 204 82 93 151 30 241 161 63 190 34 54 197 86 239 186 228 12 84 180 118 5 192 208 3 171 255 40 14 123 185 99 87 0 215 100 59 125 144 43 131 175 135 213 70 11 252 187 219 20 109 195 121 96 80 65 173 202 203 174 127 44 38 108 225 220 210 143 91 60 37 167 128 117 26 85 8 55 218 16 253 74 46 76 194 18 21 179 234 13 244 1 116 141 168 120 230 110 156 90 183 211 140 107 2 45 193 254 47 4 189 181 162 159 155 232 231 95 160 196 31 35 49 106 52 212 154 176 163 73 170 17 209 77 226 58 112 216 199 222 104
228 179 116 199 174 142 66 54 38 91 87 53 58 202 52 68 124 97 136 11 34 122 70 220 98 251 254 236 67 160 121 27 214 51 89 40 115 225 210 242 125 50 204 146 217 46 24 246 59 207 84 78 106 193 252 253 196 111 85 93 218 72 6 41 65 238 169 229 77 154 18 243 5 152 79 130 94 4 74 170 211 120 36 56 55 159 28 135 189 103 82 209 172 201 147 133 30 143 140 176 182 131 149 163 241 20 47 221 31 44 219 49 216 95 126 16 156 167 240 212 29 223 117 19 71 25 123 244 26 161 151 92 132 14 128 81 155 200 60 129 184 205 61 107 10 2 96 222 177 192 234 1 45 22 48 127 62 180 178 64 144 206 17 119 162 75 231 9 138 145 203 186 250 195 102 183 88 239 165 158 69 21 0 23 73 164 173 249 100 197 118 213 15 208 227 171 166 39 8 109 198 157 57 248 188 110 226 230 114 181 104 80 105 63 43 3 245 37 168 76 86 185 141 32 13 215 148 35 247 175 224 112 232 194 255 12 134 99 235 139 187 137 237 90 153 83 113 42 33 150 7 233 101 191 108 190
94 192 244 147 17 253 249 21 181 50 182 131 217 43 100 166 169 183 44 10 138 28 97 4 69 116 223 209 31 190 0 194 39 221 239 136 93 32 129 64 178 54 92 235 225 226 164 111 34 207 7 134 14 113 90 98 121 255 101 53 103 19 234 154 128 222 229 45 65 8 175 212 174 68 189 218 132 243 86 117 102 26 148 172 161 91 108 171 12 167 112 73 199 59 119 232 214 193 162 104 95 20 109 18 251 125 36 241 177 25 1 224 75 67 254 9 42 252 29 141 87 165 170 216 137 33 78 89 140 146 110 27 213 135 202 66 250 71 228 123 88 58 122 143 248 46 185 72 240 196 130 11 52 61 49 105 24 142 144 30 115 63 79 74 37 160 230 23 114 231 96 47 201 184 124 158 197 51 153 81 156 41 233 60 133 220 5 3 211 204 163 16 99 57 56 237 40 187 159 208 179 173 245 2 155 191 219 120 188 242 80 210 236 76 246 70 83 145 180 205 227 118 62 206 84 127 186 35 198 139 126 200 215 195 77 157 176 149 55 203 38 13 151 6 48 15 107 168 152 85 82 247 22 106 150 238
98 147 162 124 207 173 38 106 79 252 201 192 42 187 211 30 71 50 55 246 17 48 11 152 3 189 157 84 155 14 138 176 13 76 85 214 10 142 18 165 46 244 160 240 52 32 117 95 1 200 45 80 19 101 94 112 33 134 237 250 111 8 102 175 145 15 64 74 172 73 125 16 91 56 137 87 156 120 4 171 169 65 224 149 89 227 105 116 174 53 9 184 86 213 57 77 220 109 7 209 251 35 107 203 141 28 215 231 26 194 23 63 37 146 208 122 110 0 238 123 82 148 167 66 154 198 158 236 93 34 20 210 242 43 132 218 144 119 103 88 196 225 226 197 150 67 61 131 248 243 233 166 114 83 60 190 151 140 49 108 31 78 241 39 21 97 69 99 217 41 44 202 2 36 12 24 139 164 191 143 253 133 179 113 206 234 163 130 25 68 216 22 70 27 212 204 185 182 178 255 254 118 183 219 54 58 72 129 75 235 177 199 186 96 193 40 232 100 249 81 135 239 222 245 127 51 6 161 221 229 136 181 92 205 159 180 47 230 247 29 62 188 195 153 104 168 90 5 126 128 223 59 170 115 121 228
22 217 135 190 62 197 41 18 26 49 183 29 236 31 202 162 82 56 150 157 228 248 191 103 140 102 251 117 146 60 171 14 45 30 209 76 100 89 19 36 99 195 95 40 1 127 242 47 160 142 121 90 32 23 203 37 201 179 53 219 169 105 208 184 152 3 250 182 192 225 180 212 69 15 93 98 144 65 216 6 17 68 74 38 210 141 63 130 249 178 254 156 51 16 241 50 71 176 229 113 255 168 124 58 194 235 244 232 33 207 70 72 213 43 246 7 2 220 88 158 206 42 159 24 230 129 112 52 86 125 234 81 9 84 224 161 243 61 148 188 186 139 132 91 199 27 240 239 165 223 115 87 136 107 101 173 185 83 119 147 48 116 170 8 138 164 4 174 253 11 73 108 133 155 46 245 134 12 55 114 218 126 67 54 128 143 123 5 85 104 77 238 131 221 196 79 189 231 198 35 96 80 13 10 175 205 34 78 166 120 172 75 200 181 177 204 109 233 110 59 145 226 28 94 97 111 227 193 66 211 25 187 252 44 151 137 214 118 0 122 222 149 167 64 21 215 57 247 106 237 20 163 153 154 92 39
177 81 126 111 18 115 54 196 102 91 71 174 142 103 108 80 116 218 141 24 225 243 12 124 32 15 19 159 201 222 232 98 189 77 183 180 0 212 247 173 62 3 169 191 202 192 84 112 161 30 205 213 227 58 207 61 246 242 47 74 145 209 138 190 233 104 249 87 22 147 194 181 237 40 200 254 60 101 52 224 172 149 226 94 113 106 241 143 99 36 203 153 34 28 31 251 66 9 252 152 122 6 117 204 211 2 185 95 42 79 158 170 223 78 76 135 198 197 25 216 182 7 16 166 167 43 121 235 20 133 11 199 49 137 35 83 50 151 109 250 21 208 150 248 229 154 129 144 146 59 134 48 140 1 70 228 210 23 96 168 72 10 127 51 67 175 90 184 57 17 231 195 245 119 82 253 193 56 13 132 162 179 236 88 139 73 163 8 14 160 234 165 230 214 93 37 219 63 217 136 128 46 255 156 187 69 92 44 110 206 155 188 157 130 164 86 65 85 38 33 118 240 89 75 100 45 221 114 176 53 97 186 148 215 244 27 178 5 125 220 41 171 68 107 120 29 239 39 123 238 64 55 26 4 131 105
80 141 205 174 66 222 232 69 166 213 48 70 172 184 112 201 63 162 41 24 137 34 93 138 68 8 136 178 133 239 7 36 117 29 152 169 251 14 245 102 195 176 180 207 122 18 50 40 221 212 97 193 120 99 84 241 39 5 140 208 31 249 198 54 204 229 103 12 158 77 157 153 59 45 218 179 90 6 4 111 227 11 210 53 250 238 127 151 202 19 75 132 13 121 52 57 109 44 129 32 58 182 252 47 91 128 16 49 60 146 9 217 33 170 144 37 67 27 46 206 244 190 2 43 223 173 194 159 243 177 106 228 196 62 56 131 191 104 192 113 21 125 186 181 143 135 189 254 247 1 154 71 233 92 224 230 3 235 167 168 203 86 155 30 124 83 55 209 17 0 25 225 79 115 164 78 211 150 20 248 255 76 107 87 89 220 114 215 51 161 160 175 118 72 88 134 147 94 253 98 185 105 200 148 81 95 237 22 163 242 61 240 28 15 73 156 123 64 126 96 199 188 236 214 74 108 234 171 226 116 38 35 10 130 101 65 23 216 100 82 187 110 183 139 142 219 119 246 197 149 85 42 26 145 165 231
58 151 137 155 206 40 109 82 91 103 159 113 232 234 49 70 208 213 146 64 8 61 187 0 203 93 56 128 226 54 65 198 193 139 153 50 112 72 76 83 126 73 255 220 218 248 134 42 74 166 192 86 149 94 13 108 43 194 60 88 117 197 224 127 20 123 209 183 44 210 144 26 150 90 41 19 115 71 46 114 111 240 95 130 229 223 173 158 100 28 199 75 98 62 17 118 9 176 182 81 136 135 37 196 68 237 205 188 228 105 180 53 246 30 87 107 36 230 69 249 38 242 11 122 45 24 222 235 201 172 221 84 174 34 169 170 254 164 121 167 225 132 211 202 236 145 181 133 102 33 250 3 57 142 189 253 233 85 67 92 29 138 96 66 125 231 163 178 59 215 141 39 6 51 101 104 177 214 52 212 204 16 243 79 1 78 165 161 120 97 175 63 4 143 119 152 200 47 191 48 162 179 140 2 12 116 241 156 217 14 7 147 247 80 154 185 251 18 190 171 77 219 238 186 227 32 207 245 55 131 23 157 239 89 244 31 216 129 252 110 99 35 22 10 160 25 106 27 124 195 148 15 5 184 168 21
179 34 248 101 184 142 141 67 125 17 244 38 9 3 75 87 240 21 49 205 18 72 165 40 66 161 76 155 168 230 10 35 57 203 147 36 169 212 16 120 28 224 211 30 45 25 162 242 6 234 140 33 123 98 236 91 133 100 192 253 237 170 167 77 107 191 235 68 22 74 232 102 83 79 106 11 135 12 216 47 128 185 251 254 13 129 95 223 113 182 89 154 201 53 39 116 20 0 24 124 51 69 221 178 117 214 149 8 139 177 65 55 56 249 196 119 37 92 219 99 198 175 183 206 85 186 138 188 104 64 239 213 52 59 130 150 93 5 42 4 153 19 48 217 73 171 202 187 111 233 2 246 176 193 1 97 252 197 158 29 144 204 62 44 23 247 189 180 105 194 103 81 210 121 71 7 110 86 54 160 152 84 94 127 82 114 226 172 250 255 46 222 118 163 174 225 231 195 112 43 220 32 151 80 156 58 208 173 143 207 228 78 131 15 157 70 26 215 96 137 146 134 190 109 227 229 115 200 148 164 159 122 245 60 108 199 61 181 132 31 14 209 243 27 136 238 166 241 126 63 145 218 50 90 88 41
68 93 36 206 180 188 58 167 101 136 160 78 9 69 172 249 113 83 100 247 174 225 189 99 169 10 51 215 131 151 150 254 123 230 29 198 177 49 12 41 242 228 125 238 235 16 22 226 244 3 81 115 142 61 126 139 59 144 56 190 221 111 251 7 80 52 124 63 212 114 166 120 218 84 121 1 246 187 227 109 223 176 250 40 155 224 24 45 156 202 105 97 191 62 17 32 74 96 140 117 143 222 157 20 18 159 239 46 112 214 2 170 71 104 233 240 43 26 90 35 197 23 183 79 5 253 164 116 0 118 168 4 13 89 195 37 213 53 110 48 67 11 6 134 103 204 38 252 152 88 28 205 66 70 209 21 199 175 200 158 138 98 85 132 8 171 181 25 236 127 108 55 243 130 87 15 64 207 72 34 95 107 229 194 75 234 27 232 77 185 248 178 208 137 128 245 102 73 196 31 203 30 19 211 39 14 237 161 149 133 186 182 148 153 42 147 163 219 192 231 106 129 217 165 60 193 91 94 76 162 255 216 122 54 146 184 135 210 65 50 82 220 145 44 241 57 141 119 86 154 47 179 173 201 33 92
249 16 121 209 107 155 122 223 181 67 93 25 222 65 46 226 201 216 218 131 206 120 212 73 142 45 27 95 168 240 144 82 199 123 139 247 162 1 129 89 48 12 62 191 154 70 10 128 85 204 234 251 53 160 211 145 235 80 86 232 51 237 47 31 165 109 36 135 34 208 200 118 72 228 4 141 164 116 182 23 227 5 229 202 236 158 137 157 110 105 190 57 161 147 172 117 38 186 248 125 169 3 220 32 61 99 250 77 197 37 113 243 140 179 192 101 56 111 195 55 136 127 98 76 203 177 153 198 183 90 187 126 13 174 163 143 246 214 175 180 152 188 35 213 96 42 60 84 196 104 87 91 231 18 39 49 170 6 149 255 252 0 29 64 245 134 75 241 8 19 9 156 184 233 102 22 30 44 130 24 133 63 59 119 146 217 26 210 7 50 176 66 159 94 219 11 253 54 112 17 71 132 173 124 41 244 221 43 166 185 178 58 215 171 108 20 225 106 100 103 68 138 81 69 224 194 78 189 21 28 74 2 167 114 151 230 242 40 150 148 207 15 14 97 33 254 79 88 238 239 115 193 52 92 205 83
215 160 105 214 250 44 213 91 30 155 128 135 211 242 222 224 100 249 95 186 41 40 55 253 207 223 14 27 229 133 233 65 240 80 28 216 230 117 157 43 122 196 120 163 150 208 36 3 199 6 231 79 68 116 94 209 243 114 51 106 251 173 170 145 10 236 200 158 96 235 217 67 245 63 19 22 99 254 126 77 29 220 177 161 25 45 111 21 85 54 201 102 112 204 46 93 183 205 52 64 247 81 198 42 176 159 17 169 228 18 203 143 16 58 13 119 142 171 252 164 32 49 131 149 125 237 75 56 60 87 2 153 185 175 101 92 232 73 255 234 219 121 174 140 20 88 166 129 78 189 84 109 238 147 38 212 37 33 194 180 98 59 225 141 139 246 107 146 90 188 130 118 7 31 82 154 210 12 148 1 187 192 244 179 9 167 193 62 132 182 226 8 151 184 195 26 144 97 168 50 24 172 202 162 181 86 124 70 137 178 103 53 74 39 123 57 241 108 76 197 191 11 71 239 72 248 156 5 66 61 23 15 69 134 127 136 34 206 113 227 104 110 138 115 47 48 83 221 35 165 4 218 190 89 152 0
104 19 91 16 24 52 166 58 123 7 51 25 100 39 243 117 108 151 70 178 131 97 143 162 10 175 230 95 111 180 15 92 63 226 13 2 113 147 221 32 29 43 214 116 244 88 173 160 164 99 26 248 138 150 109 202 232 156 67 254 239 120 66 157 55 37 247 27 75 223 50 8 18 145 197 4 185 212 169 31 222 76 218 191 184 5 189 60 78 81 183 192 199 238 255 141 228 133 12 227 142 98 165 53 253 68 201 110 96 132 229 176 127 153 130 179 112 3 198 193 36 56 252 54 158 195 90 20 182 82 220 148 171 250 246 38 101 206 86 107 118 140 1 14 181 21 80 79 22 62 93 126 177 71 155 233 122 59 190 219 83 115 215 41 209 34 237 200 69 152 128 0 129 154 72 204 242 40 216 49 224 125 94 231 203 73 137 249 172 89 196 146 114 84 45 103 105 47 208 42 30 170 149 139 119 240 136 74 28 33 210 188 6 124 225 64 135 241 205 102 46 106 87 245 251 57 167 235 187 211 186 236 35 194 159 174 11 134 65 121 234 168 213 44 85 207 48 217 77 61 23 17 9 163 161 144
243 141 255 132 138 166 143 75 76 111 249 63 193 32 246 218 117 180 0 188 133 242 23 72 241 119 58 183 156 163 239 15 250 252 128 22 123 214 69 68 83 26 235 251 42 55 2 161 6 93 13 108 56 244 3 145 185 71 150 224 148 191 178 236 64 31 227 34 4 107 96 144 122 237 16 142 79 134 24 201 198 173 38 9 228 186 124 8 245 95 18 91 47 50 127 27 154 105 57 248 205 189 53 73 139 49 113 82 229 130 140 232 74 121 211 233 80 92 20 109 226 70 204 187 45 197 1 46 231 171 44 86 41 147 170 199 25 192 60 77 159 177 153 10 103 84 88 115 30 181 213 203 129 120 5 101 28 7 247 149 202 168 48 116 194 157 106 217 112 137 11 175 66 240 65 61 222 208 126 87 253 169 167 19 135 174 118 216 158 146 35 59 110 182 238 40 176 29 215 220 17 207 37 195 221 90 160 210 254 36 179 212 223 54 172 125 196 78 52 200 230 190 209 114 152 98 165 206 131 81 102 67 151 85 14 136 104 225 219 39 99 12 100 21 184 33 94 89 51 43 97 162 155 164 62 234
167 110 187 19 15 229 206 29 172 113 252 228 6 54 156 45 157 16 33 249 111 121 225 95 10 71 123 116 1 101 189 8 39 105 127 44 25 186 73 92 40 81 141 61 99 164 240 132 11 93 198 98 140 70 238 106 219 208 144 131 119 14 134 215 136 233 49 2 124 114 38 22 130 5 246 9 60 149 218 191 200 212 13 222 86 88 158 179 62 67 255 173 117 170 41 0 57 202 165 237 80 163 174 52 47 248 7 159 221 181 185 192 235 182 109 74 72 102 243 151 183 20 46 195 3 203 122 217 152 48 169 197 226 51 78 236 129 232 63 37 153 64 253 135 4 199 150 128 224 180 155 223 220 94 204 239 83 77 27 12 209 137 53 184 207 171 126 227 118 30 36 190 245 244 146 50 177 91 59 42 82 214 34 162 100 139 196 216 145 84 178 103 147 96 120 231 154 133 76 89 55 26 75 193 28 143 23 24 108 18 230 21 79 241 65 56 90 254 35 242 211 142 104 112 166 251 43 107 87 194 176 201 138 247 205 175 234 85 17 32 168 69 250 148 115 160 210 213 31 68 161 66 58 125 97 188
190 4 158 246 35 250 73 185 126 112 47 79 135 224 55 236 211 195 180 33 62 63 34 242 159 153 223 85 80 70 3 206 175 152 27 243 232 141 200 123 170 78 131 113 189 161 191 54 133 136 39 94 128 104 116 231 1 28 235 90 225 16 205 43 71 255 222 117 160 53 114 162 119 49 41 22 19 15 92 91 210 20 56 146 150 164 221 167 72 14 36 23 188 30 132 69 192 86 173 227 76 59 82 219 143 98 253 58 66 228 18 184 42 251 17 139 67 84 121 154 25 32 245 196 5 182 97 218 220 60 151 7 207 213 65 239 254 216 44 10 130 198 171 89 38 29 134 24 48 122 163 142 147 83 109 140 103 244 95 26 249 176 247 106 230 13 105 168 177 51 102 234 110 2 138 81 252 77 144 124 209 187 93 37 137 172 111 193 186 204 125 226 74 87 203 100 194 12 237 107 156 166 9 165 217 108 183 148 229 179 248 212 96 8 6 157 61 241 181 64 197 208 11 145 101 21 178 50 149 169 57 201 99 46 88 127 199 40 233 120 52 68 118 31 115 155 129 238 45 214 202 0 75 215 174 240
241 16 50 89 198 45 228 48 188 125 207 25 112 152 150 103 96 55 163 246 204 203 129 187 79 51 100 71 65 137 149 47 83 111 12 80 134 227 102 128 223 138 217 230 37 72 97 119 10 209 98 231 19 78 182 90 31 18 92 107 87 224 49 68 41 202 95 185 160 43 153 195 162 254 60 44 232 229 139 169 253 42 130 84 136 39 164 145 141 168 73 197 74 23 109 190 247 58 61 75 191 157 30 175 244 151 216 8 115 101 178 82 0 86 186 113 131 28 240 179 21 211 70 201 239 127 117 118 56 3 181 99 154 26 161 5 237 245 13 147 248 200 250 166 126 46 20 114 121 192 212 155 67 104 66 215 81 110 24 135 233 9 249 173 40 64 53 238 255 63 159 59 4 220 91 206 11 124 106 85 54 251 242 167 1 165 143 17 183 133 69 172 148 116 222 214 146 156 189 144 176 33 234 57 62 108 29 180 225 236 32 38 2 174 105 27 94 213 142 218 120 15 235 205 14 35 140 193 77 219 132 88 22 158 199 208 196 252 171 34 36 177 7 210 226 221 184 52 122 170 6 123 243 194 93 76
50 48 247 52 33 191 197 3 113 181 133 157 132 182 236 140 105 120 212 80 11 67 180 114 159 245 31 153 249 163 23 7 224 218 210 109 107 90 220 37 217 225 253 112 4 69 208 252 226 46 240 189 63 54 97 16 124 77 43 89 108 211 121 176 41 57 126 216 38 9 172 214 203 59 93 167 233 230 244 160 62 190 34 119 106 110 45 227 194 84 96 55 148 178 102 13 200 185 66 12 103 1 238 193 228 21 169 251 209 219 91 143 205 131 158 115 232 168 22 164 137 130 206 135 6 24 27 129 138 145 184 201 87 174 79 213 173 88 44 111 254 199 14 147 56 42 78 175 122 73 99 76 125 58 204 144 139 237 2 198 255 104 141 36 221 128 28 166 94 117 196 192 239 47 152 32 53 64 86 202 215 127 222 26 25 223 8 39 72 123 17 101 179 68 5 136 165 29 61 161 242 155 235 183 146 15 98 74 0 75 100 18 150 188 241 162 250 170 71 40 177 149 19 83 195 118 35 142 92 60 30 246 49 51 248 154 243 231 116 95 85 65 186 82 20 229 234 156 134 207 70 171 10 81 187 151
240 33 176 209 220 51 169 122 193 75 49 197 227 187 206 111 149 95 162 203 128 78 99 64 148 82 11 133 101 222 216 36 96 9 97 18 181 30 91 86 48 40 94 159 152 161 59 231 138 252 129 135 163 140 72 73 108 246 60 190 29 243 215 114 177 0 185 130 239 20 69 238 116 55 180 153 160 236 12 247 249 125 19 120 211 66 65 80 23 232 248 39 52 254 158 3 90 10 105 53 241 255 142 182 68 147 221 145 188 175 233 61 28 224 31 1 104 93 141 119 234 13 139 76 131 21 198 195 170 35 6 225 183 121 5 242 92 15 88 44 47 124 24 151 102 54 245 202 186 50 70 136 46 110 79 226 127 137 229 71 118 208 230 77 89 17 106 223 67 201 184 42 194 253 43 228 168 41 83 38 144 167 196 22 189 57 74 156 174 150 7 100 81 85 112 27 178 210 200 126 117 2 98 25 4 244 146 199 165 45 113 191 154 103 214 109 134 8 172 63 237 62 58 219 205 123 84 250 166 164 16 132 171 115 213 155 143 32 56 107 179 235 37 173 26 212 217 14 204 34 192 218 87 157 207 251
109 1 239 24 156 231 104 42 81 138 158 87 26 120 45 89 38 62 173 96 75 18 31 252 223 17 135 225 85 220 221 50 215 172 218 21 183 7 253 32 196 232 184 153 84 46 54 108 193 240 49 29 136 118 143 80 189 147 117 176 27 214 229 110 11 192 90 57 102 152 155 228 10 103 8 255 67 39 130 52 129 216 212 171 148 226 114 55 194 170 203 251 98 242 99 213 230 191 53 63 167 37 207 13 65 58 198 43 131 205 236 47 69 241 222 128 15 34 237 23 83 3 41 106 182 74 208 35 140 40 82 12 180 48 161 150 86 73 61 211 76 157 78 175 246 199 66 56 235 219 72 202 188 206 2 91 160 133 142 154 210 164 28 30 100 121 4 9 197 115 59 112 238 0 254 144 107 179 22 105 116 249 244 190 204 101 163 123 127 134 177 124 51 16 14 44 185 93 125 217 243 137 200 145 64 159 94 245 111 139 168 248 20 178 71 174 5 234 95 6 195 77 201 141 92 70 166 122 97 165 162 36 146 181 25 19 224 209 151 79 250 126 149 113 68 169 60 227 233 132 187 186 88 247 119 33
131 78 97 2 40 241 53 94 19 224 245 210 39 228 157 24 247 113 107 182 242 155 243 164 72 176 237 232 194 186 240 50 43 52 205 122 29 143 20 26 54 31 218 219 254 137 206 81 175 134 106 5 68 0 76 21 130 166 215 129 7 201 71 44 51 127 158 138 140 16 165 11 102 212 211 226 169 123 139 185 198 145 49 149 236 156 251 199 132 146 33 73 214 38 112 36 79 66 124 207 174 115 177 147 250 239 32 10 125 159 30 222 22 167 89 86 61 181 152 116 74 12 151 133 238 161 234 190 193 15 170 42 248 200 136 93 77 196 216 27 192 1 225 117 18 28 120 217 9 99 121 223 235 163 252 114 213 92 75 188 85 144 189 119 59 187 229 184 35 58 87 168 80 203 220 47 65 41 153 246 227 231 3 173 69 101 91 17 8 148 244 171 150 135 37 90 56 191 4 82 45 249 105 255 25 154 63 209 128 208 204 110 96 14 230 141 57 55 162 23 62 6 104 46 34 178 202 253 70 126 183 64 172 103 108 160 95 180 83 109 233 48 98 142 179 67 100 111 197 60 13 84 221 195 88 118
48 184 80 18 227 232 154 132 205 68 169 8 79 185 149 46 245 50 31 189 195 1 111 179 131 155 130 180 234 138 103 118 210 78 9 65 178 112 157 243 29 151 247 161 21 5 222 216 208 107 105 88 218 35 215 223 251 110 2 67 206 250 224 44 238 187 61 52 95 14 122 75 41 87 106 209 119 174 39 55 124 214 36 7 170 212 201 57 91 165 231 228 242 158 60 188 32 117 104 108 43 225 192 82 94 53 146 176 100 11 198 183 64 10 101 254 236 191 226 19 167 249 207 217 89 141 203 129 156 113 230 166 20 162 135 128 204 133 4 22 25 127 136 143 182 199 85 172 77 211 171 86 42 109 252 197 12 145 54 40 76 173 120 71 97 74 123 56 202 142 137 235 255 196 253 102 139 34 219 126 26 164 92 115 194 190 237 45 150 30 51 62 84 200 213 125 220 24 23 221 6 37 70 121 15 99 177 66 3 134 163 27 59 159 240 153 233 181 144 13 96 72 0 73 98 16 148 186 239 160 248 168 69 38 175 147 17 81 193 116 33 140 90 58 28 244 47 49 246 152 241 229 114 93 83 63
198 161 93 78 214 160 251 149 131 86 121 169 62 144 102 112 239 36 98 24 51 8 125 61 170 57 30 23 99 28 154 172 175 22 31 38 77 94 235 67 227 106 66 236 192 4 147 92 162 40 204 190 226 68 15 221 247 224 18 206 97 37 32 130 150 91 148 252 34 184 114 21 176 59 242 10 89 85 132 195 45 180 201 212 234 95 108 20 115 174 173 116 156 187 220 16 165 249 72 216 153 29 58 177 209 54 135 48 128 76 39 163 246 222 0 223 248 166 43 81 134 55 143 63 219 188 70 42 167 231 88 11 183 35 240 208 178 139 197 199 141 47 136 124 9 243 233 213 79 230 168 122 127 49 27 100 218 64 158 229 80 44 196 140 200 181 84 90 151 6 74 26 50 25 75 129 33 253 13 105 228 159 215 73 7 52 138 179 46 142 56 171 155 117 111 103 2 255 238 113 185 110 118 146 5 152 217 101 145 119 194 133 82 211 202 245 164 17 225 191 237 1 104 14 69 189 205 19 109 186 157 65 107 96 207 241 60 126 123 137 53 210 83 182 12 254 3 193 120 87 232 244 203 41 71 250
34 4 218 118 54 249 171 32 36 175 242 165 141 166 124 104 64 51 98 229 137 147 246 202 93 74 21 209 96 53 236 30 173 38 255 61 73 195 160 41 200 248 198 43 151 214 144 174 103 94 211 68 39 162 252 169 251 240 177 5 235 203 127 115 99 152 148 114 119 8 113 129 185 158 197 72 95 183 131 26 159 57 60 42 128 221 182 88 20 112 150 101 176 31 16 48 186 111 10 207 23 107 85 52 120 13 145 139 167 254 58 59 2 172 146 154 24 133 67 102 126 44 230 35 138 215 79 49 66 213 140 191 155 65 135 231 17 181 97 117 116 220 89 196 250 164 143 15 233 7 208 194 91 204 201 237 243 192 210 224 47 81 108 27 92 105 25 110 22 156 187 77 217 228 46 18 90 29 178 80 132 86 184 50 87 222 212 153 193 75 189 142 216 6 121 190 245 11 122 168 71 63 157 28 238 253 40 62 106 83 109 188 123 241 239 125 205 12 78 180 223 136 37 70 199 206 9 247 56 1 163 244 149 45 226 219 130 82 0 84 134 225 234 55 161 3 179 19 76 14 33 232 227 100 69 170
44 166 55 208 155 197 236 53 149 87 229 161 177 227 140 224 9 238 92 154 68 56 0 184 69 28 94 113 12 100 144 104 182 39 235 221 156 188 244 78 164 90 65 49 34 142 171 172 143 96 13 7 77 194 189 179 112 60 29 6 136 97 86 250 54 232 24 187 240 222 43 15 45 163 242 245 148 203 237 213 225 85 110 137 89 199 79 125 59 152 180 109 76 226 14 162 223 16 228 158 150 131 128 124 201 200 64 129 165 255 4 18 75 21 181 123 145 132 42 139 241 178 46 195 27 81 185 168 191 73 252 207 107 167 175 82 127 38 151 105 126 248 176 193 230 8 134 141 99 50 114 36 206 72 74 169 5 116 61 67 174 93 108 70 153 119 239 52 25 198 147 138 243 133 157 231 17 251 1 192 218 249 212 98 204 135 103 30 101 215 84 122 214 22 31 160 211 88 219 111 247 190 106 186 253 233 63 41 202 146 246 26 220 47 40 58 234 80 183 196 57 209 48 121 91 216 10 20 118 19 71 217 37 2 83 33 102 66 205 117 115 11 170 95 35 173 51 62 120 254 210 130 32 159 3 23
212 169 83 175 36 105 8 245 58 131 203 107 45 162 86 102 210 125 219 92 52 11 230 25 154 117 33 228 91 48 167 197 214 16 123 174 108 198 43 49 195 14 200 10 249 128 72 254 98 252 171 163 81 35 191 222 104 127 79 145 241 190 223 192 165 199 121 100 120 73 68 153 20 124 110 135 80 1 149 211 88 132 221 183 250 24 62 213 40 160 255 76 206 103 142 155 64 19 74 158 18 99 90 61 39 166 140 116 161 146 53 150 89 231 137 126 106 209 177 138 143 115 151 253 176 59 5 23 47 159 67 50 54 194 236 2 12 133 224 112 218 215 0 247 27 208 97 38 204 226 237 227 119 147 196 65 240 248 7 93 242 96 26 22 82 109 180 244 173 225 13 139 29 122 57 182 229 216 17 75 235 34 95 136 87 4 207 184 6 129 148 141 21 178 134 71 238 188 69 63 66 31 101 44 32 187 157 41 152 239 246 37 220 130 77 114 193 205 3 113 111 170 233 232 60 251 217 42 51 201 202 78 156 15 55 168 46 234 84 172 70 118 85 186 144 30 56 243 185 28 9 189 164 179 181 94
155 111 115 129 186 132 37 234 1 243 153 250 97 34 157 51 138 192 41 24 47 184 108 63 218 23 31 193 238 149 7 216 237 104 32 49 86 119 245 252 210 161 225 147 62 183 185 25 116 227 172 178 30 204 219 181 9 230 95 163 136 54 3 249 99 244 13 87 128 107 112 48 74 105 68 209 60 246 214 141 212 71 195 233 70 133 142 16 67 199 75 222 103 46 217 42 109 89 174 152 58 2 102 137 76 158 151 169 90 191 39 52 168 65 159 232 202 72 121 131 229 130 182 73 148 113 194 144 213 177 61 228 226 122 26 206 146 29 162 173 231 110 66 241 143 15 114 134 22 166 64 11 53 92 164 5 198 85 17 33 83 251 80 120 94 203 10 179 167 0 40 180 139 205 224 123 211 255 215 38 150 91 77 12 44 100 189 20 201 176 160 145 253 27 28 254 207 124 118 188 50 45 35 223 171 140 117 247 208 197 106 165 88 135 43 96 78 154 126 156 19 98 101 4 59 93 69 81 196 221 248 200 55 190 236 170 8 36 220 187 82 125 18 79 127 84 14 6 242 239 235 57 56 175 240 21
157 227 70 153 164 42 37 238 252 149 211 171 175 182 225 172 99 64 62 92 233 141 173 10 36 185 248 193 112 207 142 38 159 187 216 41 68 226 119 222 53 27 143 54 243 125 249 189 140 118 214 170 145 213 210 84 194 229 73 67 17 2 199 127 43 174 197 161 116 217 108 20 26 180 235 234 136 40 167 81 49 32 72 204 24 152 90 129 186 206 135 74 168 93 137 86 110 221 144 123 66 79 45 16 65 183 18 133 13 14 98 8 220 11 69 231 55 46 80 244 25 232 201 132 94 102 156 241 33 97 77 184 166 191 128 237 195 165 224 75 7 22 158 59 240 138 105 150 200 203 21 58 151 56 48 115 87 178 100 177 9 5 219 196 19 162 103 242 218 251 44 146 35 147 6 23 239 101 111 215 85 255 61 113 106 246 91 179 253 29 95 117 34 15 176 63 82 30 71 131 51 89 154 230 122 1 83 188 88 130 60 228 96 209 198 134 121 109 4 124 205 126 223 39 247 114 104 28 12 120 250 236 254 50 139 208 181 190 202 3 212 76 78 148 169 52 57 245 163 107 160 31 0 47 192 155
25 173 230 79 116 11 196 103 3 141 69 92 171 167 214 22 127 7 28 39 61 177 190 102 197 1 255 198 238 14 47 98 247 76 154 43 235 111 140 4 36 136 217 130 210 158 121 245 73 49 0 50 75 248 125 163 216 137 225 145 46 15 152 124 249 58 170 93 10 117 67 35 5 221 24 26 223 129 218 206 91 70 60 40 161 57 250 204 209 131 109 182 45 146 240 56 162 126 23 222 27 8 166 172 233 88 156 108 132 107 157 211 115 80 95 187 55 241 42 155 89 134 220 6 128 224 138 253 237 199 193 185 84 82 65 195 12 192 200 228 87 234 44 183 227 201 21 215 164 38 29 72 246 99 52 18 64 83 186 96 151 16 32 101 191 13 239 147 189 178 34 68 142 208 205 219 135 37 165 9 94 81 85 20 202 169 59 71 30 123 153 77 243 175 160 41 242 78 231 213 168 203 251 144 226 184 194 66 118 180 106 133 90 207 143 252 139 112 105 181 110 236 254 2 104 113 120 159 176 62 149 54 188 148 63 19 86 229 174 244 122 31 17 53 150 97 48 74 51 100 33 179 119 114 212 232
71 182 204 95 39 183 61 104 163 12 175 116 103 177 192 172 54 134 153 126 32 180 15 245 128 238 25 247 84 145 129 62 59 224 254 83 127 215 169 221 124 249 230 226 253 158 27 159 108 194 20 77 143 146 160 21 242 115 5 74 236 46 93 200 186 8 167 0 171 16 198 216 113 70 9 106 41 155 31 69 212 202 203 141 88 11 184 239 111 246 90 67 75 98 232 78 30 80 251 211 131 105 199 206 22 42 240 152 189 151 45 166 195 109 220 63 94 79 3 125 149 138 68 85 148 244 144 89 50 176 36 96 209 191 170 139 81 72 252 86 250 228 102 13 218 154 2 233 201 52 44 231 241 19 229 6 118 64 142 147 193 114 10 55 66 117 123 87 4 190 112 179 43 227 48 205 100 65 35 99 120 225 23 162 49 217 173 107 243 29 38 26 82 1 119 121 7 92 40 56 51 14 137 207 255 91 208 73 24 178 161 101 135 174 28 130 58 133 18 210 37 110 197 237 235 188 181 140 248 76 34 33 214 17 164 136 185 156 150 222 234 132 168 196 97 165 219 57 187 213 53 223 47 60 122 157
114 223 95 58 87 33 19 171 29 26 62 68 17 35 49 127 161 188 107 172 185 105 190 102 236 12 157 42 53 126 98 170 109 3 160 212 166 9 130 167 47 37 233 18 155 14 222 41 86 201 15 70 91 202 248 151 143 237 108 63 78 120 142 186 163 189 13 203 66 64 205 30 92 158 5 48 216 117 150 24 31 89 72 136 81 243 69 229 125 51 44 210 162 0 164 214 50 59 135 241 83 4 99 156 94 113 57 52 180 149 250 84 43 198 134 74 251 112 116 255 67 245 221 246 204 184 144 131 178 54 217 227 71 27 173 154 101 34 176 133 61 110 253 118 80 141 153 20 240 121 25 73 23 123 231 39 224 254 183 174 36 148 119 242 77 249 76 65 2 85 60 28 207 195 179 232 228 194 199 88 193 209 10 238 22 152 175 8 211 106 239 137 140 122 208 46 7 168 100 192 230 181 1 111 96 128 11 191 90 32 103 187 165 132 200 93 225 219 247 79 138 139 82 252 226 234 104 213 147 182 206 124 55 115 218 40 159 129 146 38 220 16 235 145 215 56 97 6 177 197 196 45 169 21 75 244
13 71 224 35 228 174 242 86 44 84 245 235 150 139 92 64 114 4 101 142 11 20 108 31 210 89 147 223 15 179 164 99 251 1 50 128 154 227 137 247 160 135 42 24 221 177 176 124 76 166 136 205 144 22 51 118 96 56 7 198 120 130 74 146 95 196 217 109 145 193 162 233 199 207 232 61 103 123 110 37 68 25 19 0 83 153 5 38 175 252 41 63 43 82 138 236 229 69 85 113 30 73 36 151 143 8 62 204 77 190 39 125 122 157 88 213 208 47 21 133 249 59 167 34 116 18 107 3 212 111 102 140 126 141 200 112 241 65 220 237 225 231 161 46 187 163 218 158 181 148 67 81 173 29 104 253 72 230 254 105 70 66 184 55 53 219 91 23 183 201 246 248 255 156 129 209 180 191 57 12 188 239 80 14 216 132 159 211 75 214 155 117 222 172 202 206 32 182 10 194 171 54 115 79 215 106 250 58 189 168 16 48 9 94 27 28 203 121 49 149 152 78 165 45 26 195 178 238 17 131 90 192 60 240 185 197 234 127 244 119 87 100 243 97 40 93 186 170 6 169 226 33 52 98 2 134
92 60 148 192 152 230 87 28 14 204 236 37 126 212 138 113 97 82 190 219 220 191 144 61 55 125 242 237 227 160 108 77 54 184 145 134 43 102 25 72 235 33 15 91 63 93 211 35 38 196 251 30 6 18 133 158 185 137 247 127 173 107 200 228 157 124 19 62 210 16 64 21 206 198 179 176 172 249 248 112 177 213 48 52 66 123 69 229 171 193 180 90 187 34 226 94 243 75 129 233 216 239 121 45 255 155 215 223 130 175 86 199 153 174 41 224 241 23 56 182 189 147 98 162 84 254 120 122 217 53 164 109 115 222 141 156 118 201 167 32 100 73 246 195 186 36 181 205 24 65 44 49 240 11 42 5 146 252 183 151 78 149 8 132 170 7 70 79 208 4 136 12 159 40 238 154 234 46 26 111 89 250 194 39 74 13 95 88 106 27 128 231 244 105 2 96 169 139 9 58 68 166 67 119 10 85 50 131 81 150 114 253 165 163 59 218 143 83 221 99 110 168 47 3 178 80 207 51 71 214 103 1 203 245 29 101 197 135 22 209 225 20 188 17 57 31 140 202 116 104 0 232 117 76 142 161
252 128 129 67 14 192 110 165 37 172 16 248 1 24 158 4 211 6 177 137 57 31 125 132 203 223 166 78 115 77 226 92 121 35 146 244 20 5 184 51 75 64 249 11 74 170 70 15 231 102 217 22 135 117 96 65 7 253 178 12 176 154 28 194 144 80 183 159 127 233 225 157 167 200 155 187 44 245 68 73 119 40 191 236 247 43 49 13 185 116 38 105 224 153 229 131 26 246 216 25 46 151 204 88 230 143 99 33 169 210 219 207 8 182 45 47 188 18 221 237 232 195 63 133 181 17 134 254 205 104 87 27 61 100 209 56 239 59 199 136 218 36 123 163 161 114 107 66 174 2 215 214 140 198 90 62 111 82 76 148 160 58 94 122 23 91 145 238 113 139 234 149 228 241 48 83 108 130 21 220 109 242 30 89 193 101 42 29 103 118 98 235 60 79 52 213 106 196 171 54 164 206 173 10 71 55 243 240 150 180 9 53 141 95 147 50 175 156 152 179 84 208 85 34 120 201 3 69 72 86 202 168 41 186 255 162 227 19 126 112 189 93 0 97 197 124 142 39 251 190 32 222 81 212 250 138
240 5 200 122 238 242 126 193 116 92 117 75 55 15 2 49 180 88 98 197 153 44 25 227 160 47 4 187 236 124 244 206 12 24 146 111 247 151 199 149 249 102 165 95 125 54 45 162 19 245 113 203 120 202 191 128 211 186 154 78 66 50 103 99 65 70 214 64 80 136 109 148 23 46 134 82 232 110 8 11 248 79 172 133 39 226 63 101 52 127 237 222 254 137 62 216 158 229 58 36 3 71 219 96 90 118 205 9 10 208 123 97 105 230 84 18 53 77 250 181 241 89 166 30 255 17 164 91 142 106 16 86 182 223 132 48 68 67 171 40 147 201 115 94 221 184 213 159 145 42 155 152 188 194 143 161 175 253 32 59 233 43 56 231 61 228 107 138 28 168 179 252 224 41 235 129 31 83 37 135 1 38 173 163 104 144 26 140 93 167 212 72 141 196 217 73 119 22 14 108 234 189 204 246 13 57 34 60 139 74 192 190 76 156 218 29 131 174 87 243 21 150 157 215 198 7 207 114 195 100 251 177 170 81 33 0 35 85 176 185 6 112 209 130 225 27 220 239 183 178 51 20 121 210 169 69
156 127 236 194 164 223 74 6 21 157 58 239 137 104 149 199 202 20 57 150 55 47 114 86 177 99 176 8 4 218 195 18 161 102 241 217 250 43 145 34 146 5 22 238 100 110 214 84 254 60 112 105 245 90 178 252 28 94 116 33 14 175 62 81 29 70 130 50 88 153 229 121 255 82 187 87 129 59 227 95 208 197 133 120 108 3 123 204 125 222 38 246 113 103 27 11 119 249 235 253 49 138 207 180 189 201 2 211 75 77 147 168 51 56 244 162 106 159 30 0 46 191 154 226 69 152 163 41 36 237 251 148 210 170 174 181 224 171 98 63 61 91 232 140 172 9 35 184 247 192 111 206 141 37 158 186 215 40 67 225 118 221 52 26 142 53 242 124 248 188 139 117 213 169 144 212 209 83 193 228 72 66 16 1 198 126 42 173 196 160 115 216 107 19 25 179 234 233 135 39 166 80 48 31 71 203 23 151 89 128 185 205 134 73 167 92 136 85 109 220 143 122 65 78 44 15 64 182 17 132 12 13 97 7 219 10 68 230 54 45 79 243 24 231 200 131 93 101 155 240 32 96 76 183 165 190
188 213 156 71 45 53 178 32 221 1 25 198 129 189 37 114 233 203 220 112 39 90 54 219 34 130 171 80 251 16 15 119 243 95 149 63 42 169 132 161 107 93 245 103 100 136 142 91 109 123 201 235 7 181 246 4 179 9 176 55 86 231 116 127 200 172 244 183 77 234 31 240 83 204 241 121 111 52 92 229 88 41 115 160 20 89 144 165 21 67 225 217 56 182 137 152 194 216 5 237 8 87 22 140 138 24 104 166 232 79 122 35 191 224 98 105 163 146 210 155 62 143 48 199 125 118 29 236 0 238 33 124 133 209 60 157 78 173 230 168 187 131 126 254 223 69 158 117 17 208 148 70 186 190 74 141 64 40 65 23 3 218 205 252 128 36 46 145 101 247 228 175 108 250 207 135 184 72 192 154 215 227 94 59 195 99 147 97 197 50 113 43 73 2 248 110 222 193 61 151 68 150 139 76 159 134 102 26 14 253 51 47 13 18 162 12 28 84 57 96 226 249 82 30 180 58 211 214 196 27 120 81 242 174 11 49 255 75 185 170 202 85 10 164 106 177 6 239 206 19 167 44 38 66 153 212
192 30 237 92 227 18 207 45 73 2 224 119 162 55 116 164 121 51 43 24 21 17 94 93 212 22 58 148 152 166 223 169 74 16 38 25 190 32 134 71 194 88 175 229 78 61 84 221 145 100 255 60 68 230 20 186 44 253 19 141 69 86 123 156 27 34 247 198 7 184 99 220 222 62 153 9 209 215 67 241 1 218 46 12 132 200 173 91 40 31 136 26 50 124 165 144 149 85 111 142 105 246 97 28 251 178 249 108 232 15 107 170 179 53 104 236 112 4 140 83 254 79 146 126 211 189 95 39 139 174 113 195 188 206 127 228 76 89 205 102 196 14 239 109 158 168 11 167 219 110 185 150 231 181 250 214 98 10 8 159 63 243 183 66 199 210 13 147 103 23 180 52 151 171 59 203 101 48 90 129 201 42 235 122 54 70 120 33 117 157 131 240 47 216 204 0 77 217 176 242 6 160 248 37 252 75 187 128 114 49 81 137 226 57 238 213 197 182 35 64 65 36 244 161 155 225 87 82 72 5 208 177 154 29 245 234 143 202 125 172 80 133 115 191 163 193 56 135 138 41 96 130 106 118 233 3
118 62 207 231 50 91 70 75 11 37 68 31 172 23 209 177 104 175 34 158 196 33 96 105 234 30 162 38 185 66 9 180 5 72 52 137 115 21 220 65 100 39 121 114 132 53 154 2 15 131 28 122 195 165 35 84 94 192 93 145 36 111 76 157 107 176 140 24 191 189 85 244 169 109 247 125 136 194 73 29 204 106 233 77 97 240 129 27 229 16 55 127 223 161 48 235 251 46 214 43 83 57 166 228 142 130 0 3 143 102 168 187 86 174 218 178 1 113 54 40 230 7 63 152 238 164 139 123 108 216 245 246 217 170 87 81 151 13 8 253 186 134 103 80 210 171 160 69 128 51 98 6 59 41 117 89 119 237 61 64 222 22 56 32 44 159 184 211 163 18 153 199 133 226 254 183 150 45 88 236 42 90 47 232 224 205 202 198 20 19 138 203 239 74 78 92 149 95 255 197 219 206 116 213 60 252 120 14 101 155 4 242 10 147 71 26 181 241 249 156 201 112 225 179 200 67 250 12 49 82 208 215 173 124 188 110 25 146 148 243 79 190 135 141 248 167 182 144 227 193 58 126 99 17 221 212
66 113 238 32 42 140 41 93 239 59 24 105 55 124 88 227 139 137 33 192 117 57 195 73 84 142 21 232 152 54 181 25 45 188 77 230 177 219 3 75 171 109 251 183 199 249 162 246 31 5 114 176 90 78 0 206 91 50 116 135 34 122 166 126 204 61 2 243 178 210 11 100 186 112 87 71 56 164 193 194 165 118 35 29 99 216 211 201 134 82 51 28 158 119 108 17 76 254 46 209 7 244 65 37 67 185 9 12 170 225 4 235 247 107 132 159 111 221 101 147 81 174 202 131 98 248 36 184 245 38 250 180 172 153 150 146 223 222 86 151 187 22 26 40 97 43 203 145 167 154 64 161 8 200 68 217 49 103 207 190 213 95 19 229 129 189 197 104 149 60 173 127 148 15 198 215 252 30 156 163 121 72 136 58 228 94 96 191 27 138 83 89 196 115 130 92 175 141 6 74 47 220 169 160 10 155 179 253 39 18 23 214 240 16 234 120 226 157 125 52 123 237 106 144 236 44 53 182 233 110 241 133 14 212 128 208 20 255 85 63 224 168 13 48 242 69 62 80 1 102 205 218 79 231 70 143
231 85 51 171 239 212 130 79 70 175 65 89 163 204 183 188 124 150 181 144 30 136 67 35 217 33 147 16 54 146 209 218 92 143 20 151 43 179 122 38 118 185 165 250 228 134 78 178 213 152 234 227 245 166 12 115 128 244 141 235 53 23 148 197 207 50 206 3 149 224 189 15 220 34 253 137 49 47 198 102 27 222 105 238 249 52 186 142 62 219 91 190 210 98 242 140 87 129 168 240 81 19 161 93 109 159 72 156 196 170 24 86 255 243 0 116 1 215 26 45 199 32 76 36 114 226 167 153 88 120 176 10 96 22 252 236 221 74 103 104 75 28 200 194 9 126 121 111 44 247 216 193 68 29 18 182 241 164 211 119 172 154 230 202 232 95 174 177 80 135 169 145 157 17 42 69 21 131 11 57 246 84 112 41 8 158 201 94 155 203 160 90 82 63 60 56 133 132 251 61 97 187 191 205 7 208 113 55 77 64 229 71 173 110 233 127 214 13 117 100 123 5 184 139 39 99 107 14 59 225 83 37 58 180 108 125 162 195 66 73 31 237 46 223 138 4 6 101 192 48 248 254 106 25 40 2
200 224 233 245 46 255 119 121 191 212 95 100 33 206 150 203 74 0 90 235 198 15 113 196 207 85 80 26 40 192 254 214 218 225 13 215 142 107 105 135 21 184 216 53 79 228 36 236 155 250 185 81 202 230 4 84 111 14 162 10 96 70 186 97 31 168 37 232 183 161 2 213 188 1 253 127 237 17 116 110 60 45 242 170 86 217 240 204 159 5 151 63 69 223 23 22 179 83 210 124 92 75 115 247 67 195 133 172 229 249 178 117 211 136 180 129 153 9 187 166 109 122 88 59 108 226 61 176 56 57 141 51 8 54 112 19 98 89 123 32 68 20 244 175 137 145 199 29 76 140 120 227 209 234 171 25 238 208 12 118 50 65 201 102 28 181 148 193 243 246 64 101 194 99 91 158 130 221 143 220 52 48 7 239 62 205 146 30 6 39 87 189 78 190 49 66 27 144 154 3 128 43 104 156 149 34 134 222 41 72 138 160 77 58 219 106 125 73 114 174 94 132 197 18 165 44 126 231 131 173 103 16 139 252 241 177 164 152 47 167 248 169 11 82 35 157 147 71 55 163 38 24 42 93 182 251
120 33 116 127 5 255 201 215 112 174 134 138 145 188 135 62 27 25 55 196 104 136 228 254 148 211 156 75 170 105 1 122 150 179 4 31 189 82 185 16 245 106 17 206 88 212 152 103 81 177 133 108 176 173 47 157 192 36 30 235 220 162 90 6 137 160 124 79 180 71 238 244 143 198 197 99 3 130 44 12 250 35 167 242 115 53 92 149 169 98 37 131 56 100 49 73 184 107 86 29 42 8 234 28 146 236 96 231 232 61 226 183 229 32 194 18 9 43 207 243 195 164 95 57 65 119 204 251 60 40 147 129 154 91 200 158 128 187 38 225 240 121 22 203 101 68 113 163 166 239 21 114 19 11 78 50 141 63 140 227 223 182 159 237 125 66 205 181 214 7 109 253 110 224 241 202 64 74 178 48 218 24 76 69 209 54 142 216 247 58 80 252 233 139 26 45 248 34 94 14 52 117 193 85 219 46 151 51 93 23 191 59 172 161 97 84 72 222 87 168 89 186 2 210 77 67 246 230 83 213 199 217 13 102 171 144 153 165 221 175 39 41 111 132 15 20 208 126 70 123 249 0 10 155 118 190
159 200 59 12 86 131 246 60 115 136 247 38 196 188 27 153 108 123 165 187 231 208 234 58 248 111 109 250 75 137 203 50 93 6 162 195 69 76 134 117 181 126 33 114 19 170 96 89 255 207 0 209 4 95 104 180 31 128 49 144 201 139 158 102 97 225 194 40 129 88 243 179 119 41 157 161 45 112 35 11 36 249 229 189 176 223 99 7 17 116 72 218 199 146 79 221 178 106 155 43 163 125 186 198 65 30 166 70 118 68 168 21 84 14 44 228 219 81 193 164 32 122 39 121 110 47 130 105 73 252 240 224 22 18 239 244 133 238 254 55 28 67 197 220 53 1 151 29 182 185 167 253 91 52 213 145 237 20 226 46 156 141 173 56 236 135 77 148 232 210 177 245 138 15 9 37 124 183 184 127 42 16 24 149 3 192 227 251 169 100 160 8 85 204 174 191 83 10 61 25 190 5 101 142 51 222 242 241 90 214 66 120 34 13 140 103 132 78 64 216 74 71 107 113 62 80 94 172 206 233 152 217 230 150 235 147 26 57 202 87 98 171 143 215 154 48 205 2 211 54 175 212 92 82 23 63
37 75 45 104 210 142 157 38 194 120 18 240 30 80 83 156 193 31 191 183 250 222 58 235 57 144 140 99 76 154 42 238 122 98 131 179 26 170 27 141 158 119 236 246 95 220 135 196 248 241 126 226 59 133 164 230 252 169 150 56 198 217 165 206 11 186 224 34 110 2 136 218 68 223 10 195 108 231 89 78 14 1 244 139 4 85 6 103 174 127 249 239 163 147 255 130 116 134 185 19 88 61 70 82 138 92 211 213 28 49 187 192 125 43 242 40 166 0 182 72 35 107 205 33 44 177 172 118 132 29 91 51 55 62 105 52 234 199 197 227 113 21 53 145 171 65 128 73 247 87 22 173 39 67 96 176 203 106 254 102 188 162 23 189 123 5 129 69 20 253 94 50 25 93 90 219 74 109 208 202 152 137 79 7 178 54 77 41 251 97 243 155 161 60 115 114 16 175 47 216 184 167 207 84 159 32 225 9 66 86 15 209 48 228 17 221 245 101 24 3 201 214 180 151 200 63 153 13 148 149 233 143 100 146 204 111 190 181 215 124 160 112 81 12 229 237 36 121 168 232 212 64 46 71 8 117
180 181 123 29 118 106 246 225 215 195 61 212 150 104 109 31 9 82 200 46 140 211 62 26 178 122 182 163 66 72 133 243 56 8 32 7 57 111 15 235 250 87 210 141 197 55 244 34 120 161 28 124 38 153 137 99 93 85 239 237 220 95 167 92 100 128 242 134 199 83 127 101 176 115 64 193 184 227 146 254 207 173 219 238 86 251 51 171 187 1 91 168 139 47 89 78 189 223 42 108 105 119 35 192 65 164 249 236 240 175 102 69 214 226 185 23 53 232 143 75 60 196 142 233 131 113 68 103 151 44 126 84 94 221 18 80 6 33 245 107 43 152 39 12 5 81 10 136 154 157 4 13 20 59 76 217 49 209 88 48 218 174 241 129 74 144 22 186 172 208 50 252 203 229 206 255 188 79 19 14 112 132 73 130 234 16 166 96 3 158 41 224 247 71 67 114 177 27 162 183 194 216 77 90 2 97 156 155 98 138 169 202 253 147 231 54 198 135 11 40 159 191 36 117 30 110 58 21 145 228 204 0 205 230 148 25 63 116 37 125 45 201 170 52 24 149 213 70 248 165 17 222 190 160 121 179
144 51 49 79 220 128 160 252 23 172 235 180 99 194 129 25 146 174 203 28 55 213 106 209 40 14 130 41 230 112 236 176 127 105 201 157 132 200 197 71 181 216 60 54 4 244 186 114 30 161 184 148 103 204 95 7 13 167 222 221 123 27 154 68 36 19 59 191 11 139 77 116 173 193 122 61 155 80 124 73 97 208 131 110 53 66 32 3 52 170 5 120 255 1 85 250 207 253 56 218 42 33 67 231 12 219 188 119 81 89 143 228 20 84 64 171 153 178 115 224 182 152 211 62 249 9 145 46 227 125 92 137 187 190 8 45 138 43 35 102 74 165 87 164 251 247 206 183 6 149 90 229 205 238 31 133 22 134 248 10 226 88 98 202 72 242 48 100 93 233 78 166 240 16 82 104 21 2 163 50 69 17 58 118 38 76 141 217 109 243 70 175 75 117 47 215 83 196 185 121 108 96 246 111 192 113 210 26 234 101 91 15 254 107 237 223 241 37 126 195 168 177 189 245 199 63 65 135 156 39 44 232 150 94 147 18 0 34 179 142 214 57 140 151 29 24 225 239 136 198 158 162 169 212 159 86
254 22 186 77 251 76 72 233 219 137 98 9 180 178 30 146 185 129 227 169 157 46 70 121 193 249 51 187 40 226 231 28 218 48 206 232 101 171 221 10 47 190 223 234 65 183 136 207 89 63 211 241 201 220 125 163 109 176 217 142 92 113 78 162 96 25 147 115 236 230 50 110 23 111 32 195 44 105 100 62 54 108 173 166 175 73 245 152 11 143 149 177 154 86 87 122 5 74 204 43 2 229 128 191 0 199 144 253 34 83 252 130 69 194 167 174 250 26 6 8 139 33 134 225 80 79 94 37 246 7 53 66 13 172 17 104 24 119 67 255 14 156 196 82 161 235 159 202 189 247 75 42 238 45 15 118 107 155 133 248 27 153 90 145 35 212 209 184 49 20 239 197 135 19 1 106 29 102 58 61 138 38 165 116 68 4 216 200 64 84 150 60 124 93 240 141 151 243 85 132 222 244 91 103 31 120 237 81 215 198 56 208 12 57 242 182 55 97 52 158 181 210 36 203 71 88 170 188 164 21 114 95 99 126 41 192 224 214 140 131 16 112 39 18 3 160 213 179 59 127 205 168 117 228 123 148
51 26 9 73 18 180 6 166 62 243 236 147 99 0 101 151 242 251 72 178 20 196 36 93 31 50 249 244 117 86 187 21 235 135 71 11 188 49 53 192 4 182 158 183 141 121 81 68 115 246 154 164 8 219 110 91 38 226 113 70 253 47 190 55 17 78 90 212 177 58 217 10 215 60 168 231 161 191 120 111 228 85 56 179 14 186 13 2 194 22 252 220 144 132 116 169 165 131 136 25 130 146 202 175 214 89 112 200 148 43 176 74 77 59 145 238 199 105 37 129 167 118 193 48 33 65 203 128 27 224 40 124 102 69 137 30 162 156 184 16 75 76 19 189 163 171 41 150 84 119 143 61 247 52 155 232 96 66 83 230 157 208 172 82 152 248 34 198 114 134 133 237 106 213 12 181 160 32 250 24 225 211 108 221 218 254 5 209 227 241 64 98 125 44 109 122 42 127 39 173 204 94 234 245 63 35 107 46 195 97 149 103 201 67 104 239 229 170 210 92 206 159 233 23 138 207 7 28 139 185 88 80 174 45 255 15 57 79 123 100 126 205 140 3 1 142 222 29 95 197 240 153 54 87 216 223
183 233 28 119 128 204 55 152 73 168 225 163 182 126 121 249 218 64 153 112 12 203 143 65 181 185 69 136 59 35 60 18 253 213 200 247 123 31 41 140 96 242 223 170 103 245 202 130 179 67 187 149 210 222 89 54 190 94 142 92 192 45 108 38 68 252 243 105 217 188 56 146 63 145 134 71 154 129 97 21 9 248 46 42 8 13 157 7 23 79 52 91 221 244 77 25 175 53 206 209 191 22 115 76 237 169 6 44 250 70 180 165 197 80 5 159 101 172 1 234 201 14 162 39 33 61 148 207 208 151 66 40 48 173 27 216 251 20 193 124 184 32 109 228 198 215 107 34 85 49 214 29 125 166 75 246 11 10 114 238 90 144 58 37 164 127 156 102 88 240 98 95 131 137 86 104 118 196 230 2 176 241 254 174 4 171 50 81 226 111 122 195 167 239 178 72 229 26 235 78 199 236 116 106 47 87 224 83 36 110 155 15 84 139 160 16 62 220 212 51 177 132 147 189 211 255 232 3 82 17 135 133 19 99 161 227 74 117 30 186 219 93 100 158 141 205 150 57 138 43 194 120 113 24 231 0
46 52 118 121 135 251 217 90 235 49 211 21 68 175 161 238 142 0 146 246 173 191 88 45 239 81 16 130 6 44 187 177 178 116 63 241 159 214 86 221 65 42 50 73 207 53 5 55 226 186 106 80 174 181 252 17 215 127 164 126 20 141 170 84 195 38 69 54 233 100 124 113 43 60 123 219 119 64 25 151 11 71 184 166 145 114 56 47 227 61 225 203 77 243 193 129 232 208 176 27 19 206 216 249 204 236 93 39 117 122 168 89 240 30 41 92 98 62 234 165 87 154 18 202 23 180 75 40 10 74 95 200 253 137 24 192 148 82 218 4 13 1 57 231 94 96 237 67 15 31 26 244 112 182 230 66 183 48 254 153 136 76 110 149 3 105 33 108 248 185 12 85 172 212 210 163 156 115 223 51 9 8 189 247 139 111 160 131 125 197 209 107 143 171 72 140 194 32 162 188 28 198 22 35 97 132 157 179 70 14 158 36 79 138 242 150 91 78 152 167 147 29 109 128 101 7 155 245 220 103 213 255 222 59 120 104 37 34 199 229 58 102 190 144 196 99 224 205 201 228 133 2 134 83 169 250
107 177 20 103 114 247 242 188 202 99 161 121 125 132 175 122 49 14 12 42 183 91 123 215 241 135 198 143 62 157 92 243 109 137 166 246 18 176 69 172 3 232 93 4 193 75 199 139 90 68 164 120 95 163 160 34 144 179 23 17 222 207 149 77 248 124 147 111 66 167 58 225 231 130 185 184 86 245 117 31 254 237 22 154 229 102 40 79 136 156 85 24 118 43 87 36 60 171 94 73 16 29 250 221 15 133 223 83 218 219 48 213 170 216 19 181 5 251 30 194 230 182 151 82 44 52 106 191 238 47 27 134 116 141 78 187 145 115 174 25 212 227 108 9 190 88 55 100 150 153 226 8 101 6 253 65 37 128 50 127 214 210 169 146 224 112 53 192 168 201 249 96 240 97 211 228 189 51 61 165 35 205 11 63 56 196 41 129 203 234 45 67 239 220 126 13 32 235 21 81 1 39 104 180 72 206 33 138 38 80 10 178 46 159 148 84 71 59 209 74 155 76 173 244 197 64 54 233 217 70 200 186 204 255 89 158 131 140 152 208 162 26 28 98 119 2 7 195 113 57 110 236 0 252 142 105
106 10 62 55 195 40 128 202 233 44 66 238 219 125 12 31 234 20 80 255 38 103 179 71 205 32 137 37 79 9 177 45 158 147 83 70 58 208 73 154 75 172 243 196 63 53 232 216 69 199 185 203 254 88 157 130 139 151 207 161 25 27 97 118 1 6 194 112 56 109 235 0 251 141 104 176 19 102 113 246 241 187 201 98 160 120 124 131 174 121 48 13 11 41 182 90 122 214 240 134 197 142 61 156 91 242 108 136 165 245 17 175 68 171 2 231 92 3 192 74 198 138 89 67 163 119 94 162 159 33 143 178 22 16 221 206 148 76 247 123 146 110 65 166 57 224 230 129 184 183 85 244 116 30 253 236 21 153 228 101 39 78 135 155 84 23 117 42 86 35 59 170 93 72 15 28 249 220 14 132 222 82 217 218 47 212 169 215 18 180 4 250 29 193 229 181 150 81 43 51 105 190 237 46 26 133 115 140 77 186 144 114 173 24 211 226 107 8 189 87 54 99 149 152 225 7 100 5 252 64 36 127 49 126 213 209 168 145 223 111 52 191 167 200 248 95 239 96 210 227 188 50 60 164 34 204
137 176 48 254 206 142 99 83 202 222 33 198 7 231 123 24 34 126 223 15 105 127 229 241 169 3 120 219 98 81 194 91 150 195 125 65 193 235 190 41 64 93 174 86 209 226 53 71 47 159 252 233 237 9 179 75 107 97 23 14 154 250 177 156 141 43 96 62 197 10 88 51 255 111 6 31 160 69 215 134 214 210 116 102 20 236 147 63 61 168 29 68 12 110 52 40 184 208 4 76 132 189 70 178 109 114 166 101 186 89 115 239 54 104 148 185 73 106 117 203 66 19 90 227 201 94 124 84 103 8 46 247 59 100 25 230 251 216 45 234 163 30 253 119 113 188 248 161 249 170 78 182 243 238 200 192 246 56 49 58 211 128 35 149 26 32 60 37 224 225 5 143 212 87 181 140 112 11 74 0 82 27 136 172 221 135 13 207 77 50 57 133 164 144 146 22 171 17 108 218 217 232 175 129 145 191 204 151 55 155 242 162 2 205 138 152 39 79 220 44 118 42 85 72 130 213 180 121 183 153 1 245 38 16 131 165 36 228 28 173 95 92 67 187 158 122 80 18 157 139 244 167 240 196 199 21
159 107 113 62 80 94 172 206 233 152 217 230 150 235 147 26 57 202 87 98 171 143 215 154 48 205 2 211 54 175 212 92 82 23 63 200 59 12 86 131 246 60 115 136 247 38 196 188 27 153 108 123 165 187 231 208 234 58 248 111 109 250 75 137 203 50 93 6 162 195 69 76 134 117 181 126 33 114 19 170 96 89 255 207 0 209 4 95 104 180 31 128 49 144 201 139 158 102 97 225 194 40 129 88 243 179 119 41 157 161 45 112 35 11 36 249 229 189 176 223 99 7 17 116 72 218 199 146 79 221 178 106 155 43 163 125 186 198 65 30 166 70 118 68 168 21 84 14 44 228 219 81 193 164 32 122 39 121 110 47 130 105 73 252 240 224 22 18 239 244 133 238 254 55 28 67 197 220 53 1 151 29 182 185 167 253 91 52 213 145 237 20 226 46 156 141 173 56 236 135 77 148 232 210 177 245 138 15 9 37 124 183 184 127 42 16 24 149 3 192 227 251 169 100 160 8 85 204 174 191 83 10 61 25 190 5 101 142 51 222 242 241 90 214 66 120 34 13 140 103 132 78 64 216 74 71
230 98 106 13 58 224 82 36 57 179 107 124 161 194 65 72 30 236 45 222 137 3 5 100 191 47 247 253 105 24 39 1 84 50 170 238 211 129 78 69 174 64 88 162 203 182 187 123 149 180 143 29 135 66 34 216 32 146 15 53 145 208 217 91 142 19 150 42 178 121 37 117 184 164 249 227 133 77 177 212 151 233 226 244 165 11 114 127 243 140 234 52 22 147 196 206 49 205 2 148 223 188 14 219 33 252 136 48 46 197 101 26 221 104 237 248 51 185 141 61 218 90 189 209 97 241 139 86 128 167 239 80 18 160 92 108 158 71 155 195 169 23 85 254 242 0 115 255 214 25 44 198 31 75 35 113 225 166 152 87 119 175 9 95 21 251 235 220 73 102 103 74 27 199 193 8 125 120 110 43 246 215 192 67 28 17 181 240 163 210 118 171 153 229 201 231 94 173 176 79 134 168 144 156 16 41 68 20 130 10 56 245 83 111 40 7 157 200 93 154 202 159 89 81 62 59 55 132 131 250 60 96 186 190 204 6 207 112 54 76 63 228 70 172 109 232 126 213 12 116 99 122 4 183 138 38
116 76 229 22 244 90 48 189 215 147 89 187 168 93 68 83 85 253 73 242 79 195 9 167 149 217 35 107 11 204 66 245 6 114 29 123 251 211 170 134 184 58 21 192 132 250 207 71 101 118 175 27 78 12 102 202 208 99 173 104 169 153 32 231 158 2 156 75 67 240 194 95 126 8 31 238 49 145 94 127 96 69 103 25 4 24 232 227 57 179 28 14 39 239 160 53 115 247 36 125 87 154 183 221 117 199 64 159 235 110 7 46 59 223 178 233 62 177 3 249 220 198 70 44 20 65 50 212 54 248 135 41 30 10 113 81 42 47 19 55 157 80 218 164 182 206 63 226 209 213 98 140 161 171 37 128 16 122 119 0 151 186 112 1 197 108 130 141 131 23 51 100 224 144 152 166 252 146 255 185 181 241 13 84 148 77 129 172 43 188 26 216 86 133 120 176 234 139 193 254 40 246 163 111 88 165 33 52 45 180 82 38 230 142 92 228 222 225 190 5 203 191 91 61 200 56 143 150 196 124 34 236 18 97 109 162 17 15 74 137 136 219 155 121 201 210 105 106 237 60 174 214 72 205 138 243
199 55 97 136 208 49 242 129 61 77 127 40 124 164 138 247 54 223 211 0 84 224 183 249 13 167 255 44 4 82 194 135 121 56 88 144 233 64 245 220 204 189 42 71 72 43 251 168 162 232 94 89 79 12 215 184 161 36 252 241 150 209 132 179 87 140 122 198 170 200 63 142 145 48 103 137 113 125 240 10 37 244 99 234 25 214 52 80 9 231 126 169 62 123 171 128 58 50 31 28 24 101 100 219 29 65 155 159 173 230 176 81 23 45 32 197 39 141 78 201 95 182 236 85 68 91 228 152 107 7 67 75 237 27 193 51 5 26 148 76 93 130 163 34 41 254 205 14 191 106 227 229 69 160 16 216 222 74 248 8 225 53 19 139 207 180 98 47 38 143 33 57 131 172 151 156 92 118 149 112 253 104 35 3 185 1 115 239 22 114 177 186 60 111 243 119 11 147 90 6 86 153 133 218 196 102 46 146 181 120 202 195 213 134 235 83 96 212 109 203 21 246 116 165 175 18 174 226 117 192 157 238 188 2 221 105 17 15 166 70 250 190 73 206 217 20 154 110 30 187 59 158 178 66 210 108
93 140 215 88 26 65 122 142 71 10 104 29 73 22 46 157 80 59 2 15 236 207 1 119 209 69 204 205 34 199 156 202 5 167 246 237 16 180 216 168 137 68 30 38 92 177 224 33 13 120 102 127 64 173 131 101 160 11 198 213 94 250 176 74 41 86 136 139 212 249 87 247 239 51 23 114 36 113 200 196 155 132 210 98 39 178 154 187 235 82 226 83 197 214 175 37 47 151 21 191 252 49 42 182 27 115 189 220 31 53 225 206 112 254 18 221 7 67 242 25 90 166 58 192 19 124 24 66 251 164 32 145 134 70 57 45 195 60 141 62 159 230 183 50 40 219 203 56 186 172 190 241 75 144 117 126 138 194 148 12 14 84 105 243 248 181 99 43 96 222 0 238 128 91 163 6 89 100 233 228 174 188 85 147 107 111 118 161 108 35 255 253 28 169 77 109 201 227 121 184 129 48 143 78 229 95 123 152 232 4 162 55 158 244 218 79 245 179 61 185 125 76 54 150 106 81 149 146 20 130 165 9 3 208 193 135 63 234 110 133 97 52 153 44 211 217 116 171 170 72 231 103 17 240 223 8
79 229 234 167 85 29 82 208 0 224 114 77 149 247 75 86 219 214 160 174 71 133 93 97 104 147 94 21 241 239 14 155 63 95 187 213 107 170 115 34 129 64 215 81 109 138 218 245 148 41 144 230 204 65 231 165 47 171 111 62 40 136 92 67 135 132 6 116 151 250 244 194 179 121 49 220 96 119 83 38 139 30 197 203 102 157 156 58 217 89 3 226 209 249 126 201 74 12 51 108 128 57 251 90 15 59 8 32 143 66 45 243 1 222 193 242 105 195 55 190 191 20 185 142 188 246 153 232 223 2 166 202 154 123 54 16 24 78 163 210 19 254 106 88 113 50 159 117 87 146 252 184 199 80 236 162 60 27 72 122 125 198 235 73 233 225 37 9 100 22 99 186 182 141 118 196 84 25 164 140 173 221 68 212 69 183 200 161 23 33 137 7 177 238 35 28 168 13 101 175 206 17 39 211 192 98 240 4 207 248 53 228 11 76 152 44 178 5 110 10 52 237 150 18 131 120 56 43 31 181 46 127 48 145 216 169 36 26 205 189 42 172 158 176 227 61 130 103 112 124 180 134 253 255 70 91
26 76 95 249 82 126 86 164 21 217 203 138 170 226 60 146 72 47 31 16 124 153 154 125 78 250 244 59 176 171 161 94 42 11 243 118 79 68 232 36 214 6 169 222 204 25 252 27 145 224 227 130 185 219 195 207 67 92 119 71 181 61 107 41 134 162 91 58 208 251 144 205 253 210 140 132 113 110 106 183 182 46 111 147 237 241 255 57 3 163 105 127 114 24 121 223 160 28 177 9 63 167 150 173 55 234 189 89 149 157 64 109 20 133 87 108 230 158 175 212 245 116 123 81 32 96 18 188 54 56 151 242 98 43 49 156 75 90 52 135 101 221 34 7 180 129 120 225 115 139 213 254 233 238 174 200 231 194 80 186 117 85 12 83 197 66 104 196 4 13 142 193 70 201 93 229 172 88 168 235 215 45 23 184 128 228 8 202 29 22 40 216 62 165 178 39 191 30 103 73 198 247 2 100 1 53 199 19 239 65 15 84 48 187 99 97 248 152 77 17 155 33 44 102 236 192 112 14 141 240 5 148 37 190 137 179 218 35 131 69 211 143 159 209 122 206 246 220 74 136 50 38 0 166 51 10
185 135 98 239 90 21 244 171 242 101 225 8 100 163 172 46 97 229 105 252 133 76 247 72 139 119 204 182 88 32 132 167 106 188 181 199 120 221 69 82 198 95 189 7 232 102 151 161 4 160 212 103 178 143 224 174 243 207 91 3 1 152 56 236 176 59 192 203 6 140 96 16 173 45 144 164 52 196 94 41 83 122 194 35 228 115 47 63 113 26 110 150 124 233 40 209 197 0 70 210 169 235 254 153 241 30 245 68 180 121 107 42 74 130 219 50 231 206 190 175 28 57 58 29 237 154 148 218 80 75 65 253 201 170 147 22 238 227 136 195 118 165 73 126 108 184 156 186 49 128 131 34 89 123 99 111 226 251 23 230 85 220 11 200 38 66 250 217 112 155 48 109 157 114 44 36 17 14 10 87 86 205 15 51 141 145 159 216 162 67 9 31 18 183 25 127 64 187 81 168 222 71 54 77 214 138 93 248 53 61 223 13 179 37 246 12 134 62 79 116 149 20 27 240 191 255 177 92 213 215 55 146 2 202 208 60 234 249 211 39 5 125 193 166 84 33 24 129 19 43 117 158 137 142 78 104
118 232 198 203 92 197 213 14 242 26 156 179 12 215 110 243 141 144 126 212 50 11 172 104 196 234 185 5 115 100 132 15 195 94 36 107 191 169 136 204 97 229 223 251 83 142 143 86 1 230 238 108 217 151 186 210 128 59 119 222 44 163 133 150 42 224 20 239 149 219 60 101 10 181 201 200 49 173 25 79 248 227 99 62 91 37 23 175 33 30 66 72 21 39 53 131 165 192 111 176 189 109 194 106 240 16 161 46 57 130 102 174 113 7 164 216 170 13 134 171 51 41 237 22 159 18 226 45 90 205 19 74 95 206 252 155 147 241 112 67 82 124 146 190 167 193 17 207 70 68 209 34 96 162 9 52 220 121 154 28 35 93 76 140 85 247 73 233 129 55 48 214 166 0 168 218 54 63 139 245 87 8 103 160 98 117 61 56 184 153 254 88 47 202 138 78 255 116 120 4 71 249 225 250 208 188 148 135 182 58 221 231 75 31 177 158 105 38 180 137 65 114 2 122 84 145 157 24 244 125 29 77 27 127 235 43 228 3 187 178 40 152 123 246 81 253 80 69 6 89 64 32 211 199 183 236
199 192 15 20 66 242 138 183 194 245 251 215 132 63 240 52 171 100 176 78 228 193 163 227 248 98 151 35 177 90 46 235 116 157 166 154 210 129 247 249 135 220 168 184 179 142 10 80 128 219 81 201 152 51 34 229 8 47 156 3 186 6 146 83 165 238 70 110 108 61 54 13 121 204 162 161 87 145 37 9 58 29 23 95 107 5 41 69 225 38 92 185 60 86 181 96 175 188 250 30 55 77 223 167 56 189 232 36 140 48 244 231 50 65 45 182 7 26 254 160 53 143 118 1 111 153 120 212 18 2 190 187 97 127 211 255 88 42 94 252 122 103 99 126 31 155 32 236 67 148 205 16 19 33 149 115 243 133 202 109 174 221 73 59 136 40 0 44 144 71 89 241 198 137 234 169 28 159 197 85 75 76 14 216 139 57 112 239 119 218 195 203 226 105 206 158 208 124 84 4 233 72 79 150 170 113 25 62 24 173 39 68 237 93 191 222 207 131 253 22 11 196 213 21 117 17 217 178 49 164 224 82 64 43 12 209 200 125 214 123 101 230 141 91 27 130 106 74 180 172 104 114 147 102 134 246
103 119 88 65 195 156 145 54 113 36 83 246 44 26 102 74 104 222 46 49 207 7 41 17 29 144 169 196 148 3 138 184 118 211 239 168 135 30 73 221 27 75 32 217 209 190 187 183 5 4 123 188 224 59 63 77 134 80 240 182 204 191 101 198 45 237 105 254 86 140 244 227 250 132 56 11 166 226 234 141 186 97 210 164 185 52 235 252 34 67 193 200 158 109 173 95 10 131 133 228 64 175 120 126 233 152 167 129 212 178 43 111 84 2 206 197 47 192 216 35 76 55 60 251 22 53 16 157 8 194 162 89 160 19 143 181 18 81 90 219 15 147 23 170 51 249 165 245 57 37 122 100 6 205 50 85 24 106 99 117 38 139 242 255 116 13 107 180 150 20 69 79 177 78 130 21 96 61 142 92 161 125 9 176 174 70 229 154 94 232 110 121 179 58 14 189 91 218 62 82 225 114 12 214 1 40 112 208 146 33 220 236 31 199 28 68 42 151 213 127 115 0 243 128 87 153 172 71 159 203 163 241 98 39 25 215 247 48 137 223 149 124 108 93 201 230 231 202 155 72 66 136 253 248 238 171
141 53 95 62 154 215 199 132 129 39 69 153 197 30 239 36 194 64 45 41 68 228 97 229 178 9 90 147 213 216 230 91 57 185 75 144 51 116 163 15 1 78 237 0 241 86 13 31 183 140 79 176 111 225 101 139 27 17 18 211 158 81 254 54 181 61 160 137 145 168 47 148 100 150 66 26 201 175 14 21 92 112 55 222 4 221 115 236 10 179 35 133 164 149 73 195 219 208 138 155 218 59 214 159 120 246 106 166 24 6 240 209 151 142 67 156 65 43 172 83 33 224 72 48 16 122 114 46 56 89 44 76 188 134 212 217 8 184 80 125 136 187 193 157 74 5 182 249 113 42 118 20 170 135 105 169 190 40 93 232 119 32 243 177 58 99 108 96 152 71 189 191 77 162 110 126 121 84 207 22 70 161 23 143 94 248 231 171 205 244 98 200 128 203 88 25 107 180 12 52 50 3 251 210 63 146 104 103 29 87 234 206 255 226 220 37 49 202 238 11 167 235 34 127 2 28 123 38 117 130 192 227 252 19 165 109 253 131 174 233 82 245 186 173 247 7 242 124 204 223 196 102 250 85 60 198
128 112 197 184 188 123 50 17 162 174 133 226 1 180 91 23 8 144 90 181 79 61 16 51 99 247 74 32 42 169 221 28 209 236 193 55 246 100 242 215 208 29 213 84 102 105 207 216 223 7 24 165 252 157 36 251 166 122 189 77 22 92 225 134 120 156 253 200 151 177 154 203 136 27 222 217 60 80 21 78 182 219 114 44 206 106 244 172 195 19 15 62 125 230 110 131 142 164 25 38 205 45 104 103 46 86 117 150 201 95 179 2 146 83 214 243 107 139 239 65 233 58 6 224 93 176 152 0 153 178 96 228 11 64 240 73 248 149 118 255 227 97 161 18 196 113 220 170 138 108 69 127 129 71 232 66 54 194 173 163 143 9 160 98 52 57 234 212 30 148 249 88 159 10 229 126 70 130 111 14 20 81 191 4 211 235 210 5 59 218 183 198 35 158 89 145 3 192 237 68 109 231 72 241 101 85 47 41 33 187 185 168 43 115 40 48 76 190 82 147 31 75 49 124 63 12 141 132 175 94 202 155 121 167 186 34 199 254 119 135 204 39 116 87 250 37 26 137 171 245 56 53 67 238 140 13
38 124 6 130 70 21 254 95 51 26 94 91 220 75 110 209 203 153 138 80 8 179 55 78 42 252 98 244 156 162 61 116 115 17 176 48 217 185 168 208 85 160 33 226 10 67 87 16 210 49 229 18 222 246 102 25 4 202 215 181 152 201 64 154 14 149 150 234 144 101 147 205 112 191 182 216 125 161 113 82 13 230 238 37 122 169 233 213 65 47 72 9 118 76 46 105 211 143 158 39 195 121 19 241 31 81 84 157 194 32 192 184 251 223 59 236 58 145 141 100 77 155 43 239 123 99 132 180 27 171 28 142 159 120 237 247 96 221 136 197 249 242 127 227 60 134 165 231 253 170 151 57 199 218 166 207 12 187 225 35 111 3 137 219 69 224 11 196 109 232 90 79 15 2 245 140 5 86 7 104 175 128 250 240 164 148 1 131 117 135 186 20 89 62 71 83 139 93 212 214 29 50 188 193 126 44 243 41 167 0 183 73 36 108 206 34 45 178 173 119 133 30 92 52 56 63 106 53 235 200 198 228 114 22 54 146 172 66 129 74 248 88 23 174 40 68 97 177 204 107 255 103 189 163 24 190
248 141 230 44 17 26 38 94 48 167 169 239 5 143 148 81 254 198 251 122 0 138 28 246 63 161 244 255 133 128 74 88 240 47 7 11 18 61 8 190 155 153 183 69 232 9 101 127 21 84 29 203 43 233 129 250 23 52 132 159 62 210 58 144 118 234 145 79 216 85 25 231 209 50 6 236 49 46 175 30 65 164 158 108 93 35 218 134 10 33 252 207 53 199 111 117 16 71 70 227 131 3 172 140 123 163 40 115 243 181 220 22 42 226 165 4 184 228 177 201 57 235 214 157 170 136 107 156 19 109 224 104 105 189 99 56 102 160 67 146 137 171 80 116 68 37 223 185 193 247 77 124 188 168 20 2 27 219 73 31 1 60 166 98 113 249 150 76 229 196 241 36 39 112 149 242 147 139 206 178 14 191 13 100 96 55 32 110 253 194 78 54 87 135 237 126 238 97 114 75 192 202 51 176 91 152 204 197 82 182 15 89 120 186 208 125 106 12 154 173 121 162 222 142 180 245 66 213 92 174 24 179 221 151 64 187 45 34 225 212 200 95 215 41 217 59 130 83 205 195 119 103 211 86 72 90
179 106 89 149 183 42 1 103 226 151 96 108 145 38 155 30 253 11 154 8 206 4 97 81 172 80 137 199 218 9 168 45 237 135 201 139 85 153 252 210 250 156 146 61 50 3 230 25 170 12 53 177 186 19 197 121 255 58 134 181 90 75 10 162 167 216 39 65 138 48 158 71 46 208 190 132 88 87 35 242 77 47 116 55 188 217 29 7 222 173 109 31 41 240 57 6 107 128 20 56 104 73 144 110 118 143 227 14 34 21 203 234 191 185 0 249 64 171 204 86 163 207 229 209 248 49 147 140 235 251 24 196 239 202 62 54 174 228 115 243 101 205 36 33 68 254 124 119 213 187 44 160 225 78 200 27 184 18 169 123 22 13 51 37 52 111 23 152 231 131 148 136 142 72 212 98 74 129 69 92 59 233 247 84 195 15 164 238 141 165 16 236 232 95 221 219 130 2 189 94 112 157 159 166 67 40 120 91 102 223 178 99 150 246 180 127 43 70 122 241 125 66 28 133 83 113 117 198 93 176 105 82 220 26 245 126 17 161 224 100 79 182 214 175 5 193 194 114 32 215 60 63 244 76 211 192
124 141 164 128 83 184 75 242 248 147 202 201 103 7 134 48 16 254 39 171 246 119 57 96 153 173 102 41 135 60 104 53 77 188 111 90 33 46 12 238 32 150 240 100 235 236 65 230 187 233 36 198 22 13 47 211 247 199 168 99 61 69 123 208 255 64 44 151 133 158 95 204 162 132 191 42 229 244 125 26 207 105 72 117 167 170 243 25 118 23 15 82 54 145 67 144 231 227 186 163 241 129 70 209 185 218 11 113 2 114 228 245 206 68 78 182 52 222 28 80 73 213 58 146 220 251 62 84 1 237 143 30 49 252 38 98 18 56 121 197 89 223 50 155 55 97 27 195 63 176 165 101 88 76 226 91 172 93 190 6 214 81 71 250 234 87 217 203 221 17 106 175 148 157 169 225 179 43 45 115 136 19 24 212 130 74 127 253 0 14 159 122 194 37 120 131 9 4 205 219 116 178 138 142 149 192 139 66 31 29 59 200 108 140 232 3 152 215 160 79 174 109 5 126 154 183 8 35 193 86 189 20 249 110 21 210 92 216 156 107 85 181 137 112 180 177 51 161 196 40 34 239 224 166 94 10
45 116 36 121 33 167 198 88 228 239 57 29 101 40 189 91 143 97 195 61 98 233 223 164 204 86 200 153 227 17 132 201 1 22 133 179 82 74 168 39 249 9 51 73 117 94 120 199 134 252 250 136 216 23 89 191 234 147 48 81 210 217 20 3 67 12 174 255 160 56 237 230 141 93 0 95 145 236 245 66 172 14 190 30 87 25 44 243 238 111 80 181 15 229 129 65 5 182 43 47 186 253 176 152 177 135 115 75 62 109 240 148 158 2 213 104 85 32 220 107 64 247 41 184 49 11 72 84 206 171 52 211 4 209 54 162 225 155 185 114 105 222 79 50 173 8 180 7 251 188 16 246 214 138 126 110 163 159 125 130 19 124 140 196 169 208 83 106 194 142 37 170 68 71 53 139 232 193 99 31 123 161 112 187 42 27 59 197 122 21 218 34 118 96 63 131 24 156 150 178 10 69 70 13 183 157 165 35 144 78 113 137 55 241 46 149 226 90 60 77 224 151 202 166 76 146 242 28 192 108 128 127 231 100 207 6 175 154 26 244 18 219 205 102 215 212 248 254 203 221 235 58 92 119 38 103
54 243 219 76 169 150 154 181 96 247 24 14 195 186 71 167 94 73 58 215 13 234 114 182 5 223 172 28 178 203 77 241 132 51 131 127 33 19 192 153 64 235 233 85 201 240 184 27 224 212 101 125 176 248 49 106 242 95 26 31 83 18 103 6 32 156 226 21 65 102 245 23 34 120 238 191 7 144 118 11 41 1 20 180 218 164 231 17 197 147 168 133 217 151 80 202 170 36 30 105 165 78 166 87 250 99 160 155 117 109 163 228 221 230 128 45 207 66 198 204 232 209 141 142 177 60 129 4 98 57 29 183 246 0 254 199 53 89 138 52 185 124 249 222 229 50 81 61 63 194 88 189 25 135 134 149 92 46 62 108 121 68 227 72 159 79 174 122 55 69 211 251 137 216 35 214 2 244 47 130 97 38 100 70 173 162 210 188 48 82 208 145 200 90 12 9 239 104 75 39 252 190 74 56 161 84 157 113 116 193 93 220 171 123 59 16 255 119 139 205 115 179 148 40 196 206 43 140 187 22 44 146 158 86 175 37 136 15 253 111 8 67 112 42 237 110 152 107 213 236 10 91 3 126 143 225
39 64 201 23 67 89 69 108 164 7 255 95 111 139 56 99 62 177 169 34 88 230 103 216 65 151 148 183 114 239 234 73 47 159 20 85 193 60 142 44 133 29 238 137 128 166 152 167 226 138 12 91 246 8 251 2 187 72 213 189 244 184 207 174 93 107 199 55 130 24 98 1 25 131 96 92 210 81 79 245 117 49 209 227 17 19 26 182 155 235 206 217 83 38 214 10 106 40 242 158 185 237 101 240 181 143 248 198 228 232 58 208 36 220 197 80 141 105 241 132 21 84 215 194 42 74 35 120 53 54 229 147 75 175 178 104 191 71 52 221 204 9 43 157 116 218 86 11 211 223 5 153 15 145 113 126 14 123 66 119 212 196 32 195 252 59 78 124 28 160 97 250 61 254 200 13 112 70 110 16 6 176 165 118 90 140 30 127 168 37 46 134 57 236 115 173 249 41 205 190 125 22 27 76 154 180 253 163 18 186 161 68 50 247 203 202 150 102 192 162 231 170 48 77 144 122 82 33 224 146 156 100 172 121 222 243 135 171 219 188 4 225 233 3 87 129 149 136 63 94 51 45 0 109 179 31
37 131 185 23 153 179 19 189 13 26 88 123 148 170 61 5 149 27 70 129 233 141 82 69 143 158 138 20 100 119 92 253 146 236 211 94 204 246 213 50 111 95 28 25 190 220 49 93 181 135 187 90 215 196 192 219 124 248 125 74 160 241 43 109 112 126 242 208 81 226 40 202 12 59 166 152 229 133 0 137 237 164 182 79 36 230 72 7 121 252 35 178 168 169 107 54 232 150 205 77 212 56 33 41 64 198 44 251 46 217 177 97 71 165 172 243 8 206 118 155 117 11 132 161 75 186 29 60 45 224 91 115 104 34 51 114 210 110 55 16 142 2 62 175 157 136 105 47 38 218 52 216 194 68 234 184 120 223 199 167 18 10 197 207 240 195 227 84 30 108 113 159 80 231 21 32 83 89 53 225 156 78 145 9 193 14 171 66 31 1 65 86 191 244 128 15 183 139 73 209 250 4 247 48 222 85 87 228 58 6 22 17 235 103 173 221 57 174 39 245 144 127 67 101 140 249 96 24 99 239 176 3 76 163 203 201 154 147 106 214 42 255 254 180 238 130 102 151 122 116 188 200 98 134 162 63
84 32 38 242 5 19 97 131 158 77 142 155 75 160 72 206 237 127 12 23 96 68 140 79 228 130 182 136 234 100 137 17 7 203 243 125 239 192 11 56 171 240 40 61 172 218 121 113 207 78 33 48 90 112 156 133 159 238 173 36 34 175 255 62 128 230 18 186 87 120 249 1 59 42 106 51 213 39 199 95 21 14 180 132 0 134 184 20 29 105 211 53 229 69 126 64 83 27 22 150 119 220 54 13 168 104 44 221 82 86 225 37 215 191 216 174 154 114 101 148 24 187 197 41 252 143 124 71 4 146 103 31 80 223 88 50 111 123 245 210 91 250 43 248 93 201 9 194 224 153 144 6 118 89 212 47 219 46 35 227 55 30 253 177 165 149 202 198 164 169 58 163 179 235 208 247 122 145 233 181 76 209 107 110 92 178 16 232 138 70 162 200 151 226 81 66 98 236 161 60 2 73 157 135 102 170 63 195 189 217 49 108 109 52 222 196 204 74 183 117 152 176 94 25 85 188 10 129 99 116 8 190 241 205 115 185 26 67 231 147 167 166 15 139 246 45 214 193 65 28 57 3 244 141 254 251
185 18 53 191 5 135 229 188 160 59 122 0 130 75 184 220 14 183 61 255 125 98 105 181 212 192 194 70 219 65 156 11 10 25 223 177 193 239 252 199 103 203 35 210 50 253 186 200 87 127 13 92 166 90 133 120 178 6 228 169 231 201 49 38 86 64 179 213 84 21 76 221 143 140 115 235 206 170 128 66 205 187 37 215 33 244 247 69 224 96 47 254 190 147 131 250 15 81 246 55 24 171 72 82 174 16 63 153 175 22 34 217 51 168 12 146 129 242 139 198 243 173 113 241 28 238 89 112 141 222 134 2 19 101 119 95 207 45 26 30 57 227 123 155 145 71 62 202 43 225 204 189 91 144 110 245 58 136 99 48 159 54 79 208 117 8 182 7 3 164 150 68 29 195 111 109 216 77 116 60 158 100 88 232 1 52 124 180 237 118 226 157 162 214 149 234 137 163 32 102 152 196 233 121 154 165 251 114 67 138 20 249 142 172 132 151 56 94 40 107 148 73 23 44 9 93 27 211 78 46 167 161 236 41 209 42 218 126 230 36 31 248 240 39 104 97 106 4 176 83 197 74 80 108 85 17
174 161 236 121 58 140 213 45 85 83 36 29 243 96 179 137 136 62 120 12 239 33 4 253 70 82 235 16 44 200 13 67 160 35 61 156 71 150 163 225 5 30 52 198 142 31 164 207 11 115 23 219 206 25 40 20 157 237 1 229 135 28 118 93 231 86 128 95 187 248 232 165 162 72 102 186 230 63 17 69 227 97 78 74 101 6 130 7 211 42 123 180 246 249 8 124 90 218 108 177 84 149 196 48 34 111 15 0 19 119 46 64 216 173 112 209 144 3 134 172 60 50 51 244 191 114 32 87 214 94 193 170 178 201 80 181 133 183 99 59 234 208 47 54 125 145 88 255 37 254 148 14 43 212 68 166 197 182 106 228 252 241 171 188 251 92 247 192 153 24 139 199 57 39 18 242 184 175 100 189 98 76 205 116 66 2 105 81 49 155 147 79 89 122 77 109 221 167 245 250 41 217 113 158 169 220 226 190 107 38 215 27 146 75 151 53 203 168 138 202 223 73 126 10 152 65 21 210 91 132 141 129 185 104 222 224 110 195 143 159 154 117 240 55 103 194 56 176 127 26 9 204 238 22 131 233
250 182 247 68 215 94 176 26 181 223 153 66 189 47 36 227 214 202 97 217 43 219 61 132 85 207 197 121 105 213 88 74 92 143 232 46 19 28 40 96 50 169 171 241 7 145 150 83 1 200 253 124 0 140 30 248 65 163 246 2 135 130 76 90 242 49 9 13 20 63 10 192 157 155 185 71 234 11 103 129 23 86 31 205 45 235 131 252 25 54 134 161 64 212 60 146 120 236 147 81 218 87 27 233 211 52 8 238 51 48 177 32 67 166 160 110 95 37 220 136 12 35 254 209 55 201 113 119 18 73 72 229 133 5 174 142 125 165 42 117 245 183 222 24 44 228 167 6 186 230 179 203 59 237 216 159 172 138 109 158 21 111 226 106 107 191 101 58 104 162 69 148 139 173 82 118 70 39 225 187 195 249 79 126 190 170 22 4 29 221 75 33 3 62 168 100 115 251 152 78 231 198 243 38 41 114 151 244 149 141 208 180 16 193 15 102 98 57 34 112 255 196 80 56 89 137 239 128 240 99 116 77 194 204 53 178 93 154 206 199 84 184 17 91 122 188 210 127 108 14 156 175 123 164 224 144
126 133 85 135 51 11 186 160 254 6 77 97 40 207 244 206 100 221 250 164 20 118 149 134 58 180 204 193 123 140 203 44 199 144 105 231 91 151 9 246 225 194 136 127 52 141 50 28 157 68 18 209 57 33 1 107 99 31 41 74 29 61 173 119 197 202 248 169 65 110 121 172 178 142 59 245 167 234 98 27 103 5 155 120 90 154 175 25 78 217 104 17 228 162 43 84 93 81 137 56 174 176 62 147 95 111 106 69 192 7 55 146 8 128 79 233 216 156 190 229 83 185 113 188 73 10 92 165 252 37 35 243 236 195 48 131 89 88 14 72 219 191 240 211 205 22 34 187 223 251 152 220 19 112 242 13 108 23 102 115 177 212 237 4 150 94 238 116 159 218 67 230 171 158 232 247 227 109 189 208 181 87 235 70 45 183 38 80 47 139 200 184 117 114 24 54 138 182 15 224 21 179 49 30 26 53 213 82 214 163 249 75 132 198 201 215 76 42 170 60 129 36 101 148 255 241 63 222 0 226 71 253 16 168 125 64 161 96 210 86 124 12 2 3 196 143 66 239 39 166 46 145 122 130 153 32
144 133 230 22 112 134 236 248 176 10 127 226 105 88 201 98 157 202 132 72 200 242 197 48 71 100 181 93 216 233 60 78 54 166 4 240 244 16 186 82 114 104 30 21 161 2 184 163 148 50 103 69 204 17 95 58 7 118 13 38 167 76 222 141 221 217 123 109 27 243 154 70 68 175 36 75 19 117 59 47 191 215 11 83 139 196 77 185 116 121 173 108 193 96 122 246 61 111 155 192 80 113 124 210 73 26 97 234 208 101 131 91 110 15 53 254 66 107 32 237 3 223 52 241 170 37 5 126 120 195 255 168 1 177 85 189 250 245 207 199 253 63 56 65 218 135 42 156 33 39 67 44 231 232 12 150 219 94 188 147 119 18 81 0 89 34 143 179 228 142 20 214 84 57 64 140 171 151 153 29 178 24 115 225 224 239 182 136 152 198 211 158 62 162 249 169 9 212 145 159 46 86 227 51 125 49 92 79 137 220 187 128 190 160 8 252 45 23 138 172 43 235 35 180 102 99 74 194 165 129 87 25 164 146 251 174 247 203 206 28 183 55 6 213 149 106 90 209 229 40 205 14 238 130 31 41
101 32 4 40 142 65 203 149 167 191 48 211 194 198 83 125 146 156 22 113 1 107 104 0 136 171 97 241 182 93 115 126 116 8 36 85 209 129 137 151 237 131 240 170 166 226 253 69 133 62 114 157 28 173 11 201 71 118 105 161 219 124 178 239 25 231 148 96 73 150 18 37 30 165 67 23 215 127 77 213 207 210 175 245 188 176 76 46 185 41 128 135 181 109 19 221 3 82 94 147 2 255 59 122 121 204 140 106 186 195 90 91 222 45 159 199 57 190 123 228 61 214 7 229 75 33 174 200 132 74 172 153 78 53 68 70 238 58 227 64 180 249 152 134 202 20 92 251 189 51 230 246 99 14 108 236 196 155 119 169 43 6 177 117 235 192 56 86 103 160 12 63 252 87 187 193 84 158 89 154 138 17 216 143 242 141 60 52 225 179 80 111 248 16 223 34 130 79 112 81 54 88 10 244 9 217 212 42 164 13 254 24 224 145 38 100 232 21 110 72 139 168 206 102 184 49 144 220 95 247 31 44 208 163 218 47 162 243 234 205 183 55 29 5 50 35 197 39 233 120 26 15 250 98 66 27
199 109 21 116 175 174 117 157 188 221 17 166 250 73 217 154 30 59 178 210 55 136 49 129 77 40 164 247 223 0 224 249 167 44 82 135 56 144 64 220 189 71 43 168 232 89 12 184 36 241 209 179 140 198 200 142 48 137 125 10 244 234 214 80 231 169 123 128 50 28 101 219 65 159 230 81 45 197 141 201 182 85 91 152 7 75 27 51 26 76 130 34 254 14 106 229 160 216 74 8 53 139 180 47 143 57 172 156 118 112 104 3 1 239 114 186 111 119 147 6 153 218 102 146 120 195 134 83 212 203 246 165 18 226 192 238 2 105 15 70 190 206 20 110 187 158 66 108 97 208 242 61 127 124 138 54 211 84 183 13 255 4 194 121 88 233 245 204 42 72 251 162 94 79 215 161 252 150 132 87 122 170 63 145 103 113 240 37 99 25 52 9 126 62 171 58 31 24 100 29 155 173 176 23 32 39 78 95 236 68 228 107 67 237 193 5 148 93 163 41 205 191 227 69 16 222 248 225 19 207 98 38 33 131 151 92 149 253 35 185 115 22 177 60 243 11 90 86 133 196 46 181 202 213 235 96
25 132 157 115 95 55 42 89 220 128 138 237 193 84 65 12 200 87 44 227 21 164 29 246 52 64 186 151 32 191 239 189 34 142 205 135 165 94 85 202 59 30 153 243 160 242 231 168 251 226 194 118 106 90 143 139 105 110 254 104 120 176 149 188 63 86 174 122 17 150 48 51 33 119 212 173 79 11 103 141 92 167 22 7 39 177 102 1 198 14 98 76 43 111 4 136 130 158 245 49 50 248 163 137 145 15 124 58 93 117 35 221 26 129 206 70 40 57 204 131 182 146 56 126 222 8 172 88 108 107 211 80 187 241 155 134 6 224 253 199 185 82 195 192 228 234 183 201 215 38 72 99 18 83 96 16 101 13 147 178 68 208 219 37 9 81 20 169 71 123 77 175 41 78 213 203 144 184 66 180 133 207 252 112 181 236 2 113 159 62 54 148 19 229 244 31 53 97 74 100 179 114 232 230 116 196 3 69 171 214 127 28 61 190 197 255 238 47 247 154 235 140 36 217 210 121 73 0 75 125 216 225 46 152 249 170 10 67 5 24 223 218 91 60 161 250 209 109 45 240 162 23 27 166 233 156
141 198 129 194 178 57 1 183 27 181 100 92 10 219 120 151 33 56 8 74 170 119 152 121 94 128 50 29 49 2 252 82 204 53 39 64 9 185 78 140 17 61 150 112 179 208 246 142 224 89 184 5 135 32 71 84 248 203 3 87 202 28 19 245 223 95 69 45 90 75 237 79 18 160 66 55 35 138 106 67 72 44 80 182 105 243 189 207 231 88 251 234 238 123 165 186 196 62 153 41 147 144 0 176 211 137 26 222 133 155 166 156 48 76 125 249 169 177 191 22 171 25 210 206 11 38 109 173 102 154 197 68 213 51 241 111 158 145 201 4 164 218 24 65 16 188 136 113 190 58 77 70 205 107 63 255 167 117 253 247 250 215 30 228 216 116 86 225 81 168 175 221 149 59 6 43 122 134 187 42 40 99 162 161 244 180 146 226 235 130 131 7 85 199 239 97 230 163 13 101 254 47 14 115 73 214 240 172 114 212 193 118 93 108 110 23 98 12 104 220 34 192 174 242 60 132 36 229 91 15 31 139 54 148 21 236 195 159 209 83 46 217 157 20 232 96 126 143 200 52 103 37 127 227 233 124
195 40 78 131 52 140 60 216 185 67 39 164 228 85 8 180 32 237 205 175 136 194 196 138 44 133 121 6 240 230 210 76 227 165 119 124 46 24 97 215 61 155 226 77 41 193 137 197 178 81 87 148 3 71 23 47 22 72 126 30 250 10 102 225 156 212 70 4 49 135 176 43 139 53 168 152 114 108 100 254 252 235 110 182 107 115 143 2 149 214 98 142 116 191 130 79 208 199 242 161 14 222 188 234 253 101 11 66 186 202 16 106 183 154 62 104 93 204 238 57 123 120 134 50 207 80 179 9 251 255 190 117 84 229 241 200 38 68 247 158 90 75 211 157 248 146 128 83 118 166 59 141 99 109 236 33 95 21 48 5 122 58 167 54 27 20 96 25 151 169 172 19 28 35 74 91 232 64 224 103 63 233 189 1 144 89 159 37 201 187 223 65 12 218 244 221 15 203 94 34 29 127 147 88 145 249 31 181 111 18 173 56 239 7 86 82 129 192 42 177 198 209 231 92 105 17 112 171 170 113 153 184 217 13 162 246 69 213 150 26 55 174 206 51 132 45 125 73 36 160 243 219 0 220 245 163
164 246 92 113 5 41 89 58 129 95 103 128 212 254 19 6 188 219 176 170 0 234 49 156 189 71 148 192 214 194 233 34 132 125 220 236 9 181 224 187 47 39 159 213 100 228 86 190 21 18 53 239 109 104 198 172 29 145 210 63 185 12 169 3 154 108 7 253 36 22 37 96 8 137 216 116 133 121 127 57 197 83 59 114 54 77 44 218 232 69 180 255 149 223 126 150 1 221 217 80 206 204 115 242 174 79 97 142 144 151 52 25 105 76 87 208 163 84 135 231 165 112 28 55 107 226 110 51 13 118 68 98 102 183 78 161 90 67 205 11 230 111 2 146 209 85 64 167 199 160 245 178 179 99 17 200 45 48 229 61 196 177 91 74 134 168 27 241 88 211 136 81 93 130 23 140 15 238 251 139 248 191 244 82 66 157 65 122 184 203 249 153 30 222 120 186 124 70 138 237 195 235 141 131 46 35 243 215 10 155 252 38 162 171 4 182 106 240 43 119 166 75 60 250 147 152 201 24 50 123 33 143 56 31 193 175 117 73 72 20 227 62 32 101 40 173 202 14 247 207 158 94 16 26 225 42
163 199 60 73 240 80 139 138 81 121 152 185 236 130 214 37 181 118 249 23 142 174 19 100 13 93 41 4 128 211 187 0 188 213 131 8 46 99 20 108 28 184 153 35 7 132 196 53 231 148 255 205 173 143 104 162 164 106 12 101 89 229 208 198 178 44 195 133 87 92 14 247 65 183 29 123 194 45 9 161 105 165 146 49 55 116 226 39 246 15 245 40 94 253 218 233 70 193 124 180 38 227 17 103 144 11 107 21 136 120 82 76 68 222 220 203 78 150 75 83 111 225 117 182 66 110 84 159 98 47 176 167 210 129 237 190 156 202 221 69 234 34 154 170 239 74 151 122 30 72 61 172 206 25 91 88 102 18 175 48 147 232 219 223 158 85 52 197 209 168 6 36 215 126 58 43 179 125 216 114 96 51 86 134 27 109 67 77 204 1 63 244 16 228 90 26 135 22 250 243 64 248 119 137 140 242 251 3 42 59 200 32 192 71 31 201 157 224 112 57 127 5 169 155 191 33 235 186 212 189 238 171 62 2 252 95 115 56 113 217 254 149 79 241 141 24 207 230 54 50 97 160 10 145 166 177
37 194 68 234 184 120 223 199 167 18 10 197 207 240 195 227 84 30 108 113 159 80 231 21 32 83 89 53 225 156 78 145 9 193 14 171 66 31 1 65 86 191 244 128 15 183 139 73 209 250 4 247 48 222 85 87 228 58 6 22 17 235 103 173 221 57 174 39 245 144 127 67 101 140 249 96 24 99 239 176 3 76 163 203 201 154 147 106 214 42 255 254 180 238 130 102 151 122 116 188 200 98 134 162 63 131 185 23 153 179 19 189 13 26 88 123 148 170 61 5 149 27 70 129 233 141 82 69 143 158 138 20 100 119 92 253 146 236 211 94 204 246 213 50 111 95 28 25 190 220 49 93 181 135 187 90 215 196 192 219 124 248 125 74 160 241 43 109 112 126 242 208 81 226 40 202 12 59 166 152 229 133 0 137 237 164 182 79 36 230 72 7 121 252 35 178 168 169 107 54 232 150 205 77 212 56 33 41 64 198 44 251 46 217 177 97 71 165 172 243 8 206 118 155 117 11 132 161 75 186 29 60 45 224 91 115 104 34 51 114 210 110 55 16 142 2 62 175 157 136 105 47 38 218 52 216
66 159 145 163 214 48 117 90 99 111 167 121 240 242 57 78 216 221 154 72 16 69 195 0 211 101 64 136 234 62 73 206 201 147 161 58 120 80 84 91 134 81 8 228 226 1 142 50 82 174 200 94 157 102 21 116 51 202 68 96 125 205 232 135 28 131 217 191 52 218 152 34 158 98 49 27 123 79 54 122 119 248 103 138 237 231 181 166 108 36 207 83 106 70 25 126 17 184 190 89 144 143 45 204 76 245 213 196 236 113 188 61 254 38 95 115 44 238 77 2 46 250 19 130 53 32 230 243 209 180 229 92 182 42 177 178 7 172 129 175 233 140 219 210 244 153 189 141 110 41 3 11 65 150 197 6 241 93 75 100 37 146 104 74 133 239 171 186 67 223 149 47 14 59 109 112 185 222 60 220 212 24 251 87 9 86 173 169 128 105 183 71 12 151 127 160 208 55 199 56 170 187 148 10 20 124 249 164 225 22 15 155 255 88 162 193 4 26 198 179 85 227 246 194 235 40 215 253 63 139 31 165 247 97 252 39 224 137 5 118 107 43 30 18 168 33 114 35 132 203 156 23 13 192 176 29
163 206 91 102 175 147 219 158 52 209 6 215 58 179 216 96 86 27 67 204 63 16 90 135 250 64 119 140 251 42 200 192 31 157 112 127 169 191 235 212 238 62 252 115 113 254 79 141 207 54 97 10 166 199 73 80 138 121 185 130 37 118 23 174 100 93 4 211 0 213 8 99 108 184 35 132 53 148 205 143 162 106 101 229 198 44 133 92 247 183 123 45 161 165 49 116 39 15 40 253 233 193 180 227 103 11 21 120 76 222 203 150 83 225 182 110 159 47 167 129 190 202 69 34 170 74 122 72 172 25 88 18 48 232 223 85 197 168 36 126 43 125 114 51 134 109 77 1 244 228 26 22 243 248 137 242 3 59 32 71 201 224 57 5 155 33 186 189 171 2 95 56 217 149 241 24 230 50 160 145 177 60 240 139 81 152 236 214 181 249 142 19 13 41 128 187 188 131 46 20 28 153 7 196 231 255 173 104 164 12 89 208 178 195 87 14 65 29 194 9 105 146 55 226 246 245 94 218 70 124 38 17 144 107 136 82 68 220 78 75 111 117 66 84 98 176 210 237 156 221 234 154 239 151 30 61
29 79 98 252 85 129 89 167 24 220 206 141 173 229 63 149 75 50 34 19 127 156 157 128 81 253 247 62 179 174 164 97 45 14 246 121 82 71 235 39 217 9 172 225 207 28 255 30 148 227 230 133 188 222 198 210 70 95 122 74 184 64 110 44 137 165 94 61 211 254 147 208 1 213 143 135 116 113 109 186 185 49 114 150 240 244 3 60 6 166 108 130 117 27 124 226 163 31 180 12 66 170 153 176 58 237 192 92 152 160 67 112 23 136 90 111 233 161 178 215 248 119 126 84 35 99 21 191 57 59 154 245 101 46 52 159 78 93 55 138 104 224 37 10 183 132 123 228 118 142 216 2 236 241 177 203 234 197 83 189 120 88 15 86 200 69 107 199 7 16 145 196 73 204 96 232 175 91 171 238 218 48 26 187 131 231 11 205 32 25 43 219 65 168 181 42 194 33 106 76 201 250 5 103 4 56 202 22 242 68 18 87 51 190 102 100 251 155 80 20 158 36 47 105 239 195 115 17 144 243 8 151 40 193 140 182 221 38 134 72 214 146 162 212 125 209 249 223 77 139 53 41 0 169 54 13
212 9 228 145 76 253 65 184 113 189 91 241 206 176 240 6 111 164 48 190 103 59 248 129 170 179 167 223 142 5 7 148 233 181 197 192 155 23 93 141 232 94 214 165 64 47 242 21 60 169 16 199 19 159 96 178 251 83 123 121 74 67 26 134 217 175 174 100 158 50 22 71 42 36 108 120 18 54 82 238 51 105 198 73 99 194 109 188 201 8 43 68 90 236 180 69 202 245 49 153 61 2 244 63 78 58 195 20 39 12 173 66 156 131 14 124 166 133 225 31 15 203 200 110 140 224 13 101 55 107 10 135 116 112 139 44 168 45 249 80 161 218 29 32 46 162 128 1 146 215 122 187 234 86 72 149 53 0 57 157 84 102 254 211 150 247 182 41 172 210 98 88 89 27 229 152 70 125 252 132 231 208 216 239 118 219 171 221 137 97 17 246 85 92 163 183 126 38 75 37 186 52 81 250 106 204 235 220 144 11 35 24 209 226 34 130 30 230 191 62 177 237 95 77 56 25 222 213 138 227 136 114 243 154 104 40 143 119 87 193 185 117 127 160 115 147 4 205 28 33 79 255 151 196 207 3
10 81 232 136 61 1 139 17 28 86 220 176 96 253 125 224 244 132 21 174 121 163 202 19 115 53 195 127 143 193 106 190 230 204 58 120 34 22 0 150 35 249 60 79 233 66 110 70 148 5 201 187 122 154 210 44 130 56 31 15 255 108 137 138 109 62 234 228 43 160 155 145 78 26 250 227 102 63 52 216 20 198 245 153 206 188 9 236 11 129 208 211 114 169 203 179 191 51 76 103 55 165 45 91 25 118 146 75 42 192 235 128 189 237 194 124 116 97 94 90 167 166 30 95 131 221 225 239 41 242 147 89 111 98 8 105 207 144 12 161 248 47 151 134 157 39 218 173 73 133 141 48 93 4 117 71 92 214 142 159 196 229 100 107 65 16 80 2 172 38 40 135 226 82 27 33 140 59 74 36 119 85 205 18 246 164 113 104 209 99 123 197 238 217 222 158 184 215 178 64 170 101 69 251 67 181 50 88 180 243 252 126 177 54 185 77 213 156 72 152 219 199 29 7 168 112 212 247 186 13 6 24 200 46 149 162 23 175 14 87 57 182 231 241 84 240 37 183 3 223 49 254 68 32 171 83
186 45 10 94 28 212 79 47 168 162 237 42 210 43 219 127 231 37 32 249 241 40 105 98 107 5 177 84 198 75 81 109 86 18 19 54 192 6 136 230 189 161 60 123 0 131 76 185 221 15 184 62 1 126 99 106 182 213 193 195 71 220 66 157 12 11 26 224 178 194 240 253 200 104 204 36 211 51 254 187 201 88 128 14 93 167 91 134 121 179 7 229 170 232 202 50 39 87 65 180 214 85 22 77 222 144 141 116 236 207 171 129 67 206 188 38 216 34 245 248 70 225 97 48 255 191 148 132 251 16 82 247 56 25 172 73 83 175 17 64 154 176 23 35 218 52 169 13 147 130 243 140 199 244 174 114 242 29 239 90 113 142 223 135 3 20 102 120 96 208 46 27 31 58 228 124 156 146 72 63 203 44 226 205 190 92 145 111 246 59 137 100 49 160 55 80 209 118 9 183 8 4 165 151 69 30 196 112 110 217 78 117 61 159 101 89 233 2 53 125 181 238 119 227 158 163 215 150 235 138 164 33 103 153 197 234 122 155 166 252 115 68 139 21 250 143 173 133 152 57 95 41 108 149 74 24
209 190 153 182 128 114 11 124 121 157 163 112 130 144 222 1 28 202 12 25 200 30 197 76 107 252 137 148 221 193 10 204 98 255 52 6 104 225 7 142 132 73 113 250 109 62 136 181 41 110 165 186 42 88 246 238 77 203 158 173 215 237 26 3 29 108 43 161 159 45 125 187 253 100 143 56 212 245 119 126 184 167 231 176 83 164 69 220 146 139 50 2 0 4 54 145 154 230 81 178 99 194 251 189 208 152 147 20 244 90 179 138 38 229 169 91 207 211 95 162 85 61 86 44 24 239 226 18 149 57 67 166 122 13 249 196 129 16 228 156 205 93 213 175 236 248 115 80 216 120 168 118 218 71 134 64 94 23 14 131 243 214 82 172 89 171 160 97 180 155 123 47 35 19 72 68 34 39 183 33 49 105 78 117 247 15 103 51 201 79 232 235 217 48 141 102 8 195 32 70 21 96 206 191 223 106 31 185 127 198 27 5 227 40 188 65 59 87 174 233 234 177 92 66 74 199 53 242 22 46 219 150 210 58 135 254 224 241 133 60 111 75 240 55 151 192 101 17 37 36 140 9 116 170 84 63
237 249 126 132 160 137 69 70 105 243 57 187 26 240 212 111 174 0 182 127 236 17 66 235 113 52 177 150 157 233 9 244 246 122 16 117 208 63 62 77 20 229 245 36 49 251 155 255 87 7 102 50 238 252 139 179 65 144 218 142 185 172 230 58 25 221 28 253 101 90 138 116 231 10 136 73 128 18 195 192 167 32 3 222 180 118 2 239 89 12 85 41 44 121 21 148 99 51 242 199 183 47 67 133 43 107 76 223 124 134 226 68 115 205 227 74 86 14 103 220 64 198 181 39 191 250 40 225 165 38 80 35 141 164 193 19 186 54 71 153 171 147 4 97 78 82 109 24 175 207 197 123 114 254 95 22 1 241 143 196 162 42 110 188 151 100 211 106 131 5 169 60 234 59 55 216 202 120 81 247 163 161 13 129 168 112 210 152 140 29 53 104 176 232 34 170 23 209 214 11 201 31 189 215 84 154 204 248 30 173 206 217 48 166 119 190 72 46 194 224 184 203 108 146 92 159 200 125 75 96 61 145 79 8 130 98 219 213 33 93 6 94 15 178 27 88 83 45 37 91 156 149 158 56 228 135
210 5 24 178 11 55 15 93 205 146 132 67 99 155 244 75 1 231 215 200 53 82 83 54 7 179 173 243 105 100 90 23 226 195 172 47 8 252 161 220 143 190 98 151 133 209 181 211 74 153 156 59 114 148 124 136 251 21 48 255 110 245 36 225 63 91 20 242 137 180 73 134 182 139 69 61 42 39 35 112 111 230 40 76 166 170 184 241 187 92 34 56 43 208 50 152 89 212 106 193 247 96 79 102 239 163 118 18 78 86 248 38 204 62 16 37 159 87 104 141 174 45 52 10 216 25 202 117 238 240 80 171 27 227 233 85 4 19 236 64 30 150 218 191 109 58 49 154 44 68 142 183 162 167 103 129 160 123 9 115 46 14 196 12 126 250 33 125 188 197 71 122 254 130 22 158 101 17 97 164 144 229 207 113 57 157 192 131 213 206 224 145 246 94 107 223 120 214 32 2 127 176 186 29 185 237 128 203 168 249 199 13 232 116 28 26 177 81 6 201 84 217 228 31 165 121 41 198 70 169 189 77 221 119 66 108 147 219 60 253 140 72 88 138 51 135 175 149 3 65 234 222 0 95 235 194
79 199 69 178 112 147 171 89 20 80 183 5 124 94 111 3 185 236 200 110 180 21 62 226 142 162 161 10 134 241 40 209 188 60 23 52 253 239 136 249 246 27 33 237 255 14 92 126 153 72 137 150 70 155 67 201 232 122 7 18 91 63 135 74 223 125 177 131 229 95 132 12 2 198 238 120 234 187 6 51 166 235 35 56 167 213 116 108 202 73 28 43 85 107 151 128 154 233 168 31 29 170 250 57 123 225 13 181 82 115 244 251 54 37 101 46 208 34 194 90 16 9 175 127 0 129 179 15 24 100 206 48 224 64 121 59 78 22 17 145 114 215 49 8 163 99 39 216 77 81 220 32 210 186 211 169 149 109 96 143 19 182 192 36 247 138 119 66 254 141 98 26 75 218 83 45 106 118 240 205 86 245 38 243 88 196 4 189 219 148 139 1 113 84 207 42 214 41 30 222 50 25 248 172 160 144 197 193 159 164 53 158 174 230 203 242 117 140 228 176 71 204 102 105 87 173 11 227 133 65 157 195 146 221 76 61 93 231 156 55 252 68 152 130 97 165 58 190 184 212 44 103 104 47 217 191
45 133 179 82 74 168 39 249 9 51 73 117 94 120 199 134 252 250 136 216 23 89 191 234 147 48 81 210 217 20 3 67 12 174 255 160 56 237 230 141 93 0 95 145 236 245 66 172 14 190 30 87 25 44 243 238 111 80 181 15 229 129 65 5 182 43 47 186 253 176 152 177 135 115 75 62 109 240 148 158 2 213 104 85 32 220 107 64 247 41 184 49 11 72 84 206 171 52 211 4 209 54 162 225 155 185 114 105 222 79 50 173 8 180 7 251 188 16 246 214 138 126 110 163 159 125 130 19 124 140 196 169 208 83 106 194 142 37 170 68 71 53 139 232 193 99 31 123 161 112 187 42 27 59 197 122 21 218 34 118 96 63 131 24 156 150 178 10 69 70 13 183 157 165 35 144 78 113 137 55 241 46 149 226 90 60 77 224 151 202 166 76 146 242 28 192 108 128 127 231 100 207 6 175 154 26 244 18 219 205 102 215 212 248 254 203 221 235 58 92 119 38 103 116 36 121 33 167 198 88 228 239 57 29 101 40 189 91 143 97 195 61 98 233 223 164 204 86 200 153 227 17 132 201 1 22
82 173 141 68 139 253 122 160 252 60 69 198 249 126 2 149 30 228 144 224 36 16 101 79 240 184 29 64 3 85 78 96 17 118 221 234 95 247 86 159 129 254 48 58 156 57 109 255 75 40 121 71 140 104 243 155 153 49 208 133 73 211 89 100 158 37 248 168 70 197 41 61 204 93 246 193 235 19 91 187 125 12 199 215 10 178 7 47 21 130 192 106 94 0 222 107 66 132 151 50 138 182 142 220 77 18 4 194 226 27 116 202 128 103 87 72 180 209 210 181 134 51 45 115 232 227 217 150 98 67 44 174 135 124 33 92 15 62 225 23 5 81 53 83 201 25 28 186 241 20 251 8 123 148 175 127 237 117 163 97 190 218 147 114 9 52 200 6 54 11 196 188 169 166 162 239 238 102 167 203 38 42 56 113 59 219 161 183 170 80 177 24 216 84 233 65 119 223 206 229 111 35 245 145 205 213 120 165 76 189 143 164 31 214 231 13 46 172 179 137 88 152 74 244 110 112 207 43 154 99 105 212 131 146 108 191 157 22 90 63 236 185 176 26 171 195 14 55 34 39 230 1 32 250 136 242
7 11 67 125 30 84 145 186 137 54 2 234 56 179 198 191 71 228 184 121 33 238 119 113 116 81 151 94 82 237 207 91 202 34 41 87 15 180 127 164 243 255 53 163 161 220 28 27 110 46 12 92 101 251 252 128 206 65 105 218 96 29 134 222 120 168 135 236 194 80 106 38 235 78 59 239 214 229 231 144 219 133 225 86 155 58 40 108 181 253 157 95 212 136 152 5 175 14 142 102 61 25 75 204 167 83 23 141 98 217 247 9 66 173 224 158 248 93 99 245 64 250 60 44 178 122 49 148 47 221 213 131 85 241 17 154 177 129 195 36 240 18 242 215 249 171 150 170 123 118 203 70 174 160 185 130 51 199 6 138 182 16 233 45 74 112 8 90 210 50 126 1 153 192 205 114 69 124 208 68 149 140 111 89 216 190 166 211 196 103 200 139 26 187 176 156 4 227 188 193 165 201 48 226 109 55 73 97 209 117 100 104 244 31 52 62 183 19 162 13 10 0 42 77 3 147 88 254 21 32 22 169 197 246 115 35 43 57 143 37 146 76 72 132 159 230 39 223 20 63 189 79 172 107 232 24
185 255 92 215 146 202 60 249 39 125 166 33 129 43 158 142 104 98 90 244 242 225 100 172 97 105 133 247 139 204 88 132 106 181 120 69 198 189 232 151 4 212 178 224 243 91 1 56 176 192 6 96 173 144 52 94 83 194 228 47 113 110 124 40 197 70 169 254 241 245 180 107 74 219 231 190 28 58 237 148 80 65 201 147 238 136 118 73 108 156 49 131 89 99 226 23 85 11 38 250 112 48 157 44 17 10 86 15 141 159 162 9 18 25 64 81 222 54 214 93 53 223 179 246 134 79 149 27 191 177 213 55 2 208 234 211 5 193 84 24 19 117 137 78 135 239 21 171 101 8 163 46 229 252 76 72 119 182 32 167 188 199 221 82 95 7 102 161 160 103 143 174 207 3 152 236 59 203 140 16 45 164 196 41 122 35 115 63 26 150 233 209 0 210 235 153 30 68 121 42 130 50 206 175 57 29 154 218 75 253 170 22 227 195 165 126 184 186 128 34 123 111 251 230 220 200 66 217 155 109 114 36 14 87 205 51 145 216 67 31 183 127 187 168 71 77 138 248 61 13 37 12 62 116 20 240
36 85 190 243 127 14 182 138 72 208 249 3 246 47 221 84 86 227 57 5 21 16 234 102 172 220 56 173 38 244 143 126 66 100 139 248 95 23 98 238 175 2 75 162 202 200 153 146 105 213 41 254 253 179 237 129 101 150 121 115 187 199 97 133 161 62 130 184 22 152 178 18 188 12 25 87 122 147 169 60 4 148 26 69 128 232 140 81 68 142 157 137 19 99 118 91 252 145 235 210 93 203 245 212 49 110 94 27 24 189 219 48 92 180 134 186 89 214 195 191 218 123 247 124 73 159 240 42 108 111 125 241 207 80 225 39 201 11 58 165 151 228 132 0 136 236 163 181 78 35 229 71 6 120 251 34 177 167 168 106 53 231 149 204 76 211 55 32 40 63 197 43 250 45 216 176 96 70 164 171 242 7 205 117 154 116 10 131 160 74 185 28 59 44 223 90 114 103 33 50 113 209 109 54 15 141 1 61 174 156 135 104 46 37 217 51 215 193 67 233 183 119 222 198 166 17 9 196 206 239 194 226 83 29 107 112 158 79 230 20 31 82 88 52 224 155 77 144 8 192 13 170 65 30 255 64
238 243 228 81 110 111 82 35 207 201 16 133 128 118 51 254 223 200 75 36 25 189 248 171 218 126 179 161 237 209 239 102 181 184 87 142 176 152 164 24 49 76 28 138 18 64 253 91 119 48 15 165 208 101 162 210 167 97 89 70 67 63 140 139 3 68 104 194 198 212 14 215 120 62 84 71 236 78 180 117 240 134 221 20 124 107 130 12 191 146 46 106 114 21 66 232 90 44 65 187 115 132 169 202 73 80 38 244 53 230 145 11 13 108 199 55 255 6 113 32 47 9 92 58 178 246 219 137 86 77 182 72 96 170 211 190 195 131 157 188 151 37 143 74 42 224 40 154 23 61 153 216 225 99 150 27 158 50 186 129 45 125 192 172 2 235 141 85 185 220 159 241 234 252 173 19 122 135 251 148 242 60 30 155 204 214 57 213 10 156 231 196 22 227 41 5 144 56 54 205 109 34 229 112 245 1 59 193 149 69 226 98 197 217 105 249 147 94 136 175 247 88 26 168 100 116 166 79 163 203 177 31 93 7 250 0 123 8 222 33 52 206 39 83 43 121 233 174 160 95 127 183 17 103 29 4
242 97 56 164 247 205 204 130 188 80 52 101 72 66 138 150 48 84 112 13 81 135 228 103 129 224 139 218 231 38 73 98 120 11 210 99 232 20 79 183 91 32 19 93 108 88 225 50 69 42 203 96 186 161 44 154 196 163 255 61 45 233 230 140 170 254 43 131 85 137 40 165 146 142 169 74 198 75 24 110 191 248 59 62 76 192 158 31 176 245 152 217 9 116 102 179 83 0 87 187 114 132 29 241 180 22 212 71 202 240 128 118 119 57 4 182 100 155 27 162 6 238 246 14 148 249 201 251 167 127 47 21 115 122 193 213 156 68 105 67 216 82 111 25 136 234 10 250 174 41 65 54 239 1 64 160 60 5 221 92 207 12 125 107 86 55 252 243 168 2 166 144 18 184 134 70 173 149 117 223 215 147 157 190 145 177 34 235 58 63 109 30 181 226 237 33 39 3 175 106 28 95 214 143 219 121 16 236 206 15 36 141 194 78 220 133 89 23 159 200 209 197 253 172 35 37 178 8 211 227 222 185 53 123 171 7 124 244 195 94 77 17 51 90 199 46 229 49 189 126 208 26 113 153 151 104
82 95 156 140 73 70 235 10 94 138 226 180 232 135 5 241 237 9 169 38 170 119 205 31 88 154 157 171 32 253 126 16 85 247 57 104 211 197 19 178 0 182 27 209 227 124 81 20 117 52 166 42 80 223 213 214 152 99 22 195 250 122 2 101 78 86 109 243 89 41 91 7 222 142 116 210 217 33 53 251 163 200 162 56 177 206 120 231 74 105 90 14 136 160 149 79 96 159 255 155 100 61 187 47 107 220 202 181 150 92 83 8 97 6 239 113 24 229 165 13 244 212 63 55 242 252 30 240 17 129 75 153 158 204 125 21 66 77 128 134 98 15 201 123 190 54 238 59 216 111 76 46 110 131 236 34 173 60 228 184 118 254 40 49 37 93 12 130 132 18 103 51 67 62 25 148 218 11 102 219 84 35 189 172 112 146 185 39 141 69 144 29 221 48 121 208 248 246 199 192 151 4 87 45 44 225 28 175 147 196 167 161 233 245 143 179 207 108 176 230 68 198 224 64 234 58 71 133 168 193 215 106 50 194 72 115 174 23 186 127 114 188 203 183 65 145 164 137 43 191 26 1 139 249 36 3
62 239 176 88 38 174 168 171 136 206 149 137 37 7 146 2 89 96 142 70 235 182 219 43 55 108 218 216 20 83 82 165 101 67 147 156 51 52 183 6 120 160 18 151 84 189 22 175 223 190 36 249 135 161 93 35 133 114 39 14 29 31 199 19 188 25 141 210 113 95 163 236 53 212 150 12 191 207 60 230 69 197 157 116 80 130 4 222 138 78 196 153 17 47 64 121 228 24 213 48 148 154 45 119 50 115 99 233 177 104 203 102 21 13 186 140 41 72 209 232 184 250 91 40 73 42 15 49 226 205 225 178 173 3 125 229 215 240 185 106 254 61 193 237 71 33 100 129 167 63 145 10 105 181 56 208 247 5 169 124 179 8 123 204 195 166 144 16 245 221 11 251 158 255 194 81 242 231 211 59 27 243 248 220 1 103 26 164 110 128 152 9 172 155 159 44 86 107 117 238 74 217 68 65 0 97 132 58 202 143 54 76 87 77 224 252 46 170 90 98 112 198 92 201 131 127 187 214 30 94 23 75 118 244 134 227 162 32 79 66 122 180 85 139 200 241 192 109 57 34 111 234 253 246 126 28
28 195 237 204 41 102 86 19 16 181 211 40 84 172 126 178 81 206 187 183 210 115 239 116 65 151 232 34 100 103 117 233 199 72 217 31 193 3 50 157 143 220 124 0 128 228 155 173 70 27 221 63 253 112 243 26 169 159 160 98 45 223 141 196 68 203 47 24 32 55 189 35 242 37 208 168 88 62 156 163 234 254 197 109 146 108 2 123 152 66 177 20 51 36 215 82 106 95 25 42 105 201 101 46 7 133 248 53 166 148 127 96 38 29 209 43 207 185 59 225 175 111 214 190 158 9 1 188 198 231 186 218 75 21 99 104 150 71 222 12 23 74 80 44 216 147 69 136 255 184 5 162 57 22 247 56 77 182 235 119 6 174 130 64 200 241 250 238 39 213 76 78 219 49 252 13 8 226 94 164 212 48 165 30 236 135 118 58 92 131 240 87 15 90 230 167 249 67 154 194 192 145 138 97 205 33 246 245 171 229 121 93 142 113 107 179 191 89 125 153 54 122 176 14 144 170 10 180 4 17 79 114 139 161 52 251 140 18 61 120 224 132 73 60 134 149 129 11 91 110 83 244 137 227 202 85
96 246 149 19 255 251 23 183 52 184 133 219 45 102 168 171 185 46 12 140 30 99 6 71 118 225 211 33 192 0 196 41 223 241 138 95 34 131 66 180 56 94 237 227 228 166 113 36 209 9 136 16 115 92 100 123 2 103 55 105 21 236 156 130 224 231 47 67 10 177 214 176 70 191 220 134 245 88 119 104 28 150 174 163 93 110 173 14 169 114 75 201 61 121 234 216 195 164 106 97 22 111 20 253 127 38 243 179 27 3 226 77 69 1 11 44 254 31 143 89 167 172 218 139 35 80 91 142 148 112 29 215 137 204 68 252 73 230 125 90 60 124 145 250 48 187 74 242 198 132 13 54 63 51 107 26 144 146 32 117 65 81 76 39 162 232 25 116 233 98 49 203 186 126 160 199 53 155 83 158 43 235 62 135 222 7 5 213 206 165 18 101 59 58 239 42 189 161 210 181 175 247 4 157 193 221 122 190 244 82 212 238 78 248 72 85 147 182 207 229 120 64 208 86 129 188 37 200 141 128 202 217 197 79 159 178 151 57 205 40 15 153 8 50 17 109 170 154 87 84 249 24 108 152 240 194
167 238 158 243 155 34 65 210 95 106 179 151 223 162 56 213 10 219 62 183 220 100 90 31 71 208 67 20 94 139 254 68 123 144 255 46 204 196 35 161 116 131 173 195 239 216 242 66 1 119 117 3 83 145 211 58 101 14 170 203 77 84 142 125 189 134 41 122 27 178 104 97 8 215 0 217 12 103 112 188 39 136 57 152 209 147 166 110 105 233 202 48 137 96 251 187 127 49 165 169 53 120 43 19 44 2 237 197 184 231 107 15 25 124 80 226 207 154 87 229 186 114 163 51 171 133 194 206 73 38 174 78 126 76 176 29 92 22 52 236 227 89 201 172 40 130 47 129 118 55 138 113 81 5 248 232 30 26 247 252 141 246 7 63 36 75 205 228 61 9 159 37 190 193 175 6 99 60 221 153 245 28 234 54 164 149 181 64 244 143 85 156 240 218 185 253 146 23 17 45 132 191 192 135 50 24 32 157 11 200 235 4 177 108 168 16 93 212 182 199 91 18 69 33 198 13 109 150 59 230 250 249 98 222 74 128 42 21 148 111 140 86 72 224 82 79 115 121 70 88 102 180 214 241 160 225
96 54 85 118 169 63 147 225 114 51 182 211 75 107 207 33 201 26 229 192 61 144 120 0 121 146 64 196 234 32 208 41 216 117 86 223 195 65 129 241 164 81 188 138 106 76 37 95 97 39 200 34 22 162 141 131 111 232 128 66 20 25 202 180 253 116 217 56 127 233 197 94 38 98 79 237 243 49 159 227 179 203 178 228 27 186 151 166 3 126 57 113 226 160 205 36 77 199 40 209 69 53 15 9 1 155 153 136 11 83 8 16 44 158 50 115 254 43 17 92 31 235 109 100 143 62 170 123 89 135 154 2 167 222 87 103 172 7 84 55 218 5 249 105 139 213 24 21 35 206 108 236 80 165 152 156 91 18 240 130 142 101 194 224 148 59 246 231 112 58 149 47 29 239 19 67 215 42 255 10 137 189 251 177 204 161 23 214 68 210 183 176 252 181 52 70 73 175 184 191 230 247 133 220 125 4 219 134 90 157 45 245 60 193 102 88 124 221 168 119 145 122 171 104 250 190 185 28 48 244 46 150 187 82 12 174 74 212 140 163 242 238 30 93 198 78 99 110 132 248 6 173 13 72 71 14
209 161 187 56 126 176 220 2 145 178 189 20 138 91 162 44 18 166 196 156 175 80 118 64 131 172 97 47 68 33 117 51 235 102 70 191 185 5 65 233 66 242 150 254 60 55 17 9 63 128 121 130 28 200 107 221 98 104 132 109 41 42 77 215 29 159 253 212 184 83 146 0 154 99 208 244 38 207 85 24 149 122 129 205 236 216 218 94 243 89 180 35 34 49 247 201 217 8 21 223 127 227 59 234 74 22 210 224 111 151 37 116 190 114 157 144 202 30 252 193 255 225 73 62 110 88 203 237 108 45 100 245 167 164 139 4 230 194 152 90 229 211 61 239 57 13 16 93 248 120 71 23 214 171 155 19 39 105 15 79 48 195 96 106 198 40 87 177 199 46 58 241 75 192 36 170 153 11 163 222 12 197 137 10 52 7 113 136 165 246 158 26 43 125 143 119 231 69 50 54 81 251 147 179 169 95 86 226 67 249 228 213 115 168 134 14 82 160 123 72 183 78 103 232 141 32 206 31 27 188 174 92 53 219 135 133 240 101 140 84 182 124 112 1 25 76 148 204 6 142 250 181 186 238 173 3
4 102 132 56 222 154 139 20 221 57 210 192 147 182 230 123 205 163 173 45 97 159 85 112 69 186 122 231 118 91 84 160 89 215 233 236 83 92 99 138 155 41 128 33 167 127 42 253 65 208 153 223 101 10 251 32 129 76 27 53 30 79 12 158 98 93 191 211 152 209 58 95 245 175 82 237 120 48 71 150 146 193 1 106 241 7 18 40 156 169 81 176 235 234 177 217 248 26 77 226 55 133 22 214 90 119 238 15 115 196 109 189 137 100 224 52 28 0 29 54 227 104 142 195 116 204 124 25 249 131 103 228 37 149 72 244 96 46 14 239 200 3 5 202 108 197 185 70 49 39 19 140 36 229 183 188 110 88 161 24 125 219 35 141 105 2 201 6 242 145 151 212 67 135 87 111 86 136 190 94 59 74 166 34 220 21 134 68 113 199 240 107 203 117 232 216 178 172 164 63 61 44 174 246 171 179 207 66 213 23 162 206 180 255 194 143 17 8 51 225 78 31 252 43 62 165 75 130 250 11 80 170 247 218 126 168 157 13 47 121 187 184 198 114 16 144 243 73 60 64 254 181 148 38 50 9
